[INFO] [launch]: All log files can be found below /home/phlinke/.ros/log/2024-10-16-16-38-21-471924-pinky-82626
[INFO] [launch]: Default logging verbosity is set to INFO
[INFO] [ccr_goal_provider-1]: process started with pid [82627]
[INFO] [ccr_fake_execution-2]: process started with pid [82629]
[INFO] [ccr_centralized_planner-3]: process started with pid [82631]
[INFO] [ros2-4]: process started with pid [82633]
[ccr_fake_execution-2] /usr/lib/python3/dist-packages/scipy/__init__.py:146: UserWarning: A NumPy version >=1.17.3 and <1.25.0 is required for this version of SciPy (detected version 1.26.4
[ccr_fake_execution-2]   warnings.warn(f"A NumPy version >={np_minversion} and <{np_maxversion}"
[ccr_centralized_planner-3] /usr/lib/python3/dist-packages/scipy/__init__.py:146: UserWarning: A NumPy version >=1.17.3 and <1.25.0 is required for this version of SciPy (detected version 1.26.4
[ccr_centralized_planner-3]   warnings.warn(f"A NumPy version >={np_minversion} and <{np_maxversion}"
[ccr_goal_provider-1] /usr/lib/python3/dist-packages/scipy/__init__.py:146: UserWarning: A NumPy version >=1.17.3 and <1.25.0 is required for this version of SciPy (detected version 1.26.4
[ccr_goal_provider-1]   warnings.warn(f"A NumPy version >={np_minversion} and <{np_maxversion}"
[ros2-4] stdin is not a terminal device. Keyboard handling disabled.[INFO] [1729089502.082038922] [rosbag2_recorder]: Press SPACE for pausing/resuming
[ros2-4] [INFO] [1729089502.094969088] [rosbag2_storage]: Opened database 'rosbag_2 robots_2024-10-16_14:38:21/rosbag_2 robots_2024-10-16_14:38:21_0.db3' for READ_WRITE.
[ros2-4] [INFO] [1729089502.095066089] [rosbag2_recorder]: Event publisher thread: Starting
[ros2-4] [INFO] [1729089502.095312531] [rosbag2_recorder]: Listening for topics...
[ccr_goal_provider-1] [INFO] [1729089504.184110638] [ccr_goal_provider]: starting node [32mccr_goal_provider[0m
[ccr_goal_provider-1] [INFO] [1729089504.185387109] [ccr_goal_provider]: loading graph from /home/phlinke/ros/driving_swarm_infrastructure/install/driving_swarm_bringup/share/driving_swarm_bringup/maps/icra2024.yaml
[ccr_goal_provider-1] [INFO] [1729089504.186173622] [ccr_goal_provider]: generating square graph with grid size 0.5 and working area (-2.25, 2.75)x(-1.75, 1.25)
[ccr_fake_execution-2] [INFO] [1729089504.189863201] [ccr_fake_execution]: starting node [32mccr_fake_execution[0m
[ccr_fake_execution-2] [INFO] [1729089504.191322785] [ccr_fake_execution]: loading graph from /home/phlinke/ros/driving_swarm_infrastructure/install/driving_swarm_bringup/share/driving_swarm_bringup/maps/icra2024.yaml
[ccr_fake_execution-2] [INFO] [1729089504.192059995] [ccr_fake_execution]: generating square graph with grid size 0.5 and working area (-2.25, 2.75)x(-1.75, 1.25)
[ccr_centralized_planner-3] [INFO] [1729089504.200969281] [ccr_centralized_planner]: starting node [32mccr_centralized_planner[0m
[ccr_centralized_planner-3] [INFO] [1729089504.202339016] [ccr_centralized_planner]: loading graph from /home/phlinke/ros/driving_swarm_infrastructure/install/driving_swarm_bringup/share/driving_swarm_bringup/maps/icra2024.yaml
[ccr_centralized_planner-3] [INFO] [1729089504.202949659] [ccr_centralized_planner]: generating square graph with grid size 0.5 and working area (-2.25, 2.75)x(-1.75, 1.25)
[ccr_goal_provider-1] [INFO] [1729089504.870101387] [ccr_goal_provider]: read waypoints from /home/phlinke/ros/driving_swarm_infrastructure/install/driving_swarm_bringup/share/driving_swarm_bringup/params/icra2024_waypoints.yaml
[ccr_fake_execution-2] [INFO] [1729089504.875703949] [ccr_fake_execution]: read poses from /home/phlinke/ros/driving_swarm_infrastructure/install/driving_swarm_bringup/share/driving_swarm_bringup/params/icra2024_poses.yaml
[ccr_goal_provider-1] [INFO] [1729089504.878180497] [ccr_goal_provider]: goals: {'robotA': [9, 1], 'robotB': [1, 9]}
[ccr_fake_execution-2] [INFO] [1729089504.878773678] [ccr_fake_execution]: robotA at position [2.5, 1.0, 0.0] = state 1
[ccr_fake_execution-2] [INFO] [1729089504.880170304] [ccr_fake_execution]: robotB at position [-0.5, -1.5, 0.0] = state 9
[ros2-4] [INFO] [1729089504.931431204] [rosbag2_recorder]: Subscribed to topic '/command'
[ros2-4] [INFO] [1729089504.933916839] [rosbag2_recorder]: Subscribed to topic '/robotA/nav/current_node'
[ros2-4] [INFO] [1729089504.935876419] [rosbag2_recorder]: Subscribed to topic '/robotA/nav/goal_completed'
[ros2-4] [INFO] [1729089504.937821983] [rosbag2_recorder]: Subscribed to topic '/robotB/nav/plan'
[ros2-4] [INFO] [1729089504.939733262] [rosbag2_recorder]: Subscribed to topic '/robotA/nav/goal_node'
[ros2-4] [INFO] [1729089504.941676040] [rosbag2_recorder]: Subscribed to topic '/robotA/nav/plan'
[ros2-4] [INFO] [1729089504.943590165] [rosbag2_recorder]: Subscribed to topic '/robotB/nav/current_node'
[ros2-4] [INFO] [1729089504.945437615] [rosbag2_recorder]: Subscribed to topic '/robotB/nav/goal_completed'
[ros2-4] [INFO] [1729089504.947527979] [rosbag2_recorder]: Subscribed to topic '/robotB/nav/goal_node'
[ccr_centralized_planner-3] [INFO] [1729089504.981966666] [ccr_centralized_planner]: Received goal 9 from robotA
[ccr_centralized_planner-3] [INFO] [1729089504.982846464] [ccr_centralized_planner]: Received goal 1 from robotB
[ccr_centralized_planner-3] [INFO] [1729089509.882999587] [ccr_centralized_planner]: Received state 1 from robotA
[ccr_centralized_planner-3] [INFO] [1729089509.883867803] [ccr_centralized_planner]: Received state 9 from robotB
[ccr_centralized_planner-3] [INFO] [1729089509.891913901] [ccr_centralized_planner]: 
[ccr_centralized_planner-3] 
[ccr_centralized_planner-3]  replaned due to new goal
[ccr_centralized_planner-3] 
[ccr_centralized_planner-3] [INFO] [1729089509.921291750] [ccr_centralized_planner]: Sent plan [1, 44, 45, 40, 27, 25, 24, 34, 29, 31, 10, 9] to robotA
[ccr_centralized_planner-3] [INFO] [1729089509.921643909] [ccr_centralized_planner]: Sent plan [9, 11, 35, 50, 51, 53, 39, 55, 56, 57, 5, 1] to robotB
[ccr_fake_execution-2] [INFO] [1729089509.921968036] [ccr_fake_execution]: got plan for robotA: [1, 44, 45, 40, 27, 25, 24, 34, 29, 31, 10, 9]
[ccr_fake_execution-2] [INFO] [1729089509.923112950] [ccr_fake_execution]: got plan for robotB: [9, 11, 35, 50, 51, 53, 39, 55, 56, 57, 5, 1]
[ccr_fake_execution-2] [INFO] [1729089510.882663697] [ccr_fake_execution]: robotB: 9 -> 11
[ccr_centralized_planner-3] [INFO] [1729089510.883634565] [ccr_centralized_planner]: Received state 1 from robotA
[ccr_centralized_planner-3] [INFO] [1729089510.884672589] [ccr_centralized_planner]: Received state 11 from robotB
[ccr_centralized_planner-3] [INFO] [1729089510.891883564] [ccr_centralized_planner]: 
[ccr_centralized_planner-3] 
[ccr_centralized_planner-3]  did not replan 
[ccr_centralized_planner-3] 
[ccr_centralized_planner-3] [INFO] [1729089510.892675597] [ccr_centralized_planner]: Sent plan [1, 44, 45, 40, 27, 25, 24, 34, 29, 31, 10, 9] to robotA
[ccr_fake_execution-2] [INFO] [1729089510.893013269] [ccr_fake_execution]: got plan for robotA: [1, 44, 45, 40, 27, 25, 24, 34, 29, 31, 10, 9]
[ccr_centralized_planner-3] [INFO] [1729089510.893420271] [ccr_centralized_planner]: Sent plan [11, 35, 50, 51, 53, 39, 55, 56, 57, 5, 1] to robotB
[ccr_fake_execution-2] [INFO] [1729089510.894241329] [ccr_fake_execution]: got plan for robotB: [11, 35, 50, 51, 53, 39, 55, 56, 57, 5, 1]
[ccr_fake_execution-2] [INFO] [1729089511.882506852] [ccr_fake_execution]: robotB: 11 -> 35
[ccr_centralized_planner-3] [INFO] [1729089511.883768775] [ccr_centralized_planner]: Received state 1 from robotA
[ccr_centralized_planner-3] [INFO] [1729089511.885194495] [ccr_centralized_planner]: Received state 35 from robotB
[ccr_centralized_planner-3] [INFO] [1729089511.891874776] [ccr_centralized_planner]: 
[ccr_centralized_planner-3] 
[ccr_centralized_planner-3]  replaned due to time difference limit : 2 
[ccr_centralized_planner-3] 
[ccr_centralized_planner-3] [INFO] [1729089511.919273227] [ccr_centralized_planner]: Sent plan [1, 44, 45, 40, 27, 25, 24, 34, 29, 31, 10, 9] to robotA
[ccr_centralized_planner-3] [INFO] [1729089511.919838395] [ccr_centralized_planner]: Sent plan [35, 50, 51, 53, 39, 55, 56, 57, 5, 1] to robotB
[ccr_fake_execution-2] [INFO] [1729089511.919862250] [ccr_fake_execution]: got plan for robotA: [1, 44, 45, 40, 27, 25, 24, 34, 29, 31, 10, 9]
[ccr_fake_execution-2] [INFO] [1729089511.921025539] [ccr_fake_execution]: got plan for robotB: [35, 50, 51, 53, 39, 55, 56, 57, 5, 1]
[ccr_centralized_planner-3] [INFO] [1729089512.882900127] [ccr_centralized_planner]: Received state 1 from robotA
[ccr_centralized_planner-3] [INFO] [1729089512.883788722] [ccr_centralized_planner]: Received state 35 from robotB
[ccr_centralized_planner-3] [INFO] [1729089512.891865898] [ccr_centralized_planner]: 
[ccr_centralized_planner-3] 
[ccr_centralized_planner-3]  did not replan 
[ccr_centralized_planner-3] 
[ccr_centralized_planner-3] [INFO] [1729089512.892546933] [ccr_centralized_planner]: Sent plan [1, 44, 45, 40, 27, 25, 24, 34, 29, 31, 10, 9] to robotA
[ccr_fake_execution-2] [INFO] [1729089512.892993259] [ccr_fake_execution]: got plan for robotA: [1, 44, 45, 40, 27, 25, 24, 34, 29, 31, 10, 9]
[ccr_centralized_planner-3] [INFO] [1729089512.893193925] [ccr_centralized_planner]: Sent plan [35, 50, 51, 53, 39, 55, 56, 57, 5, 1] to robotB
[ccr_fake_execution-2] [INFO] [1729089512.894236688] [ccr_fake_execution]: got plan for robotB: [35, 50, 51, 53, 39, 55, 56, 57, 5, 1]
[ccr_fake_execution-2] [INFO] [1729089513.882506329] [ccr_fake_execution]: robotB: 35 -> 50
[ccr_centralized_planner-3] [INFO] [1729089513.883265541] [ccr_centralized_planner]: Received state 1 from robotA
[ccr_centralized_planner-3] [INFO] [1729089513.884117616] [ccr_centralized_planner]: Received state 50 from robotB
[ccr_centralized_planner-3] [INFO] [1729089513.891745372] [ccr_centralized_planner]: 
[ccr_centralized_planner-3] 
[ccr_centralized_planner-3]  did not replan 
[ccr_centralized_planner-3] 
[ccr_centralized_planner-3] [INFO] [1729089513.892274262] [ccr_centralized_planner]: Sent plan [1, 44, 45, 40, 27, 25, 24, 34, 29, 31, 10, 9] to robotA
[ccr_fake_execution-2] [INFO] [1729089513.892463707] [ccr_fake_execution]: got plan for robotA: [1, 44, 45, 40, 27, 25, 24, 34, 29, 31, 10, 9]
[ccr_centralized_planner-3] [INFO] [1729089513.892764079] [ccr_centralized_planner]: Sent plan [50, 51, 53, 39, 55, 56, 57, 5, 1] to robotB
[ccr_fake_execution-2] [INFO] [1729089513.893321493] [ccr_fake_execution]: got plan for robotB: [50, 51, 53, 39, 55, 56, 57, 5, 1]
[ccr_fake_execution-2] [INFO] [1729089514.882636782] [ccr_fake_execution]: robotA: 1 -> 44
[ccr_fake_execution-2] [INFO] [1729089514.883139964] [ccr_fake_execution]: robotB: 50 -> 51
[ccr_centralized_planner-3] [INFO] [1729089514.883897493] [ccr_centralized_planner]: Received state 44 from robotA
[ccr_centralized_planner-3] [INFO] [1729089514.884754568] [ccr_centralized_planner]: Received state 51 from robotB
[ccr_centralized_planner-3] [INFO] [1729089514.892004636] [ccr_centralized_planner]: 
[ccr_centralized_planner-3] 
[ccr_centralized_planner-3]  did not replan 
[ccr_centralized_planner-3] 
[ccr_fake_execution-2] [INFO] [1729089514.892958122] [ccr_fake_execution]: got plan for robotA: [44, 45, 40, 27, 25, 24, 34, 29, 31, 10, 9]
[ccr_centralized_planner-3] [INFO] [1729089514.893630982] [ccr_centralized_planner]: Sent plan [44, 45, 40, 27, 25, 24, 34, 29, 31, 10, 9] to robotA
[ccr_centralized_planner-3] [INFO] [1729089514.894471896] [ccr_centralized_planner]: Sent plan [51, 53, 39, 55, 56, 57, 5, 1] to robotB
[ccr_fake_execution-2] [INFO] [1729089514.894516710] [ccr_fake_execution]: got plan for robotB: [51, 53, 39, 55, 56, 57, 5, 1]
[ccr_fake_execution-2] [INFO] [1729089515.882639807] [ccr_fake_execution]: robotB: 51 -> 53
[ccr_centralized_planner-3] [INFO] [1729089515.883554480] [ccr_centralized_planner]: Received state 44 from robotA
[ccr_centralized_planner-3] [INFO] [1729089515.884573709] [ccr_centralized_planner]: Received state 53 from robotB
[ccr_centralized_planner-3] [INFO] [1729089515.891884439] [ccr_centralized_planner]: 
[ccr_centralized_planner-3] 
[ccr_centralized_planner-3]  replaned due to time difference limit : 2 
[ccr_centralized_planner-3] 
[ccr_centralized_planner-3] [INFO] [1729089515.915651260] [ccr_centralized_planner]: Sent plan [44, 45, 40, 27, 39, 53, 51, 50, 47, 11, 9] to robotA
[ccr_centralized_planner-3] [INFO] [1729089515.916017305] [ccr_centralized_planner]: Sent plan [53, 39, 55, 56, 57, 5, 1] to robotB
[ccr_fake_execution-2] [INFO] [1729089515.916284616] [ccr_fake_execution]: got plan for robotA: [44, 45, 40, 27, 39, 53, 51, 50, 47, 11, 9]
[ccr_fake_execution-2] [INFO] [1729089515.917447694] [ccr_fake_execution]: got plan for robotB: [53, 39, 55, 56, 57, 5, 1]
[ccr_fake_execution-2] [INFO] [1729089516.882646668] [ccr_fake_execution]: robotA: 44 -> 45
[ccr_centralized_planner-3] [INFO] [1729089516.883561932] [ccr_centralized_planner]: Received state 45 from robotA
[ccr_centralized_planner-3] [INFO] [1729089516.884614594] [ccr_centralized_planner]: Received state 53 from robotB
[ccr_centralized_planner-3] [INFO] [1729089516.891897462] [ccr_centralized_planner]: 
[ccr_centralized_planner-3] 
[ccr_centralized_planner-3]  did not replan 
[ccr_centralized_planner-3] 
[ccr_centralized_planner-3] [INFO] [1729089516.892508717] [ccr_centralized_planner]: Sent plan [45, 40, 27, 39, 53, 51, 50, 47, 11, 9] to robotA
[ccr_fake_execution-2] [INFO] [1729089516.892976513] [ccr_fake_execution]: got plan for robotA: [45, 40, 27, 39, 53, 51, 50, 47, 11, 9]
[ccr_centralized_planner-3] [INFO] [1729089516.893074787] [ccr_centralized_planner]: Sent plan [53, 39, 55, 56, 57, 5, 1] to robotB
[ccr_fake_execution-2] [INFO] [1729089516.894245921] [ccr_fake_execution]: got plan for robotB: [53, 39, 55, 56, 57, 5, 1]
[ccr_fake_execution-2] [INFO] [1729089517.882638862] [ccr_fake_execution]: robotA: 45 -> 40
[ccr_fake_execution-2] [INFO] [1729089517.883154378] [ccr_fake_execution]: robotB: 53 -> 39
[ccr_centralized_planner-3] [INFO] [1729089517.883892139] [ccr_centralized_planner]: Received state 40 from robotA
[ccr_centralized_planner-3] [INFO] [1729089517.884735859] [ccr_centralized_planner]: Received state 39 from robotB
[ccr_centralized_planner-3] [INFO] [1729089517.891745678] [ccr_centralized_planner]: 
[ccr_centralized_planner-3] 
[ccr_centralized_planner-3]  did not replan 
[ccr_centralized_planner-3] 
[ccr_centralized_planner-3] [INFO] [1729089517.892250734] [ccr_centralized_planner]: Sent plan [40, 27, 39, 53, 51, 50, 47, 11, 9] to robotA
[ccr_fake_execution-2] [INFO] [1729089517.892696969] [ccr_fake_execution]: got plan for robotA: [40, 27, 39, 53, 51, 50, 47, 11, 9]
[ccr_centralized_planner-3] [INFO] [1729089517.892738006] [ccr_centralized_planner]: Sent plan [39, 55, 56, 57, 5, 1] to robotB
[ccr_fake_execution-2] [INFO] [1729089517.893736536] [ccr_fake_execution]: got plan for robotB: [39, 55, 56, 57, 5, 1]
[ccr_fake_execution-2] [INFO] [1729089518.882642197] [ccr_fake_execution]: robotA: 40 -> 27
[ccr_centralized_planner-3] [INFO] [1729089518.883430664] [ccr_centralized_planner]: Received state 27 from robotA
[ccr_centralized_planner-3] [INFO] [1729089518.884252493] [ccr_centralized_planner]: Received state 39 from robotB
[ccr_centralized_planner-3] [INFO] [1729089518.891741028] [ccr_centralized_planner]: 
[ccr_centralized_planner-3] 
[ccr_centralized_planner-3]  replaned due to time difference limit : 2 
[ccr_centralized_planner-3] 
[ccr_centralized_planner-3] [INFO] [1729089518.913785502] [ccr_centralized_planner]: Sent plan [27, 25, 24, 34, 29, 31, 10, 9] to robotA
[ccr_centralized_planner-3] [INFO] [1729089518.914133022] [ccr_centralized_planner]: Sent plan [39, 55, 56, 57, 5, 1] to robotB
[ccr_fake_execution-2] [INFO] [1729089518.914257976] [ccr_fake_execution]: got plan for robotA: [27, 25, 24, 34, 29, 31, 10, 9]
[ccr_fake_execution-2] [INFO] [1729089518.915104452] [ccr_fake_execution]: got plan for robotB: [39, 55, 56, 57, 5, 1]
[ccr_centralized_planner-3] [INFO] [1729089519.882841379] [ccr_centralized_planner]: Received state 27 from robotA
[ccr_centralized_planner-3] [INFO] [1729089519.883655784] [ccr_centralized_planner]: Received state 39 from robotB
[ccr_centralized_planner-3] [INFO] [1729089519.891850031] [ccr_centralized_planner]: 
[ccr_centralized_planner-3] 
[ccr_centralized_planner-3]  did not replan 
[ccr_centralized_planner-3] 
[ccr_centralized_planner-3] [INFO] [1729089519.892468208] [ccr_centralized_planner]: Sent plan [27, 25, 24, 34, 29, 31, 10, 9] to robotA
[ccr_fake_execution-2] [INFO] [1729089519.892705332] [ccr_fake_execution]: got plan for robotA: [27, 25, 24, 34, 29, 31, 10, 9]
[ccr_centralized_planner-3] [INFO] [1729089519.892939130] [ccr_centralized_planner]: Sent plan [39, 55, 56, 57, 5, 1] to robotB
[ccr_fake_execution-2] [INFO] [1729089519.893554042] [ccr_fake_execution]: got plan for robotB: [39, 55, 56, 57, 5, 1]
[ccr_fake_execution-2] [INFO] [1729089520.882626195] [ccr_fake_execution]: robotA: 27 -> 25
[ccr_centralized_planner-3] [INFO] [1729089520.883586935] [ccr_centralized_planner]: Received state 25 from robotA
[ccr_centralized_planner-3] [INFO] [1729089520.884200093] [ccr_centralized_planner]: Received state 39 from robotB
[ccr_centralized_planner-3] [INFO] [1729089520.891928837] [ccr_centralized_planner]: 
[ccr_centralized_planner-3] 
[ccr_centralized_planner-3]  did not replan 
[ccr_centralized_planner-3] 
[ccr_centralized_planner-3] [INFO] [1729089520.892604943] [ccr_centralized_planner]: Sent plan [25, 24, 34, 29, 31, 10, 9] to robotA
[ccr_fake_execution-2] [INFO] [1729089520.892838641] [ccr_fake_execution]: got plan for robotA: [25, 24, 34, 29, 31, 10, 9]
[ccr_centralized_planner-3] [INFO] [1729089520.893197172] [ccr_centralized_planner]: Sent plan [39, 55, 56, 57, 5, 1] to robotB
[ccr_fake_execution-2] [INFO] [1729089520.893690396] [ccr_fake_execution]: got plan for robotB: [39, 55, 56, 57, 5, 1]
[ccr_centralized_planner-3] [INFO] [1729089521.882896541] [ccr_centralized_planner]: Received state 25 from robotA
[ccr_centralized_planner-3] [INFO] [1729089521.883490713] [ccr_centralized_planner]: Received state 39 from robotB
[ccr_centralized_planner-3] [INFO] [1729089521.891924688] [ccr_centralized_planner]: 
[ccr_centralized_planner-3] 
[ccr_centralized_planner-3]  did not replan 
[ccr_centralized_planner-3] 
[ccr_centralized_planner-3] [INFO] [1729089521.892600834] [ccr_centralized_planner]: Sent plan [25, 24, 34, 29, 31, 10, 9] to robotA
[ccr_fake_execution-2] [INFO] [1729089521.892828260] [ccr_fake_execution]: got plan for robotA: [25, 24, 34, 29, 31, 10, 9]
[ccr_centralized_planner-3] [INFO] [1729089521.893225454] [ccr_centralized_planner]: Sent plan [39, 55, 56, 57, 5, 1] to robotB
[ccr_fake_execution-2] [INFO] [1729089521.893708318] [ccr_fake_execution]: got plan for robotB: [39, 55, 56, 57, 5, 1]
[ccr_fake_execution-2] [INFO] [1729089522.882613459] [ccr_fake_execution]: robotA: 25 -> 24
[ccr_fake_execution-2] [INFO] [1729089522.883108426] [ccr_fake_execution]: robotB: 39 -> 55
[ccr_centralized_planner-3] [INFO] [1729089522.884023921] [ccr_centralized_planner]: Received state 24 from robotA
[ccr_centralized_planner-3] [INFO] [1729089522.884975974] [ccr_centralized_planner]: Received state 55 from robotB
[ccr_centralized_planner-3] [INFO] [1729089522.891801296] [ccr_centralized_planner]: 
[ccr_centralized_planner-3] 
[ccr_centralized_planner-3]  did not replan 
[ccr_centralized_planner-3] 
[ccr_centralized_planner-3] [INFO] [1729089522.892330317] [ccr_centralized_planner]: Sent plan [24, 34, 29, 31, 10, 9] to robotA
[ccr_fake_execution-2] [INFO] [1729089522.892669703] [ccr_fake_execution]: got plan for robotA: [24, 34, 29, 31, 10, 9]
[ccr_centralized_planner-3] [INFO] [1729089522.892803163] [ccr_centralized_planner]: Sent plan [55, 56, 57, 5, 1] to robotB
[ccr_fake_execution-2] [INFO] [1729089522.893562625] [ccr_fake_execution]: got plan for robotB: [55, 56, 57, 5, 1]
[ccr_fake_execution-2] [INFO] [1729089523.882634267] [ccr_fake_execution]: robotA: 24 -> 34
[ccr_fake_execution-2] [INFO] [1729089523.883137108] [ccr_fake_execution]: robotB: 55 -> 56
[ccr_centralized_planner-3] [INFO] [1729089523.883911689] [ccr_centralized_planner]: Received state 34 from robotA
[ccr_centralized_planner-3] [INFO] [1729089523.884758916] [ccr_centralized_planner]: Received state 56 from robotB
[ccr_centralized_planner-3] [INFO] [1729089523.891938372] [ccr_centralized_planner]: 
[ccr_centralized_planner-3] 
[ccr_centralized_planner-3]  did not replan 
[ccr_centralized_planner-3] 
[ccr_centralized_planner-3] [INFO] [1729089523.892616712] [ccr_centralized_planner]: Sent plan [34, 29, 31, 10, 9] to robotA
[ccr_fake_execution-2] [INFO] [1729089523.892872120] [ccr_fake_execution]: got plan for robotA: [34, 29, 31, 10, 9]
[ccr_centralized_planner-3] [INFO] [1729089523.893164878] [ccr_centralized_planner]: Sent plan [56, 57, 5, 1] to robotB
[ccr_fake_execution-2] [INFO] [1729089523.893786192] [ccr_fake_execution]: got plan for robotB: [56, 57, 5, 1]
[ccr_fake_execution-2] [INFO] [1729089524.882631671] [ccr_fake_execution]: robotA: 34 -> 29
[ccr_fake_execution-2] [INFO] [1729089524.883153028] [ccr_fake_execution]: robotB: 56 -> 57
[ccr_centralized_planner-3] [INFO] [1729089524.884006496] [ccr_centralized_planner]: Received state 29 from robotA
[ccr_centralized_planner-3] [INFO] [1729089524.884984207] [ccr_centralized_planner]: Received state 57 from robotB
[ccr_centralized_planner-3] [INFO] [1729089524.891981521] [ccr_centralized_planner]: 
[ccr_centralized_planner-3] 
[ccr_centralized_planner-3]  did not replan 
[ccr_centralized_planner-3] 
[ccr_centralized_planner-3] [INFO] [1729089524.892601472] [ccr_centralized_planner]: Sent plan [29, 31, 10, 9] to robotA
[ccr_fake_execution-2] [INFO] [1729089524.893012993] [ccr_fake_execution]: got plan for robotA: [29, 31, 10, 9]
[ccr_centralized_planner-3] [INFO] [1729089524.893089536] [ccr_centralized_planner]: Sent plan [57, 5, 1] to robotB
[ccr_fake_execution-2] [INFO] [1729089524.894054273] [ccr_fake_execution]: got plan for robotB: [57, 5, 1]
[ccr_fake_execution-2] [INFO] [1729089525.882783334] [ccr_fake_execution]: robotB: 57 -> 5
[ccr_centralized_planner-3] [INFO] [1729089525.883728103] [ccr_centralized_planner]: Received state 29 from robotA
[ccr_centralized_planner-3] [INFO] [1729089525.884790463] [ccr_centralized_planner]: Received state 5 from robotB
[ccr_centralized_planner-3] [INFO] [1729089525.891745498] [ccr_centralized_planner]: 
[ccr_centralized_planner-3] 
[ccr_centralized_planner-3]  did not replan 
[ccr_centralized_planner-3] 
[ccr_centralized_planner-3] [INFO] [1729089525.892287393] [ccr_centralized_planner]: Sent plan [29, 31, 10, 9] to robotA
[ccr_fake_execution-2] [INFO] [1729089525.892647026] [ccr_fake_execution]: got plan for robotA: [29, 31, 10, 9]
[ccr_centralized_planner-3] [INFO] [1729089525.892800113] [ccr_centralized_planner]: Sent plan [5, 1] to robotB
[ccr_fake_execution-2] [INFO] [1729089525.893536011] [ccr_fake_execution]: got plan for robotB: [5, 1]
[ccr_fake_execution-2] [INFO] [1729089526.882625507] [ccr_fake_execution]: robotA: 29 -> 31
[ccr_fake_execution-2] [INFO] [1729089526.883125905] [ccr_fake_execution]: robotB: 5 -> 1
[ccr_centralized_planner-3] [INFO] [1729089526.883908861] [ccr_centralized_planner]: Received state 31 from robotA
[ccr_goal_provider-1] [INFO] [1729089526.884265288] [ccr_goal_provider]: [32mgoal completed:[0m robotB reached goal 1, going to goal 1 within state 9
[ccr_centralized_planner-3] [INFO] [1729089526.884814888] [ccr_centralized_planner]: Received state 1 from robotB
[ccr_centralized_planner-3] [INFO] [1729089526.891944801] [ccr_centralized_planner]: 
[ccr_centralized_planner-3] 
[ccr_centralized_planner-3]  did not replan 
[ccr_centralized_planner-3] 
[ccr_centralized_planner-3] [INFO] [1729089526.892716346] [ccr_centralized_planner]: Sent plan [31, 10, 9] to robotA
[ccr_fake_execution-2] [INFO] [1729089526.892815291] [ccr_fake_execution]: got plan for robotA: [31, 10, 9]
[ccr_centralized_planner-3] [INFO] [1729089526.893283388] [ccr_centralized_planner]: Sent plan [1] to robotB
[ccr_fake_execution-2] [INFO] [1729089526.893775289] [ccr_fake_execution]: got plan for robotB: [1]
[ccr_centralized_planner-3] [INFO] [1729089526.982140577] [ccr_centralized_planner]: Received goal 9 from robotB
[ccr_centralized_planner-3] [INFO] [1729089527.882882688] [ccr_centralized_planner]: Received state 31 from robotA
[ccr_centralized_planner-3] [INFO] [1729089527.883699167] [ccr_centralized_planner]: Received state 1 from robotB
[ccr_centralized_planner-3] [INFO] [1729089527.891863076] [ccr_centralized_planner]: 
[ccr_centralized_planner-3] 
[ccr_centralized_planner-3]  replaned due to new goal
[ccr_centralized_planner-3] 
[ccr_centralized_planner-3] [INFO] [1729089527.916929039] [ccr_centralized_planner]: Sent plan [31, 10, 9] to robotA
[ccr_centralized_planner-3] [INFO] [1729089527.917328487] [ccr_centralized_planner]: Sent plan [1, 44, 45, 56, 55, 39, 53, 51, 32, 35, 10, 9] to robotB
[ccr_fake_execution-2] [INFO] [1729089527.917348244] [ccr_fake_execution]: got plan for robotA: [31, 10, 9]
[ccr_fake_execution-2] [INFO] [1729089527.918202935] [ccr_fake_execution]: got plan for robotB: [1, 44, 45, 56, 55, 39, 53, 51, 32, 35, 10, 9]
[ccr_fake_execution-2] [INFO] [1729089528.882629353] [ccr_fake_execution]: robotA: 31 -> 10
[ccr_centralized_planner-3] [INFO] [1729089528.883334253] [ccr_centralized_planner]: Received state 10 from robotA
[ccr_centralized_planner-3] [INFO] [1729089528.884019917] [ccr_centralized_planner]: Received state 1 from robotB
[ccr_centralized_planner-3] [INFO] [1729089528.891817660] [ccr_centralized_planner]: 
[ccr_centralized_planner-3] 
[ccr_centralized_planner-3]  did not replan 
[ccr_centralized_planner-3] 
[ccr_centralized_planner-3] [INFO] [1729089528.892357751] [ccr_centralized_planner]: Sent plan [10, 9] to robotA
[ccr_fake_execution-2] [INFO] [1729089528.892658144] [ccr_fake_execution]: got plan for robotA: [10, 9]
[ccr_centralized_planner-3] [INFO] [1729089528.892840846] [ccr_centralized_planner]: Sent plan [1, 44, 45, 56, 55, 39, 53, 51, 32, 35, 10, 9] to robotB
[ccr_fake_execution-2] [INFO] [1729089528.893511953] [ccr_fake_execution]: got plan for robotB: [1, 44, 45, 56, 55, 39, 53, 51, 32, 35, 10, 9]
[ccr_fake_execution-2] [INFO] [1729089529.882666721] [ccr_fake_execution]: robotB: 1 -> 44
[ccr_centralized_planner-3] [INFO] [1729089529.883475746] [ccr_centralized_planner]: Received state 10 from robotA
[ccr_centralized_planner-3] [INFO] [1729089529.884374349] [ccr_centralized_planner]: Received state 44 from robotB
[ccr_centralized_planner-3] [INFO] [1729089529.891857974] [ccr_centralized_planner]: 
[ccr_centralized_planner-3] 
[ccr_centralized_planner-3]  did not replan 
[ccr_centralized_planner-3] 
[ccr_centralized_planner-3] [INFO] [1729089529.892524593] [ccr_centralized_planner]: Sent plan [10, 9] to robotA
[ccr_fake_execution-2] [INFO] [1729089529.892781774] [ccr_fake_execution]: got plan for robotA: [10, 9]
[ccr_centralized_planner-3] [INFO] [1729089529.893152218] [ccr_centralized_planner]: Sent plan [44, 45, 56, 55, 39, 53, 51, 32, 35, 10, 9] to robotB
[ccr_fake_execution-2] [INFO] [1729089529.893641134] [ccr_fake_execution]: got plan for robotB: [44, 45, 56, 55, 39, 53, 51, 32, 35, 10, 9]
[ccr_fake_execution-2] [INFO] [1729089530.882622177] [ccr_fake_execution]: robotB: 44 -> 45
[ccr_centralized_planner-3] [INFO] [1729089530.883443265] [ccr_centralized_planner]: Received state 10 from robotA
[ccr_centralized_planner-3] [INFO] [1729089530.884410466] [ccr_centralized_planner]: Received state 45 from robotB
[ccr_centralized_planner-3] [INFO] [1729089530.891769919] [ccr_centralized_planner]: 
[ccr_centralized_planner-3] 
[ccr_centralized_planner-3]  did not replan 
[ccr_centralized_planner-3] 
[ccr_centralized_planner-3] [INFO] [1729089530.892324327] [ccr_centralized_planner]: Sent plan [10, 9] to robotA
[ccr_fake_execution-2] [INFO] [1729089530.892655798] [ccr_fake_execution]: got plan for robotA: [10, 9]
[ccr_centralized_planner-3] [INFO] [1729089530.892834593] [ccr_centralized_planner]: Sent plan [45, 56, 55, 39, 53, 51, 32, 35, 10, 9] to robotB
[ccr_fake_execution-2] [INFO] [1729089530.893547297] [ccr_fake_execution]: got plan for robotB: [45, 56, 55, 39, 53, 51, 32, 35, 10, 9]
[ccr_fake_execution-2] [INFO] [1729089531.882627065] [ccr_fake_execution]: robotA: 10 -> 9
[ccr_goal_provider-1] [INFO] [1729089531.883465996] [ccr_goal_provider]: [32mgoal completed:[0m robotA reached goal 9, going to goal 1 within state 1
[ccr_centralized_planner-3] [INFO] [1729089531.883476475] [ccr_centralized_planner]: Received state 9 from robotA
[ccr_centralized_planner-3] [INFO] [1729089531.884417117] [ccr_centralized_planner]: Received state 45 from robotB
[ccr_centralized_planner-3] [INFO] [1729089531.891762063] [ccr_centralized_planner]: 
[ccr_centralized_planner-3] 
[ccr_centralized_planner-3]  did not replan 
[ccr_centralized_planner-3] 
[ccr_centralized_planner-3] [INFO] [1729089531.892324186] [ccr_centralized_planner]: Sent plan [9] to robotA
[ccr_fake_execution-2] [INFO] [1729089531.892618026] [ccr_fake_execution]: got plan for robotA: [9]
[ccr_centralized_planner-3] [INFO] [1729089531.892942914] [ccr_centralized_planner]: Sent plan [45, 56, 55, 39, 53, 51, 32, 35, 10, 9] to robotB
[ccr_fake_execution-2] [INFO] [1729089531.893481152] [ccr_fake_execution]: got plan for robotB: [45, 56, 55, 39, 53, 51, 32, 35, 10, 9]
[ccr_centralized_planner-3] [INFO] [1729089531.981869073] [ccr_centralized_planner]: Received goal 1 from robotA
[ccr_fake_execution-2] [INFO] [1729089532.882626302] [ccr_fake_execution]: robotB: 45 -> 56
[ccr_centralized_planner-3] [INFO] [1729089532.883498616] [ccr_centralized_planner]: Received state 9 from robotA
[ccr_centralized_planner-3] [INFO] [1729089532.884526030] [ccr_centralized_planner]: Received state 56 from robotB
[ccr_centralized_planner-3] [INFO] [1729089532.891771119] [ccr_centralized_planner]: 
[ccr_centralized_planner-3] 
[ccr_centralized_planner-3]  replaned due to new goal
[ccr_centralized_planner-3] 
[ccr_centralized_planner-3] [INFO] [1729089532.921215642] [ccr_centralized_planner]: Sent plan [9, 11, 35, 50, 51, 53, 39, 55, 56, 57, 5, 1] to robotA
[ccr_centralized_planner-3] [INFO] [1729089532.921564545] [ccr_centralized_planner]: Sent plan [56, 55, 39, 24, 34, 29, 31, 10, 9] to robotB
[ccr_fake_execution-2] [INFO] [1729089532.921685562] [ccr_fake_execution]: got plan for robotA: [9, 11, 35, 50, 51, 53, 39, 55, 56, 57, 5, 1]
[ccr_fake_execution-2] [INFO] [1729089532.922539992] [ccr_fake_execution]: got plan for robotB: [56, 55, 39, 24, 34, 29, 31, 10, 9]
[ccr_fake_execution-2] [INFO] [1729089533.882625039] [ccr_fake_execution]: robotA: 9 -> 11
[ccr_fake_execution-2] [INFO] [1729089533.883122410] [ccr_fake_execution]: robotB: 56 -> 55
[ccr_centralized_planner-3] [INFO] [1729089533.883897953] [ccr_centralized_planner]: Received state 11 from robotA
[ccr_centralized_planner-3] [INFO] [1729089533.884854244] [ccr_centralized_planner]: Received state 55 from robotB
[ccr_centralized_planner-3] [INFO] [1729089533.891732395] [ccr_centralized_planner]: 
[ccr_centralized_planner-3] 
[ccr_centralized_planner-3]  did not replan 
[ccr_centralized_planner-3] 
[ccr_centralized_planner-3] [INFO] [1729089533.892282505] [ccr_centralized_planner]: Sent plan [11, 35, 50, 51, 53, 39, 55, 56, 57, 5, 1] to robotA
[ccr_fake_execution-2] [INFO] [1729089533.892635877] [ccr_fake_execution]: got plan for robotA: [11, 35, 50, 51, 53, 39, 55, 56, 57, 5, 1]
[ccr_centralized_planner-3] [INFO] [1729089533.892815132] [ccr_centralized_planner]: Sent plan [55, 39, 24, 34, 29, 31, 10, 9] to robotB
[ccr_fake_execution-2] [INFO] [1729089533.893516366] [ccr_fake_execution]: got plan for robotB: [55, 39, 24, 34, 29, 31, 10, 9]
[ccr_centralized_planner-3] [INFO] [1729089534.882883211] [ccr_centralized_planner]: Received state 11 from robotA
[ccr_centralized_planner-3] [INFO] [1729089534.883780622] [ccr_centralized_planner]: Received state 55 from robotB
[ccr_centralized_planner-3] [INFO] [1729089534.891953908] [ccr_centralized_planner]: 
[ccr_centralized_planner-3] 
[ccr_centralized_planner-3]  did not replan 
[ccr_centralized_planner-3] 
[ccr_centralized_planner-3] [INFO] [1729089534.892717428] [ccr_centralized_planner]: Sent plan [11, 35, 50, 51, 53, 39, 55, 56, 57, 5, 1] to robotA
[ccr_fake_execution-2] [INFO] [1729089534.892873030] [ccr_fake_execution]: got plan for robotA: [11, 35, 50, 51, 53, 39, 55, 56, 57, 5, 1]
[ccr_centralized_planner-3] [INFO] [1729089534.893411438] [ccr_centralized_planner]: Sent plan [55, 39, 24, 34, 29, 31, 10, 9] to robotB
[ccr_fake_execution-2] [INFO] [1729089534.893723843] [ccr_fake_execution]: got plan for robotB: [55, 39, 24, 34, 29, 31, 10, 9]
[ccr_fake_execution-2] [INFO] [1729089535.882631098] [ccr_fake_execution]: robotB: 55 -> 39
[ccr_centralized_planner-3] [INFO] [1729089535.883427670] [ccr_centralized_planner]: Received state 11 from robotA
[ccr_centralized_planner-3] [INFO] [1729089535.884244119] [ccr_centralized_planner]: Received state 39 from robotB
[ccr_centralized_planner-3] [INFO] [1729089535.891853710] [ccr_centralized_planner]: 
[ccr_centralized_planner-3] 
[ccr_centralized_planner-3]  did not replan 
[ccr_centralized_planner-3] 
[ccr_centralized_planner-3] [INFO] [1729089535.892534706] [ccr_centralized_planner]: Sent plan [11, 35, 50, 51, 53, 39, 55, 56, 57, 5, 1] to robotA
[ccr_fake_execution-2] [INFO] [1729089535.892722848] [ccr_fake_execution]: got plan for robotA: [11, 35, 50, 51, 53, 39, 55, 56, 57, 5, 1]
[ccr_centralized_planner-3] [INFO] [1729089535.893131724] [ccr_centralized_planner]: Sent plan [39, 24, 34, 29, 31, 10, 9] to robotB
[ccr_fake_execution-2] [INFO] [1729089535.893604299] [ccr_fake_execution]: got plan for robotB: [39, 24, 34, 29, 31, 10, 9]
[ccr_fake_execution-2] [INFO] [1729089536.882626508] [ccr_fake_execution]: robotB: 39 -> 24
[ccr_centralized_planner-3] [INFO] [1729089536.883573632] [ccr_centralized_planner]: Received state 11 from robotA
[ccr_centralized_planner-3] [INFO] [1729089536.884252032] [ccr_centralized_planner]: Received state 24 from robotB
[ccr_centralized_planner-3] [INFO] [1729089536.891794438] [ccr_centralized_planner]: 
[ccr_centralized_planner-3] 
[ccr_centralized_planner-3]  replaned due to time difference limit : 2 
[ccr_centralized_planner-3] 
[ccr_centralized_planner-3] [INFO] [1729089536.917121059] [ccr_centralized_planner]: Sent plan [11, 35, 50, 51, 53, 39, 55, 56, 57, 5, 1] to robotA
[ccr_fake_execution-2] [INFO] [1729089536.917535916] [ccr_fake_execution]: got plan for robotA: [11, 35, 50, 51, 53, 39, 55, 56, 57, 5, 1]
[ccr_centralized_planner-3] [INFO] [1729089536.917553700] [ccr_centralized_planner]: Sent plan [24, 33, 32, 35, 10, 9] to robotB
[ccr_fake_execution-2] [INFO] [1729089536.918388233] [ccr_fake_execution]: got plan for robotB: [24, 33, 32, 35, 10, 9]
[ccr_fake_execution-2] [INFO] [1729089537.882633791] [ccr_fake_execution]: robotA: 11 -> 35
[ccr_centralized_planner-3] [INFO] [1729089537.883508990] [ccr_centralized_planner]: Received state 35 from robotA
[ccr_centralized_planner-3] [INFO] [1729089537.884589834] [ccr_centralized_planner]: Received state 24 from robotB
[ccr_centralized_planner-3] [INFO] [1729089537.891806018] [ccr_centralized_planner]: 
[ccr_centralized_planner-3] 
[ccr_centralized_planner-3]  did not replan 
[ccr_centralized_planner-3] 
[ccr_centralized_planner-3] [INFO] [1729089537.892392316] [ccr_centralized_planner]: Sent plan [35, 50, 51, 53, 39, 55, 56, 57, 5, 1] to robotA
[ccr_fake_execution-2] [INFO] [1729089537.892675046] [ccr_fake_execution]: got plan for robotA: [35, 50, 51, 53, 39, 55, 56, 57, 5, 1]
[ccr_centralized_planner-3] [INFO] [1729089537.892937267] [ccr_centralized_planner]: Sent plan [24, 33, 32, 35, 10, 9] to robotB
[ccr_fake_execution-2] [INFO] [1729089537.893547890] [ccr_fake_execution]: got plan for robotB: [24, 33, 32, 35, 10, 9]
[ccr_fake_execution-2] [INFO] [1729089538.882616878] [ccr_fake_execution]: robotA: 35 -> 50
[ccr_centralized_planner-3] [INFO] [1729089538.883603105] [ccr_centralized_planner]: Received state 50 from robotA
[ccr_centralized_planner-3] [INFO] [1729089538.884714948] [ccr_centralized_planner]: Received state 24 from robotB
[ccr_centralized_planner-3] [INFO] [1729089538.891839901] [ccr_centralized_planner]: 
[ccr_centralized_planner-3] 
[ccr_centralized_planner-3]  replaned due to time difference limit : 2 
[ccr_centralized_planner-3] 
[ccr_centralized_planner-3] [INFO] [1729089538.913713185] [ccr_centralized_planner]: Sent plan [50, 51, 53, 39, 55, 56, 57, 5, 1] to robotA
[ccr_centralized_planner-3] [INFO] [1729089538.914064823] [ccr_centralized_planner]: Sent plan [24, 33, 32, 35, 10, 9] to robotB
[ccr_fake_execution-2] [INFO] [1729089538.914165853] [ccr_fake_execution]: got plan for robotA: [50, 51, 53, 39, 55, 56, 57, 5, 1]
[ccr_fake_execution-2] [INFO] [1729089538.915040861] [ccr_fake_execution]: got plan for robotB: [24, 33, 32, 35, 10, 9]
[ccr_centralized_planner-3] [INFO] [1729089539.882872135] [ccr_centralized_planner]: Received state 50 from robotA
[ccr_centralized_planner-3] [INFO] [1729089539.883686901] [ccr_centralized_planner]: Received state 24 from robotB
[ccr_centralized_planner-3] [INFO] [1729089539.891886948] [ccr_centralized_planner]: 
[ccr_centralized_planner-3] 
[ccr_centralized_planner-3]  did not replan 
[ccr_centralized_planner-3] 
[ccr_centralized_planner-3] [INFO] [1729089539.892465251] [ccr_centralized_planner]: Sent plan [50, 51, 53, 39, 55, 56, 57, 5, 1] to robotA
[ccr_fake_execution-2] [INFO] [1729089539.892791843] [ccr_fake_execution]: got plan for robotA: [50, 51, 53, 39, 55, 56, 57, 5, 1]
[ccr_centralized_planner-3] [INFO] [1729089539.892958765] [ccr_centralized_planner]: Sent plan [24, 33, 32, 35, 10, 9] to robotB
[ccr_fake_execution-2] [INFO] [1729089539.893673544] [ccr_fake_execution]: got plan for robotB: [24, 33, 32, 35, 10, 9]
[ccr_fake_execution-2] [INFO] [1729089540.882607759] [ccr_fake_execution]: robotB: 24 -> 33
[ccr_centralized_planner-3] [INFO] [1729089540.883471236] [ccr_centralized_planner]: Received state 50 from robotA
[ccr_centralized_planner-3] [INFO] [1729089540.884398953] [ccr_centralized_planner]: Received state 33 from robotB
[ccr_centralized_planner-3] [INFO] [1729089540.891868212] [ccr_centralized_planner]: 
[ccr_centralized_planner-3] 
[ccr_centralized_planner-3]  did not replan 
[ccr_centralized_planner-3] 
[ccr_centralized_planner-3] [INFO] [1729089540.892583371] [ccr_centralized_planner]: Sent plan [50, 51, 53, 39, 55, 56, 57, 5, 1] to robotA
[ccr_fake_execution-2] [INFO] [1729089540.892735897] [ccr_fake_execution]: got plan for robotA: [50, 51, 53, 39, 55, 56, 57, 5, 1]
[ccr_centralized_planner-3] [INFO] [1729089540.893243307] [ccr_centralized_planner]: Sent plan [33, 32, 35, 10, 9] to robotB
[ccr_fake_execution-2] [INFO] [1729089540.893610905] [ccr_fake_execution]: got plan for robotB: [33, 32, 35, 10, 9]
[ccr_fake_execution-2] [INFO] [1729089541.882611775] [ccr_fake_execution]: robotA: 50 -> 51
[ccr_fake_execution-2] [INFO] [1729089541.883107073] [ccr_fake_execution]: robotB: 33 -> 32
[ccr_centralized_planner-3] [INFO] [1729089541.883876123] [ccr_centralized_planner]: Received state 51 from robotA
[ccr_centralized_planner-3] [INFO] [1729089541.884913756] [ccr_centralized_planner]: Received state 32 from robotB
[ccr_centralized_planner-3] [INFO] [1729089541.891859404] [ccr_centralized_planner]: 
[ccr_centralized_planner-3] 
[ccr_centralized_planner-3]  did not replan 
[ccr_centralized_planner-3] 
[ccr_centralized_planner-3] [INFO] [1729089541.892510273] [ccr_centralized_planner]: Sent plan [51, 53, 39, 55, 56, 57, 5, 1] to robotA
[ccr_fake_execution-2] [INFO] [1729089541.892748980] [ccr_fake_execution]: got plan for robotA: [51, 53, 39, 55, 56, 57, 5, 1]
[ccr_centralized_planner-3] [INFO] [1729089541.893083386] [ccr_centralized_planner]: Sent plan [32, 35, 10, 9] to robotB
[ccr_fake_execution-2] [INFO] [1729089541.893603761] [ccr_fake_execution]: got plan for robotB: [32, 35, 10, 9]
[ccr_fake_execution-2] [INFO] [1729089542.882650948] [ccr_fake_execution]: robotB: 32 -> 35
[ccr_centralized_planner-3] [INFO] [1729089542.883417103] [ccr_centralized_planner]: Received state 51 from robotA
[ccr_centralized_planner-3] [INFO] [1729089542.884432214] [ccr_centralized_planner]: Received state 35 from robotB
[ccr_centralized_planner-3] [INFO] [1729089542.891742714] [ccr_centralized_planner]: 
[ccr_centralized_planner-3] 
[ccr_centralized_planner-3]  replaned due to time difference limit : 2 
[ccr_centralized_planner-3] 
[ccr_centralized_planner-3] [INFO] [1729089542.911396752] [ccr_centralized_planner]: Sent plan [51, 53, 39, 55, 56, 57, 5, 1] to robotA
[ccr_centralized_planner-3] [INFO] [1729089542.911706212] [ccr_centralized_planner]: Sent plan [35, 10, 9] to robotB
[ccr_fake_execution-2] [INFO] [1729089542.911909453] [ccr_fake_execution]: got plan for robotA: [51, 53, 39, 55, 56, 57, 5, 1]
[ccr_fake_execution-2] [INFO] [1729089542.912800612] [ccr_fake_execution]: got plan for robotB: [35, 10, 9]
[ccr_fake_execution-2] [INFO] [1729089543.882636770] [ccr_fake_execution]: robotA: 51 -> 53
[ccr_fake_execution-2] [INFO] [1729089543.883139021] [ccr_fake_execution]: robotB: 35 -> 10
[ccr_centralized_planner-3] [INFO] [1729089543.883917830] [ccr_centralized_planner]: Received state 53 from robotA
[ccr_centralized_planner-3] [INFO] [1729089543.884934664] [ccr_centralized_planner]: Received state 10 from robotB
[ccr_centralized_planner-3] [INFO] [1729089543.891743395] [ccr_centralized_planner]: 
[ccr_centralized_planner-3] 
[ccr_centralized_planner-3]  did not replan 
[ccr_centralized_planner-3] 
[ccr_centralized_planner-3] [INFO] [1729089543.892239584] [ccr_centralized_planner]: Sent plan [53, 39, 55, 56, 57, 5, 1] to robotA
[ccr_centralized_planner-3] [INFO] [1729089543.892747625] [ccr_centralized_planner]: Sent plan [10, 9] to robotB
[ccr_fake_execution-2] [INFO] [1729089543.892764858] [ccr_fake_execution]: got plan for robotA: [53, 39, 55, 56, 57, 5, 1]
[ccr_fake_execution-2] [INFO] [1729089543.893647150] [ccr_fake_execution]: got plan for robotB: [10, 9]
[ccr_fake_execution-2] [INFO] [1729089544.882635306] [ccr_fake_execution]: robotB: 10 -> 9
[ccr_centralized_planner-3] [INFO] [1729089544.883422080] [ccr_centralized_planner]: Received state 53 from robotA
[ccr_goal_provider-1] [INFO] [1729089544.883766044] [ccr_goal_provider]: [32mgoal completed:[0m robotB reached goal 9, going to goal 0 within state 1
[ccr_centralized_planner-3] [INFO] [1729089544.884247516] [ccr_centralized_planner]: Received state 9 from robotB
[ccr_centralized_planner-3] [INFO] [1729089544.891731161] [ccr_centralized_planner]: 
[ccr_centralized_planner-3] 
[ccr_centralized_planner-3]  did not replan 
[ccr_centralized_planner-3] 
[ccr_centralized_planner-3] [INFO] [1729089544.892219886] [ccr_centralized_planner]: Sent plan [53, 39, 55, 56, 57, 5, 1] to robotA
[ccr_centralized_planner-3] [INFO] [1729089544.892708952] [ccr_centralized_planner]: Sent plan [9] to robotB
[ccr_fake_execution-2] [INFO] [1729089544.892757844] [ccr_fake_execution]: got plan for robotA: [53, 39, 55, 56, 57, 5, 1]
[ccr_fake_execution-2] [INFO] [1729089544.893665834] [ccr_fake_execution]: got plan for robotB: [9]
[ccr_centralized_planner-3] [INFO] [1729089544.982108588] [ccr_centralized_planner]: Received goal 1 from robotB
[ccr_fake_execution-2] [INFO] [1729089545.882731576] [ccr_fake_execution]: robotA: 53 -> 39
[ccr_centralized_planner-3] [INFO] [1729089545.883563884] [ccr_centralized_planner]: Received state 39 from robotA
[ccr_centralized_planner-3] [INFO] [1729089545.884470402] [ccr_centralized_planner]: Received state 9 from robotB
[ccr_centralized_planner-3] [INFO] [1729089545.891737011] [ccr_centralized_planner]: 
[ccr_centralized_planner-3] 
[ccr_centralized_planner-3]  replaned due to new goal
[ccr_centralized_planner-3] 
[ccr_centralized_planner-3] [INFO] [1729089545.913015310] [ccr_centralized_planner]: Sent plan [39, 55, 56, 57, 5, 1] to robotA
[ccr_centralized_planner-3] [INFO] [1729089545.913331653] [ccr_centralized_planner]: Sent plan [9, 11, 35, 50, 51, 53, 39, 55, 56, 57, 5, 1] to robotB
[ccr_fake_execution-2] [INFO] [1729089545.913469521] [ccr_fake_execution]: got plan for robotA: [39, 55, 56, 57, 5, 1]
[ccr_fake_execution-2] [INFO] [1729089545.914360770] [ccr_fake_execution]: got plan for robotB: [9, 11, 35, 50, 51, 53, 39, 55, 56, 57, 5, 1]
[ccr_fake_execution-2] [INFO] [1729089546.882630776] [ccr_fake_execution]: robotA: 39 -> 55
[ccr_fake_execution-2] [INFO] [1729089546.883150219] [ccr_fake_execution]: robotB: 9 -> 11
[ccr_centralized_planner-3] [INFO] [1729089546.883915823] [ccr_centralized_planner]: Received state 55 from robotA
[ccr_centralized_planner-3] [INFO] [1729089546.884802664] [ccr_centralized_planner]: Received state 11 from robotB
[ccr_centralized_planner-3] [INFO] [1729089546.891839381] [ccr_centralized_planner]: 
[ccr_centralized_planner-3] 
[ccr_centralized_planner-3]  did not replan 
[ccr_centralized_planner-3] 
[ccr_centralized_planner-3] [INFO] [1729089546.892354767] [ccr_centralized_planner]: Sent plan [55, 56, 57, 5, 1] to robotA
[ccr_fake_execution-2] [INFO] [1729089546.892736241] [ccr_fake_execution]: got plan for robotA: [55, 56, 57, 5, 1]
[ccr_centralized_planner-3] [INFO] [1729089546.892822673] [ccr_centralized_planner]: Sent plan [11, 35, 50, 51, 53, 39, 55, 56, 57, 5, 1] to robotB
[ccr_fake_execution-2] [INFO] [1729089546.893625116] [ccr_fake_execution]: got plan for robotB: [11, 35, 50, 51, 53, 39, 55, 56, 57, 5, 1]
[ccr_centralized_planner-3] [INFO] [1729089547.882884841] [ccr_centralized_planner]: Received state 55 from robotA
[ccr_centralized_planner-3] [INFO] [1729089547.883695659] [ccr_centralized_planner]: Received state 11 from robotB
[ccr_centralized_planner-3] [INFO] [1729089547.891862684] [ccr_centralized_planner]: 
[ccr_centralized_planner-3] 
[ccr_centralized_planner-3]  did not replan 
[ccr_centralized_planner-3] 
[ccr_centralized_planner-3] [INFO] [1729089547.892490339] [ccr_centralized_planner]: Sent plan [55, 56, 57, 5, 1] to robotA
[ccr_fake_execution-2] [INFO] [1729089547.892766667] [ccr_fake_execution]: got plan for robotA: [55, 56, 57, 5, 1]
[ccr_centralized_planner-3] [INFO] [1729089547.893063843] [ccr_centralized_planner]: Sent plan [11, 35, 50, 51, 53, 39, 55, 56, 57, 5, 1] to robotB
[ccr_fake_execution-2] [INFO] [1729089547.893657004] [ccr_fake_execution]: got plan for robotB: [11, 35, 50, 51, 53, 39, 55, 56, 57, 5, 1]
[ccr_fake_execution-2] [INFO] [1729089548.882656402] [ccr_fake_execution]: robotB: 11 -> 35
[ccr_centralized_planner-3] [INFO] [1729089548.883481717] [ccr_centralized_planner]: Received state 55 from robotA
[ccr_centralized_planner-3] [INFO] [1729089548.884381943] [ccr_centralized_planner]: Received state 35 from robotB
[ccr_centralized_planner-3] [INFO] [1729089548.891745313] [ccr_centralized_planner]: 
[ccr_centralized_planner-3] 
[ccr_centralized_planner-3]  did not replan 
[ccr_centralized_planner-3] 
[ccr_centralized_planner-3] [INFO] [1729089548.892239920] [ccr_centralized_planner]: Sent plan [55, 56, 57, 5, 1] to robotA
[ccr_fake_execution-2] [INFO] [1729089548.892709209] [ccr_fake_execution]: got plan for robotA: [55, 56, 57, 5, 1]
[ccr_centralized_planner-3] [INFO] [1729089548.892732021] [ccr_centralized_planner]: Sent plan [35, 50, 51, 53, 39, 55, 56, 57, 5, 1] to robotB
[ccr_fake_execution-2] [INFO] [1729089548.893604395] [ccr_fake_execution]: got plan for robotB: [35, 50, 51, 53, 39, 55, 56, 57, 5, 1]
[ccr_fake_execution-2] [INFO] [1729089549.882628789] [ccr_fake_execution]: robotA: 55 -> 56
[ccr_fake_execution-2] [INFO] [1729089549.883127242] [ccr_fake_execution]: robotB: 35 -> 50
[ccr_centralized_planner-3] [INFO] [1729089549.883893557] [ccr_centralized_planner]: Received state 56 from robotA
[ccr_centralized_planner-3] [INFO] [1729089549.884735815] [ccr_centralized_planner]: Received state 50 from robotB
[ccr_centralized_planner-3] [INFO] [1729089549.891864996] [ccr_centralized_planner]: 
[ccr_centralized_planner-3] 
[ccr_centralized_planner-3]  did not replan 
[ccr_centralized_planner-3] 
[ccr_centralized_planner-3] [INFO] [1729089549.892467735] [ccr_centralized_planner]: Sent plan [56, 57, 5, 1] to robotA
[ccr_fake_execution-2] [INFO] [1729089549.892791952] [ccr_fake_execution]: got plan for robotA: [56, 57, 5, 1]
[ccr_centralized_planner-3] [INFO] [1729089549.892921645] [ccr_centralized_planner]: Sent plan [50, 51, 53, 39, 55, 56, 57, 5, 1] to robotB
[ccr_fake_execution-2] [INFO] [1729089549.893669786] [ccr_fake_execution]: got plan for robotB: [50, 51, 53, 39, 55, 56, 57, 5, 1]
[ccr_fake_execution-2] [INFO] [1729089550.882703518] [ccr_fake_execution]: robotA: 56 -> 57
[ccr_fake_execution-2] [INFO] [1729089550.883221969] [ccr_fake_execution]: robotB: 50 -> 51
[ccr_centralized_planner-3] [INFO] [1729089550.884128697] [ccr_centralized_planner]: Received state 57 from robotA
[ccr_centralized_planner-3] [INFO] [1729089550.885071292] [ccr_centralized_planner]: Received state 51 from robotB
[ccr_centralized_planner-3] [INFO] [1729089550.891890523] [ccr_centralized_planner]: 
[ccr_centralized_planner-3] 
[ccr_centralized_planner-3]  did not replan 
[ccr_centralized_planner-3] 
[ccr_centralized_planner-3] [INFO] [1729089550.892503691] [ccr_centralized_planner]: Sent plan [57, 5, 1] to robotA
[ccr_fake_execution-2] [INFO] [1729089550.892826776] [ccr_fake_execution]: got plan for robotA: [57, 5, 1]
[ccr_centralized_planner-3] [INFO] [1729089550.892986375] [ccr_centralized_planner]: Sent plan [51, 53, 39, 55, 56, 57, 5, 1] to robotB
[ccr_fake_execution-2] [INFO] [1729089550.893763090] [ccr_fake_execution]: got plan for robotB: [51, 53, 39, 55, 56, 57, 5, 1]
[ccr_fake_execution-2] [INFO] [1729089551.882618828] [ccr_fake_execution]: robotA: 57 -> 5
[ccr_fake_execution-2] [INFO] [1729089551.883119996] [ccr_fake_execution]: robotB: 51 -> 53
[ccr_centralized_planner-3] [INFO] [1729089551.883875692] [ccr_centralized_planner]: Received state 5 from robotA
[ccr_centralized_planner-3] [INFO] [1729089551.884726345] [ccr_centralized_planner]: Received state 53 from robotB
[ccr_centralized_planner-3] [INFO] [1729089551.891881505] [ccr_centralized_planner]: 
[ccr_centralized_planner-3] 
[ccr_centralized_planner-3]  did not replan 
[ccr_centralized_planner-3] 
[ccr_centralized_planner-3] [INFO] [1729089551.892452514] [ccr_centralized_planner]: Sent plan [5, 1] to robotA
[ccr_centralized_planner-3] [INFO] [1729089551.892986203] [ccr_centralized_planner]: Sent plan [53, 39, 55, 56, 57, 5, 1] to robotB
[ccr_fake_execution-2] [INFO] [1729089551.893083155] [ccr_fake_execution]: got plan for robotA: [5, 1]
[ccr_fake_execution-2] [INFO] [1729089551.894349807] [ccr_fake_execution]: got plan for robotB: [53, 39, 55, 56, 57, 5, 1]
[ccr_fake_execution-2] [INFO] [1729089552.882799074] [ccr_fake_execution]: robotA: 5 -> 1
[ccr_goal_provider-1] [INFO] [1729089552.883420889] [ccr_goal_provider]: [32mgoal completed:[0m robotA reached goal 1, going to goal 0 within state 9
[ccr_centralized_planner-3] [INFO] [1729089552.883644778] [ccr_centralized_planner]: Received state 1 from robotA
[ccr_centralized_planner-3] [INFO] [1729089552.884497695] [ccr_centralized_planner]: Received state 53 from robotB
[ccr_centralized_planner-3] [INFO] [1729089552.891780234] [ccr_centralized_planner]: 
[ccr_centralized_planner-3] 
[ccr_centralized_planner-3]  did not replan 
[ccr_centralized_planner-3] 
[ccr_centralized_planner-3] [INFO] [1729089552.892280391] [ccr_centralized_planner]: Sent plan [1] to robotA
[ccr_fake_execution-2] [INFO] [1729089552.892746524] [ccr_fake_execution]: got plan for robotA: [1]
[ccr_centralized_planner-3] [INFO] [1729089552.892774717] [ccr_centralized_planner]: Sent plan [53, 39, 55, 56, 57, 5, 1] to robotB
[ccr_fake_execution-2] [INFO] [1729089552.893588651] [ccr_fake_execution]: got plan for robotB: [53, 39, 55, 56, 57, 5, 1]
[ccr_centralized_planner-3] [INFO] [1729089552.981797707] [ccr_centralized_planner]: Received goal 9 from robotA
[ccr_fake_execution-2] [INFO] [1729089553.882621961] [ccr_fake_execution]: robotB: 53 -> 39
[ccr_centralized_planner-3] [INFO] [1729089553.883406020] [ccr_centralized_planner]: Received state 1 from robotA
[ccr_centralized_planner-3] [INFO] [1729089553.884226817] [ccr_centralized_planner]: Received state 39 from robotB
[ccr_centralized_planner-3] [INFO] [1729089553.891845415] [ccr_centralized_planner]: 
[ccr_centralized_planner-3] 
[ccr_centralized_planner-3]  replaned due to new goal
[ccr_centralized_planner-3] 
[ccr_centralized_planner-3] [INFO] [1729089553.915440062] [ccr_centralized_planner]: Sent plan [1, 5, 57, 56, 55, 39, 53, 51, 50, 47, 11, 9] to robotA
[ccr_centralized_planner-3] [INFO] [1729089553.915762115] [ccr_centralized_planner]: Sent plan [39, 27, 40, 45, 44, 1] to robotB
[ccr_fake_execution-2] [INFO] [1729089553.915883813] [ccr_fake_execution]: got plan for robotA: [1, 5, 57, 56, 55, 39, 53, 51, 50, 47, 11, 9]
[ccr_fake_execution-2] [INFO] [1729089553.916731751] [ccr_fake_execution]: got plan for robotB: [39, 27, 40, 45, 44, 1]
[ccr_centralized_planner-3] [INFO] [1729089554.882866478] [ccr_centralized_planner]: Received state 1 from robotA
[ccr_centralized_planner-3] [INFO] [1729089554.883672117] [ccr_centralized_planner]: Received state 39 from robotB
[ccr_centralized_planner-3] [INFO] [1729089554.891724107] [ccr_centralized_planner]: 
[ccr_centralized_planner-3] 
[ccr_centralized_planner-3]  did not replan 
[ccr_centralized_planner-3] 
[ccr_centralized_planner-3] [INFO] [1729089554.892202272] [ccr_centralized_planner]: Sent plan [1, 5, 57, 56, 55, 39, 53, 51, 50, 47, 11, 9] to robotA
[ccr_fake_execution-2] [INFO] [1729089554.892653086] [ccr_fake_execution]: got plan for robotA: [1, 5, 57, 56, 55, 39, 53, 51, 50, 47, 11, 9]
[ccr_centralized_planner-3] [INFO] [1729089554.892687751] [ccr_centralized_planner]: Sent plan [39, 27, 40, 45, 44, 1] to robotB
[ccr_fake_execution-2] [INFO] [1729089554.893526222] [ccr_fake_execution]: got plan for robotB: [39, 27, 40, 45, 44, 1]
[ccr_centralized_planner-3] [INFO] [1729089555.882990329] [ccr_centralized_planner]: Received state 1 from robotA
[ccr_centralized_planner-3] [INFO] [1729089555.883810926] [ccr_centralized_planner]: Received state 39 from robotB
[ccr_centralized_planner-3] [INFO] [1729089555.891805508] [ccr_centralized_planner]: 
[ccr_centralized_planner-3] 
[ccr_centralized_planner-3]  did not replan 
[ccr_centralized_planner-3] 
[ccr_centralized_planner-3] [INFO] [1729089555.892299032] [ccr_centralized_planner]: Sent plan [1, 5, 57, 56, 55, 39, 53, 51, 50, 47, 11, 9] to robotA
[ccr_fake_execution-2] [INFO] [1729089555.892695905] [ccr_fake_execution]: got plan for robotA: [1, 5, 57, 56, 55, 39, 53, 51, 50, 47, 11, 9]
[ccr_centralized_planner-3] [INFO] [1729089555.892760366] [ccr_centralized_planner]: Sent plan [39, 27, 40, 45, 44, 1] to robotB
[ccr_fake_execution-2] [INFO] [1729089555.893549554] [ccr_fake_execution]: got plan for robotB: [39, 27, 40, 45, 44, 1]
[ccr_fake_execution-2] [INFO] [1729089556.882640543] [ccr_fake_execution]: robotA: 1 -> 5
[ccr_fake_execution-2] [INFO] [1729089556.883158914] [ccr_fake_execution]: robotB: 39 -> 27
[ccr_centralized_planner-3] [INFO] [1729089556.883862892] [ccr_centralized_planner]: Received state 5 from robotA
[ccr_centralized_planner-3] [INFO] [1729089556.884684922] [ccr_centralized_planner]: Received state 27 from robotB
[ccr_centralized_planner-3] [INFO] [1729089556.891782083] [ccr_centralized_planner]: 
[ccr_centralized_planner-3] 
[ccr_centralized_planner-3]  did not replan 
[ccr_centralized_planner-3] 
[ccr_centralized_planner-3] [INFO] [1729089556.892269385] [ccr_centralized_planner]: Sent plan [5, 57, 56, 55, 39, 53, 51, 50, 47, 11, 9] to robotA
[ccr_fake_execution-2] [INFO] [1729089556.892448841] [ccr_fake_execution]: got plan for robotA: [5, 57, 56, 55, 39, 53, 51, 50, 47, 11, 9]
[ccr_centralized_planner-3] [INFO] [1729089556.892722043] [ccr_centralized_planner]: Sent plan [27, 40, 45, 44, 1] to robotB
[ccr_fake_execution-2] [INFO] [1729089556.893301839] [ccr_fake_execution]: got plan for robotB: [27, 40, 45, 44, 1]
[ccr_centralized_planner-3] [INFO] [1729089557.882889808] [ccr_centralized_planner]: Received state 5 from robotA
[ccr_centralized_planner-3] [INFO] [1729089557.883720343] [ccr_centralized_planner]: Received state 27 from robotB
[ccr_centralized_planner-3] [INFO] [1729089557.891849488] [ccr_centralized_planner]: 
[ccr_centralized_planner-3] 
[ccr_centralized_planner-3]  did not replan 
[ccr_centralized_planner-3] 
[ccr_centralized_planner-3] [INFO] [1729089557.892466884] [ccr_centralized_planner]: Sent plan [5, 57, 56, 55, 39, 53, 51, 50, 47, 11, 9] to robotA
[ccr_fake_execution-2] [INFO] [1729089557.892791252] [ccr_fake_execution]: got plan for robotA: [5, 57, 56, 55, 39, 53, 51, 50, 47, 11, 9]
[ccr_centralized_planner-3] [INFO] [1729089557.892922668] [ccr_centralized_planner]: Sent plan [27, 40, 45, 44, 1] to robotB
[ccr_fake_execution-2] [INFO] [1729089557.893688091] [ccr_fake_execution]: got plan for robotB: [27, 40, 45, 44, 1]
[ccr_centralized_planner-3] [INFO] [1729089558.883038806] [ccr_centralized_planner]: Received state 5 from robotA
[ccr_centralized_planner-3] [INFO] [1729089558.883862188] [ccr_centralized_planner]: Received state 27 from robotB
[ccr_centralized_planner-3] [INFO] [1729089558.891872480] [ccr_centralized_planner]: 
[ccr_centralized_planner-3] 
[ccr_centralized_planner-3]  did not replan 
[ccr_centralized_planner-3] 
[ccr_centralized_planner-3] [INFO] [1729089558.892480999] [ccr_centralized_planner]: Sent plan [5, 57, 56, 55, 39, 53, 51, 50, 47, 11, 9] to robotA
[ccr_centralized_planner-3] [INFO] [1729089558.892953003] [ccr_centralized_planner]: Sent plan [27, 40, 45, 44, 1] to robotB
[ccr_fake_execution-2] [INFO] [1729089558.893066195] [ccr_fake_execution]: got plan for robotA: [5, 57, 56, 55, 39, 53, 51, 50, 47, 11, 9]
[ccr_fake_execution-2] [INFO] [1729089558.894173920] [ccr_fake_execution]: got plan for robotB: [27, 40, 45, 44, 1]
[ccr_centralized_planner-3] [INFO] [1729089559.883059304] [ccr_centralized_planner]: Received state 5 from robotA
[ccr_centralized_planner-3] [INFO] [1729089559.883662584] [ccr_centralized_planner]: Received state 27 from robotB
[ccr_centralized_planner-3] [INFO] [1729089559.891865936] [ccr_centralized_planner]: 
[ccr_centralized_planner-3] 
[ccr_centralized_planner-3]  did not replan 
[ccr_centralized_planner-3] 
[ccr_centralized_planner-3] [INFO] [1729089559.892630398] [ccr_centralized_planner]: Sent plan [5, 57, 56, 55, 39, 53, 51, 50, 47, 11, 9] to robotA
[ccr_fake_execution-2] [INFO] [1729089559.892868013] [ccr_fake_execution]: got plan for robotA: [5, 57, 56, 55, 39, 53, 51, 50, 47, 11, 9]
[ccr_centralized_planner-3] [INFO] [1729089559.893149490] [ccr_centralized_planner]: Sent plan [27, 40, 45, 44, 1] to robotB
[ccr_fake_execution-2] [INFO] [1729089559.893884707] [ccr_fake_execution]: got plan for robotB: [27, 40, 45, 44, 1]
[ccr_fake_execution-2] [INFO] [1729089560.882754542] [ccr_fake_execution]: robotA: 5 -> 57
[ccr_fake_execution-2] [INFO] [1729089560.883291698] [ccr_fake_execution]: robotB: 27 -> 40
[ccr_centralized_planner-3] [INFO] [1729089560.884180182] [ccr_centralized_planner]: Received state 57 from robotA
[ccr_centralized_planner-3] [INFO] [1729089560.884957688] [ccr_centralized_planner]: Received state 40 from robotB
[ccr_centralized_planner-3] [INFO] [1729089560.891753825] [ccr_centralized_planner]: 
[ccr_centralized_planner-3] 
[ccr_centralized_planner-3]  did not replan 
[ccr_centralized_planner-3] 
[ccr_centralized_planner-3] [INFO] [1729089560.892498620] [ccr_centralized_planner]: Sent plan [57, 56, 55, 39, 53, 51, 50, 47, 11, 9] to robotA
[ccr_fake_execution-2] [INFO] [1729089560.892742627] [ccr_fake_execution]: got plan for robotA: [57, 56, 55, 39, 53, 51, 50, 47, 11, 9]
[ccr_centralized_planner-3] [INFO] [1729089560.893211375] [ccr_centralized_planner]: Sent plan [40, 45, 44, 1] to robotB
[ccr_fake_execution-2] [INFO] [1729089560.893723454] [ccr_fake_execution]: got plan for robotB: [40, 45, 44, 1]
[ccr_centralized_planner-3] [INFO] [1729089561.883246532] [ccr_centralized_planner]: Received state 57 from robotA
[ccr_centralized_planner-3] [INFO] [1729089561.884193736] [ccr_centralized_planner]: Received state 40 from robotB
[ccr_centralized_planner-3] [INFO] [1729089561.891883868] [ccr_centralized_planner]: 
[ccr_centralized_planner-3] 
[ccr_centralized_planner-3]  did not replan 
[ccr_centralized_planner-3] 
[ccr_centralized_planner-3] [INFO] [1729089561.892399784] [ccr_centralized_planner]: Sent plan [57, 56, 55, 39, 53, 51, 50, 47, 11, 9] to robotA
[ccr_centralized_planner-3] [INFO] [1729089561.892862932] [ccr_centralized_planner]: Sent plan [40, 45, 44, 1] to robotB
[ccr_fake_execution-2] [INFO] [1729089561.892898038] [ccr_fake_execution]: got plan for robotA: [57, 56, 55, 39, 53, 51, 50, 47, 11, 9]
[ccr_fake_execution-2] [INFO] [1729089561.893894824] [ccr_fake_execution]: got plan for robotB: [40, 45, 44, 1]
[ccr_fake_execution-2] [INFO] [1729089562.882709556] [ccr_fake_execution]: robotA: 57 -> 56
[ccr_fake_execution-2] [INFO] [1729089562.883224600] [ccr_fake_execution]: robotB: 40 -> 45
[ccr_centralized_planner-3] [INFO] [1729089562.884066807] [ccr_centralized_planner]: Received state 56 from robotA
[ccr_centralized_planner-3] [INFO] [1729089562.884963747] [ccr_centralized_planner]: Received state 45 from robotB
[ccr_centralized_planner-3] [INFO] [1729089562.891904736] [ccr_centralized_planner]: 
[ccr_centralized_planner-3] 
[ccr_centralized_planner-3]  did not replan 
[ccr_centralized_planner-3] 
[ccr_centralized_planner-3] [INFO] [1729089562.892462461] [ccr_centralized_planner]: Sent plan [56, 55, 39, 53, 51, 50, 47, 11, 9] to robotA
[ccr_fake_execution-2] [INFO] [1729089562.892728028] [ccr_fake_execution]: got plan for robotA: [56, 55, 39, 53, 51, 50, 47, 11, 9]
[ccr_centralized_planner-3] [INFO] [1729089562.892938863] [ccr_centralized_planner]: Sent plan [45, 44, 1] to robotB
[ccr_fake_execution-2] [INFO] [1729089562.893606383] [ccr_fake_execution]: got plan for robotB: [45, 44, 1]
[ccr_fake_execution-2] [INFO] [1729089563.882760430] [ccr_fake_execution]: robotB: 45 -> 44
[ccr_centralized_planner-3] [INFO] [1729089563.883583291] [ccr_centralized_planner]: Received state 56 from robotA
[ccr_centralized_planner-3] [INFO] [1729089563.884456046] [ccr_centralized_planner]: Received state 44 from robotB
[ccr_centralized_planner-3] [INFO] [1729089563.891873316] [ccr_centralized_planner]: 
[ccr_centralized_planner-3] 
[ccr_centralized_planner-3]  did not replan 
[ccr_centralized_planner-3] 
[ccr_centralized_planner-3] [INFO] [1729089563.892365588] [ccr_centralized_planner]: Sent plan [56, 55, 39, 53, 51, 50, 47, 11, 9] to robotA
[ccr_fake_execution-2] [INFO] [1729089563.892720112] [ccr_fake_execution]: got plan for robotA: [56, 55, 39, 53, 51, 50, 47, 11, 9]
[ccr_centralized_planner-3] [INFO] [1729089563.892836981] [ccr_centralized_planner]: Sent plan [44, 1] to robotB
[ccr_fake_execution-2] [INFO] [1729089563.893561067] [ccr_fake_execution]: got plan for robotB: [44, 1]
[ccr_centralized_planner-3] [INFO] [1729089564.882938623] [ccr_centralized_planner]: Received state 56 from robotA
[ccr_centralized_planner-3] [INFO] [1729089564.883721459] [ccr_centralized_planner]: Received state 44 from robotB
[ccr_centralized_planner-3] [INFO] [1729089564.891856854] [ccr_centralized_planner]: 
[ccr_centralized_planner-3] 
[ccr_centralized_planner-3]  did not replan 
[ccr_centralized_planner-3] 
[ccr_centralized_planner-3] [INFO] [1729089564.892497684] [ccr_centralized_planner]: Sent plan [56, 55, 39, 53, 51, 50, 47, 11, 9] to robotA
[ccr_fake_execution-2] [INFO] [1729089564.892766087] [ccr_fake_execution]: got plan for robotA: [56, 55, 39, 53, 51, 50, 47, 11, 9]
[ccr_centralized_planner-3] [INFO] [1729089564.893172749] [ccr_centralized_planner]: Sent plan [44, 1] to robotB
[ccr_fake_execution-2] [INFO] [1729089564.893629745] [ccr_fake_execution]: got plan for robotB: [44, 1]
[ccr_fake_execution-2] [INFO] [1729089565.882822625] [ccr_fake_execution]: robotA: 56 -> 55
[ccr_fake_execution-2] [INFO] [1729089565.883501466] [ccr_fake_execution]: robotB: 44 -> 1
[ccr_goal_provider-1] [INFO] [1729089565.884495548] [ccr_goal_provider]: [32mgoal completed:[0m robotB reached goal 1, going to goal 1 within state 9
[ccr_centralized_planner-3] [INFO] [1729089565.884588001] [ccr_centralized_planner]: Received state 55 from robotA
[ccr_centralized_planner-3] [INFO] [1729089565.885728487] [ccr_centralized_planner]: Received state 1 from robotB
[ccr_centralized_planner-3] [INFO] [1729089565.891807893] [ccr_centralized_planner]: 
[ccr_centralized_planner-3] 
[ccr_centralized_planner-3]  did not replan 
[ccr_centralized_planner-3] 
[ccr_centralized_planner-3] [INFO] [1729089565.892315503] [ccr_centralized_planner]: Sent plan [55, 39, 53, 51, 50, 47, 11, 9] to robotA
[ccr_centralized_planner-3] [INFO] [1729089565.892822162] [ccr_centralized_planner]: Sent plan [1] to robotB
[ccr_fake_execution-2] [INFO] [1729089565.892951324] [ccr_fake_execution]: got plan for robotA: [55, 39, 53, 51, 50, 47, 11, 9]
[ccr_fake_execution-2] [INFO] [1729089565.894262029] [ccr_fake_execution]: got plan for robotB: [1]
[ccr_centralized_planner-3] [INFO] [1729089565.981889475] [ccr_centralized_planner]: Received goal 9 from robotB
[ccr_fake_execution-2] [INFO] [1729089566.882718909] [ccr_fake_execution]: robotA: 55 -> 39
[ccr_centralized_planner-3] [INFO] [1729089566.883578499] [ccr_centralized_planner]: Received state 39 from robotA
[ccr_centralized_planner-3] [INFO] [1729089566.884189413] [ccr_centralized_planner]: Received state 1 from robotB
[ccr_centralized_planner-3] [INFO] [1729089566.891907788] [ccr_centralized_planner]: 
[ccr_centralized_planner-3] 
[ccr_centralized_planner-3]  replaned due to new goal
[ccr_centralized_planner-3] 
[ccr_centralized_planner-3] [INFO] [1729089566.915642057] [ccr_centralized_planner]: Sent plan [39, 53, 51, 32, 35, 10, 9] to robotA
[ccr_centralized_planner-3] [INFO] [1729089566.915951536] [ccr_centralized_planner]: Sent plan [1, 44, 45, 56, 55, 39, 53, 51, 32, 35, 10, 9] to robotB
[ccr_fake_execution-2] [INFO] [1729089566.916281755] [ccr_fake_execution]: got plan for robotA: [39, 53, 51, 32, 35, 10, 9]
[ccr_fake_execution-2] [INFO] [1729089566.917440465] [ccr_fake_execution]: got plan for robotB: [1, 44, 45, 56, 55, 39, 53, 51, 32, 35, 10, 9]
[ccr_fake_execution-2] [INFO] [1729089567.882712176] [ccr_fake_execution]: robotA: 39 -> 53
[ccr_centralized_planner-3] [INFO] [1729089567.883483330] [ccr_centralized_planner]: Received state 53 from robotA
[ccr_centralized_planner-3] [INFO] [1729089567.884338752] [ccr_centralized_planner]: Received state 1 from robotB
[ccr_centralized_planner-3] [INFO] [1729089567.891910112] [ccr_centralized_planner]: 
[ccr_centralized_planner-3] 
[ccr_centralized_planner-3]  did not replan 
[ccr_centralized_planner-3] 
[ccr_centralized_planner-3] [INFO] [1729089567.892457246] [ccr_centralized_planner]: Sent plan [53, 51, 32, 35, 10, 9] to robotA
[ccr_centralized_planner-3] [INFO] [1729089567.892943156] [ccr_centralized_planner]: Sent plan [1, 44, 45, 56, 55, 39, 53, 51, 32, 35, 10, 9] to robotB
[ccr_fake_execution-2] [INFO] [1729089567.893115289] [ccr_fake_execution]: got plan for robotA: [53, 51, 32, 35, 10, 9]
[ccr_fake_execution-2] [INFO] [1729089567.894492298] [ccr_fake_execution]: got plan for robotB: [1, 44, 45, 56, 55, 39, 53, 51, 32, 35, 10, 9]
[ccr_fake_execution-2] [INFO] [1729089568.882756959] [ccr_fake_execution]: robotA: 53 -> 51
[ccr_fake_execution-2] [INFO] [1729089568.883506272] [ccr_fake_execution]: robotB: 1 -> 44
[ccr_centralized_planner-3] [INFO] [1729089568.884297835] [ccr_centralized_planner]: Received state 51 from robotA
[ccr_centralized_planner-3] [INFO] [1729089568.885172332] [ccr_centralized_planner]: Received state 44 from robotB
[ccr_centralized_planner-3] [INFO] [1729089568.891911182] [ccr_centralized_planner]: 
[ccr_centralized_planner-3] 
[ccr_centralized_planner-3]  did not replan 
[ccr_centralized_planner-3] 
[ccr_centralized_planner-3] [INFO] [1729089568.892477934] [ccr_centralized_planner]: Sent plan [51, 32, 35, 10, 9] to robotA
[ccr_centralized_planner-3] [INFO] [1729089568.892949857] [ccr_centralized_planner]: Sent plan [44, 45, 56, 55, 39, 53, 51, 32, 35, 10, 9] to robotB
[ccr_fake_execution-2] [INFO] [1729089568.893094458] [ccr_fake_execution]: got plan for robotA: [51, 32, 35, 10, 9]
[ccr_fake_execution-2] [INFO] [1729089568.894195380] [ccr_fake_execution]: got plan for robotB: [44, 45, 56, 55, 39, 53, 51, 32, 35, 10, 9]
[ccr_centralized_planner-3] [INFO] [1729089569.882926996] [ccr_centralized_planner]: Received state 51 from robotA
[ccr_centralized_planner-3] [INFO] [1729089569.883797055] [ccr_centralized_planner]: Received state 44 from robotB
[ccr_centralized_planner-3] [INFO] [1729089569.891852070] [ccr_centralized_planner]: 
[ccr_centralized_planner-3] 
[ccr_centralized_planner-3]  did not replan 
[ccr_centralized_planner-3] 
[ccr_centralized_planner-3] [INFO] [1729089569.892405597] [ccr_centralized_planner]: Sent plan [51, 32, 35, 10, 9] to robotA
[ccr_fake_execution-2] [INFO] [1729089569.892880486] [ccr_fake_execution]: got plan for robotA: [51, 32, 35, 10, 9]
[ccr_centralized_planner-3] [INFO] [1729089569.892889744] [ccr_centralized_planner]: Sent plan [44, 45, 56, 55, 39, 53, 51, 32, 35, 10, 9] to robotB
[ccr_fake_execution-2] [INFO] [1729089569.893935492] [ccr_fake_execution]: got plan for robotB: [44, 45, 56, 55, 39, 53, 51, 32, 35, 10, 9]
[ccr_fake_execution-2] [INFO] [1729089570.882685873] [ccr_fake_execution]: robotB: 44 -> 45
[ccr_centralized_planner-3] [INFO] [1729089570.883479399] [ccr_centralized_planner]: Received state 51 from robotA
[ccr_centralized_planner-3] [INFO] [1729089570.884338218] [ccr_centralized_planner]: Received state 45 from robotB
[ccr_centralized_planner-3] [INFO] [1729089570.891899879] [ccr_centralized_planner]: 
[ccr_centralized_planner-3] 
[ccr_centralized_planner-3]  did not replan 
[ccr_centralized_planner-3] 
[ccr_centralized_planner-3] [INFO] [1729089570.892511795] [ccr_centralized_planner]: Sent plan [51, 32, 35, 10, 9] to robotA
[ccr_fake_execution-2] [INFO] [1729089570.892835281] [ccr_fake_execution]: got plan for robotA: [51, 32, 35, 10, 9]
[ccr_centralized_planner-3] [INFO] [1729089570.893121687] [ccr_centralized_planner]: Sent plan [45, 56, 55, 39, 53, 51, 32, 35, 10, 9] to robotB
[ccr_fake_execution-2] [INFO] [1729089570.893906918] [ccr_fake_execution]: got plan for robotB: [45, 56, 55, 39, 53, 51, 32, 35, 10, 9]
[ccr_centralized_planner-3] [INFO] [1729089571.882891726] [ccr_centralized_planner]: Received state 51 from robotA
[ccr_centralized_planner-3] [INFO] [1729089571.883761925] [ccr_centralized_planner]: Received state 45 from robotB
[ccr_centralized_planner-3] [INFO] [1729089571.891845151] [ccr_centralized_planner]: 
[ccr_centralized_planner-3] 
[ccr_centralized_planner-3]  did not replan 
[ccr_centralized_planner-3] 
[ccr_centralized_planner-3] [INFO] [1729089571.892343404] [ccr_centralized_planner]: Sent plan [51, 32, 35, 10, 9] to robotA
[ccr_fake_execution-2] [INFO] [1729089571.892809357] [ccr_fake_execution]: got plan for robotA: [51, 32, 35, 10, 9]
[ccr_centralized_planner-3] [INFO] [1729089571.892827050] [ccr_centralized_planner]: Sent plan [45, 56, 55, 39, 53, 51, 32, 35, 10, 9] to robotB
[ccr_fake_execution-2] [INFO] [1729089571.893792828] [ccr_fake_execution]: got plan for robotB: [45, 56, 55, 39, 53, 51, 32, 35, 10, 9]
[ccr_fake_execution-2] [INFO] [1729089572.882631282] [ccr_fake_execution]: robotB: 45 -> 56
[ccr_centralized_planner-3] [INFO] [1729089572.883408718] [ccr_centralized_planner]: Received state 51 from robotA
[ccr_centralized_planner-3] [INFO] [1729089572.884267486] [ccr_centralized_planner]: Received state 56 from robotB
[ccr_centralized_planner-3] [INFO] [1729089572.891815730] [ccr_centralized_planner]: 
[ccr_centralized_planner-3] 
[ccr_centralized_planner-3]  did not replan 
[ccr_centralized_planner-3] 
[ccr_centralized_planner-3] [INFO] [1729089572.892361262] [ccr_centralized_planner]: Sent plan [51, 32, 35, 10, 9] to robotA
[ccr_fake_execution-2] [INFO] [1729089572.892832935] [ccr_fake_execution]: got plan for robotA: [51, 32, 35, 10, 9]
[ccr_centralized_planner-3] [INFO] [1729089572.892886836] [ccr_centralized_planner]: Sent plan [56, 55, 39, 53, 51, 32, 35, 10, 9] to robotB
[ccr_fake_execution-2] [INFO] [1729089572.893882060] [ccr_fake_execution]: got plan for robotB: [56, 55, 39, 53, 51, 32, 35, 10, 9]
[ccr_fake_execution-2] [INFO] [1729089573.882642857] [ccr_fake_execution]: robotA: 51 -> 32
[ccr_fake_execution-2] [INFO] [1729089573.883161919] [ccr_fake_execution]: robotB: 56 -> 55
[ccr_centralized_planner-3] [INFO] [1729089573.883901474] [ccr_centralized_planner]: Received state 32 from robotA
[ccr_centralized_planner-3] [INFO] [1729089573.884504243] [ccr_centralized_planner]: Received state 55 from robotB
[ccr_centralized_planner-3] [INFO] [1729089573.891913387] [ccr_centralized_planner]: 
[ccr_centralized_planner-3] 
[ccr_centralized_planner-3]  did not replan 
[ccr_centralized_planner-3] 
[ccr_centralized_planner-3] [INFO] [1729089573.892568624] [ccr_centralized_planner]: Sent plan [32, 35, 10, 9] to robotA
[ccr_fake_execution-2] [INFO] [1729089573.892744534] [ccr_fake_execution]: got plan for robotA: [32, 35, 10, 9]
[ccr_centralized_planner-3] [INFO] [1729089573.893234471] [ccr_centralized_planner]: Sent plan [55, 39, 53, 51, 32, 35, 10, 9] to robotB
[ccr_fake_execution-2] [INFO] [1729089573.893427693] [ccr_fake_execution]: got plan for robotB: [55, 39, 53, 51, 32, 35, 10, 9]
[ccr_centralized_planner-3] [INFO] [1729089574.882935470] [ccr_centralized_planner]: Received state 32 from robotA
[ccr_centralized_planner-3] [INFO] [1729089574.883527759] [ccr_centralized_planner]: Received state 55 from robotB
[ccr_centralized_planner-3] [INFO] [1729089574.891910205] [ccr_centralized_planner]: 
[ccr_centralized_planner-3] 
[ccr_centralized_planner-3]  did not replan 
[ccr_centralized_planner-3] 
[ccr_centralized_planner-3] [INFO] [1729089574.892562476] [ccr_centralized_planner]: Sent plan [32, 35, 10, 9] to robotA
[ccr_fake_execution-2] [INFO] [1729089574.892836840] [ccr_fake_execution]: got plan for robotA: [32, 35, 10, 9]
[ccr_centralized_planner-3] [INFO] [1729089574.893157871] [ccr_centralized_planner]: Sent plan [55, 39, 53, 51, 32, 35, 10, 9] to robotB
[ccr_fake_execution-2] [INFO] [1729089574.893714724] [ccr_fake_execution]: got plan for robotB: [55, 39, 53, 51, 32, 35, 10, 9]
[ccr_fake_execution-2] [INFO] [1729089575.882514155] [ccr_fake_execution]: robotB: 55 -> 39
[ccr_centralized_planner-3] [INFO] [1729089575.883401236] [ccr_centralized_planner]: Received state 32 from robotA
[ccr_centralized_planner-3] [INFO] [1729089575.884082932] [ccr_centralized_planner]: Received state 39 from robotB
[ccr_centralized_planner-3] [INFO] [1729089575.891912734] [ccr_centralized_planner]: 
[ccr_centralized_planner-3] 
[ccr_centralized_planner-3]  replaned due to time difference limit : 2 
[ccr_centralized_planner-3] 
[ccr_centralized_planner-3] [INFO] [1729089575.912681133] [ccr_centralized_planner]: Sent plan [32, 35, 10, 9] to robotA
[ccr_centralized_planner-3] [INFO] [1729089575.913000972] [ccr_centralized_planner]: Sent plan [39, 53, 51, 32, 35, 10, 9] to robotB
[ccr_fake_execution-2] [INFO] [1729089575.913136776] [ccr_fake_execution]: got plan for robotA: [32, 35, 10, 9]
[ccr_fake_execution-2] [INFO] [1729089575.913967452] [ccr_fake_execution]: got plan for robotB: [39, 53, 51, 32, 35, 10, 9]
[ccr_fake_execution-2] [INFO] [1729089576.882645374] [ccr_fake_execution]: robotA: 32 -> 35
[ccr_fake_execution-2] [INFO] [1729089576.883150009] [ccr_fake_execution]: robotB: 39 -> 53
[ccr_centralized_planner-3] [INFO] [1729089576.883886137] [ccr_centralized_planner]: Received state 35 from robotA
[ccr_centralized_planner-3] [INFO] [1729089576.884718666] [ccr_centralized_planner]: Received state 53 from robotB
[ccr_centralized_planner-3] [INFO] [1729089576.891908761] [ccr_centralized_planner]: 
[ccr_centralized_planner-3] 
[ccr_centralized_planner-3]  did not replan 
[ccr_centralized_planner-3] 
[ccr_centralized_planner-3] [INFO] [1729089576.892463780] [ccr_centralized_planner]: Sent plan [35, 10, 9] to robotA
[ccr_fake_execution-2] [INFO] [1729089576.892913873] [ccr_fake_execution]: got plan for robotA: [35, 10, 9]
[ccr_centralized_planner-3] [INFO] [1729089576.892935704] [ccr_centralized_planner]: Sent plan [53, 51, 32, 35, 10, 9] to robotB
[ccr_fake_execution-2] [INFO] [1729089576.893892455] [ccr_fake_execution]: got plan for robotB: [53, 51, 32, 35, 10, 9]
[ccr_fake_execution-2] [INFO] [1729089577.882628186] [ccr_fake_execution]: robotA: 35 -> 10
[ccr_fake_execution-2] [INFO] [1729089577.883128834] [ccr_fake_execution]: robotB: 53 -> 51
[ccr_centralized_planner-3] [INFO] [1729089577.883949460] [ccr_centralized_planner]: Received state 10 from robotA
[ccr_centralized_planner-3] [INFO] [1729089577.884879712] [ccr_centralized_planner]: Received state 51 from robotB
[ccr_centralized_planner-3] [INFO] [1729089577.891882385] [ccr_centralized_planner]: 
[ccr_centralized_planner-3] 
[ccr_centralized_planner-3]  did not replan 
[ccr_centralized_planner-3] 
[ccr_centralized_planner-3] [INFO] [1729089577.892594158] [ccr_centralized_planner]: Sent plan [10, 9] to robotA
[ccr_fake_execution-2] [INFO] [1729089577.892801846] [ccr_fake_execution]: got plan for robotA: [10, 9]
[ccr_centralized_planner-3] [INFO] [1729089577.893246589] [ccr_centralized_planner]: Sent plan [51, 32, 35, 10, 9] to robotB
[ccr_fake_execution-2] [INFO] [1729089577.893657859] [ccr_fake_execution]: got plan for robotB: [51, 32, 35, 10, 9]
[ccr_fake_execution-2] [INFO] [1729089578.882639411] [ccr_fake_execution]: robotA: 10 -> 9
[ccr_fake_execution-2] [INFO] [1729089578.883141452] [ccr_fake_execution]: robotB: 51 -> 32
[ccr_centralized_planner-3] [INFO] [1729089578.883922664] [ccr_centralized_planner]: Received state 9 from robotA
[ccr_goal_provider-1] [INFO] [1729089578.884162594] [ccr_goal_provider]: [32mgoal completed:[0m robotA reached goal 9, going to goal 1 within state 1
[ccr_centralized_planner-3] [INFO] [1729089578.884863196] [ccr_centralized_planner]: Received state 32 from robotB
[ccr_centralized_planner-3] [INFO] [1729089578.891755121] [ccr_centralized_planner]: 
[ccr_centralized_planner-3] 
[ccr_centralized_planner-3]  did not replan 
[ccr_centralized_planner-3] 
[ccr_centralized_planner-3] [INFO] [1729089578.892287187] [ccr_centralized_planner]: Sent plan [9] to robotA
[ccr_fake_execution-2] [INFO] [1729089578.892465261] [ccr_fake_execution]: got plan for robotA: [9]
[ccr_centralized_planner-3] [INFO] [1729089578.892785340] [ccr_centralized_planner]: Sent plan [32, 35, 10, 9] to robotB
[ccr_fake_execution-2] [INFO] [1729089578.893145514] [ccr_fake_execution]: got plan for robotB: [32, 35, 10, 9]
[ccr_centralized_planner-3] [INFO] [1729089578.981780266] [ccr_centralized_planner]: Received goal 1 from robotA
[ccr_fake_execution-2] [INFO] [1729089579.882625008] [ccr_fake_execution]: robotB: 32 -> 35
[ccr_centralized_planner-3] [INFO] [1729089579.883391674] [ccr_centralized_planner]: Received state 9 from robotA
[ccr_centralized_planner-3] [INFO] [1729089579.884241755] [ccr_centralized_planner]: Received state 35 from robotB
[ccr_centralized_planner-3] [INFO] [1729089579.891852096] [ccr_centralized_planner]: 
[ccr_centralized_planner-3] 
[ccr_centralized_planner-3]  replaned due to new goal
[ccr_centralized_planner-3] 
[ccr_centralized_planner-3] [INFO] [1729089579.913112798] [ccr_centralized_planner]: Sent plan [9, 11, 35, 50, 51, 53, 39, 55, 56, 57, 5, 1] to robotA
[ccr_centralized_planner-3] [INFO] [1729089579.913450600] [ccr_centralized_planner]: Sent plan [35, 10, 9] to robotB
[ccr_fake_execution-2] [INFO] [1729089579.913534237] [ccr_fake_execution]: got plan for robotA: [9, 11, 35, 50, 51, 53, 39, 55, 56, 57, 5, 1]
[ccr_fake_execution-2] [INFO] [1729089579.914377225] [ccr_fake_execution]: got plan for robotB: [35, 10, 9]
[ccr_fake_execution-2] [INFO] [1729089580.882602410] [ccr_fake_execution]: robotA: 9 -> 11
[ccr_centralized_planner-3] [INFO] [1729089580.883337176] [ccr_centralized_planner]: Received state 11 from robotA
[ccr_centralized_planner-3] [INFO] [1729089580.884176297] [ccr_centralized_planner]: Received state 35 from robotB
[ccr_centralized_planner-3] [INFO] [1729089580.891837342] [ccr_centralized_planner]: 
[ccr_centralized_planner-3] 
[ccr_centralized_planner-3]  did not replan 
[ccr_centralized_planner-3] 
[ccr_centralized_planner-3] [INFO] [1729089580.892433158] [ccr_centralized_planner]: Sent plan [11, 35, 50, 51, 53, 39, 55, 56, 57, 5, 1] to robotA
[ccr_fake_execution-2] [INFO] [1729089580.892695770] [ccr_fake_execution]: got plan for robotA: [11, 35, 50, 51, 53, 39, 55, 56, 57, 5, 1]
[ccr_centralized_planner-3] [INFO] [1729089580.892985723] [ccr_centralized_planner]: Sent plan [35, 10, 9] to robotB
[ccr_fake_execution-2] [INFO] [1729089580.893553376] [ccr_fake_execution]: got plan for robotB: [35, 10, 9]
[ccr_fake_execution-2] [INFO] [1729089581.882601883] [ccr_fake_execution]: robotA: 11 -> 35
[ccr_centralized_planner-3] [INFO] [1729089581.883542184] [ccr_centralized_planner]: Received state 35 from robotA
[ccr_centralized_planner-3] [INFO] [1729089581.884592240] [ccr_centralized_planner]: Received state 35 from robotB
[ccr_centralized_planner-3] [INFO] [1729089581.891854339] [ccr_centralized_planner]: 
[ccr_centralized_planner-3] 
[ccr_centralized_planner-3]  replaned due to time difference limit : 2 
[ccr_centralized_planner-3] 
[ccr_centralized_planner-3] [INFO] [1729089581.913264890] [ccr_centralized_planner]: ################# Error ##################
[ccr_centralized_planner-3] Traceback (most recent call last):
[ccr_centralized_planner-3]   File "/home/phlinke/ros/driving_swarm_infrastructure/install/ccr/lib/ccr/ccr_centralized_planner", line 33, in <module>
[ccr_centralized_planner-3]     sys.exit(load_entry_point('ccr==0.0.0', 'console_scripts', 'ccr_centralized_planner')())
[ccr_centralized_planner-3]   File "/home/phlinke/ros/driving_swarm_infrastructure/install/ccr/lib/python3.10/site-packages/ccr/ccr_centralized_planner.py", line 214, in main
[ccr_centralized_planner-3]     main_fn('ccr_centralized_planner', CCRCentralizedPlanner)
[ccr_centralized_planner-3]   File "/home/phlinke/ros/driving_swarm_infrastructure/install/driving_swarm_utils/lib/python3.10/site-packages/driving_swarm_utils/node.py", line 164, in main_fn
[ccr_centralized_planner-3]     rclpy.spin(node)
[ccr_centralized_planner-3]   File "/opt/ros/humble/local/lib/python3.10/dist-packages/rclpy/__init__.py", line 222, in spin
[ccr_centralized_planner-3]     executor.spin_once()
[ccr_centralized_planner-3]   File "/opt/ros/humble/local/lib/python3.10/dist-packages/rclpy/executors.py", line 713, in spin_once
[ccr_centralized_planner-3]     raise handler.exception()
[ccr_centralized_planner-3]   File "/opt/ros/humble/local/lib/python3.10/dist-packages/rclpy/task.py", line 239, in __call__
[ccr_centralized_planner-3]     self._handler.send(None)
[ccr_centralized_planner-3]   File "/opt/ros/humble/local/lib/python3.10/dist-packages/rclpy/executors.py", line 418, in handler
[ccr_centralized_planner-3]     await call_coroutine(entity, arg)
[ccr_centralized_planner-3]   File "/opt/ros/humble/local/lib/python3.10/dist-packages/rclpy/executors.py", line 332, in _execute_timer
[ccr_centralized_planner-3]     await await_or_execute(tmr.callback)
[ccr_centralized_planner-3]   File "/opt/ros/humble/local/lib/python3.10/dist-packages/rclpy/executors.py", line 107, in await_or_execute
[ccr_centralized_planner-3]     return callback(*args)
[ccr_centralized_planner-3]   File "/home/phlinke/ros/driving_swarm_infrastructure/install/ccr/lib/python3.10/site-packages/ccr/ccr_centralized_planner.py", line 196, in distribute_plans
[ccr_centralized_planner-3]     self.generate_plan_for_robots()
[ccr_centralized_planner-3]   File "/home/phlinke/ros/driving_swarm_infrastructure/install/ccr/lib/python3.10/site-packages/ccr/ccr_centralized_planner.py", line 130, in generate_plan_for_robots
[ccr_centralized_planner-3]     for i in range(len(all_plans.plans)) :
[ccr_centralized_planner-3] AttributeError: 'list' object has no attribute 'plans'
[ERROR] [ccr_centralized_planner-3]: process has died [pid 82631, exit code 1, cmd '/home/phlinke/ros/driving_swarm_infrastructure/install/ccr/lib/ccr/ccr_centralized_planner --ros-args --params-file /tmp/launch_params_rn0ao6jw --params-file /tmp/launch_params_mic8pdev --params-file /tmp/launch_params_ifhb6kcb --params-file /tmp/launch_params_7z2q1ncu'].
[ccr_fake_execution-2] [WARN] [1729089582.882724566] [ccr_fake_execution]: robotA is not at the expected state 11, instead at 35
[ccr_fake_execution-2] [INFO] [1729089583.882628681] [ccr_fake_execution]: robotB: 35 -> 10
[ccr_fake_execution-2] [WARN] [1729089584.882711701] [ccr_fake_execution]: robotA is not at the expected state 11, instead at 35
[ccr_fake_execution-2] [WARN] [1729089584.883316123] [ccr_fake_execution]: robotB is not at the expected state 35, instead at 10
[ccr_fake_execution-2] [WARN] [1729089585.882848530] [ccr_fake_execution]: robotB is not at the expected state 35, instead at 10
[ccr_fake_execution-2] [WARN] [1729089586.882725565] [ccr_fake_execution]: robotB is not at the expected state 35, instead at 10
[ccr_fake_execution-2] [WARN] [1729089587.882686796] [ccr_fake_execution]: robotB is not at the expected state 35, instead at 10
[ccr_fake_execution-2] [WARN] [1729089588.882689084] [ccr_fake_execution]: robotA is not at the expected state 11, instead at 35
[ccr_fake_execution-2] [WARN] [1729089588.883268098] [ccr_fake_execution]: robotB is not at the expected state 35, instead at 10
[ccr_fake_execution-2] [WARN] [1729089592.882728755] [ccr_fake_execution]: robotA is not at the expected state 11, instead at 35
[ccr_fake_execution-2] [WARN] [1729089592.883364916] [ccr_fake_execution]: robotB is not at the expected state 35, instead at 10
[ccr_fake_execution-2] [WARN] [1729089593.882718329] [ccr_fake_execution]: robotB is not at the expected state 35, instead at 10
[ccr_fake_execution-2] [WARN] [1729089594.882705900] [ccr_fake_execution]: robotB is not at the expected state 35, instead at 10
[ccr_fake_execution-2] [WARN] [1729089595.882705603] [ccr_fake_execution]: robotA is not at the expected state 11, instead at 35
[ccr_fake_execution-2] [WARN] [1729089595.883281281] [ccr_fake_execution]: robotB is not at the expected state 35, instead at 10
[ccr_fake_execution-2] [WARN] [1729089596.882708032] [ccr_fake_execution]: robotA is not at the expected state 11, instead at 35
[ccr_fake_execution-2] [WARN] [1729089596.883285994] [ccr_fake_execution]: robotB is not at the expected state 35, instead at 10
[ccr_fake_execution-2] [WARN] [1729089597.882708126] [ccr_fake_execution]: robotA is not at the expected state 11, instead at 35
[ccr_fake_execution-2] [WARN] [1729089598.882709252] [ccr_fake_execution]: robotA is not at the expected state 11, instead at 35
[ccr_fake_execution-2] [WARN] [1729089599.882690731] [ccr_fake_execution]: robotB is not at the expected state 35, instead at 10
[ccr_fake_execution-2] [WARN] [1729089600.882938529] [ccr_fake_execution]: robotA is not at the expected state 11, instead at 35
[ccr_fake_execution-2] [WARN] [1729089601.882829079] [ccr_fake_execution]: robotA is not at the expected state 11, instead at 35
[ccr_fake_execution-2] [WARN] [1729089601.883494445] [ccr_fake_execution]: robotB is not at the expected state 35, instead at 10
[ccr_fake_execution-2] [WARN] [1729089604.882781372] [ccr_fake_execution]: robotA is not at the expected state 11, instead at 35
[ccr_fake_execution-2] [WARN] [1729089605.882901039] [ccr_fake_execution]: robotA is not at the expected state 11, instead at 35
[ccr_fake_execution-2] [WARN] [1729089606.882797389] [ccr_fake_execution]: robotA is not at the expected state 11, instead at 35
[ccr_fake_execution-2] [WARN] [1729089606.883417100] [ccr_fake_execution]: robotB is not at the expected state 35, instead at 10
[ccr_fake_execution-2] [WARN] [1729089607.882799798] [ccr_fake_execution]: robotA is not at the expected state 11, instead at 35
[ccr_fake_execution-2] [WARN] [1729089607.883420440] [ccr_fake_execution]: robotB is not at the expected state 35, instead at 10
[ccr_fake_execution-2] [WARN] [1729089609.882734634] [ccr_fake_execution]: robotA is not at the expected state 11, instead at 35
[ccr_fake_execution-2] [WARN] [1729089610.882879590] [ccr_fake_execution]: robotA is not at the expected state 11, instead at 35
[ccr_fake_execution-2] [WARN] [1729089612.882734175] [ccr_fake_execution]: robotA is not at the expected state 11, instead at 35
[ccr_fake_execution-2] [WARN] [1729089614.882731588] [ccr_fake_execution]: robotA is not at the expected state 11, instead at 35
[ccr_fake_execution-2] [WARN] [1729089615.882815820] [ccr_fake_execution]: robotB is not at the expected state 35, instead at 10
[ccr_fake_execution-2] [WARN] [1729089616.882858323] [ccr_fake_execution]: robotB is not at the expected state 35, instead at 10
[ccr_fake_execution-2] [WARN] [1729089617.882791241] [ccr_fake_execution]: robotA is not at the expected state 11, instead at 35
[ccr_fake_execution-2] [WARN] [1729089617.883441839] [ccr_fake_execution]: robotB is not at the expected state 35, instead at 10
[ccr_fake_execution-2] [WARN] [1729089618.882796275] [ccr_fake_execution]: robotA is not at the expected state 11, instead at 35
[ccr_fake_execution-2] [WARN] [1729089618.883439419] [ccr_fake_execution]: robotB is not at the expected state 35, instead at 10
[ccr_fake_execution-2] [WARN] [1729089620.882738094] [ccr_fake_execution]: robotA is not at the expected state 11, instead at 35
[ccr_fake_execution-2] [WARN] [1729089620.883371430] [ccr_fake_execution]: robotB is not at the expected state 35, instead at 10
[ccr_fake_execution-2] [WARN] [1729089623.882750890] [ccr_fake_execution]: robotA is not at the expected state 11, instead at 35
[ccr_fake_execution-2] [WARN] [1729089625.882724268] [ccr_fake_execution]: robotA is not at the expected state 11, instead at 35
[ccr_fake_execution-2] [WARN] [1729089626.882714703] [ccr_fake_execution]: robotB is not at the expected state 35, instead at 10
[ccr_fake_execution-2] [WARN] [1729089627.882695201] [ccr_fake_execution]: robotA is not at the expected state 11, instead at 35
[ccr_fake_execution-2] [WARN] [1729089627.883342824] [ccr_fake_execution]: robotB is not at the expected state 35, instead at 10
[ccr_fake_execution-2] [WARN] [1729089629.882699396] [ccr_fake_execution]: robotB is not at the expected state 35, instead at 10
[ccr_fake_execution-2] [WARN] [1729089630.882708789] [ccr_fake_execution]: robotA is not at the expected state 11, instead at 35
[ccr_fake_execution-2] [WARN] [1729089630.883331585] [ccr_fake_execution]: robotB is not at the expected state 35, instead at 10
[ccr_fake_execution-2] [WARN] [1729089631.882690439] [ccr_fake_execution]: robotB is not at the expected state 35, instead at 10
[ccr_fake_execution-2] [WARN] [1729089632.882713676] [ccr_fake_execution]: robotB is not at the expected state 35, instead at 10
[ccr_fake_execution-2] [WARN] [1729089634.882697754] [ccr_fake_execution]: robotA is not at the expected state 11, instead at 35
[ccr_fake_execution-2] [WARN] [1729089634.883342401] [ccr_fake_execution]: robotB is not at the expected state 35, instead at 10
[ccr_fake_execution-2] [WARN] [1729089635.882704440] [ccr_fake_execution]: robotA is not at the expected state 11, instead at 35
[ccr_fake_execution-2] [WARN] [1729089635.883339439] [ccr_fake_execution]: robotB is not at the expected state 35, instead at 10
[ccr_fake_execution-2] [WARN] [1729089636.882710305] [ccr_fake_execution]: robotB is not at the expected state 35, instead at 10
[ccr_fake_execution-2] [WARN] [1729089641.882722179] [ccr_fake_execution]: robotB is not at the expected state 35, instead at 10
[ccr_fake_execution-2] [WARN] [1729089644.882724235] [ccr_fake_execution]: robotA is not at the expected state 11, instead at 35
[ccr_fake_execution-2] [WARN] [1729089644.883336862] [ccr_fake_execution]: robotB is not at the expected state 35, instead at 10
[ccr_fake_execution-2] [WARN] [1729089645.882727065] [ccr_fake_execution]: robotB is not at the expected state 35, instead at 10
[ccr_fake_execution-2] [WARN] [1729089646.882882370] [ccr_fake_execution]: robotB is not at the expected state 35, instead at 10
[ccr_fake_execution-2] [WARN] [1729089647.882996668] [ccr_fake_execution]: robotA is not at the expected state 11, instead at 35
[ccr_fake_execution-2] [WARN] [1729089647.883751100] [ccr_fake_execution]: robotB is not at the expected state 35, instead at 10
[ccr_fake_execution-2] [WARN] [1729089648.882876076] [ccr_fake_execution]: robotA is not at the expected state 11, instead at 35
[ccr_fake_execution-2] [WARN] [1729089649.882834011] [ccr_fake_execution]: robotB is not at the expected state 35, instead at 10
[ccr_fake_execution-2] [WARN] [1729089650.882866336] [ccr_fake_execution]: robotA is not at the expected state 11, instead at 35
[ccr_fake_execution-2] [WARN] [1729089650.883578880] [ccr_fake_execution]: robotB is not at the expected state 35, instead at 10
[ccr_fake_execution-2] [WARN] [1729089654.882824845] [ccr_fake_execution]: robotA is not at the expected state 11, instead at 35
[ccr_fake_execution-2] [WARN] [1729089654.883523013] [ccr_fake_execution]: robotB is not at the expected state 35, instead at 10
[ccr_fake_execution-2] [WARN] [1729089655.882899108] [ccr_fake_execution]: robotA is not at the expected state 11, instead at 35
[ccr_fake_execution-2] [WARN] [1729089655.883635126] [ccr_fake_execution]: robotB is not at the expected state 35, instead at 10
[ccr_fake_execution-2] [WARN] [1729089656.882812891] [ccr_fake_execution]: robotA is not at the expected state 11, instead at 35
[ccr_fake_execution-2] [WARN] [1729089656.883515316] [ccr_fake_execution]: robotB is not at the expected state 35, instead at 10
[ccr_fake_execution-2] [WARN] [1729089657.882833464] [ccr_fake_execution]: robotA is not at the expected state 11, instead at 35
[ccr_fake_execution-2] [WARN] [1729089658.882811005] [ccr_fake_execution]: robotB is not at the expected state 35, instead at 10
[ccr_fake_execution-2] [WARN] [1729089660.882868331] [ccr_fake_execution]: robotA is not at the expected state 11, instead at 35
[ccr_fake_execution-2] [WARN] [1729089660.883622313] [ccr_fake_execution]: robotB is not at the expected state 35, instead at 10
[ccr_fake_execution-2] [WARN] [1729089661.882766323] [ccr_fake_execution]: robotA is not at the expected state 11, instead at 35
[ccr_fake_execution-2] [WARN] [1729089661.883355046] [ccr_fake_execution]: robotB is not at the expected state 35, instead at 10
[ccr_fake_execution-2] [WARN] [1729089665.882895732] [ccr_fake_execution]: robotA is not at the expected state 11, instead at 35
[ccr_fake_execution-2] [WARN] [1729089666.882892831] [ccr_fake_execution]: robotA is not at the expected state 11, instead at 35
[ccr_fake_execution-2] [WARN] [1729089667.882895810] [ccr_fake_execution]: robotA is not at the expected state 11, instead at 35
[ccr_fake_execution-2] [WARN] [1729089667.883561076] [ccr_fake_execution]: robotB is not at the expected state 35, instead at 10
[ccr_fake_execution-2] [WARN] [1729089668.882895444] [ccr_fake_execution]: robotB is not at the expected state 35, instead at 10
[ccr_fake_execution-2] [WARN] [1729089670.882911361] [ccr_fake_execution]: robotA is not at the expected state 11, instead at 35
[ccr_fake_execution-2] [WARN] [1729089670.883535680] [ccr_fake_execution]: robotB is not at the expected state 35, instead at 10
[ccr_fake_execution-2] [WARN] [1729089671.882784348] [ccr_fake_execution]: robotB is not at the expected state 35, instead at 10
[ccr_fake_execution-2] [WARN] [1729089672.882779282] [ccr_fake_execution]: robotA is not at the expected state 11, instead at 35
[ccr_fake_execution-2] [WARN] [1729089672.883420513] [ccr_fake_execution]: robotB is not at the expected state 35, instead at 10
[ccr_fake_execution-2] [WARN] [1729089673.882708032] [ccr_fake_execution]: robotA is not at the expected state 11, instead at 35
[ccr_fake_execution-2] [WARN] [1729089673.883327082] [ccr_fake_execution]: robotB is not at the expected state 35, instead at 10
[ccr_fake_execution-2] [WARN] [1729089675.882706959] [ccr_fake_execution]: robotA is not at the expected state 11, instead at 35
[ccr_fake_execution-2] [WARN] [1729089675.883345915] [ccr_fake_execution]: robotB is not at the expected state 35, instead at 10
[ccr_fake_execution-2] [WARN] [1729089676.882704648] [ccr_fake_execution]: robotA is not at the expected state 11, instead at 35
[ccr_fake_execution-2] [WARN] [1729089676.883354575] [ccr_fake_execution]: robotB is not at the expected state 35, instead at 10
[ccr_fake_execution-2] [WARN] [1729089677.882687149] [ccr_fake_execution]: robotA is not at the expected state 11, instead at 35
[ccr_fake_execution-2] [WARN] [1729089677.883316408] [ccr_fake_execution]: robotB is not at the expected state 35, instead at 10
[ccr_fake_execution-2] [WARN] [1729089678.882752115] [ccr_fake_execution]: robotB is not at the expected state 35, instead at 10
[ccr_fake_execution-2] [WARN] [1729089679.882686456] [ccr_fake_execution]: robotA is not at the expected state 11, instead at 35
[ccr_fake_execution-2] [WARN] [1729089679.883310995] [ccr_fake_execution]: robotB is not at the expected state 35, instead at 10
[ccr_fake_execution-2] [WARN] [1729089680.882697431] [ccr_fake_execution]: robotB is not at the expected state 35, instead at 10
[ros2-4] [INFO] [1729089684.430496014] [rosbag2_recorder]: Subscribed to topic '/clock'
[ros2-4] [INFO] [1729089684.546297897] [rosbag2_recorder]: Subscribed to topic '/robotB/cmd_vel'
[ros2-4] [INFO] [1729089684.662258687] [rosbag2_recorder]: Subscribed to topic '/tf'
[ros2-4] [INFO] [1729089684.664389748] [rosbag2_recorder]: Subscribed to topic '/robotA/cmd_vel'
[ccr_fake_execution-2] [WARN] [1729089684.882855222] [ccr_fake_execution]: robotB is not at the expected state 35, instead at 10
[ros2-4] [INFO] [1729089685.344722675] [rosbag2_recorder]: Subscribed to topic '/robotB/scan'
[ros2-4] [INFO] [1729089685.577540815] [rosbag2_recorder]: Subscribed to topic '/robotA/scan'
[ccr_fake_execution-2] [WARN] [1729089685.882865044] [ccr_fake_execution]: robotA is not at the expected state 11, instead at 35
[ccr_fake_execution-2] [WARN] [1729089685.883376973] [ccr_fake_execution]: robotB is not at the expected state 35, instead at 10
[ros2-4] [INFO] [1729089686.162468461] [rosbag2_recorder]: Subscribed to topic '/robotB/status'
[ros2-4] [INFO] [1729089686.279546464] [rosbag2_recorder]: Subscribed to topic '/robotA/status'
[ccr_fake_execution-2] [WARN] [1729089686.883036149] [ccr_fake_execution]: robotB is not at the expected state 35, instead at 10
[ccr_fake_execution-2] [INFO] [1729089687.093064835] [ccr_fake_execution]: got plan for robotA: [35, 50, 51, 53, 39, 55, 56, 57, 5, 1]
[ccr_fake_execution-2] [INFO] [1729089687.094156038] [ccr_fake_execution]: got plan for robotB: [10, 9]
[ccr_fake_execution-2] [INFO] [1729089687.393389172] [ccr_fake_execution]: got plan for robotA: [35, 50, 51, 53, 39, 55, 56, 57, 5, 1]
[ccr_fake_execution-2] [INFO] [1729089687.394253571] [ccr_fake_execution]: got plan for robotB: [10, 9]
[ccr_fake_execution-2] [INFO] [1729089687.594674666] [ccr_fake_execution]: got plan for robotA: [35, 50, 51, 53, 39, 55, 56, 57, 5, 1]
[ccr_fake_execution-2] [INFO] [1729089687.595512395] [ccr_fake_execution]: got plan for robotB: [10, 9]
[ccr_fake_execution-2] [INFO] [1729089687.793156650] [ccr_fake_execution]: got plan for robotA: [35, 50, 51, 53, 39, 55, 56, 57, 5, 1]
[ccr_fake_execution-2] [INFO] [1729089687.794666417] [ccr_fake_execution]: got plan for robotB: [10, 9]
[ccr_fake_execution-2] [INFO] [1729089687.995009386] [ccr_fake_execution]: got plan for robotA: [35, 50, 51, 53, 39, 55, 56, 57, 5, 1]
[ccr_fake_execution-2] [INFO] [1729089687.996089088] [ccr_fake_execution]: got plan for robotB: [10, 9]
[ccr_fake_execution-2] [INFO] [1729089688.194853692] [ccr_fake_execution]: got plan for robotA: [35, 50, 51, 53, 39, 55, 56, 57, 5, 1]
[ccr_fake_execution-2] [INFO] [1729089688.197728535] [ccr_fake_execution]: got plan for robotB: [10, 9]
[ccr_fake_execution-2] [INFO] [1729089688.394466834] [ccr_fake_execution]: got plan for robotA: [35, 50, 51, 53, 39, 55, 56, 57, 5, 1]
[ccr_fake_execution-2] [INFO] [1729089688.395280548] [ccr_fake_execution]: got plan for robotB: [10, 9]
[ccr_fake_execution-2] [INFO] [1729089688.595722472] [ccr_fake_execution]: got plan for robotA: [35, 50, 51, 53, 39, 55, 56, 57, 5, 1]
[ccr_fake_execution-2] [INFO] [1729089688.597020242] [ccr_fake_execution]: got plan for robotB: [10, 9]
[ccr_fake_execution-2] [INFO] [1729089688.883145772] [ccr_fake_execution]: robotB: 10 -> 9
[ccr_goal_provider-1] [INFO] [1729089688.884667962] [ccr_goal_provider]: [32mgoal completed:[0m robotB reached goal 9, going to goal 0 within state 1
[ccr_fake_execution-2] [INFO] [1729089688.895651690] [ccr_fake_execution]: got plan for robotA: [35, 50, 51, 53, 39, 55, 56, 57, 5, 1]
[ccr_fake_execution-2] [INFO] [1729089688.896665559] [ccr_fake_execution]: got plan for robotB: [10, 9]
[ccr_fake_execution-2] [INFO] [1729089689.097904556] [ccr_fake_execution]: got plan for robotA: [35, 50, 51, 53, 39, 55, 56, 57, 5, 1]
[ccr_fake_execution-2] [INFO] [1729089689.099134018] [ccr_fake_execution]: got plan for robotB: [9, 11, 35, 50, 51, 53, 39, 55, 56, 57, 5, 1]
[ccr_fake_execution-2] [INFO] [1729089689.299128815] [ccr_fake_execution]: got plan for robotA: [35, 50, 51, 53, 39, 55, 56, 57, 5, 1]
[ccr_fake_execution-2] [INFO] [1729089689.300592335] [ccr_fake_execution]: got plan for robotB: [9, 11, 35, 50, 51, 53, 39, 55, 56, 57, 5, 1]
[ccr_fake_execution-2] [INFO] [1729089689.499585927] [ccr_fake_execution]: got plan for robotA: [35, 50, 51, 53, 39, 55, 56, 57, 5, 1]
[ccr_fake_execution-2] [INFO] [1729089689.500546926] [ccr_fake_execution]: got plan for robotB: [9, 11, 35, 50, 51, 53, 39, 55, 56, 57, 5, 1]
[ccr_fake_execution-2] [INFO] [1729089689.701412214] [ccr_fake_execution]: got plan for robotA: [35, 50, 51, 53, 39, 55, 56, 57, 5, 1]
[ccr_fake_execution-2] [INFO] [1729089689.702537080] [ccr_fake_execution]: got plan for robotB: [9, 11, 35, 50, 51, 53, 39, 55, 56, 57, 5, 1]
[ccr_fake_execution-2] [INFO] [1729089689.882788788] [ccr_fake_execution]: robotB: 9 -> 11
[ccr_fake_execution-2] [INFO] [1729089689.898556273] [ccr_fake_execution]: got plan for robotA: [35, 50, 51, 53, 39, 55, 56, 57, 5, 1]
[ccr_fake_execution-2] [INFO] [1729089689.899609615] [ccr_fake_execution]: got plan for robotB: [9, 11, 35, 50, 51, 53, 39, 55, 56, 57, 5, 1]
[ccr_fake_execution-2] [INFO] [1729089690.205988861] [ccr_fake_execution]: got plan for robotA: [35, 50, 51, 53, 39, 55, 56, 57, 5, 1]
[ccr_fake_execution-2] [INFO] [1729089690.206856966] [ccr_fake_execution]: got plan for robotB: [11, 11, 35, 50, 51, 53, 39, 27, 40, 45, 44, 1]
[ccr_fake_execution-2] [INFO] [1729089690.401979801] [ccr_fake_execution]: got plan for robotA: [35, 50, 51, 53, 39, 55, 56, 57, 5, 1]
[ccr_fake_execution-2] [INFO] [1729089690.403116860] [ccr_fake_execution]: got plan for robotB: [11, 11, 35, 50, 51, 53, 39, 27, 40, 45, 44, 1]
[ccr_fake_execution-2] [INFO] [1729089690.605511260] [ccr_fake_execution]: got plan for robotA: [35, 50, 51, 53, 39, 55, 56, 57, 5, 1]
[ccr_fake_execution-2] [INFO] [1729089690.606572357] [ccr_fake_execution]: got plan for robotB: [11, 11, 35, 50, 51, 53, 39, 27, 40, 45, 44, 1]
[ccr_fake_execution-2] [INFO] [1729089690.805026640] [ccr_fake_execution]: got plan for robotA: [35, 50, 51, 53, 39, 55, 56, 57, 5, 1]
[ccr_fake_execution-2] [INFO] [1729089690.806317777] [ccr_fake_execution]: got plan for robotB: [11, 11, 35, 50, 51, 53, 39, 27, 40, 45, 44, 1]
[ccr_fake_execution-2] [INFO] [1729089691.007203202] [ccr_fake_execution]: got plan for robotA: [35, 50, 51, 53, 39, 55, 56, 57, 5, 1]
[ccr_fake_execution-2] [INFO] [1729089691.008633250] [ccr_fake_execution]: got plan for robotB: [11, 11, 35, 50, 51, 53, 39, 27, 40, 45, 44, 1]
[ccr_goal_provider-1] [INFO] [1729089691.107483821] [ccr_goal_provider]: [32mgoal completed:[0m robotA reached goal 1, going to goal 0 within state 9
[ccr_fake_execution-2] [INFO] [1729089691.202348307] [ccr_fake_execution]: got plan for robotA: [1]
[ccr_fake_execution-2] [INFO] [1729089691.203567500] [ccr_fake_execution]: got plan for robotB: [11, 35, 50, 51, 53, 39, 55, 56, 57, 5, 1]
[ccr_fake_execution-2] [INFO] [1729089691.409856665] [ccr_fake_execution]: got plan for robotA: [1, 44, 45, 40, 27, 25, 24, 33, 32, 31, 10, 9]
[ccr_fake_execution-2] [INFO] [1729089691.410719811] [ccr_fake_execution]: got plan for robotB: [9, 11, 35, 50, 51, 53, 39, 55, 56, 57, 5, 1]
[ccr_fake_execution-2] [INFO] [1729089691.677650417] [ccr_fake_execution]: got plan for robotA: [1, 44, 45, 40, 27, 25, 24, 33, 32, 31, 10, 9]
[ccr_fake_execution-2] [INFO] [1729089691.678970509] [ccr_fake_execution]: got plan for robotB: [9, 11, 35, 50, 51, 53, 39, 55, 56, 57, 5, 1]
[ccr_fake_execution-2] [INFO] [1729089691.878374049] [ccr_fake_execution]: got plan for robotA: [1, 44, 45, 40, 27, 25, 24, 33, 32, 31, 10, 9]
[ccr_fake_execution-2] [INFO] [1729089691.879107332] [ccr_fake_execution]: got plan for robotB: [9, 11, 35, 50, 51, 53, 39, 55, 56, 57, 5, 1]
[ccr_fake_execution-2] [INFO] [1729089692.079587227] [ccr_fake_execution]: got plan for robotA: [1, 44, 45, 40, 27, 25, 24, 33, 32, 31, 10, 9]
[ccr_fake_execution-2] [INFO] [1729089692.081116371] [ccr_fake_execution]: got plan for robotB: [11, 35, 50, 51, 53, 39, 55, 56, 57, 5, 1]
[ccr_fake_execution-2] [WARN] [1729089694.882904905] [ccr_fake_execution]: robotA is not at the expected state 1, instead at 35
[ccr_fake_execution-2] [INFO] [1729089694.883447210] [ccr_fake_execution]: robotB: 11 -> 35
[ccr_fake_execution-2] [WARN] [1729089695.882921901] [ccr_fake_execution]: robotB is not at the expected state 11, instead at 35
[ccr_fake_execution-2] [WARN] [1729089696.882862043] [ccr_fake_execution]: robotA is not at the expected state 1, instead at 35
[ccr_fake_execution-2] [WARN] [1729089697.882831239] [ccr_fake_execution]: robotA is not at the expected state 1, instead at 35
[ccr_fake_execution-2] [WARN] [1729089698.882863694] [ccr_fake_execution]: robotA is not at the expected state 1, instead at 35
[ccr_fake_execution-2] [WARN] [1729089699.882825527] [ccr_fake_execution]: robotB is not at the expected state 11, instead at 35
[ccr_fake_execution-2] [WARN] [1729089700.882811014] [ccr_fake_execution]: robotB is not at the expected state 11, instead at 35
[ccr_fake_execution-2] [WARN] [1729089702.882832583] [ccr_fake_execution]: robotA is not at the expected state 1, instead at 35
[ccr_fake_execution-2] [WARN] [1729089703.882812429] [ccr_fake_execution]: robotA is not at the expected state 1, instead at 35
[ccr_fake_execution-2] [WARN] [1729089703.883504485] [ccr_fake_execution]: robotB is not at the expected state 11, instead at 35
[ccr_fake_execution-2] [WARN] [1729089704.882776326] [ccr_fake_execution]: robotA is not at the expected state 1, instead at 35
[ccr_fake_execution-2] [WARN] [1729089705.882812858] [ccr_fake_execution]: robotA is not at the expected state 1, instead at 35
[ccr_fake_execution-2] [WARN] [1729089706.882863257] [ccr_fake_execution]: robotA is not at the expected state 1, instead at 35
[ccr_fake_execution-2] [WARN] [1729089707.882778581] [ccr_fake_execution]: robotA is not at the expected state 1, instead at 35
[ccr_fake_execution-2] [WARN] [1729089708.882855498] [ccr_fake_execution]: robotA is not at the expected state 1, instead at 35
[ccr_fake_execution-2] [WARN] [1729089708.883599211] [ccr_fake_execution]: robotB is not at the expected state 11, instead at 35
[ccr_fake_execution-2] [WARN] [1729089709.882780341] [ccr_fake_execution]: robotA is not at the expected state 1, instead at 35
[ccr_fake_execution-2] [WARN] [1729089709.883393239] [ccr_fake_execution]: robotB is not at the expected state 11, instead at 35
[ccr_fake_execution-2] [WARN] [1729089710.882739637] [ccr_fake_execution]: robotA is not at the expected state 1, instead at 35
[ccr_fake_execution-2] [WARN] [1729089710.883324873] [ccr_fake_execution]: robotB is not at the expected state 11, instead at 35
[ccr_fake_execution-2] [WARN] [1729089712.882738361] [ccr_fake_execution]: robotA is not at the expected state 1, instead at 35
[ccr_fake_execution-2] [WARN] [1729089714.882744650] [ccr_fake_execution]: robotB is not at the expected state 11, instead at 35
[ccr_fake_execution-2] [WARN] [1729089716.882744105] [ccr_fake_execution]: robotB is not at the expected state 11, instead at 35
[ccr_fake_execution-2] [WARN] [1729089717.882729541] [ccr_fake_execution]: robotA is not at the expected state 1, instead at 35
[ccr_fake_execution-2] [WARN] [1729089717.883314217] [ccr_fake_execution]: robotB is not at the expected state 11, instead at 35
[ccr_fake_execution-2] [WARN] [1729089718.882713705] [ccr_fake_execution]: robotA is not at the expected state 1, instead at 35
[ccr_fake_execution-2] [WARN] [1729089718.883300804] [ccr_fake_execution]: robotB is not at the expected state 11, instead at 35
[ccr_fake_execution-2] [WARN] [1729089721.882770080] [ccr_fake_execution]: robotA is not at the expected state 1, instead at 35
[ccr_fake_execution-2] [WARN] [1729089721.883375043] [ccr_fake_execution]: robotB is not at the expected state 11, instead at 35
[ccr_fake_execution-2] [WARN] [1729089725.882750297] [ccr_fake_execution]: robotB is not at the expected state 11, instead at 35
[ccr_fake_execution-2] [WARN] [1729089728.882782227] [ccr_fake_execution]: robotA is not at the expected state 1, instead at 35
[ccr_fake_execution-2] [WARN] [1729089729.882769857] [ccr_fake_execution]: robotA is not at the expected state 1, instead at 35
[ccr_fake_execution-2] [WARN] [1729089735.882759437] [ccr_fake_execution]: robotB is not at the expected state 11, instead at 35
[ccr_fake_execution-2] [WARN] [1729089737.882707347] [ccr_fake_execution]: robotA is not at the expected state 1, instead at 35
[ccr_fake_execution-2] [WARN] [1729089738.882705547] [ccr_fake_execution]: robotA is not at the expected state 1, instead at 35
[ccr_fake_execution-2] [WARN] [1729089741.882748628] [ccr_fake_execution]: robotA is not at the expected state 1, instead at 35
[ccr_fake_execution-2] [WARN] [1729089742.882712613] [ccr_fake_execution]: robotB is not at the expected state 11, instead at 35
[ccr_fake_execution-2] [WARN] [1729089746.882755036] [ccr_fake_execution]: robotA is not at the expected state 1, instead at 35
[ccr_fake_execution-2] [WARN] [1729089746.883558181] [ccr_fake_execution]: robotB is not at the expected state 11, instead at 35
[ccr_fake_execution-2] [WARN] [1729089747.882733960] [ccr_fake_execution]: robotA is not at the expected state 1, instead at 35
[ccr_fake_execution-2] [WARN] [1729089750.882772262] [ccr_fake_execution]: robotA is not at the expected state 1, instead at 35
[ccr_fake_execution-2] [WARN] [1729089750.883364561] [ccr_fake_execution]: robotB is not at the expected state 11, instead at 35
[ccr_fake_execution-2] [WARN] [1729089751.882733001] [ccr_fake_execution]: robotA is not at the expected state 1, instead at 35
[ccr_fake_execution-2] [WARN] [1729089751.883314090] [ccr_fake_execution]: robotB is not at the expected state 11, instead at 35
[ccr_fake_execution-2] [WARN] [1729089752.882717356] [ccr_fake_execution]: robotA is not at the expected state 1, instead at 35
[ccr_fake_execution-2] [WARN] [1729089753.882712800] [ccr_fake_execution]: robotA is not at the expected state 1, instead at 35
[ccr_fake_execution-2] [WARN] [1729089753.883297575] [ccr_fake_execution]: robotB is not at the expected state 11, instead at 35
[ccr_fake_execution-2] [WARN] [1729089755.882721082] [ccr_fake_execution]: robotA is not at the expected state 1, instead at 35
[ccr_fake_execution-2] [WARN] [1729089755.883307210] [ccr_fake_execution]: robotB is not at the expected state 11, instead at 35
[ccr_fake_execution-2] [WARN] [1729089756.882701017] [ccr_fake_execution]: robotA is not at the expected state 1, instead at 35
[ccr_fake_execution-2] [WARN] [1729089756.883284180] [ccr_fake_execution]: robotB is not at the expected state 11, instead at 35
[ccr_fake_execution-2] [WARN] [1729089757.882707864] [ccr_fake_execution]: robotA is not at the expected state 1, instead at 35
[ccr_fake_execution-2] [WARN] [1729089758.882729467] [ccr_fake_execution]: robotA is not at the expected state 1, instead at 35
[ccr_fake_execution-2] [WARN] [1729089758.883317709] [ccr_fake_execution]: robotB is not at the expected state 11, instead at 35
[ccr_fake_execution-2] [WARN] [1729089759.882741514] [ccr_fake_execution]: robotA is not at the expected state 1, instead at 35
[ccr_fake_execution-2] [WARN] [1729089762.882748316] [ccr_fake_execution]: robotA is not at the expected state 1, instead at 35
[ccr_fake_execution-2] [WARN] [1729089763.882746646] [ccr_fake_execution]: robotA is not at the expected state 1, instead at 35
[ccr_fake_execution-2] [WARN] [1729089763.883352732] [ccr_fake_execution]: robotB is not at the expected state 11, instead at 35
[ccr_fake_execution-2] [WARN] [1729089764.882888856] [ccr_fake_execution]: robotA is not at the expected state 1, instead at 35
[ccr_fake_execution-2] [WARN] [1729089764.883505020] [ccr_fake_execution]: robotB is not at the expected state 11, instead at 35
[ccr_fake_execution-2] [WARN] [1729089765.882965323] [ccr_fake_execution]: robotB is not at the expected state 11, instead at 35
[ccr_fake_execution-2] [WARN] [1729089766.882921063] [ccr_fake_execution]: robotA is not at the expected state 1, instead at 35
[ccr_fake_execution-2] [WARN] [1729089767.882774833] [ccr_fake_execution]: robotA is not at the expected state 1, instead at 35
[ccr_fake_execution-2] [WARN] [1729089768.882712400] [ccr_fake_execution]: robotB is not at the expected state 11, instead at 35
[ccr_fake_execution-2] [WARN] [1729089769.882852435] [ccr_fake_execution]: robotB is not at the expected state 11, instead at 35
[ccr_fake_execution-2] [WARN] [1729089771.882783102] [ccr_fake_execution]: robotA is not at the expected state 1, instead at 35
[ccr_fake_execution-2] [WARN] [1729089771.883377556] [ccr_fake_execution]: robotB is not at the expected state 11, instead at 35
[ccr_fake_execution-2] [WARN] [1729089772.882732331] [ccr_fake_execution]: robotA is not at the expected state 1, instead at 35
[ccr_fake_execution-2] [WARN] [1729089773.882788099] [ccr_fake_execution]: robotA is not at the expected state 1, instead at 35
[ccr_fake_execution-2] [WARN] [1729089773.883384697] [ccr_fake_execution]: robotB is not at the expected state 11, instead at 35
[ccr_fake_execution-2] [WARN] [1729089774.882793723] [ccr_fake_execution]: robotB is not at the expected state 11, instead at 35
[ccr_fake_execution-2] [WARN] [1729089776.882774905] [ccr_fake_execution]: robotA is not at the expected state 1, instead at 35
[ccr_fake_execution-2] [WARN] [1729089777.882778755] [ccr_fake_execution]: robotB is not at the expected state 11, instead at 35
[ccr_fake_execution-2] [WARN] [1729089778.882748191] [ccr_fake_execution]: robotA is not at the expected state 1, instead at 35
[ccr_fake_execution-2] [WARN] [1729089779.882744246] [ccr_fake_execution]: robotA is not at the expected state 1, instead at 35
[ccr_fake_execution-2] [WARN] [1729089779.883336535] [ccr_fake_execution]: robotB is not at the expected state 11, instead at 35
[ccr_fake_execution-2] [WARN] [1729089780.882828507] [ccr_fake_execution]: robotA is not at the expected state 1, instead at 35
[ccr_fake_execution-2] [WARN] [1729089781.882777505] [ccr_fake_execution]: robotB is not at the expected state 11, instead at 35
[ccr_fake_execution-2] [WARN] [1729089782.882790092] [ccr_fake_execution]: robotB is not at the expected state 11, instead at 35
[ccr_fake_execution-2] [WARN] [1729089783.882761000] [ccr_fake_execution]: robotA is not at the expected state 1, instead at 35
[ccr_fake_execution-2] [WARN] [1729089783.883354502] [ccr_fake_execution]: robotB is not at the expected state 11, instead at 35
[ccr_fake_execution-2] [WARN] [1729089784.882820916] [ccr_fake_execution]: robotA is not at the expected state 1, instead at 35
[ccr_fake_execution-2] [WARN] [1729089784.883417012] [ccr_fake_execution]: robotB is not at the expected state 11, instead at 35
[ccr_fake_execution-2] [WARN] [1729089785.882927620] [ccr_fake_execution]: robotA is not at the expected state 1, instead at 35
[ccr_fake_execution-2] [WARN] [1729089785.883541219] [ccr_fake_execution]: robotB is not at the expected state 11, instead at 35
[ccr_fake_execution-2] [WARN] [1729089786.882740752] [ccr_fake_execution]: robotA is not at the expected state 1, instead at 35
[ccr_fake_execution-2] [WARN] [1729089786.883328323] [ccr_fake_execution]: robotB is not at the expected state 11, instead at 35
[ccr_fake_execution-2] [WARN] [1729089787.882732331] [ccr_fake_execution]: robotB is not at the expected state 11, instead at 35
[ccr_fake_execution-2] [WARN] [1729089788.882739868] [ccr_fake_execution]: robotA is not at the expected state 1, instead at 35
[ccr_fake_execution-2] [WARN] [1729089789.882741986] [ccr_fake_execution]: robotA is not at the expected state 1, instead at 35
[ccr_fake_execution-2] [WARN] [1729089789.883333183] [ccr_fake_execution]: robotB is not at the expected state 11, instead at 35
[ccr_fake_execution-2] [WARN] [1729089791.882729409] [ccr_fake_execution]: robotA is not at the expected state 1, instead at 35
[ccr_fake_execution-2] [WARN] [1729089791.883322359] [ccr_fake_execution]: robotB is not at the expected state 11, instead at 35
[ccr_fake_execution-2] [WARN] [1729089792.882741073] [ccr_fake_execution]: robotB is not at the expected state 11, instead at 35
[ccr_fake_execution-2] [WARN] [1729089793.882808844] [ccr_fake_execution]: robotB is not at the expected state 11, instead at 35
[ccr_fake_execution-2] [WARN] [1729089794.882759895] [ccr_fake_execution]: robotA is not at the expected state 1, instead at 35
[ccr_fake_execution-2] [WARN] [1729089795.882770708] [ccr_fake_execution]: robotB is not at the expected state 11, instead at 35
[ccr_fake_execution-2] [WARN] [1729089796.882801249] [ccr_fake_execution]: robotA is not at the expected state 1, instead at 35
[ccr_fake_execution-2] [WARN] [1729089796.883405110] [ccr_fake_execution]: robotB is not at the expected state 11, instead at 35
[ccr_fake_execution-2] [WARN] [1729089800.882968025] [ccr_fake_execution]: robotB is not at the expected state 11, instead at 35
[ccr_fake_execution-2] [WARN] [1729089801.882733068] [ccr_fake_execution]: robotA is not at the expected state 1, instead at 35
[ccr_fake_execution-2] [WARN] [1729089801.883317813] [ccr_fake_execution]: robotB is not at the expected state 11, instead at 35
[ccr_fake_execution-2] [WARN] [1729089802.882721600] [ccr_fake_execution]: robotA is not at the expected state 1, instead at 35
[ccr_fake_execution-2] [WARN] [1729089802.883303119] [ccr_fake_execution]: robotB is not at the expected state 11, instead at 35
[ccr_fake_execution-2] [WARN] [1729089804.882764698] [ccr_fake_execution]: robotA is not at the expected state 1, instead at 35
[ccr_fake_execution-2] [WARN] [1729089805.882720407] [ccr_fake_execution]: robotA is not at the expected state 1, instead at 35
[ccr_fake_execution-2] [WARN] [1729089806.882719699] [ccr_fake_execution]: robotA is not at the expected state 1, instead at 35
[ccr_fake_execution-2] [WARN] [1729089806.883300627] [ccr_fake_execution]: robotB is not at the expected state 11, instead at 35
[ccr_fake_execution-2] [WARN] [1729089807.882710245] [ccr_fake_execution]: robotB is not at the expected state 11, instead at 35
[ccr_fake_execution-2] [WARN] [1729089808.882719345] [ccr_fake_execution]: robotA is not at the expected state 1, instead at 35
[ccr_fake_execution-2] [WARN] [1729089809.882716353] [ccr_fake_execution]: robotA is not at the expected state 1, instead at 35
[ccr_fake_execution-2] [WARN] [1729089809.883300306] [ccr_fake_execution]: robotB is not at the expected state 11, instead at 35
[ccr_fake_execution-2] [WARN] [1729089810.882719221] [ccr_fake_execution]: robotA is not at the expected state 1, instead at 35
[ccr_fake_execution-2] [WARN] [1729089810.883299398] [ccr_fake_execution]: robotB is not at the expected state 11, instead at 35
[ccr_fake_execution-2] [WARN] [1729089811.882718203] [ccr_fake_execution]: robotB is not at the expected state 11, instead at 35
[ccr_fake_execution-2] [WARN] [1729089813.882788281] [ccr_fake_execution]: robotA is not at the expected state 1, instead at 35
[ccr_fake_execution-2] [WARN] [1729089814.882740114] [ccr_fake_execution]: robotA is not at the expected state 1, instead at 35
[ccr_fake_execution-2] [WARN] [1729089815.882777688] [ccr_fake_execution]: robotA is not at the expected state 1, instead at 35
[ccr_fake_execution-2] [WARN] [1729089817.882807681] [ccr_fake_execution]: robotB is not at the expected state 11, instead at 35
[ccr_fake_execution-2] [WARN] [1729089818.882743864] [ccr_fake_execution]: robotA is not at the expected state 1, instead at 35
[ccr_fake_execution-2] [WARN] [1729089818.883322518] [ccr_fake_execution]: robotB is not at the expected state 11, instead at 35
[ccr_fake_execution-2] [WARN] [1729089821.882794229] [ccr_fake_execution]: robotB is not at the expected state 11, instead at 35
[ccr_fake_execution-2] [WARN] [1729089822.882801606] [ccr_fake_execution]: robotA is not at the expected state 1, instead at 35
[ccr_fake_execution-2] [WARN] [1729089823.882718384] [ccr_fake_execution]: robotA is not at the expected state 1, instead at 35
[ccr_fake_execution-2] [WARN] [1729089824.882702929] [ccr_fake_execution]: robotB is not at the expected state 11, instead at 35
[ccr_fake_execution-2] [WARN] [1729089825.882727537] [ccr_fake_execution]: robotA is not at the expected state 1, instead at 35
[ccr_fake_execution-2] [WARN] [1729089825.883315719] [ccr_fake_execution]: robotB is not at the expected state 11, instead at 35
[ccr_fake_execution-2] [WARN] [1729089826.882789788] [ccr_fake_execution]: robotB is not at the expected state 11, instead at 35
[ccr_fake_execution-2] [WARN] [1729089827.882762489] [ccr_fake_execution]: robotA is not at the expected state 1, instead at 35
[ccr_fake_execution-2] [WARN] [1729089829.882832008] [ccr_fake_execution]: robotA is not at the expected state 1, instead at 35
[ccr_fake_execution-2] [WARN] [1729089831.882752557] [ccr_fake_execution]: robotA is not at the expected state 1, instead at 35
[ccr_fake_execution-2] [WARN] [1729089831.883424886] [ccr_fake_execution]: robotB is not at the expected state 11, instead at 35
[ccr_fake_execution-2] [WARN] [1729089832.882769771] [ccr_fake_execution]: robotA is not at the expected state 1, instead at 35
[ccr_fake_execution-2] [WARN] [1729089833.882856658] [ccr_fake_execution]: robotA is not at the expected state 1, instead at 35
[ccr_fake_execution-2] [WARN] [1729089833.883464195] [ccr_fake_execution]: robotB is not at the expected state 11, instead at 35
[ccr_fake_execution-2] [WARN] [1729089834.882873152] [ccr_fake_execution]: robotB is not at the expected state 11, instead at 35
[ccr_fake_execution-2] [WARN] [1729089835.882893724] [ccr_fake_execution]: robotA is not at the expected state 1, instead at 35
[ccr_fake_execution-2] [WARN] [1729089836.882906982] [ccr_fake_execution]: robotA is not at the expected state 1, instead at 35
[ccr_fake_execution-2] [WARN] [1729089837.882916804] [ccr_fake_execution]: robotA is not at the expected state 1, instead at 35
[ccr_fake_execution-2] [WARN] [1729089837.883544509] [ccr_fake_execution]: robotB is not at the expected state 11, instead at 35
[ccr_fake_execution-2] [WARN] [1729089838.882971108] [ccr_fake_execution]: robotB is not at the expected state 11, instead at 35
[ccr_fake_execution-2] [WARN] [1729089839.882897223] [ccr_fake_execution]: robotA is not at the expected state 1, instead at 35
[ccr_fake_execution-2] [WARN] [1729089839.883517795] [ccr_fake_execution]: robotB is not at the expected state 11, instead at 35
[ccr_fake_execution-2] [WARN] [1729089840.882936831] [ccr_fake_execution]: robotA is not at the expected state 1, instead at 35
[ccr_fake_execution-2] [WARN] [1729089841.882835394] [ccr_fake_execution]: robotA is not at the expected state 1, instead at 35
[ccr_fake_execution-2] [WARN] [1729089841.883473759] [ccr_fake_execution]: robotB is not at the expected state 11, instead at 35
[ccr_fake_execution-2] [WARN] [1729089843.882778464] [ccr_fake_execution]: robotA is not at the expected state 1, instead at 35
[ccr_fake_execution-2] [WARN] [1729089845.882895569] [ccr_fake_execution]: robotA is not at the expected state 1, instead at 35
[ccr_fake_execution-2] [WARN] [1729089846.882897987] [ccr_fake_execution]: robotA is not at the expected state 1, instead at 35
[ccr_fake_execution-2] [WARN] [1729089846.883523568] [ccr_fake_execution]: robotB is not at the expected state 11, instead at 35
[ccr_fake_execution-2] [WARN] [1729089847.882894674] [ccr_fake_execution]: robotA is not at the expected state 1, instead at 35
[ccr_fake_execution-2] [WARN] [1729089848.882893686] [ccr_fake_execution]: robotA is not at the expected state 1, instead at 35
[ccr_fake_execution-2] [WARN] [1729089848.883519047] [ccr_fake_execution]: robotB is not at the expected state 11, instead at 35
[ccr_fake_execution-2] [WARN] [1729089850.882897199] [ccr_fake_execution]: robotB is not at the expected state 11, instead at 35
[ccr_fake_execution-2] [WARN] [1729089851.882892173] [ccr_fake_execution]: robotA is not at the expected state 1, instead at 35
[ccr_fake_execution-2] [WARN] [1729089852.882900371] [ccr_fake_execution]: robotA is not at the expected state 1, instead at 35
[ccr_fake_execution-2] [WARN] [1729089853.882888613] [ccr_fake_execution]: robotA is not at the expected state 1, instead at 35
[ccr_fake_execution-2] [WARN] [1729089853.883517721] [ccr_fake_execution]: robotB is not at the expected state 11, instead at 35
[ccr_fake_execution-2] [WARN] [1729089854.882994675] [ccr_fake_execution]: robotA is not at the expected state 1, instead at 35
[ccr_fake_execution-2] [WARN] [1729089855.882985060] [ccr_fake_execution]: robotB is not at the expected state 11, instead at 35
[ccr_fake_execution-2] [WARN] [1729089856.883002947] [ccr_fake_execution]: robotA is not at the expected state 1, instead at 35
[ccr_fake_execution-2] [WARN] [1729089856.883735299] [ccr_fake_execution]: robotB is not at the expected state 11, instead at 35
[ccr_fake_execution-2] [WARN] [1729089857.882773901] [ccr_fake_execution]: robotA is not at the expected state 1, instead at 35
[ccr_fake_execution-2] [WARN] [1729089857.883282814] [ccr_fake_execution]: robotB is not at the expected state 11, instead at 35
[ccr_fake_execution-2] [WARN] [1729089859.882768287] [ccr_fake_execution]: robotA is not at the expected state 1, instead at 35
[ccr_fake_execution-2] [WARN] [1729089861.882777291] [ccr_fake_execution]: robotA is not at the expected state 1, instead at 35
[ccr_fake_execution-2] [WARN] [1729089862.882945590] [ccr_fake_execution]: robotA is not at the expected state 1, instead at 35
[ccr_fake_execution-2] [WARN] [1729089864.882891344] [ccr_fake_execution]: robotA is not at the expected state 1, instead at 35
[ccr_fake_execution-2] [WARN] [1729089864.883526042] [ccr_fake_execution]: robotB is not at the expected state 11, instead at 35
[ccr_fake_execution-2] [WARN] [1729089865.882875006] [ccr_fake_execution]: robotA is not at the expected state 1, instead at 35
[ccr_fake_execution-2] [WARN] [1729089865.883502581] [ccr_fake_execution]: robotB is not at the expected state 11, instead at 35
[ccr_fake_execution-2] [WARN] [1729089866.882864891] [ccr_fake_execution]: robotA is not at the expected state 1, instead at 35
[ccr_fake_execution-2] [WARN] [1729089867.882903957] [ccr_fake_execution]: robotA is not at the expected state 1, instead at 35
[ccr_fake_execution-2] [WARN] [1729089868.882883082] [ccr_fake_execution]: robotA is not at the expected state 1, instead at 35
[ccr_fake_execution-2] [WARN] [1729089868.883512601] [ccr_fake_execution]: robotB is not at the expected state 11, instead at 35
[ccr_fake_execution-2] [WARN] [1729089869.882874128] [ccr_fake_execution]: robotA is not at the expected state 1, instead at 35
[ccr_fake_execution-2] [WARN] [1729089869.883501623] [ccr_fake_execution]: robotB is not at the expected state 11, instead at 35
[ccr_fake_execution-2] [WARN] [1729089870.882857381] [ccr_fake_execution]: robotB is not at the expected state 11, instead at 35
[ccr_fake_execution-2] [WARN] [1729089871.882859027] [ccr_fake_execution]: robotA is not at the expected state 1, instead at 35
[ccr_fake_execution-2] [WARN] [1729089871.883483196] [ccr_fake_execution]: robotB is not at the expected state 11, instead at 35
[ccr_fake_execution-2] [WARN] [1729089872.882879830] [ccr_fake_execution]: robotB is not at the expected state 11, instead at 35
[ccr_fake_execution-2] [WARN] [1729089873.882877669] [ccr_fake_execution]: robotA is not at the expected state 1, instead at 35
[ccr_fake_execution-2] [WARN] [1729089874.882860820] [ccr_fake_execution]: robotB is not at the expected state 11, instead at 35
[ccr_fake_execution-2] [WARN] [1729089876.882768733] [ccr_fake_execution]: robotB is not at the expected state 11, instead at 35
[ccr_fake_execution-2] [WARN] [1729089878.882763350] [ccr_fake_execution]: robotA is not at the expected state 1, instead at 35
[ccr_fake_execution-2] [WARN] [1729089883.882759259] [ccr_fake_execution]: robotA is not at the expected state 1, instead at 35
[ccr_fake_execution-2] [WARN] [1729089885.882746241] [ccr_fake_execution]: robotB is not at the expected state 11, instead at 35
[ccr_fake_execution-2] [WARN] [1729089886.882758076] [ccr_fake_execution]: robotB is not at the expected state 11, instead at 35
[ccr_fake_execution-2] [WARN] [1729089887.882748812] [ccr_fake_execution]: robotB is not at the expected state 11, instead at 35
[ccr_fake_execution-2] [WARN] [1729089888.882911440] [ccr_fake_execution]: robotB is not at the expected state 11, instead at 35
[ccr_fake_execution-2] [WARN] [1729089889.882864575] [ccr_fake_execution]: robotA is not at the expected state 1, instead at 35
[ccr_fake_execution-2] [WARN] [1729089889.883482773] [ccr_fake_execution]: robotB is not at the expected state 11, instead at 35
[ccr_fake_execution-2] [WARN] [1729089891.882833714] [ccr_fake_execution]: robotA is not at the expected state 1, instead at 35
[ccr_fake_execution-2] [WARN] [1729089891.883441582] [ccr_fake_execution]: robotB is not at the expected state 11, instead at 35
[ccr_fake_execution-2] [WARN] [1729089892.927386059] [ccr_fake_execution]: robotA is not at the expected state 1, instead at 35
[ccr_fake_execution-2] [WARN] [1729089892.928694289] [ccr_fake_execution]: robotB is not at the expected state 11, instead at 35
[ccr_fake_execution-2] [WARN] [1729089893.882715669] [ccr_fake_execution]: robotB is not at the expected state 11, instead at 35
[ccr_fake_execution-2] [WARN] [1729089895.882874724] [ccr_fake_execution]: robotB is not at the expected state 11, instead at 35
[ccr_fake_execution-2] [WARN] [1729089896.882869828] [ccr_fake_execution]: robotB is not at the expected state 11, instead at 35
[ccr_fake_execution-2] [WARN] [1729089898.882858594] [ccr_fake_execution]: robotA is not at the expected state 1, instead at 35
[ccr_fake_execution-2] [WARN] [1729089898.883471502] [ccr_fake_execution]: robotB is not at the expected state 11, instead at 35
[ccr_fake_execution-2] [WARN] [1729089899.882873515] [ccr_fake_execution]: robotB is not at the expected state 11, instead at 35
[ccr_fake_execution-2] [WARN] [1729089901.882804743] [ccr_fake_execution]: robotA is not at the expected state 1, instead at 35
[ccr_fake_execution-2] [WARN] [1729089901.883418042] [ccr_fake_execution]: robotB is not at the expected state 11, instead at 35
[ccr_fake_execution-2] [WARN] [1729089903.882849803] [ccr_fake_execution]: robotB is not at the expected state 11, instead at 35
[ccr_fake_execution-2] [WARN] [1729089904.882842362] [ccr_fake_execution]: robotB is not at the expected state 11, instead at 35
[ccr_fake_execution-2] [WARN] [1729089905.882834731] [ccr_fake_execution]: robotA is not at the expected state 1, instead at 35
[ccr_fake_execution-2] [WARN] [1729089905.883431208] [ccr_fake_execution]: robotB is not at the expected state 11, instead at 35
[ccr_fake_execution-2] [WARN] [1729089907.882788670] [ccr_fake_execution]: robotA is not at the expected state 1, instead at 35
[ccr_fake_execution-2] [WARN] [1729089907.883383825] [ccr_fake_execution]: robotB is not at the expected state 11, instead at 35
[ccr_fake_execution-2] [WARN] [1729089908.882903137] [ccr_fake_execution]: robotA is not at the expected state 1, instead at 35
[ccr_fake_execution-2] [WARN] [1729089909.882812000] [ccr_fake_execution]: robotA is not at the expected state 1, instead at 35
[ccr_fake_execution-2] [WARN] [1729089909.883418035] [ccr_fake_execution]: robotB is not at the expected state 11, instead at 35
[ccr_fake_execution-2] [WARN] [1729089913.882815117] [ccr_fake_execution]: robotA is not at the expected state 1, instead at 35
[ccr_fake_execution-2] [WARN] [1729089914.882815460] [ccr_fake_execution]: robotA is not at the expected state 1, instead at 35
[ccr_fake_execution-2] [WARN] [1729089915.882811867] [ccr_fake_execution]: robotB is not at the expected state 11, instead at 35
[ccr_fake_execution-2] [WARN] [1729089916.882909353] [ccr_fake_execution]: robotB is not at the expected state 11, instead at 35
[ccr_fake_execution-2] [WARN] [1729089917.882790684] [ccr_fake_execution]: robotA is not at the expected state 1, instead at 35
[ccr_fake_execution-2] [WARN] [1729089918.988580602] [ccr_fake_execution]: robotA is not at the expected state 1, instead at 35
[ccr_fake_execution-2] [WARN] [1729089918.989338081] [ccr_fake_execution]: robotB is not at the expected state 11, instead at 35
[ccr_fake_execution-2] [WARN] [1729089919.882836316] [ccr_fake_execution]: robotB is not at the expected state 11, instead at 35
[ccr_fake_execution-2] [WARN] [1729089922.882858546] [ccr_fake_execution]: robotA is not at the expected state 1, instead at 35
[ccr_fake_execution-2] [WARN] [1729089923.882757831] [ccr_fake_execution]: robotA is not at the expected state 1, instead at 35
[ccr_fake_execution-2] [WARN] [1729089924.882777470] [ccr_fake_execution]: robotA is not at the expected state 1, instead at 35
[ccr_fake_execution-2] [WARN] [1729089925.882903310] [ccr_fake_execution]: robotA is not at the expected state 1, instead at 35
[ccr_fake_execution-2] [WARN] [1729089928.882744361] [ccr_fake_execution]: robotA is not at the expected state 1, instead at 35
[ccr_fake_execution-2] [WARN] [1729089929.882787155] [ccr_fake_execution]: robotA is not at the expected state 1, instead at 35
[ccr_fake_execution-2] [WARN] [1729089930.882789562] [ccr_fake_execution]: robotA is not at the expected state 1, instead at 35
[ccr_fake_execution-2] [WARN] [1729089931.882761583] [ccr_fake_execution]: robotA is not at the expected state 1, instead at 35
[ccr_fake_execution-2] [WARN] [1729089932.882762338] [ccr_fake_execution]: robotA is not at the expected state 1, instead at 35
[ccr_fake_execution-2] [WARN] [1729089938.882765764] [ccr_fake_execution]: robotA is not at the expected state 1, instead at 35
[ccr_fake_execution-2] [WARN] [1729089938.883367540] [ccr_fake_execution]: robotB is not at the expected state 11, instead at 35
[ccr_fake_execution-2] [WARN] [1729089939.882773050] [ccr_fake_execution]: robotA is not at the expected state 1, instead at 35
[ccr_fake_execution-2] [WARN] [1729089939.883366301] [ccr_fake_execution]: robotB is not at the expected state 11, instead at 35
[ccr_fake_execution-2] [WARN] [1729089940.882751813] [ccr_fake_execution]: robotB is not at the expected state 11, instead at 35
[ccr_fake_execution-2] [WARN] [1729089941.882773968] [ccr_fake_execution]: robotB is not at the expected state 11, instead at 35
[ccr_fake_execution-2] [WARN] [1729089942.882759003] [ccr_fake_execution]: robotA is not at the expected state 1, instead at 35
[ccr_fake_execution-2] [WARN] [1729089942.883351943] [ccr_fake_execution]: robotB is not at the expected state 11, instead at 35
[ccr_fake_execution-2] [WARN] [1729089943.882791798] [ccr_fake_execution]: robotA is not at the expected state 1, instead at 35
[ccr_fake_execution-2] [WARN] [1729089943.883390308] [ccr_fake_execution]: robotB is not at the expected state 11, instead at 35
[ccr_fake_execution-2] [WARN] [1729089945.882809227] [ccr_fake_execution]: robotB is not at the expected state 11, instead at 35
[ccr_fake_execution-2] [WARN] [1729089946.882837713] [ccr_fake_execution]: robotA is not at the expected state 1, instead at 35
[ccr_fake_execution-2] [WARN] [1729089947.882859767] [ccr_fake_execution]: robotA is not at the expected state 1, instead at 35
[ccr_fake_execution-2] [WARN] [1729089948.882849060] [ccr_fake_execution]: robotB is not at the expected state 11, instead at 35
[ccr_fake_execution-2] [WARN] [1729089950.882804032] [ccr_fake_execution]: robotA is not at the expected state 1, instead at 35
[ccr_fake_execution-2] [WARN] [1729089952.882825529] [ccr_fake_execution]: robotB is not at the expected state 11, instead at 35
[ccr_fake_execution-2] [WARN] [1729089953.882852643] [ccr_fake_execution]: robotA is not at the expected state 1, instead at 35
[ccr_fake_execution-2] [WARN] [1729089953.883473826] [ccr_fake_execution]: robotB is not at the expected state 11, instead at 35
[ccr_fake_execution-2] [WARN] [1729089954.882864920] [ccr_fake_execution]: robotB is not at the expected state 11, instead at 35
[ccr_fake_execution-2] [WARN] [1729089956.882822647] [ccr_fake_execution]: robotA is not at the expected state 1, instead at 35
[ccr_fake_execution-2] [WARN] [1729089956.883455772] [ccr_fake_execution]: robotB is not at the expected state 11, instead at 35
[ccr_fake_execution-2] [WARN] [1729089957.882963233] [ccr_fake_execution]: robotA is not at the expected state 1, instead at 35
[ccr_fake_execution-2] [WARN] [1729089957.883649779] [ccr_fake_execution]: robotB is not at the expected state 11, instead at 35
[ccr_fake_execution-2] [WARN] [1729089958.882836880] [ccr_fake_execution]: robotA is not at the expected state 1, instead at 35
[ccr_fake_execution-2] [WARN] [1729089958.883472370] [ccr_fake_execution]: robotB is not at the expected state 11, instead at 35
[ccr_fake_execution-2] [WARN] [1729089960.882792113] [ccr_fake_execution]: robotA is not at the expected state 1, instead at 35
[ccr_fake_execution-2] [WARN] [1729089961.882824336] [ccr_fake_execution]: robotA is not at the expected state 1, instead at 35
[ccr_fake_execution-2] [WARN] [1729089962.882851600] [ccr_fake_execution]: robotA is not at the expected state 1, instead at 35
[ccr_fake_execution-2] [WARN] [1729089963.882819512] [ccr_fake_execution]: robotB is not at the expected state 11, instead at 35
[ccr_fake_execution-2] [WARN] [1729089964.882823864] [ccr_fake_execution]: robotA is not at the expected state 1, instead at 35
[ccr_fake_execution-2] [WARN] [1729089965.882819028] [ccr_fake_execution]: robotB is not at the expected state 11, instead at 35
[ccr_fake_execution-2] [WARN] [1729089966.882813371] [ccr_fake_execution]: robotA is not at the expected state 1, instead at 35
[ccr_fake_execution-2] [WARN] [1729089966.883419516] [ccr_fake_execution]: robotB is not at the expected state 11, instead at 35
[ccr_fake_execution-2] [WARN] [1729089967.882670246] [ccr_fake_execution]: robotA is not at the expected state 1, instead at 35
[ccr_fake_execution-2] [WARN] [1729089967.883174971] [ccr_fake_execution]: robotB is not at the expected state 11, instead at 35
[ccr_fake_execution-2] [WARN] [1729089968.882832824] [ccr_fake_execution]: robotB is not at the expected state 11, instead at 35
[ccr_fake_execution-2] [WARN] [1729089969.882820844] [ccr_fake_execution]: robotB is not at the expected state 11, instead at 35
[ccr_fake_execution-2] [WARN] [1729089971.882785675] [ccr_fake_execution]: robotB is not at the expected state 11, instead at 35
[ccr_fake_execution-2] [WARN] [1729089973.882813945] [ccr_fake_execution]: robotA is not at the expected state 1, instead at 35
[ccr_fake_execution-2] [WARN] [1729089975.882806285] [ccr_fake_execution]: robotB is not at the expected state 11, instead at 35
[ccr_fake_execution-2] [WARN] [1729089976.882806930] [ccr_fake_execution]: robotB is not at the expected state 11, instead at 35
[ccr_fake_execution-2] [WARN] [1729089977.882763642] [ccr_fake_execution]: robotA is not at the expected state 1, instead at 35
[ccr_fake_execution-2] [WARN] [1729089978.882749608] [ccr_fake_execution]: robotA is not at the expected state 1, instead at 35
[ccr_fake_execution-2] [WARN] [1729089979.882875668] [ccr_fake_execution]: robotA is not at the expected state 1, instead at 35
[ccr_fake_execution-2] [WARN] [1729089979.883495779] [ccr_fake_execution]: robotB is not at the expected state 11, instead at 35
[ccr_fake_execution-2] [WARN] [1729089980.882811632] [ccr_fake_execution]: robotA is not at the expected state 1, instead at 35
[ccr_fake_execution-2] [WARN] [1729089980.883458463] [ccr_fake_execution]: robotB is not at the expected state 11, instead at 35
[ccr_fake_execution-2] [WARN] [1729089981.882735433] [ccr_fake_execution]: robotB is not at the expected state 11, instead at 35
[ccr_fake_execution-2] [WARN] [1729089983.882733817] [ccr_fake_execution]: robotB is not at the expected state 11, instead at 35
[ccr_fake_execution-2] [WARN] [1729089984.882851461] [ccr_fake_execution]: robotA is not at the expected state 1, instead at 35
[ccr_fake_execution-2] [WARN] [1729089984.883463156] [ccr_fake_execution]: robotB is not at the expected state 11, instead at 35
[ccr_fake_execution-2] [WARN] [1729089985.882755154] [ccr_fake_execution]: robotB is not at the expected state 11, instead at 35
[ccr_fake_execution-2] [WARN] [1729089986.882747844] [ccr_fake_execution]: robotA is not at the expected state 1, instead at 35
[ccr_fake_execution-2] [WARN] [1729089986.883377292] [ccr_fake_execution]: robotB is not at the expected state 11, instead at 35
[ccr_fake_execution-2] [WARN] [1729089988.882724796] [ccr_fake_execution]: robotA is not at the expected state 1, instead at 35
[ccr_fake_execution-2] [WARN] [1729089989.882759295] [ccr_fake_execution]: robotA is not at the expected state 1, instead at 35
[ccr_fake_execution-2] [WARN] [1729089989.883355241] [ccr_fake_execution]: robotB is not at the expected state 11, instead at 35
[ccr_fake_execution-2] [WARN] [1729089990.882731797] [ccr_fake_execution]: robotA is not at the expected state 1, instead at 35
[ccr_fake_execution-2] [WARN] [1729089991.882725518] [ccr_fake_execution]: robotA is not at the expected state 1, instead at 35
[ccr_fake_execution-2] [WARN] [1729089992.882727856] [ccr_fake_execution]: robotA is not at the expected state 1, instead at 35
[ccr_fake_execution-2] [WARN] [1729089992.883318442] [ccr_fake_execution]: robotB is not at the expected state 11, instead at 35
[ccr_fake_execution-2] [WARN] [1729089993.882723151] [ccr_fake_execution]: robotA is not at the expected state 1, instead at 35
[ccr_fake_execution-2] [WARN] [1729089994.882745476] [ccr_fake_execution]: robotA is not at the expected state 1, instead at 35
[ccr_fake_execution-2] [WARN] [1729089994.883334850] [ccr_fake_execution]: robotB is not at the expected state 11, instead at 35
[ccr_fake_execution-2] [WARN] [1729089995.882761439] [ccr_fake_execution]: robotB is not at the expected state 11, instead at 35
[ccr_fake_execution-2] [WARN] [1729089996.882777302] [ccr_fake_execution]: robotA is not at the expected state 1, instead at 35
[ccr_fake_execution-2] [WARN] [1729089996.883405138] [ccr_fake_execution]: robotB is not at the expected state 11, instead at 35
[ccr_fake_execution-2] [WARN] [1729089997.882770613] [ccr_fake_execution]: robotA is not at the expected state 1, instead at 35
[ccr_fake_execution-2] [WARN] [1729089998.882777299] [ccr_fake_execution]: robotA is not at the expected state 1, instead at 35
[ccr_fake_execution-2] [WARN] [1729089999.882780047] [ccr_fake_execution]: robotB is not at the expected state 11, instead at 35
[ccr_fake_execution-2] [WARN] [1729090002.883070992] [ccr_fake_execution]: robotA is not at the expected state 1, instead at 35
[ccr_fake_execution-2] [WARN] [1729090002.883957822] [ccr_fake_execution]: robotB is not at the expected state 11, instead at 35
[ccr_fake_execution-2] [WARN] [1729090003.883124244] [ccr_fake_execution]: robotB is not at the expected state 11, instead at 35
[ccr_fake_execution-2] [WARN] [1729090004.882948429] [ccr_fake_execution]: robotB is not at the expected state 11, instead at 35
[ccr_fake_execution-2] [WARN] [1729090005.882928875] [ccr_fake_execution]: robotA is not at the expected state 1, instead at 35
[ccr_fake_execution-2] [WARN] [1729090006.882836826] [ccr_fake_execution]: robotB is not at the expected state 11, instead at 35
[ccr_fake_execution-2] [WARN] [1729090008.882827384] [ccr_fake_execution]: robotA is not at the expected state 1, instead at 35
[ccr_fake_execution-2] [WARN] [1729090008.883519700] [ccr_fake_execution]: robotB is not at the expected state 11, instead at 35
[ccr_fake_execution-2] [WARN] [1729090009.883112371] [ccr_fake_execution]: robotB is not at the expected state 11, instead at 35
[ccr_fake_execution-2] [WARN] [1729090010.883090713] [ccr_fake_execution]: robotB is not at the expected state 11, instead at 35
[ccr_fake_execution-2] [WARN] [1729090011.882945866] [ccr_fake_execution]: robotA is not at the expected state 1, instead at 35
[ccr_fake_execution-2] [WARN] [1729090012.882972639] [ccr_fake_execution]: robotB is not at the expected state 11, instead at 35
[ccr_fake_execution-2] [WARN] [1729090013.882936574] [ccr_fake_execution]: robotB is not at the expected state 11, instead at 35
[ccr_fake_execution-2] [WARN] [1729090014.882941616] [ccr_fake_execution]: robotB is not at the expected state 11, instead at 35
[ccr_fake_execution-2] [WARN] [1729090015.882960165] [ccr_fake_execution]: robotB is not at the expected state 11, instead at 35
[ccr_fake_execution-2] [WARN] [1729090017.882873909] [ccr_fake_execution]: robotA is not at the expected state 1, instead at 35
[ccr_fake_execution-2] [WARN] [1729090018.882877899] [ccr_fake_execution]: robotA is not at the expected state 1, instead at 35
[ccr_fake_execution-2] [WARN] [1729090018.883614539] [ccr_fake_execution]: robotB is not at the expected state 11, instead at 35
[ccr_fake_execution-2] [WARN] [1729090019.882891559] [ccr_fake_execution]: robotA is not at the expected state 1, instead at 35
[ccr_fake_execution-2] [WARN] [1729090020.882951944] [ccr_fake_execution]: robotB is not at the expected state 11, instead at 35
[ccr_fake_execution-2] [WARN] [1729090022.882840312] [ccr_fake_execution]: robotA is not at the expected state 1, instead at 35
[ccr_fake_execution-2] [WARN] [1729090022.883575909] [ccr_fake_execution]: robotB is not at the expected state 11, instead at 35
[ccr_fake_execution-2] [WARN] [1729090023.882961012] [ccr_fake_execution]: robotA is not at the expected state 1, instead at 35
[ccr_fake_execution-2] [WARN] [1729090023.883693704] [ccr_fake_execution]: robotB is not at the expected state 11, instead at 35
[ccr_fake_execution-2] [WARN] [1729090024.883089044] [ccr_fake_execution]: robotA is not at the expected state 1, instead at 35
[ccr_fake_execution-2] [WARN] [1729090024.883934477] [ccr_fake_execution]: robotB is not at the expected state 11, instead at 35
[ccr_fake_execution-2] [WARN] [1729090025.882967058] [ccr_fake_execution]: robotA is not at the expected state 1, instead at 35
[ccr_fake_execution-2] [WARN] [1729090025.883664534] [ccr_fake_execution]: robotB is not at the expected state 11, instead at 35
[ccr_fake_execution-2] [WARN] [1729090027.882880713] [ccr_fake_execution]: robotA is not at the expected state 1, instead at 35
[ccr_fake_execution-2] [WARN] [1729090027.883543925] [ccr_fake_execution]: robotB is not at the expected state 11, instead at 35
[ccr_fake_execution-2] [WARN] [1729090028.882854347] [ccr_fake_execution]: robotA is not at the expected state 1, instead at 35
[ccr_fake_execution-2] [WARN] [1729090028.883526736] [ccr_fake_execution]: robotB is not at the expected state 11, instead at 35
[ccr_fake_execution-2] [WARN] [1729090029.882876792] [ccr_fake_execution]: robotA is not at the expected state 1, instead at 35
[ccr_fake_execution-2] [WARN] [1729090029.883579578] [ccr_fake_execution]: robotB is not at the expected state 11, instead at 35
[ccr_fake_execution-2] [WARN] [1729090030.882792668] [ccr_fake_execution]: robotB is not at the expected state 11, instead at 35
[ccr_fake_execution-2] [WARN] [1729090031.882779597] [ccr_fake_execution]: robotA is not at the expected state 1, instead at 35
[ccr_fake_execution-2] [WARN] [1729090031.883330188] [ccr_fake_execution]: robotB is not at the expected state 11, instead at 35
[ccr_fake_execution-2] [WARN] [1729090032.882967552] [ccr_fake_execution]: robotB is not at the expected state 11, instead at 35
[ccr_fake_execution-2] [WARN] [1729090033.882960913] [ccr_fake_execution]: robotB is not at the expected state 11, instead at 35
[ccr_fake_execution-2] [WARN] [1729090034.883062226] [ccr_fake_execution]: robotA is not at the expected state 1, instead at 35
[ccr_fake_execution-2] [WARN] [1729090035.882916356] [ccr_fake_execution]: robotB is not at the expected state 11, instead at 35
[ccr_fake_execution-2] [WARN] [1729090036.883007740] [ccr_fake_execution]: robotA is not at the expected state 1, instead at 35
[ccr_fake_execution-2] [WARN] [1729090036.883687132] [ccr_fake_execution]: robotB is not at the expected state 11, instead at 35
[ccr_fake_execution-2] [WARN] [1729090037.882913085] [ccr_fake_execution]: robotB is not at the expected state 11, instead at 35
[ccr_fake_execution-2] [WARN] [1729090039.883116964] [ccr_fake_execution]: robotA is not at the expected state 1, instead at 35
[ccr_fake_execution-2] [WARN] [1729090040.882936860] [ccr_fake_execution]: robotA is not at the expected state 1, instead at 35
[ccr_fake_execution-2] [WARN] [1729090041.882886259] [ccr_fake_execution]: robotA is not at the expected state 1, instead at 35
[ccr_fake_execution-2] [WARN] [1729090041.888810090] [ccr_fake_execution]: robotB is not at the expected state 11, instead at 35
[ccr_fake_execution-2] [WARN] [1729090042.882935854] [ccr_fake_execution]: robotA is not at the expected state 1, instead at 35
[ccr_fake_execution-2] [WARN] [1729090043.882781299] [ccr_fake_execution]: robotA is not at the expected state 1, instead at 35
[ccr_fake_execution-2] [WARN] [1729090045.882864390] [ccr_fake_execution]: robotA is not at the expected state 1, instead at 35
[ccr_fake_execution-2] [WARN] [1729090046.882860607] [ccr_fake_execution]: robotA is not at the expected state 1, instead at 35
[ccr_fake_execution-2] [WARN] [1729090046.883595603] [ccr_fake_execution]: robotB is not at the expected state 11, instead at 35
[ccr_fake_execution-2] [WARN] [1729090047.882991255] [ccr_fake_execution]: robotA is not at the expected state 1, instead at 35
[ccr_fake_execution-2] [WARN] [1729090050.883130695] [ccr_fake_execution]: robotA is not at the expected state 1, instead at 35
[ccr_fake_execution-2] [WARN] [1729090051.883146598] [ccr_fake_execution]: robotA is not at the expected state 1, instead at 35
[ccr_fake_execution-2] [WARN] [1729090052.883118386] [ccr_fake_execution]: robotB is not at the expected state 11, instead at 35
[ccr_fake_execution-2] [WARN] [1729090053.882832965] [ccr_fake_execution]: robotA is not at the expected state 1, instead at 35
[ccr_fake_execution-2] [WARN] [1729090054.882819643] [ccr_fake_execution]: robotA is not at the expected state 1, instead at 35
[ccr_fake_execution-2] [WARN] [1729090054.883413836] [ccr_fake_execution]: robotB is not at the expected state 11, instead at 35
[ccr_fake_execution-2] [WARN] [1729090058.882937235] [ccr_fake_execution]: robotA is not at the expected state 1, instead at 35
[ccr_fake_execution-2] [WARN] [1729090058.883710523] [ccr_fake_execution]: robotB is not at the expected state 11, instead at 35
[ccr_fake_execution-2] [WARN] [1729090059.882907483] [ccr_fake_execution]: robotB is not at the expected state 11, instead at 35
[ccr_fake_execution-2] [WARN] [1729090061.882852615] [ccr_fake_execution]: robotA is not at the expected state 1, instead at 35
[ccr_fake_execution-2] [WARN] [1729090061.883606437] [ccr_fake_execution]: robotB is not at the expected state 11, instead at 35
[ccr_fake_execution-2] [WARN] [1729090063.882837503] [ccr_fake_execution]: robotA is not at the expected state 1, instead at 35
[ccr_fake_execution-2] [WARN] [1729090066.882918353] [ccr_fake_execution]: robotA is not at the expected state 1, instead at 35
[ccr_fake_execution-2] [WARN] [1729090066.883671915] [ccr_fake_execution]: robotB is not at the expected state 11, instead at 35
[ccr_fake_execution-2] [WARN] [1729090067.882914439] [ccr_fake_execution]: robotB is not at the expected state 11, instead at 35
[ccr_fake_execution-2] [WARN] [1729090068.882864219] [ccr_fake_execution]: robotB is not at the expected state 11, instead at 35
[ccr_fake_execution-2] [WARN] [1729090069.882847332] [ccr_fake_execution]: robotA is not at the expected state 1, instead at 35
[ccr_fake_execution-2] [WARN] [1729090071.882817793] [ccr_fake_execution]: robotB is not at the expected state 11, instead at 35
[ccr_fake_execution-2] [WARN] [1729090072.882849305] [ccr_fake_execution]: robotA is not at the expected state 1, instead at 35
[ccr_fake_execution-2] [WARN] [1729090072.883611422] [ccr_fake_execution]: robotB is not at the expected state 11, instead at 35
[ccr_fake_execution-2] [WARN] [1729090073.882843567] [ccr_fake_execution]: robotA is not at the expected state 1, instead at 35
[ccr_fake_execution-2] [WARN] [1729090074.882833682] [ccr_fake_execution]: robotA is not at the expected state 1, instead at 35
[ccr_fake_execution-2] [WARN] [1729090074.883545435] [ccr_fake_execution]: robotB is not at the expected state 11, instead at 35
[ccr_fake_execution-2] [WARN] [1729090075.882840417] [ccr_fake_execution]: robotA is not at the expected state 1, instead at 35
[ccr_fake_execution-2] [WARN] [1729090077.882803614] [ccr_fake_execution]: robotA is not at the expected state 1, instead at 35
[ccr_fake_execution-2] [WARN] [1729090079.882850779] [ccr_fake_execution]: robotA is not at the expected state 1, instead at 35
[ccr_fake_execution-2] [WARN] [1729090079.883577439] [ccr_fake_execution]: robotB is not at the expected state 11, instead at 35
[ccr_fake_execution-2] [WARN] [1729090080.882866491] [ccr_fake_execution]: robotA is not at the expected state 1, instead at 35
[ccr_fake_execution-2] [WARN] [1729090080.883572934] [ccr_fake_execution]: robotB is not at the expected state 11, instead at 35
[ccr_fake_execution-2] [WARN] [1729090082.882827413] [ccr_fake_execution]: robotA is not at the expected state 1, instead at 35
[ccr_fake_execution-2] [WARN] [1729090083.882826805] [ccr_fake_execution]: robotA is not at the expected state 1, instead at 35
[ccr_fake_execution-2] [WARN] [1729090084.882864430] [ccr_fake_execution]: robotA is not at the expected state 1, instead at 35
[ccr_fake_execution-2] [WARN] [1729090085.883018872] [ccr_fake_execution]: robotB is not at the expected state 11, instead at 35
[ccr_fake_execution-2] [WARN] [1729090086.882832666] [ccr_fake_execution]: robotA is not at the expected state 1, instead at 35
[ccr_fake_execution-2] [WARN] [1729090086.883580787] [ccr_fake_execution]: robotB is not at the expected state 11, instead at 35
[ccr_fake_execution-2] [WARN] [1729090087.882852576] [ccr_fake_execution]: robotA is not at the expected state 1, instead at 35
[ccr_fake_execution-2] [WARN] [1729090087.883557215] [ccr_fake_execution]: robotB is not at the expected state 11, instead at 35
[ccr_fake_execution-2] [WARN] [1729090089.882896515] [ccr_fake_execution]: robotB is not at the expected state 11, instead at 35
[ccr_fake_execution-2] [WARN] [1729090090.883035468] [ccr_fake_execution]: robotA is not at the expected state 1, instead at 35
[ccr_fake_execution-2] [WARN] [1729090090.883846647] [ccr_fake_execution]: robotB is not at the expected state 11, instead at 35
[ccr_fake_execution-2] [WARN] [1729090092.882854174] [ccr_fake_execution]: robotB is not at the expected state 11, instead at 35
[ccr_fake_execution-2] [WARN] [1729090093.882919149] [ccr_fake_execution]: robotB is not at the expected state 11, instead at 35
[ccr_fake_execution-2] [WARN] [1729090094.882893353] [ccr_fake_execution]: robotA is not at the expected state 1, instead at 35
[ccr_fake_execution-2] [WARN] [1729090095.882882526] [ccr_fake_execution]: robotB is not at the expected state 11, instead at 35
[ccr_fake_execution-2] [WARN] [1729090096.882820073] [ccr_fake_execution]: robotA is not at the expected state 1, instead at 35
[ccr_fake_execution-2] [WARN] [1729090096.883419886] [ccr_fake_execution]: robotB is not at the expected state 11, instead at 35
[ccr_fake_execution-2] [WARN] [1729090097.882712805] [ccr_fake_execution]: robotB is not at the expected state 11, instead at 35
[ccr_fake_execution-2] [WARN] [1729090098.882820620] [ccr_fake_execution]: robotB is not at the expected state 11, instead at 35
[ccr_fake_execution-2] [WARN] [1729090099.882761753] [ccr_fake_execution]: robotA is not at the expected state 1, instead at 35
[ccr_fake_execution-2] [WARN] [1729090100.882739975] [ccr_fake_execution]: robotA is not at the expected state 1, instead at 35
[ccr_fake_execution-2] [WARN] [1729090102.882744077] [ccr_fake_execution]: robotA is not at the expected state 1, instead at 35
[ccr_fake_execution-2] [WARN] [1729090103.882752927] [ccr_fake_execution]: robotA is not at the expected state 1, instead at 35
[ccr_fake_execution-2] [WARN] [1729090103.883360023] [ccr_fake_execution]: robotB is not at the expected state 11, instead at 35
[ccr_fake_execution-2] [WARN] [1729090104.882758270] [ccr_fake_execution]: robotA is not at the expected state 1, instead at 35
[ccr_fake_execution-2] [WARN] [1729090104.883367270] [ccr_fake_execution]: robotB is not at the expected state 11, instead at 35
[ccr_fake_execution-2] [WARN] [1729090105.882744948] [ccr_fake_execution]: robotA is not at the expected state 1, instead at 35
[ccr_fake_execution-2] [WARN] [1729090105.883355461] [ccr_fake_execution]: robotB is not at the expected state 11, instead at 35
[ccr_fake_execution-2] [WARN] [1729090106.882737207] [ccr_fake_execution]: robotA is not at the expected state 1, instead at 35
[ccr_fake_execution-2] [WARN] [1729090106.883342670] [ccr_fake_execution]: robotB is not at the expected state 11, instead at 35
[ccr_fake_execution-2] [WARN] [1729090107.882731008] [ccr_fake_execution]: robotA is not at the expected state 1, instead at 35
[ccr_fake_execution-2] [WARN] [1729090107.883334437] [ccr_fake_execution]: robotB is not at the expected state 11, instead at 35
[ccr_fake_execution-2] [WARN] [1729090109.882732557] [ccr_fake_execution]: robotA is not at the expected state 1, instead at 35
[ccr_fake_execution-2] [WARN] [1729090109.883344532] [ccr_fake_execution]: robotB is not at the expected state 11, instead at 35
[ccr_fake_execution-2] [WARN] [1729090111.882774040] [ccr_fake_execution]: robotB is not at the expected state 11, instead at 35
[ccr_fake_execution-2] [WARN] [1729090112.882714452] [ccr_fake_execution]: robotA is not at the expected state 1, instead at 35
[ccr_fake_execution-2] [WARN] [1729090113.882783094] [ccr_fake_execution]: robotA is not at the expected state 1, instead at 35
[ccr_fake_execution-2] [WARN] [1729090113.883421439] [ccr_fake_execution]: robotB is not at the expected state 11, instead at 35
[ccr_fake_execution-2] [WARN] [1729090114.882723775] [ccr_fake_execution]: robotA is not at the expected state 1, instead at 35
[ccr_fake_execution-2] [WARN] [1729090114.883309582] [ccr_fake_execution]: robotB is not at the expected state 11, instead at 35
[ccr_fake_execution-2] [WARN] [1729090115.882737334] [ccr_fake_execution]: robotA is not at the expected state 1, instead at 35
[ccr_fake_execution-2] [WARN] [1729090115.883321538] [ccr_fake_execution]: robotB is not at the expected state 11, instead at 35
[ccr_fake_execution-2] [WARN] [1729090117.882732743] [ccr_fake_execution]: robotB is not at the expected state 11, instead at 35
[ccr_fake_execution-2] [WARN] [1729090118.882862929] [ccr_fake_execution]: robotB is not at the expected state 11, instead at 35
[ccr_fake_execution-2] [WARN] [1729090120.882835093] [ccr_fake_execution]: robotA is not at the expected state 1, instead at 35
[ccr_fake_execution-2] [WARN] [1729090120.883476103] [ccr_fake_execution]: robotB is not at the expected state 11, instead at 35
[ccr_fake_execution-2] [WARN] [1729090121.882750548] [ccr_fake_execution]: robotA is not at the expected state 1, instead at 35
[ccr_fake_execution-2] [WARN] [1729090122.882748868] [ccr_fake_execution]: robotA is not at the expected state 1, instead at 35
[ccr_fake_execution-2] [WARN] [1729090124.882752331] [ccr_fake_execution]: robotA is not at the expected state 1, instead at 35
[ccr_fake_execution-2] [WARN] [1729090125.882752505] [ccr_fake_execution]: robotA is not at the expected state 1, instead at 35
[ccr_fake_execution-2] [WARN] [1729090125.883361656] [ccr_fake_execution]: robotB is not at the expected state 11, instead at 35
[ccr_fake_execution-2] [WARN] [1729090126.882758780] [ccr_fake_execution]: robotA is not at the expected state 1, instead at 35
[ccr_fake_execution-2] [WARN] [1729090126.883363672] [ccr_fake_execution]: robotB is not at the expected state 11, instead at 35
[ccr_fake_execution-2] [WARN] [1729090127.882740098] [ccr_fake_execution]: robotA is not at the expected state 1, instead at 35
[ccr_fake_execution-2] [WARN] [1729090128.882828757] [ccr_fake_execution]: robotA is not at the expected state 1, instead at 35
[ccr_fake_execution-2] [WARN] [1729090129.882758760] [ccr_fake_execution]: robotA is not at the expected state 1, instead at 35
[ccr_fake_execution-2] [WARN] [1729090130.882714961] [ccr_fake_execution]: robotB is not at the expected state 11, instead at 35
[ccr_fake_execution-2] [WARN] [1729090131.882708853] [ccr_fake_execution]: robotA is not at the expected state 1, instead at 35
[ccr_fake_execution-2] [WARN] [1729090132.882717703] [ccr_fake_execution]: robotA is not at the expected state 1, instead at 35
[ccr_fake_execution-2] [WARN] [1729090133.882738996] [ccr_fake_execution]: robotB is not at the expected state 11, instead at 35
[ccr_fake_execution-2] [WARN] [1729090134.882761461] [ccr_fake_execution]: robotB is not at the expected state 11, instead at 35
[ccr_fake_execution-2] [WARN] [1729090135.882797442] [ccr_fake_execution]: robotA is not at the expected state 1, instead at 35
[ccr_fake_execution-2] [WARN] [1729090137.882739520] [ccr_fake_execution]: robotA is not at the expected state 1, instead at 35
[ccr_fake_execution-2] [WARN] [1729090140.882801696] [ccr_fake_execution]: robotA is not at the expected state 1, instead at 35
[ccr_fake_execution-2] [WARN] [1729090140.883408913] [ccr_fake_execution]: robotB is not at the expected state 11, instead at 35
[ccr_fake_execution-2] [WARN] [1729090141.882746075] [ccr_fake_execution]: robotB is not at the expected state 11, instead at 35
[ccr_fake_execution-2] [WARN] [1729090142.882754855] [ccr_fake_execution]: robotA is not at the expected state 1, instead at 35
[ccr_fake_execution-2] [WARN] [1729090142.883346402] [ccr_fake_execution]: robotB is not at the expected state 11, instead at 35
[ccr_fake_execution-2] [WARN] [1729090143.882736354] [ccr_fake_execution]: robotB is not at the expected state 11, instead at 35
[ccr_fake_execution-2] [WARN] [1729090144.882765331] [ccr_fake_execution]: robotA is not at the expected state 1, instead at 35
[ccr_fake_execution-2] [WARN] [1729090145.882910095] [ccr_fake_execution]: robotA is not at the expected state 1, instead at 35
[ccr_fake_execution-2] [WARN] [1729090145.883536048] [ccr_fake_execution]: robotB is not at the expected state 11, instead at 35
[ccr_fake_execution-2] [WARN] [1729090146.882740321] [ccr_fake_execution]: robotA is not at the expected state 1, instead at 35
[ccr_fake_execution-2] [WARN] [1729090146.883332570] [ccr_fake_execution]: robotB is not at the expected state 11, instead at 35
[ccr_fake_execution-2] [WARN] [1729090147.882739032] [ccr_fake_execution]: robotB is not at the expected state 11, instead at 35
[ccr_fake_execution-2] [WARN] [1729090148.882761337] [ccr_fake_execution]: robotA is not at the expected state 1, instead at 35
[ccr_fake_execution-2] [WARN] [1729090152.882867077] [ccr_fake_execution]: robotA is not at the expected state 1, instead at 35
[ccr_fake_execution-2] [WARN] [1729090153.882848266] [ccr_fake_execution]: robotA is not at the expected state 1, instead at 35
[ccr_fake_execution-2] [WARN] [1729090153.883545151] [ccr_fake_execution]: robotB is not at the expected state 11, instead at 35
[ccr_fake_execution-2] [WARN] [1729090154.882853709] [ccr_fake_execution]: robotB is not at the expected state 11, instead at 35
[ccr_fake_execution-2] [WARN] [1729090155.882749337] [ccr_fake_execution]: robotA is not at the expected state 1, instead at 35
[ccr_fake_execution-2] [WARN] [1729090155.883334072] [ccr_fake_execution]: robotB is not at the expected state 11, instead at 35
[ccr_fake_execution-2] [WARN] [1729090157.882716001] [ccr_fake_execution]: robotA is not at the expected state 1, instead at 35
[ccr_fake_execution-2] [WARN] [1729090160.882772256] [ccr_fake_execution]: robotB is not at the expected state 11, instead at 35
[ccr_fake_execution-2] [WARN] [1729090161.882745178] [ccr_fake_execution]: robotA is not at the expected state 1, instead at 35
[ccr_fake_execution-2] [WARN] [1729090161.883334852] [ccr_fake_execution]: robotB is not at the expected state 11, instead at 35
[ccr_fake_execution-2] [WARN] [1729090165.882754899] [ccr_fake_execution]: robotB is not at the expected state 11, instead at 35
[ccr_fake_execution-2] [WARN] [1729090170.882752981] [ccr_fake_execution]: robotA is not at the expected state 1, instead at 35
[ccr_fake_execution-2] [WARN] [1729090174.882727625] [ccr_fake_execution]: robotA is not at the expected state 1, instead at 35
[ccr_fake_execution-2] [WARN] [1729090175.882766380] [ccr_fake_execution]: robotB is not at the expected state 11, instead at 35
[ccr_fake_execution-2] [WARN] [1729090177.882816349] [ccr_fake_execution]: robotA is not at the expected state 1, instead at 35
[ccr_fake_execution-2] [WARN] [1729090177.883481845] [ccr_fake_execution]: robotB is not at the expected state 11, instead at 35
[ccr_fake_execution-2] [WARN] [1729090178.882836220] [ccr_fake_execution]: robotA is not at the expected state 1, instead at 35
[ccr_fake_execution-2] [WARN] [1729090178.883517515] [ccr_fake_execution]: robotB is not at the expected state 11, instead at 35
[ccr_fake_execution-2] [WARN] [1729090179.882792670] [ccr_fake_execution]: robotA is not at the expected state 1, instead at 35
[ccr_fake_execution-2] [WARN] [1729090180.882750025] [ccr_fake_execution]: robotA is not at the expected state 1, instead at 35
[ccr_fake_execution-2] [WARN] [1729090181.882736682] [ccr_fake_execution]: robotB is not at the expected state 11, instead at 35
[ccr_fake_execution-2] [WARN] [1729090182.882750181] [ccr_fake_execution]: robotA is not at the expected state 1, instead at 35
[ccr_fake_execution-2] [WARN] [1729090182.883336509] [ccr_fake_execution]: robotB is not at the expected state 11, instead at 35
[ccr_fake_execution-2] [WARN] [1729090183.882726479] [ccr_fake_execution]: robotA is not at the expected state 1, instead at 35
[ccr_fake_execution-2] [WARN] [1729090183.883315031] [ccr_fake_execution]: robotB is not at the expected state 11, instead at 35
[ccr_fake_execution-2] [WARN] [1729090184.882785564] [ccr_fake_execution]: robotA is not at the expected state 1, instead at 35
[ccr_fake_execution-2] [WARN] [1729090184.883374817] [ccr_fake_execution]: robotB is not at the expected state 11, instead at 35
[ccr_fake_execution-2] [WARN] [1729090185.882785246] [ccr_fake_execution]: robotB is not at the expected state 11, instead at 35
[ccr_fake_execution-2] [WARN] [1729090190.882781477] [ccr_fake_execution]: robotA is not at the expected state 1, instead at 35
[ccr_fake_execution-2] [WARN] [1729090190.883388253] [ccr_fake_execution]: robotB is not at the expected state 11, instead at 35
[ccr_fake_execution-2] [WARN] [1729090192.882709577] [ccr_fake_execution]: robotA is not at the expected state 1, instead at 35
[ccr_fake_execution-2] [WARN] [1729090192.883289824] [ccr_fake_execution]: robotB is not at the expected state 11, instead at 35
[ccr_fake_execution-2] [WARN] [1729090193.882742452] [ccr_fake_execution]: robotB is not at the expected state 11, instead at 35
[ccr_fake_execution-2] [WARN] [1729090194.882748266] [ccr_fake_execution]: robotA is not at the expected state 1, instead at 35
[ccr_fake_execution-2] [WARN] [1729090195.882795266] [ccr_fake_execution]: robotA is not at the expected state 1, instead at 35
[ccr_fake_execution-2] [WARN] [1729090195.883390881] [ccr_fake_execution]: robotB is not at the expected state 11, instead at 35
[ccr_fake_execution-2] [WARN] [1729090196.882733704] [ccr_fake_execution]: robotA is not at the expected state 1, instead at 35
[ccr_fake_execution-2] [WARN] [1729090197.882732705] [ccr_fake_execution]: robotA is not at the expected state 1, instead at 35
[ccr_fake_execution-2] [WARN] [1729090197.883319073] [ccr_fake_execution]: robotB is not at the expected state 11, instead at 35
[ccr_fake_execution-2] [WARN] [1729090199.882735948] [ccr_fake_execution]: robotA is not at the expected state 1, instead at 35
[ccr_fake_execution-2] [WARN] [1729090199.883322166] [ccr_fake_execution]: robotB is not at the expected state 11, instead at 35
[ccr_fake_execution-2] [WARN] [1729090202.882762266] [ccr_fake_execution]: robotA is not at the expected state 1, instead at 35
[ccr_fake_execution-2] [WARN] [1729090203.882790262] [ccr_fake_execution]: robotA is not at the expected state 1, instead at 35
[ccr_fake_execution-2] [WARN] [1729090204.882772041] [ccr_fake_execution]: robotB is not at the expected state 11, instead at 35
[ccr_fake_execution-2] [WARN] [1729090205.882893039] [ccr_fake_execution]: robotB is not at the expected state 11, instead at 35
[ccr_fake_execution-2] [WARN] [1729090206.882718165] [ccr_fake_execution]: robotA is not at the expected state 1, instead at 35
[ccr_fake_execution-2] [WARN] [1729090206.883301237] [ccr_fake_execution]: robotB is not at the expected state 11, instead at 35
[ccr_fake_execution-2] [WARN] [1729090207.882733528] [ccr_fake_execution]: robotB is not at the expected state 11, instead at 35
[ccr_fake_execution-2] [WARN] [1729090208.882742659] [ccr_fake_execution]: robotA is not at the expected state 1, instead at 35
[ccr_fake_execution-2] [WARN] [1729090208.883328716] [ccr_fake_execution]: robotB is not at the expected state 11, instead at 35
[ccr_fake_execution-2] [WARN] [1729090209.882758822] [ccr_fake_execution]: robotA is not at the expected state 1, instead at 35
[ccr_fake_execution-2] [WARN] [1729090209.883343005] [ccr_fake_execution]: robotB is not at the expected state 11, instead at 35
[ccr_fake_execution-2] [WARN] [1729090210.882894990] [ccr_fake_execution]: robotA is not at the expected state 1, instead at 35
[ccr_fake_execution-2] [WARN] [1729090210.883518958] [ccr_fake_execution]: robotB is not at the expected state 11, instead at 35
[ccr_fake_execution-2] [WARN] [1729090211.882732399] [ccr_fake_execution]: robotB is not at the expected state 11, instead at 35
[ccr_fake_execution-2] [WARN] [1729090212.882737893] [ccr_fake_execution]: robotB is not at the expected state 11, instead at 35
[ccr_fake_execution-2] [WARN] [1729090213.882734900] [ccr_fake_execution]: robotA is not at the expected state 1, instead at 35
[ccr_fake_execution-2] [WARN] [1729090213.883338981] [ccr_fake_execution]: robotB is not at the expected state 11, instead at 35
[ccr_fake_execution-2] [WARN] [1729090214.882762655] [ccr_fake_execution]: robotB is not at the expected state 11, instead at 35
[ccr_fake_execution-2] [WARN] [1729090215.882743703] [ccr_fake_execution]: robotA is not at the expected state 1, instead at 35
[ccr_fake_execution-2] [WARN] [1729090216.882760168] [ccr_fake_execution]: robotA is not at the expected state 1, instead at 35
[ccr_fake_execution-2] [WARN] [1729090216.883383295] [ccr_fake_execution]: robotB is not at the expected state 11, instead at 35
[ccr_fake_execution-2] [WARN] [1729090217.882715518] [ccr_fake_execution]: robotA is not at the expected state 1, instead at 35
[ccr_fake_execution-2] [WARN] [1729090219.882714234] [ccr_fake_execution]: robotA is not at the expected state 1, instead at 35
[ccr_fake_execution-2] [WARN] [1729090220.882731271] [ccr_fake_execution]: robotB is not at the expected state 11, instead at 35
[ccr_fake_execution-2] [WARN] [1729090221.882840068] [ccr_fake_execution]: robotA is not at the expected state 1, instead at 35
[ccr_fake_execution-2] [WARN] [1729090221.883442756] [ccr_fake_execution]: robotB is not at the expected state 11, instead at 35
[ccr_fake_execution-2] [WARN] [1729090223.882739557] [ccr_fake_execution]: robotB is not at the expected state 11, instead at 35
[ccr_fake_execution-2] [WARN] [1729090224.882765339] [ccr_fake_execution]: robotA is not at the expected state 1, instead at 35
[ccr_fake_execution-2] [WARN] [1729090225.882790119] [ccr_fake_execution]: robotA is not at the expected state 1, instead at 35
[ccr_fake_execution-2] [WARN] [1729090225.883398469] [ccr_fake_execution]: robotB is not at the expected state 11, instead at 35
[ccr_fake_execution-2] [WARN] [1729090226.882749547] [ccr_fake_execution]: robotB is not at the expected state 11, instead at 35
[ccr_fake_execution-2] [WARN] [1729090227.882743409] [ccr_fake_execution]: robotB is not at the expected state 11, instead at 35
[ccr_fake_execution-2] [WARN] [1729090228.882741851] [ccr_fake_execution]: robotB is not at the expected state 11, instead at 35
[ccr_fake_execution-2] [WARN] [1729090230.882734865] [ccr_fake_execution]: robotB is not at the expected state 11, instead at 35
[ccr_fake_execution-2] [WARN] [1729090231.882767180] [ccr_fake_execution]: robotA is not at the expected state 1, instead at 35
[ccr_fake_execution-2] [WARN] [1729090232.882754710] [ccr_fake_execution]: robotA is not at the expected state 1, instead at 35
[ccr_fake_execution-2] [WARN] [1729090232.883348211] [ccr_fake_execution]: robotB is not at the expected state 11, instead at 35
[ccr_fake_execution-2] [WARN] [1729090233.882690504] [ccr_fake_execution]: robotB is not at the expected state 11, instead at 35
[ccr_fake_execution-2] [WARN] [1729090234.882702941] [ccr_fake_execution]: robotB is not at the expected state 11, instead at 35
[ccr_fake_execution-2] [WARN] [1729090235.882714346] [ccr_fake_execution]: robotA is not at the expected state 1, instead at 35
[ccr_fake_execution-2] [WARN] [1729090235.883289553] [ccr_fake_execution]: robotB is not at the expected state 11, instead at 35
[ccr_fake_execution-2] [WARN] [1729090236.882712717] [ccr_fake_execution]: robotB is not at the expected state 11, instead at 35
[ccr_fake_execution-2] [WARN] [1729090238.882708937] [ccr_fake_execution]: robotA is not at the expected state 1, instead at 35
[ccr_fake_execution-2] [WARN] [1729090239.882725702] [ccr_fake_execution]: robotA is not at the expected state 1, instead at 35
[ccr_fake_execution-2] [WARN] [1729090239.883305297] [ccr_fake_execution]: robotB is not at the expected state 11, instead at 35
[ccr_fake_execution-2] [WARN] [1729090241.882713968] [ccr_fake_execution]: robotA is not at the expected state 1, instead at 35
[ccr_fake_execution-2] [WARN] [1729090241.883292371] [ccr_fake_execution]: robotB is not at the expected state 11, instead at 35
[ccr_fake_execution-2] [WARN] [1729090242.882748446] [ccr_fake_execution]: robotA is not at the expected state 1, instead at 35
[ccr_fake_execution-2] [WARN] [1729090242.883364659] [ccr_fake_execution]: robotB is not at the expected state 11, instead at 35
[ccr_fake_execution-2] [WARN] [1729090243.882705068] [ccr_fake_execution]: robotA is not at the expected state 1, instead at 35
[ccr_fake_execution-2] [WARN] [1729090244.882719469] [ccr_fake_execution]: robotB is not at the expected state 11, instead at 35
[ccr_fake_execution-2] [WARN] [1729090245.882717118] [ccr_fake_execution]: robotB is not at the expected state 11, instead at 35
[ccr_fake_execution-2] [WARN] [1729090246.882864979] [ccr_fake_execution]: robotA is not at the expected state 1, instead at 35
[ccr_fake_execution-2] [WARN] [1729090248.882718271] [ccr_fake_execution]: robotB is not at the expected state 11, instead at 35
[ccr_fake_execution-2] [WARN] [1729090249.882716863] [ccr_fake_execution]: robotB is not at the expected state 11, instead at 35
[ccr_fake_execution-2] [WARN] [1729090250.882711276] [ccr_fake_execution]: robotA is not at the expected state 1, instead at 35
[ccr_fake_execution-2] [WARN] [1729090250.883287546] [ccr_fake_execution]: robotB is not at the expected state 11, instead at 35
[ccr_fake_execution-2] [WARN] [1729090251.882713915] [ccr_fake_execution]: robotA is not at the expected state 1, instead at 35
[ccr_fake_execution-2] [WARN] [1729090251.883290465] [ccr_fake_execution]: robotB is not at the expected state 11, instead at 35
[ccr_fake_execution-2] [WARN] [1729090253.882715957] [ccr_fake_execution]: robotA is not at the expected state 1, instead at 35
[ccr_fake_execution-2] [WARN] [1729090253.883295422] [ccr_fake_execution]: robotB is not at the expected state 11, instead at 35
[ccr_fake_execution-2] [WARN] [1729090255.882717547] [ccr_fake_execution]: robotA is not at the expected state 1, instead at 35
[ccr_fake_execution-2] [WARN] [1729090255.883299146] [ccr_fake_execution]: robotB is not at the expected state 11, instead at 35
[ccr_fake_execution-2] [WARN] [1729090256.882713534] [ccr_fake_execution]: robotA is not at the expected state 1, instead at 35
[ccr_fake_execution-2] [WARN] [1729090256.883292157] [ccr_fake_execution]: robotB is not at the expected state 11, instead at 35
[ccr_fake_execution-2] [WARN] [1729090257.882708228] [ccr_fake_execution]: robotB is not at the expected state 11, instead at 35
[ccr_fake_execution-2] [WARN] [1729090258.882715364] [ccr_fake_execution]: robotA is not at the expected state 1, instead at 35
[ccr_fake_execution-2] [WARN] [1729090258.883292706] [ccr_fake_execution]: robotB is not at the expected state 11, instead at 35
[ccr_fake_execution-2] [WARN] [1729090260.882727826] [ccr_fake_execution]: robotA is not at the expected state 1, instead at 35
[ccr_fake_execution-2] [WARN] [1729090260.883312892] [ccr_fake_execution]: robotB is not at the expected state 11, instead at 35
[ccr_fake_execution-2] [WARN] [1729090261.882712020] [ccr_fake_execution]: robotA is not at the expected state 1, instead at 35
[ccr_fake_execution-2] [WARN] [1729090262.882712795] [ccr_fake_execution]: robotB is not at the expected state 11, instead at 35
[ccr_fake_execution-2] [WARN] [1729090263.882713801] [ccr_fake_execution]: robotA is not at the expected state 1, instead at 35
[ccr_fake_execution-2] [WARN] [1729090264.882713885] [ccr_fake_execution]: robotA is not at the expected state 1, instead at 35
[ccr_fake_execution-2] [WARN] [1729090265.882715582] [ccr_fake_execution]: robotA is not at the expected state 1, instead at 35
[ccr_fake_execution-2] [WARN] [1729090265.883293825] [ccr_fake_execution]: robotB is not at the expected state 11, instead at 35
[ccr_fake_execution-2] [WARN] [1729090266.882717319] [ccr_fake_execution]: robotB is not at the expected state 11, instead at 35
[ccr_fake_execution-2] [WARN] [1729090267.882825256] [ccr_fake_execution]: robotA is not at the expected state 1, instead at 35
[ccr_fake_execution-2] [WARN] [1729090268.882716786] [ccr_fake_execution]: robotB is not at the expected state 11, instead at 35
[ccr_fake_execution-2] [WARN] [1729090270.882736992] [ccr_fake_execution]: robotA is not at the expected state 1, instead at 35
[ccr_fake_execution-2] [WARN] [1729090270.885770853] [ccr_fake_execution]: robotB is not at the expected state 11, instead at 35
[ccr_fake_execution-2] [WARN] [1729090271.882715556] [ccr_fake_execution]: robotA is not at the expected state 1, instead at 35
[ccr_fake_execution-2] [WARN] [1729090272.882722543] [ccr_fake_execution]: robotB is not at the expected state 11, instead at 35
[ccr_fake_execution-2] [WARN] [1729090273.882712347] [ccr_fake_execution]: robotA is not at the expected state 1, instead at 35
[ccr_fake_execution-2] [WARN] [1729090273.883291511] [ccr_fake_execution]: robotB is not at the expected state 11, instead at 35
[ccr_fake_execution-2] [WARN] [1729090274.882729062] [ccr_fake_execution]: robotA is not at the expected state 1, instead at 35
[ccr_fake_execution-2] [WARN] [1729090274.883306984] [ccr_fake_execution]: robotB is not at the expected state 11, instead at 35
[ccr_fake_execution-2] [WARN] [1729090276.882753104] [ccr_fake_execution]: robotA is not at the expected state 1, instead at 35
[ccr_fake_execution-2] [WARN] [1729090278.882775194] [ccr_fake_execution]: robotA is not at the expected state 1, instead at 35
[ccr_fake_execution-2] [WARN] [1729090279.882747034] [ccr_fake_execution]: robotB is not at the expected state 11, instead at 35
[ccr_fake_execution-2] [WARN] [1729090280.882719699] [ccr_fake_execution]: robotA is not at the expected state 1, instead at 35
[ccr_fake_execution-2] [WARN] [1729090280.883297331] [ccr_fake_execution]: robotB is not at the expected state 11, instead at 35
[ccr_fake_execution-2] [WARN] [1729090281.882723761] [ccr_fake_execution]: robotB is not at the expected state 11, instead at 35
[ccr_fake_execution-2] [WARN] [1729090282.882786132] [ccr_fake_execution]: robotA is not at the expected state 1, instead at 35
[ccr_fake_execution-2] [WARN] [1729090282.883401575] [ccr_fake_execution]: robotB is not at the expected state 11, instead at 35
[ccr_fake_execution-2] [WARN] [1729090283.882720173] [ccr_fake_execution]: robotA is not at the expected state 1, instead at 35
[ccr_fake_execution-2] [WARN] [1729090284.882723782] [ccr_fake_execution]: robotA is not at the expected state 1, instead at 35
[ccr_fake_execution-2] [WARN] [1729090284.883302847] [ccr_fake_execution]: robotB is not at the expected state 11, instead at 35
[ccr_fake_execution-2] [WARN] [1729090286.882735371] [ccr_fake_execution]: robotA is not at the expected state 1, instead at 35
[ccr_fake_execution-2] [WARN] [1729090287.882740595] [ccr_fake_execution]: robotA is not at the expected state 1, instead at 35
[ccr_fake_execution-2] [WARN] [1729090287.883331641] [ccr_fake_execution]: robotB is not at the expected state 11, instead at 35
[ccr_fake_execution-2] [WARN] [1729090288.882722676] [ccr_fake_execution]: robotB is not at the expected state 11, instead at 35
[ccr_fake_execution-2] [WARN] [1729090289.882742927] [ccr_fake_execution]: robotB is not at the expected state 11, instead at 35
[ccr_fake_execution-2] [WARN] [1729090291.882737264] [ccr_fake_execution]: robotA is not at the expected state 1, instead at 35
[ccr_fake_execution-2] [WARN] [1729090291.883529117] [ccr_fake_execution]: robotB is not at the expected state 11, instead at 35
[ccr_fake_execution-2] [WARN] [1729090292.882724042] [ccr_fake_execution]: robotB is not at the expected state 11, instead at 35
[ccr_fake_execution-2] [WARN] [1729090293.882721932] [ccr_fake_execution]: robotB is not at the expected state 11, instead at 35
[ccr_fake_execution-2] [WARN] [1729090294.882735040] [ccr_fake_execution]: robotB is not at the expected state 11, instead at 35
[ccr_fake_execution-2] [WARN] [1729090297.882743668] [ccr_fake_execution]: robotB is not at the expected state 11, instead at 35
[ccr_fake_execution-2] [WARN] [1729090298.882713876] [ccr_fake_execution]: robotB is not at the expected state 11, instead at 35
[ccr_fake_execution-2] [WARN] [1729090301.882746117] [ccr_fake_execution]: robotA is not at the expected state 1, instead at 35
[ccr_fake_execution-2] [WARN] [1729090302.882728277] [ccr_fake_execution]: robotB is not at the expected state 11, instead at 35
[ccr_fake_execution-2] [WARN] [1729090303.882700269] [ccr_fake_execution]: robotB is not at the expected state 11, instead at 35
[ccr_fake_execution-2] [WARN] [1729090304.882722454] [ccr_fake_execution]: robotA is not at the expected state 1, instead at 35
[ccr_fake_execution-2] [WARN] [1729090307.882729940] [ccr_fake_execution]: robotA is not at the expected state 1, instead at 35
[ccr_fake_execution-2] [WARN] [1729090308.882752136] [ccr_fake_execution]: robotA is not at the expected state 1, instead at 35
[ccr_fake_execution-2] [WARN] [1729090309.882711433] [ccr_fake_execution]: robotB is not at the expected state 11, instead at 35
[ccr_fake_execution-2] [WARN] [1729090310.882722939] [ccr_fake_execution]: robotA is not at the expected state 1, instead at 35
[ccr_fake_execution-2] [WARN] [1729090311.882698137] [ccr_fake_execution]: robotA is not at the expected state 1, instead at 35
[ccr_fake_execution-2] [WARN] [1729090312.882694454] [ccr_fake_execution]: robotA is not at the expected state 1, instead at 35
[ccr_fake_execution-2] [WARN] [1729090314.882749325] [ccr_fake_execution]: robotA is not at the expected state 1, instead at 35
[ccr_fake_execution-2] [WARN] [1729090315.882707099] [ccr_fake_execution]: robotB is not at the expected state 11, instead at 35
[ccr_fake_execution-2] [WARN] [1729090316.882714727] [ccr_fake_execution]: robotA is not at the expected state 1, instead at 35
[ccr_fake_execution-2] [WARN] [1729090316.883311685] [ccr_fake_execution]: robotB is not at the expected state 11, instead at 35
[ccr_fake_execution-2] [WARN] [1729090317.882795432] [ccr_fake_execution]: robotA is not at the expected state 1, instead at 35
[ccr_fake_execution-2] [WARN] [1729090317.883440971] [ccr_fake_execution]: robotB is not at the expected state 11, instead at 35
[ccr_fake_execution-2] [WARN] [1729090318.882788743] [ccr_fake_execution]: robotA is not at the expected state 1, instead at 35
[ccr_fake_execution-2] [WARN] [1729090319.882980085] [ccr_fake_execution]: robotA is not at the expected state 1, instead at 35
[ccr_fake_execution-2] [WARN] [1729090319.883699432] [ccr_fake_execution]: robotB is not at the expected state 11, instead at 35
[ccr_fake_execution-2] [WARN] [1729090321.882953944] [ccr_fake_execution]: robotA is not at the expected state 1, instead at 35
[ccr_fake_execution-2] [WARN] [1729090322.882862446] [ccr_fake_execution]: robotB is not at the expected state 11, instead at 35
[ccr_fake_execution-2] [WARN] [1729090323.882767923] [ccr_fake_execution]: robotA is not at the expected state 1, instead at 35
[ccr_fake_execution-2] [WARN] [1729090324.882979394] [ccr_fake_execution]: robotB is not at the expected state 11, instead at 35
[ccr_fake_execution-2] [WARN] [1729090325.882910889] [ccr_fake_execution]: robotA is not at the expected state 1, instead at 35
[ccr_fake_execution-2] [WARN] [1729090327.882761097] [ccr_fake_execution]: robotA is not at the expected state 1, instead at 35
[ccr_fake_execution-2] [WARN] [1729090328.882885213] [ccr_fake_execution]: robotA is not at the expected state 1, instead at 35
[ccr_fake_execution-2] [WARN] [1729090328.883525162] [ccr_fake_execution]: robotB is not at the expected state 11, instead at 35
[ccr_fake_execution-2] [WARN] [1729090329.882886340] [ccr_fake_execution]: robotB is not at the expected state 11, instead at 35
[ccr_fake_execution-2] [WARN] [1729090330.882994055] [ccr_fake_execution]: robotA is not at the expected state 1, instead at 35
[ccr_fake_execution-2] [WARN] [1729090330.883665683] [ccr_fake_execution]: robotB is not at the expected state 11, instead at 35
[ccr_fake_execution-2] [WARN] [1729090331.882787090] [ccr_fake_execution]: robotA is not at the expected state 1, instead at 35
[ccr_fake_execution-2] [WARN] [1729090332.882723877] [ccr_fake_execution]: robotA is not at the expected state 1, instead at 35
[ccr_fake_execution-2] [WARN] [1729090332.883322337] [ccr_fake_execution]: robotB is not at the expected state 11, instead at 35
[ccr_fake_execution-2] [WARN] [1729090334.882739192] [ccr_fake_execution]: robotA is not at the expected state 1, instead at 35
[ccr_fake_execution-2] [WARN] [1729090334.883364103] [ccr_fake_execution]: robotB is not at the expected state 11, instead at 35
[ccr_fake_execution-2] [WARN] [1729090335.882722054] [ccr_fake_execution]: robotB is not at the expected state 11, instead at 35
[ccr_fake_execution-2] [WARN] [1729090336.882728831] [ccr_fake_execution]: robotA is not at the expected state 1, instead at 35
[ccr_fake_execution-2] [WARN] [1729090336.883317092] [ccr_fake_execution]: robotB is not at the expected state 11, instead at 35
[ccr_fake_execution-2] [WARN] [1729090338.882764385] [ccr_fake_execution]: robotA is not at the expected state 1, instead at 35
[ccr_fake_execution-2] [WARN] [1729090338.883354420] [ccr_fake_execution]: robotB is not at the expected state 11, instead at 35
[ccr_fake_execution-2] [WARN] [1729090340.882734287] [ccr_fake_execution]: robotA is not at the expected state 1, instead at 35
[ccr_fake_execution-2] [WARN] [1729090342.882728876] [ccr_fake_execution]: robotA is not at the expected state 1, instead at 35
[ccr_fake_execution-2] [WARN] [1729090343.882717779] [ccr_fake_execution]: robotA is not at the expected state 1, instead at 35
[ccr_fake_execution-2] [WARN] [1729090343.883299268] [ccr_fake_execution]: robotB is not at the expected state 11, instead at 35
[ccr_fake_execution-2] [WARN] [1729090344.882733762] [ccr_fake_execution]: robotA is not at the expected state 1, instead at 35
[ccr_fake_execution-2] [WARN] [1729090344.883317535] [ccr_fake_execution]: robotB is not at the expected state 11, instead at 35
[ccr_fake_execution-2] [WARN] [1729090345.882726102] [ccr_fake_execution]: robotB is not at the expected state 11, instead at 35
[ccr_fake_execution-2] [WARN] [1729090346.882719554] [ccr_fake_execution]: robotB is not at the expected state 11, instead at 35
[ccr_fake_execution-2] [WARN] [1729090347.882734165] [ccr_fake_execution]: robotA is not at the expected state 1, instead at 35
[ccr_fake_execution-2] [WARN] [1729090347.883312127] [ccr_fake_execution]: robotB is not at the expected state 11, instead at 35
[ccr_fake_execution-2] [WARN] [1729090348.882725864] [ccr_fake_execution]: robotA is not at the expected state 1, instead at 35
[ccr_fake_execution-2] [WARN] [1729090348.883307543] [ccr_fake_execution]: robotB is not at the expected state 11, instead at 35
[ccr_fake_execution-2] [WARN] [1729090349.882721880] [ccr_fake_execution]: robotA is not at the expected state 1, instead at 35
[ccr_fake_execution-2] [WARN] [1729090350.882715492] [ccr_fake_execution]: robotA is not at the expected state 1, instead at 35
[ccr_fake_execution-2] [WARN] [1729090352.882723104] [ccr_fake_execution]: robotA is not at the expected state 1, instead at 35
[ccr_fake_execution-2] [WARN] [1729090352.883317898] [ccr_fake_execution]: robotB is not at the expected state 11, instead at 35
[ccr_fake_execution-2] [WARN] [1729090353.882715675] [ccr_fake_execution]: robotA is not at the expected state 1, instead at 35
[ccr_fake_execution-2] [WARN] [1729090353.883293076] [ccr_fake_execution]: robotB is not at the expected state 11, instead at 35
[ccr_fake_execution-2] [WARN] [1729090354.882720187] [ccr_fake_execution]: robotA is not at the expected state 1, instead at 35
[ccr_fake_execution-2] [WARN] [1729090354.883299352] [ccr_fake_execution]: robotB is not at the expected state 11, instead at 35
[ccr_fake_execution-2] [WARN] [1729090355.882718900] [ccr_fake_execution]: robotB is not at the expected state 11, instead at 35
[ccr_fake_execution-2] [WARN] [1729090356.882708584] [ccr_fake_execution]: robotA is not at the expected state 1, instead at 35
[ccr_fake_execution-2] [WARN] [1729090356.883286176] [ccr_fake_execution]: robotB is not at the expected state 11, instead at 35
[ccr_fake_execution-2] [WARN] [1729090357.882701875] [ccr_fake_execution]: robotB is not at the expected state 11, instead at 35
[ccr_fake_execution-2] [WARN] [1729090358.882708952] [ccr_fake_execution]: robotA is not at the expected state 1, instead at 35
[ccr_fake_execution-2] [WARN] [1729090358.883285612] [ccr_fake_execution]: robotB is not at the expected state 11, instead at 35
[ccr_fake_execution-2] [WARN] [1729090360.882715954] [ccr_fake_execution]: robotA is not at the expected state 1, instead at 35
[ccr_fake_execution-2] [WARN] [1729090360.883299888] [ccr_fake_execution]: robotB is not at the expected state 11, instead at 35
[ccr_fake_execution-2] [WARN] [1729090364.882732280] [ccr_fake_execution]: robotB is not at the expected state 11, instead at 35
[ccr_fake_execution-2] [WARN] [1729090365.882722386] [ccr_fake_execution]: robotA is not at the expected state 1, instead at 35
[ccr_fake_execution-2] [WARN] [1729090366.882714034] [ccr_fake_execution]: robotA is not at the expected state 1, instead at 35
[ccr_fake_execution-2] [WARN] [1729090367.882714297] [ccr_fake_execution]: robotA is not at the expected state 1, instead at 35
[ccr_fake_execution-2] [WARN] [1729090367.883288973] [ccr_fake_execution]: robotB is not at the expected state 11, instead at 35
[ccr_fake_execution-2] [WARN] [1729090370.882732332] [ccr_fake_execution]: robotA is not at the expected state 1, instead at 35
[ccr_fake_execution-2] [WARN] [1729090371.882690919] [ccr_fake_execution]: robotA is not at the expected state 1, instead at 35
[ccr_fake_execution-2] [WARN] [1729090372.882685783] [ccr_fake_execution]: robotB is not at the expected state 11, instead at 35
[ccr_fake_execution-2] [WARN] [1729090374.882697152] [ccr_fake_execution]: robotB is not at the expected state 11, instead at 35
[ccr_fake_execution-2] [WARN] [1729090376.882693293] [ccr_fake_execution]: robotA is not at the expected state 1, instead at 35
[ccr_fake_execution-2] [WARN] [1729090376.883329394] [ccr_fake_execution]: robotB is not at the expected state 11, instead at 35
[ccr_fake_execution-2] [WARN] [1729090378.882690375] [ccr_fake_execution]: robotA is not at the expected state 1, instead at 35
[ccr_fake_execution-2] [WARN] [1729090378.883272405] [ccr_fake_execution]: robotB is not at the expected state 11, instead at 35
[ccr_fake_execution-2] [WARN] [1729090381.882729771] [ccr_fake_execution]: robotA is not at the expected state 1, instead at 35
[ccr_fake_execution-2] [WARN] [1729090382.882713334] [ccr_fake_execution]: robotA is not at the expected state 1, instead at 35
[ccr_fake_execution-2] [WARN] [1729090382.883294963] [ccr_fake_execution]: robotB is not at the expected state 11, instead at 35
[ccr_fake_execution-2] [WARN] [1729090383.882768932] [ccr_fake_execution]: robotB is not at the expected state 11, instead at 35
[ccr_fake_execution-2] [WARN] [1729090384.882745772] [ccr_fake_execution]: robotA is not at the expected state 1, instead at 35
[ccr_fake_execution-2] [WARN] [1729090384.883329686] [ccr_fake_execution]: robotB is not at the expected state 11, instead at 35
[ccr_fake_execution-2] [WARN] [1729090385.882748461] [ccr_fake_execution]: robotA is not at the expected state 1, instead at 35
[ccr_fake_execution-2] [WARN] [1729090387.882702583] [ccr_fake_execution]: robotB is not at the expected state 11, instead at 35
[ccr_fake_execution-2] [WARN] [1729090389.882701668] [ccr_fake_execution]: robotB is not at the expected state 11, instead at 35
[ccr_fake_execution-2] [WARN] [1729090390.882728662] [ccr_fake_execution]: robotB is not at the expected state 11, instead at 35
[ccr_fake_execution-2] [WARN] [1729090391.882710341] [ccr_fake_execution]: robotA is not at the expected state 1, instead at 35
[ccr_fake_execution-2] [WARN] [1729090392.882718150] [ccr_fake_execution]: robotA is not at the expected state 1, instead at 35
[ccr_fake_execution-2] [WARN] [1729090393.882712913] [ccr_fake_execution]: robotA is not at the expected state 1, instead at 35
[ccr_fake_execution-2] [WARN] [1729090394.882724559] [ccr_fake_execution]: robotB is not at the expected state 11, instead at 35
[ccr_fake_execution-2] [WARN] [1729090395.882716708] [ccr_fake_execution]: robotA is not at the expected state 1, instead at 35
[ccr_fake_execution-2] [WARN] [1729090396.882718385] [ccr_fake_execution]: robotA is not at the expected state 1, instead at 35
[ccr_fake_execution-2] [WARN] [1729090397.882710124] [ccr_fake_execution]: robotA is not at the expected state 1, instead at 35
[ccr_fake_execution-2] [WARN] [1729090397.883287795] [ccr_fake_execution]: robotB is not at the expected state 11, instead at 35
[ccr_fake_execution-2] [WARN] [1729090399.882690485] [ccr_fake_execution]: robotA is not at the expected state 1, instead at 35
[ccr_fake_execution-2] [WARN] [1729090399.883271492] [ccr_fake_execution]: robotB is not at the expected state 11, instead at 35
[ccr_fake_execution-2] [WARN] [1729090401.882762045] [ccr_fake_execution]: robotB is not at the expected state 11, instead at 35
[ccr_fake_execution-2] [WARN] [1729090403.882715145] [ccr_fake_execution]: robotB is not at the expected state 11, instead at 35
[ccr_fake_execution-2] [WARN] [1729090404.882714859] [ccr_fake_execution]: robotA is not at the expected state 1, instead at 35
[ccr_fake_execution-2] [WARN] [1729090404.883292861] [ccr_fake_execution]: robotB is not at the expected state 11, instead at 35
[ccr_fake_execution-2] [WARN] [1729090405.882691329] [ccr_fake_execution]: robotB is not at the expected state 11, instead at 35
[ccr_fake_execution-2] [WARN] [1729090406.882693516] [ccr_fake_execution]: robotB is not at the expected state 11, instead at 35
[ccr_fake_execution-2] [WARN] [1729090407.882687770] [ccr_fake_execution]: robotB is not at the expected state 11, instead at 35
[ccr_fake_execution-2] [WARN] [1729090408.882690939] [ccr_fake_execution]: robotA is not at the expected state 1, instead at 35
[ccr_fake_execution-2] [WARN] [1729090409.882692215] [ccr_fake_execution]: robotB is not at the expected state 11, instead at 35
[ccr_fake_execution-2] [INFO] [1729090410.882675858] [ccr_fake_execution]: exiting after timeout
[ccr_fake_execution-2] [INFO] [1729090410.883168080] [ccr_fake_execution]: shutting down
[INFO] [ccr_fake_execution-2]: process has finished cleanly [pid 82629]
[INFO] [ros2-4]: sending signal 'SIGINT' to process[ros2-4]
[INFO] [ccr_goal_provider-1]: sending signal 'SIGINT' to process[ccr_goal_provider-1]
[ros2-4] [INFO] [1729090411.275457595] [rclcpp]: signal_handler(signum=2)
[ros2-4] [INFO] [1729090411.339594213] [rosbag2_recorder]: Event publisher thread: Exiting
[ros2-4] [INFO] [1729090411.339827941] [rosbag2_cpp]: Writing remaining messages from cache to the bag. It may take a while
[INFO] [ros2-4]: process has finished cleanly [pid 82633]
[INFO] [ccr_goal_provider-1]: process has finished cleanly [pid 82627]
