t,robot,cmd_vel_x,cmd_vel_rot,command,status,identify_as,num_detections,sunburstError,real_waldo_pos_0,real_waldo_pos_1,sunburstRobotCalc/waldoPosition_0,sunburstRobotCalc/waldoPosition_1,x,y,theta
0,robotA,,,,,,,,,,,,,,
0,robotB,,,,,,,,,,,,,,
0,robotC,,,,,,,,,,,,,,
1,robotA,,,,,,,,,,,,,,
1,robotB,,,,,,,,,,,,,,
1,robotC,,,,,,,,,,,,,,
2,robotA,,,,,,,,,,,,,,
2,robotB,,,,,,,,,,,,,,
2,robotC,,,,,,,,,,,,,,
3,robotA,,,,,,,,,,,,,,
3,robotB,,,,,,,,,,,,,,
3,robotC,,,,,,,,,,,,,,
4,robotA,,,,,,,,,,,,,,
4,robotB,,,,,,,,,,,,,,
4,robotC,,,,,,,,,,,,,,
5,robotA,,,,ready,,,,,,,,-0.7845830971635624,-0.2662452072501959,-2.8518143108602665
5,robotB,,,,,,,,,,,,,,
5,robotC,,,,,,,,,,,,,,
6,robotA,0.0,0.5,go,running,,,,,,,,-0.7841578953035089,-0.26612875521900825,-2.84720412255033
6,robotB,0.05,0.0,go,running,,,,,,,,0.7528135372953971,0.0023891220097061127,2.5166856285472816
6,robotC,0.05,0.0,go,running,,,,,,,,-0.3794964668232424,-0.4188182171954859,0.27242848316186113
7,robotA,0.0,0.5,,,,,,,,,,-0.7828914625890584,-0.26549631709575666,-2.359341524917421
7,robotB,0.05,0.0,,,,,,,,,,0.712503108223409,0.03147376548499099,2.5163494784222498
7,robotC,0.05,0.0,,,,,,,,,,-0.3303456952215195,-0.405101585525102,0.2719618439890163
8,robotA,0.0,0.5,,,,,,,,,,-0.7718664655745511,-0.2629826185183976,-1.8808589962067759
8,robotB,0.05,0.0,,,,,,,,,,0.6715397188266784,0.06105827980308721,2.5159860507256058
8,robotC,0.05,0.0,,,,,,,,,,-0.28308876765542285,-0.3919324172084162,0.27171240469164265
9,robotA,0.0,0.5,,,,,,,,,,-0.752634722611669,-0.251019883429494,-1.4031848423920665
9,robotB,0.05,0.0,,,,,,,,,,0.6312904061401627,0.09014193313569946,2.5156791944729755
9,robotC,0.05,0.0,,,,,,,,,,-0.23368375838704228,-0.37816932224259353,0.2713473005226237
10,robotA,0.05,0.0,,,,,,,,,,-0.7370956810193908,-0.2792596251719722,-1.1866108940857232
10,robotB,0.05,0.0,,,,,,,,,,0.5901935564579328,0.11986366710155981,2.5152688355134347
10,robotC,0.05,0.0,,,,,,,,,,-0.18656026996317834,-0.3650660398994274,0.2710457871364175
11,robotA,0.05,0.0,,,,,,,,,,-0.7221853053509932,-0.3279995107393873,-1.1518779005207023
11,robotB,0.05,0.0,,,,,,,,,,0.5501800423909108,0.14882192284613158,2.515034578225923
11,robotC,0.05,0.0,,,,,,,,,,-0.13872636143350567,-0.3517793890134406,0.27072626980970543
12,robotA,0.05,0.0,,,,,,,,,,-0.7020184519789983,-0.37326429991688836,-1.1521250599590673
12,robotB,0.05,0.0,,,,,,,,,,0.5102355250490119,0.17774397699879377,2.5146333507528564
12,robotC,0.05,0.0,,,,,,,,,,-0.09003959201066128,-0.3382178944735973,0.27050896610850794
13,robotA,0.05,0.0,,,,,,,,,,-0.6821534547219346,-0.4179231365755032,-1.15255932186823
13,robotB,0.05,0.0,,,,,,,,,,0.4660992541362773,0.20764082340993317,2.5144442701898053
13,robotC,0.05,0.0,,,,,,,,,,-0.048278215087170465,-0.3243890292196658,0.27574286119784736
14,robotA,0.05,0.0,,,,,,,,,,-0.661179010487128,-0.46510045193510113,-1.15270634522984
14,robotB,0.05,0.0,,,,,,,,,,0.4228413008655528,0.23681537736755306,2.5141800681332516
14,robotC,0.05,0.0,,,,,,,,,,0.0008240836478360753,-0.3105060592070051,0.27534138513220896
15,robotA,0.0,0.0,,,,,,,,,,-0.646673953416235,-0.49777264984023173,-1.153070605643128
15,robotB,0.05,0.0,,,,,,,,,,0.38177115009669743,0.2666093483147265,2.513847603443306
15,robotC,0.05,0.0,,,,,,,,,,0.047944630206693824,-0.2972049297769091,0.27507302598097566
16,robotA,0.0,0.0,,,,,,,,,,-0.646444663394268,-0.49827456792100794,-1.1529489434059812
16,robotB,0.0,0.0,,,,,,,,,,0.3673023441625611,0.2771156105826805,2.5137441829285727
16,robotC,0.0,0.0,,,,,,,,,,0.09325726506225038,-0.2844228753877914,0.27465809437657834
17,robotA,0.0,0.0,,,,,,,,,,-0.6466513189160257,-0.4978180384849403,-1.1530525688887807
17,robotB,0.0,0.0,,,,,,,,,,0.3673475407755023,0.2770734185475632,2.513717267983372
17,robotC,0.0,0.0,,,,,,,,,,0.09307806111645037,-0.2844694638354182,0.2746848793788297
18,robotA,0.0,0.0,,,,,,,,,,-0.6464450268420162,-0.49827283689670643,-1.152963084261141
18,robotB,0.0,0.0,,,,,,,,,,0.36748746063616095,0.2769711808575757,2.5137055476932386
18,robotC,0.0,0.0,,,,,,,,,,0.09333959575588707,-0.28439310906837256,0.27469066806988496
19,robotA,0.0,0.0,,,robotA,2.0,,,,-0.11293563059306648,0.6499438483708215,-0.6466260927885493,-0.4978712648823669,-1.1530489971445628
19,robotB,0.0,0.0,,,,,,,,,,0.3671125949033854,0.27723760633217615,2.5137344444119667
19,robotC,0.0,0.0,,,,,,,,,,0.09291844335945262,-0.28451590787004566,0.27468772662633406
20,robotA,0.0,0.0,,,,,0.17913412069094298,-0.17368751522032116,0.8184616269876609,,,-0.6464753069849162,-0.49819882354879963,-1.152984082809276
20,robotB,0.0,0.0,,,,,,,,,,0.3674704891764764,0.2769836482991242,2.513725367550568
20,robotC,0.0,0.0,,,,,,,,,,0.0933276773121389,-0.2843936955403838,0.27471526072392133
21,robotA,0.0,0.0,,,robotA,2.0,0.179171317229279,-0.17380588679826744,0.8184584555334891,-0.11006027955647926,0.6515338658639226,-0.6465735709957842,-0.49797664109558837,-1.1530275998644428
21,robotB,0.0,0.0,,,,,,,,,,0.3671372284539711,0.27721743813626604,2.513746948408465
21,robotC,0.0,0.0,,,robotC,2.0,,,,-0.0027026735527087955,0.19080618070724412,0.09290839750196497,-0.2845148569566239,0.2747138042520842
22,robotA,0.0,0.0,,,robotA,2.0,0.17866337924439693,-0.17375141793040905,0.8184591245147934,-0.10928480359249465,0.6467256293456166,-0.6465297658247583,-0.49806219776541844,-1.153012589200726
22,robotB,0.0,0.0,,,,,,,,,,0.3674669311667423,0.27698265328894783,2.5137407562751215
22,robotC,0.0,0.0,,,,,0.1124872103406828,-0.019481061125628973,0.3020350357794864,,,0.093321956284205,-0.28439578900415574,0.2747383339604084
23,robotA,0.0,0.0,,,,,0.18342623948650544,-0.17373417621501805,0.8184564177928954,,,-0.6465216489051394,-0.49808579128392166,-1.1530099121474313
23,robotB,0.0,0.0,,,,,,,,,,0.36714023359778325,0.2772141859463287,2.513761663460615
23,robotC,0.0,0.0,,,robotC,2.0,0.11251821767105821,-0.019700025523373015,0.3020331528581437,-0.002720278096767214,0.18944902928043705,0.0928746883064528,-0.2845263856984161,0.2747313822503355
24,robotA,0.0,0.0,,,robotA,2.0,0.18345426770200832,-0.1738150503911881,0.818455986551848,-0.10970535997623465,0.6494003838780686,-0.6465940365829971,-0.4979243274385786,-1.1530440215570597
24,robotB,0.0,0.0,,,,,,,,,,0.3675000020156897,0.2769591673786924,2.5137492191080324
24,robotC,0.0,0.0,,,,,0.11382386677511609,-0.0194616993682468,0.302034985160601,,,0.0933131506345103,-0.2843973080009394,0.27475444768102814
25,robotA,0.05,0.0,,,,,0.1807560517140001,-0.1736807293260154,0.8184562987340517,,,-0.6412143746392073,-0.5100464924542814,-1.1530461939595404
25,robotB,0.0,0.0,,,,,,,,,,0.3671512610692038,0.2772074656610811,2.513770311916115
25,robotC,0.0,0.0,,,,,0.11385532032989097,-0.019691655352570208,0.3020323598470147,,,0.0928770159360651,-0.2845246158589003,0.2747354924157643
26,robotA,0.05,0.0,,,,,0.18818389405280914,-0.19238966088689333,0.8184461893977399,,,-0.63055885820657,-0.5221860680865363,-1.1693564390584614
26,robotB,0.05,0.0,,,,,,,,,,0.3419380558366366,0.29551708378295716,2.5134886013239104
26,robotC,0.05,0.0,,,,,0.11382383713339422,-0.01946450775754357,0.3020345375523129,,,0.09927055658848448,-0.2827183692276907,0.274723183334755
27,robotA,0.0,0.5,,,robotA,2.0,0.2148402313602056,-0.2424041215444077,0.8183600349465405,-0.15750558078790486,0.6548833985876317,-0.62030827443315,-0.5408094901955613,-0.9109649410616842
27,robotB,0.05,0.0,,,,,,,,,,0.301708692207328,0.3247397108242946,2.513214892560558
27,robotC,0.05,0.0,,,,,0.11517418164592837,-0.0270161100802364,0.30203146426050104,,,0.14793365201730668,-0.26901444339804076,0.2743056619523676
28,robotA,0.0,0.5,,,,,0.23208595993335518,-0.040430595010506484,0.8552763637920243,,,-0.6081030053269788,-0.535002815652963,-0.5488271908639016
28,robotB,0.05,0.0,,,,,,,,,,0.2607273653500244,0.3545301168676887,2.5128081819009416
28,robotC,0.05,0.0,,,robotC,2.0,0.13477574775033482,-0.07684434722293475,0.3020106770910525,-0.03861824409243248,0.1945931777899523,0.18327786168598098,-0.25583305504542553,0.27012208681301025
29,robotA,0.05,0.0,,,robotA,2.0,0.4078415551718492,0.21386262840716905,0.8234668714556335,0.21227446232258723,0.6475223817614226,-0.5748437565858511,-0.5366265324339149,-0.258836598568394
29,robotB,0.05,0.0,,,,,,,,,,0.22073232488692868,0.38361972723901716,2.5125895967114134
29,robotC,0.05,0.0,,,robotC,2.0,0.13907480035251477,-0.1269846621645264,0.30198580439997497,-0.0713987938510665,0.20106711243150044,0.23076963288153984,-0.24269551342368226,0.2696831403891744
30,robotA,0.05,0.0,,,robotA,2.0,0.22479756088141517,0.42363076081559764,0.7240890746870483,0.37595919368513736,0.5633537713498632,-0.5224640806414382,-0.5535545846170139,-0.30354170258192237
30,robotB,0.05,0.0,,,,,,,,,,0.17497058857143202,0.3949458949620049,2.539817955229698
30,robotC,0.05,0.0,,,robotC,2.0,0.14611487570584109,-0.17712629755270284,0.3019197369067904,-0.10631023727751283,0.2057064289270188,0.27976830650659473,-0.22916016639651293,0.26941305826048484
31,robotA,0.0,0.5,,,,,0.15812915859760635,0.3790533141095012,0.721452655652019,,,-0.48000900703188776,-0.5668201715157571,-0.2743683323641282
31,robotB,0.05,0.0,,,,,,,,,,0.13447248512874363,0.42276639922482445,2.5395478888534875
31,robotC,0.05,0.0,,,robotC,2.0,0.15440627872157553,-0.2271172683813197,0.3018675444807015,-0.14121184547593899,0.21115690069910797,0.3275378359050536,-0.21597741826772462,0.2690199384758836
32,robotA,0.05,0.0,,,robotA,2.0,0.14435331903761875,0.36891782832855685,0.7075352538331963,0.2945222786693024,0.5622730744600981,-0.4432410973354356,-0.5707404479420852,-0.14061711588603187
32,robotB,0.05,0.0,,,,,,,,,,0.09363036725979267,0.45083694527248425,2.5392019456845647
32,robotC,0.05,0.0,,,robotC,2.0,0.16355763977453788,-0.2773770125068875,0.3017667722145858,-0.17986718936744947,0.21334663752727684,0.37640876622033476,-0.20251470938720098,0.26868860240946724
33,robotA,0.05,0.0,,,,,0.15226672121640308,0.41907755677732617,0.6498581022070061,,,-0.40075866409568645,-0.5681899007520395,-0.11364271272780906
33,robotB,0.05,0.0,,,,,,,,,,0.051958173146493314,0.47950236609974534,2.538828923097374
33,robotC,0.05,0.0,,,robotC,2.0,0.17188538415520294,-0.3273239769615472,0.30167036638091405,-0.21903302456986556,0.21795372545505698,0.3968838495057218,-0.19122786668915584,0.27311968100160894
34,robotA,0.05,0.0,,,robotA,2.0,0.11597433780970964,0.37506511392226605,0.6457170599822112,0.3168363360761293,0.5073497718511907,-0.35063026625672206,-0.5739203460473444,-0.11391965133223485
34,robotB,0.05,0.0,,,,,,,,,,0.010866991427782755,0.5077851386288172,2.538585257244026
34,robotC,0.05,0.0,,,robotC,2.0,0.1792020089748189,-0.3775390716065628,0.30155511942316837,-0.2595447610685389,0.22169664094472943,0.44419368351913413,-0.17798889982338212,0.27271259867409087
35,robotA,0.0,0.0,,,,,0.13870899803397274,0.3251610612085456,0.6458087372057619,,,-0.3191580121713369,-0.5775192000720223,-0.11412701243660522
35,robotB,0.05,0.0,,,,,,,,,,-0.030676155319323283,0.536400146338407,2.5382573419438383
35,robotC,0.05,0.0,,,robotC,2.0,0.18599784388958146,-0.427605331409808,0.30138881514107363,-0.2984483002525972,0.22409891213769306,0.4936205527718063,-0.16416445019935033,0.2725060325454813
36,robotA,0.0,0.0,,,robotA,2.0,0.14047538158251394,0.29350341524605955,0.6458738045541501,0.2517606595948463,0.5103619334156068,-0.31949599368454396,-0.5774867896186151,-0.11414180268796408
36,robotB,0.0,0.0,,,,,,,,,,-0.023935315670788028,0.5288530778396203,2.52829226163245
36,robotC,0.0,0.0,,,robotC,2.0,0.1952704181640348,-0.47781176498576944,0.3012953092613225,-0.34031560498193675,0.22905127785767873,0.5348136958887517,-0.15266492947712756,0.2721331414487816
37,robotA,0.0,0.0,,,,,0.14182740150449946,0.2935970917973534,0.6458784444321007,,,-0.31910007520931655,-0.5775255553790576,-0.11414339310214118
37,robotB,0.0,0.0,,,,,,,,,,-0.023604776372327694,0.5286248289962441,2.5282578616414386
37,robotC,0.0,0.0,,,robotC,2.0,0.19389173433753154,-0.5203157047440861,0.3011204719008493,-0.38357162017120716,0.23127511847590926,0.5351736220864057,-0.15255042879339065,0.27216314754778564
38,robotA,0.0,0.0,,,robotA,2.0,0.14176710544325688,0.29339618470604756,0.6458772286205171,0.25125385946624307,0.5181011900837925,-0.3194003731104731,-0.5774972708616877,-0.11416600679818607
38,robotB,0.0,0.0,,,,,,,,,,-0.023979951459300444,0.5288836950706653,2.528272099534965
38,robotC,0.0,0.0,,,robotC,2.0,0.15367375533901165,-0.5204574937785741,0.3011169446744155,-0.3811354777923486,0.22989130719772646,0.5347980253686354,-0.15266310889021076,0.2721424655810014
39,robotA,0.0,0.0,,,,,0.1345902397144649,0.29351258378408374,0.6458851203936162,,,-0.31919201688957904,-0.5775150753415788,-0.11417362316783844
39,robotB,0.0,0.0,,,,,,,,,,-0.023671068683236058,0.5286708117257569,2.5282568474716594
39,robotC,0.0,0.0,,,robotC,2.0,0.1563466344034997,-0.5203163963784471,0.301115895584262,-0.38312246654930804,0.23105652965578785,0.5352311766122843,-0.15253357845083346,0.27217197900282925
40,robotA,0.0,0.0,,,robotA,2.0,0.13455580844176324,0.2934052346404581,0.6458843155594948,0.2518834294473004,0.5192395048883298,-0.3192602729065074,-0.5775092488686695,-0.11417527149449593
40,robotB,0.0,0.0,,,,,,,,,,-0.023910984139040404,0.5288363597951974,2.5282583447408826
40,robotC,0.0,0.0,,,robotC,2.0,0.1542284236318624,-0.5205170728831624,0.30112170507364,-0.38312542749467327,0.23110688211668387,0.5348242625906208,-0.15265355315703125,0.2721602697451605
41,robotA,0.0,0.0,,,robotA,2.0,0.13328803459144287,0.2934347181058488,0.6458854309028039,0.25190794246370296,0.5192867944745535,-0.319354298876534,-0.5774930301161773,-0.11418604250193369
41,robotB,0.0,0.0,,,,,,,,,,-0.023776161248297695,0.5287417968358035,2.528252062189694
41,robotC,0.0,0.0,,,robotC,2.0,0.15403281525086385,-0.5203254205319958,0.30112309512956675,-0.38240667062169414,0.23070606089597007,0.5351849636924078,-0.1525477563393245,0.27219023589475205
42,robotA,0.0,0.0,,,robotA,2.0,0.13324848122150948,0.29347908782714077,0.6458845733690146,0.2520484836885425,0.5199376467572483,-0.3191356664254768,-0.5775205174116971,-0.1141906411548918
42,robotB,0.0,0.0,,,,,,,,,,-0.023804266360448818,0.5287605881934525,2.5282528452653303
42,robotC,0.0,0.0,,,robotC,2.0,0.1550087715469521,-0.5204938226933977,0.3011308980574532,-0.3828431931474703,0.2333206405075531,0.5348976087738571,-0.1526300066195739,0.27218738867335324
43,robotA,0.0,0.0,,,robotA,2.0,0.13255371441196875,0.2933634756069104,0.6458882666334324,0.25116244657257225,0.5178871662155057,-0.3194364044241431,-0.5774891918472278,-0.11420395149518797
43,robotB,0.0,0.0,,,,,,,,,,-0.023894628770236882,0.5288226784630011,2.5282550291508277
43,robotC,0.0,0.0,,,robotC,2.0,0.15332368938497515,-0.520355145119115,0.30113374242428015,-0.3824908445392186,0.2307420325286967,0.5350750018567331,-0.1525767373385895,0.27219979107157877
44,robotA,0.0,0.0,,,,,0.13482828741414127,0.2935120048867013,0.6458917833104701,,,-0.31913302324859605,-0.577515008980531,-0.11420516743922993
44,robotB,0.0,0.0,,,,,,,,,,-0.023686204246473917,0.5286792456181721,2.5282469000472663
44,robotC,0.0,0.0,,,robotC,2.0,0.15486733403651065,-0.5204350500371503,0.30113583425243196,-0.3822760247578206,0.23297969754836012,0.5349910916340291,-0.15260197480685048,0.2721967237268988
45,robotA,0.05,0.0,,,robotA,2.0,0.1347756180424861,0.2933545035290796,0.6458883285091074,0.2498480781767673,0.5151852747165557,-0.303175517561727,-0.5793509853177099,-0.11433997448696609
45,robotB,0.0,0.0,,,,,,,,,,-0.023945186131177354,0.5288568808818324,2.5282554966891926
45,robotC,0.0,0.0,,,robotC,2.0,0.15403609020237452,-0.5204128646233853,0.3011363594148966,-0.38083282606013275,0.22967957114398083,0.534927397701242,-0.1526163883011845,0.272214640346015
46,robotA,0.05,0.0,,,,,0.13338911290322358,0.2762752720058897,0.6459302894109101,,,-0.2540671228155575,-0.5849954931470347,-0.1146113536133533
46,robotB,0.05,0.0,,,,,,,,,,-0.03246887498292936,0.5319393679764298,2.7991275360301002
46,robotC,0.0,0.5,,,robotC,2.0,0.1567603913479205,-0.5203559237351609,0.30114372656974486,-0.3821434335227738,0.2328805563046792,0.5351791633930012,-0.15250132495803723,0.2812584699831693
47,robotA,0.05,0.0,,,robotA,2.0,0.1329621795195144,0.22603737347571848,0.6459980857261011,0.19804480146195388,0.5144128428663017,-0.20332090160280974,-0.5908492974956459,-0.11508184386259965
47,robotB,0.05,0.0,,,,,,,,,,-0.07262110140390668,0.5334342667413023,2.7546847235320007
47,robotC,0.0,0.5,,,robotC,2.0,0.15373484265480872,-0.5157049931681862,0.30901012763661134,-0.37943867806834025,0.23270756149679997,0.5332813808529042,-0.15332087306159206,0.7815007446193875
48,robotA,0.05,0.0,,,robotA,3.0,0.13356269394566142,0.17569528934749118,0.6460923497087406,0.15929155589489655,0.5077479692813609,-0.17635756753319115,-0.6017066710492796,-0.09559982131522442
48,robotB,0.05,0.0,,,robotA,2.0,,,,-0.42528337999889926,0.3293119929151638,-0.10080887737528227,0.5424994293984308,2.9917427684424482
48,robotC,0.0,0.5,,,,,0.2948234993488216,-0.3031638519599565,0.517493527917936,,,0.518893834738164,-0.14639470956752393,1.0690813242652955
49,robotA,0.05,0.0,,,robotA,3.0,0.14241855744267903,0.12556895051092523,0.646116431693034,0.12295806972283917,0.5118039074892858,-0.12577569564965807,-0.6065709940899668,-0.09604848800543798
49,robotB,0.05,0.0,,,,,0.3447149698678783,-0.18782731297688132,0.5791980203065471,,,-0.14894090026737875,0.5508520994217745,3.0163429443956855
49,robotC,0.05,0.0,,,,,0.4195417683190268,-0.1510158467784857,0.5846142330871275,,,0.5361162133168657,-0.11430300619916942,1.204952391568132
50,robotA,0.0,0.5,,,robotA,3.0,0.14254364515275225,0.0753502496230582,0.6461623320066218,0.08606012235987916,0.5086510546574934,-0.07859572180414341,-0.6111212227303474,-0.09567701854434066
50,robotB,0.05,0.0,,,,,0.3154529904715067,-0.23385635233877203,0.5800434873043318,,,-0.19983410783675623,0.5623376105721244,3.0093400894540605
50,robotC,0.05,0.0,,,,,0.4622977349262452,-0.09667042466507166,0.5984414956418308,,,0.55393999052644,-0.08269669923661563,1.3520861118243843
51,robotA,0.05,0.0,,,robotA,3.0,0.14893151266123708,0.02880863442038042,0.6461387362594379,0.04440723219045524,0.5089443441892212,-0.038310834126747045,-0.6107886507348502,-0.01152531055041181
51,robotB,0.05,0.0,,,,,0.2821982677582038,-0.29050418522320137,0.5772443042046472,,,-0.24835250903306427,0.5687918782822969,3.009089181236205
51,robotC,0.05,0.0,,,,,0.5241862371112591,-0.016046673272200374,0.6104872089463461,,,0.5624745960429763,-0.03440083997562,1.3960461703030453
52,robotA,0.05,0.0,,,robotA,3.0,0.13163539482706352,0.04231601429411646,0.6405631269635158,0.057753992449256976,0.5082476275366691,0.012814112635936296,-0.6106421420797564,0.004122022379354888
52,robotB,0.05,0.0,,,,,0.2619556962918228,-0.3404589073806509,0.577153869249188,,,-0.2879557328802586,0.5740453992025661,3.036233557523031
52,robotC,0.05,0.0,,,,,0.5037510918056547,-0.04642552011416232,0.6106856020292823,,,0.5716971697071769,0.0164686788508966,1.389297268875723
53,robotA,0.05,0.0,,,robotA,2.0,0.14362212219525353,0.0005916744088264176,0.6400041582291285,0.024988980977320094,0.5122195695267728,0.047434108998088496,-0.6073856385241749,0.01738537385072097
53,robotB,0.05,0.0,,,,,0.2738798824352632,-0.3540520690387391,0.5937666966767919,,,-0.3384226819406191,0.5755407049196398,3.108282664610171
53,robotC,0.05,0.0,,,,,0.46885830936889616,-0.10138730840706649,0.6102198793008012,,,0.5804707057741181,0.06429142934584853,1.3888855540254348
54,robotA,0.05,0.0,,,robotA,2.0,0.1479669269376458,-0.04963765901522946,0.6399891906062493,-0.016207621163479166,0.5139210652742899,0.09843141069155457,-0.6065038391449585,0.01717495995576249
54,robotB,0.05,0.0,,,,,0.2876013504009865,-0.3712732285529563,0.6117964000835193,,,-0.38782869859384606,0.5771718146908358,3.108410440924961
54,robotC,0.05,0.0,,,,,0.44109036918491595,-0.15122427639995797,0.6101713354656774,,,0.5894924103205663,0.11336076817302781,1.3886461128860728
55,robotA,0.0,0.0,,,robotA,2.0,0.1512279695288664,-0.09975977711815666,0.6399723881675821,-0.05664544292409333,0.5186686706972811,0.13147879797374276,-0.6059371390597978,0.016992609981321325
55,robotB,0.05,0.0,,,,,0.2823582357604459,-0.4215967411135734,0.6116461601629143,,,-0.4246876927940266,0.551255584739361,-3.1286130171528663
55,robotC,0.0,0.5,,,,,0.4171391282470801,-0.20174098282812072,0.6101046751861444,,,0.5933834841889668,0.15075060814709648,1.401710484657614
56,robotA,0.0,0.0,,,robotA,2.0,0.14308247742710936,-0.13256425557190718,0.6399490451724013,-0.0830171777266463,0.5205930622344819,0.13135441501834705,-0.6059420207195562,0.016940881261822378
56,robotB,0.0,0.0,,,,,0.2860288142182439,-0.4715894544320473,0.611567604079382,,,-0.4425248448187613,0.5510218819521021,-3.128689957551165
56,robotC,0.0,0.0,,,,,0.3999432694357009,-0.24785378511150183,0.6103847182225609,,,0.5876670498388462,0.17177336801135049,1.5155964166767055
57,robotA,0.0,0.0,,,robotA,2.0,0.12923031095469956,-0.13257069424912507,0.6399451559308421,-0.0853951978711062,0.525725728670983,0.13160539927913556,-0.6059330677971014,0.01694564878695739
57,robotB,0.0,0.0,,,,,0.2892098088120838,-0.4885059845039798,0.6115268326963422,,,-0.4423135130722272,0.5510292249821518,-3.128727918219286
57,robotC,0.0,0.0,,,,,0.4283738852823383,-0.22187423392984051,0.6310511713805428,,,0.5876718007366594,0.17145249282656658,1.5315398372178273
58,robotA,0.0,0.0,,,robotA,2.0,0.12362830696250289,-0.13270885939156704,0.6399420835241393,-0.08557181867137204,0.5254879607631374,0.1312731608382229,-0.6059382663596127,0.016939595279042898
58,robotB,0.0,0.0,,,,,0.28917750233341377,-0.48841652888968845,0.6115137529502935,,,-0.442618189458286,0.5510209840781555,-3.1287291291730592
58,robotC,0.0,0.0,,,,,0.43424192264895134,-0.21341014522484944,0.6339563293051208,,,0.587667577840557,0.17183293469324967,1.5315454158104342
59,robotA,0.0,0.0,,,robotA,2.0,0.12371672149535108,-0.13254263434864927,0.6399413121870668,-0.085177495908619,0.5241624264499718,0.13163431149161456,-0.6059256585374103,0.016951677782189957
59,robotB,0.0,0.0,,,,,0.28921130836025544,-0.4885953124221731,0.6115083431684609,,,-0.44224738536270025,0.5510307250713848,-3.1287534292666184
59,robotC,0.0,0.0,,,,,0.43415368896626727,-0.21359248872935732,0.6339362582830051,,,0.5876659501891808,0.17156800138207168,1.5315241866587117
60,robotA,0.0,0.0,,,robotA,2.0,0.1251588627219359,-0.13272505552771063,0.6399379441215302,-0.08569943410569439,0.5264239827395719,0.13129131648563336,-0.6059379700778725,0.016940070148728302
60,robotB,0.0,0.0,,,,,0.2891652218822988,-0.4884119001983469,0.6115022044457323,,,-0.4426380647766234,0.5510172527485598,-3.1287466905226804
60,robotC,0.0,0.0,,,,,0.43419433906131016,-0.2134967535901753,0.6339406630392461,,,0.5876677165799039,0.17169856161660096,1.5315175891843844
61,robotA,0.0,0.0,,,robotA,2.0,0.1228085444879889,-0.13255968438907814,0.6399407460066638,-0.0855852444558109,0.5264641800540876,0.1315506192954845,-0.6059283293497117,0.016951250283957067
61,robotB,0.0,0.0,,,,,0.2892044734539452,-0.4886183288125462,0.611496173415323,,,-0.4422475967911679,0.5510263901616865,-3.1287589376466243
61,robotC,0.0,0.0,,,,,0.43416909196360765,-0.2135509033183209,0.6339357342426709,,,0.5876668187049495,0.17173797996146806,1.5315175395887985
62,robotA,0.0,0.0,,,robotA,2.0,0.12285709014543957,-0.13267480196989398,0.6399385743998276,-0.08520534045965882,0.5238254674983048,0.131438025636769,-0.6059334865023885,0.016945764686857625
62,robotB,0.0,0.0,,,,,0.2891630007162685,-0.48842772540640417,0.611496387640128,,,-0.44258068671346806,0.5510193826884341,-3.128756211241163
62,robotC,0.0,0.0,,,,,0.4341531359171508,-0.21358815964304664,0.633933870410806,,,0.5876613295468774,0.17154655906034827,1.5315102837020957
63,robotA,0.0,0.0,,,robotA,2.0,0.12542646859235115,-0.13263259854512532,0.6399394382944266,-0.08520585653306809,0.5242633425146868,0.13138239631924098,-0.6059345690614635,0.016944430724647706
63,robotB,0.0,0.0,,,,,0.2891939378015889,-0.488583270480213,0.6114932423387265,,,-0.4423733951584137,0.5510245101320131,-3.1287602500686544
63,robotC,0.0,0.0,,,,,0.43419567383145613,-0.21348002825140316,0.6339351898138084,,,0.5876688919537523,0.17182516125986372,1.5315172490412863
64,robotA,0.0,0.0,,,robotA,2.0,0.12500633554604768,-0.13259372992071838,0.6399394998784541,-0.08551557952257728,0.52610294628173,0.13156814251661356,-0.6059290886956972,0.01695050193456005
64,robotB,0.0,0.0,,,,,0.28917617887934677,-0.48849751914150785,0.6114942656463168,,,-0.4424133468190661,0.5510234765896894,-3.1287606642613484
64,robotC,0.0,0.0,,,,,0.4341382347002759,-0.21362411718605825,0.6339326083571473,,,0.5876614183398609,0.17154774592714478,1.5315075992148894
65,robotA,0.05,0.0,,,robotA,2.0,0.1232243165707263,-0.13269338156406416,0.6399382975082134,-0.08572896771496046,0.5271223001684382,0.14741972204743348,-0.6056675786417292,0.01675805793267326
65,robotB,0.0,0.0,,,,,0.2891757558974246,-0.48849796740153867,0.6114937317615338,,,-0.4425316555168912,0.5510203944952482,-3.1287598650855175
65,robotC,0.0,0.0,,,,,0.43419119374667275,-0.21348994322808523,0.6339344426153006,,,0.5876652222026882,0.1717253946782452,1.5315112068563954
66,robotA,0.05,0.0,,,robotA,2.0,0.12986854279380247,-0.150103619936822,0.6399130026163795,-0.10005871294350736,0.5286263747817016,0.19747959211493393,-0.6048320330954353,0.016484044140904958
66,robotB,0.05,0.0,,,,,0.2891907327033341,-0.48857491280117954,0.6114918323031489,,,-0.47385648372053935,0.5506254476838957,-3.1289770490349826
66,robotC,0.05,0.0,,,,,0.4341592145002694,-0.21356811302396753,0.6339321609262859,,,0.587905885231493,0.17779437971813938,1.5315881285765347
67,robotA,0.05,0.0,,,robotA,2.0,0.14999515572426653,-0.2006847229368091,0.6398601504686525,-0.14388785214041694,0.5270128903589778,0.24772407938555321,-0.6040117728616132,0.01619095860657367
67,robotB,0.05,0.0,,,,,0.2981762091582394,-0.5219776137579888,0.611374533614422,,,-0.5234291466879387,0.5500036104456127,-3.129271544996436
67,robotC,0.05,0.0,,,,,0.4311690181199794,-0.22157399239207326,0.6339374995658336,,,0.5899208026881583,0.22900065078225507,1.5313869543865593
68,robotA,0.05,0.0,,,robotA,2.0,0.15516847887799606,-0.2504567589014552,0.6397973083832255,-0.18051807743250692,0.5352768938539227,0.29096215943269044,-0.5971856061333792,0.0261447832137422
68,robotB,0.0,0.5,,,,,0.31793442766493846,-0.5723069052683449,0.6112098171564597,,,-0.5636627230549138,0.5494432516158753,-3.095283256299723
68,robotC,0.05,0.0,,,,,0.4153756511012764,-0.27181695161968944,0.6338989067723693,,,0.5918629000835856,0.27794746755938055,1.5308900177529703
69,robotA,0.05,0.0,,,robotA,2.0,0.15944031013085813,-0.30100491527281653,0.6396997572597266,-0.22800294216679703,0.5375099248694148,0.3297643692638964,-0.5845862055142242,0.043395488129959844
69,robotB,0.0,0.5,,,,,0.3468395100572848,-0.5801856143942921,0.6396391485366016,,,-0.5620905010172342,0.5498810210311867,-2.578782564390317
69,robotC,0.05,0.0,,,,,0.4051453260240719,-0.32193873551738883,0.6337518131770713,,,0.5938393188211469,0.3274283648339651,1.5307669798984194
70,robotA,0.05,0.0,,,,,0.1597443107020729,-0.3508536075762698,0.6396175093581794,,,0.3795290245447906,-0.582424291913967,0.043016931404877334
70,robotB,0.05,0.0,,,,,0.5710628925748765,-0.17797284838203278,0.8440452522129944,,,-0.5142136632002839,0.5544046316729142,-2.099538194625773
70,robotC,0.05,0.0,,,,,0.4010637100888184,-0.3721088085769616,0.6337042853779897,,,0.59588567353576,0.378187426159066,1.530264357758446
71,robotA,0.05,0.0,,,,,0.20112830879125154,-0.4013724373522247,0.6394688123504922,,,0.428249222097239,-0.5803358806685466,0.042785235832662694
71,robotB,0.05,0.0,,,,,0.8344392089018297,0.24487663367771942,0.8264783125926592,,,-0.5214160966907245,0.5521178043204384,-1.870094253259789
71,robotC,0.05,0.0,,,,,0.40309209420362574,-0.42233995839472704,0.6335101520021776,,,0.5861786523546038,0.40597472769089676,1.5446198571787695
72,robotA,0.05,0.0,,,,,0.24539211345789047,-0.45125651825953683,0.639368307485346,,,0.4796594123330331,-0.5781430214667522,0.04243738977654975
72,robotB,0.05,0.0,,,,,0.9563400948585277,0.4416955641090882,0.7329626927874877,,,-0.533838450827128,0.5088745656363837,-1.8335047024624207
72,robotC,0.05,0.0,,,,,0.41138220354718036,-0.472464525386354,0.6334337886470818,,,0.5875242937451762,0.4569161023392437,1.5441660932759536
73,robotA,0.05,0.0,,,,,0.29200574989069383,-0.501728672495389,0.6392034965704095,,,0.52265681177657,-0.5731476866676407,0.045321041111211845
73,robotB,0.05,0.0,,,,,0.9190306539315859,0.40404831494977467,0.7253249758077428,,,-0.5434441957597168,0.46985614189276226,-1.7094725445544858
73,robotC,0.05,0.0,,,,,0.4253751671984432,-0.5227678026367691,0.6332082417952876,,,0.5888416012443651,0.5060722787578891,1.5439454423760044
74,robotA,0.0,0.5,,,,,0.3392652880164376,-0.5517318386650069,0.6390014872030776,,,0.5216622993001676,-0.5675196851624928,0.44089723069888104
74,robotB,0.05,0.0,,,,,0.9460124608279387,0.45737501203069153,0.6696849339981316,,,-0.5523408902330418,0.42181187428403955,-1.7284908842597668
74,robotC,0.0,0.5,,,,,0.44464085279517135,-0.5728374118727617,0.6330854052110392,,,0.5863235164921949,0.5243489406042865,1.8825757266645744
75,robotA,0.0,0.0,,,,,0.2707713758749966,-0.27056569689980803,0.8049151415402499,,,0.5187416587320364,-0.5761688408617618,0.7961587784754327
75,robotB,0.05,0.0,,,,,0.8842705358377027,0.38455602933334676,0.6844098831413615,,,-0.5622346788293668,0.37329326472547986,-1.7169890551006175
75,robotC,0.0,0.5,,,,,0.5553982365745862,-0.3527937525747226,0.7874662920595552,,,0.5759572860255187,0.4839434994171666,2.3072363539944103
76,robotA,0.0,0.0,,,,,0.3969492918760292,0.018541375561946776,0.8486122227017342,,,0.4956378687567701,-0.5928097607689243,0.7704727441264135
76,robotB,0.0,0.0,,,,,0.8386737908321429,0.33450263807077096,0.6844161102872267,,,-0.5648167601158485,0.35574421588468114,-1.7169598781943702
76,robotC,0.0,0.0,,,,,0.7363153879209074,0.0029706865923128534,0.8619320272552063,,,0.556364885653717,0.4738916506604378,2.671053549956059
77,robotA,0.0,0.0,,,,,0.38556388008557385,-0.00035112920466477725,0.8486917972233442,,,0.4954790302803802,-0.5929891771760893,0.7705758767353676
77,robotB,0.0,0.0,,,,,0.8238539125433564,0.31811827635400064,0.6844024694767878,,,-0.5648186098978638,0.3557382871467106,-1.717015619958019
77,robotC,0.0,0.0,,,,,0.8724125254616504,0.270156476138307,0.815056039827101,,,0.5433812094290263,0.46621647410005335,2.672166777099675
78,robotA,0.0,0.0,,,,,0.3856760646622717,-0.00017844920075906612,0.8487044416240398,,,0.4955304931975527,-0.5929223033638763,0.7705790032254409
78,robotB,0.0,0.0,,,,,0.8238119112326586,0.31806330196075655,0.6844201109698994,,,-0.5648108598447192,0.3557991513084018,-1.7170248374399069
78,robotC,0.0,0.0,,,,,0.8727497693380907,0.2706931439131627,0.8149624660933193,,,0.5432002330890732,0.46628235470406726,2.672155707536515
79,robotA,0.0,0.0,,,,,0.38565424878271787,-0.0001995931787821519,0.848692883583428,,,0.4955831866838376,-0.5928705186696589,0.7705757110891345
79,robotB,0.0,0.0,,,,,0.8238432099702037,0.3180959149219462,0.6844244518588001,,,-0.5648253567394468,0.3556937944286998,-1.717029315513504
79,robotC,0.0,0.0,,,,,0.8726590816116067,0.27058605794423735,0.8149460996330106,,,0.5432498659397369,0.46624514736748873,2.672140634914762
80,robotA,0.0,0.0,,,,,0.3856205396413061,-0.00025544525390558366,0.8486919909387253,,,0.4954283087871042,-0.5930224346522803,0.7705689418902845
80,robotB,0.0,0.0,,,,,0.823790173458941,0.31803696400177073,0.6844248145398381,,,-0.5648105667908119,0.35580692533207126,-1.7170302897903376
80,robotC,0.0,0.0,,,,,0.8726582730516991,0.2705917449563084,0.8149385385737415,,,0.5433865057289112,0.4661770431908084,2.672121310899747
81,robotA,0.0,0.0,,,,,0.3856869884852228,-0.00014168555593167467,0.8486910631514736,,,0.49562485724520966,-0.5928246032721437,0.770572833941288
81,robotB,0.0,0.0,,,,,0.8238411601244727,0.31809259794301026,0.6844266399436223,,,-0.5648228668936891,0.35571477483821545,-1.7170322783758536
81,robotC,0.0,0.0,,,,,0.872724075584984,0.2706792344497149,0.8149394842980417,,,0.5430905083651922,0.46632082569837446,2.672153163943722
82,robotA,0.0,0.0,,,,,0.38559936655014826,-0.000285804128392768,0.8486879712150301,,,0.49542717799028957,-0.5930202781972199,0.770569520224129
82,robotB,0.0,0.0,,,,,0.8238023182357324,0.31804972662017506,0.6844262733019185,,,-0.5648157204948691,0.3557683511239479,-1.7170327983279932
82,robotC,0.0,0.0,,,,,0.8725958209786975,0.2705123874917063,0.8149335306589863,,,0.5433956883340053,0.4661679918258658,2.672124147232746
83,robotA,0.0,0.0,,,,,0.385681460876852,-0.00014899157955767858,0.8486895618411978,,,0.49555870891129683,-0.5928881845210652,0.7705717721468259
83,robotB,0.0,0.0,,,,,0.8238190542702798,0.3180679415911104,0.6844269698862345,,,-0.5648159650858396,0.3557657533094456,-1.7170333867421759
83,robotC,0.0,0.0,,,,,0.8727230174590311,0.27068194695173214,0.8149348694498939,,,0.5431450696683503,0.4662878957710485,2.672151416806543
84,robotA,0.0,0.0,,,,,0.38563331015293306,-0.00022817624854649325,0.848687857747687,,,0.4955497648270851,-0.5928989820292951,0.7705692147862548
84,robotB,0.0,0.0,,,,,0.8238249226469065,0.3180743373212085,0.6844271957364741,,,-0.5648217963349768,0.35572213601125746,-1.7170343483107127
84,robotC,0.0,0.0,,,,,0.8726261690911209,0.2705560374454924,0.8149302858787477,,,0.5432952327296194,0.4662165558821901,2.6721361094031133
85,robotA,0.0,0.5,,,,,0.38562503552736116,-0.00024286747453803928,0.8486883566439438,,,0.4953800469360443,-0.5930719052354091,0.8636804314952699
85,robotB,0.0,0.0,,,,,0.8237995223583658,0.31804632899388413,0.6844268993420493,,,-0.5648120735047423,0.3557954242851585,-1.717034157195489
85,robotC,0.0,0.0,,,,,0.8726731354035066,0.27061725085447114,0.814932338131467,,,0.5433581903400534,0.4661819497289127,2.672131970518242
86,robotA,0.05,0.0,,,,,0.44583091853493373,0.0966160681663023,0.8431039464929764,,,0.5029138781943684,-0.5760916319517355,1.1353617215211842
86,robotB,0.0,0.5,,,,,0.8238359051125855,0.31808624263669244,0.6844277524856043,,,-0.5675841124231434,0.3365026222607163,-1.6832527992659763
86,robotC,0.0,0.5,,,,,0.8727202080437407,0.2706815970269056,0.8149310490322925,,,0.5430713396780317,0.466318631723651,2.681709579757869
87,robotA,0.05,0.0,,,,,0.5826395052043605,0.298848431084482,0.7862998433308016,,,0.5063167954413567,-0.5391935950102317,1.3488871310791515
87,robotB,0.05,0.0,,,,,0.8325718281726627,0.33576639622079035,0.6669198826078223,,,-0.565087253524517,0.29827404606268704,-1.5362659880527452
87,robotC,0.05,0.0,,,,,0.8813435642116781,0.28719300160441835,0.8092218126944791,,,0.5094787772730286,0.47730229779031835,2.8569879495848673
88,robotA,0.05,0.0,,,,,0.67587969480991,0.4268658674483949,0.7047229747474626,,,0.5226284339753208,-0.505357982823866,1.4751885687479287
88,robotB,0.05,0.0,,,,,0.8553039551133347,0.380876677038028,0.6150580656278635,,,-0.5624209721371045,0.24734249216972098,-1.518852318861019
88,robotC,0.05,0.0,,,,,0.9186933454972823,0.37772119405706645,0.7530020849198577,,,0.4911593277652766,0.47952209647531624,3.0469392535107236
89,robotA,0.05,0.0,,,,,0.7139563122432508,0.4775678246678706,0.6466131272986799,,,0.5308832817424806,-0.45805334374832746,1.4214340337484654
89,robotB,0.05,0.0,,,,,0.8122271901721744,0.3363067709082228,0.6116122771804342,,,-0.5598673259513762,0.19815606574945882,-1.5191460587130177
89,robotC,0.05,0.0,,,,,0.992905123355448,0.5260368477149057,0.6401074340950272,,,0.4520387091671302,0.5074550889948131,3.022087806798717
90,robotA,0.05,0.0,,,robotA,2.0,0.6360549870461828,0.3942363425154803,0.6693591537045033,0.36038640835604846,0.5655440156363373,0.5412260726854964,-0.41394701407993684,1.4031900071520926
90,robotB,0.05,0.0,,,,,0.765418208759174,0.28613773336067105,0.6117036248137239,,,-0.5578988705328685,0.1776521029239048,-1.5110975222104523
90,robotC,0.05,0.0,,,,,0.9320267087943,0.44787679112211065,0.661919514200961,,,0.40127402261987616,0.5144955725898986,3.016575951008234
91,robotA,0.0,0.5,,,robotA,2.0,0.10520883999290592,0.34393352835626545,0.6694584167189862,0.31399079922865847,0.557397810465513,0.5492801122259581,-0.3662352950031468,1.403072934395772
91,robotB,0.05,0.0,,,,,0.7190533739994602,0.23596460360504057,0.6117812104234285,,,-0.5549635871105382,0.12840081601520573,-1.511421976922186
91,robotC,0.05,0.0,,,,,0.8861823254299204,0.3948651031599649,0.6637212135774855,,,0.35283542936793916,0.5205770953233153,3.0163077663638846
92,robotA,0.05,0.0,,,,,0.11294889169074983,0.2974410940805978,0.6691276605221608,,,0.5514993446383554,-0.3248145110386602,1.4975187782133867
92,robotB,0.05,0.0,,,,,0.6731807786140641,0.18573493197089044,0.6118522256839259,,,-0.5520514469761235,0.0792604897411601,-1.5117397813354776
92,robotC,0.05,0.0,,,,,0.8429602228211875,0.3449464290054362,0.6638086562628184,,,0.30179197420614184,0.5270131638129106,3.015945679309674
93,robotA,0.05,0.0,,,robotA,2.0,0.07963029146284825,0.3175217670655271,0.6369497782890254,0.28196229778434173,0.5206077079914567,0.5543826702162175,-0.2760211243411064,1.5126379272298258
93,robotB,0.05,0.0,,,,,0.6280269036357786,0.13557217262731525,0.6119050586097896,,,-0.5490454161790828,0.028284822765847886,-1.5120764255405477
93,robotC,0.05,0.0,,,,,0.8000631782044659,0.294469480286496,0.6639254683854449,,,0.2533165225890018,0.5331434430910436,3.0155649967852556
94,robotA,0.05,0.0,,,,,0.11235554245761005,0.2759983883154163,0.6328048545897115,,,0.557357291354532,-0.22479528944012256,1.5122887721657514
94,robotB,0.05,0.0,,,,,0.5836183791563175,0.08533463716826391,0.6119418799287667,,,-0.546164988803171,-0.020867100956400188,-1.51242019970342
94,robotC,0.05,0.0,,,,,0.7584536272178928,0.24443384806605564,0.6640252817155106,,,0.21366546729165736,0.5341877190749087,3.108473124177389
95,robotA,0.0,0.0,,,robotA,2.0,0.12561470386829166,0.22562200473490618,0.6328789207177044,0.20764751778215557,0.5066572721572729,0.5670753968916451,-0.19916603366052604,1.5209973887758348
95,robotB,0.05,0.0,,,,,0.5402654123498929,0.03514557167832204,0.611963538530989,,,-0.5450792625489278,-0.045909781606965426,-1.491860399967304
95,robotC,0.05,0.0,,,,,0.7608219733109817,0.2643063986271474,0.6382224826811345,,,0.17691524333802947,0.5450139803654357,3.124790789754361
96,robotA,0.0,0.0,,,robotA,2.0,0.12699123303425655,0.19379825443401535,0.6328910678392324,0.17661513499054418,0.5041950717275536,0.5670783848457059,-0.19910818982189538,1.5209409667233982
96,robotB,0.0,0.0,,,,,0.4981721748286631,-0.015062166075990783,0.6119673863205178,,,-0.5435478503766517,-0.06528337870036,-1.4920617249873496
96,robotC,0.0,0.0,,,,,0.7228248882145869,0.2205958205999173,0.635739098017657,,,0.13364259787608776,0.5457314127205655,3.124784641901091
97,robotA,0.0,0.0,,,robotA,2.0,0.1298458284129542,0.19373784102900576,0.63290696742553,0.1793838362622617,0.5041419216594126,0.567082705715728,-0.19899444152515217,1.520935269257202
97,robotB,0.0,0.0,,,,,0.48358616885712435,-0.032900521799523345,0.6119624401131112,,,-0.5435535632061325,-0.06522282227615833,-1.4920467739746623
97,robotC,0.0,0.0,,,,,0.6887774719331801,0.17910402893160798,0.6357515420992059,,,0.13355566988075324,0.5457324917617259,3.124657217990897
98,robotA,0.0,0.0,,,robotA,2.0,0.1295539320634535,0.1936561167611617,0.6329073025754905,0.17918158695767814,0.503543218089762,0.5670696537420862,-0.19941125957026473,1.5209103022010595
98,robotB,0.0,0.0,,,,,0.48361480285964037,-0.03286581224308757,0.6119632445691795,,,-0.5435475848243868,-0.06528704169332628,-1.4920414576529466
98,robotC,0.0,0.0,,,,,0.6886979363310746,0.17900091219130973,0.6357585155178954,,,0.13378585134260695,0.5457279602810228,3.1246212891178495
99,robotA,0.0,0.0,,,,,0.1302018226768936,0.19386610980156224,0.6329143099813924,,,0.5670987547807639,-0.19868992991348022,1.5209554103968255
99,robotB,0.0,0.0,,,,,0.4835906055722151,-0.0328953753807663,0.611962886473811,,,-0.5435514830990122,-0.06524274743648072,-1.4920419781227294
99,robotC,0.0,0.0,,,,,0.6887940622739868,0.17911918361605372,0.6357588924392225,,,0.1334674060396493,0.5457296865645289,3.12466052938014
100,robotA,0.0,0.0,,,robotA,2.0,0.13015300582690517,0.19351438739661078,0.6329046333470022,0.17876216141156362,0.5098905625170257,0.5670686750502337,-0.1993306640185536,1.5209385629224716
100,robotB,0.0,0.0,,,,,0.4836057698429438,-0.03287679715936147,0.6119630399140796,,,-0.543549776115559,-0.06526126406472672,-1.4920405753440946
100,robotC,0.0,0.0,,,,,0.6886648705963958,0.17896218050143523,0.6357556791478917,,,0.13372033539679604,0.5457277467360349,3.12462816352807
101,robotA,0.0,0.0,,,,,0.12393795794692958,0.19384769894998755,0.6329070003504782,,,0.5670907920874791,-0.19877640983378853,1.5209753538467405
101,robotB,0.0,0.0,,,,,0.48360382178013334,-0.032879197237410535,0.6119630388917162,,,-0.5435488364194887,-0.06527100365963603,-1.4920395783587836
101,robotC,0.0,0.0,,,,,0.6887572051310166,0.17907482741825786,0.6357573745583631,,,0.1336154271870647,0.5457269490279406,3.1246428537047075
102,robotA,0.0,0.0,,,robotA,2.0,0.12389547912794979,0.19356412305347678,0.6328986585103203,0.17714282296752967,0.505254861067152,0.5670696595016919,-0.19929461234797308,1.5209612165625732
102,robotB,0.0,0.0,,,,,0.4835956524539036,-0.03288911234412605,0.6119628266022255,,,-0.5435516878642741,-0.06523803207725401,-1.4920401565481813
102,robotC,0.0,0.0,,,,,0.688737362770694,0.1790516027036347,0.6357556493964587,,,0.13348756051327476,0.5457285901837807,3.1246574010625814
103,robotA,0.0,0.0,,,,,0.1287331913761909,0.1938443998125607,0.6329000407363762,,,0.5670873833163386,-0.19881573253842666,1.5209852459907254
103,robotB,0.0,0.0,,,,,0.48361210323137827,-0.03286895666823211,0.6119629910629453,,,-0.5435477301153558,-0.06528093828942189,-1.4920380443624635
103,robotC,0.0,0.0,,,,,0.6886544828756738,0.17894998253306657,0.6357548298122278,,,0.13352872416119663,0.5457283514883862,3.12465400921844
104,robotA,0.0,0.0,,,robotA,2.0,0.12869523422659448,0.1935926637033281,0.6328944554428977,0.17732965841365625,0.5054035753198171,0.5670677239350208,-0.19930156959874212,1.5209660253760844
104,robotB,0.0,0.0,,,,,0.48359396461455056,-0.03289101512068609,0.6119625803847504,,,-0.5435514395784726,-0.06523854715949924,-1.4920390715114749
104,robotC,0.0,0.0,,,,,0.6887041062524474,0.1790117466217046,0.6357540465732622,,,0.1335765871379797,0.5457264802613904,3.124648181368302
105,robotA,0.05,0.0,,,,,0.12856008795160487,0.19384744914194582,0.6328981195308568,,,0.567899203278704,-0.18243927568328333,1.5209411972927842
105,robotB,0.0,0.0,,,,,0.4836104350603531,-0.03287083531747514,0.6119627450385454,,,-0.543548465782748,-0.06526934550560112,-1.4920373475780535
105,robotC,0.0,0.0,,,,,0.6886802793713702,0.17898308717262806,0.6357530419331765,,,0.13355514760749218,0.5457262148351956,3.1246524856411075
106,robotA,0.05,0.0,,,robotA,2.0,0.12751377098919708,0.17515403635956817,0.632898784879091,0.16405633679020004,0.5054271407768545,0.5703329063584156,-0.13382004363807892,1.5206443275888715
106,robotB,0.05,0.0,,,,,0.4836010650016661,-0.032882189673153116,0.6119624765547346,,,-0.5412026650497843,-0.09503447001522015,-1.4922511838243904
106,robotC,0.05,0.0,,,,,0.6887108239253737,0.17902095233951124,0.6357527701231935,,,0.1291361878489896,0.5458003028924061,3.124647001550562
107,robotA,0.05,0.0,,,,,0.13325922433578916,0.12536571512943742,0.6329459890545891,,,0.5729197868254051,-0.08247364216548575,1.5203698885302979
107,robotB,0.05,0.0,,,,,0.4575216138861364,-0.06550420376897212,0.6119512887044964,,,-0.537340498121247,-0.14419791272394994,-1.4925698133439866
107,robotC,0.05,0.0,,,,,0.6828653786193752,0.1717924776988044,0.6357576058195871,,,0.07831940245815369,0.5466672649272233,3.1244292298536274
108,robotA,0.05,0.0,,,robotA,2.0,0.15557288927102028,0.07498284281245358,0.6329764902331708,0.08565290172900134,0.5004126390429589,0.5754003814832012,-0.03362475615775953,1.5199685700275563
108,robotB,0.05,0.0,,,,,0.41917409031187064,-0.11570555781007283,0.6119221307333383,,,-0.5333642761575433,-0.1950390659753769,-1.4929314615435225
108,robotC,0.05,0.0,,,,,0.6432441627263897,0.121849991200514,0.6357866144680943,,,0.028827108665359223,0.5475217591976407,3.1240292496908193
109,robotA,0.05,0.0,,,robotA,2.0,0.14583947936494723,0.024907748349241258,0.632999139420291,0.046852940963400654,0.5015282027980987,0.5780032921104731,0.017543859686622025,1.5197367173227183
109,robotB,0.05,0.0,,,,,0.38354192562919276,-0.16593029052932926,0.6118724000813809,,,-0.5295408413005679,-0.2441517867942406,-1.493261588777395
109,robotC,0.05,0.0,,,,,0.6048195905866872,0.07145247055432681,0.6358252977118911,,,-0.020134019307413327,0.5483889187074411,3.1237305220293208
110,robotA,0.05,0.0,,,robotA,3.0,0.14997624729052,-0.025323292554725926,0.6329947995688529,0.007787874453648161,0.4989679693827584,0.5850884969711843,0.05444417353207015,1.528509658832217
110,robotB,0.05,0.0,,,,,0.35150440198793553,-0.21611622856324395,0.6118088024142975,,,-0.5277828439635,-0.2647655269466283,-1.4857619644182685
110,robotC,0.05,0.0,,,,,0.5685416628629826,0.021467598932031748,0.6358375398818196,,,-0.011591707703677127,0.5721205996922651,3.1039445537630406
111,robotA,0.05,0.0,,,robotA,2.0,0.1578058188581946,-0.07554877347383512,0.6329742363172417,-0.0337895516121762,0.5035231345852637,0.5871749235895019,0.10363292919632447,1.5282847942049247
111,robotB,0.05,0.0,,,,,0.32406241630543253,-0.26635310119588446,0.6117259021712615,,,-0.5234653778001712,-0.31552811927128044,-1.4861169933769491
111,robotC,0.05,0.0,,,,,0.5341889470946768,-0.028945167827916164,0.6358354946364734,,,-0.06048809506316799,0.5739738359405848,3.1035879385053415
112,robotA,0.05,0.0,,,robotA,2.0,0.15870548443190993,-0.1256365178545779,0.6329509738658231,-0.07216841807371076,0.506992572197288,0.589360524485278,0.15479423737235148,1.5278777390371399
112,robotB,0.05,0.0,,,,,0.3025304414689352,-0.3165442697828236,0.611624716547672,,,-0.5193004879683154,-0.3646847649614581,-1.4864460357875944
112,robotC,0.05,0.0,,,,,0.5027548279619637,-0.0789971647100452,0.6358171174366724,,,-0.11174565127432201,0.5759264534553414,3.103332593968899
113,robotA,0.05,0.0,,,robotA,2.0,0.1632013647913431,-0.17601600444436621,0.6328908020289512,-0.11521364172222709,0.5133641653370126,0.5914740033951635,0.2037659585324168,1.5275663104915582
113,robotB,0.05,0.0,,,,,0.28820229338440817,-0.36676523186322424,0.6115108381481017,,,-0.5150153623900543,-0.41548073811691033,-1.4868115246619105
113,robotC,0.05,0.0,,,,,0.4743957588836098,-0.12928831717417855,0.6357908444437325,,,-0.16084168159774628,0.5778169849465133,3.1029275813774873
114,robotA,0.05,0.0,,,robotA,2.0,0.16297705174454033,-0.22607352115394982,0.6328279947069373,-0.15770848173209728,0.5164721071253913,0.5936951374676389,0.2549694364307493,1.527226228340387
114,robotB,0.05,0.0,,,,,0.2821809108823446,-0.4169809274619256,0.6113707381230743,,,-0.5108883682837069,-0.4645975228837404,-1.4871358606283833
114,robotC,0.05,0.0,,,,,0.449896587802589,-0.1794860095729341,0.635728491571131,,,-0.21012089344961987,0.5797294760718776,3.102663065600731
115,robotA,0.0,0.0,,,robotA,2.0,0.16615563619247167,-0.2764034005667964,0.6327442520327128,-0.20149359122900942,0.5230618422005304,0.5812599679026735,0.26937912545473386,1.5416137271119768
115,robotB,0.05,0.0,,,,,0.2850089669394898,-0.4671772296692582,0.6112251295294631,,,-0.5061490831959558,-0.5093137937702543,-1.4865018385558617
115,robotC,0.05,0.0,,,,,0.4299089915909521,-0.22963777357947482,0.6356733541704053,,,-0.24343335068251942,0.5892418042100916,3.1002137085258354
116,robotA,0.0,0.0,,,robotA,2.0,0.1528304231771404,-0.30799576981375504,0.6326721711171374,-0.23220668866096883,0.5301664456589347,0.5812618154053197,0.2696925507842425,1.5416403652249888
116,robotB,0.0,0.0,,,,,0.2964191178487674,-0.5174081071137602,0.61105181629882,,,-0.5006947773912159,-0.5052222265137399,-1.481082133929659
116,robotC,0.0,0.0,,,,,0.4149600365863074,-0.2799820435754577,0.6355725634752031,,,-0.2878620052317802,0.5910925228240936,3.099922848350943
117,robotA,0.0,0.0,,,robotA,2.0,0.12752701932597454,-0.3080743686802827,0.6326712542615289,-0.23878635885212865,0.531208396198686,0.5812596688986535,0.26934027222946,1.5416187902830016
117,robotB,0.0,0.0,,,,,0.30220926784852875,-0.5347865824321802,0.6109846579545667,,,-0.5006941892573442,-0.5052254166761724,-1.4810870927805082
117,robotC,0.0,0.0,,,,,0.40678390835641215,-0.3226112963299933,0.6355025425758623,,,-0.2884861154361113,0.5911115782426055,3.0999631951054414
118,robotA,0.0,0.0,,,robotA,2.0,0.12281329503032097,-0.3079842122574887,0.632671505358099,-0.23388317161251873,0.5328374921319351,0.5812597744077042,0.2697463328803601,1.5416447369497586
118,robotB,0.0,0.0,,,,,0.30220972241348365,-0.5347948565044224,0.6109819288948759,,,-0.5006944052351503,-0.5052208172961186,-1.4810879721474715
118,robotC,0.0,0.0,,,,,0.4067371961793408,-0.3229036997119459,0.6354965173757733,,,-0.287941665880856,0.5910948392972656,3.0999313141291993
119,robotA,0.0,0.0,,,robotA,2.0,0.12442188008337235,-0.3081425758479684,0.6326690759422563,-0.23756643161820104,0.5283302803145421,0.5812536455171845,0.2693570599084865,1.5416307767925999
119,robotB,0.0,0.0,,,,,0.3022081158855931,-0.5347917030658909,0.6109814312399053,,,-0.5006927245331647,-0.5052348514039365,-1.4810875509354524
119,robotC,0.0,0.0,,,,,0.40676779474841673,-0.3226757280499365,0.6354953546952761,,,-0.2885041547438536,0.5911107500789384,3.099964194422525
120,robotA,0.0,0.0,,,robotA,2.0,0.12587924888476673,-0.30798381031624633,0.6326709630662336,-0.2330094530487167,0.5307970849241701,0.581257800585434,0.26969327379445485,1.5416475121099937
120,robotB,0.0,0.0,,,,,0.30221082849447073,-0.5347999196445972,0.6109811470718564,,,-0.5006943588890359,-0.5052178272194323,-1.4810881646876022
120,robotC,0.0,0.0,,,,,0.406730519199266,-0.3229414699643226,0.6354950746157594,,,-0.287975748918746,0.5910887703813125,3.099945409829389
121,robotA,0.0,0.0,,,robotA,2.0,0.12656761338231454,-0.3081187667370491,0.6326693174243109,-0.2377913357900597,0.528684003363969,0.5812535137633764,0.2693981161131796,1.5416372008640002
121,robotB,0.0,0.0,,,,,0.3022075408894687,-0.5347911761418682,0.610981019175365,,,-0.5006927533171724,-0.5052329811989316,-1.4810877507206497
121,robotC,0.0,0.0,,,,,0.40676499708016406,-0.3226920451565193,0.6354948285532412,,,-0.2884645246701222,0.5911054083659603,3.099963836137987
122,robotA,0.0,0.0,,,robotA,2.0,0.1254769263684557,-0.30801300218278677,0.632671390194793,-0.23297035047525982,0.5307258603929038,0.5812576728944922,0.26958430055095683,1.5416493133827296
122,robotB,0.0,0.0,,,,,0.302209758941807,-0.5347978440623603,0.610980806525329,,,-0.5006934420138034,-0.5052229423867227,-1.4810879063164408
122,robotC,0.0,0.0,,,,,0.4067321635524853,-0.32291952853781064,0.6354936568432398,,,-0.2880447472434868,0.591092002059331,3.0999466687269006
123,robotA,0.0,0.0,,,robotA,2.0,0.12661602134882885,-0.3080612667743929,0.6326717830752929,-0.23452962739738487,0.5278823695503712,0.5812548780317249,0.26951456360800563,1.5416471421850964
123,robotB,0.0,0.0,,,,,0.30220830781726127,-0.5347942021294068,0.61098066556101,,,-0.5006931565580459,-0.5052244614273844,-1.48108786590539
123,robotC,0.0,0.0,,,,,0.4067591042021616,-0.32273169652610223,0.6354944618494719,,,-0.2883748870320279,0.5911031063997495,3.099962559800568
124,robotA,0.0,0.0,,,robotA,2.0,0.1280152226461035,-0.30806303335394447,0.6326713739237274,-0.23306339910150406,0.5308759447665868,0.5812541973112791,0.2694318339974225,1.5416437431621188
124,robotB,0.0,0.0,,,,,0.3022078925937274,-0.534793405434457,0.6109805298074573,,,-0.5006925503494245,-0.5052298441703958,-1.4810877772024424
124,robotC,0.0,0.0,,,,,0.4067399625855608,-0.3228662208339757,0.6354940486665775,,,-0.28815200865699553,0.5910922811677684,3.099956540130779
125,robotA,0.05,0.0,,,robotA,2.0,0.12639798422452803,-0.3079897628074907,0.6326722631569013,-0.2334622226738524,0.5318430069808114,0.5817315582825557,0.28595945246749294,1.541568276424077
125,robotB,0.0,0.0,,,,,0.3022090828006963,-0.5347971319314886,0.610980357956191,,,-0.5006934563536519,-0.5052198199023052,-1.4810881247594574
125,robotC,0.0,0.0,,,,,0.40674953293567706,-0.32279456068769374,0.6354936418292253,,,-0.288214411631907,0.5910949019853817,3.0999606415211725
126,robotA,0.05,0.0,,,robotA,2.0,0.13747965274292134,-0.32695692162430917,0.6326368370820517,-0.24879732714158648,0.5330523463954419,0.583174617455249,0.33490460907841696,1.541250532336993
126,robotB,0.0,0.5,,,,,0.3022068436001571,-0.5347912320952712,0.6109802492878138,,,-0.49875326345052673,-0.5262789860309629,-1.4599719865822067
126,robotC,0.05,0.0,,,,,0.40675123667596175,-0.32278382277847717,0.6354938521144288,,,-0.29275593747219375,0.5912811008176095,3.0999543230381086
127,robotA,0.05,0.0,,,robotA,2.0,0.1621984293744369,-0.376910523585367,0.6325276668950085,-0.2907151144086982,0.5359146902467984,0.584696677372212,0.38618902765057006,1.5409258376591262
127,robotB,0.0,0.5,,,,,0.32285203511011384,-0.5275110940330454,0.6355519822341537,,,-0.49918833197297174,-0.5246185126190467,-0.9477367988323055
127,robotC,0.05,0.0,,,,,0.40573510470335095,-0.33046344250990783,0.635475983161949,,,-0.34325465189649673,0.5933983719259791,3.0997047938326916
128,robotA,0.05,0.0,,,,,0.16720052552812859,-0.4272667433576153,0.6324013129894338,,,0.5861727058707439,0.4351972669507085,1.5405296120142653
128,robotB,0.05,0.0,,,,,0.5660091478929686,-0.13322923414171597,0.8141529270225838,,,-0.5100885856839104,-0.4981021585127324,-0.5062621322646385
128,robotC,0.05,0.0,,,,,0.40268767318554893,-0.38029433524034073,0.6353943256030907,,,-0.39307004511903687,0.5954891095798004,3.0993715239611905
129,robotA,0.05,0.0,,,,,0.2100600791815753,-0.47739849165532916,0.6322191736604057,,,0.5877238716490925,0.48627212184937635,1.5402652399333845
129,robotB,0.05,0.0,,,,,0.7966765760507061,0.2240677630356233,0.7908709380864556,,,-0.4986736207793684,-0.5230404991469735,-0.3155214569785054
129,robotC,0.05,0.0,,,,,0.4058104603107944,-0.43080195679637534,0.6352543827436768,,,-0.4417649526224714,0.5975534386531112,3.0990874365602368
130,robotA,0.05,0.0,,,,,0.25564851068377464,-0.5275817049953913,0.6320935823108473,,,0.5878332029134002,0.5093436319415429,1.5368928150759409
130,robotB,0.05,0.0,,,,,0.8467443031618322,0.3100692384490338,0.7491124710935307,,,-0.47547489620275357,-0.53388200987359,-0.15754906243404374
130,robotC,0.05,0.0,,,,,0.4149558242885578,-0.480687161929679,0.6351216276361147,,,-0.4631808068148494,0.5974124124976515,3.1089734166654845
131,robotA,0.0,0.5,,,,,0.30285853722428263,-0.5779836195538613,0.6318318395022654,,,0.5886627501203977,0.5293031114846386,1.7914358204265437
131,robotB,0.05,0.0,,,,,0.9197793639945014,0.4275404687366352,0.673819701766562,,,-0.4254062903228602,-0.5436823392241107,-0.1961881985952487
131,robotC,0.05,0.0,,,,,0.4299218423861511,-0.5311240342270453,0.6349815269577894,,,-0.5119604593889225,0.5990148024982354,3.10862970027667
132,robotA,0.0,0.5,,,,,0.2595081862925605,-0.3905380032454851,0.7754556880261613,,,0.5909157954036528,0.5070596683332319,2.293577264624923
132,robotB,0.05,0.0,,,,,0.8521839727745613,0.3453532145027232,0.6930931945580964,,,-0.3855579642910949,-0.5515434157942087,-0.17614518975177096
132,robotC,0.0,0.5,,,,,0.44981882662225453,-0.5811135258650554,0.6347824706244322,,,-0.5279656264065252,0.5995478431210708,-2.8422919228498644
133,robotA,0.05,0.0,,,,,0.4499057019358126,0.013269105925107293,0.8675903366581751,,,0.5871346198042522,0.496619823262976,2.7946615384256535
133,robotB,0.05,0.0,,,,,0.8408861274668215,0.34059825224530876,0.6764644158608996,,,-0.3394947519483943,-0.5559499325061044,-0.09908628447818221
133,robotC,0.0,0.5,,,,,0.569051471259842,-0.33890051683333106,0.8003132648038361,,,-0.515593320391713,0.5830739051596445,-2.3426617189399033
134,robotA,0.05,0.0,,,,,0.7403343229944205,0.41428317361581896,0.7619065566626205,,,0.5558165824450321,0.5054116006234903,2.9686399644380845
134,robotB,0.05,0.0,,,,,0.8190211722793636,0.3247937273291017,0.6582192955162486,,,-0.2984873312374093,-0.5603322632774163,-0.10307994483332092
134,robotC,0.05,0.0,,,,,0.7715882533506411,0.06081151203821468,0.8663700922020922,,,-0.5029613317207117,0.5901015380013849,-1.8814122529394466
135,robotA,0.0,0.0,,,,,0.804930518735445,0.5005698567018017,0.6834993591198486,,,0.5203988216237989,0.5176289060310841,2.949934492676326
135,robotB,0.05,0.0,,,,,0.7732563009067657,0.27445813417197773,0.6583820769973587,,,-0.2494088114503586,-0.5654177405832813,-0.10338237513355918
135,robotC,0.05,0.0,,,,,0.967005618662403,0.4412445836980801,0.7441553597920766,,,-0.5280832985679886,0.5331540711612152,-1.8835669841658582
136,robotA,0.0,0.0,,,,,0.7494510670120176,0.4400530095312592,0.7022121673134294,,,0.5204019718818822,0.5175995662795182,2.9500665154038597
136,robotB,0.0,0.0,,,,,0.7281522002333447,0.22423078187076106,0.6584578272126885,,,-0.2284691814206955,-0.5675940663471015,-0.10340227845275904
136,robotC,0.0,0.0,,,,,0.9156108003350268,0.3729187961969729,0.7545325978904815,,,-0.53810611913507,0.5003984874508772,-1.7483561795361302
137,robotA,0.0,0.0,,,robotA,2.0,0.7495202092412956,0.44015183267773533,0.7020894468064873,0.39666224774932013,0.5977690581354642,0.5204873581451875,0.5175564138250769,2.9500665548464053
137,robotB,0.0,0.0,,,robotA,2.0,0.7131385683618292,0.20735092689493737,0.6584631001989071,-0.14519790890660889,0.7118872921137281,-0.2284310495327807,-0.5675984890203454,-0.10343039598341974
137,robotC,0.0,0.0,,,,,0.9448407801254322,0.4420146110426602,0.6995464990296009,,,-0.5381845555581287,0.5002093430082267,-1.7722170406309272
138,robotA,0.0,0.0,,,,,0.11303164566865859,0.4402490080123915,0.7020587855890095,,,0.5202916333935556,0.5175862855896861,2.9500898583714754
138,robotB,0.0,0.0,,,robotA,2.0,0.3565377543487699,0.20731523140295927,0.6584676685176141,-0.1456379937891505,0.7139176889848707,-0.2284624351654741,-0.5675963077091178,-0.10343717060797032
138,robotC,0.0,0.0,,,,,0.9343247618723073,0.42315466970437404,0.7110449724931912,,,-0.5381494995635755,0.5003988915423916,-1.7723144251210492
139,robotA,0.0,0.0,,,robotA,2.0,0.11297284760392155,0.44011535172051963,0.7020508496956739,0.4009978830459387,0.5985482361967563,0.5205931422806945,0.5175222413861644,2.9500537070317447
139,robotB,0.0,0.0,,,robotA,2.0,0.35729299532702363,0.20732627320727032,0.6584694181963611,-0.14586861350906974,0.7149153020467499,-0.22843641115975533,-0.5675989019468205,-0.10343662771970408
139,robotC,0.0,0.0,,,,,0.9344402741382434,0.42328817906770094,0.711046582238417,,,-0.5381990991623407,0.5001280346281329,-1.7722978067036348
140,robotA,0.0,0.0,,,,,0.11070595104137783,0.4402922144046987,0.7020458840881163,,,0.5202393854523684,0.5175808576149641,2.950096087920859
140,robotB,0.0,0.0,,,robotA,2.0,0.35766620240604735,0.2073154698225714,0.6584696146583229,-0.14579628133052305,0.715281932094948,-0.22845097392199665,-0.5675977061044113,-0.10343696633483732
140,robotC,0.0,0.0,,,,,0.9343051667800673,0.4231324509567054,0.7110439781821627,,,-0.5381425675356608,0.5004240855570214,-1.772322072770397
141,robotA,0.0,0.0,,,robotA,2.0,0.11063200772752728,0.4401033428179306,0.7020383523907426,0.4019388205469392,0.6000835614779197,0.5206001916413466,0.5175157806203771,2.9500527138566484
141,robotB,0.0,0.0,,,robotA,2.0,0.35765631820760957,0.2073190237557375,0.6584697567479326,-0.14516768558474005,0.7115989836028025,-0.2284516114390689,-0.5675977346065527,-0.10343643533562477
141,robotC,0.0,0.0,,,,,0.9344322998004138,0.4232783065920553,0.711047571790746,,,-0.5381884702322216,0.5001824906975323,-1.7723051008130681
142,robotA,0.0,0.0,,,,,0.10892975707478225,0.440282133287087,0.7020417997153583,,,0.5203024791893096,0.5175668121413932,2.950087703731854
142,robotB,0.0,0.0,,,robotA,2.0,0.35647265910430587,0.20732352026124323,0.6584698344458733,-0.14516722591784523,0.7119115214986889,-0.228438049689285,-0.5675991411716914,-0.10343530722038473
142,robotC,0.0,0.0,,,,,0.9343434055950358,0.42317565621309056,0.7110461758537274,,,-0.5381664482626745,0.5002970990242134,-1.772314640144413
143,robotA,0.0,0.0,,,robotA,2.0,0.10887928933306153,0.4401459779626197,0.7020390064913468,0.4003149691435783,0.5974040350795017,0.5204868228391752,0.5175372847134224,2.950063375804143
143,robotB,0.0,0.0,,,robotA,2.0,0.35651035180420754,0.2073148240022771,0.658469633174377,-0.1449781669967798,0.7105202184282268,-0.22845983309709145,-0.5675971249761397,-0.10343546133868411
143,robotC,0.0,0.0,,,,,0.9343704465317003,0.4232066491389129,0.711046991257938,,,-0.5381368667901005,0.5004335086152697,-1.7723244879837354
144,robotA,0.0,0.0,,,,,0.11198586727759298,0.44021218145251245,0.7020417286697681,,,0.5205100766983755,0.5175292935820798,2.9500606154465023
144,robotB,0.0,0.0,,,robotA,2.0,0.3561296589337446,0.20732720949233763,0.6584697076802379,-0.1455073558987527,0.7132585534894823,-0.22843730968976583,-0.567599197485931,-0.10343374269554244
144,robotC,0.0,0.0,,,,,0.9344648971340861,0.4233158483069005,0.7110482500858861,,,-0.5382165686077317,0.5000268701941274,-1.7722990570337398
145,robotA,0.05,0.0,,,,,0.11200018921639944,0.4402610669935057,0.702038406349526,,,0.5058090968937579,0.5203743715026996,2.949996883499201
145,robotB,0.0,0.0,,,robotA,2.0,0.3570534769395129,0.20731742499177522,0.6584693265908828,-0.14506431518829271,0.7118431905685797,-0.22845546016025836,-0.5675975080884024,-0.10343370675707225
145,robotC,0.0,0.0,,,,,0.9342401588108439,0.42305535038302,0.7110463625936985,,,-0.5381476379713663,0.5003682287677799,-1.772325030966813
146,robotA,0.05,0.0,,,robotA,2.0,0.10699350280875701,0.42251992010294603,0.702068020271064,0.3896543244856892,0.595364806299193,0.4577167785190201,0.52970699449528,2.9498311216550426
146,robotB,0.05,0.0,,,,,0.3564084678189547,0.20732498429113963,0.6584692498723014,,,-0.20741752433299493,-0.5697320798910366,-0.08230961680018276
146,robotC,0.05,0.0,,,,,0.9344312372501447,0.423276579613592,0.7110483942023776,,,-0.5390970702873811,0.49571045881668796,-1.772532309409832
147,robotA,0.05,0.0,,,robotA,2.0,0.10810900557349877,0.3726968187528349,0.7021355892194797,0.34273611802654336,0.5954246055168685,0.4075453671406842,0.5394552357684328,2.949397596415594
147,robotB,0.05,0.0,,,,,0.36679615228831747,0.21621453567208826,0.6484633100502541,,,-0.15996251489951183,-0.5696141397592749,-0.0021169195325262398
147,robotC,0.05,0.0,,,,,0.9273430023198387,0.41496584310771895,0.7111284020614729,,,-0.5492231052632662,0.4462047393746228,-1.7726768886751787
148,robotA,0.05,0.0,,,robotA,2.0,0.1088136368942905,0.32225574441785043,0.7022935059089416,0.29904269578858866,0.5857279011754838,0.36922854855395487,0.5438605682333579,3.0423923384848757
148,robotB,0.05,0.0,,,,,0.35655487326698154,0.20312741399246817,0.6350714680364847,,,-0.10898652384081253,-0.5695219379399441,0.0017917157491395366
148,robotC,0.05,0.0,,,,,0.8851181259904203,0.36520399897022937,0.7111857537789835,,,-0.5531337799061915,0.4070941465913263,-1.682893922570505
149,robotA,0.05,0.0,,,robotA,2.0,0.09648678689429901,0.34104331416806377,0.6725935911855653,0.3202936604982524,0.55659118180006,0.3396187009881153,0.5601086098261725,3.018471108272563
149,robotB,0.05,0.0,,,,,0.3075364940597426,0.15276251820938752,0.6351759062364181,,,-0.10650018540818093,-0.5817616963543227,-0.020499734792528902
149,robotC,0.05,0.0,,,,,0.884661622822468,0.38639688212639056,0.6755642896111026,,,-0.5396588555627513,0.37161624775079266,-1.697075522624696
150,robotA,0.05,0.0,,,robotA,2.0,0.1131540439447867,0.30023090562311955,0.667952411713702,0.27203130551177934,0.5486864646204067,0.3012217179851135,0.5642556798199555,3.1130311037039387
150,robotB,0.05,0.0,,,,,0.259213339714331,0.10256389098662064,0.6352153431992859,,,-0.05721617250740092,-0.5827797066368842,-0.020808372761380832
150,robotC,0.05,0.0,,,,,0.8455547621398739,0.34312392943800046,0.6718728310833834,,,-0.5461253967418083,0.32064385688760505,-1.6973953795651668
151,robotA,0.05,0.0,,,robotA,2.0,0.10481188740982583,0.3318760339890548,0.6347337784418805,0.2783165821909471,0.5279623339379266,0.25164549063436836,0.5661310960848597,3.099461720302223
151,robotB,0.05,0.0,,,,,0.21176539853016,0.05236056040100797,0.6352403021557618,,,-0.006232852521879767,-0.5838501214777982,-0.021151140356464884
151,robotC,0.05,0.0,,,,,0.8029518867769951,0.29271261535137183,0.6719618969710723,,,-0.5523153876080082,0.2721235943539686,-1.6977206262718194
152,robotA,0.05,0.0,,,robotA,2.0,0.11652709264825721,0.2637714625652548,0.6435780889894326,0.23945187019388903,0.5196364647237084,0.2010519319228632,0.5682691326891717,3.0993308886542486
152,robotB,0.05,0.0,,,,,0.1659466301542557,0.0021492799904508776,0.6352504921300058,,,0.0430516440287666,-0.584900526080274,-0.021465564201584655
152,robotC,0.0,0.5,,,,,0.7615898212940605,0.24264225751827825,0.6720643248206352,,,-0.5581436213767266,0.22646301477339192,-1.692120015537724
153,robotA,0.05,0.0,,,,,0.1266075243177597,0.2138542462799411,0.6436293147749601,,,0.15140061508346703,0.5703718714745067,3.0989342558136603
153,robotB,0.05,0.0,,,,,0.12360362822288998,-0.04805740402522162,0.6352434771457317,,,0.09403363198384533,-0.5860044503091149,-0.021817009863286344
153,robotC,0.05,0.0,,,,,0.7340665538570421,0.21103368441919482,0.6688223338101701,,,-0.5555373279768177,0.19292988332128463,-1.537359571964552
154,robotA,0.05,0.0,,,robotA,2.0,0.14552269503679255,0.1633884203879103,0.6436977655970455,0.15846015238803962,0.5163411900482948,0.11205029405774207,0.5742593643942814,3.0965858733285176
154,robotB,0.05,0.0,,,,,0.08978009423586099,-0.09827463025212142,0.6352194951175385,,,0.10286406308007306,-0.5923662562294704,-0.030736580865069474
154,robotC,0.05,0.0,,,,,0.7615684226918336,0.27112719795827694,0.628624855121425,,,-0.5526563185795077,0.14369280354734298,-1.5094036138312656
155,robotA,0.0,0.0,,,,,0.13513498011700817,0.11339633198188456,0.6437410132099696,,,0.10322762601102328,0.5800060085405707,3.0917174688317925
155,robotB,0.05,0.0,,,,,0.07674033266170044,-0.1484858348547133,0.6351791712361657,,,0.15213460744783588,-0.593889872750946,-0.031084814576617253
155,robotC,0.05,0.0,,,,,0.7280370911585567,0.2356141799265044,0.6222560026116195,,,-0.5673167622287448,0.11908042625069543,-1.5230275067739798
156,robotA,0.0,0.0,,,robotA,2.0,0.14916843443032882,0.08088566404554606,0.6437516314916696,0.08841328165572755,0.5113936736505873,0.1034337852490387,0.5799995280704254,3.0916675699283878
156,robotB,0.0,0.0,,,,,0.09361735177942362,-0.19870818407448246,0.6351193749367068,,,0.1732495948311829,-0.594548245010785,-0.031057255989183505
156,robotC,0.0,0.0,,,,,0.6861114793867008,0.18531774204752766,0.6223216629922624,,,-0.5652040384361013,0.07466322217014712,-1.5233326923113668
157,robotA,0.0,0.0,,,robotA,2.0,0.1325819825866016,0.08084044613665926,0.6437592064330873,0.08709038320324833,0.5169588656859936,0.10320305096962178,0.5800074376880461,3.0916712445574137
157,robotB,0.0,0.0,,,,,0.10392111708372974,-0.2151757891482073,0.635136086627038,,,0.17321635510279548,-0.5945478367298592,-0.03110234994073723
157,robotC,0.0,0.0,,,,,0.6521406537517161,0.14349101893661795,0.6223637744153396,,,-0.565159937447121,0.07401425337190223,-1.5232571983104135
158,robotA,0.0,0.0,,,robotA,2.0,0.12695752792282883,0.08075391401965182,0.6437581679496936,0.08704508584286326,0.5166032703875915,0.10326662514647118,0.5800052779695993,3.091666797272771
158,robotB,0.0,0.0,,,,,0.1039505904566103,-0.21520588608424177,0.6351236670525511,,,0.17323643902874666,-0.5945482038291565,-0.031109283957542772
158,robotC,0.0,0.0,,,,,0.6518963662907955,0.14319804270725342,0.6223480759201299,,,-0.5651897217880516,0.07458502421269561,-1.5232745870428752
159,robotA,0.0,0.0,,,robotA,2.0,0.1273108714198121,0.08074752238170425,0.643758288676783,0.08893475707659376,0.5149134042956881,0.10337184393422881,0.5800017552737038,3.0916614022977447
159,robotB,0.0,0.0,,,,,0.10395822431698912,-0.2152153923916285,0.6351220150669422,,,0.17323914919983277,-0.5945482722180455,-0.031110005606331634
159,robotC,0.0,0.0,,,,,0.6521157306637253,0.14346881416687154,0.6223518617802332,,,-0.5651567263985492,0.07402612059996999,-1.5232535564966416
160,robotA,0.0,0.0,,,robotA,2.0,0.1291007790733988,0.08082994286187314,0.6437595262548041,0.08697802802980342,0.5164908457217726,0.10313803294686184,0.5800102401269358,3.091674303649755
160,robotB,0.0,0.0,,,,,0.10396291605125756,-0.21522210268226666,0.6351217935021081,,,0.1732200784161815,-0.594547798625496,-0.031110269559068156
160,robotC,0.0,0.0,,,,,0.6518824349350637,0.14318144382877412,0.6223470322452251,,,-0.5651877990629813,0.0745591043940523,-1.5232683612101274
161,robotA,0.0,0.0,,,robotA,2.0,0.12742110436245693,0.08070002310209316,0.643757198270574,0.08840892927454252,0.511171299507924,0.10341712215829912,0.5799994012968129,3.0916604036817557
161,robotB,0.0,0.0,,,,,0.1039534222761238,-0.2152081690452433,0.635121917319155,,,0.17324929195014757,-0.5945482900446292,-0.03110851268336658
161,robotC,0.0,0.0,,,,,0.6520995454222028,0.1434505269408277,0.6223493154512805,,,-0.5651592756205803,0.07405428212368456,-1.5232495767498315
162,robotA,0.0,0.0,,,robotA,2.0,0.13280379262387443,0.08083873483771262,0.6437591552544955,0.08681942219062509,0.5155766699130381,0.10318135354325815,0.580007656352081,3.0916743058966722
162,robotB,0.0,0.0,,,,,0.10396397776700898,-0.21522373791465826,0.6351218501485747,,,0.17321793347213052,-0.5945475674276228,-0.031109086311714277
162,robotC,0.0,0.0,,,,,0.6518968827666985,0.14319981497447695,0.6223465628183719,,,-0.5651861801213142,0.07453440863325098,-1.5232665113801727
163,robotA,0.0,0.0,,,robotA,2.0,0.12832435332412417,0.08074101583119916,0.6437569828795165,0.0880170017176528,0.5091850357511963,0.1033357248192053,0.5800038055248833,3.091664010365739
163,robotB,0.0,0.0,,,,,0.10395385212391242,-0.21520891396797942,0.6351220159592385,,,0.17324119927451034,-0.5945479443418288,-0.03110750983687211
163,robotC,0.0,0.0,,,,,0.6520812133806181,0.14342763418596627,0.6223493564232699,,,-0.5651617191031181,0.07410304301348614,-1.5232497572091757
164,robotA,0.0,0.0,,,robotA,2.0,0.13476846079473623,0.08076754256635132,0.6437583739983987,0.08665653666407934,0.515012100080172,0.1031090454329806,0.5800118314749106,3.091684376810287
164,robotB,0.0,0.0,,,,,0.10395942712702134,-0.21521718603167853,0.6351220252945193,,,0.17323018525984468,-0.5945476765935369,-0.031107346463761034
164,robotC,0.0,0.0,,,,,0.6519251101724851,0.14323523779202377,0.6223462748616295,,,-0.5651821620025065,0.07446149032900529,-1.5232627545435322
165,robotA,0.05,0.0,,,robotA,2.0,0.128880595710286,0.08071798884968777,0.6437558051709233,0.08632941028781356,0.5136235559234189,0.08875059422726721,0.5807308995362699,3.0915499952248298
165,robotB,0.0,0.0,,,,,0.10395771746900835,-0.21521474993085382,0.6351221144108781,,,0.1732279073024793,-0.5945474579067417,-0.031106709365808883
165,robotC,0.0,0.0,,,,,0.6520387008464021,0.1433755552143796,0.6223480943966327,,,-0.5651674165352741,0.07423189502918251,-1.523252113423419
166,robotA,0.05,0.0,,,robotA,2.0,0.13223968179838835,0.06287689590674743,0.6437669883790942,0.07464271289717032,0.5160056900742727,0.0393284959576109,0.5832094217903048,3.09130916458894
166,robotB,0.05,0.0,,,,,0.10395394639627628,-0.21520920396000362,0.6351221533586711,,,0.20309386136713317,-0.5954794707357637,-0.0312905403441759
166,robotC,0.05,0.0,,,,,0.6519843623464932,0.1433090179388495,0.6223464392586808,,,-0.5649619693396083,0.06988661098228964,-1.5232620153213663
167,robotA,0.05,0.0,,,robotA,2.0,0.14198951246966407,0.012708704574743837,0.6437757971591871,0.03713240742920284,0.5103307160345587,-0.011506613091970331,0.585779434995342,3.0908729411239544
167,robotB,0.05,0.0,,,,,0.12924490028223323,-0.24903791510503318,0.6350725271005726,,,0.25237627108383687,-0.5970306796630834,-0.03163803471548552
167,robotC,0.05,0.0,,,,,0.6453204730035099,0.13496855452572867,0.6223531850220556,,,-0.5625526576784056,0.019079820538075498,-1.5235638512688774
168,robotA,0.05,0.0,,,robotA,3.0,0.1529335094097776,-0.03758248891363134,0.6437711243255635,-0.0018011193620102394,0.5178961311264578,-0.0502088957904506,0.5861421977089251,-3.0769184222932338
168,robotB,0.05,0.0,,,,,0.1722886243940559,-0.2992562327637897,0.6349782268335513,,,0.30334510952355653,-0.5986523959923582,-0.03197476625829118
168,robotC,0.05,0.0,,,,,0.6061719042683967,0.08488519248948947,0.6223839923398393,,,-0.5602241704532472,-0.030371239140444733,-1.5239231694419653
169,robotA,0.05,0.0,,,robotA,2.0,0.12851417561599565,-0.006392538037991008,0.6463282618757403,0.025971525231597407,0.5223694841172064,-0.10120287197287954,0.5838426030775452,-3.0979364536207212
169,robotB,0.05,0.0,,,,,0.2184202035618449,-0.3494723065215977,0.6348707383335022,,,0.34160911521502946,-0.5672355490022145,0.024871784747721924
169,robotC,0.05,0.0,,,,,0.5685417816818368,0.03453544631592791,0.6224063963144522,,,-0.5579474663480665,-0.07916543731957046,-1.5242977273851197
170,robotA,0.05,0.0,,,robotA,2.0,0.1542457071510509,-0.0660724392186355,0.6461420448195366,-0.027212014865590183,0.5206187119006094,-0.13402039926381046,0.5913515805052337,-3.111342912493605
170,robotB,0.05,0.0,,,,,0.2660394032610123,-0.39968536623063516,0.6347388168043868,,,0.39091522189610256,-0.5660168839388582,0.024553678440862117
170,robotC,0.05,0.0,,,,,0.5332282571812018,-0.01548163102186921,0.6224095529745377,,,-0.5835140003683016,-0.09376440637249892,-1.559653836425036
171,robotA,0.05,0.0,,,robotA,2.0,0.15378742331673062,-0.11609645637533518,0.6461182243614154,-0.06950882261652373,0.5202264819466704,-0.18361770894663204,0.5898572603443145,-3.111726334609748
171,robotB,0.05,0.0,,,,,0.31447669820293966,-0.4499073889655952,0.6346014008260518,,,0.4418662099675158,-0.5647752529942429,0.02418010556390542
171,robotC,0.05,0.0,,,,,0.5001259293855914,-0.06596505208908493,0.6224000441792601,,,-0.5829810687274376,-0.142363817059393,-1.5599436959097102
172,robotA,0.05,0.0,,,robotA,2.0,0.1588942208413267,-0.16652494609258692,0.6460646526360506,-0.11075492784259165,0.5302107181990747,-0.23421626056929312,0.5883568039197175,-3.112076483108823
172,robotB,0.05,0.0,,,,,0.3634040744472465,-0.5001268988886476,0.6344281856865264,,,0.49116930834379974,-0.5635906181447526,0.02386861976839877
172,robotC,0.05,0.0,,,,,0.47046872038292414,-0.11580562631768451,0.6223720721766695,,,-0.582426914643571,-0.19398904068509254,-1.5602814103939717
173,robotA,0.05,0.0,,,robotA,2.0,0.1568544030660732,-0.2165683977356313,0.6459985126784971,-0.15148939403681425,0.5367833347440437,-0.28380924485023795,0.5868978070748179,-3.112384178926481
173,robotB,0.0,0.5,,,,,0.41263140404450566,-0.5503369891072873,0.6342626815583373,,,0.5225051595591246,-0.562715648974346,0.1602416223052554
173,robotC,0.05,0.0,,,,,0.44409330594926416,-0.16632971519268344,0.6223271635845397,,,-0.5819243202370289,-0.24268459195125605,-1.5605742645151972
174,robotA,0.05,0.0,,,robotA,2.0,0.15885258973915264,-0.2669120213263564,0.6459243553385708,-0.1986651796772198,0.5421613249698513,-0.3345605755812289,0.585426631216589,-3.1127911868055866
174,robotB,0.0,0.5,,,,,0.30290477209432937,-0.44734154564535633,0.7313310561450066,,,0.5055057677027508,-0.550168828447548,0.7143680171087674
174,robotC,0.05,0.0,,,,,0.42237312807856936,-0.21621601712821126,0.6222681117049791,,,-0.5814201301733869,-0.29252691480930115,-1.5609170570028417
175,robotA,0.0,0.0,,,,,0.15737977303583045,-0.3170961365697049,0.6458073640178527,,,-0.3524086144742019,0.5751841053239347,-3.08951826302283
175,robotB,0.0,0.5,,,,,0.17855070127361572,-0.03944123969422225,0.855801930659183,,,0.49481280116250337,-0.5552316694083974,1.0602168471323934
175,robotC,0.05,0.0,,,,,0.40546790948524547,-0.2667039123717368,0.6221881107231602,,,-0.5373302300408984,-0.3143210324867105,-1.504228216340706
176,robotA,0.0,0.0,,,,,0.1827030906732593,-0.3491185023716178,0.6458156400357306,,,-0.35246951513285224,0.5751781705664123,-3.089557551498772
176,robotB,0.0,0.0,,,,,0.3592257892451794,0.19446794285765573,0.8291505364811079,,,0.5120478699237281,-0.5584508356066955,1.2111347160625296
176,robotC,0.0,0.0,,,,,0.39441436773323657,-0.31664743299996173,0.6220916302735947,,,-0.5343199116175367,-0.35951595489188803,-1.5045929599470484
177,robotA,0.0,0.0,,,,,0.18278330794708483,-0.34923288651807366,0.6457909699599097,,,-0.3522410664472013,0.5751944800526754,-3.0895792289397463
177,robotB,0.0,0.0,,,,,0.46354026763676554,0.31138038027058523,0.7926381143461065,,,0.5206609489068103,-0.5792163118405296,1.2033662959402973
177,robotC,0.0,0.0,,,,,0.3898371959861889,-0.3584875059434811,0.6219813568657777,,,-0.5343471860463045,-0.3591916570332558,-1.504595712247332
178,robotA,0.0,0.0,,,,,0.18268199082455053,-0.349111751111606,0.645788246738566,,,-0.35260593096931714,0.575169007724447,-3.0895669282251936
178,robotB,0.0,0.0,,,,,0.48697167064933883,0.3368058166565224,0.7821467043560755,,,0.5206524918650075,-0.5792299144058508,1.2034251328593237
178,robotC,0.0,0.0,,,,,0.3898379949971574,-0.35842515105076567,0.6219787960180337,,,-0.5343176563172372,-0.3595854859530541,-1.5045845546183285
179,robotA,0.0,0.0,,,,,0.18282716758054618,-0.3492895200776645,0.6457860386459626,,,-0.3523000347654902,0.5751877820615207,-3.08957838692419
179,robotB,0.0,0.0,,,,,0.48699054450796986,0.3368259733821178,0.7821392802300642,,,0.520657815497051,-0.5792149162856998,1.203427518297307
179,robotC,0.0,0.0,,,,,0.38982660941881764,-0.3585862655428374,0.62197605791391,,,-0.534339794433039,-0.3592978298543417,-1.5045957383974737
180,robotA,0.0,0.0,,,,,0.18271773148575446,-0.34915695759861975,0.6457856183443119,,,-0.35248510723191634,0.5751749101026952,-3.089575360421878
180,robotB,0.0,0.0,,,,,0.4869847624931354,0.3368201487866124,0.7821391526155839,,,0.5206535805814956,-0.5792282581918154,1.203427658383745
180,robotC,0.0,0.0,,,,,0.3898316960374224,-0.35850039732497796,0.6219765425817632,,,-0.5343262821464313,-0.35946291802930885,-1.5045916089377507
181,robotA,0.0,0.0,,,,,0.18276966231236869,-0.3492213425175761,0.645783674357256,,,-0.35243887092908777,0.5751774036974387,-3.089576753338582
181,robotB,0.0,0.0,,,,,0.4869903511741375,0.33682568063314616,0.7821399477051889,,,0.5206567661545379,-0.5792210643157706,1.2034269322407174
181,robotC,0.0,0.0,,,,,0.3898292428871672,-0.358531597732785,0.6219757628719246,,,-0.5343271371561352,-0.35946036843766904,-1.504593104992405
182,robotA,0.0,0.0,,,,,0.18278285655438276,-0.3492379931331661,0.6457827537292583,,,-0.3521939107253864,0.5751916293673915,-3.089584633335445
182,robotB,0.0,0.0,,,,,0.48698823148469994,0.3368234325376899,0.7821406741378754,,,0.5206567439026152,-0.5792222828382277,1.203426296542354
182,robotC,0.0,0.0,,,,,0.38982565430528104,-0.3585800589513258,0.6219747689046059,,,-0.5343367679192955,-0.3593236792944197,-1.504611530120072
183,robotA,0.0,0.0,,,,,0.18264977657411138,-0.3490759460499213,0.6457834376763069,,,-0.3527274023347552,0.5751578931536705,-3.089572444212143
183,robotB,0.0,0.0,,,,,0.48698629915548636,0.3368214166044224,0.7821411070366826,,,0.5206548150233485,-0.579228415192294,1.2034254827069826
183,robotC,0.0,0.0,,,,,0.38982619024226567,-0.358474353361807,0.6219696270624008,,,-0.5343166163489173,-0.3595633115758661,-1.5046054083050504
184,robotA,0.0,0.0,,,,,0.18289860378470743,-0.34937957542102227,0.6457811598566909,,,-0.35224651257855716,0.57518798186683,-3.0895929615569595
184,robotB,0.0,0.0,,,,,0.486990785371179,0.3368258909884648,0.782141513645022,,,0.5206586787966135,-0.5792184483541257,1.2034245951297327
184,robotC,0.0,0.0,,,,,0.3898144520389287,-0.3586215048614208,0.6219657692690747,,,-0.5343539604774636,-0.35909560197963236,-1.5046313647060707
185,robotA,0.05,0.0,,,,,0.18267102600319415,-0.3491057330247145,0.6457776540380017,,,-0.3673618726464045,0.5743948793588834,-3.0896496252306664
185,robotB,0.0,0.0,,,,,0.4869843616678009,0.33681935581063016,0.7821418117043984,,,0.5206542999570947,-0.5792301677199265,1.2034240141044288
185,robotC,0.0,0.0,,,,,0.3898253601710197,-0.3584049280913061,0.621965050563316,,,-0.5342978136153639,-0.35981806788701065,-1.5046168676657812
186,robotA,0.05,0.0,,,,,0.19826921196249336,-0.3677224252427642,0.6457486221351858,,,-0.4160064621235461,0.5718737812193389,-3.089891318008561
186,robotB,0.05,0.0,,,,,0.4869899481424618,0.33682494633324567,0.7821421892956174,,,0.5271916954239122,-0.5607334130591354,1.2963031454012142
186,robotC,0.05,0.0,,,,,0.389797963376825,-0.35875363535010896,0.6219563010714652,,,-0.5340535467118026,-0.3635481255470664,-1.5046699007803026
187,robotA,0.05,0.0,,,,,0.24206461758112524,-0.4174949685409949,0.6456446694777093,,,-0.4673517827772109,0.5692203076044621,-3.09025465942361
187,robotB,0.0,0.5,,,,,0.5498092584627627,0.404111747871129,0.7382225850636595,,,0.5384953548424882,-0.5200886388503128,1.3093415836675792
187,robotC,0.05,0.0,,,,,0.3894122637996473,-0.36717644080203843,0.6219267140764116,,,-0.5307580792163357,-0.41338547209632354,-1.505004405655695
188,robotA,0.05,0.0,,,,,0.2884336391369715,-0.4679544147910619,0.6454922111443082,,,-0.5161121546943052,0.5667210083072466,-3.0905634852716157
188,robotB,0.05,0.0,,,,,0.5289141750760491,0.38353062497986834,0.7302169170549452,,,0.540539787419136,-0.48306715765810215,1.4805096537833753
188,robotC,0.05,0.0,,,,,0.390979178293802,-0.4177200032663949,0.621808137184343,,,-0.5274567001342795,-0.46362279039009613,-1.5053054113366013
189,robotA,0.0,0.5,,,,,0.3355017366166732,-0.5179069202137001,0.645341392676953,,,-0.54767252711452,0.5644686792637871,-2.9491181123932173
189,robotB,0.05,0.0,,,,,0.5894189814090632,0.4426589945207089,0.6671660502170024,,,0.5485306281136462,-0.44667109033461067,1.4755144859795315
189,robotC,0.05,0.0,,,,,0.39881717822477686,-0.46754619011236115,0.621670551983795,,,-0.5242040115308075,-0.5133735363283187,-1.5056885197440841
190,robotA,0.0,0.5,,,,,0.2992930606302392,-0.4379663784395978,0.7219146904802218,,,-0.5456968889398309,0.5650173515807322,-2.47154085664477
190,robotB,0.05,0.0,,,,,0.5472258557284491,0.3999134773136446,0.6622917742674412,,,0.5532211130094532,-0.3976596423339395,1.475172912287143
190,robotC,0.0,0.5,,,,,0.41275414207912164,-0.5180869508010003,0.621478237180707,,,-0.5021033339275734,-0.503997079637716,-1.2034441550410386
191,robotA,0.0,0.5,,,,,0.34119572011809746,-0.03696829042023411,0.8426087170895386,,,-0.510705908973463,0.5314517978815476,-1.9849522799403185
191,robotB,0.05,0.0,,,,,0.49727559452906755,0.3497465729526651,0.6623942078551388,,,0.5581000372452914,-0.34687566096775735,1.4748821243793424
191,robotC,0.0,0.5,,,,,0.4983671291054293,-0.3725777301025918,0.7310274615266893,,,-0.4827169457397193,-0.4848529846237854,-0.753299420106771
192,robotA,0.0,0.5,,,,,0.571100313545085,0.3221835469068677,0.776409424528906,,,-0.5259080424652509,0.48582186593647014,-1.9139634623861432
192,robotB,0.05,0.0,,,,,0.44735986190816923,0.2995642814830111,0.6624847356838971,,,0.5628321640297564,-0.29779021201202704,1.474543978635291
192,robotC,0.05,0.0,,,,,0.6960008218114515,-0.00587658290590842,0.8199626210919218,,,-0.4857792274758802,-0.4803563242219053,-0.28578579017991274
193,robotA,0.05,0.0,,,,,0.5611655594556779,0.3185413905423236,0.7598862634609219,,,-0.5345037457680651,0.4480251835719121,-1.807033173921412
193,robotB,0.05,0.0,,,,,0.3974444935671292,0.24931542331624484,0.6625811633678609,,,0.5677375214177178,-0.24707593564231994,1.474242237439326
193,robotC,0.05,0.0,,,,,0.8988875665871281,0.3704458425291856,0.7283607296831309,,,-0.41851289387836577,-0.5083506489312438,-0.30382528444905865
194,robotA,0.05,0.0,,,robotA,2.0,0.5847783951165001,0.35843016189626775,0.7199548900731718,0.3271817197399119,0.6122659057247806,-0.544659897497077,0.4080930852939903,-1.6801926509704332
194,robotB,0.05,0.0,,,,,0.3477091035403227,0.19914715511288422,0.6626488372552488,,,0.577766503682046,-0.2283245612904825,1.4495073443939268
194,robotC,0.05,0.0,,,,,0.8411013654667584,0.289419400256285,0.7426883239280262,,,-0.40035806410615526,-0.5267682991283325,0.0035140515073906076
195,robotA,0.0,0.0,,,robotA,3.0,0.0928515633888531,0.3924080418913755,0.67834873044004,0.3671662520971706,0.5604391271424491,-0.5484607457560302,0.37409196974312686,-1.6792379051366937
195,robotB,0.05,0.0,,,,,0.29803317139828644,0.14889073305862494,0.6627086725199334,,,0.5797123469696998,-0.20066510823288936,1.6920674415095351
195,robotC,0.05,0.0,,,,,0.9546103500132487,0.49595372030163143,0.6134556005311277,,,-0.3412292204809558,-0.5238221689766076,-0.020613599484896456
196,robotA,0.0,0.0,,,,,0.11397429717107627,0.3680797214249979,0.6744097636653182,,,-0.5484738576270413,0.37384415771784874,-1.679290487273828
196,robotB,0.0,0.0,,,,,0.4441352282009471,0.28645224657418944,0.6067263134565133,,,0.5844399998465362,-0.18250690497354258,1.6460837750559574
196,robotC,0.0,0.0,,,,,0.8919954526122347,0.4160599216966622,0.6362393015778325,,,-0.29350499907613153,-0.5243805812007515,-0.0235693337750816
197,robotA,0.0,0.0,,,robotA,3.0,0.11397807848854047,0.36794019346582035,0.6744145779671674,0.3297867825083351,0.5666024272156974,-0.548456385851671,0.3740178446293876,-1.6793041782633997
197,robotB,0.0,0.0,,,robotA,2.0,0.38589837882336636,0.23049066404216545,0.6230962675024109,-0.08323158424531533,0.6639327584654268,0.5844558506768849,-0.18256400650959256,1.643811553533765
197,robotC,0.0,0.0,,,,,0.8539321731172863,0.37308632932392805,0.6363240496809145,,,-0.2934636113868167,-0.5243725761877469,-0.023510805983928337
198,robotA,0.0,0.0,,,,,0.1143739136192487,0.36797218413924887,0.6744136846003935,,,-0.5484595389509319,0.3739038863556097,-1.679298926233005
198,robotB,0.0,0.0,,,robotA,2.0,0.3161300932713302,0.2302639520516733,0.6232045791100543,-0.08589151157963022,0.6624938248358623,0.5844503618276061,-0.1825102586700816,1.6438133912291943
198,robotC,0.0,0.0,,,,,0.8540017893420069,0.373191376011388,0.636275471389664,,,-0.29327960159118177,-0.5243740999698259,-0.02350307974760263
199,robotA,0.0,0.0,,,robotA,2.0,0.1143658706278687,0.3679704474362564,0.6744057671321518,0.32950113654080115,0.5661807927188357,-0.5484612829752407,0.37386310416841273,-1.679295679080834
199,robotB,0.0,0.0,,,robotA,2.0,0.31857014239219067,0.23024616839797957,0.6232012947295554,-0.08573188527145947,0.661047327494127,0.5844529846756348,-0.18254205737815532,1.643811238500278
199,robotC,0.0,0.0,,,,,0.8538974747684953,0.37307600687602277,0.6362698817883494,,,-0.29354873998204944,-0.5243709842921067,-0.02349765043505611
200,robotA,0.0,0.0,,,robotA,3.0,0.11483444022825982,0.3679019049501954,0.6744043097939421,0.3282757487934312,0.5641696860428025,-0.5484392183879107,0.37405757255528743,-1.679309405151989
200,robotB,0.0,0.0,,,robotA,2.0,0.3182428061454854,0.23025265701180592,0.623202212863725,-0.08550625185354632,0.6588241130244964,0.5844524743863331,-0.18253497997720214,1.643808759686915
200,robotC,0.0,0.0,,,,,0.8540143333824723,0.3732067498290606,0.6362733448430183,,,-0.29329132052189333,-0.5243734338326754,-0.023499982255181365
201,robotA,0.0,0.0,,,,,0.11718522859388014,0.3680288021861969,0.6744061253292375,,,-0.5484665197964219,0.37378525395211865,-1.6792986562123962
201,robotB,0.0,0.0,,,robotA,2.0,0.3177659920900103,0.23025689240672753,0.6232030173673732,-0.08561882061226417,0.6606358219284657,0.5844512081236222,-0.18251712513105178,1.6438066687391502
201,robotC,0.0,0.0,,,,,0.8539143391900901,0.37309522636433423,0.6362697269109557,,,-0.2935443079482669,-0.5243717442862261,-0.023498779690892306
202,robotA,0.0,0.0,,,robotA,3.0,0.11713161640672069,0.3678731682851702,0.6744051609664693,0.3296249318578294,0.5664514038580246,-0.5484385252049021,0.37408078054071103,-1.6793138712768052
202,robotB,0.0,0.0,,,robotA,2.0,0.3180688613028696,0.23023973731268174,0.6232035909492992,-0.0856985188498212,0.6614193160392726,0.5844543705499272,-0.18255276506025284,1.643805053671298
202,robotC,0.0,0.0,,,,,0.8539703385799975,0.3731567774414438,0.6362734415219281,,,-0.2931158323508969,-0.5243768224700895,-0.023495257712515708
203,robotA,0.0,0.0,,,,,0.11457897080757999,0.3680157958219607,0.6744073305846839,,,-0.548460360109196,0.37384888145282835,-1.679303083454385
203,robotB,0.0,0.0,,,robotA,2.0,0.3182609940355353,0.23025980558523584,0.6232041679343877,-0.08554185745061686,0.6602501050939263,0.5844509570168782,-0.18251315434483317,1.6438040534193734
203,robotC,0.0,0.0,,,,,0.8538568108646069,0.37303338708084927,0.6362633130727017,,,-0.2935707389827713,-0.5243679500126471,-0.02348632698907138
204,robotA,0.0,0.0,,,robotA,2.0,0.11454909873923434,0.3679315531031836,0.6744055551943019,0.3293261528858526,0.565842876521304,-0.548451751496691,0.3739605008023751,-1.679312052355902
204,robotB,0.0,0.0,,,robotA,2.0,0.3179473001799051,0.23023985090518154,0.6232042097803545,-0.08545334522615985,0.6589788052615955,0.5844539396352653,-0.18254731876067032,1.6438031133862658
204,robotC,0.0,0.0,,,,,0.8539942626982892,0.3731892567728358,0.6362634961803343,,,-0.29316655024144994,-0.5243705417792243,-0.023487174786244496
205,robotA,0.05,0.0,,,,,0.11522184743739444,0.36792410359834044,0.6744074763118554,,,-0.5500729109479376,0.35904606239459713,-1.679331963275289
205,robotB,0.0,0.0,,,robotA,2.0,0.31772654623043894,0.2302527842220831,0.6232045406523471,-0.08561207278153854,0.6603441552600279,0.5844519537082807,-0.18252658603764169,1.6438027346396433
205,robotC,0.0,0.0,,,,,0.853878035296117,0.37306044271006034,0.6362577719897334,,,-0.29352446398202126,-0.5243660906798913,-0.023479442705519365
206,robotA,0.05,0.0,,,robotA,2.0,0.11036913200069515,0.34908198885245384,0.6744294882367803,0.31664607148207913,0.5600731171060266,-0.555369213180343,0.3105516848962217,-1.6797956681847874
206,robotB,0.05,0.0,,,,,0.3180363312583993,0.23024826470661838,0.6232044837190747,,,0.582399750185757,-0.15443736608397532,1.643719357538262
206,robotC,0.05,0.0,,,,,0.8539785849201835,0.37317290516902374,0.6362608148342344,,,-0.29042394035843966,-0.5244312096759057,-0.023472823394625
207,robotA,0.05,0.0,,,,,0.11585011526002126,0.29902641014164877,0.6745755045920906,,,-0.5587916359025566,0.27942659681951043,-1.547599780403552
207,robotB,0.05,0.0,,,,,0.2854124909078536,0.19737736854828353,0.6232326198288333,,,0.5788166799290345,-0.10525257940217181,1.6433625244725234
207,robotC,0.05,0.0,,,,,0.8473570711793997,0.3656528019394644,0.6362576730040447,,,-0.24149365020946292,-0.5255960155071064,-0.023901471616270976
208,robotA,0.05,0.0,,,robotA,2.0,0.09053216058581232,0.3902529389821174,0.6127808125324736,0.30755390411526146,0.5243931767178506,-0.555013407219198,0.2335213241947727,-1.4770606036827238
208,robotB,0.05,0.0,,,,,0.2357069282711472,0.14716466184718774,0.6232935432460911,,,0.5751294928317056,-0.05439173985792222,1.6429968990317416
208,robotC,0.05,0.0,,,,,0.8036434579774783,0.31544324012955166,0.6364177636364253,,,-0.19042819822402424,-0.5268200901465756,-0.02409110221316243
209,robotA,0.05,0.0,,,,,0.09204814583543863,0.35379161988920277,0.6039854803140551,,,-0.5588544585332015,0.19576603173677115,-1.4914975307235676
209,robotB,0.05,0.0,,,,,0.1862582021956741,0.09693283377243711,0.6233377372171408,,,0.5715839549500034,-0.005250549253138996,1.6426694720080408
209,robotC,0.05,0.0,,,,,0.7607881281955953,0.26536674798461407,0.6364705347076004,,,-0.1411581104496118,-0.5280212759923426,-0.024544486855794974
210,robotA,0.05,0.0,,,robotA,2.0,0.08300790114547418,0.29835744455200996,0.606890066259689,0.2685863351080393,0.48684950728579957,-0.5549968484760507,0.1470865812338365,-1.4918607741365366
210,robotB,0.05,0.0,,,,,0.1374230954034386,0.04674143514320565,0.6233623206614406,,,0.5680501026207699,0.043956591766369256,1.642321966932275
210,robotC,0.05,0.0,,,,,0.7186652452492943,0.21500871464094798,0.6365788677694265,,,-0.09032653982136346,-0.5292730352717593,-0.024737413315322795
211,robotA,0.05,0.0,,,,,0.12184909992754578,0.24830266283449923,0.606998480615798,,,-0.5510803041044945,0.09751389175282801,-1.4920995656585336
211,robotB,0.05,0.0,,,,,0.0900537647353308,-0.0034986942418346978,0.6233701967513475,,,0.5648094253782372,0.09345165935006887,1.6417026154493841
211,robotC,0.05,0.0,,,,,0.6779190638270073,0.16501827310679562,0.6366145872058877,,,-0.07729587577420988,-0.5397767515346772,-0.02399725268601359
212,robotA,0.05,0.0,,,robotA,2.0,0.13940050112795288,0.19799477821668426,0.6070548807529578,0.18027533509088672,0.47946893129893836,-0.547112649409223,0.04704066227324287,-1.4924806771403651
212,robotB,0.05,0.0,,,,,0.0488518108781262,-0.053694638503210594,0.6233606884787644,,,0.5676549020741681,0.12185659332255433,1.6370975039253015
212,robotC,0.05,0.0,,,,,0.6381838080953804,0.1146239075916076,0.6366639135524745,,,-0.02833555022942165,-0.5409632190388616,-0.024287242103039577
213,robotA,0.05,0.0,,,robotA,2.0,0.13169666338892638,0.14788640090200156,0.6071206766449548,0.1369335877331585,0.48265908860139495,-0.5432292938978822,-0.002389779524908854,-1.4926884518320207
213,robotB,0.05,0.0,,,,,0.041289753573992796,-0.10391847320018326,0.6233344341868653,,,0.5642862756952556,0.17272391030363254,1.6367442624091315
213,robotC,0.05,0.0,,,,,0.6003086610492917,0.06459037217483408,0.6366985156912448,,,0.02299563280260087,-0.5422195417101432,-0.02462295090810191
214,robotA,0.05,0.0,,,robotA,2.0,0.13052032065690108,0.09769248143164284,0.6071407727184306,0.10110835533114815,0.47660049910683344,-0.5544464101526465,-0.01310587018992208,-1.5158897371932265
214,robotB,0.05,0.0,,,,,0.07789841488447101,-0.15413327349066613,0.6232900314019115,,,0.5610462854598666,0.22191099416410692,1.6364098845615311
214,robotC,0.05,0.0,,,,,0.5640731062332356,0.014211241713979845,0.6367102964268794,,,0.07196995948626775,-0.5434369083507524,-0.024978761252380553
215,robotA,0.0,0.0,,,robotA,3.0,0.14116283994100753,0.047462039958869634,0.6071723958809423,0.06094844137003632,0.47810595921534904,-0.5524415873723866,-0.04951163098889251,-1.5161112379360182
215,robotB,0.05,0.0,,,,,0.1243932890440253,-0.20433949608878454,0.6232296120995304,,,0.5578212105591738,0.271118261482196,1.636071089144991
215,robotC,0.05,0.0,,,,,0.5303140300507695,-0.03590064277842364,0.6367058149309361,,,0.12314639656627477,-0.5447181093641592,-0.025250483937246226
216,robotA,0.0,0.0,,,robotA,3.0,0.13718991878351655,0.014446276380389042,0.6071742452778186,0.034067256422981966,0.48031784777402015,-0.5524392521923756,-0.04958321056743957,-1.5161004166174725
216,robotB,0.0,0.0,,,,,0.17300033145884194,-0.2545670854638621,0.6231511670178194,,,0.5563356144246949,0.29387131474905226,1.6359041318239986
216,robotC,0.0,0.0,,,,,0.49924601752545716,-0.08610391869220421,0.6366893741527331,,,0.13561743426867803,-0.5416691860693126,-0.01629731015968506
217,robotA,0.0,0.0,,,robotA,2.0,0.1283796932429869,0.014349753399929464,0.6071743245960544,0.02959464352738741,0.48201208912658383,-0.552450062420891,-0.04940662885103028,-1.5161054018087743
217,robotB,0.0,0.0,,,,,0.18972483607870594,-0.2716488216003621,0.6231172629103594,,,0.5454467275993509,0.2869375207339907,1.673058704672665
217,robotC,0.0,0.0,,,,,0.4754330058605001,-0.12871325010681942,0.6366547150145127,,,0.13556188133995595,-0.5416685724068353,-0.016302299974147075
218,robotA,0.0,0.0,,,robotA,2.0,0.12607101576129004,0.014488191711716116,0.6071747677836989,0.031940413652931855,0.48398315188243585,-0.552431610232085,-0.049686614725810485,-1.516092527271396
218,robotB,0.0,0.0,,,,,0.18973266028435815,-0.2716565269638127,0.6231158938636189,,,0.5454463936436572,0.28694074117758367,1.6730574190828627
218,robotC,0.0,0.0,,,,,0.4754494248293522,-0.12867349895356683,0.6366493648721098,,,0.13577759224708363,-0.5416707408312245,-0.016296376903213092
219,robotA,0.0,0.0,,,robotA,2.0,0.12444093510612164,0.014333626107376853,0.6071722234854464,0.029592346219937646,0.48200675559625333,-0.5524516057739478,-0.04938798610548059,-1.516106362619984
219,robotB,0.0,0.0,,,,,0.189731650706433,-0.2716554162477009,0.6231154884598396,,,0.545445031272406,0.2869493314815138,1.6730574836141703
219,robotC,0.0,0.0,,,,,0.47537951937536793,-0.12880512465587818,0.6366487816580981,,,0.1353469750553413,-0.541668224151273,-0.016314283818243257
220,robotA,0.0,0.0,,,robotA,2.0,0.12607685912269154,0.014474739504301367,0.6071739732430251,0.031977469491254656,0.485556940247993,-0.5524354049331496,-0.04962464474641261,-1.5160946933607866
220,robotB,0.0,0.0,,,,,0.18973877656907884,-0.2716626222484985,0.6231151829807252,,,0.5454466846702248,0.28693470402416366,1.6730568035257574
220,robotC,0.0,0.0,,,,,0.4754783663360485,-0.12861883329086926,0.6366494908869079,,,0.13603937200152832,-0.5416726883998074,-0.01628817817733062
221,robotA,0.0,0.0,,,robotA,2.0,0.12288123965029102,0.014386214105998012,0.6071725099418562,0.02970599322649466,0.4841193368693093,-0.5524434688482729,-0.04950373649440508,-1.5160998291156207
221,robotB,0.0,0.0,,,,,0.18973024088019014,-0.27165391483845946,0.6231151704696435,,,0.5454448074498217,0.286950872733222,1.673057136508714
221,robotC,0.0,0.0,,,,,0.47531251828289217,-0.12892813110669243,0.6366462398842512,,,0.13536168162977555,-0.5416672705606812,-0.016309951950114164
222,robotA,0.0,0.0,,,robotA,2.0,0.12400104210898932,0.014402919448220001,0.6071724732659572,0.03194018212001315,0.48495504592801025,-0.5524494293944241,-0.04935734748439477,-1.5161033339503074
222,robotB,0.0,0.0,,,,,0.18973793595032307,-0.27166171767027375,0.6231149466266925,,,0.5454462220956797,0.28693693427370703,1.6730565841888607
222,robotC,0.0,0.0,,,,,0.47548445704773973,-0.12860629081282948,0.6366488720824905,,,0.1359939673730882,-0.5416736572769715,-0.016284205826277504
223,robotA,0.0,0.0,,,robotA,2.0,0.12345128702063835,0.014536683766658636,0.6071734508927161,0.029825606809871084,0.48438492617399376,-0.5524209197729226,-0.049806613857928096,-1.5160861347872796
223,robotB,0.0,0.0,,,,,0.18973293843356367,-0.27165659853566126,0.6231148339721232,,,0.5454454958799615,0.28694216812449097,1.6730566428993439
223,robotC,0.0,0.0,,,,,0.47532362075693324,-0.12890747475786382,0.6366464932888292,,,0.13538669955413796,-0.5416659934378463,-0.016305178491917302
224,robotA,0.0,0.0,,,robotA,2.0,0.12376858980446546,0.014247499105335286,0.60716923454657,0.03170334005557677,0.4819227162305949,-0.5524399422507391,-0.04947763241708695,-1.5160941566770525
224,robotB,0.0,0.0,,,,,0.1897339701890135,-0.2716576171442369,0.6231146660549274,,,0.5454451917281613,0.286943972909049,1.673056599947364
224,robotC,0.0,0.0,,,,,0.4754790250978026,-0.12861458609410556,0.6366476290727431,,,0.13595488905315328,-0.541669960037764,-0.016281756046688533
225,robotA,0.05,0.0,,,robotA,2.0,0.12642579914993363,0.014482405098283335,0.607170159677142,0.029696979723850322,0.48220344838286283,-0.5517152381456094,-0.06268833254125084,-1.516160545972635
225,robotB,0.0,0.0,,,,,0.1897363128199198,-0.2716599760578413,0.6231145153344262,,,0.5454457165308386,0.2869378270822948,1.673056341054404
225,robotC,0.0,0.0,,,,,0.47533550491729915,-0.12888254393387416,0.6366450144305124,,,0.13541878227977594,-0.5416637581059138,-0.016298932251114256
226,robotA,0.05,0.0,,,robotA,2.0,0.12921623801169443,-0.003171824871778541,0.6071693551348615,0.020164324656776027,0.48136941751484064,-0.5490495051613896,-0.11159361561245702,-1.516376849807358
226,robotB,0.05,0.0,,,,,0.18973148277818325,-0.2716550302544246,0.6231144153744211,,,0.5420519450700689,0.32004528170537416,1.672832693240781
226,robotC,0.05,0.0,,,,,0.4754670126751607,-0.128635331579828,0.636646370640468,,,0.138735198950989,-0.5417118856974074,-0.016280737618329377
227,robotA,0.05,0.0,,,robotA,2.0,0.14553455943262916,-0.053019196580086775,0.607164807766722,-0.018469045248991216,0.48311688635206873,-0.5462737328348218,-0.16274697887008607,-1.5168307891162038
227,robotB,0.05,0.0,,,,,0.2225209957075848,-0.3049856405661943,0.6230503047196773,,,0.537036709508913,0.36909842926808345,1.67250766428222
227,robotC,0.05,0.0,,,,,0.471206272016422,-0.1367964019592052,0.636638343478308,,,0.18746816229015434,-0.5425146600476611,-0.016649416803278427
228,robotA,0.05,0.0,,,robotA,2.0,0.15034762344737646,-0.10346906074998957,0.6071306164028343,-0.05882277671596394,0.4855718045585,-0.5436412752745663,-0.21165496824853572,-1.5170823181562385
228,robotB,0.05,0.0,,,,,0.27216377326169267,-0.35519349754844326,0.6229412824199938,,,0.5318686659321752,0.4198267138637666,1.6721458057571106
228,robotC,0.05,0.0,,,,,0.4474910491533006,-0.18673191008640544,0.6365792498413514,,,0.22848814697448697,-0.5394154832096686,0.0778126269010965
229,robotA,0.05,0.0,,,robotA,2.0,0.15399662051226823,-0.15340721831220647,0.6070985198812081,-0.09911818284511184,0.49076517676881054,-0.5490626992699599,-0.21514045678880553,-1.5444068880895603
229,robotB,0.05,0.0,,,,,0.3219960156660347,-0.405412615504049,0.6228068807293827,,,0.5268904393115039,0.4688572762948502,1.6718183088902856
229,robotC,0.05,0.0,,,,,0.46803591468789835,-0.16810162481126822,0.6503129582032544,,,0.2772931945416981,-0.5351683680458617,0.09011950875490157
230,robotA,0.05,0.0,,,robotA,2.0,0.15648454944602344,-0.20385997720614574,0.607025964351537,-0.1417835951862283,0.49323785425242533,-0.5477817879340521,-0.2640176171076911,-1.5446640651175196
230,robotB,0.05,0.0,,,,,0.37191537557199156,-0.4556137950050918,0.6226642914272055,,,0.5219252753358841,0.5179249762547319,1.6714716965279972
230,robotC,0.05,0.0,,,,,0.45401903102584285,-0.20763960235196685,0.6529674312400875,,,0.3281195183673936,-0.5305664742601928,0.0899283931076738
231,robotA,0.05,0.0,,,robotA,2.0,0.15963065305790367,-0.2538031362439463,0.6069636992346062,-0.18100277045932076,0.5009852391148479,-0.5464867076578849,-0.31370127175580026,-1.5450017076797593
231,robotB,0.0,0.5,,,,,0.42193433259173974,-0.5058454391654884,0.6224957894135371,,,0.5190100953768431,0.5456122527573457,1.8593129640346318
231,robotC,0.05,0.0,,,,,0.43749501109335504,-0.2576956573242255,0.6529224132472741,,,0.31873946732263353,-0.5198727459063086,0.09854324646958246
232,robotA,0.05,0.0,,,robotA,2.0,0.16245493861709964,-0.304208853903195,0.6068713481353738,-0.2270013383388118,0.5082775889629861,-0.5451933401335552,-0.3643014763480454,-1.5453699067631466
232,robotB,0.0,0.5,,,,,0.3254161743542289,-0.4070792496167714,0.710886620068613,,,0.5196637784589357,0.49477469903693055,2.3506035916048993
232,robotC,0.05,0.0,,,,,0.42611279631415533,-0.30808375388380865,0.6528034909906343,,,0.3675614570523607,-0.5150550136194496,0.09825269607827543
233,robotA,0.05,0.0,,,robotA,2.0,0.16090991541414862,-0.354260898237926,0.606750962485336,-0.2744095432978501,0.512884611085943,-0.5439364321941277,-0.41389393695329657,-1.545654634643572
233,robotB,0.0,0.5,,,,,0.1731040036497418,-0.015213475675395171,0.8184866024557658,,,0.5118669155911236,0.502302818913571,2.6463137027437567
233,robotC,0.05,0.0,,,,,0.4205333624927519,-0.35812571410043775,0.6527004977902133,,,0.4186195087885145,-0.5100290450523244,0.09788593921490248
234,robotA,0.05,0.0,,,robotA,2.0,0.1603940302892653,-0.40454639743570653,0.6066430461599993,-0.3183393936118201,0.5196303263103728,-0.5341951615079867,-0.4311171617547369,-1.5188290869316186
234,robotB,0.05,0.0,,,,,0.3204633830960575,0.2093546705616015,0.7856094745902904,,,0.4873022553233069,0.5068680225438521,2.7551470490989813
234,robotC,0.05,0.0,,,,,0.42086833997916934,-0.40851405128255247,0.6525703751267712,,,0.4673721453136812,-0.5052526562566834,0.09752925670642215
235,robotA,0.0,0.0,,,,,0.16171599051767355,-0.4547630960197491,0.6064671561144663,,,-0.5323076844173859,-0.4674721893957131,-1.5190176826995254
235,robotB,0.05,0.0,,,,,0.36741942877410444,0.27009004580464446,0.7523932697261114,,,0.44989499761034757,0.5173453248061927,2.874469531355303
235,robotC,0.05,0.0,,,,,0.42710473958387957,-0.4586279266119098,0.6524068842150029,,,0.5183457912881604,-0.5002714912679488,0.0972281110009495
236,robotA,0.0,0.0,,,,,0.1899519723012653,-0.4873191996341291,0.6063919361260249,,,-0.5322996846134196,-0.46760086958458813,-1.5190132352148678
236,robotB,0.0,0.0,,,,,0.40672039231721574,0.31736179963602407,0.715421697647682,,,0.4411370254597389,0.5309925516472623,2.950332057957242
236,robotC,0.0,0.0,,,,,0.43907607865445825,-0.5088814158737732,0.6522696909556085,,,0.5258657805009395,-0.4996348096744359,0.1094815441333458
237,robotA,0.0,0.0,,,,,0.19005506795764274,-0.48743640771700303,0.6063893527980863,,,-0.5323264885558954,-0.4672129910470873,-1.51903905633464
237,robotB,0.0,0.0,,,,,0.4578161098415817,0.3715063202573201,0.6856100448357135,,,0.44125675690372707,0.5309169043962386,2.9632069512347474
237,robotC,0.0,0.0,,,,,0.4531947116375373,-0.5509773673993758,0.6521833351939481,,,0.5099558228388454,-0.501190084814239,0.11455576826435167
238,robotA,0.0,0.0,,,robotA,2.0,0.18986758439433307,-0.48722670722946615,0.6063873139410764,-0.3925450431192352,0.5185075769851126,-0.532286880451858,-0.467868117568894,-1.5189941465157903
238,robotB,0.0,0.0,,,,,0.46652501992738343,0.38046902398494603,0.6806912792630997,,,0.44125395605250983,0.5309155413874281,2.963269633558481
238,robotC,0.0,0.0,,,,,0.4531316640086132,-0.5509168209072187,0.6521399773348512,,,0.5103201117177577,-0.501145523855419,0.11455861424690957
239,robotA,0.0,0.0,,,,,0.1294139798744285,-0.48753952259916544,0.6063940210779084,,,-0.5323205184119327,-0.4672510811859224,-1.51900805650489
239,robotB,0.0,0.0,,,,,0.46656367974121865,0.38050878176612163,0.6806669554958596,,,0.44124439078299016,0.5309173812827196,2.9632789498116847
239,robotC,0.0,0.0,,,,,0.45323048474723604,-0.5511925295227138,0.652133939797931,,,0.5099758786573785,-0.5011883879874816,0.11454747133665306
240,robotA,0.0,0.0,,,robotA,2.0,0.1291821956403289,-0.4872197586347797,0.6063980651650457,-0.3943843005324847,0.5210188732924432,-0.5322848889859377,-0.4678284411555973,-1.5189678259345671
240,robotB,0.0,0.0,,,,,0.4665645863869116,0.38050983049680775,0.6806637161450938,,,0.44126200784985764,0.5309144035387887,2.9632819848604703
240,robotC,0.0,0.0,,,,,0.4531393516273385,-0.5509537634184866,0.6521331776560622,,,0.5102851761606441,-0.5011483167745147,0.11455718169273395
241,robotA,0.0,0.0,,,,,0.12634210327028808,-0.48750537876556527,0.6064050071050748,,,-0.5323174293118015,-0.46726556897417926,-1.51898179434147
241,robotB,0.0,0.0,,,,,0.4665770302329422,0.3805223495484497,0.6806622619651334,,,0.44124175400695326,0.5309180249238875,2.9632870476710114
241,robotC,0.0,0.0,,,,,0.4532234312714442,-0.5511846722807786,0.6521295353196346,,,0.509965472000165,-0.5011900707798748,0.11454514940527732
242,robotA,0.0,0.0,,,,,0.12613460407352717,-0.48722093996900534,0.6064079634791815,,,-0.5322850592051935,-0.4677912234481242,-1.5189439507725355
242,robotB,0.0,0.0,,,,,0.4665688215378343,0.3805141876762304,0.6806610089253865,,,0.4412607862558238,0.5309149775868139,2.96328760909223
242,robotC,0.0,0.0,,,,,0.453139144430158,-0.5509575562972412,0.652131402767173,,,0.5102639213995108,-0.5011511818712032,0.11455643436956754
243,robotA,0.0,0.0,,,,,0.12631983492953147,-0.4874656831773007,0.606415342198092,,,-0.53231481684289,-0.46729099782034134,-1.5189594520777276
243,robotB,0.0,0.0,,,,,0.4665798575989245,0.3805252627946343,0.6806603532059796,,,0.44124892387286596,0.5309169109228895,2.9632903789988374
243,robotC,0.0,0.0,,,,,0.45322023644143383,-0.551177367619667,0.6521290740962639,,,0.5098632200607888,-0.5011996285765404,0.11454335048909571
244,robotA,0.0,0.0,,,,,0.12615033636845313,-0.48723345269699414,0.6064175987408107,,,-0.5322871395084634,-0.4677409491810294,-1.5189251820503875
244,robotB,0.0,0.0,,,,,0.4665751970388717,0.38052062876634646,0.6806596429364845,,,0.4412521670324321,0.5309163428826792,2.9632912785037604
244,robotC,0.0,0.0,,,,,0.4531343110973997,-0.5509480015548478,0.6521300881342178,,,0.5103031354961324,-0.5011417559628031,0.1145592654645468
245,robotA,0.05,0.0,,,,,0.1262854583962991,-0.48741097866471317,0.6064241082493599,,,-0.5316411366146979,-0.48024978343326696,-1.5190644984503519
245,robotB,0.0,0.0,,,,,0.46657760180680535,0.3805230568327636,0.6806591607300628,,,0.4412575953224068,0.5309153003360818,2.963291667172732
245,robotC,0.0,0.0,,,,,0.45321595964120487,-0.5511697153464958,0.6521275859458803,,,0.509872607068246,-0.5011934865204941,0.11454587287585546
246,robotA,0.0,0.5,,,robotA,2.0,0.13975813004619922,-0.505079767608669,0.6063350410614876,-0.408963443373506,0.5242022443180461,-0.529436100620411,-0.5225990744898699,-1.5075751609440906
246,robotB,0.05,0.0,,,,,0.46658153555309945,0.3805270073260197,0.6806588621387301,,,0.4085129453960096,0.5368078120819212,2.9636856778595924
246,robotC,0.05,0.0,,,,,0.453133037818637,-0.5509514794354118,0.6521272903245767,,,0.5181337094007885,-0.5002374023000978,0.11451534295528641
247,robotA,0.0,0.5,,,,,0.14887167344688365,-0.5103369280027379,0.63322605717103,,,-0.5296664328581414,-0.5215811533315994,-0.9973811797417471
247,robotB,0.05,0.0,,,,,0.433295312627794,0.34721347624381815,0.6805152250411847,,,0.3599882661439421,0.5455431676743339,2.9633127651686637
247,robotC,0.0,0.5,,,,,0.456415473135568,-0.5595085019514683,0.6520999107883239,,,0.5192280650669543,-0.5001775505923558,0.5339059824871312
248,robotA,0.05,0.0,,,,,0.3947838797541684,-0.1291203495579702,0.802666163987189,,,-0.5022260234618855,-0.5077611580602539,-0.469499281610265
248,robotB,0.05,0.0,,,,,0.3831059478014859,0.29695593214017957,0.6806392002486724,,,0.319791136026393,0.5502077478713253,3.099872775410872
248,robotC,0.0,0.5,,,,,0.6093711445325829,-0.23936072579245238,0.8257601384873601,,,0.4967337284025711,-0.4986981697736788,1.0529769708517274
249,robotA,0.0,0.5,,,,,0.7155921603282478,0.26370915965329367,0.7682999892080762,,,-0.4601235532274889,-0.533344201687269,-0.38621664359912905
249,robotB,0.05,0.0,,,,,0.4337499234642201,0.34749274329568625,0.6366964408687789,,,0.27806580602919434,0.5436822712757478,3.0328272108982652
249,robotC,0.05,0.0,,,,,0.823938808251496,0.17606015918664378,0.8412272419930485,,,0.5062619890936615,-0.4958508238265651,1.2624471759795548
250,robotA,0.05,0.0,,,robotA,2.0,0.7265153426045938,0.28180132909767047,0.749299050498663,0.23353514868420377,0.6524466475876677,-0.4238126321893798,-0.540305415517375,-0.21581659860937522
250,robotB,0.05,0.0,,,,,0.3657016636364553,0.27981305463949374,0.6461250471377388,,,0.2290613836815733,0.5490359714370234,3.0325469517917907
250,robotC,0.05,0.0,,,,,0.9084173605361084,0.35230454208448936,0.7710141290619353,,,0.516881253549063,-0.46539011414328524,1.3312841934922017
251,robotA,0.05,0.0,,,,,0.11478342729808462,0.3356486395461046,0.704868686524466,,,-0.3800754475586438,-0.5593230008776777,-0.1965312085587101
251,robotB,0.05,0.0,,,,,0.3155773323824199,0.2296475137201119,0.6461862658547269,,,0.1783682074190226,0.5545938934347616,3.0322308904036666
251,robotC,0.05,0.0,,,,,0.916507530754067,0.39085199712748664,0.7293345136805028,,,0.5277102793472781,-0.41690712842031674,1.3529247380871514
252,robotA,0.05,0.0,,,robotA,2.0,0.07621021960407723,0.2915080013676193,0.7019152833465874,0.2699272184895688,0.5861894443862816,-0.3477005082847322,-0.56562335337377,-0.08514903994076997
252,robotB,0.05,0.0,,,,,0.2654306931113379,0.17944412445194577,0.6462492925899095,,,0.12937406094655513,0.5599828434588473,3.031922619632243
252,robotC,0.05,0.0,,,,,0.8830012663307604,0.356416886828611,0.7207729505092919,,,0.5342956195538797,-0.3794421007497722,1.5061157700924426
253,robotA,0.05,0.0,,,,,0.12686268924025249,0.38299419195264944,0.6437220562961185,,,-0.3018431384568054,-0.5650582691125827,0.0004998783947857112
253,robotB,0.05,0.0,,,,,0.21531487055595963,0.1292442386576342,0.6462992658947514,,,0.07867960530746525,0.5655736888690681,3.0315906761915294
253,robotC,0.05,0.0,,,,,0.9105566332553957,0.4235995670193383,0.6619428807470951,,,0.5382180770989226,-0.34056079316327725,1.452554301775197
254,robotA,0.05,0.0,,,robotA,2.0,0.09191741302379607,0.34827341378194526,0.634259024165971,0.30979621544738045,0.5164927836083889,-0.2671214564582437,-0.5663343865718502,0.0006007453530114907
254,robotB,0.05,0.0,,,,,0.16523646710249146,0.07902932290324434,0.6463334133996017,,,0.03903785062962276,0.5851382503090652,3.036099816093952
254,robotC,0.05,0.0,,,,,0.8504401869728204,0.34401946942674233,0.6797610487232717,,,0.5440103828013708,-0.2920304705883252,1.4521972678235804
255,robotA,0.0,0.0,,,robotA,2.0,0.11946136485453074,0.29620854104883176,0.6351788939892854,0.26828767323829517,0.5187672755533859,-0.22924606659175867,-0.5662893764520958,0.00031756653250648197
255,robotB,0.05,0.0,,,,,0.11528084648263905,0.02881652101310134,0.6463523545204841,,,0.0014061701777913702,0.6073141394790219,3.0416857898535103
255,robotC,0.05,0.0,,,,,0.8083727586110749,0.2939740831661778,0.6799007746284186,,,0.5410840130527386,-0.26169289159764264,1.646123333421424
256,robotA,0.0,0.0,,,,,0.11652514778648779,0.2641538873055188,0.6352190762287073,,,-0.22896796604014624,-0.5662806802495913,0.0003364209836714646
256,robotB,0.0,0.0,,,,,0.06571808827724557,-0.02140039908638427,0.6463538697703434,,,-0.008169458301527877,0.6082826565911112,3.122303689141936
256,robotC,0.0,0.0,,,,,0.8570621070185935,0.3903570885585929,0.6094965382071108,,,0.5467597842973266,-0.2489659395021427,1.6602806382990425
257,robotA,0.0,0.0,,,robotA,2.0,0.11651854613547341,0.2639952838044699,0.6352067318664107,0.23756534200689278,0.5169947650266437,-0.229276036973516,-0.5662806729387126,0.0003318812061734056
257,robotB,0.0,0.0,,,,,0.1084699097860755,0.02198964232545928,0.6466477237893186,,,-0.008128843941048972,0.6082419498593679,3.1333773312293403
257,robotC,0.0,0.0,,,,,0.8265535453679357,0.35973649157756815,0.6025870444899049,,,0.5467311290928141,-0.24899594841644576,1.660310387023804
258,robotA,0.0,0.0,,,,,0.12116296550182513,0.26413812109527524,0.6352079268180301,,,-0.22895915414974205,-0.5662762826447582,0.00033112282361453263
258,robotB,0.0,0.0,,,,,0.1163017264156914,0.029838006958605046,0.6462952885703328,,,-0.00811783094442347,0.6082402446484938,3.1334139835379653
258,robotC,0.0,0.0,,,,,0.8265717118381778,0.3597823706404073,0.6025359486671674,,,0.5467024596749863,-0.24877731840272668,1.6603108878307244
259,robotA,0.0,0.0,,,robotA,2.0,0.12112995603924546,0.2640006407271587,0.6352049220844864,0.23698049133993232,0.5156649856173728,-0.22919177128589263,-0.566278410222647,0.0003257022947976627
259,robotB,0.0,0.0,,,,,0.11632742557786184,0.029863639556982208,0.6462931837105518,,,-0.008144672493055491,0.6082401883787594,3.1334194421439094
259,robotC,0.0,0.0,,,,,0.8264469979527049,0.35964508244948984,0.6025316215089375,,,0.5467334470697969,-0.24907788754886204,1.6603003183157146
260,robotA,0.0,0.0,,,robotA,2.0,0.12257040324022583,0.26406740852354615,0.6352049482573185,0.2343897733683191,0.5159453188121305,-0.22913113184652334,-0.5662705579543474,0.00032491532897409975
260,robotB,0.0,0.0,,,,,0.1163154864717753,0.029851586652888885,0.6462929722786451,,,-0.008111853570503577,0.6082406330254165,3.1334154336386546
260,robotC,0.0,0.0,,,,,0.8265823735898138,0.3597947463094104,0.6025350410222066,,,0.5467014492699827,-0.2487660208052169,1.6603035223068505
261,robotA,0.0,0.0,,,robotA,2.0,0.1229031030521269,0.2641090241768848,0.635201089621007,0.2391825839903246,0.5141697562920776,-0.22896640295211024,-0.5662680866156556,0.0003198897541877299
261,robotB,0.0,0.0,,,,,0.11633150311083448,0.029867784639189304,0.6462934917129046,,,-0.008141946188969733,0.608240777541588,3.1334173291926297
261,robotC,0.0,0.0,,,,,0.8264391682588624,0.35963568713097804,0.6025329007282069,,,0.546727541907146,-0.2490208807566279,1.6602997200165879
262,robotA,0.0,0.0,,,robotA,2.0,0.12353682172779229,0.26393562329012255,0.6352012950248683,0.23708679340505212,0.5161770963979626,-0.22917768800885813,-0.5662671382480037,0.0003101134330723405
262,robotB,0.0,0.0,,,,,0.11631618133247397,0.02985234763275197,0.6462934734914823,,,-0.008121376233456733,0.6082407033607605,3.133414554562299
262,robotC,0.0,0.0,,,,,0.8265518687853997,0.3597607055130209,0.6025349037871888,,,0.5467139861714598,-0.24890522135016133,1.6603011899668576
263,robotA,0.0,0.0,,,robotA,2.0,0.1220578265114694,0.2641141027789986,0.6352049820412394,0.23847486494206507,0.5128914487709244,-0.2289356655468861,-0.5662632909264123,0.00030636673880664827
263,robotB,0.0,0.0,,,,,0.11632517252949678,0.029861426291973765,0.6462936472358762,,,-0.008128472836103379,0.6082407572280546,3.1334144991615487
263,robotC,0.0,0.0,,,,,0.8265105328829431,0.35971543205599754,0.6025330101245883,,,0.5467032901350555,-0.2487922794592526,1.6603008268412924
264,robotA,0.0,0.0,,,robotA,2.0,0.12493089519720799,0.26392501059030893,0.6352026038683191,0.23658389968080867,0.5150377870013308,-0.22929193367442735,-0.5662696902299394,0.00029489292758530587
264,robotB,0.0,0.0,,,,,0.1163228630402465,0.029859100432859227,0.646293652693554,,,-0.008134913742702345,0.6082407875179755,3.133414485584874
264,robotC,0.0,0.0,,,,,0.8264469668926927,0.35964413669388356,0.6025334421613094,,,0.5467069589737394,-0.2488398200415927,1.6602920503157
265,robotA,0.05,0.0,,,,,0.12328517296044596,0.26413026832027103,0.6352061332771531,,,-0.2107765009973253,-0.5662566533540947,0.00020393667388108046
265,robotB,0.0,0.0,,,,,0.11631797020877034,0.029854167973450956,0.6462936236188697,,,-0.008117473307255645,0.6082407390833117,3.133412272309103
265,robotC,0.0,0.0,,,,,0.8264773261953783,0.35967756598579226,0.6025344784327819,,,0.5467043963902356,-0.24883015377673426,1.660288904597497
266,robotA,0.05,0.0,,,robotA,2.0,0.12052837300288334,0.2456403556236995,0.6352254290635522,0.22177794456309144,0.5136934219374133,-0.16201141970639177,-0.566257546287337,-0.00010379089511370567
266,robotB,0.05,0.0,,,,,0.1163270644638594,0.029863331546166393,0.6462936420262714,,,-0.03969373299146182,0.6084900018549932,3.13369207060946
266,robotC,0.05,0.0,,,,,0.8264607134377873,0.35965872621892564,0.6025350048158731,,,0.5460101672099144,-0.2410923628343765,1.6602240157516277
267,robotA,0.05,0.0,,,,,0.12434667624274974,0.19579517781372285,0.6352951971081201,,,-0.11076359377916081,-0.5662650904832892,-0.0003752140766384448
267,robotB,0.05,0.0,,,,,0.08454718706188277,-0.002241840064288114,0.64628602107556,,,-0.08899323729209244,0.6088903682213073,3.1333347337559085
267,robotC,0.05,0.0,,,,,0.8187690312809904,0.3510364169002914,0.6025573448080519,,,0.5416144328886959,-0.19196655308410387,1.6598080860243476
268,robotA,0.05,0.0,,,robotA,2.0,0.14357965277490628,0.1455055531025202,0.6353389684726154,0.14441376476668252,0.5056832278785605,-0.06158219705378778,-0.566299009430259,-0.0007630308718569237
268,robotB,0.05,0.0,,,,,0.035998354675749904,-0.05247490757710489,0.6462796673000928,,,-0.1382836684560556,0.6093058017904264,3.132963920011191
268,robotC,0.05,0.0,,,,,0.7743218505732334,0.3007699595106401,0.6026947743003024,,,0.5370892028305019,-0.14126834438805105,1.6596684613628614
269,robotA,0.05,0.0,,,robotA,2.0,0.13868891466248,0.09531232737091168,0.6353892951843185,0.10378429007164461,0.5024274266275173,-0.03370307256856279,-0.5790319894180983,0.006959124939680491
269,robotB,0.05,0.0,,,,,0.022162129744155306,-0.10271630673193241,0.6462514204024152,,,-0.1892666538249705,0.6097531747485042,3.1326369219283565
269,robotC,0.05,0.0,,,,,0.7307872109239828,0.2507474674805893,0.602728330654745,,,0.5327143748585796,-0.09203571012757186,1.6592468033811183
270,robotA,0.05,0.0,,,robotA,2.0,0.14529585665227668,0.045232858121670855,0.6354034236229396,0.06323270942519658,0.5036986378780469,0.01764211623732935,-0.5786853836201812,0.006583506547273004
270,robotB,0.05,0.0,,,,,0.0687734924435796,-0.1529177193743349,0.6462111018173815,,,-0.19989204245007172,0.6063189348223645,3.1279710778550753
270,robotC,0.05,0.0,,,,,0.6879085297696362,0.2004149652859773,0.6028263230025448,,,0.5282383852645793,-0.041452621081371904,1.6589791689691757
271,robotA,0.05,0.0,,,robotA,2.0,0.14843205396387774,-0.005203110742094486,0.635412772130851,0.023276127364918648,0.5035347557788172,0.06653237120949174,-0.5783746434938393,0.006329228489069988
271,robotB,0.05,0.0,,,,,0.1184060576045755,-0.20316387203195616,0.6461466565208989,,,-0.25086288682754626,0.6070220065749203,3.127642924566007
271,robotC,0.05,0.0,,,,,0.6463182666623253,0.15037656477345984,0.6028738893466964,,,0.5140616513720987,-0.03308462694326187,1.7039475658485956
272,robotA,0.05,0.0,,,robotA,3.0,0.1534351089483359,-0.05515808070893764,0.635407450684983,-0.016382721895303615,0.5039951600805443,0.11792053199253755,-0.5780543586797595,0.00595195638776968
272,robotB,0.05,0.0,,,,,0.16835636837028128,-0.2533625601901483,0.6460738803851803,,,-0.30016981818016947,0.6077183689187453,3.127285776314045
272,robotC,0.05,0.0,,,,,0.605727261531188,0.09998147183128436,0.6029261931623251,,,0.5075731228411107,0.015428669069282632,1.7036561134393804
273,robotA,0.05,0.0,,,robotA,3.0,0.15881333704860603,-0.1056065001921465,0.6353754988339132,-0.056951495238457155,0.5096593577781934,0.16676601770447655,-0.5777747850388865,0.005679881287246758
273,robotB,0.05,0.0,,,,,0.2184660015720904,-0.3036049079705728,0.6459734333177201,,,-0.3494503053829993,0.6084317022735095,3.1269675309597473
273,robotC,0.05,0.0,,,,,0.5669985026978592,0.049989287590833535,0.6029492722364704,,,0.5007756957092656,0.06634783903897482,1.703285938662153
274,robotA,0.05,0.0,,,robotA,2.0,0.15974471739553395,-0.15555359048673004,0.6353415026852147,-0.09719567420818154,0.5176346681468339,0.19009261105574576,-0.5852520767274595,0.002323265270537589
274,robotB,0.05,0.0,,,,,0.26858886578437907,-0.35381054276912133,0.6458679845074133,,,-0.4004412662780617,0.6091866628457254,3.1265996990583034
274,robotC,0.05,0.0,,,,,0.5298426063599088,-0.0004305076450332187,0.6029588197885696,,,0.4943287915441662,0.11480815122818369,1.7029378066848622
275,robotA,0.0,0.0,,,robotA,2.0,0.16023704639407677,-0.2059867490647506,0.6352799530869873,-0.13715062799527739,0.5136928907985335,0.22269287014635744,-0.5851827943243745,0.0021152933350816567
275,robotB,0.05,0.0,,,,,0.3187675531247281,-0.40404451320261153,0.6457313590660697,,,-0.42348202933062984,0.5951891852504029,-3.1202306519291363
275,robotC,0.05,0.0,,,,,0.49529858893428386,-0.05043941080718194,0.60295096027916,,,0.4875698508833505,0.16570940044917778,1.7026163732687858
276,robotA,0.0,0.0,,,robotA,2.0,0.15768640859726402,-0.23760714562762414,0.6352391434001061,-0.167161055467007,0.5237290155291331,0.22297060363329274,-0.5851790632796832,0.0021228184925588694
276,robotB,0.0,0.0,,,,,0.36894012415949207,-0.45425722641441096,0.6455940394022675,,,-0.4428934844863424,0.5947757621905715,-3.120367128119996
276,robotC,0.0,0.0,,,,,0.4633544837373663,-0.1008085007378289,0.6029272285598682,,,0.4814564676034475,0.20329552962732622,1.7055153046945029
277,robotA,0.0,0.0,,,robotA,2.0,0.1319733951698009,-0.23775195528508847,0.6352364228863039,-0.1719751643872511,0.5219747488896983,0.22285272739006692,-0.5851793640231124,0.0021151662992989553
277,robotB,0.0,0.0,,,,,0.3865186571078468,-0.47184696872926624,0.6455361356523573,,,-0.44287645993420516,0.5947764975607257,-3.120373884449393
277,robotC,0.0,0.0,,,,,0.4388323467384782,-0.14376829224662302,0.6028876498195553,,,0.4783627706708645,0.17282584384882285,1.725385464776209
278,robotA,0.0,0.0,,,robotA,2.0,0.1309492964951245,-0.23769914425075991,0.6352358486701133,-0.172796084889447,0.5247871716513456,0.2228169712950188,-0.585179430875965,0.002115239976021327
278,robotB,0.0,0.0,,,,,0.3865205392235172,-0.4718487554153512,0.6455336107168326,,,-0.4428839378577213,0.5947761088123246,-3.120373675630736
278,robotC,0.0,0.0,,,,,0.4387971021792814,-0.14383131178513425,0.6028859858194852,,,0.47835142693587973,0.17288249584105675,1.7253878060263652
279,robotA,0.0,0.0,,,robotA,2.0,0.12809538356358663,-0.23767757527179967,0.635235437803726,-0.17322450425817437,0.52584956529372,0.22300660347453674,-0.5851753287824648,0.0021236683523861676
279,robotB,0.0,0.0,,,,,0.3865231190423326,-0.471851333287974,0.6455335105186579,,,-0.4428937059712655,0.5947755008877629,-3.120372165024299
279,robotC,0.0,0.0,,,,,0.4387682559152906,-0.14388253674223062,0.6028843931360853,,,0.47838516737461045,0.17268142899750563,1.7253793349958202
280,robotA,0.0,0.0,,,robotA,2.0,0.12701336000722457,-0.23778047014321407,0.635233846106707,-0.17258211006767102,0.5235914845789197,0.22273197093350106,-0.5851797080397791,0.002112619925371342
280,robotB,0.0,0.0,,,,,0.3865291726019649,-0.47185740529044556,0.6455338754705241,,,-0.4428718884868745,0.594776348959338,-3.1203720997207296
280,robotC,0.0,0.0,,,,,0.4388280622061845,-0.14377276492621324,0.6028854181583274,,,0.4783386317897892,0.17295669197590205,1.725392755989161
281,robotA,0.0,0.0,,,robotA,2.0,0.12921537013658327,-0.23763855831450106,0.6352349815728858,-0.1733902973864123,0.526572470387146,0.22301294044652045,-0.5851741694489778,0.0021260818548903015
281,robotB,0.0,0.0,,,,,0.38651678439583037,-0.47184502608826884,0.6455343477105062,,,-0.4428974750099068,0.5947752684229732,-3.1203696558918845
281,robotC,0.0,0.0,,,,,0.43875068173771586,-0.14391465156543198,0.6028839973556588,,,0.4783852348761751,0.1726816581635888,1.7253805852132076
282,robotA,0.0,0.0,,,robotA,2.0,0.12630320723902483,-0.2377745556816899,0.6352332611197329,-0.1729009214087585,0.5247589551674545,0.22273088415244482,-0.5851782928005426,0.00211312415553517
282,robotB,0.0,0.0,,,,,0.3865286310260856,-0.47185689954921584,0.6455348204300377,,,-0.44287391307671703,0.5947760276109755,-3.1203695535401472
282,robotC,0.0,0.0,,,,,0.43882446284762,-0.14377953123353426,0.6028854588739848,,,0.4783527009494255,0.17286824835192008,1.7253916352620422
283,robotA,0.0,0.0,,,robotA,2.0,0.1280457304112349,-0.2376383337695181,0.635234185501587,-0.17275978269889888,0.5244392515825299,0.2232119784918158,-0.5851692486401671,0.002135186954107205
283,robotB,0.0,0.0,,,,,0.3865167752880572,-0.4718450531774143,0.6455352919141277,,,-0.4428888780351315,0.5947754826923977,-3.1203676999163363
283,robotC,0.0,0.0,,,,,0.43878116427499814,-0.14385829479178486,0.6028842667846857,,,0.4783587264567719,0.1728430334779064,1.725387740150696
284,robotA,0.0,0.0,,,robotA,2.0,0.12850747763014572,-0.23787097734461574,0.635230515401795,-0.17221149134486474,0.5227930469295489,0.2226462522311609,-0.5851759032210277,0.0021151254032955548
284,robotB,0.0,0.0,,,,,0.3865218093958495,-0.47185011046808967,0.6455358000953338,,,-0.4428849814045261,0.594775414226608,-3.1203665802131884
284,robotC,0.0,0.0,,,,,0.4387774000766152,-0.14386597006146018,0.6028846894508366,,,0.478328210914699,0.17302310477568056,1.7254079857997349
285,robotA,0.05,0.0,,,robotA,2.0,0.13007169202980268,-0.2376026083458645,0.6352325723859353,-0.17254130492014408,0.5235545755917301,0.24126928406761786,-0.5851272376210995,0.0020278996823749
285,robotB,0.0,0.0,,,,,0.38652036687156066,-0.471848684007752,0.6455362467305709,,,-0.44287703206763296,0.5947755557076655,-3.1203656795309023
285,robotC,0.0,0.0,,,,,0.4387440998052904,-0.14392738696052806,0.602884298846253,,,0.47836885461700795,0.17275429259382163,1.7254017285490988
286,robotA,0.05,0.0,,,robotA,2.0,0.13970857371361026,-0.25652627918080206,0.6352013832824468,-0.18493019660800164,0.5268831564312652,0.28991001290860485,-0.5850412911566879,0.0017269618795994319
286,robotB,0.05,0.0,,,,,0.38651447524561583,-0.47184280574229126,0.6455367081136265,,,-0.47445395331140405,0.5941084995504888,-3.120593096835995
286,robotC,0.05,0.0,,,,,0.43880819735731397,-0.1438073702937338,0.6028838990231256,,,0.477366218977602,0.17914298344533833,1.7254035186703183
287,robotA,0.05,0.0,,,robotA,2.0,0.16262646947429565,-0.306308633001422,0.6351173642971817,-0.2262579729655358,0.529020236694178,0.3310784226244104,-0.5828836936515636,0.11094661607130951
287,robotB,0.05,0.0,,,,,0.4193388348485315,-0.5046853252228489,0.6454221078004554,,,-0.5237486048524699,0.5930810240614443,-3.12090049109811
287,robotC,0.05,0.0,,,,,0.43480256072117246,-0.1513452699557263,0.6028786894704189,,,0.46985123143167706,0.22744596401093142,1.72498244198558
288,robotA,0.05,0.0,,,robotA,2.0,0.14635796602405526,-0.2755467629470194,0.6668290513645746,-0.19750586349924198,0.5618993179762991,0.379741230295753,-0.5783748768744029,0.09164083420942559
288,robotB,0.0,0.5,,,,,0.4695184607486242,-0.5548880890198628,0.6452575530167959,,,-0.5325531975183757,0.5928616510347188,-2.7472889774240588
288,robotC,0.05,0.0,,,,,0.4107204573918482,-0.20134116734857496,0.6028056171463697,,,0.46198088573482154,0.27806866053612267,1.7248127483751474
289,robotA,0.05,0.0,,,,,0.17204797824540263,-0.3377782820882526,0.6615193731937096,,,0.4132458719378454,-0.5804503794899517,0.08585345308101645
289,robotB,0.0,0.5,,,,,0.2401937973699294,-0.2727923809773725,0.8108652252758212,,,-0.5046041913531311,0.5953655591810958,-2.297134620590286
289,robotC,0.05,0.0,,,,,0.39153610772006664,-0.25153925184365633,0.6027646657658253,,,0.454464495154841,0.32658587817678447,1.7243777453269054
290,robotA,0.05,0.0,,,,,0.21499501521974218,-0.3880790123233934,0.6614218356121839,,,0.43682391548143,-0.5878127660963594,0.07594808635789815
290,robotB,0.05,0.0,,,,,0.2855503449411902,0.1323840523850039,0.844780293010757,,,-0.5299277007114647,0.5707886187494823,-1.9404279386065306
290,robotC,0.05,0.0,,,,,0.37801548165743626,-0.3017142193107791,0.602646222471221,,,0.4466531124315959,0.37704924444616217,1.7242317741581343
291,robotA,0.05,0.0,,,,,0.2604627566333321,-0.4382779908901836,0.6612453308035616,,,0.48602288515877934,-0.5840741597146397,0.07571466763756664
291,robotB,0.05,0.0,,,,,0.4508232598238637,0.3520536083047441,0.7684661382121329,,,-0.5271066294744837,0.5455415884237408,-1.7183106339074012
291,robotC,0.05,0.0,,,,,0.37092090754312634,-0.35181479306842656,0.6025984111134511,,,0.43912727066522306,0.42579637733564024,1.723793018428374
292,robotA,0.05,0.0,,,,,0.30739915916822125,-0.4884467419679636,0.6611346357476349,,,0.536958606389605,-0.5802212750733515,0.0752736051234101
292,robotB,0.05,0.0,,,,,0.5904965375736837,0.5048844279294328,0.6605528047428032,,,-0.5412841728675215,0.496912050591756,-1.7539213568424614
292,robotC,0.05,0.0,,,,,0.3704195328895217,-0.4021105229389593,0.6024326185273643,,,0.4293046130908321,0.4144528015819461,1.7366188224114396
293,robotA,0.0,0.5,,,,,0.35535825500458035,-0.5387919656161193,0.6609108622616435,,,0.5453213005545938,-0.579750989970304,0.4419684911464437
293,robotB,0.05,0.0,,,,,0.5047679707060596,0.4184642515580743,0.6867593685088134,,,-0.5502290210708851,0.44838900518707275,-1.7540745955201247
293,robotC,0.05,0.0,,,,,0.37670747728679177,-0.45216394191245535,0.6023283934889682,,,0.4208579791630801,0.4649792241383325,1.7361827654810162
294,robotA,0.0,0.5,,,,,0.262801085501187,-0.26678201931991735,0.815405185315325,,,0.5178133632437832,-0.57539425293989,0.9214664998184507
294,robotB,0.05,0.0,,,,,0.4548199059364008,0.3684425105023331,0.6867180483155886,,,-0.5595345651107414,0.39823521913546833,-1.7543969916272448
294,robotC,0.0,0.5,,,,,0.3893953302482434,-0.502560860317339,0.6021255516615764,,,0.41366525979947655,0.5080079290800024,1.7418564662544107
295,robotA,0.0,0.0,,,,,0.4428462378615445,0.14243301711311662,0.8457202964753174,,,0.5386444220509484,-0.5727470609731453,1.107655246791069
295,robotB,0.0,0.5,,,,,0.40468890818525477,0.31820928693243333,0.6868285251209942,,,-0.5684069609043486,0.350492273470813,-1.754647170922706
295,robotC,0.0,0.5,,,robotC,2.0,0.4080056911006773,-0.5380934954730915,0.608602883208585,-0.45821879105542673,0.5488240827841286,0.4140781097996027,0.5065474415562021,2.249395376054474
296,robotA,0.0,0.0,,,,,0.5397633953016074,0.2848950724991205,0.8040436135015565,,,0.5371153263204749,-0.5605359999956087,1.121411054288693
296,robotB,0.0,0.0,,,,,0.35764410001469454,0.27106030288426125,0.6866902880357397,,,-0.5694481505416934,0.34075596189679364,-1.6645706831320075
296,robotC,0.0,0.0,,,,,0.37599428517473055,-0.17218567083805725,0.7928666131405657,,,0.4157702615983496,0.4896589337897377,2.7378659526513096
297,robotA,0.0,0.0,,,,,0.5516124029717627,0.30100773102688533,0.7980358022071824,,,0.5370412325573174,-0.5607072660848926,1.1213915190275685
297,robotB,0.0,0.0,,,,,0.40887627930545717,0.32326266542496124,0.6592215532644331,,,-0.5591328766729704,0.3590421217009431,-1.6336355454640341
297,robotC,0.0,0.0,,,,,0.7137119351039573,0.21641843403792735,0.7817389617167,,,0.43802832721793294,0.47387165094498856,2.6814727453323433
298,robotA,0.0,0.0,,,,,0.551707151653336,0.30111378063791805,0.7980332453691431,,,0.5370421693466844,-0.5606758374298205,1.1214051375820118
298,robotB,0.0,0.0,,,,,0.4178037763543941,0.33215533567449873,0.6548316269907968,,,-0.5591349322028715,0.35900135402251226,-1.6336123291082099
298,robotC,0.0,0.0,,,,,0.6883249260764779,0.18671751040332113,0.7893409655988279,,,0.43800959069631584,0.4738622114335033,2.681752218068093
299,robotA,0.0,0.0,,,,,0.5517024268139712,0.30111656083882404,0.7980163349396151,,,0.537087278838435,-0.5605759318027174,1.1214159241732002
299,robotB,0.0,0.0,,,,,0.41779777821254593,0.332149277261076,0.6548271008002804,,,-0.5591358525180739,0.3590050431180285,-1.6336076435385034
299,robotC,0.0,0.0,,,,,0.6883842873821829,0.18679448806389265,0.7893044289133263,,,0.4383063315293888,0.47371708076308855,2.681750730473863
