[INFO] [launch]: All log files can be found below /home/phlinke/.ros/log/2024-10-16-16-23-12-009444-pinky-77302
[INFO] [launch]: Default logging verbosity is set to INFO
[INFO] [ccr_goal_provider-1]: process started with pid [77303]
[INFO] [ccr_fake_execution-2]: process started with pid [77305]
[INFO] [ccr_centralized_planner-3]: process started with pid [77307]
[INFO] [ros2-4]: process started with pid [77309]
[ccr_fake_execution-2] /usr/lib/python3/dist-packages/scipy/__init__.py:146: UserWarning: A NumPy version >=1.17.3 and <1.25.0 is required for this version of SciPy (detected version 1.26.4
[ccr_fake_execution-2]   warnings.warn(f"A NumPy version >={np_minversion} and <{np_maxversion}"
[ccr_centralized_planner-3] /usr/lib/python3/dist-packages/scipy/__init__.py:146: UserWarning: A NumPy version >=1.17.3 and <1.25.0 is required for this version of SciPy (detected version 1.26.4
[ccr_centralized_planner-3]   warnings.warn(f"A NumPy version >={np_minversion} and <{np_maxversion}"
[ccr_goal_provider-1] /usr/lib/python3/dist-packages/scipy/__init__.py:146: UserWarning: A NumPy version >=1.17.3 and <1.25.0 is required for this version of SciPy (detected version 1.26.4
[ccr_goal_provider-1]   warnings.warn(f"A NumPy version >={np_minversion} and <{np_maxversion}"
[ros2-4] stdin is not a terminal device. Keyboard handling disabled.[INFO] [1729088592.620422298] [rosbag2_recorder]: Press SPACE for pausing/resuming
[ros2-4] [INFO] [1729088592.633820465] [rosbag2_storage]: Opened database 'rosbag_2 robots_2024-10-16_14:23:12/rosbag_2 robots_2024-10-16_14:23:12_0.db3' for READ_WRITE.
[ros2-4] [INFO] [1729088592.633918018] [rosbag2_recorder]: Event publisher thread: Starting
[ros2-4] [INFO] [1729088592.634140184] [rosbag2_recorder]: Listening for topics...
[ccr_goal_provider-1] [INFO] [1729088593.725035984] [ccr_goal_provider]: starting node [32mccr_goal_provider[0m
[ccr_goal_provider-1] [INFO] [1729088593.726217498] [ccr_goal_provider]: loading graph from /home/phlinke/ros/driving_swarm_infrastructure/install/driving_swarm_bringup/share/driving_swarm_bringup/maps/icra2024.yaml
[ccr_goal_provider-1] [INFO] [1729088593.726975819] [ccr_goal_provider]: generating square graph with grid size 0.5 and working area (-2.25, 2.75)x(-1.75, 1.25)
[ccr_fake_execution-2] [INFO] [1729088593.730535479] [ccr_fake_execution]: starting node [32mccr_fake_execution[0m
[ccr_fake_execution-2] [INFO] [1729088593.731919363] [ccr_fake_execution]: loading graph from /home/phlinke/ros/driving_swarm_infrastructure/install/driving_swarm_bringup/share/driving_swarm_bringup/maps/icra2024.yaml
[ccr_fake_execution-2] [INFO] [1729088593.732576915] [ccr_fake_execution]: generating square graph with grid size 0.5 and working area (-2.25, 2.75)x(-1.75, 1.25)
[ccr_centralized_planner-3] [INFO] [1729088593.749854853] [ccr_centralized_planner]: starting node [32mccr_centralized_planner[0m
[ccr_centralized_planner-3] [INFO] [1729088593.751139711] [ccr_centralized_planner]: loading graph from /home/phlinke/ros/driving_swarm_infrastructure/install/driving_swarm_bringup/share/driving_swarm_bringup/maps/icra2024.yaml
[ccr_centralized_planner-3] [INFO] [1729088593.751723134] [ccr_centralized_planner]: generating square graph with grid size 0.5 and working area (-2.25, 2.75)x(-1.75, 1.25)
[ccr_goal_provider-1] [INFO] [1729088594.411547575] [ccr_goal_provider]: read waypoints from /home/phlinke/ros/driving_swarm_infrastructure/install/driving_swarm_bringup/share/driving_swarm_bringup/params/icra2024_waypoints.yaml
[ccr_goal_provider-1] [INFO] [1729088594.419507061] [ccr_goal_provider]: goals: {'robotA': [9, 1], 'robotB': [1, 9]}
[ccr_fake_execution-2] [INFO] [1729088594.425543644] [ccr_fake_execution]: read poses from /home/phlinke/ros/driving_swarm_infrastructure/install/driving_swarm_bringup/share/driving_swarm_bringup/params/icra2024_poses.yaml
[ccr_fake_execution-2] [INFO] [1729088594.428755412] [ccr_fake_execution]: robotA at position [2.5, 1.0, 0.0] = state 1
[ccr_fake_execution-2] [INFO] [1729088594.430021084] [ccr_fake_execution]: robotB at position [-0.5, -1.5, 0.0] = state 9
[ros2-4] [INFO] [1729088594.460384143] [rosbag2_recorder]: Subscribed to topic '/command'
[ros2-4] [INFO] [1729088594.462869891] [rosbag2_recorder]: Subscribed to topic '/robotA/nav/current_node'
[ros2-4] [INFO] [1729088594.465140145] [rosbag2_recorder]: Subscribed to topic '/robotA/nav/goal_completed'
[ros2-4] [INFO] [1729088594.467155051] [rosbag2_recorder]: Subscribed to topic '/robotB/nav/plan'
[ros2-4] [INFO] [1729088594.469200114] [rosbag2_recorder]: Subscribed to topic '/robotA/nav/goal_node'
[ros2-4] [INFO] [1729088594.471192768] [rosbag2_recorder]: Subscribed to topic '/robotA/nav/plan'
[ros2-4] [INFO] [1729088594.473157830] [rosbag2_recorder]: Subscribed to topic '/robotB/nav/current_node'
[ros2-4] [INFO] [1729088594.475266462] [rosbag2_recorder]: Subscribed to topic '/robotB/nav/goal_completed'
[ros2-4] [INFO] [1729088594.477214051] [rosbag2_recorder]: Subscribed to topic '/robotB/nav/goal_node'
[ccr_centralized_planner-3] [INFO] [1729088594.523162637] [ccr_centralized_planner]: Received goal 9 from robotA
[ccr_centralized_planner-3] [INFO] [1729088594.524043337] [ccr_centralized_planner]: Received goal 1 from robotB
[ccr_centralized_planner-3] [INFO] [1729088599.432900013] [ccr_centralized_planner]: Received state 1 from robotA
[ccr_centralized_planner-3] [INFO] [1729088599.433766817] [ccr_centralized_planner]: Received state 9 from robotB
[ccr_centralized_planner-3] [INFO] [1729088599.436752923] [ccr_centralized_planner]: 
[ccr_centralized_planner-3] 
[ccr_centralized_planner-3]  replaned due to new goal
[ccr_centralized_planner-3] 
[ccr_centralized_planner-3] [INFO] [1729088599.466899927] [ccr_centralized_planner]: Sent plan [1, 44, 45, 40, 27, 25, 26, 34, 29, 31, 10, 9] to robotA
[ccr_centralized_planner-3] [INFO] [1729088599.467214747] [ccr_centralized_planner]: Sent plan [9, 11, 35, 50, 51, 53, 39, 55, 56, 57, 5, 1] to robotB
[ccr_fake_execution-2] [INFO] [1729088599.467510100] [ccr_fake_execution]: got plan for robotA: [1, 44, 45, 40, 27, 25, 26, 34, 29, 31, 10, 9]
[ccr_fake_execution-2] [INFO] [1729088599.468478465] [ccr_fake_execution]: got plan for robotB: [9, 11, 35, 50, 51, 53, 39, 55, 56, 57, 5, 1]
[ccr_fake_execution-2] [INFO] [1729088600.432667933] [ccr_fake_execution]: robotA: 1 -> 44
[ccr_centralized_planner-3] [INFO] [1729088600.433558883] [ccr_centralized_planner]: Received state 44 from robotA
[ccr_centralized_planner-3] [INFO] [1729088600.434426368] [ccr_centralized_planner]: Received state 9 from robotB
[ccr_centralized_planner-3] [INFO] [1729088600.436720357] [ccr_centralized_planner]: 
[ccr_centralized_planner-3] 
[ccr_centralized_planner-3]  did not replan 
[ccr_centralized_planner-3] 
[ccr_centralized_planner-3] [INFO] [1729088600.437344617] [ccr_centralized_planner]: Sent plan [44, 45, 40, 27, 25, 26, 34, 29, 31, 10, 9] to robotA
[ccr_fake_execution-2] [INFO] [1729088600.437631344] [ccr_fake_execution]: got plan for robotA: [44, 45, 40, 27, 25, 26, 34, 29, 31, 10, 9]
[ccr_centralized_planner-3] [INFO] [1729088600.437914605] [ccr_centralized_planner]: Sent plan [9, 11, 35, 50, 51, 53, 39, 55, 56, 57, 5, 1] to robotB
[ccr_fake_execution-2] [INFO] [1729088600.438510892] [ccr_fake_execution]: got plan for robotB: [9, 11, 35, 50, 51, 53, 39, 55, 56, 57, 5, 1]
[ccr_centralized_planner-3] [INFO] [1729088601.432980212] [ccr_centralized_planner]: Received state 44 from robotA
[ccr_centralized_planner-3] [INFO] [1729088601.433898603] [ccr_centralized_planner]: Received state 9 from robotB
[ccr_centralized_planner-3] [INFO] [1729088601.436751700] [ccr_centralized_planner]: 
[ccr_centralized_planner-3] 
[ccr_centralized_planner-3]  did not replan 
[ccr_centralized_planner-3] 
[ccr_centralized_planner-3] [INFO] [1729088601.437389986] [ccr_centralized_planner]: Sent plan [44, 45, 40, 27, 25, 26, 34, 29, 31, 10, 9] to robotA
[ccr_fake_execution-2] [INFO] [1729088601.437715917] [ccr_fake_execution]: got plan for robotA: [44, 45, 40, 27, 25, 26, 34, 29, 31, 10, 9]
[ccr_centralized_planner-3] [INFO] [1729088601.437967759] [ccr_centralized_planner]: Sent plan [9, 11, 35, 50, 51, 53, 39, 55, 56, 57, 5, 1] to robotB
[ccr_fake_execution-2] [INFO] [1729088601.438618939] [ccr_fake_execution]: got plan for robotB: [9, 11, 35, 50, 51, 53, 39, 55, 56, 57, 5, 1]
[ccr_fake_execution-2] [INFO] [1729088602.432572934] [ccr_fake_execution]: robotA: 44 -> 45
[ccr_fake_execution-2] [INFO] [1729088602.433124358] [ccr_fake_execution]: robotB: 9 -> 11
[ccr_centralized_planner-3] [INFO] [1729088602.433966175] [ccr_centralized_planner]: Received state 45 from robotA
[ccr_centralized_planner-3] [INFO] [1729088602.434590225] [ccr_centralized_planner]: Received state 11 from robotB
[ccr_centralized_planner-3] [INFO] [1729088602.436710307] [ccr_centralized_planner]: 
[ccr_centralized_planner-3] 
[ccr_centralized_planner-3]  did not replan 
[ccr_centralized_planner-3] 
[ccr_centralized_planner-3] [INFO] [1729088602.437339657] [ccr_centralized_planner]: Sent plan [45, 40, 27, 25, 26, 34, 29, 31, 10, 9] to robotA
[ccr_fake_execution-2] [INFO] [1729088602.437586790] [ccr_fake_execution]: got plan for robotA: [45, 40, 27, 25, 26, 34, 29, 31, 10, 9]
[ccr_centralized_planner-3] [INFO] [1729088602.437912440] [ccr_centralized_planner]: Sent plan [11, 35, 50, 51, 53, 39, 55, 56, 57, 5, 1] to robotB
[ccr_fake_execution-2] [INFO] [1729088602.438462311] [ccr_fake_execution]: got plan for robotB: [11, 35, 50, 51, 53, 39, 55, 56, 57, 5, 1]
[ccr_fake_execution-2] [INFO] [1729088603.432548634] [ccr_fake_execution]: robotA: 45 -> 40
[ccr_fake_execution-2] [INFO] [1729088603.433068257] [ccr_fake_execution]: robotB: 11 -> 35
[ccr_centralized_planner-3] [INFO] [1729088603.433925043] [ccr_centralized_planner]: Received state 40 from robotA
[ccr_centralized_planner-3] [INFO] [1729088603.434904498] [ccr_centralized_planner]: Received state 35 from robotB
[ccr_centralized_planner-3] [INFO] [1729088603.436750557] [ccr_centralized_planner]: 
[ccr_centralized_planner-3] 
[ccr_centralized_planner-3]  did not replan 
[ccr_centralized_planner-3] 
[ccr_centralized_planner-3] [INFO] [1729088603.437314514] [ccr_centralized_planner]: Sent plan [40, 27, 25, 26, 34, 29, 31, 10, 9] to robotA
[ccr_fake_execution-2] [INFO] [1729088603.437614847] [ccr_fake_execution]: got plan for robotA: [40, 27, 25, 26, 34, 29, 31, 10, 9]
[ccr_centralized_planner-3] [INFO] [1729088603.437848956] [ccr_centralized_planner]: Sent plan [35, 50, 51, 53, 39, 55, 56, 57, 5, 1] to robotB
[ccr_fake_execution-2] [INFO] [1729088603.438481401] [ccr_fake_execution]: got plan for robotB: [35, 50, 51, 53, 39, 55, 56, 57, 5, 1]
[ccr_centralized_planner-3] [INFO] [1729088604.432792705] [ccr_centralized_planner]: Received state 40 from robotA
[ccr_centralized_planner-3] [INFO] [1729088604.433635895] [ccr_centralized_planner]: Received state 35 from robotB
[ccr_centralized_planner-3] [INFO] [1729088604.436706770] [ccr_centralized_planner]: 
[ccr_centralized_planner-3] 
[ccr_centralized_planner-3]  did not replan 
[ccr_centralized_planner-3] 
[ccr_centralized_planner-3] [INFO] [1729088604.437333996] [ccr_centralized_planner]: Sent plan [40, 27, 25, 26, 34, 29, 31, 10, 9] to robotA
[ccr_fake_execution-2] [INFO] [1729088604.437618869] [ccr_fake_execution]: got plan for robotA: [40, 27, 25, 26, 34, 29, 31, 10, 9]
[ccr_centralized_planner-3] [INFO] [1729088604.437907600] [ccr_centralized_planner]: Sent plan [35, 50, 51, 53, 39, 55, 56, 57, 5, 1] to robotB
[ccr_fake_execution-2] [INFO] [1729088604.438501293] [ccr_fake_execution]: got plan for robotB: [35, 50, 51, 53, 39, 55, 56, 57, 5, 1]
[ccr_fake_execution-2] [INFO] [1729088605.432591533] [ccr_fake_execution]: robotA: 40 -> 27
[ccr_centralized_planner-3] [INFO] [1729088605.433422120] [ccr_centralized_planner]: Received state 27 from robotA
[ccr_centralized_planner-3] [INFO] [1729088605.434329821] [ccr_centralized_planner]: Received state 35 from robotB
[ccr_centralized_planner-3] [INFO] [1729088605.436726352] [ccr_centralized_planner]: 
[ccr_centralized_planner-3] 
[ccr_centralized_planner-3]  replaned due to time difference limit : 2 
[ccr_centralized_planner-3] 
[ccr_centralized_planner-3] [INFO] [1729088605.461615773] [ccr_centralized_planner]: Sent plan [27, 25, 26, 34, 29, 31, 10, 9] to robotA
[ccr_centralized_planner-3] [INFO] [1729088605.461957193] [ccr_centralized_planner]: Sent plan [35, 50, 51, 53, 39, 55, 56, 57, 5, 1] to robotB
[ccr_fake_execution-2] [INFO] [1729088605.462092066] [ccr_fake_execution]: got plan for robotA: [27, 25, 26, 34, 29, 31, 10, 9]
[ccr_fake_execution-2] [INFO] [1729088605.462970121] [ccr_fake_execution]: got plan for robotB: [35, 50, 51, 53, 39, 55, 56, 57, 5, 1]
[ccr_fake_execution-2] [INFO] [1729088606.432543207] [ccr_fake_execution]: robotA: 27 -> 25
[ccr_fake_execution-2] [INFO] [1729088606.433064574] [ccr_fake_execution]: robotB: 35 -> 50
[ccr_centralized_planner-3] [INFO] [1729088606.433854975] [ccr_centralized_planner]: Received state 25 from robotA
[ccr_centralized_planner-3] [INFO] [1729088606.434470980] [ccr_centralized_planner]: Received state 50 from robotB
[ccr_centralized_planner-3] [INFO] [1729088606.436730003] [ccr_centralized_planner]: 
[ccr_centralized_planner-3] 
[ccr_centralized_planner-3]  did not replan 
[ccr_centralized_planner-3] 
[ccr_centralized_planner-3] [INFO] [1729088606.437358721] [ccr_centralized_planner]: Sent plan [25, 26, 34, 29, 31, 10, 9] to robotA
[ccr_fake_execution-2] [INFO] [1729088606.437595856] [ccr_fake_execution]: got plan for robotA: [25, 26, 34, 29, 31, 10, 9]
[ccr_centralized_planner-3] [INFO] [1729088606.438006736] [ccr_centralized_planner]: Sent plan [50, 51, 53, 39, 55, 56, 57, 5, 1] to robotB
[ccr_fake_execution-2] [INFO] [1729088606.438466337] [ccr_fake_execution]: got plan for robotB: [50, 51, 53, 39, 55, 56, 57, 5, 1]
[ccr_centralized_planner-3] [INFO] [1729088607.432890793] [ccr_centralized_planner]: Received state 25 from robotA
[ccr_centralized_planner-3] [INFO] [1729088607.433605753] [ccr_centralized_planner]: Received state 50 from robotB
[ccr_centralized_planner-3] [INFO] [1729088607.436732913] [ccr_centralized_planner]: 
[ccr_centralized_planner-3] 
[ccr_centralized_planner-3]  did not replan 
[ccr_centralized_planner-3] 
[ccr_centralized_planner-3] [INFO] [1729088607.437423497] [ccr_centralized_planner]: Sent plan [25, 26, 34, 29, 31, 10, 9] to robotA
[ccr_fake_execution-2] [INFO] [1729088607.437634492] [ccr_fake_execution]: got plan for robotA: [25, 26, 34, 29, 31, 10, 9]
[ccr_centralized_planner-3] [INFO] [1729088607.438109342] [ccr_centralized_planner]: Sent plan [50, 51, 53, 39, 55, 56, 57, 5, 1] to robotB
[ccr_fake_execution-2] [INFO] [1729088607.438517467] [ccr_fake_execution]: got plan for robotB: [50, 51, 53, 39, 55, 56, 57, 5, 1]
[ccr_fake_execution-2] [INFO] [1729088608.432500806] [ccr_fake_execution]: robotA: 25 -> 26
[ccr_fake_execution-2] [INFO] [1729088608.433073189] [ccr_fake_execution]: robotB: 50 -> 51
[ccr_centralized_planner-3] [INFO] [1729088608.433962776] [ccr_centralized_planner]: Received state 26 from robotA
[ccr_centralized_planner-3] [INFO] [1729088608.435252593] [ccr_centralized_planner]: Received state 51 from robotB
[ccr_centralized_planner-3] [INFO] [1729088608.436723510] [ccr_centralized_planner]: 
[ccr_centralized_planner-3] 
[ccr_centralized_planner-3]  did not replan 
[ccr_centralized_planner-3] 
[ccr_centralized_planner-3] [INFO] [1729088608.437351206] [ccr_centralized_planner]: Sent plan [26, 34, 29, 31, 10, 9] to robotA
[ccr_fake_execution-2] [INFO] [1729088608.437572080] [ccr_fake_execution]: got plan for robotA: [26, 34, 29, 31, 10, 9]
[ccr_centralized_planner-3] [INFO] [1729088608.437926604] [ccr_centralized_planner]: Sent plan [51, 53, 39, 55, 56, 57, 5, 1] to robotB
[ccr_fake_execution-2] [INFO] [1729088608.438428865] [ccr_fake_execution]: got plan for robotB: [51, 53, 39, 55, 56, 57, 5, 1]
[ccr_fake_execution-2] [INFO] [1729088609.432450126] [ccr_fake_execution]: robotA: 26 -> 34
[ccr_centralized_planner-3] [INFO] [1729088609.433341847] [ccr_centralized_planner]: Received state 34 from robotA
[ccr_centralized_planner-3] [INFO] [1729088609.434032781] [ccr_centralized_planner]: Received state 51 from robotB
[ccr_centralized_planner-3] [INFO] [1729088609.436729455] [ccr_centralized_planner]: 
[ccr_centralized_planner-3] 
[ccr_centralized_planner-3]  did not replan 
[ccr_centralized_planner-3] 
[ccr_centralized_planner-3] [INFO] [1729088609.437432292] [ccr_centralized_planner]: Sent plan [34, 29, 31, 10, 9] to robotA
[ccr_fake_execution-2] [INFO] [1729088609.437564069] [ccr_fake_execution]: got plan for robotA: [34, 29, 31, 10, 9]
[ccr_centralized_planner-3] [INFO] [1729088609.438112567] [ccr_centralized_planner]: Sent plan [51, 53, 39, 55, 56, 57, 5, 1] to robotB
[ccr_fake_execution-2] [INFO] [1729088609.438426846] [ccr_fake_execution]: got plan for robotB: [51, 53, 39, 55, 56, 57, 5, 1]
[ccr_fake_execution-2] [INFO] [1729088610.432466191] [ccr_fake_execution]: robotA: 34 -> 29
[ccr_centralized_planner-3] [INFO] [1729088610.433291457] [ccr_centralized_planner]: Received state 29 from robotA
[ccr_centralized_planner-3] [INFO] [1729088610.433959840] [ccr_centralized_planner]: Received state 51 from robotB
[ccr_centralized_planner-3] [INFO] [1729088610.436718880] [ccr_centralized_planner]: 
[ccr_centralized_planner-3] 
[ccr_centralized_planner-3]  replaned due to time difference limit : 2 
[ccr_centralized_planner-3] 
[ccr_centralized_planner-3] [INFO] [1729088610.457720286] [ccr_centralized_planner]: Sent plan [29, 31, 10, 9] to robotA
[ccr_centralized_planner-3] [INFO] [1729088610.458051226] [ccr_centralized_planner]: Sent plan [51, 53, 39, 55, 56, 57, 5, 1] to robotB
[ccr_fake_execution-2] [INFO] [1729088610.458158297] [ccr_fake_execution]: got plan for robotA: [29, 31, 10, 9]
[ccr_fake_execution-2] [INFO] [1729088610.459046401] [ccr_fake_execution]: got plan for robotB: [51, 53, 39, 55, 56, 57, 5, 1]
[ccr_fake_execution-2] [INFO] [1729088611.432485552] [ccr_fake_execution]: robotB: 51 -> 53
[ccr_centralized_planner-3] [INFO] [1729088611.433288487] [ccr_centralized_planner]: Received state 29 from robotA
[ccr_centralized_planner-3] [INFO] [1729088611.434212217] [ccr_centralized_planner]: Received state 53 from robotB
[ccr_centralized_planner-3] [INFO] [1729088611.436718253] [ccr_centralized_planner]: 
[ccr_centralized_planner-3] 
[ccr_centralized_planner-3]  did not replan 
[ccr_centralized_planner-3] 
[ccr_centralized_planner-3] [INFO] [1729088611.437368632] [ccr_centralized_planner]: Sent plan [29, 31, 10, 9] to robotA
[ccr_fake_execution-2] [INFO] [1729088611.437666570] [ccr_fake_execution]: got plan for robotA: [29, 31, 10, 9]
[ccr_centralized_planner-3] [INFO] [1729088611.437962365] [ccr_centralized_planner]: Sent plan [53, 39, 55, 56, 57, 5, 1] to robotB
[ccr_fake_execution-2] [INFO] [1729088611.438671524] [ccr_fake_execution]: got plan for robotB: [53, 39, 55, 56, 57, 5, 1]
[ccr_fake_execution-2] [INFO] [1729088612.432526333] [ccr_fake_execution]: robotB: 53 -> 39
[ccr_centralized_planner-3] [INFO] [1729088612.433316183] [ccr_centralized_planner]: Received state 29 from robotA
[ccr_centralized_planner-3] [INFO] [1729088612.434157850] [ccr_centralized_planner]: Received state 39 from robotB
[ccr_centralized_planner-3] [INFO] [1729088612.436711656] [ccr_centralized_planner]: 
[ccr_centralized_planner-3] 
[ccr_centralized_planner-3]  replaned due to time difference limit : 2 
[ccr_centralized_planner-3] 
[ccr_centralized_planner-3] [INFO] [1729088612.456898205] [ccr_centralized_planner]: Sent plan [29, 31, 10, 9] to robotA
[ccr_centralized_planner-3] [INFO] [1729088612.457210300] [ccr_centralized_planner]: Sent plan [39, 55, 56, 57, 5, 1] to robotB
[ccr_fake_execution-2] [INFO] [1729088612.457471980] [ccr_fake_execution]: got plan for robotA: [29, 31, 10, 9]
[ccr_fake_execution-2] [INFO] [1729088612.458589224] [ccr_fake_execution]: got plan for robotB: [39, 55, 56, 57, 5, 1]
[ccr_fake_execution-2] [INFO] [1729088613.432516559] [ccr_fake_execution]: robotB: 39 -> 55
[ccr_centralized_planner-3] [INFO] [1729088613.433352356] [ccr_centralized_planner]: Received state 29 from robotA
[ccr_centralized_planner-3] [INFO] [1729088613.434187741] [ccr_centralized_planner]: Received state 55 from robotB
[ccr_centralized_planner-3] [INFO] [1729088613.436710759] [ccr_centralized_planner]: 
[ccr_centralized_planner-3] 
[ccr_centralized_planner-3]  did not replan 
[ccr_centralized_planner-3] 
[ccr_centralized_planner-3] [INFO] [1729088613.437337183] [ccr_centralized_planner]: Sent plan [29, 31, 10, 9] to robotA
[ccr_fake_execution-2] [INFO] [1729088613.437538831] [ccr_fake_execution]: got plan for robotA: [29, 31, 10, 9]
[ccr_centralized_planner-3] [INFO] [1729088613.437908033] [ccr_centralized_planner]: Sent plan [55, 56, 57, 5, 1] to robotB
[ccr_fake_execution-2] [INFO] [1729088613.438395957] [ccr_fake_execution]: got plan for robotB: [55, 56, 57, 5, 1]
[ccr_fake_execution-2] [INFO] [1729088614.432466390] [ccr_fake_execution]: robotB: 55 -> 56
[ccr_centralized_planner-3] [INFO] [1729088614.433342762] [ccr_centralized_planner]: Received state 29 from robotA
[ccr_centralized_planner-3] [INFO] [1729088614.433963485] [ccr_centralized_planner]: Received state 56 from robotB
[ccr_centralized_planner-3] [INFO] [1729088614.436778530] [ccr_centralized_planner]: 
[ccr_centralized_planner-3] 
[ccr_centralized_planner-3]  replaned due to time difference limit : 2 
[ccr_centralized_planner-3] 
[ccr_centralized_planner-3] [INFO] [1729088614.456554520] [ccr_centralized_planner]: Sent plan [29, 31, 10, 9] to robotA
[ccr_centralized_planner-3] [INFO] [1729088614.456907762] [ccr_centralized_planner]: Sent plan [56, 57, 5, 1] to robotB
[ccr_fake_execution-2] [INFO] [1729088614.457027246] [ccr_fake_execution]: got plan for robotA: [29, 31, 10, 9]
[ccr_fake_execution-2] [INFO] [1729088614.457890524] [ccr_fake_execution]: got plan for robotB: [56, 57, 5, 1]
[ccr_fake_execution-2] [INFO] [1729088615.432487775] [ccr_fake_execution]: robotB: 56 -> 57
[ccr_centralized_planner-3] [INFO] [1729088615.433598206] [ccr_centralized_planner]: Received state 29 from robotA
[ccr_centralized_planner-3] [INFO] [1729088615.434223558] [ccr_centralized_planner]: Received state 57 from robotB
[ccr_centralized_planner-3] [INFO] [1729088615.436712261] [ccr_centralized_planner]: 
[ccr_centralized_planner-3] 
[ccr_centralized_planner-3]  did not replan 
[ccr_centralized_planner-3] 
[ccr_centralized_planner-3] [INFO] [1729088615.437307687] [ccr_centralized_planner]: Sent plan [29, 31, 10, 9] to robotA
[ccr_fake_execution-2] [INFO] [1729088615.437570710] [ccr_fake_execution]: got plan for robotA: [29, 31, 10, 9]
[ccr_centralized_planner-3] [INFO] [1729088615.437871754] [ccr_centralized_planner]: Sent plan [57, 5, 1] to robotB
[ccr_fake_execution-2] [INFO] [1729088615.438456740] [ccr_fake_execution]: got plan for robotB: [57, 5, 1]
[ccr_fake_execution-2] [INFO] [1729088616.432443547] [ccr_fake_execution]: robotA: 29 -> 31
[ccr_centralized_planner-3] [INFO] [1729088616.433309319] [ccr_centralized_planner]: Received state 31 from robotA
[ccr_centralized_planner-3] [INFO] [1729088616.433936004] [ccr_centralized_planner]: Received state 57 from robotB
[ccr_centralized_planner-3] [INFO] [1729088616.436773772] [ccr_centralized_planner]: 
[ccr_centralized_planner-3] 
[ccr_centralized_planner-3]  did not replan 
[ccr_centralized_planner-3] 
[ccr_centralized_planner-3] [INFO] [1729088616.437418750] [ccr_centralized_planner]: Sent plan [31, 10, 9] to robotA
[ccr_fake_execution-2] [INFO] [1729088616.437653350] [ccr_fake_execution]: got plan for robotA: [31, 10, 9]
[ccr_centralized_planner-3] [INFO] [1729088616.438003516] [ccr_centralized_planner]: Sent plan [57, 5, 1] to robotB
[ccr_fake_execution-2] [INFO] [1729088616.438624380] [ccr_fake_execution]: got plan for robotB: [57, 5, 1]
[ccr_fake_execution-2] [INFO] [1729088617.432528611] [ccr_fake_execution]: robotA: 31 -> 10
[ccr_fake_execution-2] [INFO] [1729088617.433061850] [ccr_fake_execution]: robotB: 57 -> 5
[ccr_centralized_planner-3] [INFO] [1729088617.433840178] [ccr_centralized_planner]: Received state 10 from robotA
[ccr_centralized_planner-3] [INFO] [1729088617.434673811] [ccr_centralized_planner]: Received state 5 from robotB
[ccr_centralized_planner-3] [INFO] [1729088617.436772123] [ccr_centralized_planner]: 
[ccr_centralized_planner-3] 
[ccr_centralized_planner-3]  did not replan 
[ccr_centralized_planner-3] 
[ccr_centralized_planner-3] [INFO] [1729088617.437410439] [ccr_centralized_planner]: Sent plan [10, 9] to robotA
[ccr_fake_execution-2] [INFO] [1729088617.437676668] [ccr_fake_execution]: got plan for robotA: [10, 9]
[ccr_centralized_planner-3] [INFO] [1729088617.438004572] [ccr_centralized_planner]: Sent plan [5, 1] to robotB
[ccr_fake_execution-2] [INFO] [1729088617.438641125] [ccr_fake_execution]: got plan for robotB: [5, 1]
[ccr_fake_execution-2] [INFO] [1729088618.432482308] [ccr_fake_execution]: robotA: 10 -> 9
[ccr_fake_execution-2] [INFO] [1729088618.432996021] [ccr_fake_execution]: robotB: 5 -> 1
[ccr_centralized_planner-3] [INFO] [1729088618.434062169] [ccr_centralized_planner]: Received state 9 from robotA
[ccr_goal_provider-1] [INFO] [1729088618.434148641] [ccr_goal_provider]: [32mgoal completed:[0m robotA reached goal 9, going to goal 1 within state 1
[ccr_centralized_planner-3] [INFO] [1729088618.435011027] [ccr_centralized_planner]: Received state 1 from robotB
[ccr_goal_provider-1] [INFO] [1729088618.435124499] [ccr_goal_provider]: [32mgoal completed:[0m robotB reached goal 1, going to goal 1 within state 9
[ccr_centralized_planner-3] [INFO] [1729088618.436746529] [ccr_centralized_planner]: 
[ccr_centralized_planner-3] 
[ccr_centralized_planner-3]  did not replan 
[ccr_centralized_planner-3] 
[ccr_centralized_planner-3] [INFO] [1729088618.437369006] [ccr_centralized_planner]: Sent plan [9] to robotA
[ccr_fake_execution-2] [INFO] [1729088618.437537441] [ccr_fake_execution]: got plan for robotA: [9]
[ccr_centralized_planner-3] [INFO] [1729088618.437954733] [ccr_centralized_planner]: Sent plan [1] to robotB
[ccr_fake_execution-2] [INFO] [1729088618.438424524] [ccr_fake_execution]: got plan for robotB: [1]
[ccr_centralized_planner-3] [INFO] [1729088618.523316317] [ccr_centralized_planner]: Received goal 1 from robotA
[ccr_centralized_planner-3] [INFO] [1729088618.524145550] [ccr_centralized_planner]: Received goal 9 from robotB
[ccr_centralized_planner-3] [INFO] [1729088619.432790300] [ccr_centralized_planner]: Received state 9 from robotA
[ccr_centralized_planner-3] [INFO] [1729088619.433439838] [ccr_centralized_planner]: Received state 1 from robotB
[ccr_centralized_planner-3] [INFO] [1729088619.436724002] [ccr_centralized_planner]: 
[ccr_centralized_planner-3] 
[ccr_centralized_planner-3]  replaned due to new goal
[ccr_centralized_planner-3] 
[ccr_centralized_planner-3] [INFO] [1729088619.465761847] [ccr_centralized_planner]: Sent plan [9, 11, 35, 50, 51, 53, 39, 55, 56, 57, 5, 1] to robotA
[ccr_centralized_planner-3] [INFO] [1729088619.466099560] [ccr_centralized_planner]: Sent plan [1, 44, 45, 40, 27, 25, 26, 34, 29, 31, 10, 9] to robotB
[ccr_fake_execution-2] [INFO] [1729088619.466191943] [ccr_fake_execution]: got plan for robotA: [9, 11, 35, 50, 51, 53, 39, 55, 56, 57, 5, 1]
[ccr_fake_execution-2] [INFO] [1729088619.467046895] [ccr_fake_execution]: got plan for robotB: [1, 44, 45, 40, 27, 25, 26, 34, 29, 31, 10, 9]
[ccr_fake_execution-2] [INFO] [1729088620.432501062] [ccr_fake_execution]: robotB: 1 -> 44
[ccr_centralized_planner-3] [INFO] [1729088620.433320358] [ccr_centralized_planner]: Received state 9 from robotA
[ccr_centralized_planner-3] [INFO] [1729088620.434195748] [ccr_centralized_planner]: Received state 44 from robotB
[ccr_centralized_planner-3] [INFO] [1729088620.436722523] [ccr_centralized_planner]: 
[ccr_centralized_planner-3] 
[ccr_centralized_planner-3]  did not replan 
[ccr_centralized_planner-3] 
[ccr_centralized_planner-3] [INFO] [1729088620.437376198] [ccr_centralized_planner]: Sent plan [9, 11, 35, 50, 51, 53, 39, 55, 56, 57, 5, 1] to robotA
[ccr_fake_execution-2] [INFO] [1729088620.437579800] [ccr_fake_execution]: got plan for robotA: [9, 11, 35, 50, 51, 53, 39, 55, 56, 57, 5, 1]
[ccr_centralized_planner-3] [INFO] [1729088620.437979699] [ccr_centralized_planner]: Sent plan [44, 45, 40, 27, 25, 26, 34, 29, 31, 10, 9] to robotB
[ccr_fake_execution-2] [INFO] [1729088620.438458887] [ccr_fake_execution]: got plan for robotB: [44, 45, 40, 27, 25, 26, 34, 29, 31, 10, 9]
[ccr_fake_execution-2] [INFO] [1729088621.432477063] [ccr_fake_execution]: robotA: 9 -> 11
[ccr_fake_execution-2] [INFO] [1729088621.433023096] [ccr_fake_execution]: robotB: 44 -> 45
[ccr_centralized_planner-3] [INFO] [1729088621.434032748] [ccr_centralized_planner]: Received state 11 from robotA
[ccr_centralized_planner-3] [INFO] [1729088621.434966347] [ccr_centralized_planner]: Received state 45 from robotB
[ccr_centralized_planner-3] [INFO] [1729088621.436726656] [ccr_centralized_planner]: 
[ccr_centralized_planner-3] 
[ccr_centralized_planner-3]  did not replan 
[ccr_centralized_planner-3] 
[ccr_centralized_planner-3] [INFO] [1729088621.437623156] [ccr_centralized_planner]: Sent plan [11, 35, 50, 51, 53, 39, 55, 56, 57, 5, 1] to robotA
[ccr_fake_execution-2] [INFO] [1729088621.437905886] [ccr_fake_execution]: got plan for robotA: [11, 35, 50, 51, 53, 39, 55, 56, 57, 5, 1]
[ccr_centralized_planner-3] [INFO] [1729088621.438642096] [ccr_centralized_planner]: Sent plan [45, 40, 27, 25, 26, 34, 29, 31, 10, 9] to robotB
[ccr_fake_execution-2] [INFO] [1729088621.439232993] [ccr_fake_execution]: got plan for robotB: [45, 40, 27, 25, 26, 34, 29, 31, 10, 9]
[ccr_fake_execution-2] [INFO] [1729088622.432517743] [ccr_fake_execution]: robotA: 11 -> 35
[ccr_fake_execution-2] [INFO] [1729088622.433059098] [ccr_fake_execution]: robotB: 45 -> 40
[ccr_centralized_planner-3] [INFO] [1729088622.433935540] [ccr_centralized_planner]: Received state 35 from robotA
[ccr_centralized_planner-3] [INFO] [1729088622.434907561] [ccr_centralized_planner]: Received state 40 from robotB
[ccr_centralized_planner-3] [INFO] [1729088622.436741128] [ccr_centralized_planner]: 
[ccr_centralized_planner-3] 
[ccr_centralized_planner-3]  did not replan 
[ccr_centralized_planner-3] 
[ccr_centralized_planner-3] [INFO] [1729088622.437439967] [ccr_centralized_planner]: Sent plan [35, 50, 51, 53, 39, 55, 56, 57, 5, 1] to robotA
[ccr_fake_execution-2] [INFO] [1729088622.437577785] [ccr_fake_execution]: got plan for robotA: [35, 50, 51, 53, 39, 55, 56, 57, 5, 1]
[ccr_centralized_planner-3] [INFO] [1729088622.438112988] [ccr_centralized_planner]: Sent plan [40, 27, 25, 26, 34, 29, 31, 10, 9] to robotB
[ccr_fake_execution-2] [INFO] [1729088622.438412740] [ccr_fake_execution]: got plan for robotB: [40, 27, 25, 26, 34, 29, 31, 10, 9]
[ccr_fake_execution-2] [INFO] [1729088623.432485798] [ccr_fake_execution]: robotB: 40 -> 27
[ccr_centralized_planner-3] [INFO] [1729088623.433333537] [ccr_centralized_planner]: Received state 35 from robotA
[ccr_centralized_planner-3] [INFO] [1729088623.434178230] [ccr_centralized_planner]: Received state 27 from robotB
[ccr_centralized_planner-3] [INFO] [1729088623.436742255] [ccr_centralized_planner]: 
[ccr_centralized_planner-3] 
[ccr_centralized_planner-3]  replaned due to time difference limit : 2 
[ccr_centralized_planner-3] 
[ccr_centralized_planner-3] [INFO] [1729088623.464761081] [ccr_centralized_planner]: Sent plan [35, 50, 51, 53, 39, 55, 56, 57, 5, 1] to robotA
[ccr_fake_execution-2] [INFO] [1729088623.465152254] [ccr_fake_execution]: got plan for robotA: [35, 50, 51, 53, 39, 55, 56, 57, 5, 1]
[ccr_centralized_planner-3] [INFO] [1729088623.465168765] [ccr_centralized_planner]: Sent plan [27, 25, 26, 34, 29, 31, 10, 9] to robotB
[ccr_fake_execution-2] [INFO] [1729088623.465991727] [ccr_fake_execution]: got plan for robotB: [27, 25, 26, 34, 29, 31, 10, 9]
[ccr_centralized_planner-3] [INFO] [1729088624.432893147] [ccr_centralized_planner]: Received state 35 from robotA
[ccr_centralized_planner-3] [INFO] [1729088624.433617895] [ccr_centralized_planner]: Received state 27 from robotB
[ccr_centralized_planner-3] [INFO] [1729088624.436775572] [ccr_centralized_planner]: 
[ccr_centralized_planner-3] 
[ccr_centralized_planner-3]  did not replan 
[ccr_centralized_planner-3] 
[ccr_centralized_planner-3] [INFO] [1729088624.437477117] [ccr_centralized_planner]: Sent plan [35, 50, 51, 53, 39, 55, 56, 57, 5, 1] to robotA
[ccr_fake_execution-2] [INFO] [1729088624.437623040] [ccr_fake_execution]: got plan for robotA: [35, 50, 51, 53, 39, 55, 56, 57, 5, 1]
[ccr_centralized_planner-3] [INFO] [1729088624.438201524] [ccr_centralized_planner]: Sent plan [27, 25, 26, 34, 29, 31, 10, 9] to robotB
[ccr_fake_execution-2] [INFO] [1729088624.438463455] [ccr_fake_execution]: got plan for robotB: [27, 25, 26, 34, 29, 31, 10, 9]
[ccr_fake_execution-2] [INFO] [1729088625.432581286] [ccr_fake_execution]: robotB: 27 -> 25
[ccr_centralized_planner-3] [INFO] [1729088625.433486773] [ccr_centralized_planner]: Received state 35 from robotA
[ccr_centralized_planner-3] [INFO] [1729088625.434489633] [ccr_centralized_planner]: Received state 25 from robotB
[ccr_centralized_planner-3] [INFO] [1729088625.436744648] [ccr_centralized_planner]: 
[ccr_centralized_planner-3] 
[ccr_centralized_planner-3]  did not replan 
[ccr_centralized_planner-3] 
[ccr_centralized_planner-3] [INFO] [1729088625.437412400] [ccr_centralized_planner]: Sent plan [35, 50, 51, 53, 39, 55, 56, 57, 5, 1] to robotA
[ccr_fake_execution-2] [INFO] [1729088625.437594190] [ccr_fake_execution]: got plan for robotA: [35, 50, 51, 53, 39, 55, 56, 57, 5, 1]
[ccr_centralized_planner-3] [INFO] [1729088625.437959275] [ccr_centralized_planner]: Sent plan [25, 26, 34, 29, 31, 10, 9] to robotB
[ccr_fake_execution-2] [INFO] [1729088625.438505538] [ccr_fake_execution]: got plan for robotB: [25, 26, 34, 29, 31, 10, 9]
[ccr_fake_execution-2] [INFO] [1729088626.432493747] [ccr_fake_execution]: robotA: 35 -> 50
[ccr_centralized_planner-3] [INFO] [1729088626.433433729] [ccr_centralized_planner]: Received state 50 from robotA
[ccr_centralized_planner-3] [INFO] [1729088626.434464651] [ccr_centralized_planner]: Received state 25 from robotB
[ccr_centralized_planner-3] [INFO] [1729088626.436800819] [ccr_centralized_planner]: 
[ccr_centralized_planner-3] 
[ccr_centralized_planner-3]  did not replan 
[ccr_centralized_planner-3] 
[ccr_centralized_planner-3] [INFO] [1729088626.437530586] [ccr_centralized_planner]: Sent plan [50, 51, 53, 39, 55, 56, 57, 5, 1] to robotA
[ccr_fake_execution-2] [INFO] [1729088626.437676099] [ccr_fake_execution]: got plan for robotA: [50, 51, 53, 39, 55, 56, 57, 5, 1]
[ccr_centralized_planner-3] [INFO] [1729088626.438286152] [ccr_centralized_planner]: Sent plan [25, 26, 34, 29, 31, 10, 9] to robotB
[ccr_fake_execution-2] [INFO] [1729088626.438516564] [ccr_fake_execution]: got plan for robotB: [25, 26, 34, 29, 31, 10, 9]
[ccr_fake_execution-2] [INFO] [1729088627.432478394] [ccr_fake_execution]: robotB: 25 -> 26
[ccr_centralized_planner-3] [INFO] [1729088627.433322566] [ccr_centralized_planner]: Received state 50 from robotA
[ccr_centralized_planner-3] [INFO] [1729088627.434420383] [ccr_centralized_planner]: Received state 26 from robotB
[ccr_centralized_planner-3] [INFO] [1729088627.436771058] [ccr_centralized_planner]: 
[ccr_centralized_planner-3] 
[ccr_centralized_planner-3]  did not replan 
[ccr_centralized_planner-3] 
[ccr_centralized_planner-3] [INFO] [1729088627.437424783] [ccr_centralized_planner]: Sent plan [50, 51, 53, 39, 55, 56, 57, 5, 1] to robotA
[ccr_fake_execution-2] [INFO] [1729088627.437607405] [ccr_fake_execution]: got plan for robotA: [50, 51, 53, 39, 55, 56, 57, 5, 1]
[ccr_centralized_planner-3] [INFO] [1729088627.438013466] [ccr_centralized_planner]: Sent plan [26, 34, 29, 31, 10, 9] to robotB
[ccr_fake_execution-2] [INFO] [1729088627.438482485] [ccr_fake_execution]: got plan for robotB: [26, 34, 29, 31, 10, 9]
[ccr_fake_execution-2] [INFO] [1729088628.432510989] [ccr_fake_execution]: robotA: 50 -> 51
[ccr_centralized_planner-3] [INFO] [1729088628.433379326] [ccr_centralized_planner]: Received state 51 from robotA
[ccr_centralized_planner-3] [INFO] [1729088628.434295583] [ccr_centralized_planner]: Received state 26 from robotB
[ccr_centralized_planner-3] [INFO] [1729088628.436789497] [ccr_centralized_planner]: 
[ccr_centralized_planner-3] 
[ccr_centralized_planner-3]  did not replan 
[ccr_centralized_planner-3] 
[ccr_centralized_planner-3] [INFO] [1729088628.437431770] [ccr_centralized_planner]: Sent plan [51, 53, 39, 55, 56, 57, 5, 1] to robotA
[ccr_fake_execution-2] [INFO] [1729088628.437645832] [ccr_fake_execution]: got plan for robotA: [51, 53, 39, 55, 56, 57, 5, 1]
[ccr_centralized_planner-3] [INFO] [1729088628.438014132] [ccr_centralized_planner]: Sent plan [26, 34, 29, 31, 10, 9] to robotB
[ccr_fake_execution-2] [INFO] [1729088628.438491406] [ccr_fake_execution]: got plan for robotB: [26, 34, 29, 31, 10, 9]
[ccr_fake_execution-2] [INFO] [1729088629.432568802] [ccr_fake_execution]: robotA: 51 -> 53
[ccr_fake_execution-2] [INFO] [1729088629.433088576] [ccr_fake_execution]: robotB: 26 -> 34
[ccr_centralized_planner-3] [INFO] [1729088629.433887684] [ccr_centralized_planner]: Received state 53 from robotA
[ccr_centralized_planner-3] [INFO] [1729088629.434792690] [ccr_centralized_planner]: Received state 34 from robotB
[ccr_centralized_planner-3] [INFO] [1729088629.436724981] [ccr_centralized_planner]: 
[ccr_centralized_planner-3] 
[ccr_centralized_planner-3]  did not replan 
[ccr_centralized_planner-3] 
[ccr_centralized_planner-3] [INFO] [1729088629.437369569] [ccr_centralized_planner]: Sent plan [53, 39, 55, 56, 57, 5, 1] to robotA
[ccr_fake_execution-2] [INFO] [1729088629.437583329] [ccr_fake_execution]: got plan for robotA: [53, 39, 55, 56, 57, 5, 1]
[ccr_centralized_planner-3] [INFO] [1729088629.437957160] [ccr_centralized_planner]: Sent plan [34, 29, 31, 10, 9] to robotB
[ccr_fake_execution-2] [INFO] [1729088629.438471414] [ccr_fake_execution]: got plan for robotB: [34, 29, 31, 10, 9]
[ccr_fake_execution-2] [INFO] [1729088630.432486483] [ccr_fake_execution]: robotA: 53 -> 39
[ccr_centralized_planner-3] [INFO] [1729088630.433364178] [ccr_centralized_planner]: Received state 39 from robotA
[ccr_centralized_planner-3] [INFO] [1729088630.433985903] [ccr_centralized_planner]: Received state 34 from robotB
[ccr_centralized_planner-3] [INFO] [1729088630.436782253] [ccr_centralized_planner]: 
[ccr_centralized_planner-3] 
[ccr_centralized_planner-3]  did not replan 
[ccr_centralized_planner-3] 
[ccr_centralized_planner-3] [INFO] [1729088630.437433904] [ccr_centralized_planner]: Sent plan [39, 55, 56, 57, 5, 1] to robotA
[ccr_fake_execution-2] [INFO] [1729088630.437611827] [ccr_fake_execution]: got plan for robotA: [39, 55, 56, 57, 5, 1]
[ccr_centralized_planner-3] [INFO] [1729088630.438043917] [ccr_centralized_planner]: Sent plan [34, 29, 31, 10, 9] to robotB
[ccr_fake_execution-2] [INFO] [1729088630.438480475] [ccr_fake_execution]: got plan for robotB: [34, 29, 31, 10, 9]
[ccr_centralized_planner-3] [INFO] [1729088631.432984741] [ccr_centralized_planner]: Received state 39 from robotA
[ccr_centralized_planner-3] [INFO] [1729088631.433735057] [ccr_centralized_planner]: Received state 34 from robotB
[ccr_centralized_planner-3] [INFO] [1729088631.436802085] [ccr_centralized_planner]: 
[ccr_centralized_planner-3] 
[ccr_centralized_planner-3]  did not replan 
[ccr_centralized_planner-3] 
[ccr_centralized_planner-3] [INFO] [1729088631.437639013] [ccr_centralized_planner]: Sent plan [39, 55, 56, 57, 5, 1] to robotA
[ccr_fake_execution-2] [INFO] [1729088631.438145813] [ccr_fake_execution]: got plan for robotA: [39, 55, 56, 57, 5, 1]
[ccr_centralized_planner-3] [INFO] [1729088631.438423674] [ccr_centralized_planner]: Sent plan [34, 29, 31, 10, 9] to robotB
[ccr_fake_execution-2] [INFO] [1729088631.439173168] [ccr_fake_execution]: got plan for robotB: [34, 29, 31, 10, 9]
[ccr_centralized_planner-3] [INFO] [1729088632.432919013] [ccr_centralized_planner]: Received state 39 from robotA
[ccr_centralized_planner-3] [INFO] [1729088632.433794484] [ccr_centralized_planner]: Received state 34 from robotB
[ccr_centralized_planner-3] [INFO] [1729088632.436728993] [ccr_centralized_planner]: 
[ccr_centralized_planner-3] 
[ccr_centralized_planner-3]  did not replan 
[ccr_centralized_planner-3] 
[ccr_centralized_planner-3] [INFO] [1729088632.437365466] [ccr_centralized_planner]: Sent plan [39, 55, 56, 57, 5, 1] to robotA
[ccr_fake_execution-2] [INFO] [1729088632.437695584] [ccr_fake_execution]: got plan for robotA: [39, 55, 56, 57, 5, 1]
[ccr_centralized_planner-3] [INFO] [1729088632.437970559] [ccr_centralized_planner]: Sent plan [34, 29, 31, 10, 9] to robotB
[ccr_fake_execution-2] [INFO] [1729088632.438665141] [ccr_fake_execution]: got plan for robotB: [34, 29, 31, 10, 9]
[ccr_fake_execution-2] [INFO] [1729088633.432779796] [ccr_fake_execution]: robotB: 34 -> 29
[ccr_centralized_planner-3] [INFO] [1729088633.433708316] [ccr_centralized_planner]: Received state 39 from robotA
[ccr_centralized_planner-3] [INFO] [1729088633.434388371] [ccr_centralized_planner]: Received state 29 from robotB
[ccr_centralized_planner-3] [INFO] [1729088633.436727965] [ccr_centralized_planner]: 
[ccr_centralized_planner-3] 
[ccr_centralized_planner-3]  did not replan 
[ccr_centralized_planner-3] 
[ccr_centralized_planner-3] [INFO] [1729088633.437375058] [ccr_centralized_planner]: Sent plan [39, 55, 56, 57, 5, 1] to robotA
[ccr_fake_execution-2] [INFO] [1729088633.437726717] [ccr_fake_execution]: got plan for robotA: [39, 55, 56, 57, 5, 1]
[ccr_centralized_planner-3] [INFO] [1729088633.437962479] [ccr_centralized_planner]: Sent plan [29, 31, 10, 9] to robotB
[ccr_fake_execution-2] [INFO] [1729088633.438751978] [ccr_fake_execution]: got plan for robotB: [29, 31, 10, 9]
[ccr_fake_execution-2] [INFO] [1729088634.432627706] [ccr_fake_execution]: robotA: 39 -> 55
[ccr_fake_execution-2] [INFO] [1729088634.433172026] [ccr_fake_execution]: robotB: 29 -> 31
[ccr_centralized_planner-3] [INFO] [1729088634.434117608] [ccr_centralized_planner]: Received state 55 from robotA
[ccr_centralized_planner-3] [INFO] [1729088634.434741758] [ccr_centralized_planner]: Received state 31 from robotB
[ccr_centralized_planner-3] [INFO] [1729088634.436722169] [ccr_centralized_planner]: 
[ccr_centralized_planner-3] 
[ccr_centralized_planner-3]  did not replan 
[ccr_centralized_planner-3] 
[ccr_centralized_planner-3] [INFO] [1729088634.437360455] [ccr_centralized_planner]: Sent plan [55, 56, 57, 5, 1] to robotA
[ccr_fake_execution-2] [INFO] [1729088634.437579646] [ccr_fake_execution]: got plan for robotA: [55, 56, 57, 5, 1]
[ccr_centralized_planner-3] [INFO] [1729088634.437955350] [ccr_centralized_planner]: Sent plan [31, 10, 9] to robotB
[ccr_fake_execution-2] [INFO] [1729088634.438494150] [ccr_fake_execution]: got plan for robotB: [31, 10, 9]
[ccr_centralized_planner-3] [INFO] [1729088635.432846451] [ccr_centralized_planner]: Received state 55 from robotA
[ccr_centralized_planner-3] [INFO] [1729088635.433464450] [ccr_centralized_planner]: Received state 31 from robotB
[ccr_centralized_planner-3] [INFO] [1729088635.436815149] [ccr_centralized_planner]: 
[ccr_centralized_planner-3] 
[ccr_centralized_planner-3]  did not replan 
[ccr_centralized_planner-3] 
[ccr_centralized_planner-3] [INFO] [1729088635.437486076] [ccr_centralized_planner]: Sent plan [55, 56, 57, 5, 1] to robotA
[ccr_fake_execution-2] [INFO] [1729088635.437815403] [ccr_fake_execution]: got plan for robotA: [55, 56, 57, 5, 1]
[ccr_centralized_planner-3] [INFO] [1729088635.438110827] [ccr_centralized_planner]: Sent plan [31, 10, 9] to robotB
[ccr_fake_execution-2] [INFO] [1729088635.438873195] [ccr_fake_execution]: got plan for robotB: [31, 10, 9]
[ccr_fake_execution-2] [INFO] [1729088636.432586609] [ccr_fake_execution]: robotA: 55 -> 56
[ccr_fake_execution-2] [INFO] [1729088636.433131259] [ccr_fake_execution]: robotB: 31 -> 10
[ccr_centralized_planner-3] [INFO] [1729088636.433926970] [ccr_centralized_planner]: Received state 56 from robotA
[ccr_centralized_planner-3] [INFO] [1729088636.434783455] [ccr_centralized_planner]: Received state 10 from robotB
[ccr_centralized_planner-3] [INFO] [1729088636.436721317] [ccr_centralized_planner]: 
[ccr_centralized_planner-3] 
[ccr_centralized_planner-3]  did not replan 
[ccr_centralized_planner-3] 
[ccr_centralized_planner-3] [INFO] [1729088636.437346759] [ccr_centralized_planner]: Sent plan [56, 57, 5, 1] to robotA
[ccr_centralized_planner-3] [INFO] [1729088636.437962954] [ccr_centralized_planner]: Sent plan [10, 9] to robotB
[ccr_fake_execution-2] [INFO] [1729088636.437969346] [ccr_fake_execution]: got plan for robotA: [56, 57, 5, 1]
[ccr_fake_execution-2] [INFO] [1729088636.439331518] [ccr_fake_execution]: got plan for robotB: [10, 9]
[ccr_fake_execution-2] [INFO] [1729088637.432606080] [ccr_fake_execution]: robotA: 56 -> 57
[ccr_centralized_planner-3] [INFO] [1729088637.433529250] [ccr_centralized_planner]: Received state 57 from robotA
[ccr_centralized_planner-3] [INFO] [1729088637.434534424] [ccr_centralized_planner]: Received state 10 from robotB
[ccr_centralized_planner-3] [INFO] [1729088637.436615464] [ccr_centralized_planner]: 
[ccr_centralized_planner-3] 
[ccr_centralized_planner-3]  did not replan 
[ccr_centralized_planner-3] 
[ccr_fake_execution-2] [INFO] [1729088637.437359799] [ccr_fake_execution]: got plan for robotA: [57, 5, 1]
[ccr_centralized_planner-3] [INFO] [1729088637.437377241] [ccr_centralized_planner]: Sent plan [57, 5, 1] to robotA
[ccr_fake_execution-2] [INFO] [1729088637.438077614] [ccr_fake_execution]: got plan for robotB: [10, 9]
[ccr_centralized_planner-3] [INFO] [1729088637.438114002] [ccr_centralized_planner]: Sent plan [10, 9] to robotB
[ccr_fake_execution-2] [INFO] [1729088638.432681106] [ccr_fake_execution]: robotB: 10 -> 9
[ccr_centralized_planner-3] [INFO] [1729088638.433654009] [ccr_centralized_planner]: Received state 57 from robotA
[ccr_goal_provider-1] [INFO] [1729088638.433766830] [ccr_goal_provider]: [32mgoal completed:[0m robotB reached goal 9, going to goal 0 within state 1
[ccr_centralized_planner-3] [INFO] [1729088638.434559345] [ccr_centralized_planner]: Received state 9 from robotB
[ccr_centralized_planner-3] [INFO] [1729088638.436771090] [ccr_centralized_planner]: 
[ccr_centralized_planner-3] 
[ccr_centralized_planner-3]  did not replan 
[ccr_centralized_planner-3] 
[ccr_centralized_planner-3] [INFO] [1729088638.437451885] [ccr_centralized_planner]: Sent plan [57, 5, 1] to robotA
[ccr_fake_execution-2] [INFO] [1729088638.437725959] [ccr_fake_execution]: got plan for robotA: [57, 5, 1]
[ccr_centralized_planner-3] [INFO] [1729088638.438073390] [ccr_centralized_planner]: Sent plan [9] to robotB
[ccr_fake_execution-2] [INFO] [1729088638.438715032] [ccr_fake_execution]: got plan for robotB: [9]
[ccr_centralized_planner-3] [INFO] [1729088638.523190526] [ccr_centralized_planner]: Received goal 1 from robotB
[ccr_fake_execution-2] [INFO] [1729088639.432634352] [ccr_fake_execution]: robotA: 57 -> 5
[ccr_centralized_planner-3] [INFO] [1729088639.433513871] [ccr_centralized_planner]: Received state 5 from robotA
[ccr_centralized_planner-3] [INFO] [1729088639.434118794] [ccr_centralized_planner]: Received state 9 from robotB
[ccr_centralized_planner-3] [INFO] [1729088639.436771045] [ccr_centralized_planner]: 
[ccr_centralized_planner-3] 
[ccr_centralized_planner-3]  replaned due to new goal
[ccr_centralized_planner-3] 
[ccr_centralized_planner-3] [INFO] [1729088639.458313755] [ccr_centralized_planner]: Sent plan [5, 1] to robotA
[ccr_centralized_planner-3] [INFO] [1729088639.458649875] [ccr_centralized_planner]: Sent plan [9, 11, 35, 50, 51, 53, 39, 55, 56, 57, 5, 1] to robotB
[ccr_fake_execution-2] [INFO] [1729088639.458898711] [ccr_fake_execution]: got plan for robotA: [5, 1]
[ccr_fake_execution-2] [INFO] [1729088639.459947336] [ccr_fake_execution]: got plan for robotB: [9, 11, 35, 50, 51, 53, 39, 55, 56, 57, 5, 1]
[ccr_fake_execution-2] [INFO] [1729088640.432672118] [ccr_fake_execution]: robotB: 9 -> 11
[ccr_centralized_planner-3] [INFO] [1729088640.433586772] [ccr_centralized_planner]: Received state 5 from robotA
[ccr_centralized_planner-3] [INFO] [1729088640.434211683] [ccr_centralized_planner]: Received state 11 from robotB
[ccr_centralized_planner-3] [INFO] [1729088640.436778774] [ccr_centralized_planner]: 
[ccr_centralized_planner-3] 
[ccr_centralized_planner-3]  did not replan 
[ccr_centralized_planner-3] 
[ccr_centralized_planner-3] [INFO] [1729088640.437463758] [ccr_centralized_planner]: Sent plan [5, 1] to robotA
[ccr_fake_execution-2] [INFO] [1729088640.437701934] [ccr_fake_execution]: got plan for robotA: [5, 1]
[ccr_centralized_planner-3] [INFO] [1729088640.438057881] [ccr_centralized_planner]: Sent plan [11, 35, 50, 51, 53, 39, 55, 56, 57, 5, 1] to robotB
[ccr_fake_execution-2] [INFO] [1729088640.438610487] [ccr_fake_execution]: got plan for robotB: [11, 35, 50, 51, 53, 39, 55, 56, 57, 5, 1]
[ccr_fake_execution-2] [INFO] [1729088641.432669407] [ccr_fake_execution]: robotA: 5 -> 1
[ccr_centralized_planner-3] [INFO] [1729088641.433847365] [ccr_centralized_planner]: Received state 1 from robotA
[ccr_goal_provider-1] [INFO] [1729088641.433907878] [ccr_goal_provider]: [32mgoal completed:[0m robotA reached goal 1, going to goal 0 within state 9
[ccr_centralized_planner-3] [INFO] [1729088641.435168501] [ccr_centralized_planner]: Received state 11 from robotB
[ccr_centralized_planner-3] [INFO] [1729088641.436723625] [ccr_centralized_planner]: 
[ccr_centralized_planner-3] 
[ccr_centralized_planner-3]  did not replan 
[ccr_centralized_planner-3] 
[ccr_centralized_planner-3] [INFO] [1729088641.437399141] [ccr_centralized_planner]: Sent plan [1] to robotA
[ccr_fake_execution-2] [INFO] [1729088641.437655171] [ccr_fake_execution]: got plan for robotA: [1]
[ccr_centralized_planner-3] [INFO] [1729088641.438019263] [ccr_centralized_planner]: Sent plan [11, 35, 50, 51, 53, 39, 55, 56, 57, 5, 1] to robotB
[ccr_fake_execution-2] [INFO] [1729088641.438712171] [ccr_fake_execution]: got plan for robotB: [11, 35, 50, 51, 53, 39, 55, 56, 57, 5, 1]
[ccr_centralized_planner-3] [INFO] [1729088641.523383562] [ccr_centralized_planner]: Received goal 9 from robotA
[ccr_centralized_planner-3] [INFO] [1729088642.433071035] [ccr_centralized_planner]: Received state 1 from robotA
[ccr_centralized_planner-3] [INFO] [1729088642.433706797] [ccr_centralized_planner]: Received state 11 from robotB
[ccr_centralized_planner-3] [INFO] [1729088642.436781358] [ccr_centralized_planner]: 
[ccr_centralized_planner-3] 
[ccr_centralized_planner-3]  replaned due to new goal
[ccr_centralized_planner-3] 
[ccr_centralized_planner-3] [INFO] [1729088642.464996512] [ccr_centralized_planner]: Sent plan [1, 44, 45, 40, 27, 25, 26, 34, 29, 31, 10, 9] to robotA
[ccr_centralized_planner-3] [INFO] [1729088642.465303277] [ccr_centralized_planner]: Sent plan [11, 35, 50, 51, 53, 39, 55, 56, 57, 5, 1] to robotB
[ccr_fake_execution-2] [INFO] [1729088642.465635379] [ccr_fake_execution]: got plan for robotA: [1, 44, 45, 40, 27, 25, 26, 34, 29, 31, 10, 9]
[ccr_fake_execution-2] [INFO] [1729088642.466642857] [ccr_fake_execution]: got plan for robotB: [11, 35, 50, 51, 53, 39, 55, 56, 57, 5, 1]
[ccr_fake_execution-2] [INFO] [1729088643.432570382] [ccr_fake_execution]: robotB: 11 -> 35
[ccr_centralized_planner-3] [INFO] [1729088643.433637091] [ccr_centralized_planner]: Received state 1 from robotA
[ccr_centralized_planner-3] [INFO] [1729088643.434525897] [ccr_centralized_planner]: Received state 35 from robotB
[ccr_centralized_planner-3] [INFO] [1729088643.436727522] [ccr_centralized_planner]: 
[ccr_centralized_planner-3] 
[ccr_centralized_planner-3]  did not replan 
[ccr_centralized_planner-3] 
[ccr_centralized_planner-3] [INFO] [1729088643.437635293] [ccr_centralized_planner]: Sent plan [1, 44, 45, 40, 27, 25, 26, 34, 29, 31, 10, 9] to robotA
[ccr_fake_execution-2] [INFO] [1729088643.438007160] [ccr_fake_execution]: got plan for robotA: [1, 44, 45, 40, 27, 25, 26, 34, 29, 31, 10, 9]
[ccr_centralized_planner-3] [INFO] [1729088643.438566659] [ccr_centralized_planner]: Sent plan [35, 50, 51, 53, 39, 55, 56, 57, 5, 1] to robotB
[ccr_fake_execution-2] [INFO] [1729088643.439428424] [ccr_fake_execution]: got plan for robotB: [35, 50, 51, 53, 39, 55, 56, 57, 5, 1]
[ccr_fake_execution-2] [INFO] [1729088644.432542384] [ccr_fake_execution]: robotB: 35 -> 50
[ccr_centralized_planner-3] [INFO] [1729088644.433365997] [ccr_centralized_planner]: Received state 1 from robotA
[ccr_centralized_planner-3] [INFO] [1729088644.433960872] [ccr_centralized_planner]: Received state 50 from robotB
[ccr_centralized_planner-3] [INFO] [1729088644.436732376] [ccr_centralized_planner]: 
[ccr_centralized_planner-3] 
[ccr_centralized_planner-3]  replaned due to time difference limit : 2 
[ccr_centralized_planner-3] 
[ccr_centralized_planner-3] [INFO] [1729088644.461739318] [ccr_centralized_planner]: Sent plan [1, 44, 45, 40, 27, 25, 26, 34, 29, 31, 10, 9] to robotA
[ccr_centralized_planner-3] [INFO] [1729088644.462068124] [ccr_centralized_planner]: Sent plan [50, 51, 53, 39, 55, 56, 57, 5, 1] to robotB
[ccr_fake_execution-2] [INFO] [1729088644.462478974] [ccr_fake_execution]: got plan for robotA: [1, 44, 45, 40, 27, 25, 26, 34, 29, 31, 10, 9]
[ccr_fake_execution-2] [INFO] [1729088644.463863629] [ccr_fake_execution]: got plan for robotB: [50, 51, 53, 39, 55, 56, 57, 5, 1]
[ccr_fake_execution-2] [INFO] [1729088645.432561955] [ccr_fake_execution]: robotB: 50 -> 51
[ccr_centralized_planner-3] [INFO] [1729088645.433607294] [ccr_centralized_planner]: Received state 1 from robotA
[ccr_centralized_planner-3] [INFO] [1729088645.434469861] [ccr_centralized_planner]: Received state 51 from robotB
[ccr_centralized_planner-3] [INFO] [1729088645.436729265] [ccr_centralized_planner]: 
[ccr_centralized_planner-3] 
[ccr_centralized_planner-3]  did not replan 
[ccr_centralized_planner-3] 
[ccr_centralized_planner-3] [INFO] [1729088645.437634682] [ccr_centralized_planner]: Sent plan [1, 44, 45, 40, 27, 25, 26, 34, 29, 31, 10, 9] to robotA
[ccr_fake_execution-2] [INFO] [1729088645.437943340] [ccr_fake_execution]: got plan for robotA: [1, 44, 45, 40, 27, 25, 26, 34, 29, 31, 10, 9]
[ccr_centralized_planner-3] [INFO] [1729088645.438573902] [ccr_centralized_planner]: Sent plan [51, 53, 39, 55, 56, 57, 5, 1] to robotB
[ccr_fake_execution-2] [INFO] [1729088645.439280075] [ccr_fake_execution]: got plan for robotB: [51, 53, 39, 55, 56, 57, 5, 1]
[ccr_fake_execution-2] [INFO] [1729088646.432571839] [ccr_fake_execution]: robotB: 51 -> 53
[ccr_centralized_planner-3] [INFO] [1729088646.433611958] [ccr_centralized_planner]: Received state 1 from robotA
[ccr_centralized_planner-3] [INFO] [1729088646.434453866] [ccr_centralized_planner]: Received state 53 from robotB
[ccr_centralized_planner-3] [INFO] [1729088646.436730101] [ccr_centralized_planner]: 
[ccr_centralized_planner-3] 
[ccr_centralized_planner-3]  replaned due to time difference limit : 2 
[ccr_centralized_planner-3] 
[ccr_centralized_planner-3] [INFO] [1729088646.460814915] [ccr_centralized_planner]: Sent plan [1, 44, 45, 40, 27, 25, 26, 34, 29, 31, 10, 9] to robotA
[ccr_fake_execution-2] [INFO] [1729088646.461049354] [ccr_fake_execution]: got plan for robotA: [1, 44, 45, 40, 27, 25, 26, 34, 29, 31, 10, 9]
[ccr_centralized_planner-3] [INFO] [1729088646.461287510] [ccr_centralized_planner]: Sent plan [53, 39, 55, 56, 57, 5, 1] to robotB
[ccr_fake_execution-2] [INFO] [1729088646.461722415] [ccr_fake_execution]: got plan for robotB: [53, 39, 55, 56, 57, 5, 1]
[ccr_fake_execution-2] [INFO] [1729088647.432570280] [ccr_fake_execution]: robotA: 1 -> 44
[ccr_fake_execution-2] [INFO] [1729088647.433093401] [ccr_fake_execution]: robotB: 53 -> 39
[ccr_centralized_planner-3] [INFO] [1729088647.433967348] [ccr_centralized_planner]: Received state 44 from robotA
[ccr_centralized_planner-3] [INFO] [1729088647.434640189] [ccr_centralized_planner]: Received state 39 from robotB
[ccr_centralized_planner-3] [INFO] [1729088647.436769329] [ccr_centralized_planner]: 
[ccr_centralized_planner-3] 
[ccr_centralized_planner-3]  did not replan 
[ccr_centralized_planner-3] 
[ccr_centralized_planner-3] [INFO] [1729088647.437629641] [ccr_centralized_planner]: Sent plan [44, 45, 40, 27, 25, 26, 34, 29, 31, 10, 9] to robotA
[ccr_fake_execution-2] [INFO] [1729088647.437659227] [ccr_fake_execution]: got plan for robotA: [44, 45, 40, 27, 25, 26, 34, 29, 31, 10, 9]
[ccr_centralized_planner-3] [INFO] [1729088647.438400015] [ccr_centralized_planner]: Sent plan [39, 55, 56, 57, 5, 1] to robotB
[ccr_fake_execution-2] [INFO] [1729088647.438540488] [ccr_fake_execution]: got plan for robotB: [39, 55, 56, 57, 5, 1]
[ccr_fake_execution-2] [INFO] [1729088648.432549476] [ccr_fake_execution]: robotB: 39 -> 55
[ccr_centralized_planner-3] [INFO] [1729088648.433369824] [ccr_centralized_planner]: Received state 44 from robotA
[ccr_centralized_planner-3] [INFO] [1729088648.434193187] [ccr_centralized_planner]: Received state 55 from robotB
[ccr_centralized_planner-3] [INFO] [1729088648.436708049] [ccr_centralized_planner]: 
[ccr_centralized_planner-3] 
[ccr_centralized_planner-3]  did not replan 
[ccr_centralized_planner-3] 
[ccr_centralized_planner-3] [INFO] [1729088648.437354210] [ccr_centralized_planner]: Sent plan [44, 45, 40, 27, 25, 26, 34, 29, 31, 10, 9] to robotA
[ccr_fake_execution-2] [INFO] [1729088648.437584001] [ccr_fake_execution]: got plan for robotA: [44, 45, 40, 27, 25, 26, 34, 29, 31, 10, 9]
[ccr_centralized_planner-3] [INFO] [1729088648.437964213] [ccr_centralized_planner]: Sent plan [55, 56, 57, 5, 1] to robotB
[ccr_fake_execution-2] [INFO] [1729088648.438450755] [ccr_fake_execution]: got plan for robotB: [55, 56, 57, 5, 1]
[ccr_centralized_planner-3] [INFO] [1729088649.432858299] [ccr_centralized_planner]: Received state 44 from robotA
[ccr_centralized_planner-3] [INFO] [1729088649.433701520] [ccr_centralized_planner]: Received state 55 from robotB
[ccr_centralized_planner-3] [INFO] [1729088649.436779067] [ccr_centralized_planner]: 
[ccr_centralized_planner-3] 
[ccr_centralized_planner-3]  did not replan 
[ccr_centralized_planner-3] 
[ccr_centralized_planner-3] [INFO] [1729088649.437443983] [ccr_centralized_planner]: Sent plan [44, 45, 40, 27, 25, 26, 34, 29, 31, 10, 9] to robotA
[ccr_fake_execution-2] [INFO] [1729088649.437723196] [ccr_fake_execution]: got plan for robotA: [44, 45, 40, 27, 25, 26, 34, 29, 31, 10, 9]
[ccr_centralized_planner-3] [INFO] [1729088649.438071208] [ccr_centralized_planner]: Sent plan [55, 56, 57, 5, 1] to robotB
[ccr_fake_execution-2] [INFO] [1729088649.438656425] [ccr_fake_execution]: got plan for robotB: [55, 56, 57, 5, 1]
[ccr_fake_execution-2] [INFO] [1729088650.432659312] [ccr_fake_execution]: robotB: 55 -> 56
[ccr_centralized_planner-3] [INFO] [1729088650.433631834] [ccr_centralized_planner]: Received state 44 from robotA
[ccr_centralized_planner-3] [INFO] [1729088650.434442443] [ccr_centralized_planner]: Received state 56 from robotB
[ccr_centralized_planner-3] [INFO] [1729088650.436777870] [ccr_centralized_planner]: 
[ccr_centralized_planner-3] 
[ccr_centralized_planner-3]  replaned due to time difference limit : 2 
[ccr_centralized_planner-3] 
[ccr_centralized_planner-3] [INFO] [1729088650.458222516] [ccr_centralized_planner]: Sent plan [44, 45, 56, 55, 39, 53, 51, 32, 35, 10, 9] to robotA
[ccr_centralized_planner-3] [INFO] [1729088650.458656920] [ccr_centralized_planner]: Sent plan [56, 57, 5, 1] to robotB
[ccr_fake_execution-2] [INFO] [1729088650.458729677] [ccr_fake_execution]: got plan for robotA: [44, 45, 56, 55, 39, 53, 51, 32, 35, 10, 9]
[ccr_fake_execution-2] [INFO] [1729088650.459644611] [ccr_fake_execution]: got plan for robotB: [56, 57, 5, 1]
[ccr_fake_execution-2] [INFO] [1729088651.432572143] [ccr_fake_execution]: robotB: 56 -> 57
[ccr_centralized_planner-3] [INFO] [1729088651.433744781] [ccr_centralized_planner]: Received state 44 from robotA
[ccr_centralized_planner-3] [INFO] [1729088651.434601045] [ccr_centralized_planner]: Received state 57 from robotB
[ccr_centralized_planner-3] [INFO] [1729088651.436774448] [ccr_centralized_planner]: 
[ccr_centralized_planner-3] 
[ccr_centralized_planner-3]  did not replan 
[ccr_centralized_planner-3] 
[ccr_centralized_planner-3] [INFO] [1729088651.437397526] [ccr_centralized_planner]: Sent plan [44, 45, 56, 55, 39, 53, 51, 32, 35, 10, 9] to robotA
[ccr_fake_execution-2] [INFO] [1729088651.437627417] [ccr_fake_execution]: got plan for robotA: [44, 45, 56, 55, 39, 53, 51, 32, 35, 10, 9]
[ccr_centralized_planner-3] [INFO] [1729088651.437962945] [ccr_centralized_planner]: Sent plan [57, 5, 1] to robotB
[ccr_fake_execution-2] [INFO] [1729088651.438482689] [ccr_fake_execution]: got plan for robotB: [57, 5, 1]
[ccr_centralized_planner-3] [INFO] [1729088652.432872280] [ccr_centralized_planner]: Received state 44 from robotA
[ccr_centralized_planner-3] [INFO] [1729088652.433749243] [ccr_centralized_planner]: Received state 57 from robotB
[ccr_centralized_planner-3] [INFO] [1729088652.436650821] [ccr_centralized_planner]: 
[ccr_centralized_planner-3] 
[ccr_centralized_planner-3]  did not replan 
[ccr_centralized_planner-3] 
[ccr_centralized_planner-3] [INFO] [1729088652.437180053] [ccr_centralized_planner]: Sent plan [44, 45, 56, 55, 39, 53, 51, 32, 35, 10, 9] to robotA
[ccr_centralized_planner-3] [INFO] [1729088652.437709014] [ccr_centralized_planner]: Sent plan [57, 5, 1] to robotB
[ccr_fake_execution-2] [INFO] [1729088652.437730183] [ccr_fake_execution]: got plan for robotA: [44, 45, 56, 55, 39, 53, 51, 32, 35, 10, 9]
[ccr_fake_execution-2] [INFO] [1729088652.438821969] [ccr_fake_execution]: got plan for robotB: [57, 5, 1]
[ccr_fake_execution-2] [INFO] [1729088653.432566432] [ccr_fake_execution]: robotA: 44 -> 45
[ccr_fake_execution-2] [INFO] [1729088653.433262366] [ccr_fake_execution]: robotB: 57 -> 5
[ccr_centralized_planner-3] [INFO] [1729088653.434249496] [ccr_centralized_planner]: Received state 45 from robotA
[ccr_centralized_planner-3] [INFO] [1729088653.435272713] [ccr_centralized_planner]: Received state 5 from robotB
[ccr_centralized_planner-3] [INFO] [1729088653.436822367] [ccr_centralized_planner]: 
[ccr_centralized_planner-3] 
[ccr_centralized_planner-3]  did not replan 
[ccr_centralized_planner-3] 
[ccr_centralized_planner-3] [INFO] [1729088653.437588593] [ccr_centralized_planner]: Sent plan [45, 56, 55, 39, 53, 51, 32, 35, 10, 9] to robotA
[ccr_fake_execution-2] [INFO] [1729088653.437865793] [ccr_fake_execution]: got plan for robotA: [45, 56, 55, 39, 53, 51, 32, 35, 10, 9]
[ccr_centralized_planner-3] [INFO] [1729088653.438260282] [ccr_centralized_planner]: Sent plan [5, 1] to robotB
[ccr_fake_execution-2] [INFO] [1729088653.439018032] [ccr_fake_execution]: got plan for robotB: [5, 1]
[ccr_centralized_planner-3] [INFO] [1729088654.432939937] [ccr_centralized_planner]: Received state 45 from robotA
[ccr_centralized_planner-3] [INFO] [1729088654.433799407] [ccr_centralized_planner]: Received state 5 from robotB
[ccr_centralized_planner-3] [INFO] [1729088654.436714420] [ccr_centralized_planner]: 
[ccr_centralized_planner-3] 
[ccr_centralized_planner-3]  did not replan 
[ccr_centralized_planner-3] 
[ccr_centralized_planner-3] [INFO] [1729088654.437372733] [ccr_centralized_planner]: Sent plan [45, 56, 55, 39, 53, 51, 32, 35, 10, 9] to robotA
[ccr_fake_execution-2] [INFO] [1729088654.437809953] [ccr_fake_execution]: got plan for robotA: [45, 56, 55, 39, 53, 51, 32, 35, 10, 9]
[ccr_centralized_planner-3] [INFO] [1729088654.437952119] [ccr_centralized_planner]: Sent plan [5, 1] to robotB
[ccr_fake_execution-2] [INFO] [1729088654.439027634] [ccr_fake_execution]: got plan for robotB: [5, 1]
[ccr_centralized_planner-3] [INFO] [1729088655.432916957] [ccr_centralized_planner]: Received state 45 from robotA
[ccr_centralized_planner-3] [INFO] [1729088655.433544263] [ccr_centralized_planner]: Received state 5 from robotB
[ccr_centralized_planner-3] [INFO] [1729088655.436757114] [ccr_centralized_planner]: 
[ccr_centralized_planner-3] 
[ccr_centralized_planner-3]  did not replan 
[ccr_centralized_planner-3] 
[ccr_centralized_planner-3] [INFO] [1729088655.437396382] [ccr_centralized_planner]: Sent plan [45, 56, 55, 39, 53, 51, 32, 35, 10, 9] to robotA
[ccr_fake_execution-2] [INFO] [1729088655.437840684] [ccr_fake_execution]: got plan for robotA: [45, 56, 55, 39, 53, 51, 32, 35, 10, 9]
[ccr_centralized_planner-3] [INFO] [1729088655.437966871] [ccr_centralized_planner]: Sent plan [5, 1] to robotB
[ccr_fake_execution-2] [INFO] [1729088655.439030995] [ccr_fake_execution]: got plan for robotB: [5, 1]
[ccr_fake_execution-2] [INFO] [1729088656.432540337] [ccr_fake_execution]: robotA: 45 -> 56
[ccr_centralized_planner-3] [INFO] [1729088656.433423301] [ccr_centralized_planner]: Received state 56 from robotA
[ccr_centralized_planner-3] [INFO] [1729088656.434266321] [ccr_centralized_planner]: Received state 5 from robotB
[ccr_centralized_planner-3] [INFO] [1729088656.436807293] [ccr_centralized_planner]: 
[ccr_centralized_planner-3] 
[ccr_centralized_planner-3]  did not replan 
[ccr_centralized_planner-3] 
[ccr_centralized_planner-3] [INFO] [1729088656.437537541] [ccr_centralized_planner]: Sent plan [56, 55, 39, 53, 51, 32, 35, 10, 9] to robotA
[ccr_fake_execution-2] [INFO] [1729088656.437851359] [ccr_fake_execution]: got plan for robotA: [56, 55, 39, 53, 51, 32, 35, 10, 9]
[ccr_centralized_planner-3] [INFO] [1729088656.438170197] [ccr_centralized_planner]: Sent plan [5, 1] to robotB
[ccr_fake_execution-2] [INFO] [1729088656.439043233] [ccr_fake_execution]: got plan for robotB: [5, 1]
[ccr_fake_execution-2] [INFO] [1729088657.432556592] [ccr_fake_execution]: robotA: 56 -> 55
[ccr_centralized_planner-3] [INFO] [1729088657.433702730] [ccr_centralized_planner]: Received state 55 from robotA
[ccr_centralized_planner-3] [INFO] [1729088657.434664161] [ccr_centralized_planner]: Received state 5 from robotB
[ccr_centralized_planner-3] [INFO] [1729088657.436588918] [ccr_centralized_planner]: 
[ccr_centralized_planner-3] 
[ccr_centralized_planner-3]  did not replan 
[ccr_centralized_planner-3] 
[ccr_centralized_planner-3] [INFO] [1729088657.437095006] [ccr_centralized_planner]: Sent plan [55, 39, 53, 51, 32, 35, 10, 9] to robotA
[ccr_centralized_planner-3] [INFO] [1729088657.437610392] [ccr_centralized_planner]: Sent plan [5, 1] to robotB
[ccr_fake_execution-2] [INFO] [1729088657.437629097] [ccr_fake_execution]: got plan for robotA: [55, 39, 53, 51, 32, 35, 10, 9]
[ccr_fake_execution-2] [INFO] [1729088657.438737765] [ccr_fake_execution]: got plan for robotB: [5, 1]
[ccr_centralized_planner-3] [INFO] [1729088658.432782520] [ccr_centralized_planner]: Received state 55 from robotA
[ccr_centralized_planner-3] [INFO] [1729088658.433438088] [ccr_centralized_planner]: Received state 5 from robotB
[ccr_centralized_planner-3] [INFO] [1729088658.436792033] [ccr_centralized_planner]: 
[ccr_centralized_planner-3] 
[ccr_centralized_planner-3]  did not replan 
[ccr_centralized_planner-3] 
[ccr_centralized_planner-3] [INFO] [1729088658.437470565] [ccr_centralized_planner]: Sent plan [55, 39, 53, 51, 32, 35, 10, 9] to robotA
[ccr_fake_execution-2] [INFO] [1729088658.437833265] [ccr_fake_execution]: got plan for robotA: [55, 39, 53, 51, 32, 35, 10, 9]
[ccr_centralized_planner-3] [INFO] [1729088658.438098752] [ccr_centralized_planner]: Sent plan [5, 1] to robotB
[ccr_fake_execution-2] [INFO] [1729088658.439037251] [ccr_fake_execution]: got plan for robotB: [5, 1]
[ccr_fake_execution-2] [INFO] [1729088659.432591487] [ccr_fake_execution]: robotB: 5 -> 1
[ccr_centralized_planner-3] [INFO] [1729088659.433475574] [ccr_centralized_planner]: Received state 55 from robotA
[ccr_goal_provider-1] [INFO] [1729088659.433610767] [ccr_goal_provider]: [32mgoal completed:[0m robotB reached goal 1, going to goal 1 within state 9
[ccr_centralized_planner-3] [INFO] [1729088659.434349000] [ccr_centralized_planner]: Received state 1 from robotB
[ccr_centralized_planner-3] [INFO] [1729088659.436737316] [ccr_centralized_planner]: 
[ccr_centralized_planner-3] 
[ccr_centralized_planner-3]  did not replan 
[ccr_centralized_planner-3] 
[ccr_centralized_planner-3] [INFO] [1729088659.437372126] [ccr_centralized_planner]: Sent plan [55, 39, 53, 51, 32, 35, 10, 9] to robotA
[ccr_fake_execution-2] [INFO] [1729088659.437752749] [ccr_fake_execution]: got plan for robotA: [55, 39, 53, 51, 32, 35, 10, 9]
[ccr_centralized_planner-3] [INFO] [1729088659.437945640] [ccr_centralized_planner]: Sent plan [1] to robotB
[ccr_fake_execution-2] [INFO] [1729088659.438862138] [ccr_fake_execution]: got plan for robotB: [1]
[ccr_centralized_planner-3] [INFO] [1729088659.523304378] [ccr_centralized_planner]: Received goal 9 from robotB
[ccr_centralized_planner-3] [INFO] [1729088660.432812205] [ccr_centralized_planner]: Received state 55 from robotA
[ccr_centralized_planner-3] [INFO] [1729088660.433647450] [ccr_centralized_planner]: Received state 1 from robotB
[ccr_centralized_planner-3] [INFO] [1729088660.436733613] [ccr_centralized_planner]: 
[ccr_centralized_planner-3] 
[ccr_centralized_planner-3]  replaned due to new goal
[ccr_centralized_planner-3] 
[ccr_centralized_planner-3] [INFO] [1729088660.460520068] [ccr_centralized_planner]: Sent plan [55, 39, 53, 51, 32, 35, 10, 9] to robotA
[ccr_centralized_planner-3] [INFO] [1729088660.460837343] [ccr_centralized_planner]: Sent plan [1, 44, 45, 56, 55, 39, 53, 51, 32, 35, 10, 9] to robotB
[ccr_fake_execution-2] [INFO] [1729088660.461114803] [ccr_fake_execution]: got plan for robotA: [55, 39, 53, 51, 32, 35, 10, 9]
[ccr_fake_execution-2] [INFO] [1729088660.462253717] [ccr_fake_execution]: got plan for robotB: [1, 44, 45, 56, 55, 39, 53, 51, 32, 35, 10, 9]
[ccr_fake_execution-2] [INFO] [1729088661.432630770] [ccr_fake_execution]: robotA: 55 -> 39
[ccr_fake_execution-2] [INFO] [1729088661.433188625] [ccr_fake_execution]: robotB: 1 -> 44
[ccr_centralized_planner-3] [INFO] [1729088661.434033328] [ccr_centralized_planner]: Received state 39 from robotA
[ccr_centralized_planner-3] [INFO] [1729088661.434875717] [ccr_centralized_planner]: Received state 44 from robotB
[ccr_centralized_planner-3] [INFO] [1729088661.436730032] [ccr_centralized_planner]: 
[ccr_centralized_planner-3] 
[ccr_centralized_planner-3]  did not replan 
[ccr_centralized_planner-3] 
[ccr_centralized_planner-3] [INFO] [1729088661.437442958] [ccr_centralized_planner]: Sent plan [39, 53, 51, 32, 35, 10, 9] to robotA
[ccr_fake_execution-2] [INFO] [1729088661.437619348] [ccr_fake_execution]: got plan for robotA: [39, 53, 51, 32, 35, 10, 9]
[ccr_centralized_planner-3] [INFO] [1729088661.438038393] [ccr_centralized_planner]: Sent plan [44, 45, 56, 55, 39, 53, 51, 32, 35, 10, 9] to robotB
[ccr_fake_execution-2] [INFO] [1729088661.438424727] [ccr_fake_execution]: got plan for robotB: [44, 45, 56, 55, 39, 53, 51, 32, 35, 10, 9]
[ccr_fake_execution-2] [INFO] [1729088662.432604225] [ccr_fake_execution]: robotA: 39 -> 53
[ccr_fake_execution-2] [INFO] [1729088662.433219879] [ccr_fake_execution]: robotB: 44 -> 45
[ccr_centralized_planner-3] [INFO] [1729088662.434029947] [ccr_centralized_planner]: Received state 53 from robotA
[ccr_centralized_planner-3] [INFO] [1729088662.434879369] [ccr_centralized_planner]: Received state 45 from robotB
[ccr_centralized_planner-3] [INFO] [1729088662.436734655] [ccr_centralized_planner]: 
[ccr_centralized_planner-3] 
[ccr_centralized_planner-3]  did not replan 
[ccr_centralized_planner-3] 
[ccr_centralized_planner-3] [INFO] [1729088662.437270780] [ccr_centralized_planner]: Sent plan [53, 51, 32, 35, 10, 9] to robotA
[ccr_fake_execution-2] [INFO] [1729088662.437731113] [ccr_fake_execution]: got plan for robotA: [53, 51, 32, 35, 10, 9]
[ccr_centralized_planner-3] [INFO] [1729088662.437743015] [ccr_centralized_planner]: Sent plan [45, 56, 55, 39, 53, 51, 32, 35, 10, 9] to robotB
[ccr_fake_execution-2] [INFO] [1729088662.438745504] [ccr_fake_execution]: got plan for robotB: [45, 56, 55, 39, 53, 51, 32, 35, 10, 9]
[ccr_fake_execution-2] [INFO] [1729088663.432543756] [ccr_fake_execution]: robotB: 45 -> 56
[ccr_centralized_planner-3] [INFO] [1729088663.433366688] [ccr_centralized_planner]: Received state 53 from robotA
[ccr_centralized_planner-3] [INFO] [1729088663.434208536] [ccr_centralized_planner]: Received state 56 from robotB
[ccr_centralized_planner-3] [INFO] [1729088663.436744809] [ccr_centralized_planner]: 
[ccr_centralized_planner-3] 
[ccr_centralized_planner-3]  did not replan 
[ccr_centralized_planner-3] 
[ccr_centralized_planner-3] [INFO] [1729088663.437404415] [ccr_centralized_planner]: Sent plan [53, 51, 32, 35, 10, 9] to robotA
[ccr_fake_execution-2] [INFO] [1729088663.437612404] [ccr_fake_execution]: got plan for robotA: [53, 51, 32, 35, 10, 9]
[ccr_centralized_planner-3] [INFO] [1729088663.437987307] [ccr_centralized_planner]: Sent plan [56, 55, 39, 53, 51, 32, 35, 10, 9] to robotB
[ccr_fake_execution-2] [INFO] [1729088663.438489999] [ccr_fake_execution]: got plan for robotB: [56, 55, 39, 53, 51, 32, 35, 10, 9]
[ccr_fake_execution-2] [INFO] [1729088664.432496072] [ccr_fake_execution]: robotB: 56 -> 55
[ccr_centralized_planner-3] [INFO] [1729088664.433381691] [ccr_centralized_planner]: Received state 53 from robotA
[ccr_centralized_planner-3] [INFO] [1729088664.433996794] [ccr_centralized_planner]: Received state 55 from robotB
[ccr_centralized_planner-3] [INFO] [1729088664.436783045] [ccr_centralized_planner]: 
[ccr_centralized_planner-3] 
[ccr_centralized_planner-3]  replaned due to time difference limit : 2 
[ccr_centralized_planner-3] 
[ccr_centralized_planner-3] [INFO] [1729088664.457512401] [ccr_centralized_planner]: Sent plan [53, 51, 32, 35, 10, 9] to robotA
[ccr_centralized_planner-3] [INFO] [1729088664.457847188] [ccr_centralized_planner]: Sent plan [55, 39, 53, 51, 32, 35, 10, 9] to robotB
[ccr_fake_execution-2] [INFO] [1729088664.457976801] [ccr_fake_execution]: got plan for robotA: [53, 51, 32, 35, 10, 9]
[ccr_fake_execution-2] [INFO] [1729088664.458821614] [ccr_fake_execution]: got plan for robotB: [55, 39, 53, 51, 32, 35, 10, 9]
[ccr_fake_execution-2] [INFO] [1729088665.432682987] [ccr_fake_execution]: robotA: 53 -> 51
[ccr_fake_execution-2] [INFO] [1729088665.433235933] [ccr_fake_execution]: robotB: 55 -> 39
[ccr_centralized_planner-3] [INFO] [1729088665.434088290] [ccr_centralized_planner]: Received state 51 from robotA
[ccr_centralized_planner-3] [INFO] [1729088665.435090237] [ccr_centralized_planner]: Received state 39 from robotB
[ccr_centralized_planner-3] [INFO] [1729088665.436717677] [ccr_centralized_planner]: 
[ccr_centralized_planner-3] 
[ccr_centralized_planner-3]  did not replan 
[ccr_centralized_planner-3] 
[ccr_fake_execution-2] [INFO] [1729088665.437517265] [ccr_fake_execution]: got plan for robotA: [51, 32, 35, 10, 9]
[ccr_centralized_planner-3] [INFO] [1729088665.437727219] [ccr_centralized_planner]: Sent plan [51, 32, 35, 10, 9] to robotA
[ccr_fake_execution-2] [INFO] [1729088665.438463258] [ccr_fake_execution]: got plan for robotB: [39, 53, 51, 32, 35, 10, 9]
[ccr_centralized_planner-3] [INFO] [1729088665.438629930] [ccr_centralized_planner]: Sent plan [39, 53, 51, 32, 35, 10, 9] to robotB
[ccr_fake_execution-2] [INFO] [1729088666.432582002] [ccr_fake_execution]: robotA: 51 -> 32
[ccr_fake_execution-2] [INFO] [1729088666.433110382] [ccr_fake_execution]: robotB: 39 -> 53
[ccr_centralized_planner-3] [INFO] [1729088666.433978649] [ccr_centralized_planner]: Received state 32 from robotA
[ccr_centralized_planner-3] [INFO] [1729088666.434739114] [ccr_centralized_planner]: Received state 53 from robotB
[ccr_centralized_planner-3] [INFO] [1729088666.436737800] [ccr_centralized_planner]: 
[ccr_centralized_planner-3] 
[ccr_centralized_planner-3]  did not replan 
[ccr_centralized_planner-3] 
[ccr_fake_execution-2] [INFO] [1729088666.437672331] [ccr_fake_execution]: got plan for robotA: [32, 35, 10, 9]
[ccr_centralized_planner-3] [INFO] [1729088666.437683502] [ccr_centralized_planner]: Sent plan [32, 35, 10, 9] to robotA
[ccr_fake_execution-2] [INFO] [1729088666.438588358] [ccr_fake_execution]: got plan for robotB: [53, 51, 32, 35, 10, 9]
[ccr_centralized_planner-3] [INFO] [1729088666.438593537] [ccr_centralized_planner]: Sent plan [53, 51, 32, 35, 10, 9] to robotB
[ccr_fake_execution-2] [INFO] [1729088667.432633392] [ccr_fake_execution]: robotA: 32 -> 35
[ccr_fake_execution-2] [INFO] [1729088667.433163078] [ccr_fake_execution]: robotB: 53 -> 51
[ccr_centralized_planner-3] [INFO] [1729088667.434035259] [ccr_centralized_planner]: Received state 35 from robotA
[ccr_centralized_planner-3] [INFO] [1729088667.434806971] [ccr_centralized_planner]: Received state 51 from robotB
[ccr_centralized_planner-3] [INFO] [1729088667.436743986] [ccr_centralized_planner]: 
[ccr_centralized_planner-3] 
[ccr_centralized_planner-3]  did not replan 
[ccr_centralized_planner-3] 
[ccr_fake_execution-2] [INFO] [1729088667.437688302] [ccr_fake_execution]: got plan for robotA: [35, 10, 9]
[ccr_centralized_planner-3] [INFO] [1729088667.437704423] [ccr_centralized_planner]: Sent plan [35, 10, 9] to robotA
[ccr_fake_execution-2] [INFO] [1729088667.438602653] [ccr_fake_execution]: got plan for robotB: [51, 32, 35, 10, 9]
[ccr_centralized_planner-3] [INFO] [1729088667.438627249] [ccr_centralized_planner]: Sent plan [51, 32, 35, 10, 9] to robotB
[ccr_fake_execution-2] [INFO] [1729088668.432646008] [ccr_fake_execution]: robotA: 35 -> 10
[ccr_centralized_planner-3] [INFO] [1729088668.433507158] [ccr_centralized_planner]: Received state 10 from robotA
[ccr_centralized_planner-3] [INFO] [1729088668.434120722] [ccr_centralized_planner]: Received state 51 from robotB
[ccr_centralized_planner-3] [INFO] [1729088668.436780667] [ccr_centralized_planner]: 
[ccr_centralized_planner-3] 
[ccr_centralized_planner-3]  did not replan 
[ccr_centralized_planner-3] 
[ccr_centralized_planner-3] [INFO] [1729088668.437422434] [ccr_centralized_planner]: Sent plan [10, 9] to robotA
[ccr_fake_execution-2] [INFO] [1729088668.437680840] [ccr_fake_execution]: got plan for robotA: [10, 9]
[ccr_centralized_planner-3] [INFO] [1729088668.437999209] [ccr_centralized_planner]: Sent plan [51, 32, 35, 10, 9] to robotB
[ccr_fake_execution-2] [INFO] [1729088668.438559994] [ccr_fake_execution]: got plan for robotB: [51, 32, 35, 10, 9]
[ccr_centralized_planner-3] [INFO] [1729088669.432821490] [ccr_centralized_planner]: Received state 10 from robotA
[ccr_centralized_planner-3] [INFO] [1729088669.433442067] [ccr_centralized_planner]: Received state 51 from robotB
[ccr_centralized_planner-3] [INFO] [1729088669.436752646] [ccr_centralized_planner]: 
[ccr_centralized_planner-3] 
[ccr_centralized_planner-3]  did not replan 
[ccr_centralized_planner-3] 
[ccr_centralized_planner-3] [INFO] [1729088669.437390867] [ccr_centralized_planner]: Sent plan [10, 9] to robotA
[ccr_fake_execution-2] [INFO] [1729088669.437845162] [ccr_fake_execution]: got plan for robotA: [10, 9]
[ccr_centralized_planner-3] [INFO] [1729088669.437968904] [ccr_centralized_planner]: Sent plan [51, 32, 35, 10, 9] to robotB
[ccr_fake_execution-2] [INFO] [1729088669.438977452] [ccr_fake_execution]: got plan for robotB: [51, 32, 35, 10, 9]
[ccr_fake_execution-2] [INFO] [1729088670.432540753] [ccr_fake_execution]: robotA: 10 -> 9
[ccr_fake_execution-2] [INFO] [1729088670.433128809] [ccr_fake_execution]: robotB: 51 -> 32
[ccr_centralized_planner-3] [INFO] [1729088670.434026428] [ccr_centralized_planner]: Received state 9 from robotA
[ccr_goal_provider-1] [INFO] [1729088670.434049341] [ccr_goal_provider]: [32mgoal completed:[0m robotA reached goal 9, going to goal 1 within state 1
[ccr_centralized_planner-3] [INFO] [1729088670.434905342] [ccr_centralized_planner]: Received state 32 from robotB
[ccr_centralized_planner-3] [INFO] [1729088670.436710087] [ccr_centralized_planner]: 
[ccr_centralized_planner-3] 
[ccr_centralized_planner-3]  did not replan 
[ccr_centralized_planner-3] 
[ccr_centralized_planner-3] [INFO] [1729088670.437340072] [ccr_centralized_planner]: Sent plan [9] to robotA
[ccr_fake_execution-2] [INFO] [1729088670.437559305] [ccr_fake_execution]: got plan for robotA: [9]
[ccr_centralized_planner-3] [INFO] [1729088670.437932106] [ccr_centralized_planner]: Sent plan [32, 35, 10, 9] to robotB
[ccr_fake_execution-2] [INFO] [1729088670.438389547] [ccr_fake_execution]: got plan for robotB: [32, 35, 10, 9]
[ccr_centralized_planner-3] [INFO] [1729088670.523039834] [ccr_centralized_planner]: Received goal 1 from robotA
[ccr_centralized_planner-3] [INFO] [1729088671.432839557] [ccr_centralized_planner]: Received state 9 from robotA
[ccr_centralized_planner-3] [INFO] [1729088671.433480403] [ccr_centralized_planner]: Received state 32 from robotB
[ccr_centralized_planner-3] [INFO] [1729088671.436706522] [ccr_centralized_planner]: 
[ccr_centralized_planner-3] 
[ccr_centralized_planner-3]  replaned due to new goal
[ccr_centralized_planner-3] 
[ccr_centralized_planner-3] [INFO] [1729088671.463615882] [ccr_centralized_planner]: Sent plan [9, 10, 31, 29, 34, 26, 25, 27, 40, 45, 44, 1] to robotA
[ccr_centralized_planner-3] [INFO] [1729088671.463934682] [ccr_centralized_planner]: Sent plan [32, 35, 11, 9] to robotB
[ccr_fake_execution-2] [INFO] [1729088671.464168892] [ccr_fake_execution]: got plan for robotA: [9, 10, 31, 29, 34, 26, 25, 27, 40, 45, 44, 1]
[ccr_fake_execution-2] [INFO] [1729088671.465121164] [ccr_fake_execution]: got plan for robotB: [32, 35, 11, 9]
[ccr_fake_execution-2] [INFO] [1729088672.432717911] [ccr_fake_execution]: robotB: 32 -> 35
[ccr_centralized_planner-3] [INFO] [1729088672.433588910] [ccr_centralized_planner]: Received state 9 from robotA
[ccr_centralized_planner-3] [INFO] [1729088672.434489274] [ccr_centralized_planner]: Received state 35 from robotB
[ccr_centralized_planner-3] [INFO] [1729088672.436726092] [ccr_centralized_planner]: 
[ccr_centralized_planner-3] 
[ccr_centralized_planner-3]  did not replan 
[ccr_centralized_planner-3] 
[ccr_centralized_planner-3] [INFO] [1729088672.437358772] [ccr_centralized_planner]: Sent plan [9, 10, 31, 29, 34, 26, 25, 27, 40, 45, 44, 1] to robotA
[ccr_fake_execution-2] [INFO] [1729088672.437647736] [ccr_fake_execution]: got plan for robotA: [9, 10, 31, 29, 34, 26, 25, 27, 40, 45, 44, 1]
[ccr_centralized_planner-3] [INFO] [1729088672.437931169] [ccr_centralized_planner]: Sent plan [35, 11, 9] to robotB
[ccr_fake_execution-2] [INFO] [1729088672.438557848] [ccr_fake_execution]: got plan for robotB: [35, 11, 9]
[ccr_fake_execution-2] [INFO] [1729088673.432649264] [ccr_fake_execution]: robotA: 9 -> 10
[ccr_fake_execution-2] [INFO] [1729088673.433234375] [ccr_fake_execution]: robotB: 35 -> 11
[ccr_centralized_planner-3] [INFO] [1729088673.434100875] [ccr_centralized_planner]: Received state 10 from robotA
[ccr_centralized_planner-3] [INFO] [1729088673.434723586] [ccr_centralized_planner]: Received state 11 from robotB
[ccr_centralized_planner-3] [INFO] [1729088673.436724852] [ccr_centralized_planner]: 
[ccr_centralized_planner-3] 
[ccr_centralized_planner-3]  did not replan 
[ccr_centralized_planner-3] 
[ccr_centralized_planner-3] [INFO] [1729088673.437366138] [ccr_centralized_planner]: Sent plan [10, 31, 29, 34, 26, 25, 27, 40, 45, 44, 1] to robotA
[ccr_fake_execution-2] [INFO] [1729088673.437631097] [ccr_fake_execution]: got plan for robotA: [10, 31, 29, 34, 26, 25, 27, 40, 45, 44, 1]
[ccr_centralized_planner-3] [INFO] [1729088673.437998538] [ccr_centralized_planner]: Sent plan [11, 9] to robotB
[ccr_fake_execution-2] [INFO] [1729088673.438530669] [ccr_fake_execution]: got plan for robotB: [11, 9]
[ccr_fake_execution-2] [INFO] [1729088674.432599793] [ccr_fake_execution]: robotA: 10 -> 31
[ccr_centralized_planner-3] [INFO] [1729088674.433751299] [ccr_centralized_planner]: Received state 31 from robotA
[ccr_centralized_planner-3] [INFO] [1729088674.434473197] [ccr_centralized_planner]: Received state 11 from robotB
[ccr_centralized_planner-3] [INFO] [1729088674.436780368] [ccr_centralized_planner]: 
[ccr_centralized_planner-3] 
[ccr_centralized_planner-3]  did not replan 
[ccr_centralized_planner-3] 
[ccr_centralized_planner-3] [INFO] [1729088674.437397830] [ccr_centralized_planner]: Sent plan [31, 29, 34, 26, 25, 27, 40, 45, 44, 1] to robotA
[ccr_fake_execution-2] [INFO] [1729088674.437683237] [ccr_fake_execution]: got plan for robotA: [31, 29, 34, 26, 25, 27, 40, 45, 44, 1]
[ccr_centralized_planner-3] [INFO] [1729088674.437963614] [ccr_centralized_planner]: Sent plan [11, 9] to robotB
[ccr_fake_execution-2] [INFO] [1729088674.438801581] [ccr_fake_execution]: got plan for robotB: [11, 9]
[ccr_centralized_planner-3] [INFO] [1729088675.432870784] [ccr_centralized_planner]: Received state 31 from robotA
[ccr_centralized_planner-3] [INFO] [1729088675.433729569] [ccr_centralized_planner]: Received state 11 from robotB
[ccr_centralized_planner-3] [INFO] [1729088675.436720156] [ccr_centralized_planner]: 
[ccr_centralized_planner-3] 
[ccr_centralized_planner-3]  did not replan 
[ccr_centralized_planner-3] 
[ccr_centralized_planner-3] [INFO] [1729088675.437358497] [ccr_centralized_planner]: Sent plan [31, 29, 34, 26, 25, 27, 40, 45, 44, 1] to robotA
[ccr_fake_execution-2] [INFO] [1729088675.437869248] [ccr_fake_execution]: got plan for robotA: [31, 29, 34, 26, 25, 27, 40, 45, 44, 1]
[ccr_centralized_planner-3] [INFO] [1729088675.437948778] [ccr_centralized_planner]: Sent plan [11, 9] to robotB
[ccr_fake_execution-2] [INFO] [1729088675.439054418] [ccr_fake_execution]: got plan for robotB: [11, 9]
[ccr_fake_execution-2] [INFO] [1729088676.432681300] [ccr_fake_execution]: robotA: 31 -> 29
[ccr_centralized_planner-3] [INFO] [1729088676.433554523] [ccr_centralized_planner]: Received state 29 from robotA
[ccr_centralized_planner-3] [INFO] [1729088676.434243048] [ccr_centralized_planner]: Received state 11 from robotB
[ccr_centralized_planner-3] [INFO] [1729088676.436782326] [ccr_centralized_planner]: 
[ccr_centralized_planner-3] 
[ccr_centralized_planner-3]  did not replan 
[ccr_centralized_planner-3] 
[ccr_centralized_planner-3] [INFO] [1729088676.437398866] [ccr_centralized_planner]: Sent plan [29, 34, 26, 25, 27, 40, 45, 44, 1] to robotA
[ccr_fake_execution-2] [INFO] [1729088676.437915177] [ccr_fake_execution]: got plan for robotA: [29, 34, 26, 25, 27, 40, 45, 44, 1]
[ccr_centralized_planner-3] [INFO] [1729088676.438029372] [ccr_centralized_planner]: Sent plan [11, 9] to robotB
[ccr_fake_execution-2] [INFO] [1729088676.439138328] [ccr_fake_execution]: got plan for robotB: [11, 9]
[ccr_fake_execution-2] [INFO] [1729088677.432634764] [ccr_fake_execution]: robotB: 11 -> 9
[ccr_centralized_planner-3] [INFO] [1729088677.433486106] [ccr_centralized_planner]: Received state 29 from robotA
[ccr_goal_provider-1] [INFO] [1729088677.433840533] [ccr_goal_provider]: [32mgoal completed:[0m robotB reached goal 9, going to goal 0 within state 1
[ccr_centralized_planner-3] [INFO] [1729088677.434323512] [ccr_centralized_planner]: Received state 9 from robotB
[ccr_centralized_planner-3] [INFO] [1729088677.436723297] [ccr_centralized_planner]: 
[ccr_centralized_planner-3] 
[ccr_centralized_planner-3]  did not replan 
[ccr_centralized_planner-3] 
[ccr_centralized_planner-3] [INFO] [1729088677.437355366] [ccr_centralized_planner]: Sent plan [29, 34, 26, 25, 27, 40, 45, 44, 1] to robotA
[ccr_fake_execution-2] [INFO] [1729088677.437752022] [ccr_fake_execution]: got plan for robotA: [29, 34, 26, 25, 27, 40, 45, 44, 1]
[ccr_centralized_planner-3] [INFO] [1729088677.437922072] [ccr_centralized_planner]: Sent plan [9] to robotB
[ccr_fake_execution-2] [INFO] [1729088677.438923737] [ccr_fake_execution]: got plan for robotB: [9]
[ccr_centralized_planner-3] [INFO] [1729088677.523315206] [ccr_centralized_planner]: Received goal 1 from robotB
[ccr_fake_execution-2] [INFO] [1729088678.432654934] [ccr_fake_execution]: robotA: 29 -> 34
[ccr_centralized_planner-3] [INFO] [1729088678.433535862] [ccr_centralized_planner]: Received state 34 from robotA
[ccr_centralized_planner-3] [INFO] [1729088678.434151380] [ccr_centralized_planner]: Received state 9 from robotB
[ccr_centralized_planner-3] [INFO] [1729088678.436721646] [ccr_centralized_planner]: 
[ccr_centralized_planner-3] 
[ccr_centralized_planner-3]  replaned due to new goal
[ccr_centralized_planner-3] 
[ccr_centralized_planner-3] [INFO] [1729088678.459736547] [ccr_centralized_planner]: Sent plan [34, 24, 39, 55, 56, 57, 5, 1] to robotA
[ccr_centralized_planner-3] [INFO] [1729088678.460055998] [ccr_centralized_planner]: Sent plan [9, 11, 35, 50, 51, 53, 39, 55, 56, 57, 5, 1] to robotB
[ccr_fake_execution-2] [INFO] [1729088678.460235055] [ccr_fake_execution]: got plan for robotA: [34, 24, 39, 55, 56, 57, 5, 1]
[ccr_fake_execution-2] [INFO] [1729088678.461115992] [ccr_fake_execution]: got plan for robotB: [9, 11, 35, 50, 51, 53, 39, 55, 56, 57, 5, 1]
[ccr_centralized_planner-3] [INFO] [1729088679.432821239] [ccr_centralized_planner]: Received state 34 from robotA
[ccr_centralized_planner-3] [INFO] [1729088679.433655519] [ccr_centralized_planner]: Received state 9 from robotB
[ccr_centralized_planner-3] [INFO] [1729088679.436708232] [ccr_centralized_planner]: 
[ccr_centralized_planner-3] 
[ccr_centralized_planner-3]  did not replan 
[ccr_centralized_planner-3] 
[ccr_centralized_planner-3] [INFO] [1729088679.437353046] [ccr_centralized_planner]: Sent plan [34, 24, 39, 55, 56, 57, 5, 1] to robotA
[ccr_fake_execution-2] [INFO] [1729088679.437604348] [ccr_fake_execution]: got plan for robotA: [34, 24, 39, 55, 56, 57, 5, 1]
[ccr_centralized_planner-3] [INFO] [1729088679.437941603] [ccr_centralized_planner]: Sent plan [9, 11, 35, 50, 51, 53, 39, 55, 56, 57, 5, 1] to robotB
[ccr_fake_execution-2] [INFO] [1729088679.438465909] [ccr_fake_execution]: got plan for robotB: [9, 11, 35, 50, 51, 53, 39, 55, 56, 57, 5, 1]
[ccr_fake_execution-2] [INFO] [1729088680.432618529] [ccr_fake_execution]: robotA: 34 -> 24
[ccr_centralized_planner-3] [INFO] [1729088680.433467126] [ccr_centralized_planner]: Received state 24 from robotA
[ccr_centralized_planner-3] [INFO] [1729088680.434303028] [ccr_centralized_planner]: Received state 9 from robotB
[ccr_centralized_planner-3] [INFO] [1729088680.436715668] [ccr_centralized_planner]: 
[ccr_centralized_planner-3] 
[ccr_centralized_planner-3]  did not replan 
[ccr_centralized_planner-3] 
[ccr_centralized_planner-3] [INFO] [1729088680.437337979] [ccr_centralized_planner]: Sent plan [24, 39, 55, 56, 57, 5, 1] to robotA
[ccr_fake_execution-2] [INFO] [1729088680.437575305] [ccr_fake_execution]: got plan for robotA: [24, 39, 55, 56, 57, 5, 1]
[ccr_centralized_planner-3] [INFO] [1729088680.437941083] [ccr_centralized_planner]: Sent plan [9, 11, 35, 50, 51, 53, 39, 55, 56, 57, 5, 1] to robotB
[ccr_fake_execution-2] [INFO] [1729088680.438413793] [ccr_fake_execution]: got plan for robotB: [9, 11, 35, 50, 51, 53, 39, 55, 56, 57, 5, 1]
[ccr_fake_execution-2] [INFO] [1729088681.432600567] [ccr_fake_execution]: robotA: 24 -> 39
[ccr_centralized_planner-3] [INFO] [1729088681.433436540] [ccr_centralized_planner]: Received state 39 from robotA
[ccr_centralized_planner-3] [INFO] [1729088681.434265920] [ccr_centralized_planner]: Received state 9 from robotB
[ccr_centralized_planner-3] [INFO] [1729088681.436714748] [ccr_centralized_planner]: 
[ccr_centralized_planner-3] 
[ccr_centralized_planner-3]  replaned due to time difference limit : 2 
[ccr_centralized_planner-3] 
[ccr_centralized_planner-3] [INFO] [1729088681.459710504] [ccr_centralized_planner]: Sent plan [39, 55, 56, 57, 5, 1] to robotA
[ccr_centralized_planner-3] [INFO] [1729088681.460024264] [ccr_centralized_planner]: Sent plan [9, 11, 35, 50, 51, 53, 39, 55, 56, 57, 5, 1] to robotB
[ccr_fake_execution-2] [INFO] [1729088681.460173896] [ccr_fake_execution]: got plan for robotA: [39, 55, 56, 57, 5, 1]
[ccr_fake_execution-2] [INFO] [1729088681.461033864] [ccr_fake_execution]: got plan for robotB: [9, 11, 35, 50, 51, 53, 39, 55, 56, 57, 5, 1]
[ccr_fake_execution-2] [INFO] [1729088682.432612471] [ccr_fake_execution]: robotB: 9 -> 11
[ccr_centralized_planner-3] [INFO] [1729088682.433474613] [ccr_centralized_planner]: Received state 39 from robotA
[ccr_centralized_planner-3] [INFO] [1729088682.434082797] [ccr_centralized_planner]: Received state 11 from robotB
[ccr_centralized_planner-3] [INFO] [1729088682.436720620] [ccr_centralized_planner]: 
[ccr_centralized_planner-3] 
[ccr_centralized_planner-3]  did not replan 
[ccr_centralized_planner-3] 
[ccr_centralized_planner-3] [INFO] [1729088682.437382676] [ccr_centralized_planner]: Sent plan [39, 55, 56, 57, 5, 1] to robotA
[ccr_fake_execution-2] [INFO] [1729088682.437587772] [ccr_fake_execution]: got plan for robotA: [39, 55, 56, 57, 5, 1]
[ccr_centralized_planner-3] [INFO] [1729088682.437954932] [ccr_centralized_planner]: Sent plan [11, 35, 50, 51, 53, 39, 55, 56, 57, 5, 1] to robotB
[ccr_fake_execution-2] [INFO] [1729088682.438437250] [ccr_fake_execution]: got plan for robotB: [11, 35, 50, 51, 53, 39, 55, 56, 57, 5, 1]
[ccr_fake_execution-2] [INFO] [1729088683.432619045] [ccr_fake_execution]: robotB: 11 -> 35
[ccr_centralized_planner-3] [INFO] [1729088683.433423469] [ccr_centralized_planner]: Received state 39 from robotA
[ccr_centralized_planner-3] [INFO] [1729088683.434295970] [ccr_centralized_planner]: Received state 35 from robotB
[ccr_centralized_planner-3] [INFO] [1729088683.436706756] [ccr_centralized_planner]: 
[ccr_centralized_planner-3] 
[ccr_centralized_planner-3]  replaned due to time difference limit : 2 
[ccr_centralized_planner-3] 
[ccr_centralized_planner-3] [INFO] [1729088683.458942872] [ccr_centralized_planner]: Sent plan [39, 55, 56, 57, 5, 1] to robotA
[ccr_centralized_planner-3] [INFO] [1729088683.459303932] [ccr_centralized_planner]: Sent plan [35, 50, 51, 53, 39, 55, 56, 57, 5, 1] to robotB
[ccr_fake_execution-2] [INFO] [1729088683.459398550] [ccr_fake_execution]: got plan for robotA: [39, 55, 56, 57, 5, 1]
[ccr_fake_execution-2] [INFO] [1729088683.460250092] [ccr_fake_execution]: got plan for robotB: [35, 50, 51, 53, 39, 55, 56, 57, 5, 1]
[ccr_centralized_planner-3] [INFO] [1729088684.432887642] [ccr_centralized_planner]: Received state 39 from robotA
[ccr_centralized_planner-3] [INFO] [1729088684.433891681] [ccr_centralized_planner]: Received state 35 from robotB
[ccr_centralized_planner-3] [INFO] [1729088684.436825190] [ccr_centralized_planner]: 
[ccr_centralized_planner-3] 
[ccr_centralized_planner-3]  did not replan 
[ccr_centralized_planner-3] 
[ccr_centralized_planner-3] [INFO] [1729088684.437560123] [ccr_centralized_planner]: Sent plan [39, 55, 56, 57, 5, 1] to robotA
[ccr_fake_execution-2] [INFO] [1729088684.437739971] [ccr_fake_execution]: got plan for robotA: [39, 55, 56, 57, 5, 1]
[ccr_centralized_planner-3] [INFO] [1729088684.438245693] [ccr_centralized_planner]: Sent plan [35, 50, 51, 53, 39, 55, 56, 57, 5, 1] to robotB
[ccr_fake_execution-2] [INFO] [1729088684.438603987] [ccr_fake_execution]: got plan for robotB: [35, 50, 51, 53, 39, 55, 56, 57, 5, 1]
[ccr_fake_execution-2] [INFO] [1729088685.432603548] [ccr_fake_execution]: robotA: 39 -> 55
[ccr_centralized_planner-3] [INFO] [1729088685.433509843] [ccr_centralized_planner]: Received state 55 from robotA
[ccr_centralized_planner-3] [INFO] [1729088685.434351467] [ccr_centralized_planner]: Received state 35 from robotB
[ccr_centralized_planner-3] [INFO] [1729088685.436724432] [ccr_centralized_planner]: 
[ccr_centralized_planner-3] 
[ccr_centralized_planner-3]  did not replan 
[ccr_centralized_planner-3] 
[ccr_centralized_planner-3] [INFO] [1729088685.437351973] [ccr_centralized_planner]: Sent plan [55, 56, 57, 5, 1] to robotA
[ccr_fake_execution-2] [INFO] [1729088685.437561347] [ccr_fake_execution]: got plan for robotA: [55, 56, 57, 5, 1]
[ccr_centralized_planner-3] [INFO] [1729088685.437928357] [ccr_centralized_planner]: Sent plan [35, 50, 51, 53, 39, 55, 56, 57, 5, 1] to robotB
[ccr_fake_execution-2] [INFO] [1729088685.438387741] [ccr_fake_execution]: got plan for robotB: [35, 50, 51, 53, 39, 55, 56, 57, 5, 1]
[ccr_fake_execution-2] [INFO] [1729088686.432613258] [ccr_fake_execution]: robotB: 35 -> 50
[ccr_centralized_planner-3] [INFO] [1729088686.433436476] [ccr_centralized_planner]: Received state 55 from robotA
[ccr_centralized_planner-3] [INFO] [1729088686.434300632] [ccr_centralized_planner]: Received state 50 from robotB
[ccr_centralized_planner-3] [INFO] [1729088686.436718952] [ccr_centralized_planner]: 
[ccr_centralized_planner-3] 
[ccr_centralized_planner-3]  did not replan 
[ccr_centralized_planner-3] 
[ccr_centralized_planner-3] [INFO] [1729088686.437348156] [ccr_centralized_planner]: Sent plan [55, 56, 57, 5, 1] to robotA
[ccr_fake_execution-2] [INFO] [1729088686.437579331] [ccr_fake_execution]: got plan for robotA: [55, 56, 57, 5, 1]
[ccr_centralized_planner-3] [INFO] [1729088686.437991046] [ccr_centralized_planner]: Sent plan [50, 51, 53, 39, 55, 56, 57, 5, 1] to robotB
[ccr_fake_execution-2] [INFO] [1729088686.438417859] [ccr_fake_execution]: got plan for robotB: [50, 51, 53, 39, 55, 56, 57, 5, 1]
[ccr_fake_execution-2] [INFO] [1729088687.432623449] [ccr_fake_execution]: robotB: 50 -> 51
[ccr_centralized_planner-3] [INFO] [1729088687.433444704] [ccr_centralized_planner]: Received state 55 from robotA
[ccr_centralized_planner-3] [INFO] [1729088687.434276319] [ccr_centralized_planner]: Received state 51 from robotB
[ccr_centralized_planner-3] [INFO] [1729088687.436712161] [ccr_centralized_planner]: 
[ccr_centralized_planner-3] 
[ccr_centralized_planner-3]  did not replan 
[ccr_centralized_planner-3] 
[ccr_centralized_planner-3] [INFO] [1729088687.437340834] [ccr_centralized_planner]: Sent plan [55, 56, 57, 5, 1] to robotA
[ccr_fake_execution-2] [INFO] [1729088687.437552623] [ccr_fake_execution]: got plan for robotA: [55, 56, 57, 5, 1]
[ccr_centralized_planner-3] [INFO] [1729088687.437920685] [ccr_centralized_planner]: Sent plan [51, 53, 39, 55, 56, 57, 5, 1] to robotB
[ccr_fake_execution-2] [INFO] [1729088687.438438489] [ccr_fake_execution]: got plan for robotB: [51, 53, 39, 55, 56, 57, 5, 1]
[ccr_fake_execution-2] [INFO] [1729088688.432633460] [ccr_fake_execution]: robotA: 55 -> 56
[ccr_fake_execution-2] [INFO] [1729088688.433171362] [ccr_fake_execution]: robotB: 51 -> 53
[ccr_centralized_planner-3] [INFO] [1729088688.434034315] [ccr_centralized_planner]: Received state 56 from robotA
[ccr_centralized_planner-3] [INFO] [1729088688.435046790] [ccr_centralized_planner]: Received state 53 from robotB
[ccr_centralized_planner-3] [INFO] [1729088688.436817231] [ccr_centralized_planner]: 
[ccr_centralized_planner-3] 
[ccr_centralized_planner-3]  did not replan 
[ccr_centralized_planner-3] 
[ccr_centralized_planner-3] [INFO] [1729088688.437376634] [ccr_centralized_planner]: Sent plan [56, 57, 5, 1] to robotA
[ccr_fake_execution-2] [INFO] [1729088688.437662602] [ccr_fake_execution]: got plan for robotA: [56, 57, 5, 1]
[ccr_centralized_planner-3] [INFO] [1729088688.437836809] [ccr_centralized_planner]: Sent plan [53, 39, 55, 56, 57, 5, 1] to robotB
[ccr_fake_execution-2] [INFO] [1729088688.438503784] [ccr_fake_execution]: got plan for robotB: [53, 39, 55, 56, 57, 5, 1]
[ccr_fake_execution-2] [INFO] [1729088689.432597203] [ccr_fake_execution]: robotA: 56 -> 57
[ccr_centralized_planner-3] [INFO] [1729088689.433436062] [ccr_centralized_planner]: Received state 57 from robotA
[ccr_centralized_planner-3] [INFO] [1729088689.434265703] [ccr_centralized_planner]: Received state 53 from robotB
[ccr_centralized_planner-3] [INFO] [1729088689.436772269] [ccr_centralized_planner]: 
[ccr_centralized_planner-3] 
[ccr_centralized_planner-3]  did not replan 
[ccr_centralized_planner-3] 
[ccr_centralized_planner-3] [INFO] [1729088689.437351178] [ccr_centralized_planner]: Sent plan [57, 5, 1] to robotA
[ccr_fake_execution-2] [INFO] [1729088689.437611858] [ccr_fake_execution]: got plan for robotA: [57, 5, 1]
[ccr_centralized_planner-3] [INFO] [1729088689.437805002] [ccr_centralized_planner]: Sent plan [53, 39, 55, 56, 57, 5, 1] to robotB
[ccr_fake_execution-2] [INFO] [1729088689.438455836] [ccr_fake_execution]: got plan for robotB: [53, 39, 55, 56, 57, 5, 1]
[ccr_fake_execution-2] [INFO] [1729088690.432633856] [ccr_fake_execution]: robotA: 57 -> 5
[ccr_centralized_planner-3] [INFO] [1729088690.433624332] [ccr_centralized_planner]: Received state 5 from robotA
[ccr_centralized_planner-3] [INFO] [1729088690.434586804] [ccr_centralized_planner]: Received state 53 from robotB
[ccr_centralized_planner-3] [INFO] [1729088690.436883086] [ccr_centralized_planner]: 
[ccr_centralized_planner-3] 
[ccr_centralized_planner-3]  did not replan 
[ccr_centralized_planner-3] 
[ccr_centralized_planner-3] [INFO] [1729088690.437396097] [ccr_centralized_planner]: Sent plan [5, 1] to robotA
[ccr_fake_execution-2] [INFO] [1729088690.437706328] [ccr_fake_execution]: got plan for robotA: [5, 1]
[ccr_centralized_planner-3] [INFO] [1729088690.437851950] [ccr_centralized_planner]: Sent plan [53, 39, 55, 56, 57, 5, 1] to robotB
[ccr_fake_execution-2] [INFO] [1729088690.438542103] [ccr_fake_execution]: got plan for robotB: [53, 39, 55, 56, 57, 5, 1]
[ccr_fake_execution-2] [INFO] [1729088691.432679474] [ccr_fake_execution]: robotA: 5 -> 1
[ccr_fake_execution-2] [INFO] [1729088691.433210749] [ccr_fake_execution]: robotB: 53 -> 39
[ccr_centralized_planner-3] [INFO] [1729088691.434023652] [ccr_centralized_planner]: Received state 1 from robotA
[ccr_goal_provider-1] [INFO] [1729088691.434091409] [ccr_goal_provider]: [32mgoal completed:[0m robotA reached goal 1, going to goal 0 within state 9
[ccr_centralized_planner-3] [INFO] [1729088691.434857935] [ccr_centralized_planner]: Received state 39 from robotB
[ccr_centralized_planner-3] [INFO] [1729088691.436711006] [ccr_centralized_planner]: 
[ccr_centralized_planner-3] 
[ccr_centralized_planner-3]  did not replan 
[ccr_centralized_planner-3] 
[ccr_centralized_planner-3] [INFO] [1729088691.437374148] [ccr_centralized_planner]: Sent plan [1] to robotA
[ccr_fake_execution-2] [INFO] [1729088691.437528257] [ccr_fake_execution]: got plan for robotA: [1]
[ccr_centralized_planner-3] [INFO] [1729088691.437957270] [ccr_centralized_planner]: Sent plan [39, 55, 56, 57, 5, 1] to robotB
[ccr_fake_execution-2] [INFO] [1729088691.438347081] [ccr_fake_execution]: got plan for robotB: [39, 55, 56, 57, 5, 1]
[ccr_centralized_planner-3] [INFO] [1729088691.523033636] [ccr_centralized_planner]: Received goal 9 from robotA
[ccr_centralized_planner-3] [INFO] [1729088692.432830961] [ccr_centralized_planner]: Received state 1 from robotA
[ccr_centralized_planner-3] [INFO] [1729088692.433688527] [ccr_centralized_planner]: Received state 39 from robotB
[ccr_centralized_planner-3] [INFO] [1729088692.436703134] [ccr_centralized_planner]: 
[ccr_centralized_planner-3] 
[ccr_centralized_planner-3]  replaned due to new goal
[ccr_centralized_planner-3] 
[ccr_centralized_planner-3] [INFO] [1729088692.459376013] [ccr_centralized_planner]: Sent plan [1, 44, 57, 56, 55, 39, 53, 51, 50, 35, 10, 9] to robotA
[ccr_centralized_planner-3] [INFO] [1729088692.459687105] [ccr_centralized_planner]: Sent plan [39, 55, 40, 45, 44, 1] to robotB
[ccr_fake_execution-2] [INFO] [1729088692.459884806] [ccr_fake_execution]: got plan for robotA: [1, 44, 57, 56, 55, 39, 53, 51, 50, 35, 10, 9]
[ccr_fake_execution-2] [INFO] [1729088692.460788268] [ccr_fake_execution]: got plan for robotB: [39, 55, 40, 45, 44, 1]
[ccr_fake_execution-2] [INFO] [1729088693.432597496] [ccr_fake_execution]: robotB: 39 -> 55
[ccr_centralized_planner-3] [INFO] [1729088693.433524462] [ccr_centralized_planner]: Received state 1 from robotA
[ccr_centralized_planner-3] [INFO] [1729088693.434481595] [ccr_centralized_planner]: Received state 55 from robotB
[ccr_centralized_planner-3] [INFO] [1729088693.436810928] [ccr_centralized_planner]: 
[ccr_centralized_planner-3] 
[ccr_centralized_planner-3]  did not replan 
[ccr_centralized_planner-3] 
[ccr_centralized_planner-3] [INFO] [1729088693.437526579] [ccr_centralized_planner]: Sent plan [1, 44, 57, 56, 55, 39, 53, 51, 50, 35, 10, 9] to robotA
[ccr_fake_execution-2] [INFO] [1729088693.437703189] [ccr_fake_execution]: got plan for robotA: [1, 44, 57, 56, 55, 39, 53, 51, 50, 35, 10, 9]
[ccr_centralized_planner-3] [INFO] [1729088693.438181666] [ccr_centralized_planner]: Sent plan [55, 40, 45, 44, 1] to robotB
[ccr_fake_execution-2] [INFO] [1729088693.438529738] [ccr_fake_execution]: got plan for robotB: [55, 40, 45, 44, 1]
[ccr_centralized_planner-3] [INFO] [1729088694.432850603] [ccr_centralized_planner]: Received state 1 from robotA
[ccr_centralized_planner-3] [INFO] [1729088694.433730912] [ccr_centralized_planner]: Received state 55 from robotB
[ccr_centralized_planner-3] [INFO] [1729088694.436722696] [ccr_centralized_planner]: 
[ccr_centralized_planner-3] 
[ccr_centralized_planner-3]  did not replan 
[ccr_centralized_planner-3] 
[ccr_centralized_planner-3] [INFO] [1729088694.437380688] [ccr_centralized_planner]: Sent plan [1, 44, 57, 56, 55, 39, 53, 51, 50, 35, 10, 9] to robotA
[ccr_fake_execution-2] [INFO] [1729088694.437625877] [ccr_fake_execution]: got plan for robotA: [1, 44, 57, 56, 55, 39, 53, 51, 50, 35, 10, 9]
[ccr_centralized_planner-3] [INFO] [1729088694.437996281] [ccr_centralized_planner]: Sent plan [55, 40, 45, 44, 1] to robotB
[ccr_fake_execution-2] [INFO] [1729088694.438472323] [ccr_fake_execution]: got plan for robotB: [55, 40, 45, 44, 1]
[ccr_centralized_planner-3] [INFO] [1729088695.432898906] [ccr_centralized_planner]: Received state 1 from robotA
[ccr_centralized_planner-3] [INFO] [1729088695.433517835] [ccr_centralized_planner]: Received state 55 from robotB
[ccr_centralized_planner-3] [INFO] [1729088695.436752514] [ccr_centralized_planner]: 
[ccr_centralized_planner-3] 
[ccr_centralized_planner-3]  did not replan 
[ccr_centralized_planner-3] 
[ccr_centralized_planner-3] [INFO] [1729088695.437390489] [ccr_centralized_planner]: Sent plan [1, 44, 57, 56, 55, 39, 53, 51, 50, 35, 10, 9] to robotA
[ccr_fake_execution-2] [INFO] [1729088695.437694058] [ccr_fake_execution]: got plan for robotA: [1, 44, 57, 56, 55, 39, 53, 51, 50, 35, 10, 9]
[ccr_centralized_planner-3] [INFO] [1729088695.437971167] [ccr_centralized_planner]: Sent plan [55, 40, 45, 44, 1] to robotB
[ccr_fake_execution-2] [INFO] [1729088695.438548378] [ccr_fake_execution]: got plan for robotB: [55, 40, 45, 44, 1]
[ccr_fake_execution-2] [INFO] [1729088696.432609778] [ccr_fake_execution]: robotB: 55 -> 40
[ccr_centralized_planner-3] [INFO] [1729088696.433458808] [ccr_centralized_planner]: Received state 1 from robotA
[ccr_centralized_planner-3] [INFO] [1729088696.434094519] [ccr_centralized_planner]: Received state 40 from robotB
[ccr_centralized_planner-3] [INFO] [1729088696.436731288] [ccr_centralized_planner]: 
[ccr_centralized_planner-3] 
[ccr_centralized_planner-3]  replaned due to time difference limit : 2 
[ccr_centralized_planner-3] 
[ccr_centralized_planner-3] [INFO] [1729088696.461468764] [ccr_centralized_planner]: Sent plan [1, 5, 57, 56, 55, 39, 53, 51, 50, 35, 10, 9] to robotA
[ccr_centralized_planner-3] [INFO] [1729088696.461802839] [ccr_centralized_planner]: Sent plan [40, 45, 44, 1] to robotB
[ccr_fake_execution-2] [INFO] [1729088696.461917715] [ccr_fake_execution]: got plan for robotA: [1, 5, 57, 56, 55, 39, 53, 51, 50, 35, 10, 9]
[ccr_fake_execution-2] [INFO] [1729088696.462789347] [ccr_fake_execution]: got plan for robotB: [40, 45, 44, 1]
[ccr_centralized_planner-3] [INFO] [1729088697.432876249] [ccr_centralized_planner]: Received state 1 from robotA
[ccr_centralized_planner-3] [INFO] [1729088697.433492743] [ccr_centralized_planner]: Received state 40 from robotB
[ccr_centralized_planner-3] [INFO] [1729088697.436776995] [ccr_centralized_planner]: 
[ccr_centralized_planner-3] 
[ccr_centralized_planner-3]  did not replan 
[ccr_centralized_planner-3] 
[ccr_centralized_planner-3] [INFO] [1729088697.437423436] [ccr_centralized_planner]: Sent plan [1, 5, 57, 56, 55, 39, 53, 51, 50, 35, 10, 9] to robotA
[ccr_fake_execution-2] [INFO] [1729088697.437736152] [ccr_fake_execution]: got plan for robotA: [1, 5, 57, 56, 55, 39, 53, 51, 50, 35, 10, 9]
[ccr_centralized_planner-3] [INFO] [1729088697.438016447] [ccr_centralized_planner]: Sent plan [40, 45, 44, 1] to robotB
[ccr_fake_execution-2] [INFO] [1729088697.438651877] [ccr_fake_execution]: got plan for robotB: [40, 45, 44, 1]
[ccr_fake_execution-2] [INFO] [1729088698.432661720] [ccr_fake_execution]: robotA: 1 -> 5
[ccr_centralized_planner-3] [INFO] [1729088698.433498397] [ccr_centralized_planner]: Received state 5 from robotA
[ccr_centralized_planner-3] [INFO] [1729088698.434101637] [ccr_centralized_planner]: Received state 40 from robotB
[ccr_centralized_planner-3] [INFO] [1729088698.436772229] [ccr_centralized_planner]: 
[ccr_centralized_planner-3] 
[ccr_centralized_planner-3]  did not replan 
[ccr_centralized_planner-3] 
[ccr_centralized_planner-3] [INFO] [1729088698.437413561] [ccr_centralized_planner]: Sent plan [5, 57, 56, 55, 39, 53, 51, 50, 35, 10, 9] to robotA
[ccr_fake_execution-2] [INFO] [1729088698.437619446] [ccr_fake_execution]: got plan for robotA: [5, 57, 56, 55, 39, 53, 51, 50, 35, 10, 9]
[ccr_centralized_planner-3] [INFO] [1729088698.438003496] [ccr_centralized_planner]: Sent plan [40, 45, 44, 1] to robotB
[ccr_fake_execution-2] [INFO] [1729088698.438476081] [ccr_fake_execution]: got plan for robotB: [40, 45, 44, 1]
[ccr_fake_execution-2] [INFO] [1729088699.432597072] [ccr_fake_execution]: robotA: 5 -> 57
[ccr_fake_execution-2] [INFO] [1729088699.433158073] [ccr_fake_execution]: robotB: 40 -> 45
[ccr_centralized_planner-3] [INFO] [1729088699.433917195] [ccr_centralized_planner]: Received state 57 from robotA
[ccr_centralized_planner-3] [INFO] [1729088699.434513752] [ccr_centralized_planner]: Received state 45 from robotB
[ccr_centralized_planner-3] [INFO] [1729088699.436770860] [ccr_centralized_planner]: 
[ccr_centralized_planner-3] 
[ccr_centralized_planner-3]  did not replan 
[ccr_centralized_planner-3] 
[ccr_centralized_planner-3] [INFO] [1729088699.437415147] [ccr_centralized_planner]: Sent plan [57, 56, 55, 39, 53, 51, 50, 35, 10, 9] to robotA
[ccr_fake_execution-2] [INFO] [1729088699.437582089] [ccr_fake_execution]: got plan for robotA: [57, 56, 55, 39, 53, 51, 50, 35, 10, 9]
[ccr_centralized_planner-3] [INFO] [1729088699.438021533] [ccr_centralized_planner]: Sent plan [45, 44, 1] to robotB
[ccr_fake_execution-2] [INFO] [1729088699.438406384] [ccr_fake_execution]: got plan for robotB: [45, 44, 1]
[ccr_fake_execution-2] [INFO] [1729088700.432654462] [ccr_fake_execution]: robotB: 45 -> 44
[ccr_centralized_planner-3] [INFO] [1729088700.433452247] [ccr_centralized_planner]: Received state 57 from robotA
[ccr_centralized_planner-3] [INFO] [1729088700.434050357] [ccr_centralized_planner]: Received state 44 from robotB
[ccr_centralized_planner-3] [INFO] [1729088700.436774971] [ccr_centralized_planner]: 
[ccr_centralized_planner-3] 
[ccr_centralized_planner-3]  did not replan 
[ccr_centralized_planner-3] 
[ccr_centralized_planner-3] [INFO] [1729088700.437403558] [ccr_centralized_planner]: Sent plan [57, 56, 55, 39, 53, 51, 50, 35, 10, 9] to robotA
[ccr_fake_execution-2] [INFO] [1729088700.437610796] [ccr_fake_execution]: got plan for robotA: [57, 56, 55, 39, 53, 51, 50, 35, 10, 9]
[ccr_centralized_planner-3] [INFO] [1729088700.437980999] [ccr_centralized_planner]: Sent plan [44, 1] to robotB
[ccr_fake_execution-2] [INFO] [1729088700.438487799] [ccr_fake_execution]: got plan for robotB: [44, 1]
[ccr_fake_execution-2] [INFO] [1729088701.432567232] [ccr_fake_execution]: robotA: 57 -> 56
[ccr_fake_execution-2] [INFO] [1729088701.433086074] [ccr_fake_execution]: robotB: 44 -> 1
[ccr_centralized_planner-3] [INFO] [1729088701.434097709] [ccr_centralized_planner]: Received state 56 from robotA
[ccr_goal_provider-1] [INFO] [1729088701.434306049] [ccr_goal_provider]: [32mgoal completed:[0m robotB reached goal 1, going to goal 1 within state 9
[ccr_centralized_planner-3] [INFO] [1729088701.435032230] [ccr_centralized_planner]: Received state 1 from robotB
[ccr_centralized_planner-3] [INFO] [1729088701.436731863] [ccr_centralized_planner]: 
[ccr_centralized_planner-3] 
[ccr_centralized_planner-3]  did not replan 
[ccr_centralized_planner-3] 
[ccr_centralized_planner-3] [INFO] [1729088701.437459366] [ccr_centralized_planner]: Sent plan [56, 55, 39, 53, 51, 50, 35, 10, 9] to robotA
[ccr_fake_execution-2] [INFO] [1729088701.437695999] [ccr_fake_execution]: got plan for robotA: [56, 55, 39, 53, 51, 50, 35, 10, 9]
[ccr_centralized_planner-3] [INFO] [1729088701.438200955] [ccr_centralized_planner]: Sent plan [1] to robotB
[ccr_fake_execution-2] [INFO] [1729088701.438738311] [ccr_fake_execution]: got plan for robotB: [1]
[ccr_centralized_planner-3] [INFO] [1729088701.523585788] [ccr_centralized_planner]: Received goal 9 from robotB
[ccr_centralized_planner-3] [INFO] [1729088702.432858531] [ccr_centralized_planner]: Received state 56 from robotA
[ccr_centralized_planner-3] [INFO] [1729088702.433546710] [ccr_centralized_planner]: Received state 1 from robotB
[ccr_centralized_planner-3] [INFO] [1729088702.436771991] [ccr_centralized_planner]: 
[ccr_centralized_planner-3] 
[ccr_centralized_planner-3]  replaned due to new goal
[ccr_centralized_planner-3] 
[ccr_centralized_planner-3] [INFO] [1729088702.458189388] [ccr_centralized_planner]: Sent plan [56, 55, 39, 53, 51, 32, 35, 10, 9] to robotA
[ccr_centralized_planner-3] [INFO] [1729088702.458504097] [ccr_centralized_planner]: Sent plan [1, 44, 45, 56, 55, 39, 53, 51, 32, 35, 10, 9] to robotB
[ccr_fake_execution-2] [INFO] [1729088702.458693302] [ccr_fake_execution]: got plan for robotA: [56, 55, 39, 53, 51, 32, 35, 10, 9]
[ccr_fake_execution-2] [INFO] [1729088702.459588639] [ccr_fake_execution]: got plan for robotB: [1, 44, 45, 56, 55, 39, 53, 51, 32, 35, 10, 9]
[ccr_centralized_planner-3] [INFO] [1729088703.432861540] [ccr_centralized_planner]: Received state 56 from robotA
[ccr_centralized_planner-3] [INFO] [1729088703.433710661] [ccr_centralized_planner]: Received state 1 from robotB
[ccr_centralized_planner-3] [INFO] [1729088703.436719256] [ccr_centralized_planner]: 
[ccr_centralized_planner-3] 
[ccr_centralized_planner-3]  did not replan 
[ccr_centralized_planner-3] 
[ccr_centralized_planner-3] [INFO] [1729088703.437350498] [ccr_centralized_planner]: Sent plan [56, 55, 39, 53, 51, 32, 35, 10, 9] to robotA
[ccr_fake_execution-2] [INFO] [1729088703.437681478] [ccr_fake_execution]: got plan for robotA: [56, 55, 39, 53, 51, 32, 35, 10, 9]
[ccr_centralized_planner-3] [INFO] [1729088703.437944611] [ccr_centralized_planner]: Sent plan [1, 44, 45, 56, 55, 39, 53, 51, 32, 35, 10, 9] to robotB
[ccr_fake_execution-2] [INFO] [1729088703.438620166] [ccr_fake_execution]: got plan for robotB: [1, 44, 45, 56, 55, 39, 53, 51, 32, 35, 10, 9]
[ccr_centralized_planner-3] [INFO] [1729088704.433089529] [ccr_centralized_planner]: Received state 56 from robotA
[ccr_centralized_planner-3] [INFO] [1729088704.434042194] [ccr_centralized_planner]: Received state 1 from robotB
[ccr_centralized_planner-3] [INFO] [1729088704.436722364] [ccr_centralized_planner]: 
[ccr_centralized_planner-3] 
[ccr_centralized_planner-3]  did not replan 
[ccr_centralized_planner-3] 
[ccr_centralized_planner-3] [INFO] [1729088704.437379335] [ccr_centralized_planner]: Sent plan [56, 55, 39, 53, 51, 32, 35, 10, 9] to robotA
[ccr_fake_execution-2] [INFO] [1729088704.437602042] [ccr_fake_execution]: got plan for robotA: [56, 55, 39, 53, 51, 32, 35, 10, 9]
[ccr_centralized_planner-3] [INFO] [1729088704.438001400] [ccr_centralized_planner]: Sent plan [1, 44, 45, 56, 55, 39, 53, 51, 32, 35, 10, 9] to robotB
[ccr_fake_execution-2] [INFO] [1729088704.438444780] [ccr_fake_execution]: got plan for robotB: [1, 44, 45, 56, 55, 39, 53, 51, 32, 35, 10, 9]
[ccr_centralized_planner-3] [INFO] [1729088705.432881653] [ccr_centralized_planner]: Received state 56 from robotA
[ccr_centralized_planner-3] [INFO] [1729088705.433771850] [ccr_centralized_planner]: Received state 1 from robotB
[ccr_centralized_planner-3] [INFO] [1729088705.436729811] [ccr_centralized_planner]: 
[ccr_centralized_planner-3] 
[ccr_centralized_planner-3]  did not replan 
[ccr_centralized_planner-3] 
[ccr_centralized_planner-3] [INFO] [1729088705.437385820] [ccr_centralized_planner]: Sent plan [56, 55, 39, 53, 51, 32, 35, 10, 9] to robotA
[ccr_fake_execution-2] [INFO] [1729088705.437648011] [ccr_fake_execution]: got plan for robotA: [56, 55, 39, 53, 51, 32, 35, 10, 9]
[ccr_centralized_planner-3] [INFO] [1729088705.438054763] [ccr_centralized_planner]: Sent plan [1, 44, 45, 56, 55, 39, 53, 51, 32, 35, 10, 9] to robotB
[ccr_fake_execution-2] [INFO] [1729088705.438618929] [ccr_fake_execution]: got plan for robotB: [1, 44, 45, 56, 55, 39, 53, 51, 32, 35, 10, 9]
[ccr_fake_execution-2] [INFO] [1729088706.432564762] [ccr_fake_execution]: robotB: 1 -> 44
[ccr_centralized_planner-3] [INFO] [1729088706.433418832] [ccr_centralized_planner]: Received state 56 from robotA
[ccr_centralized_planner-3] [INFO] [1729088706.434276779] [ccr_centralized_planner]: Received state 44 from robotB
[ccr_centralized_planner-3] [INFO] [1729088706.436787612] [ccr_centralized_planner]: 
[ccr_centralized_planner-3] 
[ccr_centralized_planner-3]  did not replan 
[ccr_centralized_planner-3] 
[ccr_centralized_planner-3] [INFO] [1729088706.437446616] [ccr_centralized_planner]: Sent plan [56, 55, 39, 53, 51, 32, 35, 10, 9] to robotA
[ccr_fake_execution-2] [INFO] [1729088706.437612286] [ccr_fake_execution]: got plan for robotA: [56, 55, 39, 53, 51, 32, 35, 10, 9]
[ccr_centralized_planner-3] [INFO] [1729088706.438053122] [ccr_centralized_planner]: Sent plan [44, 45, 56, 55, 39, 53, 51, 32, 35, 10, 9] to robotB
[ccr_fake_execution-2] [INFO] [1729088706.438490992] [ccr_fake_execution]: got plan for robotB: [44, 45, 56, 55, 39, 53, 51, 32, 35, 10, 9]
[ccr_fake_execution-2] [INFO] [1729088707.432573521] [ccr_fake_execution]: robotB: 44 -> 45
[ccr_centralized_planner-3] [INFO] [1729088707.433774711] [ccr_centralized_planner]: Received state 56 from robotA
[ccr_centralized_planner-3] [INFO] [1729088707.434713890] [ccr_centralized_planner]: Received state 45 from robotB
[ccr_centralized_planner-3] [INFO] [1729088707.436725207] [ccr_centralized_planner]: 
[ccr_centralized_planner-3] 
[ccr_centralized_planner-3]  replaned due to time difference limit : 2 
[ccr_centralized_planner-3] 
[ccr_centralized_planner-3] [INFO] [1729088707.463204897] [ccr_centralized_planner]: Sent plan [56, 55, 39, 53, 51, 32, 35, 10, 9] to robotA
[ccr_centralized_planner-3] [INFO] [1729088707.463504157] [ccr_centralized_planner]: Sent plan [45, 40, 27, 25, 26, 34, 29, 31, 31, 10, 9] to robotB
[ccr_fake_execution-2] [INFO] [1729088707.463705745] [ccr_fake_execution]: got plan for robotA: [56, 55, 39, 53, 51, 32, 35, 10, 9]
[ccr_fake_execution-2] [INFO] [1729088707.464589901] [ccr_fake_execution]: got plan for robotB: [45, 40, 27, 25, 26, 34, 29, 31, 31, 10, 9]
[ccr_fake_execution-2] [INFO] [1729088708.432622003] [ccr_fake_execution]: robotB: 45 -> 40
[ccr_centralized_planner-3] [INFO] [1729088708.433500228] [ccr_centralized_planner]: Received state 56 from robotA
[ccr_centralized_planner-3] [INFO] [1729088708.434397288] [ccr_centralized_planner]: Received state 40 from robotB
[ccr_centralized_planner-3] [INFO] [1729088708.436769281] [ccr_centralized_planner]: 
[ccr_centralized_planner-3] 
[ccr_centralized_planner-3]  did not replan 
[ccr_centralized_planner-3] 
[ccr_centralized_planner-3] [INFO] [1729088708.437436280] [ccr_centralized_planner]: Sent plan [56, 55, 39, 53, 51, 32, 35, 10, 9] to robotA
[ccr_fake_execution-2] [INFO] [1729088708.437628160] [ccr_fake_execution]: got plan for robotA: [56, 55, 39, 53, 51, 32, 35, 10, 9]
[ccr_centralized_planner-3] [INFO] [1729088708.438044590] [ccr_centralized_planner]: Sent plan [40, 27, 25, 26, 34, 29, 31, 31, 10, 9] to robotB
[ccr_fake_execution-2] [INFO] [1729088708.438471500] [ccr_fake_execution]: got plan for robotB: [40, 27, 25, 26, 34, 29, 31, 31, 10, 9]
[ccr_fake_execution-2] [INFO] [1729088709.432596238] [ccr_fake_execution]: robotA: 56 -> 55
[ccr_fake_execution-2] [INFO] [1729088709.433116352] [ccr_fake_execution]: robotB: 40 -> 27
[ccr_centralized_planner-3] [INFO] [1729088709.433919547] [ccr_centralized_planner]: Received state 55 from robotA
[ccr_centralized_planner-3] [INFO] [1729088709.434863965] [ccr_centralized_planner]: Received state 27 from robotB
[ccr_centralized_planner-3] [INFO] [1729088709.436769885] [ccr_centralized_planner]: 
[ccr_centralized_planner-3] 
[ccr_centralized_planner-3]  did not replan 
[ccr_centralized_planner-3] 
[ccr_centralized_planner-3] [INFO] [1729088709.437455710] [ccr_centralized_planner]: Sent plan [55, 39, 53, 51, 32, 35, 10, 9] to robotA
[ccr_fake_execution-2] [INFO] [1729088709.437671053] [ccr_fake_execution]: got plan for robotA: [55, 39, 53, 51, 32, 35, 10, 9]
[ccr_centralized_planner-3] [INFO] [1729088709.438125474] [ccr_centralized_planner]: Sent plan [27, 25, 26, 34, 29, 31, 31, 10, 9] to robotB
[ccr_fake_execution-2] [INFO] [1729088709.438519432] [ccr_fake_execution]: got plan for robotB: [27, 25, 26, 34, 29, 31, 31, 10, 9]
[ccr_centralized_planner-3] [INFO] [1729088710.432921940] [ccr_centralized_planner]: Received state 55 from robotA
[ccr_centralized_planner-3] [INFO] [1729088710.433822257] [ccr_centralized_planner]: Received state 27 from robotB
[ccr_centralized_planner-3] [INFO] [1729088710.436716918] [ccr_centralized_planner]: 
[ccr_centralized_planner-3] 
[ccr_centralized_planner-3]  did not replan 
[ccr_centralized_planner-3] 
[ccr_centralized_planner-3] [INFO] [1729088710.437271066] [ccr_centralized_planner]: Sent plan [55, 39, 53, 51, 32, 35, 10, 9] to robotA
[ccr_fake_execution-2] [INFO] [1729088710.437725307] [ccr_fake_execution]: got plan for robotA: [55, 39, 53, 51, 32, 35, 10, 9]
[ccr_centralized_planner-3] [INFO] [1729088710.437770482] [ccr_centralized_planner]: Sent plan [27, 25, 26, 34, 29, 31, 31, 10, 9] to robotB
[ccr_fake_execution-2] [INFO] [1729088710.438712686] [ccr_fake_execution]: got plan for robotB: [27, 25, 26, 34, 29, 31, 31, 10, 9]
[ccr_fake_execution-2] [INFO] [1729088711.432604820] [ccr_fake_execution]: robotA: 55 -> 39
[ccr_centralized_planner-3] [INFO] [1729088711.433499355] [ccr_centralized_planner]: Received state 39 from robotA
[ccr_centralized_planner-3] [INFO] [1729088711.434358755] [ccr_centralized_planner]: Received state 27 from robotB
[ccr_centralized_planner-3] [INFO] [1729088711.436748441] [ccr_centralized_planner]: 
[ccr_centralized_planner-3] 
[ccr_centralized_planner-3]  did not replan 
[ccr_centralized_planner-3] 
[ccr_centralized_planner-3] [INFO] [1729088711.437383019] [ccr_centralized_planner]: Sent plan [39, 53, 51, 32, 35, 10, 9] to robotA
[ccr_fake_execution-2] [INFO] [1729088711.437657744] [ccr_fake_execution]: got plan for robotA: [39, 53, 51, 32, 35, 10, 9]
[ccr_centralized_planner-3] [INFO] [1729088711.437951945] [ccr_centralized_planner]: Sent plan [27, 25, 26, 34, 29, 31, 31, 10, 9] to robotB
[ccr_fake_execution-2] [INFO] [1729088711.438619786] [ccr_fake_execution]: got plan for robotB: [27, 25, 26, 34, 29, 31, 31, 10, 9]
[ccr_fake_execution-2] [INFO] [1729088712.432595105] [ccr_fake_execution]: robotA: 39 -> 53
[ccr_centralized_planner-3] [INFO] [1729088712.433399932] [ccr_centralized_planner]: Received state 53 from robotA
[ccr_centralized_planner-3] [INFO] [1729088712.434542382] [ccr_centralized_planner]: Received state 27 from robotB
[ccr_centralized_planner-3] [INFO] [1729088712.436725150] [ccr_centralized_planner]: 
[ccr_centralized_planner-3] 
[ccr_centralized_planner-3]  did not replan 
[ccr_centralized_planner-3] 
[ccr_centralized_planner-3] [INFO] [1729088712.437352255] [ccr_centralized_planner]: Sent plan [53, 51, 32, 35, 10, 9] to robotA
[ccr_fake_execution-2] [INFO] [1729088712.437598015] [ccr_fake_execution]: got plan for robotA: [53, 51, 32, 35, 10, 9]
[ccr_centralized_planner-3] [INFO] [1729088712.437933043] [ccr_centralized_planner]: Sent plan [27, 25, 26, 34, 29, 31, 31, 10, 9] to robotB
[ccr_fake_execution-2] [INFO] [1729088712.438445673] [ccr_fake_execution]: got plan for robotB: [27, 25, 26, 34, 29, 31, 31, 10, 9]
[ccr_fake_execution-2] [INFO] [1729088713.432606981] [ccr_fake_execution]: robotA: 53 -> 51
[ccr_fake_execution-2] [INFO] [1729088713.433126905] [ccr_fake_execution]: robotB: 27 -> 25
[ccr_centralized_planner-3] [INFO] [1729088713.433925892] [ccr_centralized_planner]: Received state 51 from robotA
[ccr_centralized_planner-3] [INFO] [1729088713.435154823] [ccr_centralized_planner]: Received state 25 from robotB
[ccr_centralized_planner-3] [INFO] [1729088713.436716839] [ccr_centralized_planner]: 
[ccr_centralized_planner-3] 
[ccr_centralized_planner-3]  did not replan 
[ccr_centralized_planner-3] 
[ccr_centralized_planner-3] [INFO] [1729088713.437336490] [ccr_centralized_planner]: Sent plan [51, 32, 35, 10, 9] to robotA
[ccr_fake_execution-2] [INFO] [1729088713.437586728] [ccr_fake_execution]: got plan for robotA: [51, 32, 35, 10, 9]
[ccr_centralized_planner-3] [INFO] [1729088713.437923299] [ccr_centralized_planner]: Sent plan [25, 26, 34, 29, 31, 31, 10, 9] to robotB
[ccr_fake_execution-2] [INFO] [1729088713.438423005] [ccr_fake_execution]: got plan for robotB: [25, 26, 34, 29, 31, 31, 10, 9]
[ccr_fake_execution-2] [INFO] [1729088714.432588527] [ccr_fake_execution]: robotA: 51 -> 32
[ccr_fake_execution-2] [INFO] [1729088714.433103943] [ccr_fake_execution]: robotB: 25 -> 26
[ccr_centralized_planner-3] [INFO] [1729088714.433885777] [ccr_centralized_planner]: Received state 32 from robotA
[ccr_centralized_planner-3] [INFO] [1729088714.434549721] [ccr_centralized_planner]: Received state 26 from robotB
[ccr_centralized_planner-3] [INFO] [1729088714.436739673] [ccr_centralized_planner]: 
[ccr_centralized_planner-3] 
[ccr_centralized_planner-3]  did not replan 
[ccr_centralized_planner-3] 
[ccr_centralized_planner-3] [INFO] [1729088714.437406703] [ccr_centralized_planner]: Sent plan [32, 35, 10, 9] to robotA
[ccr_fake_execution-2] [INFO] [1729088714.437638226] [ccr_fake_execution]: got plan for robotA: [32, 35, 10, 9]
[ccr_centralized_planner-3] [INFO] [1729088714.438004132] [ccr_centralized_planner]: Sent plan [26, 34, 29, 31, 31, 10, 9] to robotB
[ccr_fake_execution-2] [INFO] [1729088714.438513486] [ccr_fake_execution]: got plan for robotB: [26, 34, 29, 31, 31, 10, 9]
[ccr_centralized_planner-3] [INFO] [1729088715.433190117] [ccr_centralized_planner]: Received state 32 from robotA
[ccr_centralized_planner-3] [INFO] [1729088715.434200419] [ccr_centralized_planner]: Received state 26 from robotB
[ccr_centralized_planner-3] [INFO] [1729088715.436744294] [ccr_centralized_planner]: 
[ccr_centralized_planner-3] 
[ccr_centralized_planner-3]  did not replan 
[ccr_centralized_planner-3] 
[ccr_centralized_planner-3] [INFO] [1729088715.437310364] [ccr_centralized_planner]: Sent plan [32, 35, 10, 9] to robotA
[ccr_fake_execution-2] [INFO] [1729088715.437770667] [ccr_fake_execution]: got plan for robotA: [32, 35, 10, 9]
[ccr_centralized_planner-3] [INFO] [1729088715.437812775] [ccr_centralized_planner]: Sent plan [26, 34, 29, 31, 31, 10, 9] to robotB
[ccr_fake_execution-2] [INFO] [1729088715.438788643] [ccr_fake_execution]: got plan for robotB: [26, 34, 29, 31, 31, 10, 9]
[ccr_fake_execution-2] [INFO] [1729088716.432611844] [ccr_fake_execution]: robotA: 32 -> 35
[ccr_fake_execution-2] [INFO] [1729088716.433165441] [ccr_fake_execution]: robotB: 26 -> 34
[ccr_centralized_planner-3] [INFO] [1729088716.434033167] [ccr_centralized_planner]: Received state 35 from robotA
[ccr_centralized_planner-3] [INFO] [1729088716.435288669] [ccr_centralized_planner]: Received state 34 from robotB
[ccr_centralized_planner-3] [INFO] [1729088716.436732263] [ccr_centralized_planner]: 
[ccr_centralized_planner-3] 
[ccr_centralized_planner-3]  did not replan 
[ccr_centralized_planner-3] 
[ccr_centralized_planner-3] [INFO] [1729088716.437384925] [ccr_centralized_planner]: Sent plan [35, 10, 9] to robotA
[ccr_fake_execution-2] [INFO] [1729088716.437585150] [ccr_fake_execution]: got plan for robotA: [35, 10, 9]
[ccr_centralized_planner-3] [INFO] [1729088716.437989578] [ccr_centralized_planner]: Sent plan [34, 29, 31, 31, 10, 9] to robotB
[ccr_fake_execution-2] [INFO] [1729088716.438429983] [ccr_fake_execution]: got plan for robotB: [34, 29, 31, 31, 10, 9]
[ccr_fake_execution-2] [INFO] [1729088717.432609713] [ccr_fake_execution]: robotA: 35 -> 10
[ccr_fake_execution-2] [INFO] [1729088717.433154855] [ccr_fake_execution]: robotB: 34 -> 29
[ccr_centralized_planner-3] [INFO] [1729088717.433969230] [ccr_centralized_planner]: Received state 10 from robotA
[ccr_centralized_planner-3] [INFO] [1729088717.434810185] [ccr_centralized_planner]: Received state 29 from robotB
[ccr_centralized_planner-3] [INFO] [1729088717.436709583] [ccr_centralized_planner]: 
[ccr_centralized_planner-3] 
[ccr_centralized_planner-3]  did not replan 
[ccr_centralized_planner-3] 
[ccr_centralized_planner-3] [INFO] [1729088717.437350584] [ccr_centralized_planner]: Sent plan [10, 9] to robotA
[ccr_fake_execution-2] [INFO] [1729088717.437631410] [ccr_fake_execution]: got plan for robotA: [10, 9]
[ccr_centralized_planner-3] [INFO] [1729088717.437947662] [ccr_centralized_planner]: Sent plan [29, 31, 31, 10, 9] to robotB
[ccr_fake_execution-2] [INFO] [1729088717.438555000] [ccr_fake_execution]: got plan for robotB: [29, 31, 31, 10, 9]
[ccr_fake_execution-2] [INFO] [1729088718.432616058] [ccr_fake_execution]: robotA: 10 -> 9
[ccr_centralized_planner-3] [INFO] [1729088718.433458356] [ccr_centralized_planner]: Received state 9 from robotA
[ccr_goal_provider-1] [INFO] [1729088718.433743911] [ccr_goal_provider]: [32mgoal completed:[0m robotA reached goal 9, going to goal 1 within state 1
[ccr_centralized_planner-3] [INFO] [1729088718.434293400] [ccr_centralized_planner]: Received state 29 from robotB
[ccr_centralized_planner-3] [INFO] [1729088718.436807650] [ccr_centralized_planner]: 
[ccr_centralized_planner-3] 
[ccr_centralized_planner-3]  replaned due to time difference limit : 2 
[ccr_centralized_planner-3] 
[ccr_centralized_planner-3] [INFO] [1729088718.456392043] [ccr_centralized_planner]: Sent plan [9] to robotA
[ccr_centralized_planner-3] [INFO] [1729088718.456711912] [ccr_centralized_planner]: Sent plan [29, 31, 10, 9] to robotB
[ccr_fake_execution-2] [INFO] [1729088718.457023095] [ccr_fake_execution]: got plan for robotA: [9]
[ccr_fake_execution-2] [INFO] [1729088718.458074164] [ccr_fake_execution]: got plan for robotB: [29, 31, 10, 9]
[ccr_centralized_planner-3] [INFO] [1729088718.523155978] [ccr_centralized_planner]: Received goal 1 from robotA
[ccr_fake_execution-2] [INFO] [1729088719.432642180] [ccr_fake_execution]: robotB: 29 -> 31
[ccr_centralized_planner-3] [INFO] [1729088719.433482284] [ccr_centralized_planner]: Received state 9 from robotA
[ccr_centralized_planner-3] [INFO] [1729088719.434112915] [ccr_centralized_planner]: Received state 31 from robotB
[ccr_centralized_planner-3] [INFO] [1729088719.436723836] [ccr_centralized_planner]: 
[ccr_centralized_planner-3] 
[ccr_centralized_planner-3]  replaned due to new goal
[ccr_centralized_planner-3] 
[ccr_centralized_planner-3] [INFO] [1729088719.457804352] [ccr_centralized_planner]: Sent plan [9, 11, 35, 50, 51, 53, 39, 55, 56, 57, 5, 1] to robotA
[ccr_centralized_planner-3] [INFO] [1729088719.458124922] [ccr_centralized_planner]: Sent plan [31, 10, 9] to robotB
[ccr_fake_execution-2] [INFO] [1729088719.458360243] [ccr_fake_execution]: got plan for robotA: [9, 11, 35, 50, 51, 53, 39, 55, 56, 57, 5, 1]
[ccr_fake_execution-2] [INFO] [1729088719.459254418] [ccr_fake_execution]: got plan for robotB: [31, 10, 9]
[ccr_fake_execution-2] [INFO] [1729088720.432622586] [ccr_fake_execution]: robotA: 9 -> 11
[ccr_fake_execution-2] [INFO] [1729088720.433155935] [ccr_fake_execution]: robotB: 31 -> 10
[ccr_centralized_planner-3] [INFO] [1729088720.433969670] [ccr_centralized_planner]: Received state 11 from robotA
[ccr_centralized_planner-3] [INFO] [1729088720.434965395] [ccr_centralized_planner]: Received state 10 from robotB
[ccr_centralized_planner-3] [INFO] [1729088720.436834286] [ccr_centralized_planner]: 
[ccr_centralized_planner-3] 
[ccr_centralized_planner-3]  did not replan 
[ccr_centralized_planner-3] 
[ccr_centralized_planner-3] [INFO] [1729088720.437592295] [ccr_centralized_planner]: Sent plan [11, 35, 50, 51, 53, 39, 55, 56, 57, 5, 1] to robotA
[ccr_fake_execution-2] [INFO] [1729088720.437619376] [ccr_fake_execution]: got plan for robotA: [11, 35, 50, 51, 53, 39, 55, 56, 57, 5, 1]
[ccr_centralized_planner-3] [INFO] [1729088720.438301394] [ccr_centralized_planner]: Sent plan [10, 9] to robotB
[ccr_fake_execution-2] [INFO] [1729088720.438350696] [ccr_fake_execution]: got plan for robotB: [10, 9]
[ccr_fake_execution-2] [INFO] [1729088721.432628500] [ccr_fake_execution]: robotB: 10 -> 9
[ccr_centralized_planner-3] [INFO] [1729088721.433448466] [ccr_centralized_planner]: Received state 11 from robotA
[ccr_goal_provider-1] [INFO] [1729088721.434079098] [ccr_goal_provider]: [32mgoal completed:[0m robotB reached goal 9, going to goal 0 within state 1
[ccr_centralized_planner-3] [INFO] [1729088721.434324768] [ccr_centralized_planner]: Received state 9 from robotB
[ccr_centralized_planner-3] [INFO] [1729088721.436738078] [ccr_centralized_planner]: 
[ccr_centralized_planner-3] 
[ccr_centralized_planner-3]  did not replan 
[ccr_centralized_planner-3] 
[ccr_centralized_planner-3] [INFO] [1729088721.437368179] [ccr_centralized_planner]: Sent plan [11, 35, 50, 51, 53, 39, 55, 56, 57, 5, 1] to robotA
[ccr_fake_execution-2] [INFO] [1729088721.437692907] [ccr_fake_execution]: got plan for robotA: [11, 35, 50, 51, 53, 39, 55, 56, 57, 5, 1]
[ccr_centralized_planner-3] [INFO] [1729088721.437942725] [ccr_centralized_planner]: Sent plan [9] to robotB
[ccr_fake_execution-2] [INFO] [1729088721.438598844] [ccr_fake_execution]: got plan for robotB: [9]
[ccr_centralized_planner-3] [INFO] [1729088721.523346123] [ccr_centralized_planner]: Received goal 1 from robotB
[ccr_fake_execution-2] [INFO] [1729088722.432624215] [ccr_fake_execution]: robotA: 11 -> 35
[ccr_centralized_planner-3] [INFO] [1729088722.433475049] [ccr_centralized_planner]: Received state 35 from robotA
[ccr_centralized_planner-3] [INFO] [1729088722.434424207] [ccr_centralized_planner]: Received state 9 from robotB
[ccr_centralized_planner-3] [INFO] [1729088722.436762868] [ccr_centralized_planner]: 
[ccr_centralized_planner-3] 
[ccr_centralized_planner-3]  replaned due to new goal
[ccr_centralized_planner-3] 
[ccr_centralized_planner-3] [INFO] [1729088722.461732158] [ccr_centralized_planner]: Sent plan [35, 50, 51, 53, 39, 55, 56, 57, 5, 1] to robotA
[ccr_centralized_planner-3] [INFO] [1729088722.462056185] [ccr_centralized_planner]: Sent plan [9, 11, 35, 50, 51, 53, 39, 55, 56, 57, 5, 1] to robotB
[ccr_fake_execution-2] [INFO] [1729088722.462341168] [ccr_fake_execution]: got plan for robotA: [35, 50, 51, 53, 39, 55, 56, 57, 5, 1]
[ccr_fake_execution-2] [INFO] [1729088722.463360127] [ccr_fake_execution]: got plan for robotB: [9, 11, 35, 50, 51, 53, 39, 55, 56, 57, 5, 1]
[ccr_fake_execution-2] [INFO] [1729088723.432597076] [ccr_fake_execution]: robotB: 9 -> 11
[ccr_centralized_planner-3] [INFO] [1729088723.433482374] [ccr_centralized_planner]: Received state 35 from robotA
[ccr_centralized_planner-3] [INFO] [1729088723.434086817] [ccr_centralized_planner]: Received state 11 from robotB
[ccr_centralized_planner-3] [INFO] [1729088723.436720470] [ccr_centralized_planner]: 
[ccr_centralized_planner-3] 
[ccr_centralized_planner-3]  did not replan 
[ccr_centralized_planner-3] 
[ccr_centralized_planner-3] [INFO] [1729088723.437347114] [ccr_centralized_planner]: Sent plan [35, 50, 51, 53, 39, 55, 56, 57, 5, 1] to robotA
[ccr_fake_execution-2] [INFO] [1729088723.437630174] [ccr_fake_execution]: got plan for robotA: [35, 50, 51, 53, 39, 55, 56, 57, 5, 1]
[ccr_centralized_planner-3] [INFO] [1729088723.437917512] [ccr_centralized_planner]: Sent plan [11, 35, 50, 51, 53, 39, 55, 56, 57, 5, 1] to robotB
[ccr_fake_execution-2] [INFO] [1729088723.438552191] [ccr_fake_execution]: got plan for robotB: [11, 35, 50, 51, 53, 39, 55, 56, 57, 5, 1]
[ccr_fake_execution-2] [INFO] [1729088724.432615393] [ccr_fake_execution]: robotA: 35 -> 50
[ccr_centralized_planner-3] [INFO] [1729088724.433458222] [ccr_centralized_planner]: Received state 50 from robotA
[ccr_centralized_planner-3] [INFO] [1729088724.434291703] [ccr_centralized_planner]: Received state 11 from robotB
[ccr_centralized_planner-3] [INFO] [1729088724.436712458] [ccr_centralized_planner]: 
[ccr_centralized_planner-3] 
[ccr_centralized_planner-3]  did not replan 
[ccr_centralized_planner-3] 
[ccr_centralized_planner-3] [INFO] [1729088724.437348409] [ccr_centralized_planner]: Sent plan [50, 51, 53, 39, 55, 56, 57, 5, 1] to robotA
[ccr_fake_execution-2] [INFO] [1729088724.437647930] [ccr_fake_execution]: got plan for robotA: [50, 51, 53, 39, 55, 56, 57, 5, 1]
[ccr_centralized_planner-3] [INFO] [1729088724.437976766] [ccr_centralized_planner]: Sent plan [11, 35, 50, 51, 53, 39, 55, 56, 57, 5, 1] to robotB
[ccr_fake_execution-2] [INFO] [1729088724.438525985] [ccr_fake_execution]: got plan for robotB: [11, 35, 50, 51, 53, 39, 55, 56, 57, 5, 1]
[ccr_centralized_planner-3] [INFO] [1729088725.432929855] [ccr_centralized_planner]: Received state 50 from robotA
[ccr_centralized_planner-3] [INFO] [1729088725.433847634] [ccr_centralized_planner]: Received state 11 from robotB
[ccr_centralized_planner-3] [INFO] [1729088725.436766642] [ccr_centralized_planner]: 
[ccr_centralized_planner-3] 
[ccr_centralized_planner-3]  did not replan 
[ccr_centralized_planner-3] 
[ccr_centralized_planner-3] [INFO] [1729088725.437632414] [ccr_centralized_planner]: Sent plan [50, 51, 53, 39, 55, 56, 57, 5, 1] to robotA
[ccr_fake_execution-2] [INFO] [1729088725.437748742] [ccr_fake_execution]: got plan for robotA: [50, 51, 53, 39, 55, 56, 57, 5, 1]
[ccr_centralized_planner-3] [INFO] [1729088725.438464392] [ccr_centralized_planner]: Sent plan [11, 35, 50, 51, 53, 39, 55, 56, 57, 5, 1] to robotB
[ccr_fake_execution-2] [INFO] [1729088725.438668795] [ccr_fake_execution]: got plan for robotB: [11, 35, 50, 51, 53, 39, 55, 56, 57, 5, 1]
[ros2-4] [INFO] [1729088726.215129348] [rosbag2_recorder]: Subscribed to topic '/tf'
[ros2-4] [INFO] [1729088726.331698993] [rosbag2_recorder]: Subscribed to topic '/clock'
[ros2-4] [INFO] [1729088726.336242043] [rosbag2_recorder]: Subscribed to topic '/robotA/cmd_vel'
[ros2-4] [INFO] [1729088726.339573884] [rosbag2_recorder]: Subscribed to topic '/robotB/cmd_vel'
[ccr_centralized_planner-3] [INFO] [1729088726.432943854] [ccr_centralized_planner]: Received state 50 from robotA
[ccr_centralized_planner-3] [INFO] [1729088726.433829964] [ccr_centralized_planner]: Received state 11 from robotB
[ccr_centralized_planner-3] [INFO] [1729088726.436639597] [ccr_centralized_planner]: 
[ccr_centralized_planner-3] 
[ccr_centralized_planner-3]  did not replan 
[ccr_centralized_planner-3] 
[ccr_centralized_planner-3] [INFO] [1729088726.437499848] [ccr_centralized_planner]: Sent plan [50, 51, 53, 39, 55, 56, 57, 5, 1] to robotA
[ccr_fake_execution-2] [INFO] [1729088726.437894217] [ccr_fake_execution]: got plan for robotA: [50, 51, 53, 39, 55, 56, 57, 5, 1]
[ccr_centralized_planner-3] [INFO] [1729088726.438303895] [ccr_centralized_planner]: Sent plan [11, 35, 50, 51, 53, 39, 55, 56, 57, 5, 1] to robotB
[ccr_fake_execution-2] [INFO] [1729088726.439041927] [ccr_fake_execution]: got plan for robotB: [11, 35, 50, 51, 53, 39, 55, 56, 57, 5, 1]
[ros2-4] [INFO] [1729088727.158155464] [rosbag2_recorder]: Subscribed to topic '/robotA/scan'
[ccr_centralized_planner-3] [INFO] [1729088727.433249089] [ccr_centralized_planner]: Received state 50 from robotA
[ccr_centralized_planner-3] [INFO] [1729088727.434102999] [ccr_centralized_planner]: Received state 11 from robotB
[ccr_centralized_planner-3] [INFO] [1729088727.436713128] [ccr_centralized_planner]: 
[ccr_centralized_planner-3] 
[ccr_centralized_planner-3]  did not replan 
[ccr_centralized_planner-3] 
[ccr_centralized_planner-3] [INFO] [1729088727.437306369] [ccr_centralized_planner]: Sent plan [50, 51, 53, 39, 55, 56, 57, 5, 1] to robotA
[ccr_centralized_planner-3] [INFO] [1729088727.437811345] [ccr_centralized_planner]: Sent plan [11, 35, 50, 51, 53, 39, 55, 56, 57, 5, 1] to robotB
[ccr_fake_execution-2] [INFO] [1729088727.437878621] [ccr_fake_execution]: got plan for robotA: [50, 51, 53, 39, 55, 56, 57, 5, 1]
[ccr_fake_execution-2] [INFO] [1729088727.438865810] [ccr_fake_execution]: got plan for robotB: [11, 35, 50, 51, 53, 39, 55, 56, 57, 5, 1]
[ros2-4] [INFO] [1729088727.630260279] [rosbag2_recorder]: Subscribed to topic '/robotB/scan'
[ros2-4] [INFO] [1729088727.747623802] [rosbag2_recorder]: Subscribed to topic '/robotA/status'
[ros2-4] [INFO] [1729088727.865779970] [rosbag2_recorder]: Subscribed to topic '/robotB/status'
[ccr_fake_execution-2] [INFO] [1729088728.432815530] [ccr_fake_execution]: robotA: 50 -> 51
[ccr_centralized_planner-3] [INFO] [1729088728.434051195] [ccr_centralized_planner]: Received state 51 from robotA
[ccr_centralized_planner-3] [INFO] [1729088728.435373612] [ccr_centralized_planner]: Received state 11 from robotB
[ccr_centralized_planner-3] [INFO] [1729088728.437052667] [ccr_centralized_planner]: 
[ccr_centralized_planner-3] 
[ccr_centralized_planner-3]  did not replan 
[ccr_centralized_planner-3] 
[ccr_centralized_planner-3] [INFO] [1729088728.438053421] [ccr_centralized_planner]: Sent plan [51, 53, 39, 55, 56, 57, 5, 1] to robotA
[ccr_fake_execution-2] [INFO] [1729088728.438143179] [ccr_fake_execution]: got plan for robotA: [51, 53, 39, 55, 56, 57, 5, 1]
[ccr_centralized_planner-3] [INFO] [1729088728.438943488] [ccr_centralized_planner]: Sent plan [11, 35, 50, 51, 53, 39, 55, 56, 57, 5, 1] to robotB
[ccr_fake_execution-2] [INFO] [1729088728.439051841] [ccr_fake_execution]: got plan for robotB: [11, 35, 50, 51, 53, 39, 55, 56, 57, 5, 1]
[ccr_centralized_planner-3] [INFO] [1729088728.443485546] [ccr_centralized_planner]: Received goal 9 from robotA
[ccr_centralized_planner-3] [INFO] [1729088728.523745610] [ccr_centralized_planner]: Received goal 1 from robotA
[ccr_centralized_planner-3] [INFO] [1729088728.562889751] [ccr_centralized_planner]: Received goal 9 from robotA
[ccr_centralized_planner-3] [INFO] [1729088728.623314623] [ccr_centralized_planner]: Received goal 1 from robotA
[ccr_centralized_planner-3] [INFO] [1729088728.663967670] [ccr_centralized_planner]: Received goal 9 from robotA
[ccr_centralized_planner-3] [INFO] [1729088728.723393149] [ccr_centralized_planner]: Received goal 1 from robotA
[ccr_centralized_planner-3] [INFO] [1729088728.763596824] [ccr_centralized_planner]: Received goal 9 from robotA
[ccr_centralized_planner-3] [INFO] [1729088728.823429376] [ccr_centralized_planner]: Received goal 1 from robotA
[ccr_centralized_planner-3] [INFO] [1729088728.864352459] [ccr_centralized_planner]: Received goal 9 from robotA
[ccr_centralized_planner-3] [INFO] [1729088728.923792255] [ccr_centralized_planner]: Received goal 1 from robotA
[ccr_centralized_planner-3] [INFO] [1729088728.964629377] [ccr_centralized_planner]: Received goal 9 from robotA
[ccr_centralized_planner-3] [INFO] [1729088729.023588723] [ccr_centralized_planner]: Received goal 1 from robotA
[ccr_centralized_planner-3] [INFO] [1729088729.065435747] [ccr_centralized_planner]: Received goal 9 from robotA
[ccr_centralized_planner-3] [INFO] [1729088729.123386403] [ccr_centralized_planner]: Received goal 1 from robotA
[ccr_centralized_planner-3] [INFO] [1729088729.165111819] [ccr_centralized_planner]: Received goal 9 from robotA
[ccr_centralized_planner-3] [INFO] [1729088729.224356400] [ccr_centralized_planner]: Received goal 1 from robotA
[ccr_centralized_planner-3] [INFO] [1729088729.264989890] [ccr_centralized_planner]: Received goal 9 from robotA
[ccr_centralized_planner-3] [INFO] [1729088729.323791922] [ccr_centralized_planner]: Received goal 1 from robotA
[ccr_centralized_planner-3] [INFO] [1729088729.364991933] [ccr_centralized_planner]: Received goal 9 from robotA
[ccr_centralized_planner-3] [INFO] [1729088729.423583280] [ccr_centralized_planner]: Received goal 1 from robotA
[ccr_fake_execution-2] [INFO] [1729088729.432659240] [ccr_fake_execution]: robotA: 51 -> 53
[ccr_centralized_planner-3] [INFO] [1729088729.433541082] [ccr_centralized_planner]: Received state 53 from robotA
[ccr_centralized_planner-3] [INFO] [1729088729.434519294] [ccr_centralized_planner]: Received state 11 from robotB
[ccr_centralized_planner-3] [INFO] [1729088729.436827528] [ccr_centralized_planner]: 
[ccr_centralized_planner-3] 
[ccr_centralized_planner-3]  replaned due to new goal
[ccr_centralized_planner-3] 
[ccr_centralized_planner-3] [INFO] [1729088729.461772512] [ccr_centralized_planner]: Sent plan [53, 39, 55, 56, 57, 5, 1] to robotA
[ccr_fake_execution-2] [INFO] [1729088729.462258893] [ccr_fake_execution]: got plan for robotA: [53, 39, 55, 56, 57, 5, 1]
[ccr_centralized_planner-3] [INFO] [1729088729.462337080] [ccr_centralized_planner]: Sent plan [11, 35, 50, 51, 53, 39, 55, 56, 57, 5, 1] to robotB
[ccr_fake_execution-2] [INFO] [1729088729.463086253] [ccr_fake_execution]: got plan for robotB: [11, 35, 50, 51, 53, 39, 55, 56, 57, 5, 1]
[ccr_centralized_planner-3] [INFO] [1729088729.464818177] [ccr_centralized_planner]: Received goal 9 from robotA
[ccr_fake_execution-2] [INFO] [1729088729.493358255] [ccr_fake_execution]: got plan for robotA: [53, 39, 55, 56, 57, 5, 1]
[ccr_fake_execution-2] [INFO] [1729088729.494014224] [ccr_fake_execution]: got plan for robotB: [11, 35, 50, 51, 53, 39, 55, 56, 57, 5, 1]
[ccr_centralized_planner-3] [INFO] [1729088729.523426275] [ccr_centralized_planner]: Received goal 1 from robotA
[ccr_centralized_planner-3] [INFO] [1729088729.565472281] [ccr_centralized_planner]: Received goal 9 from robotA
[ccr_centralized_planner-3] [INFO] [1729088729.623517586] [ccr_centralized_planner]: Received goal 1 from robotA
[ccr_centralized_planner-3] [INFO] [1729088729.665608676] [ccr_centralized_planner]: Received goal 9 from robotA
[ccr_fake_execution-2] [INFO] [1729088729.689380583] [ccr_fake_execution]: got plan for robotA: [53, 39, 55, 56, 57, 5, 1]
[ccr_fake_execution-2] [INFO] [1729088729.690399191] [ccr_fake_execution]: got plan for robotB: [11, 35, 50, 51, 53, 39, 55, 56, 57, 5, 1]
[ccr_centralized_planner-3] [INFO] [1729088729.723566868] [ccr_centralized_planner]: Received goal 1 from robotA
[ccr_centralized_planner-3] [INFO] [1729088729.766142996] [ccr_centralized_planner]: Received goal 9 from robotA
[ccr_centralized_planner-3] [INFO] [1729088729.823665150] [ccr_centralized_planner]: Received goal 1 from robotA
[ccr_centralized_planner-3] [INFO] [1729088729.866909221] [ccr_centralized_planner]: Received goal 9 from robotA
[ccr_fake_execution-2] [INFO] [1729088729.890209755] [ccr_fake_execution]: got plan for robotA: [53, 39, 55, 56, 57, 5, 1]
[ccr_fake_execution-2] [INFO] [1729088729.891077410] [ccr_fake_execution]: got plan for robotB: [11, 35, 50, 51, 53, 39, 55, 56, 57, 5, 1]
[ccr_centralized_planner-3] [INFO] [1729088729.923556847] [ccr_centralized_planner]: Received goal 1 from robotA
[ccr_centralized_planner-3] [INFO] [1729088729.966519901] [ccr_centralized_planner]: Received goal 9 from robotA
[ccr_centralized_planner-3] [INFO] [1729088730.024004335] [ccr_centralized_planner]: Received goal 1 from robotA
[ccr_centralized_planner-3] [INFO] [1729088730.067084888] [ccr_centralized_planner]: Received goal 9 from robotA
[ccr_centralized_planner-3] [INFO] [1729088730.123645271] [ccr_centralized_planner]: Received goal 1 from robotA
[ccr_centralized_planner-3] [INFO] [1729088730.167073086] [ccr_centralized_planner]: Received goal 9 from robotA
[ccr_fake_execution-2] [INFO] [1729088730.192442415] [ccr_fake_execution]: got plan for robotA: [53, 39, 55, 56, 57, 5, 1]
[ccr_fake_execution-2] [INFO] [1729088730.193527307] [ccr_fake_execution]: got plan for robotB: [11, 35, 50, 51, 53, 39, 55, 56, 57, 5, 1]
[ccr_centralized_planner-3] [INFO] [1729088730.223520757] [ccr_centralized_planner]: Received goal 1 from robotA
[ccr_centralized_planner-3] [INFO] [1729088730.267274693] [ccr_centralized_planner]: Received goal 9 from robotA
[ccr_centralized_planner-3] [INFO] [1729088730.323290526] [ccr_centralized_planner]: Received goal 1 from robotA
[ccr_centralized_planner-3] [INFO] [1729088730.367353760] [ccr_centralized_planner]: Received goal 9 from robotA
[ccr_fake_execution-2] [INFO] [1729088730.392696840] [ccr_fake_execution]: got plan for robotA: [53, 39, 55, 56, 57, 5, 1]
[ccr_fake_execution-2] [INFO] [1729088730.393961549] [ccr_fake_execution]: got plan for robotB: [11, 35, 50, 51, 53, 39, 55, 56, 57, 5, 1]
[ccr_centralized_planner-3] [INFO] [1729088730.423283271] [ccr_centralized_planner]: Received goal 1 from robotA
[ccr_fake_execution-2] [INFO] [1729088730.432745865] [ccr_fake_execution]: robotB: 11 -> 35
[ccr_centralized_planner-3] [INFO] [1729088730.433754805] [ccr_centralized_planner]: Received state 53 from robotA
[ccr_centralized_planner-3] [INFO] [1729088730.434885123] [ccr_centralized_planner]: Received state 35 from robotB
[ccr_centralized_planner-3] [INFO] [1729088730.436717204] [ccr_centralized_planner]: 
[ccr_centralized_planner-3] 
[ccr_centralized_planner-3]  replaned due to new goal
[ccr_centralized_planner-3] 
[ccr_centralized_planner-3] [INFO] [1729088730.457986434] [ccr_centralized_planner]: Sent plan [53, 39, 55, 56, 57, 5, 1] to robotA
[ccr_centralized_planner-3] [INFO] [1729088730.458443370] [ccr_centralized_planner]: Sent plan [35, 50, 51, 53, 39, 55, 56, 57, 5, 1] to robotB
[ccr_fake_execution-2] [INFO] [1729088730.458555520] [ccr_fake_execution]: got plan for robotA: [53, 39, 55, 56, 57, 5, 1]
[ccr_fake_execution-2] [INFO] [1729088730.459602711] [ccr_fake_execution]: got plan for robotB: [35, 50, 51, 53, 39, 55, 56, 57, 5, 1]
[ccr_centralized_planner-3] [INFO] [1729088730.467153093] [ccr_centralized_planner]: Received goal 9 from robotA
[ccr_centralized_planner-3] [INFO] [1729088730.523846706] [ccr_centralized_planner]: Received goal 1 from robotA
[ccr_centralized_planner-3] [INFO] [1729088730.568525353] [ccr_centralized_planner]: Received goal 9 from robotA
[ccr_fake_execution-2] [INFO] [1729088730.590814052] [ccr_fake_execution]: got plan for robotA: [53, 39, 55, 56, 57, 5, 1]
[ccr_fake_execution-2] [INFO] [1729088730.591798596] [ccr_fake_execution]: got plan for robotB: [35, 50, 51, 53, 39, 55, 56, 57, 5, 1]
[ccr_centralized_planner-3] [INFO] [1729088730.623755384] [ccr_centralized_planner]: Received goal 1 from robotA
[ccr_centralized_planner-3] [INFO] [1729088730.668566559] [ccr_centralized_planner]: Received goal 9 from robotA
[ccr_centralized_planner-3] [INFO] [1729088730.723600463] [ccr_centralized_planner]: Received goal 1 from robotA
[ccr_centralized_planner-3] [INFO] [1729088730.767604036] [ccr_centralized_planner]: Received goal 9 from robotA
[ccr_fake_execution-2] [INFO] [1729088730.793522924] [ccr_fake_execution]: got plan for robotA: [53, 39, 55, 56, 57, 5, 1]
[ccr_fake_execution-2] [INFO] [1729088730.794799616] [ccr_fake_execution]: got plan for robotB: [35, 50, 51, 53, 39, 55, 56, 57, 5, 1]
[ccr_centralized_planner-3] [INFO] [1729088730.824287379] [ccr_centralized_planner]: Received goal 1 from robotA
[ccr_centralized_planner-3] [INFO] [1729088730.867901312] [ccr_centralized_planner]: Received goal 9 from robotA
[ccr_centralized_planner-3] [INFO] [1729088730.923673488] [ccr_centralized_planner]: Received goal 1 from robotA
[ccr_centralized_planner-3] [INFO] [1729088730.968540789] [ccr_centralized_planner]: Received goal 9 from robotA
[ccr_fake_execution-2] [INFO] [1729088730.991306171] [ccr_fake_execution]: got plan for robotA: [53, 39, 55, 56, 57, 5, 1]
[ccr_fake_execution-2] [INFO] [1729088730.992294712] [ccr_fake_execution]: got plan for robotB: [35, 50, 51, 53, 39, 55, 56, 57, 5, 1]
[ccr_centralized_planner-3] [INFO] [1729088731.023791970] [ccr_centralized_planner]: Received goal 1 from robotA
[ccr_centralized_planner-3] [INFO] [1729088731.068732247] [ccr_centralized_planner]: Received goal 9 from robotA
[ccr_centralized_planner-3] [INFO] [1729088731.123461550] [ccr_centralized_planner]: Received goal 1 from robotA
[ccr_centralized_planner-3] [INFO] [1729088731.169305660] [ccr_centralized_planner]: Received goal 9 from robotA
[ccr_fake_execution-2] [INFO] [1729088731.195084096] [ccr_fake_execution]: got plan for robotA: [53, 39, 55, 56, 57, 5, 1]
[ccr_fake_execution-2] [INFO] [1729088731.196077616] [ccr_fake_execution]: got plan for robotB: [35, 50, 51, 53, 39, 55, 56, 57, 5, 1]
[ccr_centralized_planner-3] [INFO] [1729088731.223727848] [ccr_centralized_planner]: Received goal 1 from robotA
[ccr_centralized_planner-3] [INFO] [1729088731.269318895] [ccr_centralized_planner]: Received goal 9 from robotA
[ccr_centralized_planner-3] [INFO] [1729088731.323525579] [ccr_centralized_planner]: Received goal 1 from robotA
[ccr_centralized_planner-3] [INFO] [1729088731.370147956] [ccr_centralized_planner]: Received goal 9 from robotA
[ccr_centralized_planner-3] [INFO] [1729088731.423451820] [ccr_centralized_planner]: Received goal 1 from robotA
[ccr_fake_execution-2] [INFO] [1729088731.432804799] [ccr_fake_execution]: robotA: 53 -> 39
[ccr_centralized_planner-3] [INFO] [1729088731.434324034] [ccr_centralized_planner]: Received state 39 from robotA
[ccr_centralized_planner-3] [INFO] [1729088731.435361758] [ccr_centralized_planner]: Received state 35 from robotB
[ccr_centralized_planner-3] [INFO] [1729088731.436637247] [ccr_centralized_planner]: 
[ccr_centralized_planner-3] 
[ccr_centralized_planner-3]  replaned due to new goal
[ccr_centralized_planner-3] 
[ccr_centralized_planner-3] [INFO] [1729088731.457258443] [ccr_centralized_planner]: Sent plan [39, 55, 56, 57, 5, 1] to robotA
[ccr_centralized_planner-3] [INFO] [1729088731.457661518] [ccr_centralized_planner]: Sent plan [35, 50, 51, 53, 39, 55, 56, 57, 5, 1] to robotB
[ccr_fake_execution-2] [INFO] [1729088731.457892440] [ccr_fake_execution]: got plan for robotA: [39, 55, 56, 57, 5, 1]
[ccr_fake_execution-2] [INFO] [1729088731.458986169] [ccr_fake_execution]: got plan for robotB: [35, 50, 51, 53, 39, 55, 56, 57, 5, 1]
[ccr_centralized_planner-3] [INFO] [1729088731.469730574] [ccr_centralized_planner]: Received goal 9 from robotA
[ccr_fake_execution-2] [INFO] [1729088731.491031162] [ccr_fake_execution]: got plan for robotA: [39, 55, 56, 57, 5, 1]
[ccr_fake_execution-2] [INFO] [1729088731.491973598] [ccr_fake_execution]: got plan for robotB: [35, 50, 51, 53, 39, 55, 56, 57, 5, 1]
[ccr_centralized_planner-3] [INFO] [1729088731.523592583] [ccr_centralized_planner]: Received goal 1 from robotA
[ccr_centralized_planner-3] [INFO] [1729088731.569883059] [ccr_centralized_planner]: Received goal 9 from robotA
[ccr_centralized_planner-3] [INFO] [1729088731.624116183] [ccr_centralized_planner]: Received goal 1 from robotA
[ccr_centralized_planner-3] [INFO] [1729088731.670091298] [ccr_centralized_planner]: Received goal 9 from robotA
[ccr_fake_execution-2] [INFO] [1729088731.696336177] [ccr_fake_execution]: got plan for robotA: [39, 55, 56, 57, 5, 1]
[ccr_fake_execution-2] [INFO] [1729088731.697575379] [ccr_fake_execution]: got plan for robotB: [35, 50, 51, 53, 39, 55, 56, 57, 5, 1]
[ccr_centralized_planner-3] [INFO] [1729088731.723611216] [ccr_centralized_planner]: Received goal 1 from robotA
[ccr_centralized_planner-3] [INFO] [1729088731.770591274] [ccr_centralized_planner]: Received goal 9 from robotA
[ccr_centralized_planner-3] [INFO] [1729088731.823498354] [ccr_centralized_planner]: Received goal 1 from robotA
[ccr_centralized_planner-3] [INFO] [1729088731.870665022] [ccr_centralized_planner]: Received goal 9 from robotA
[ccr_fake_execution-2] [INFO] [1729088731.896572308] [ccr_fake_execution]: got plan for robotA: [39, 55, 56, 57, 5, 1]
[ccr_fake_execution-2] [INFO] [1729088731.897451285] [ccr_fake_execution]: got plan for robotB: [35, 50, 51, 53, 39, 55, 56, 57, 5, 1]
[ccr_centralized_planner-3] [INFO] [1729088731.923407233] [ccr_centralized_planner]: Received goal 1 from robotA
[ccr_centralized_planner-3] [INFO] [1729088731.970908978] [ccr_centralized_planner]: Received goal 9 from robotA
[ccr_centralized_planner-3] [INFO] [1729088732.023429945] [ccr_centralized_planner]: Received goal 1 from robotA
[ccr_centralized_planner-3] [INFO] [1729088732.072125666] [ccr_centralized_planner]: Received goal 9 from robotA
[ccr_fake_execution-2] [INFO] [1729088732.096640725] [ccr_fake_execution]: got plan for robotA: [39, 55, 56, 57, 5, 1]
[ccr_fake_execution-2] [INFO] [1729088732.097801750] [ccr_fake_execution]: got plan for robotB: [35, 50, 51, 53, 39, 55, 56, 57, 5, 1]
[ccr_centralized_planner-3] [INFO] [1729088732.123664313] [ccr_centralized_planner]: Received goal 1 from robotA
[ccr_centralized_planner-3] [INFO] [1729088732.171450751] [ccr_centralized_planner]: Received goal 9 from robotA
[ccr_centralized_planner-3] [INFO] [1729088732.223535030] [ccr_centralized_planner]: Received goal 1 from robotA
[ccr_centralized_planner-3] [INFO] [1729088732.271378014] [ccr_centralized_planner]: Received goal 9 from robotA
[ccr_fake_execution-2] [INFO] [1729088732.296285278] [ccr_fake_execution]: got plan for robotA: [39, 55, 56, 57, 5, 1]
[ccr_fake_execution-2] [INFO] [1729088732.297387943] [ccr_fake_execution]: got plan for robotB: [35, 50, 51, 53, 39, 55, 56, 57, 5, 1]
[ccr_centralized_planner-3] [INFO] [1729088732.323883652] [ccr_centralized_planner]: Received goal 1 from robotA
[ccr_centralized_planner-3] [INFO] [1729088732.371345062] [ccr_centralized_planner]: Received goal 9 from robotA
[ccr_centralized_planner-3] [INFO] [1729088732.424261429] [ccr_centralized_planner]: Received goal 1 from robotA
[ccr_fake_execution-2] [INFO] [1729088732.432494821] [ccr_fake_execution]: robotB: 35 -> 50
[ccr_centralized_planner-3] [INFO] [1729088732.433203849] [ccr_centralized_planner]: Received state 39 from robotA
[ccr_centralized_planner-3] [INFO] [1729088732.433907647] [ccr_centralized_planner]: Received state 50 from robotB
[ccr_centralized_planner-3] [INFO] [1729088732.436657408] [ccr_centralized_planner]: 
[ccr_centralized_planner-3] 
[ccr_centralized_planner-3]  replaned due to new goal
[ccr_centralized_planner-3] 
[ccr_fake_execution-2] [INFO] [1729088732.497888039] [ccr_fake_execution]: got plan for robotA: [39, 55, 56, 57, 5, 1]
[ccr_fake_execution-2] [INFO] [1729088732.498978491] [ccr_fake_execution]: got plan for robotB: [50, 51, 53, 39, 55, 56, 57, 5, 1]
[ccr_centralized_planner-3] [INFO] [1729088732.527618767] [ccr_centralized_planner]: Sent plan [39, 55, 56, 57, 5, 1] to robotA
[ccr_centralized_planner-3] [INFO] [1729088732.528066836] [ccr_centralized_planner]: Sent plan [50, 51, 53, 39, 55, 56, 57, 5, 1] to robotB
[ccr_fake_execution-2] [INFO] [1729088732.528215916] [ccr_fake_execution]: got plan for robotA: [39, 55, 56, 57, 5, 1]
[ccr_centralized_planner-3] [INFO] [1729088732.528677520] [ccr_centralized_planner]: Received goal 9 from robotA
[ccr_fake_execution-2] [INFO] [1729088732.529210639] [ccr_fake_execution]: got plan for robotB: [50, 51, 53, 39, 55, 56, 57, 5, 1]
[ccr_centralized_planner-3] [INFO] [1729088732.529260923] [ccr_centralized_planner]: Received goal 1 from robotA
[ccr_centralized_planner-3] [INFO] [1729088732.571296289] [ccr_centralized_planner]: Received goal 9 from robotA
[ccr_centralized_planner-3] [INFO] [1729088732.623463343] [ccr_centralized_planner]: Received goal 1 from robotA
[ccr_centralized_planner-3] [INFO] [1729088732.671520498] [ccr_centralized_planner]: Received goal 9 from robotA
[ccr_centralized_planner-3] [INFO] [1729088732.723306348] [ccr_centralized_planner]: Received goal 1 from robotA
[ccr_centralized_planner-3] [INFO] [1729088732.772011918] [ccr_centralized_planner]: Received goal 9 from robotA
[ccr_fake_execution-2] [INFO] [1729088732.796415859] [ccr_fake_execution]: got plan for robotA: [39, 55, 56, 57, 5, 1]
[ccr_fake_execution-2] [INFO] [1729088732.797367782] [ccr_fake_execution]: got plan for robotB: [50, 51, 53, 39, 55, 56, 57, 5, 1]
[ccr_centralized_planner-3] [INFO] [1729088732.823336383] [ccr_centralized_planner]: Received goal 1 from robotA
[ccr_centralized_planner-3] [INFO] [1729088732.873130122] [ccr_centralized_planner]: Received goal 9 from robotA
[ccr_goal_provider-1] [INFO] [1729088732.873692445] [ccr_goal_provider]: [32mgoal completed:[0m robotA reached goal 1, going to goal 0 within state 9
[ccr_centralized_planner-3] [INFO] [1729088732.874257904] [ccr_centralized_planner]: Received state 1 from robotA
[ccr_centralized_planner-3] [INFO] [1729088732.983330698] [ccr_centralized_planner]: Received state 9 from robotB
[ccr_fake_execution-2] [INFO] [1729088732.999466602] [ccr_fake_execution]: got plan for robotA: [1, 44, 45, 40, 27, 39, 24, 33, 32, 31, 10, 9]
[ccr_fake_execution-2] [INFO] [1729088733.000998772] [ccr_fake_execution]: got plan for robotB: [50, 51, 53, 39, 55, 56, 57, 5, 1]
[ccr_centralized_planner-3] [INFO] [1729088733.088213363] [ccr_centralized_planner]: Received state 1 from robotA
[ccr_centralized_planner-3] [INFO] [1729088733.174850492] [ccr_centralized_planner]: Received state 9 from robotB
[ccr_centralized_planner-3] [INFO] [1729088733.274779348] [ccr_centralized_planner]: Received state 1 from robotA
[ccr_centralized_planner-3] [INFO] [1729088733.383982946] [ccr_centralized_planner]: Received state 9 from robotB
[ccr_fake_execution-2] [WARN] [1729088733.432455581] [ccr_fake_execution]: robotA is not at the expected state 1, instead at 39
[ccr_centralized_planner-3] [INFO] [1729088733.433790341] [ccr_centralized_planner]: Received state 39 from robotA
[ccr_centralized_planner-3] [INFO] [1729088733.434813878] [ccr_centralized_planner]: Received state 50 from robotB
[ccr_centralized_planner-3] [INFO] [1729088733.436787835] [ccr_centralized_planner]: 
[ccr_centralized_planner-3] 
[ccr_centralized_planner-3]  replaned due to new goal
[ccr_centralized_planner-3] 
[ccr_centralized_planner-3] [INFO] [1729088733.460672463] [ccr_centralized_planner]: Sent plan [39, 24, 34, 29, 31, 10, 9] to robotA
[ccr_centralized_planner-3] [INFO] [1729088733.461082441] [ccr_centralized_planner]: Sent plan [50, 51, 53, 39, 55, 56, 57, 5, 1] to robotB
[ccr_fake_execution-2] [INFO] [1729088733.461224036] [ccr_fake_execution]: got plan for robotA: [39, 24, 34, 29, 31, 10, 9]
[ccr_fake_execution-2] [INFO] [1729088733.462042229] [ccr_fake_execution]: got plan for robotB: [50, 51, 53, 39, 55, 56, 57, 5, 1]
[ccr_centralized_planner-3] [INFO] [1729088733.489514577] [ccr_centralized_planner]: Received state 1 from robotA
[ccr_centralized_planner-3] [INFO] [1729088733.599122794] [ccr_centralized_planner]: Received state 9 from robotB
[ccr_centralized_planner-3] [INFO] [1729088733.787548703] [ccr_centralized_planner]: Received state 1 from robotA
[ccr_centralized_planner-3] [INFO] [1729088733.876713867] [ccr_centralized_planner]: Received state 9 from robotB
[ccr_centralized_planner-3] [INFO] [1729088734.001553634] [ccr_centralized_planner]: Received state 1 from robotA
[ccr_centralized_planner-3] [INFO] [1729088734.075507697] [ccr_centralized_planner]: Received state 9 from robotB
[ccr_centralized_planner-3] [INFO] [1729088734.175541519] [ccr_centralized_planner]: Received state 1 from robotA
[ccr_centralized_planner-3] [INFO] [1729088734.292736727] [ccr_centralized_planner]: Received state 9 from robotB
[ccr_centralized_planner-3] [INFO] [1729088734.384219643] [ccr_centralized_planner]: Received state 1 from robotA
[ccr_fake_execution-2] [INFO] [1729088734.432606226] [ccr_fake_execution]: robotA: 39 -> 24
[ccr_centralized_planner-3] [INFO] [1729088734.433386417] [ccr_centralized_planner]: Received state 24 from robotA
[ccr_centralized_planner-3] [INFO] [1729088734.434084314] [ccr_centralized_planner]: Received state 50 from robotB
[ccr_centralized_planner-3] [INFO] [1729088734.436619373] [ccr_centralized_planner]: 
[ccr_centralized_planner-3] 
[ccr_centralized_planner-3]  did not replan 
[ccr_centralized_planner-3] 
[ccr_centralized_planner-3] [INFO] [1729088734.437193067] [ccr_centralized_planner]: Sent plan [24, 34, 29, 31, 10, 9] to robotA
[ccr_fake_execution-2] [INFO] [1729088734.437462161] [ccr_fake_execution]: got plan for robotA: [24, 34, 29, 31, 10, 9]
[ccr_centralized_planner-3] [INFO] [1729088734.437714574] [ccr_centralized_planner]: Sent plan [50, 51, 53, 39, 55, 56, 57, 5, 1] to robotB
[ccr_fake_execution-2] [INFO] [1729088734.438401400] [ccr_fake_execution]: got plan for robotB: [50, 51, 53, 39, 55, 56, 57, 5, 1]
[ccr_centralized_planner-3] [INFO] [1729088734.477523780] [ccr_centralized_planner]: Received state 9 from robotB
[ccr_centralized_planner-3] [INFO] [1729088734.577517818] [ccr_centralized_planner]: Received state 1 from robotA
[ccr_centralized_planner-3] [INFO] [1729088734.678215455] [ccr_centralized_planner]: Received state 9 from robotB
[ccr_centralized_planner-3] [INFO] [1729088734.781134291] [ccr_centralized_planner]: Received state 1 from robotA
[ccr_centralized_planner-3] [INFO] [1729088734.897808743] [ccr_centralized_planner]: Received state 9 from robotB
[ccr_centralized_planner-3] [INFO] [1729088735.085241522] [ccr_centralized_planner]: Received state 1 from robotA
[ccr_centralized_planner-3] [INFO] [1729088735.180199176] [ccr_centralized_planner]: Received state 9 from robotB
[ccr_centralized_planner-3] [INFO] [1729088735.280509367] [ccr_centralized_planner]: Received state 1 from robotA
[ccr_centralized_planner-3] [INFO] [1729088735.380143842] [ccr_centralized_planner]: Received state 9 from robotB
[ccr_fake_execution-2] [INFO] [1729088735.433069196] [ccr_fake_execution]: robotA: 24 -> 34
[ccr_fake_execution-2] [INFO] [1729088735.433826945] [ccr_fake_execution]: robotB: 50 -> 51
[ccr_centralized_planner-3] [INFO] [1729088735.435382259] [ccr_centralized_planner]: Received state 34 from robotA
[ccr_centralized_planner-3] [INFO] [1729088735.436991423] [ccr_centralized_planner]: Received state 51 from robotB
[ccr_centralized_planner-3] [INFO] [1729088735.437937985] [ccr_centralized_planner]: 
[ccr_centralized_planner-3] 
[ccr_centralized_planner-3]  did not replan 
[ccr_centralized_planner-3] 
[ccr_centralized_planner-3] [INFO] [1729088735.438696656] [ccr_centralized_planner]: Sent plan [34, 29, 31, 10, 9] to robotA
[ccr_fake_execution-2] [INFO] [1729088735.439041662] [ccr_fake_execution]: got plan for robotA: [34, 29, 31, 10, 9]
[ccr_centralized_planner-3] [INFO] [1729088735.439514348] [ccr_centralized_planner]: Sent plan [51, 53, 39, 55, 56, 57, 5, 1] to robotB
[ccr_fake_execution-2] [INFO] [1729088735.439736985] [ccr_fake_execution]: got plan for robotB: [51, 53, 39, 55, 56, 57, 5, 1]
[ccr_centralized_planner-3] [INFO] [1729088735.479595143] [ccr_centralized_planner]: Received state 1 from robotA
[ccr_centralized_planner-3] [INFO] [1729088735.594746522] [ccr_centralized_planner]: Received state 9 from robotB
[ccr_centralized_planner-3] [INFO] [1729088735.693704450] [ccr_centralized_planner]: Received state 1 from robotA
[ccr_centralized_planner-3] [INFO] [1729088735.781257595] [ccr_centralized_planner]: Received state 9 from robotB
[ccr_centralized_planner-3] [INFO] [1729088735.884681247] [ccr_centralized_planner]: Received state 1 from robotA
[ccr_centralized_planner-3] [INFO] [1729088735.981991198] [ccr_centralized_planner]: Received state 9 from robotB
[ccr_centralized_planner-3] [INFO] [1729088736.084901899] [ccr_centralized_planner]: Received state 1 from robotA
[ccr_centralized_planner-3] [INFO] [1729088736.196883190] [ccr_centralized_planner]: Received state 9 from robotB
[ccr_centralized_planner-3] [INFO] [1729088736.298388008] [ccr_centralized_planner]: Received state 1 from robotA
[ccr_centralized_planner-3] [INFO] [1729088736.382521638] [ccr_centralized_planner]: Received state 9 from robotB
[ccr_fake_execution-2] [INFO] [1729088736.432684488] [ccr_fake_execution]: robotA: 34 -> 29
[ccr_centralized_planner-3] [INFO] [1729088736.433619660] [ccr_centralized_planner]: Received state 29 from robotA
[ccr_centralized_planner-3] [INFO] [1729088736.434333998] [ccr_centralized_planner]: Received state 51 from robotB
[ccr_centralized_planner-3] [INFO] [1729088736.436616343] [ccr_centralized_planner]: 
[ccr_centralized_planner-3] 
[ccr_centralized_planner-3]  replaned due to time difference limit : 2 
[ccr_centralized_planner-3] 
[ccr_centralized_planner-3] [INFO] [1729088736.460183927] [ccr_centralized_planner]: Sent plan [29, 31, 10, 9] to robotA
[ccr_centralized_planner-3] [INFO] [1729088736.460630353] [ccr_centralized_planner]: Sent plan [51, 53, 39, 55, 56, 57, 5, 1] to robotB
[ccr_fake_execution-2] [INFO] [1729088736.460876284] [ccr_fake_execution]: got plan for robotA: [29, 31, 10, 9]
[ccr_fake_execution-2] [INFO] [1729088736.461704174] [ccr_fake_execution]: got plan for robotB: [51, 53, 39, 55, 56, 57, 5, 1]
[ccr_centralized_planner-3] [INFO] [1729088736.601739804] [ccr_centralized_planner]: Received state 1 from robotA
[ccr_centralized_planner-3] [INFO] [1729088736.684985060] [ccr_centralized_planner]: Received state 9 from robotB
[ccr_centralized_planner-3] [INFO] [1729088736.783416361] [ccr_centralized_planner]: Received state 1 from robotA
[ccr_centralized_planner-3] [INFO] [1729088736.893998141] [ccr_centralized_planner]: Received state 9 from robotB
[ccr_centralized_planner-3] [INFO] [1729088736.992433099] [ccr_centralized_planner]: Received state 1 from robotA
[ccr_centralized_planner-3] [INFO] [1729088737.110068211] [ccr_centralized_planner]: Received state 9 from robotB
[ccr_centralized_planner-3] [INFO] [1729088737.205773135] [ccr_centralized_planner]: Received state 1 from robotA
[ccr_centralized_planner-3] [INFO] [1729088737.284136427] [ccr_centralized_planner]: Received state 9 from robotB
[ccr_centralized_planner-3] [INFO] [1729088737.387389529] [ccr_centralized_planner]: Received state 1 from robotA
[ccr_fake_execution-2] [INFO] [1729088737.432634487] [ccr_fake_execution]: robotA: 29 -> 31
[ccr_centralized_planner-3] [INFO] [1729088737.433701536] [ccr_centralized_planner]: Received state 31 from robotA
[ccr_centralized_planner-3] [INFO] [1729088737.434535468] [ccr_centralized_planner]: Received state 51 from robotB
[ccr_centralized_planner-3] [INFO] [1729088737.436664616] [ccr_centralized_planner]: 
[ccr_centralized_planner-3] 
[ccr_centralized_planner-3]  did not replan 
[ccr_centralized_planner-3] 
[ccr_centralized_planner-3] [INFO] [1729088737.437307300] [ccr_centralized_planner]: Sent plan [31, 10, 9] to robotA
[ccr_fake_execution-2] [INFO] [1729088737.437789423] [ccr_fake_execution]: got plan for robotA: [31, 10, 9]
[ccr_centralized_planner-3] [INFO] [1729088737.437892095] [ccr_centralized_planner]: Sent plan [51, 53, 39, 55, 56, 57, 5, 1] to robotB
[ccr_fake_execution-2] [INFO] [1729088737.438968010] [ccr_fake_execution]: got plan for robotB: [51, 53, 39, 55, 56, 57, 5, 1]
[ccr_centralized_planner-3] [INFO] [1729088737.498728317] [ccr_centralized_planner]: Received state 9 from robotB
[ccr_centralized_planner-3] [INFO] [1729088737.596004885] [ccr_centralized_planner]: Received state 1 from robotA
[ccr_centralized_planner-3] [INFO] [1729088737.685059933] [ccr_centralized_planner]: Received state 9 from robotB
[ccr_centralized_planner-3] [INFO] [1729088737.900185203] [ccr_centralized_planner]: Received state 1 from robotA
[ccr_centralized_planner-3] [INFO] [1729088737.984366253] [ccr_centralized_planner]: Received state 9 from robotB
[ccr_centralized_planner-3] [INFO] [1729088738.085537525] [ccr_centralized_planner]: Received state 1 from robotA
[ccr_centralized_planner-3] [INFO] [1729088738.195128429] [ccr_centralized_planner]: Received state 9 from robotB
[ccr_centralized_planner-3] [INFO] [1729088738.296210916] [ccr_centralized_planner]: Received state 1 from robotA
[ccr_centralized_planner-3] [INFO] [1729088738.387740299] [ccr_centralized_planner]: Received state 9 from robotB
[ccr_fake_execution-2] [INFO] [1729088738.432386636] [ccr_fake_execution]: robotA: 31 -> 10
[ccr_centralized_planner-3] [INFO] [1729088738.433616640] [ccr_centralized_planner]: Received state 10 from robotA
[ccr_centralized_planner-3] [INFO] [1729088738.434600413] [ccr_centralized_planner]: Received state 51 from robotB
[ccr_centralized_planner-3] [INFO] [1729088738.436786478] [ccr_centralized_planner]: 
[ccr_centralized_planner-3] 
[ccr_centralized_planner-3]  replaned due to time difference limit : 2 
[ccr_centralized_planner-3] 
[ccr_centralized_planner-3] [INFO] [1729088738.458088568] [ccr_centralized_planner]: Sent plan [10, 9] to robotA
[ccr_centralized_planner-3] [INFO] [1729088738.458494789] [ccr_centralized_planner]: Sent plan [51, 53, 39, 55, 56, 57, 5, 1] to robotB
[ccr_fake_execution-2] [INFO] [1729088738.458826290] [ccr_fake_execution]: got plan for robotA: [10, 9]
[ccr_fake_execution-2] [INFO] [1729088738.459919698] [ccr_fake_execution]: got plan for robotB: [51, 53, 39, 55, 56, 57, 5, 1]
[ccr_centralized_planner-3] [INFO] [1729088738.507541518] [ccr_centralized_planner]: Received state 1 from robotA
[ccr_centralized_planner-3] [INFO] [1729088738.588814309] [ccr_centralized_planner]: Received state 9 from robotB
[ccr_centralized_planner-3] [INFO] [1729088738.688552909] [ccr_centralized_planner]: Received state 1 from robotA
[ccr_centralized_planner-3] [INFO] [1729088738.807456166] [ccr_centralized_planner]: Received state 9 from robotB
[ccr_centralized_planner-3] [INFO] [1729088738.999969432] [ccr_centralized_planner]: Received state 1 from robotA
[ccr_centralized_planner-3] [INFO] [1729088739.089818226] [ccr_centralized_planner]: Received state 9 from robotB
[ccr_centralized_planner-3] [INFO] [1729088739.191427941] [ccr_centralized_planner]: Received state 1 from robotA
[ccr_centralized_planner-3] [INFO] [1729088739.289555172] [ccr_centralized_planner]: Received state 9 from robotB
[ccr_centralized_planner-3] [INFO] [1729088739.389836478] [ccr_centralized_planner]: Received state 1 from robotA
[ccr_centralized_planner-3] [INFO] [1729088739.433712402] [ccr_centralized_planner]: Received state 10 from robotA
[ccr_centralized_planner-3] [INFO] [1729088739.434934311] [ccr_centralized_planner]: Received state 51 from robotB
[ccr_centralized_planner-3] [INFO] [1729088739.436876810] [ccr_centralized_planner]: 
[ccr_centralized_planner-3] 
[ccr_centralized_planner-3]  did not replan 
[ccr_centralized_planner-3] 
[ccr_centralized_planner-3] [INFO] [1729088739.437713276] [ccr_centralized_planner]: Sent plan [10, 9] to robotA
[ccr_fake_execution-2] [INFO] [1729088739.437858969] [ccr_fake_execution]: got plan for robotA: [10, 9]
[ccr_centralized_planner-3] [INFO] [1729088739.438493317] [ccr_centralized_planner]: Sent plan [51, 53, 39, 55, 56, 57, 5, 1] to robotB
[ccr_fake_execution-2] [INFO] [1729088739.438623191] [ccr_fake_execution]: got plan for robotB: [51, 53, 39, 55, 56, 57, 5, 1]
[ccr_centralized_planner-3] [INFO] [1729088739.508818884] [ccr_centralized_planner]: Received state 9 from robotB
[ccr_centralized_planner-3] [INFO] [1729088739.606843553] [ccr_centralized_planner]: Received state 1 from robotA
[ccr_centralized_planner-3] [INFO] [1729088739.692924761] [ccr_centralized_planner]: Received state 9 from robotB
[ccr_centralized_planner-3] [INFO] [1729088739.791828698] [ccr_centralized_planner]: Received state 1 from robotA
[ccr_centralized_planner-3] [INFO] [1729088739.892776221] [ccr_centralized_planner]: Received state 9 from robotB
[ccr_centralized_planner-3] [INFO] [1729088739.996152645] [ccr_centralized_planner]: Received state 1 from robotA
[ccr_centralized_planner-3] [INFO] [1729088740.115941400] [ccr_centralized_planner]: Received state 9 from robotB
[ccr_centralized_planner-3] [INFO] [1729088740.213741719] [ccr_centralized_planner]: Received state 1 from robotA
[ccr_centralized_planner-3] [INFO] [1729088740.396188740] [ccr_centralized_planner]: Received state 9 from robotB
[ccr_fake_execution-2] [INFO] [1729088740.432728933] [ccr_fake_execution]: robotA: 10 -> 9
[ccr_centralized_planner-3] [INFO] [1729088740.434112504] [ccr_centralized_planner]: Received state 9 from robotA
[ccr_goal_provider-1] [INFO] [1729088740.434197073] [ccr_goal_provider]: [32mgoal completed:[0m robotA reached goal 9, going to goal 1 within state 1
[ccr_centralized_planner-3] [INFO] [1729088740.434981793] [ccr_centralized_planner]: Received state 51 from robotB
[ccr_centralized_planner-3] [INFO] [1729088740.436668642] [ccr_centralized_planner]: 
[ccr_centralized_planner-3] 
[ccr_centralized_planner-3]  did not replan 
[ccr_centralized_planner-3] 
[ccr_centralized_planner-3] [INFO] [1729088740.437337335] [ccr_centralized_planner]: Sent plan [9] to robotA
[ccr_fake_execution-2] [INFO] [1729088740.437786035] [ccr_fake_execution]: got plan for robotA: [9]
[ccr_centralized_planner-3] [INFO] [1729088740.437939553] [ccr_centralized_planner]: Sent plan [51, 53, 39, 55, 56, 57, 5, 1] to robotB
[ccr_fake_execution-2] [INFO] [1729088740.438690229] [ccr_fake_execution]: got plan for robotB: [51, 53, 39, 55, 56, 57, 5, 1]
[ccr_centralized_planner-3] [INFO] [1729088740.493092129] [ccr_centralized_planner]: Received goal 1 from robotA
[ccr_centralized_planner-3] [INFO] [1729088740.494752990] [ccr_centralized_planner]: Received state 1 from robotA
[ccr_goal_provider-1] [INFO] [1729088740.494974334] [ccr_goal_provider]: [32mgoal completed:[0m robotA reached goal 1, going to goal 0 within state 9
[ccr_centralized_planner-3] [INFO] [1729088740.524286289] [ccr_centralized_planner]: Received goal 9 from robotA
[ccr_centralized_planner-3] [INFO] [1729088740.593316588] [ccr_centralized_planner]: Received state 9 from robotB
[ccr_centralized_planner-3] [INFO] [1729088740.693610268] [ccr_centralized_planner]: Received state 1 from robotA
[ccr_centralized_planner-3] [INFO] [1729088740.808707446] [ccr_centralized_planner]: Received state 9 from robotB
[ccr_centralized_planner-3] [INFO] [1729088740.901590514] [ccr_centralized_planner]: Received state 1 from robotA
[ccr_centralized_planner-3] [INFO] [1729088740.995942174] [ccr_centralized_planner]: Received state 9 from robotB
[ccr_centralized_planner-3] [INFO] [1729088741.098721469] [ccr_centralized_planner]: Received state 1 from robotA
[ccr_centralized_planner-3] [INFO] [1729088741.201601553] [ccr_centralized_planner]: Received state 9 from robotB
[ccr_centralized_planner-3] [INFO] [1729088741.301548443] [ccr_centralized_planner]: Received state 1 from robotA
[ccr_centralized_planner-3] [INFO] [1729088741.396013565] [ccr_centralized_planner]: Received state 9 from robotB
[ccr_fake_execution-2] [INFO] [1729088741.432858869] [ccr_fake_execution]: robotB: 51 -> 53
[ccr_centralized_planner-3] [INFO] [1729088741.434040422] [ccr_centralized_planner]: Received state 9 from robotA
[ccr_goal_provider-1] [INFO] [1729088741.434077963] [ccr_goal_provider]: [32mgoal completed:[0m robotA reached goal 9, going to goal 1 within state 1
[ccr_centralized_planner-3] [INFO] [1729088741.434954995] [ccr_centralized_planner]: Received state 53 from robotB
[ccr_centralized_planner-3] [INFO] [1729088741.436779463] [ccr_centralized_planner]: 
[ccr_centralized_planner-3] 
[ccr_centralized_planner-3]  replaned due to new goal
[ccr_centralized_planner-3] 
[ccr_centralized_planner-3] [INFO] [1729088741.458410800] [ccr_centralized_planner]: Sent plan [9] to robotA
[ccr_centralized_planner-3] [INFO] [1729088741.458860753] [ccr_centralized_planner]: Sent plan [53, 39, 55, 56, 57, 5, 1] to robotB
[ccr_fake_execution-2] [INFO] [1729088741.459278215] [ccr_fake_execution]: got plan for robotA: [9]
[ccr_fake_execution-2] [INFO] [1729088741.460493672] [ccr_fake_execution]: got plan for robotB: [53, 39, 55, 56, 57, 5, 1]
[ccr_centralized_planner-3] [INFO] [1729088741.494407595] [ccr_centralized_planner]: Received goal 1 from robotA
[ccr_goal_provider-1] [INFO] [1729088741.604007838] [ccr_goal_provider]: [32mgoal completed:[0m robotA reached goal 1, going to goal 0 within state 9
[ccr_centralized_planner-3] [INFO] [1729088741.604332736] [ccr_centralized_planner]: Received state 1 from robotA
[ccr_centralized_planner-3] [INFO] [1729088741.623200236] [ccr_centralized_planner]: Received goal 9 from robotA
[ccr_centralized_planner-3] [INFO] [1729088741.697050184] [ccr_centralized_planner]: Received state 9 from robotB
[ccr_centralized_planner-3] [INFO] [1729088741.821210067] [ccr_centralized_planner]: Received state 1 from robotA
[ccr_centralized_planner-3] [INFO] [1729088741.898221677] [ccr_centralized_planner]: Received state 9 from robotB
[ccr_centralized_planner-3] [INFO] [1729088741.997176930] [ccr_centralized_planner]: Received state 1 from robotA
[ccr_centralized_planner-3] [INFO] [1729088742.110338211] [ccr_centralized_planner]: Received state 9 from robotB
[ccr_centralized_planner-3] [INFO] [1729088742.207450732] [ccr_centralized_planner]: Received state 1 from robotA
[ccr_centralized_planner-3] [INFO] [1729088742.297359610] [ccr_centralized_planner]: Received state 9 from robotB
[ccr_centralized_planner-3] [INFO] [1729088742.396573056] [ccr_centralized_planner]: Received state 1 from robotA
[ccr_centralized_planner-3] [INFO] [1729088742.433270293] [ccr_centralized_planner]: Received state 9 from robotA
[ccr_goal_provider-1] [INFO] [1729088742.433341476] [ccr_goal_provider]: [32mgoal completed:[0m robotA reached goal 9, going to goal 1 within state 1
[ccr_centralized_planner-3] [INFO] [1729088742.434699059] [ccr_centralized_planner]: Received state 53 from robotB
[ccr_centralized_planner-3] [INFO] [1729088742.436642228] [ccr_centralized_planner]: 
[ccr_centralized_planner-3] 
[ccr_centralized_planner-3]  replaned due to new goal
[ccr_centralized_planner-3] 
[ccr_centralized_planner-3] [INFO] [1729088742.460567423] [ccr_centralized_planner]: Sent plan [9] to robotA
[ccr_centralized_planner-3] [INFO] [1729088742.460984143] [ccr_centralized_planner]: Sent plan [53, 39, 55, 56, 57, 5, 1] to robotB
[ccr_fake_execution-2] [INFO] [1729088742.461164171] [ccr_fake_execution]: got plan for robotA: [9]
[ccr_fake_execution-2] [INFO] [1729088742.461931638] [ccr_fake_execution]: got plan for robotB: [53, 39, 55, 56, 57, 5, 1]
[ccr_centralized_planner-3] [INFO] [1729088742.496104126] [ccr_centralized_planner]: Received goal 1 from robotA
[ccr_centralized_planner-3] [INFO] [1729088742.501696291] [ccr_centralized_planner]: Received state 9 from robotB
[ccr_centralized_planner-3] [INFO] [1729088742.605151553] [ccr_centralized_planner]: Received state 1 from robotA
[ccr_goal_provider-1] [INFO] [1729088742.605259164] [ccr_goal_provider]: [32mgoal completed:[0m robotA reached goal 1, going to goal 0 within state 9
[ccr_centralized_planner-3] [INFO] [1729088742.623588536] [ccr_centralized_planner]: Received goal 9 from robotA
[ccr_centralized_planner-3] [INFO] [1729088742.698724924] [ccr_centralized_planner]: Received state 9 from robotB
[ccr_centralized_planner-3] [INFO] [1729088742.925259915] [ccr_centralized_planner]: Received state 1 from robotA
[ccr_centralized_planner-3] [INFO] [1729088742.997911258] [ccr_centralized_planner]: Received state 9 from robotB
[ccr_centralized_planner-3] [INFO] [1729088743.098472809] [ccr_centralized_planner]: Received state 1 from robotA
[ccr_centralized_planner-3] [INFO] [1729088743.217551044] [ccr_centralized_planner]: Received state 9 from robotB
[ccr_centralized_planner-3] [INFO] [1729088743.322431474] [ccr_centralized_planner]: Received state 1 from robotA
[ccr_centralized_planner-3] [INFO] [1729088743.400779988] [ccr_centralized_planner]: Received state 9 from robotB
[ccr_centralized_planner-3] [INFO] [1729088743.433526075] [ccr_centralized_planner]: Received state 9 from robotA
[ccr_goal_provider-1] [INFO] [1729088743.433674954] [ccr_goal_provider]: [32mgoal completed:[0m robotA reached goal 9, going to goal 1 within state 1
[ccr_centralized_planner-3] [INFO] [1729088743.434508345] [ccr_centralized_planner]: Received state 53 from robotB
[ccr_centralized_planner-3] [INFO] [1729088743.436748010] [ccr_centralized_planner]: 
[ccr_centralized_planner-3] 
[ccr_centralized_planner-3]  replaned due to new goal
[ccr_centralized_planner-3] 
[ccr_centralized_planner-3] [INFO] [1729088743.455038039] [ccr_centralized_planner]: Sent plan [9] to robotA
[ccr_centralized_planner-3] [INFO] [1729088743.455419142] [ccr_centralized_planner]: Sent plan [53, 39, 55, 56, 57, 5, 1] to robotB
[ccr_fake_execution-2] [INFO] [1729088743.455629957] [ccr_fake_execution]: got plan for robotA: [9]
[ccr_fake_execution-2] [INFO] [1729088743.456584245] [ccr_fake_execution]: got plan for robotB: [53, 39, 55, 56, 57, 5, 1]
[ccr_centralized_planner-3] [INFO] [1729088743.499880302] [ccr_centralized_planner]: Received goal 1 from robotA
[ccr_centralized_planner-3] [INFO] [1729088743.502349217] [ccr_centralized_planner]: Received state 1 from robotA
[ccr_goal_provider-1] [INFO] [1729088743.502907763] [ccr_goal_provider]: [32mgoal completed:[0m robotA reached goal 1, going to goal 0 within state 9
[ccr_centralized_planner-3] [INFO] [1729088743.523167201] [ccr_centralized_planner]: Received goal 9 from robotA
[ccr_centralized_planner-3] [INFO] [1729088743.609379164] [ccr_centralized_planner]: Received state 9 from robotB
[ccr_centralized_planner-3] [INFO] [1729088743.710932473] [ccr_centralized_planner]: Received state 1 from robotA
[ccr_centralized_planner-3] [INFO] [1729088743.801825093] [ccr_centralized_planner]: Received state 9 from robotB
[ccr_centralized_planner-3] [INFO] [1729088744.018142335] [ccr_centralized_planner]: Received state 1 from robotA
[ccr_centralized_planner-3] [INFO] [1729088744.103401684] [ccr_centralized_planner]: Received state 9 from robotB
[ccr_centralized_planner-3] [INFO] [1729088744.203514365] [ccr_centralized_planner]: Received state 1 from robotA
[ccr_centralized_planner-3] [INFO] [1729088744.312185055] [ccr_centralized_planner]: Received state 9 from robotB
[ccr_centralized_planner-3] [INFO] [1729088744.412218707] [ccr_centralized_planner]: Received state 1 from robotA
[ccr_centralized_planner-3] [INFO] [1729088744.433166755] [ccr_centralized_planner]: Received state 9 from robotA
[ccr_goal_provider-1] [INFO] [1729088744.433630103] [ccr_goal_provider]: [32mgoal completed:[0m robotA reached goal 9, going to goal 1 within state 1
[ccr_centralized_planner-3] [INFO] [1729088744.433816071] [ccr_centralized_planner]: Received state 53 from robotB
[ccr_centralized_planner-3] [INFO] [1729088744.436463069] [ccr_centralized_planner]: 
[ccr_centralized_planner-3] 
[ccr_centralized_planner-3]  replaned due to new goal
[ccr_centralized_planner-3] 
[ccr_centralized_planner-3] [INFO] [1729088744.458219170] [ccr_centralized_planner]: Sent plan [9] to robotA
[ccr_centralized_planner-3] [INFO] [1729088744.458660827] [ccr_centralized_planner]: Sent plan [53, 39, 55, 56, 57, 5, 1] to robotB
[ccr_fake_execution-2] [INFO] [1729088744.458676837] [ccr_fake_execution]: got plan for robotA: [9]
[ccr_fake_execution-2] [INFO] [1729088744.459454504] [ccr_fake_execution]: got plan for robotB: [53, 39, 55, 56, 57, 5, 1]
[ccr_centralized_planner-3] [INFO] [1729088744.501501873] [ccr_centralized_planner]: Received goal 1 from robotA
[ccr_centralized_planner-3] [INFO] [1729088744.504008889] [ccr_centralized_planner]: Received state 9 from robotB
[ccr_centralized_planner-3] [INFO] [1729088744.603141964] [ccr_centralized_planner]: Received state 1 from robotA
[ccr_goal_provider-1] [INFO] [1729088744.603614258] [ccr_goal_provider]: [32mgoal completed:[0m robotA reached goal 1, going to goal 0 within state 9
[ccr_centralized_planner-3] [INFO] [1729088744.623615122] [ccr_centralized_planner]: Received goal 9 from robotA
[ccr_centralized_planner-3] [INFO] [1729088744.703389677] [ccr_centralized_planner]: Received state 9 from robotB
[ccr_centralized_planner-3] [INFO] [1729088744.802957938] [ccr_centralized_planner]: Received state 1 from robotA
[ccr_centralized_planner-3] [INFO] [1729088744.915734329] [ccr_centralized_planner]: Received state 9 from robotB
[ccr_centralized_planner-3] [INFO] [1729088745.017728794] [ccr_centralized_planner]: Received state 1 from robotA
[ccr_centralized_planner-3] [INFO] [1729088745.103951928] [ccr_centralized_planner]: Received state 9 from robotB
[ccr_centralized_planner-3] [INFO] [1729088745.330443788] [ccr_centralized_planner]: Received state 1 from robotA
[ccr_centralized_planner-3] [INFO] [1729088745.404320576] [ccr_centralized_planner]: Received state 9 from robotB
[ccr_fake_execution-2] [INFO] [1729088745.432629862] [ccr_fake_execution]: robotB: 53 -> 39
[ccr_goal_provider-1] [INFO] [1729088745.433760109] [ccr_goal_provider]: [32mgoal completed:[0m robotA reached goal 9, going to goal 1 within state 1
[ccr_centralized_planner-3] [INFO] [1729088745.433850759] [ccr_centralized_planner]: Received state 9 from robotA
[ccr_centralized_planner-3] [INFO] [1729088745.434820475] [ccr_centralized_planner]: Received state 39 from robotB
[ccr_centralized_planner-3] [INFO] [1729088745.436795615] [ccr_centralized_planner]: 
[ccr_centralized_planner-3] 
[ccr_centralized_planner-3]  replaned due to new goal
[ccr_centralized_planner-3] 
[ccr_centralized_planner-3] [INFO] [1729088745.462621670] [ccr_centralized_planner]: Sent plan [9] to robotA
[ccr_centralized_planner-3] [INFO] [1729088745.463012882] [ccr_centralized_planner]: Sent plan [39, 55, 56, 57, 5, 1] to robotB
[ccr_fake_execution-2] [INFO] [1729088745.463170367] [ccr_fake_execution]: got plan for robotA: [9]
[ccr_fake_execution-2] [INFO] [1729088745.464470162] [ccr_fake_execution]: got plan for robotB: [39, 55, 56, 57, 5, 1]
[ccr_centralized_planner-3] [INFO] [1729088745.503583856] [ccr_centralized_planner]: Received goal 1 from robotA
[ccr_centralized_planner-3] [INFO] [1729088745.505830634] [ccr_centralized_planner]: Received state 1 from robotA
[ccr_goal_provider-1] [INFO] [1729088745.506090200] [ccr_goal_provider]: [32mgoal completed:[0m robotA reached goal 1, going to goal 0 within state 9
[ccr_centralized_planner-3] [INFO] [1729088745.523364877] [ccr_centralized_planner]: Received goal 9 from robotA
[ccr_centralized_planner-3] [INFO] [1729088745.615648453] [ccr_centralized_planner]: Received state 9 from robotB
[ccr_centralized_planner-3] [INFO] [1729088745.719240791] [ccr_centralized_planner]: Received state 1 from robotA
[ccr_centralized_planner-3] [INFO] [1729088745.806792694] [ccr_centralized_planner]: Received state 9 from robotB
[ccr_centralized_planner-3] [INFO] [1729088745.906528278] [ccr_centralized_planner]: Received state 1 from robotA
[ccr_centralized_planner-3] [INFO] [1729088746.006753439] [ccr_centralized_planner]: Received state 9 from robotB
[ccr_centralized_planner-3] [INFO] [1729088746.107106960] [ccr_centralized_planner]: Received state 1 from robotA
[ccr_centralized_planner-3] [INFO] [1729088746.225673917] [ccr_centralized_planner]: Received state 9 from robotB
[ccr_centralized_planner-3] [INFO] [1729088746.324427401] [ccr_centralized_planner]: Received state 1 from robotA
[ccr_centralized_planner-3] [INFO] [1729088746.407586747] [ccr_centralized_planner]: Received state 9 from robotB
[ccr_fake_execution-2] [INFO] [1729088746.432710847] [ccr_fake_execution]: robotB: 39 -> 55
[ccr_centralized_planner-3] [INFO] [1729088746.433825695] [ccr_centralized_planner]: Received state 9 from robotA
[ccr_goal_provider-1] [INFO] [1729088746.433986827] [ccr_goal_provider]: [32mgoal completed:[0m robotA reached goal 9, going to goal 1 within state 1
[ccr_centralized_planner-3] [INFO] [1729088746.434751940] [ccr_centralized_planner]: Received state 55 from robotB
[ccr_centralized_planner-3] [INFO] [1729088746.436686042] [ccr_centralized_planner]: 
[ccr_centralized_planner-3] 
[ccr_centralized_planner-3]  replaned due to new goal
[ccr_centralized_planner-3] 
[ccr_centralized_planner-3] [INFO] [1729088746.460509506] [ccr_centralized_planner]: Sent plan [9] to robotA
[ccr_fake_execution-2] [INFO] [1729088746.460617238] [ccr_fake_execution]: got plan for robotA: [9]
[ccr_centralized_planner-3] [INFO] [1729088746.460975128] [ccr_centralized_planner]: Sent plan [55, 56, 57, 5, 1] to robotB
[ccr_fake_execution-2] [INFO] [1729088746.461361562] [ccr_fake_execution]: got plan for robotB: [55, 56, 57, 5, 1]
[ccr_centralized_planner-3] [INFO] [1729088746.506145427] [ccr_centralized_planner]: Received goal 1 from robotA
[ccr_centralized_planner-3] [INFO] [1729088746.625126970] [ccr_centralized_planner]: Received state 1 from robotA
[ccr_goal_provider-1] [INFO] [1729088746.625150444] [ccr_goal_provider]: [32mgoal completed:[0m robotA reached goal 1, going to goal 0 within state 9
[ccr_centralized_planner-3] [INFO] [1729088746.706203424] [ccr_centralized_planner]: Received goal 9 from robotA
[ccr_centralized_planner-3] [INFO] [1729088746.707339582] [ccr_centralized_planner]: Received state 9 from robotB
[ccr_centralized_planner-3] [INFO] [1729088746.811947812] [ccr_centralized_planner]: Received state 1 from robotA
[ccr_centralized_planner-3] [INFO] [1729088746.921630479] [ccr_centralized_planner]: Received state 9 from robotB
[ccr_centralized_planner-3] [INFO] [1729088747.030242539] [ccr_centralized_planner]: Received state 1 from robotA
[ccr_centralized_planner-3] [INFO] [1729088747.110315713] [ccr_centralized_planner]: Received state 9 from robotB
[ccr_centralized_planner-3] [INFO] [1729088747.209631210] [ccr_centralized_planner]: Received state 1 from robotA
[ccr_centralized_planner-3] [INFO] [1729088747.322024954] [ccr_centralized_planner]: Received state 9 from robotB
[ccr_centralized_planner-3] [INFO] [1729088747.422711019] [ccr_centralized_planner]: Received state 1 from robotA
[ccr_fake_execution-2] [INFO] [1729088747.432963132] [ccr_fake_execution]: robotB: 55 -> 56
[ccr_goal_provider-1] [INFO] [1729088747.434615066] [ccr_goal_provider]: [32mgoal completed:[0m robotA reached goal 9, going to goal 1 within state 1
[ccr_centralized_planner-3] [INFO] [1729088747.434638110] [ccr_centralized_planner]: Received state 9 from robotA
[ccr_centralized_planner-3] [INFO] [1729088747.435611633] [ccr_centralized_planner]: Received state 56 from robotB
[ccr_centralized_planner-3] [INFO] [1729088747.436675355] [ccr_centralized_planner]: 
[ccr_centralized_planner-3] 
[ccr_centralized_planner-3]  replaned due to new goal
[ccr_centralized_planner-3] 
[ccr_centralized_planner-3] [INFO] [1729088747.454533134] [ccr_centralized_planner]: Sent plan [9] to robotA
[ccr_centralized_planner-3] [INFO] [1729088747.454924728] [ccr_centralized_planner]: Sent plan [56, 57, 5, 1] to robotB
[ccr_fake_execution-2] [INFO] [1729088747.455154038] [ccr_fake_execution]: got plan for robotA: [9]
[ccr_fake_execution-2] [INFO] [1729088747.456129394] [ccr_fake_execution]: got plan for robotB: [56, 57, 5, 1]
[ccr_centralized_planner-3] [INFO] [1729088747.507990064] [ccr_centralized_planner]: Received goal 1 from robotA
[ccr_centralized_planner-3] [INFO] [1729088747.509558642] [ccr_centralized_planner]: Received state 9 from robotB
[ccr_centralized_planner-3] [INFO] [1729088747.731635173] [ccr_centralized_planner]: Received state 1 from robotA
[ccr_goal_provider-1] [INFO] [1729088747.731953229] [ccr_goal_provider]: [32mgoal completed:[0m robotA reached goal 1, going to goal 0 within state 9
[ccr_centralized_planner-3] [INFO] [1729088747.809179501] [ccr_centralized_planner]: Received goal 9 from robotA
[ccr_centralized_planner-3] [INFO] [1729088747.811401132] [ccr_centralized_planner]: Received state 9 from robotB
[ccr_centralized_planner-3] [INFO] [1729088747.911332923] [ccr_centralized_planner]: Received state 1 from robotA
[ccr_centralized_planner-3] [INFO] [1729088748.023414683] [ccr_centralized_planner]: Received state 9 from robotB
[ccr_centralized_planner-3] [INFO] [1729088748.122243258] [ccr_centralized_planner]: Received state 1 from robotA
[ccr_centralized_planner-3] [INFO] [1729088748.212980928] [ccr_centralized_planner]: Received state 9 from robotB
[ccr_centralized_planner-3] [INFO] [1729088748.311957621] [ccr_centralized_planner]: Received state 1 from robotA
[ccr_centralized_planner-3] [INFO] [1729088748.412250048] [ccr_centralized_planner]: Received state 9 from robotB
[ccr_fake_execution-2] [INFO] [1729088748.432550251] [ccr_fake_execution]: robotB: 56 -> 57
[ccr_centralized_planner-3] [INFO] [1729088748.433672964] [ccr_centralized_planner]: Received state 9 from robotA
[ccr_goal_provider-1] [INFO] [1729088748.433775086] [ccr_goal_provider]: [32mgoal completed:[0m robotA reached goal 9, going to goal 1 within state 1
[ccr_centralized_planner-3] [INFO] [1729088748.434541782] [ccr_centralized_planner]: Received state 57 from robotB
[ccr_centralized_planner-3] [INFO] [1729088748.436876635] [ccr_centralized_planner]: 
[ccr_centralized_planner-3] 
[ccr_centralized_planner-3]  replaned due to new goal
[ccr_centralized_planner-3] 
[ccr_centralized_planner-3] [INFO] [1729088748.455763843] [ccr_centralized_planner]: Sent plan [9] to robotA
[ccr_centralized_planner-3] [INFO] [1729088748.456214236] [ccr_centralized_planner]: Sent plan [57, 5, 1] to robotB
[ccr_fake_execution-2] [INFO] [1729088748.456489873] [ccr_fake_execution]: got plan for robotA: [9]
[ccr_fake_execution-2] [INFO] [1729088748.457651739] [ccr_fake_execution]: got plan for robotB: [57, 5, 1]
[ccr_centralized_planner-3] [INFO] [1729088748.511959793] [ccr_centralized_planner]: Received goal 1 from robotA
[ccr_goal_provider-1] [INFO] [1729088748.513098265] [ccr_goal_provider]: [32mgoal completed:[0m robotA reached goal 1, going to goal 0 within state 9
[ccr_centralized_planner-3] [INFO] [1729088748.513627667] [ccr_centralized_planner]: Received state 1 from robotA
[ccr_centralized_planner-3] [INFO] [1729088748.523732314] [ccr_centralized_planner]: Received goal 9 from robotA
[ccr_centralized_planner-3] [INFO] [1729088748.628158474] [ccr_centralized_planner]: Received state 9 from robotB
[ccr_centralized_planner-3] [INFO] [1729088748.728580474] [ccr_centralized_planner]: Received state 1 from robotA
[ccr_centralized_planner-3] [INFO] [1729088748.814791836] [ccr_centralized_planner]: Received state 9 from robotB
[ccr_centralized_planner-3] [INFO] [1729088749.028940446] [ccr_centralized_planner]: Received state 1 from robotA
[ccr_centralized_planner-3] [INFO] [1729088749.114557114] [ccr_centralized_planner]: Received state 9 from robotB
[ccr_centralized_planner-3] [INFO] [1729088749.214640860] [ccr_centralized_planner]: Received state 1 from robotA
[ccr_centralized_planner-3] [INFO] [1729088749.321444794] [ccr_centralized_planner]: Received state 9 from robotB
[ccr_centralized_planner-3] [INFO] [1729088749.426577327] [ccr_centralized_planner]: Received state 1 from robotA
[ccr_fake_execution-2] [INFO] [1729088749.432676300] [ccr_fake_execution]: robotB: 57 -> 5
[ccr_goal_provider-1] [INFO] [1729088749.433592627] [ccr_goal_provider]: [32mgoal completed:[0m robotA reached goal 9, going to goal 1 within state 1
[ccr_centralized_planner-3] [INFO] [1729088749.433765941] [ccr_centralized_planner]: Received state 9 from robotA
[ccr_centralized_planner-3] [INFO] [1729088749.434834112] [ccr_centralized_planner]: Received state 5 from robotB
[ccr_centralized_planner-3] [INFO] [1729088749.436873392] [ccr_centralized_planner]: 
[ccr_centralized_planner-3] 
[ccr_centralized_planner-3]  replaned due to new goal
[ccr_centralized_planner-3] 
[ccr_centralized_planner-3] [INFO] [1729088749.461452211] [ccr_centralized_planner]: Sent plan [9] to robotA
[ccr_centralized_planner-3] [INFO] [1729088749.461862670] [ccr_centralized_planner]: Sent plan [5, 1] to robotB
[ccr_fake_execution-2] [INFO] [1729088749.461875564] [ccr_fake_execution]: got plan for robotA: [9]
[ccr_fake_execution-2] [INFO] [1729088749.462564945] [ccr_fake_execution]: got plan for robotB: [5, 1]
[ccr_centralized_planner-3] [INFO] [1729088749.513468141] [ccr_centralized_planner]: Received goal 1 from robotA
[ccr_centralized_planner-3] [INFO] [1729088749.516645282] [ccr_centralized_planner]: Received state 9 from robotB
[ccr_centralized_planner-3] [INFO] [1729088749.616270009] [ccr_centralized_planner]: Received state 1 from robotA
[ccr_goal_provider-1] [INFO] [1729088749.616544533] [ccr_goal_provider]: [32mgoal completed:[0m robotA reached goal 1, going to goal 0 within state 9
[ccr_centralized_planner-3] [INFO] [1729088749.622890119] [ccr_centralized_planner]: Received goal 9 from robotA
[ccr_centralized_planner-3] [INFO] [1729088749.715783527] [ccr_centralized_planner]: Received state 9 from robotB
[ccr_centralized_planner-3] [INFO] [1729088749.816469782] [ccr_centralized_planner]: Received state 1 from robotA
[ccr_centralized_planner-3] [INFO] [1729088749.931792752] [ccr_centralized_planner]: Received state 9 from robotB
[ccr_centralized_planner-3] [INFO] [1729088750.034380689] [ccr_centralized_planner]: Received state 1 from robotA
[ccr_centralized_planner-3] [INFO] [1729088750.116383317] [ccr_centralized_planner]: Received state 9 from robotB
[ccr_centralized_planner-3] [INFO] [1729088750.333351189] [ccr_centralized_planner]: Received state 1 from robotA
[ccr_centralized_planner-3] [INFO] [1729088750.417231063] [ccr_centralized_planner]: Received state 9 from robotB
[ccr_fake_execution-2] [INFO] [1729088750.432614267] [ccr_fake_execution]: robotB: 5 -> 1
[ccr_goal_provider-1] [INFO] [1729088750.433851414] [ccr_goal_provider]: [32mgoal completed:[0m robotA reached goal 9, going to goal 1 within state 1
[ccr_centralized_planner-3] [INFO] [1729088750.434385585] [ccr_centralized_planner]: Received state 9 from robotA
[ccr_goal_provider-1] [INFO] [1729088750.435042445] [ccr_goal_provider]: [32mgoal completed:[0m robotB reached goal 1, going to goal 1 within state 9
[ccr_centralized_planner-3] [INFO] [1729088750.435635516] [ccr_centralized_planner]: Received state 1 from robotB
[ccr_centralized_planner-3] [INFO] [1729088750.436955018] [ccr_centralized_planner]: 
[ccr_centralized_planner-3] 
[ccr_centralized_planner-3]  replaned due to new goal
[ccr_centralized_planner-3] 
[ccr_centralized_planner-3] [INFO] [1729088750.455404005] [ccr_centralized_planner]: Sent plan [9] to robotA
[ccr_fake_execution-2] [INFO] [1729088750.455770571] [ccr_fake_execution]: got plan for robotA: [9]
[ccr_centralized_planner-3] [INFO] [1729088750.455962922] [ccr_centralized_planner]: Sent plan [1] to robotB
[ccr_fake_execution-2] [INFO] [1729088750.456559559] [ccr_fake_execution]: got plan for robotB: [1]
[ccr_centralized_planner-3] [INFO] [1729088750.515298372] [ccr_centralized_planner]: Received goal 1 from robotA
[ccr_goal_provider-1] [INFO] [1729088750.516008863] [ccr_goal_provider]: [32mgoal completed:[0m robotA reached goal 1, going to goal 0 within state 9
[ccr_centralized_planner-3] [INFO] [1729088750.516129469] [ccr_centralized_planner]: Received state 1 from robotA
[ccr_centralized_planner-3] [INFO] [1729088750.516609388] [ccr_centralized_planner]: Received goal 9 from robotB
[ccr_centralized_planner-3] [INFO] [1729088750.522953121] [ccr_centralized_planner]: Received goal 9 from robotA
[ccr_centralized_planner-3] [INFO] [1729088750.626468915] [ccr_centralized_planner]: Received state 9 from robotB
[ccr_goal_provider-1] [INFO] [1729088750.626624136] [ccr_goal_provider]: [32mgoal completed:[0m robotB reached goal 9, going to goal 0 within state 1
[ccr_centralized_planner-3] [INFO] [1729088750.715525045] [ccr_centralized_planner]: Received goal 1 from robotB
[ccr_centralized_planner-3] [INFO] [1729088750.724882283] [ccr_centralized_planner]: Received state 1 from robotA
[ccr_centralized_planner-3] [INFO] [1729088750.817928447] [ccr_centralized_planner]: Received state 9 from robotB
[ccr_centralized_planner-3] [INFO] [1729088750.942829848] [ccr_centralized_planner]: Received state 1 from robotA
[ccr_centralized_planner-3] [INFO] [1729088751.018430896] [ccr_centralized_planner]: Received state 9 from robotB
[ccr_centralized_planner-3] [INFO] [1729088751.118920563] [ccr_centralized_planner]: Received state 1 from robotA
[ccr_centralized_planner-3] [INFO] [1729088751.231282367] [ccr_centralized_planner]: Received state 9 from robotB
[ccr_centralized_planner-3] [INFO] [1729088751.329286388] [ccr_centralized_planner]: Received state 1 from robotA
[ccr_centralized_planner-3] [INFO] [1729088751.419863076] [ccr_centralized_planner]: Received state 9 from robotB
[ccr_centralized_planner-3] [INFO] [1729088751.433389182] [ccr_centralized_planner]: Received state 9 from robotA
[ccr_goal_provider-1] [INFO] [1729088751.433735911] [ccr_goal_provider]: [32mgoal completed:[0m robotA reached goal 9, going to goal 1 within state 1
[ccr_goal_provider-1] [INFO] [1729088751.434649232] [ccr_goal_provider]: [32mgoal completed:[0m robotB reached goal 1, going to goal 1 within state 9
[ccr_centralized_planner-3] [INFO] [1729088751.436101111] [ccr_centralized_planner]: Received state 1 from robotB
[ccr_centralized_planner-3] [INFO] [1729088751.437163531] [ccr_centralized_planner]: 
[ccr_centralized_planner-3] 
[ccr_centralized_planner-3]  replaned due to new goal
[ccr_centralized_planner-3] 
[ccr_centralized_planner-3] [INFO] [1729088751.455608801] [ccr_centralized_planner]: Sent plan [9] to robotA
[ccr_fake_execution-2] [INFO] [1729088751.455940362] [ccr_fake_execution]: got plan for robotA: [9]
[ccr_centralized_planner-3] [INFO] [1729088751.456114128] [ccr_centralized_planner]: Sent plan [1] to robotB
[ccr_fake_execution-2] [INFO] [1729088751.456711587] [ccr_fake_execution]: got plan for robotB: [1]
[ccr_centralized_planner-3] [INFO] [1729088751.517181433] [ccr_centralized_planner]: Received goal 1 from robotA
[ccr_centralized_planner-3] [INFO] [1729088751.518257689] [ccr_centralized_planner]: Received goal 9 from robotB
[ccr_centralized_planner-3] [INFO] [1729088751.642543848] [ccr_centralized_planner]: Received state 1 from robotA
[ccr_goal_provider-1] [INFO] [1729088751.642632464] [ccr_goal_provider]: [32mgoal completed:[0m robotA reached goal 1, going to goal 0 within state 9
[ccr_centralized_planner-3] [INFO] [1729088751.718052843] [ccr_centralized_planner]: Received goal 9 from robotA
[ccr_goal_provider-1] [INFO] [1729088751.718997563] [ccr_goal_provider]: [32mgoal completed:[0m robotB reached goal 9, going to goal 0 within state 1
[ccr_centralized_planner-3] [INFO] [1729088751.720200396] [ccr_centralized_planner]: Received state 9 from robotB
[ccr_centralized_planner-3] [INFO] [1729088751.723485499] [ccr_centralized_planner]: Received goal 1 from robotB
[ccr_centralized_planner-3] [INFO] [1729088751.819928266] [ccr_centralized_planner]: Received state 1 from robotA
[ccr_centralized_planner-3] [INFO] [1729088751.927306425] [ccr_centralized_planner]: Received state 9 from robotB
[ccr_centralized_planner-3] [INFO] [1729088752.025002539] [ccr_centralized_planner]: Received state 1 from robotA
[ccr_centralized_planner-3] [INFO] [1729088752.119075747] [ccr_centralized_planner]: Received state 9 from robotB
[ccr_centralized_planner-3] [INFO] [1729088752.242205200] [ccr_centralized_planner]: Received state 1 from robotA
[ccr_centralized_planner-3] [INFO] [1729088752.319658416] [ccr_centralized_planner]: Received state 9 from robotB
[ccr_centralized_planner-3] [INFO] [1729088752.420352195] [ccr_centralized_planner]: Received state 1 from robotA
[ccr_centralized_planner-3] [INFO] [1729088752.433305708] [ccr_centralized_planner]: Received state 9 from robotA
[ccr_goal_provider-1] [INFO] [1729088752.433315497] [ccr_goal_provider]: [32mgoal completed:[0m robotA reached goal 9, going to goal 1 within state 1
[ccr_goal_provider-1] [INFO] [1729088752.434253614] [ccr_goal_provider]: [32mgoal completed:[0m robotB reached goal 1, going to goal 1 within state 9
[ccr_centralized_planner-3] [INFO] [1729088752.434778918] [ccr_centralized_planner]: Received state 1 from robotB
[ccr_centralized_planner-3] [INFO] [1729088752.436489332] [ccr_centralized_planner]: 
[ccr_centralized_planner-3] 
[ccr_centralized_planner-3]  replaned due to new goal
[ccr_centralized_planner-3] 
[ccr_centralized_planner-3] [INFO] [1729088752.458639100] [ccr_centralized_planner]: Sent plan [9] to robotA
[ccr_centralized_planner-3] [INFO] [1729088752.459139888] [ccr_centralized_planner]: Sent plan [1] to robotB
[ccr_fake_execution-2] [INFO] [1729088752.459557100] [ccr_fake_execution]: got plan for robotA: [9]
[ccr_fake_execution-2] [INFO] [1729088752.460869849] [ccr_fake_execution]: got plan for robotB: [1]
[ccr_centralized_planner-3] [INFO] [1729088752.519748945] [ccr_centralized_planner]: Received goal 1 from robotA
[ccr_centralized_planner-3] [INFO] [1729088752.520863763] [ccr_centralized_planner]: Received goal 9 from robotB
[ccr_centralized_planner-3] [INFO] [1729088752.532227869] [ccr_centralized_planner]: Received state 9 from robotB
[ccr_goal_provider-1] [INFO] [1729088752.532288773] [ccr_goal_provider]: [32mgoal completed:[0m robotB reached goal 9, going to goal 0 within state 1
[ccr_centralized_planner-3] [INFO] [1729088752.620917192] [ccr_centralized_planner]: Received goal 1 from robotB
[ccr_centralized_planner-3] [INFO] [1729088752.635386505] [ccr_centralized_planner]: Received state 1 from robotA
[ccr_goal_provider-1] [INFO] [1729088752.635444514] [ccr_goal_provider]: [32mgoal completed:[0m robotA reached goal 1, going to goal 0 within state 9
[ccr_centralized_planner-3] [INFO] [1729088752.720174490] [ccr_centralized_planner]: Received goal 9 from robotA
[ccr_centralized_planner-3] [INFO] [1729088752.721364379] [ccr_centralized_planner]: Received state 9 from robotB
[ccr_centralized_planner-3] [INFO] [1729088752.934672575] [ccr_centralized_planner]: Received state 1 from robotA
[ccr_centralized_planner-3] [INFO] [1729088753.021542851] [ccr_centralized_planner]: Received state 9 from robotB
[ccr_centralized_planner-3] [INFO] [1729088753.121786898] [ccr_centralized_planner]: Received state 1 from robotA
[ccr_centralized_planner-3] [INFO] [1729088753.231268567] [ccr_centralized_planner]: Received state 9 from robotB
[ccr_centralized_planner-3] [INFO] [1729088753.329630228] [ccr_centralized_planner]: Received state 1 from robotA
[ccr_goal_provider-1] [INFO] [1729088753.432812247] [ccr_goal_provider]: [32mgoal completed:[0m robotA reached goal 9, going to goal 1 within state 1
[ccr_centralized_planner-3] [INFO] [1729088753.432862681] [ccr_centralized_planner]: Received state 9 from robotA
[ccr_goal_provider-1] [INFO] [1729088753.433560378] [ccr_goal_provider]: [32mgoal completed:[0m robotB reached goal 1, going to goal 1 within state 9
[ccr_centralized_planner-3] [INFO] [1729088753.433662630] [ccr_centralized_planner]: Received state 1 from robotB
[ccr_centralized_planner-3] [INFO] [1729088753.437069551] [ccr_centralized_planner]: 
[ccr_centralized_planner-3] 
[ccr_centralized_planner-3]  replaned due to new goal
[ccr_centralized_planner-3] 
[ccr_goal_provider-1] [INFO] [1729088753.437170641] [ccr_goal_provider]: [32mgoal completed:[0m robotB reached goal 9, going to goal 0 within state 1
[ccr_centralized_planner-3] [INFO] [1729088753.459951822] [ccr_centralized_planner]: Sent plan [9] to robotA
[ccr_centralized_planner-3] [INFO] [1729088753.460371208] [ccr_centralized_planner]: Sent plan [1] to robotB
[ccr_fake_execution-2] [INFO] [1729088753.460453712] [ccr_fake_execution]: got plan for robotA: [9]
[ccr_centralized_planner-3] [INFO] [1729088753.460967795] [ccr_centralized_planner]: Received state 9 from robotB
[ccr_fake_execution-2] [INFO] [1729088753.461330455] [ccr_fake_execution]: got plan for robotB: [1]
[ccr_centralized_planner-3] [INFO] [1729088753.522490212] [ccr_centralized_planner]: Received goal 1 from robotA
[ccr_centralized_planner-3] [INFO] [1729088753.542809973] [ccr_centralized_planner]: Received state 1 from robotA
[ccr_goal_provider-1] [INFO] [1729088753.543049572] [ccr_goal_provider]: [32mgoal completed:[0m robotA reached goal 1, going to goal 0 within state 9
[ccr_centralized_planner-3] [INFO] [1729088753.622722496] [ccr_centralized_planner]: Received goal 9 from robotA
[ccr_centralized_planner-3] [INFO] [1729088753.623908949] [ccr_centralized_planner]: Received state 9 from robotB
[ccr_centralized_planner-3] [INFO] [1729088753.724662921] [ccr_centralized_planner]: Received state 1 from robotA
[ccr_centralized_planner-3] [INFO] [1729088753.833202305] [ccr_centralized_planner]: Received state 9 from robotB
[ccr_centralized_planner-3] [INFO] [1729088753.931975136] [ccr_centralized_planner]: Received state 1 from robotA
[ccr_centralized_planner-3] [INFO] [1729088754.027274611] [ccr_centralized_planner]: Received state 9 from robotB
[ccr_centralized_planner-3] [INFO] [1729088754.241281455] [ccr_centralized_planner]: Received state 1 from robotA
[ccr_centralized_planner-3] [INFO] [1729088754.326869740] [ccr_centralized_planner]: Received state 9 from robotB
[ccr_centralized_planner-3] [INFO] [1729088754.432954647] [ccr_centralized_planner]: Received state 9 from robotA
[ccr_goal_provider-1] [INFO] [1729088754.433153128] [ccr_goal_provider]: [32mgoal completed:[0m robotA reached goal 9, going to goal 1 within state 1
[ccr_centralized_planner-3] [INFO] [1729088754.433731201] [ccr_centralized_planner]: Received state 1 from robotB
[ccr_goal_provider-1] [INFO] [1729088754.434708432] [ccr_goal_provider]: [32mgoal completed:[0m robotB reached goal 1, going to goal 1 within state 9
[ccr_centralized_planner-3] [INFO] [1729088754.436677290] [ccr_centralized_planner]: 
[ccr_centralized_planner-3] 
[ccr_centralized_planner-3]  replaned due to new goal
[ccr_centralized_planner-3] 
[ccr_goal_provider-1] [INFO] [1729088754.450575863] [ccr_goal_provider]: [32mgoal completed:[0m robotA reached goal 1, going to goal 0 within state 9
[ccr_centralized_planner-3] [INFO] [1729088754.455268553] [ccr_centralized_planner]: Sent plan [9] to robotA
[ccr_fake_execution-2] [INFO] [1729088754.455600745] [ccr_fake_execution]: got plan for robotA: [9]
[ccr_centralized_planner-3] [INFO] [1729088754.455805529] [ccr_centralized_planner]: Sent plan [1] to robotB
[ccr_fake_execution-2] [INFO] [1729088754.456404821] [ccr_fake_execution]: got plan for robotB: [1]
[ccr_centralized_planner-3] [INFO] [1729088754.456627608] [ccr_centralized_planner]: Received state 1 from robotA
[ccr_centralized_planner-3] [INFO] [1729088754.523503343] [ccr_centralized_planner]: Received goal 9 from robotB
[ccr_centralized_planner-3] [INFO] [1729088754.527216628] [ccr_centralized_planner]: Received state 9 from robotB
[ccr_goal_provider-1] [INFO] [1729088754.527463200] [ccr_goal_provider]: [32mgoal completed:[0m robotB reached goal 9, going to goal 0 within state 1
[ccr_centralized_planner-3] [INFO] [1729088754.623811579] [ccr_centralized_planner]: Received goal 1 from robotB
[ccr_centralized_planner-3] [INFO] [1729088754.628340693] [ccr_centralized_planner]: Received state 1 from robotA
[ccr_centralized_planner-3] [INFO] [1729088754.741658408] [ccr_centralized_planner]: Received state 9 from robotB
[ccr_centralized_planner-3] [INFO] [1729088754.840883145] [ccr_centralized_planner]: Received state 1 from robotA
[ccr_centralized_planner-3] [INFO] [1729088754.927343934] [ccr_centralized_planner]: Received state 9 from robotB
[ccr_centralized_planner-3] [INFO] [1729088755.027304289] [ccr_centralized_planner]: Received state 1 from robotA
[ccr_centralized_planner-3] [INFO] [1729088755.134230381] [ccr_centralized_planner]: Received state 9 from robotB
[ccr_centralized_planner-3] [INFO] [1729088755.230762485] [ccr_centralized_planner]: Received state 1 from robotA
[ccr_centralized_planner-3] [INFO] [1729088755.352441491] [ccr_centralized_planner]: Received state 9 from robotB
[ccr_centralized_planner-3] [INFO] [1729088755.433350190] [ccr_centralized_planner]: Received state 9 from robotA
[ccr_goal_provider-1] [INFO] [1729088755.433604507] [ccr_goal_provider]: [32mgoal completed:[0m robotA reached goal 9, going to goal 1 within state 1
[ccr_centralized_planner-3] [INFO] [1729088755.434343521] [ccr_centralized_planner]: Received state 1 from robotB
[ccr_goal_provider-1] [INFO] [1729088755.434891618] [ccr_goal_provider]: [32mgoal completed:[0m robotB reached goal 1, going to goal 1 within state 9
[ccr_centralized_planner-3] [INFO] [1729088755.436833315] [ccr_centralized_planner]: 
[ccr_centralized_planner-3] 
[ccr_centralized_planner-3]  replaned due to new goal
[ccr_centralized_planner-3] 
[ccr_goal_provider-1] [INFO] [1729088755.453150839] [ccr_goal_provider]: [32mgoal completed:[0m robotA reached goal 1, going to goal 0 within state 9
[ccr_centralized_planner-3] [INFO] [1729088755.455235233] [ccr_centralized_planner]: Sent plan [9] to robotA
[ccr_centralized_planner-3] [INFO] [1729088755.455704983] [ccr_centralized_planner]: Sent plan [1] to robotB
[ccr_fake_execution-2] [INFO] [1729088755.455775736] [ccr_fake_execution]: got plan for robotA: [9]
[ccr_centralized_planner-3] [INFO] [1729088755.456272166] [ccr_centralized_planner]: Received state 1 from robotA
[ccr_fake_execution-2] [INFO] [1729088755.456587636] [ccr_fake_execution]: got plan for robotB: [1]
[ccr_centralized_planner-3] [INFO] [1729088755.523825850] [ccr_centralized_planner]: Received goal 9 from robotB
[ccr_centralized_planner-3] [INFO] [1729088755.531213678] [ccr_centralized_planner]: Received state 9 from robotB
[ccr_goal_provider-1] [INFO] [1729088755.531477672] [ccr_goal_provider]: [32mgoal completed:[0m robotB reached goal 9, going to goal 0 within state 1
[ccr_centralized_planner-3] [INFO] [1729088755.624650243] [ccr_centralized_planner]: Received goal 1 from robotB
[ccr_centralized_planner-3] [INFO] [1729088755.748697896] [ccr_centralized_planner]: Received state 1 from robotA
[ccr_centralized_planner-3] [INFO] [1729088755.829799256] [ccr_centralized_planner]: Received state 9 from robotB
[ccr_centralized_planner-3] [INFO] [1729088755.929583782] [ccr_centralized_planner]: Received state 1 from robotA
[ccr_centralized_planner-3] [INFO] [1729088756.048989150] [ccr_centralized_planner]: Received state 9 from robotB
[ccr_centralized_planner-3] [INFO] [1729088756.142102921] [ccr_centralized_planner]: Received state 1 from robotA
[ccr_centralized_planner-3] [INFO] [1729088756.231378291] [ccr_centralized_planner]: Received state 9 from robotB
[ccr_centralized_planner-3] [INFO] [1729088756.334067107] [ccr_centralized_planner]: Received state 1 from robotA
[ccr_centralized_planner-3] [INFO] [1729088756.432804060] [ccr_centralized_planner]: Received state 9 from robotA
[ccr_goal_provider-1] [INFO] [1729088756.433115564] [ccr_goal_provider]: [32mgoal completed:[0m robotA reached goal 9, going to goal 1 within state 1
[ccr_centralized_planner-3] [INFO] [1729088756.433334163] [ccr_centralized_planner]: Received state 1 from robotB
[ccr_goal_provider-1] [INFO] [1729088756.433769369] [ccr_goal_provider]: [32mgoal completed:[0m robotB reached goal 1, going to goal 1 within state 9
[ccr_centralized_planner-3] [INFO] [1729088756.434190608] [ccr_centralized_planner]: Received state 9 from robotB
[ccr_goal_provider-1] [INFO] [1729088756.436362015] [ccr_goal_provider]: [32mgoal completed:[0m robotB reached goal 9, going to goal 0 within state 1
[ccr_centralized_planner-3] [INFO] [1729088756.436559685] [ccr_centralized_planner]: 
[ccr_centralized_planner-3] 
[ccr_centralized_planner-3]  replaned due to new goal
[ccr_centralized_planner-3] 
[ccr_centralized_planner-3] [INFO] [1729088756.461408520] [ccr_centralized_planner]: ################# Error ##################
[ccr_centralized_planner-3] Traceback (most recent call last):
[ccr_centralized_planner-3]   File "/home/phlinke/ros/driving_swarm_infrastructure/install/ccr/lib/ccr/ccr_centralized_planner", line 33, in <module>
[ccr_centralized_planner-3]     sys.exit(load_entry_point('ccr==0.0.0', 'console_scripts', 'ccr_centralized_planner')())
[ccr_centralized_planner-3]   File "/home/phlinke/ros/driving_swarm_infrastructure/install/ccr/lib/python3.10/site-packages/ccr/ccr_centralized_planner.py", line 214, in main
[ccr_centralized_planner-3]     main_fn('ccr_centralized_planner', CCRCentralizedPlanner)
[ccr_centralized_planner-3]   File "/home/phlinke/ros/driving_swarm_infrastructure/install/driving_swarm_utils/lib/python3.10/site-packages/driving_swarm_utils/node.py", line 164, in main_fn
[ccr_centralized_planner-3]     rclpy.spin(node)
[ccr_centralized_planner-3]   File "/opt/ros/humble/local/lib/python3.10/dist-packages/rclpy/__init__.py", line 222, in spin
[ccr_centralized_planner-3]     executor.spin_once()
[ccr_centralized_planner-3]   File "/opt/ros/humble/local/lib/python3.10/dist-packages/rclpy/executors.py", line 713, in spin_once
[ccr_centralized_planner-3]     raise handler.exception()
[ccr_centralized_planner-3]   File "/opt/ros/humble/local/lib/python3.10/dist-packages/rclpy/task.py", line 239, in __call__
[ccr_centralized_planner-3]     self._handler.send(None)
[ccr_centralized_planner-3]   File "/opt/ros/humble/local/lib/python3.10/dist-packages/rclpy/executors.py", line 418, in handler
[ccr_centralized_planner-3]     await call_coroutine(entity, arg)
[ccr_centralized_planner-3]   File "/opt/ros/humble/local/lib/python3.10/dist-packages/rclpy/executors.py", line 332, in _execute_timer
[ccr_centralized_planner-3]     await await_or_execute(tmr.callback)
[ccr_centralized_planner-3]   File "/opt/ros/humble/local/lib/python3.10/dist-packages/rclpy/executors.py", line 107, in await_or_execute
[ccr_centralized_planner-3]     return callback(*args)
[ccr_centralized_planner-3]   File "/home/phlinke/ros/driving_swarm_infrastructure/install/ccr/lib/python3.10/site-packages/ccr/ccr_centralized_planner.py", line 154, in distribute_plans
[ccr_centralized_planner-3]     self.generate_plan_for_robots()
[ccr_centralized_planner-3]   File "/home/phlinke/ros/driving_swarm_infrastructure/install/ccr/lib/python3.10/site-packages/ccr/ccr_centralized_planner.py", line 130, in generate_plan_for_robots
[ccr_centralized_planner-3]     for i in range(len(all_plans.plans)) :
[ccr_centralized_planner-3] AttributeError: 'list' object has no attribute 'plans'
[ccr_goal_provider-1] [INFO] [1729088756.541383991] [ccr_goal_provider]: [32mgoal completed:[0m robotA reached goal 1, going to goal 0 within state 9
[ERROR] [ccr_centralized_planner-3]: process has died [pid 77307, exit code 1, cmd '/home/phlinke/ros/driving_swarm_infrastructure/install/ccr/lib/ccr/ccr_centralized_planner --ros-args --params-file /tmp/launch_params_7ihq_g3j --params-file /tmp/launch_params_958uu3gr --params-file /tmp/launch_params_savn4inz --params-file /tmp/launch_params_n9l2fqkv'].
[ccr_goal_provider-1] [INFO] [1729088757.433097794] [ccr_goal_provider]: [32mgoal completed:[0m robotA reached goal 9, going to goal 1 within state 1
[ccr_goal_provider-1] [INFO] [1729088757.433869479] [ccr_goal_provider]: [32mgoal completed:[0m robotB reached goal 1, going to goal 1 within state 9
[ccr_goal_provider-1] [INFO] [1729088757.448832947] [ccr_goal_provider]: [32mgoal completed:[0m robotA reached goal 1, going to goal 0 within state 9
[ccr_goal_provider-1] [INFO] [1729088757.534503937] [ccr_goal_provider]: [32mgoal completed:[0m robotB reached goal 9, going to goal 0 within state 1
[ccr_goal_provider-1] [INFO] [1729088758.433103106] [ccr_goal_provider]: [32mgoal completed:[0m robotA reached goal 9, going to goal 1 within state 1
[ccr_goal_provider-1] [INFO] [1729088758.434178651] [ccr_goal_provider]: [32mgoal completed:[0m robotB reached goal 1, going to goal 1 within state 9
[ccr_goal_provider-1] [INFO] [1729088758.436521369] [ccr_goal_provider]: [32mgoal completed:[0m robotB reached goal 9, going to goal 0 within state 1
[ccr_goal_provider-1] [INFO] [1729088758.537403110] [ccr_goal_provider]: [32mgoal completed:[0m robotA reached goal 1, going to goal 0 within state 9
[ccr_goal_provider-1] [INFO] [1729088759.433654172] [ccr_goal_provider]: [32mgoal completed:[0m robotA reached goal 9, going to goal 1 within state 1
[ccr_goal_provider-1] [INFO] [1729088759.434700762] [ccr_goal_provider]: [32mgoal completed:[0m robotB reached goal 1, going to goal 1 within state 9
[ccr_goal_provider-1] [INFO] [1729088759.440429753] [ccr_goal_provider]: [32mgoal completed:[0m robotB reached goal 9, going to goal 0 within state 1
[ccr_goal_provider-1] [INFO] [1729088759.666242121] [ccr_goal_provider]: [32mgoal completed:[0m robotA reached goal 1, going to goal 0 within state 9
[ccr_goal_provider-1] [INFO] [1729088760.433123190] [ccr_goal_provider]: [32mgoal completed:[0m robotA reached goal 9, going to goal 1 within state 1
[ccr_goal_provider-1] [INFO] [1729088760.433962212] [ccr_goal_provider]: [32mgoal completed:[0m robotB reached goal 1, going to goal 1 within state 9
[ccr_goal_provider-1] [INFO] [1729088760.440549380] [ccr_goal_provider]: [32mgoal completed:[0m robotA reached goal 1, going to goal 0 within state 9
[ccr_goal_provider-1] [INFO] [1729088760.552764690] [ccr_goal_provider]: [32mgoal completed:[0m robotB reached goal 9, going to goal 0 within state 1
[ccr_goal_provider-1] [INFO] [1729088761.432840854] [ccr_goal_provider]: [32mgoal completed:[0m robotA reached goal 9, going to goal 1 within state 1
[ccr_goal_provider-1] [INFO] [1729088761.434030052] [ccr_goal_provider]: [32mgoal completed:[0m robotB reached goal 1, going to goal 1 within state 9
[ccr_goal_provider-1] [INFO] [1729088761.443204907] [ccr_goal_provider]: [32mgoal completed:[0m robotB reached goal 9, going to goal 0 within state 1
[ccr_goal_provider-1] [INFO] [1729088761.564194842] [ccr_goal_provider]: [32mgoal completed:[0m robotA reached goal 1, going to goal 0 within state 9
[ccr_goal_provider-1] [INFO] [1729088762.433268057] [ccr_goal_provider]: [32mgoal completed:[0m robotA reached goal 9, going to goal 1 within state 1
[ccr_goal_provider-1] [INFO] [1729088762.434334405] [ccr_goal_provider]: [32mgoal completed:[0m robotB reached goal 1, going to goal 1 within state 9
[ccr_goal_provider-1] [INFO] [1729088762.446614406] [ccr_goal_provider]: [32mgoal completed:[0m robotA reached goal 1, going to goal 0 within state 9
[ccr_goal_provider-1] [INFO] [1729088762.550043479] [ccr_goal_provider]: [32mgoal completed:[0m robotB reached goal 9, going to goal 0 within state 1
[ccr_goal_provider-1] [INFO] [1729088763.433723804] [ccr_goal_provider]: [32mgoal completed:[0m robotA reached goal 9, going to goal 1 within state 1
[ccr_goal_provider-1] [INFO] [1729088763.434944691] [ccr_goal_provider]: [32mgoal completed:[0m robotB reached goal 1, going to goal 1 within state 9
[ccr_goal_provider-1] [INFO] [1729088763.572689319] [ccr_goal_provider]: [32mgoal completed:[0m robotA reached goal 1, going to goal 0 within state 9
[ccr_goal_provider-1] [INFO] [1729088763.647555010] [ccr_goal_provider]: [32mgoal completed:[0m robotB reached goal 9, going to goal 0 within state 1
[ccr_goal_provider-1] [INFO] [1729088764.433171112] [ccr_goal_provider]: [32mgoal completed:[0m robotA reached goal 9, going to goal 1 within state 1
[ccr_goal_provider-1] [INFO] [1729088764.433835797] [ccr_goal_provider]: [32mgoal completed:[0m robotB reached goal 1, going to goal 1 within state 9
[ccr_goal_provider-1] [INFO] [1729088764.452612156] [ccr_goal_provider]: [32mgoal completed:[0m robotB reached goal 9, going to goal 0 within state 1
[ccr_goal_provider-1] [INFO] [1729088764.560474242] [ccr_goal_provider]: [32mgoal completed:[0m robotA reached goal 1, going to goal 0 within state 9
[ccr_goal_provider-1] [INFO] [1729088765.432902932] [ccr_goal_provider]: [32mgoal completed:[0m robotA reached goal 9, going to goal 1 within state 1
[ccr_goal_provider-1] [INFO] [1729088765.433695036] [ccr_goal_provider]: [32mgoal completed:[0m robotB reached goal 1, going to goal 1 within state 9
[ccr_goal_provider-1] [INFO] [1729088765.473830002] [ccr_goal_provider]: [32mgoal completed:[0m robotA reached goal 1, going to goal 0 within state 9
[ccr_goal_provider-1] [INFO] [1729088765.554856803] [ccr_goal_provider]: [32mgoal completed:[0m robotB reached goal 9, going to goal 0 within state 1
[ccr_goal_provider-1] [INFO] [1729088766.433005167] [ccr_goal_provider]: [32mgoal completed:[0m robotA reached goal 9, going to goal 1 within state 1
[ccr_goal_provider-1] [INFO] [1729088766.434160621] [ccr_goal_provider]: [32mgoal completed:[0m robotB reached goal 1, going to goal 1 within state 9
[ccr_goal_provider-1] [INFO] [1729088766.466001311] [ccr_goal_provider]: [32mgoal completed:[0m robotB reached goal 9, going to goal 0 within state 1
[ccr_goal_provider-1] [INFO] [1729088766.566212747] [ccr_goal_provider]: [32mgoal completed:[0m robotA reached goal 1, going to goal 0 within state 9
[ccr_goal_provider-1] [INFO] [1729088767.433504104] [ccr_goal_provider]: [32mgoal completed:[0m robotA reached goal 9, going to goal 1 within state 1
[ccr_goal_provider-1] [INFO] [1729088767.434699824] [ccr_goal_provider]: [32mgoal completed:[0m robotB reached goal 1, going to goal 1 within state 9
[ccr_goal_provider-1] [INFO] [1729088767.480688955] [ccr_goal_provider]: [32mgoal completed:[0m robotA reached goal 1, going to goal 0 within state 9
[ccr_goal_provider-1] [INFO] [1729088767.557092737] [ccr_goal_provider]: [32mgoal completed:[0m robotB reached goal 9, going to goal 0 within state 1
[ccr_goal_provider-1] [INFO] [1729088768.433174690] [ccr_goal_provider]: [32mgoal completed:[0m robotA reached goal 9, going to goal 1 within state 1
[ccr_goal_provider-1] [INFO] [1729088768.433863580] [ccr_goal_provider]: [32mgoal completed:[0m robotB reached goal 1, going to goal 1 within state 9
[ccr_goal_provider-1] [INFO] [1729088768.573602875] [ccr_goal_provider]: [32mgoal completed:[0m robotA reached goal 1, going to goal 0 within state 9
[ccr_goal_provider-1] [INFO] [1729088768.660017568] [ccr_goal_provider]: [32mgoal completed:[0m robotB reached goal 9, going to goal 0 within state 1
[ccr_goal_provider-1] [INFO] [1729088769.433285991] [ccr_goal_provider]: [32mgoal completed:[0m robotA reached goal 9, going to goal 1 within state 1
[ccr_goal_provider-1] [INFO] [1729088769.434434553] [ccr_goal_provider]: [32mgoal completed:[0m robotB reached goal 1, going to goal 1 within state 9
[ccr_goal_provider-1] [INFO] [1729088769.474659087] [ccr_goal_provider]: [32mgoal completed:[0m robotB reached goal 9, going to goal 0 within state 1
[ccr_goal_provider-1] [INFO] [1729088769.574693981] [ccr_goal_provider]: [32mgoal completed:[0m robotA reached goal 1, going to goal 0 within state 9
[ccr_goal_provider-1] [INFO] [1729088770.433422179] [ccr_goal_provider]: [32mgoal completed:[0m robotA reached goal 9, going to goal 1 within state 1
[ccr_goal_provider-1] [INFO] [1729088770.434871564] [ccr_goal_provider]: [32mgoal completed:[0m robotB reached goal 1, going to goal 1 within state 9
[ccr_goal_provider-1] [INFO] [1729088770.465371674] [ccr_goal_provider]: [32mgoal completed:[0m robotA reached goal 1, going to goal 0 within state 9
[ccr_goal_provider-1] [INFO] [1729088770.567636095] [ccr_goal_provider]: [32mgoal completed:[0m robotB reached goal 9, going to goal 0 within state 1
[ccr_goal_provider-1] [INFO] [1729088771.433646132] [ccr_goal_provider]: [32mgoal completed:[0m robotA reached goal 9, going to goal 1 within state 1
[ccr_goal_provider-1] [INFO] [1729088771.435056113] [ccr_goal_provider]: [32mgoal completed:[0m robotB reached goal 1, going to goal 1 within state 9
[ccr_goal_provider-1] [INFO] [1729088771.479904628] [ccr_goal_provider]: [32mgoal completed:[0m robotB reached goal 9, going to goal 0 within state 1
[ccr_goal_provider-1] [INFO] [1729088771.579027975] [ccr_goal_provider]: [32mgoal completed:[0m robotA reached goal 1, going to goal 0 within state 9
[ccr_goal_provider-1] [INFO] [1729088772.433296670] [ccr_goal_provider]: [32mgoal completed:[0m robotA reached goal 9, going to goal 1 within state 1
[ccr_goal_provider-1] [INFO] [1729088772.434380531] [ccr_goal_provider]: [32mgoal completed:[0m robotB reached goal 1, going to goal 1 within state 9
[ccr_goal_provider-1] [INFO] [1729088772.494465425] [ccr_goal_provider]: [32mgoal completed:[0m robotA reached goal 1, going to goal 0 within state 9
[ccr_goal_provider-1] [INFO] [1729088772.568915998] [ccr_goal_provider]: [32mgoal completed:[0m robotB reached goal 9, going to goal 0 within state 1
[ccr_goal_provider-1] [INFO] [1729088773.432894520] [ccr_goal_provider]: [32mgoal completed:[0m robotA reached goal 9, going to goal 1 within state 1
[ccr_goal_provider-1] [INFO] [1729088773.433513479] [ccr_goal_provider]: [32mgoal completed:[0m robotB reached goal 1, going to goal 1 within state 9
[ccr_goal_provider-1] [INFO] [1729088773.482938417] [ccr_goal_provider]: [32mgoal completed:[0m robotA reached goal 1, going to goal 0 within state 9
[ccr_goal_provider-1] [INFO] [1729088773.571060818] [ccr_goal_provider]: [32mgoal completed:[0m robotB reached goal 9, going to goal 0 within state 1
[ccr_goal_provider-1] [INFO] [1729088774.433439303] [ccr_goal_provider]: [32mgoal completed:[0m robotA reached goal 9, going to goal 1 within state 1
[ccr_goal_provider-1] [INFO] [1729088774.434561725] [ccr_goal_provider]: [32mgoal completed:[0m robotB reached goal 1, going to goal 1 within state 9
[ccr_goal_provider-1] [INFO] [1729088774.472270478] [ccr_goal_provider]: [32mgoal completed:[0m robotB reached goal 9, going to goal 0 within state 1
[ccr_goal_provider-1] [INFO] [1729088774.573145456] [ccr_goal_provider]: [32mgoal completed:[0m robotA reached goal 1, going to goal 0 within state 9
[ccr_goal_provider-1] [INFO] [1729088775.434024492] [ccr_goal_provider]: [32mgoal completed:[0m robotA reached goal 9, going to goal 1 within state 1
[ccr_goal_provider-1] [INFO] [1729088775.435503322] [ccr_goal_provider]: [32mgoal completed:[0m robotB reached goal 1, going to goal 1 within state 9
[ccr_goal_provider-1] [INFO] [1729088775.482631858] [ccr_goal_provider]: [32mgoal completed:[0m robotA reached goal 1, going to goal 0 within state 9
[ccr_goal_provider-1] [INFO] [1729088775.594008377] [ccr_goal_provider]: [32mgoal completed:[0m robotB reached goal 9, going to goal 0 within state 1
[ccr_goal_provider-1] [INFO] [1729088776.433241408] [ccr_goal_provider]: [32mgoal completed:[0m robotA reached goal 9, going to goal 1 within state 1
[ccr_goal_provider-1] [INFO] [1729088776.434078476] [ccr_goal_provider]: [32mgoal completed:[0m robotB reached goal 1, going to goal 1 within state 9
[ccr_goal_provider-1] [INFO] [1729088776.477718438] [ccr_goal_provider]: [32mgoal completed:[0m robotB reached goal 9, going to goal 0 within state 1
[ccr_goal_provider-1] [INFO] [1729088776.577733726] [ccr_goal_provider]: [32mgoal completed:[0m robotA reached goal 1, going to goal 0 within state 9
[ccr_goal_provider-1] [INFO] [1729088777.433072265] [ccr_goal_provider]: [32mgoal completed:[0m robotA reached goal 9, going to goal 1 within state 1
[ccr_goal_provider-1] [INFO] [1729088777.433910174] [ccr_goal_provider]: [32mgoal completed:[0m robotB reached goal 1, going to goal 1 within state 9
[ccr_goal_provider-1] [INFO] [1729088777.479898915] [ccr_goal_provider]: [32mgoal completed:[0m robotB reached goal 9, going to goal 0 within state 1
[ccr_goal_provider-1] [INFO] [1729088777.696212641] [ccr_goal_provider]: [32mgoal completed:[0m robotA reached goal 1, going to goal 0 within state 9
[ccr_goal_provider-1] [INFO] [1729088778.433174098] [ccr_goal_provider]: [32mgoal completed:[0m robotA reached goal 9, going to goal 1 within state 1
[ccr_goal_provider-1] [INFO] [1729088778.434271203] [ccr_goal_provider]: [32mgoal completed:[0m robotB reached goal 1, going to goal 1 within state 9
[ccr_goal_provider-1] [INFO] [1729088778.481245160] [ccr_goal_provider]: [32mgoal completed:[0m robotA reached goal 1, going to goal 0 within state 9
[ccr_goal_provider-1] [INFO] [1729088778.595796776] [ccr_goal_provider]: [32mgoal completed:[0m robotB reached goal 9, going to goal 0 within state 1
[ccr_goal_provider-1] [INFO] [1729088779.434269322] [ccr_goal_provider]: [32mgoal completed:[0m robotA reached goal 9, going to goal 1 within state 1
[ccr_goal_provider-1] [INFO] [1729088779.435379402] [ccr_goal_provider]: [32mgoal completed:[0m robotB reached goal 1, going to goal 1 within state 9
[ccr_goal_provider-1] [INFO] [1729088779.484439596] [ccr_goal_provider]: [32mgoal completed:[0m robotB reached goal 9, going to goal 0 within state 1
[ccr_goal_provider-1] [INFO] [1729088779.609823532] [ccr_goal_provider]: [32mgoal completed:[0m robotA reached goal 1, going to goal 0 within state 9
[ccr_goal_provider-1] [INFO] [1729088780.433040544] [ccr_goal_provider]: [32mgoal completed:[0m robotA reached goal 9, going to goal 1 within state 1
[ccr_goal_provider-1] [INFO] [1729088780.433827628] [ccr_goal_provider]: [32mgoal completed:[0m robotB reached goal 1, going to goal 1 within state 9
[ccr_goal_provider-1] [INFO] [1729088780.489771396] [ccr_goal_provider]: [32mgoal completed:[0m robotA reached goal 1, going to goal 0 within state 9
[ccr_goal_provider-1] [INFO] [1729088780.600792830] [ccr_goal_provider]: [32mgoal completed:[0m robotB reached goal 9, going to goal 0 within state 1
[ccr_goal_provider-1] [INFO] [1729088781.433094187] [ccr_goal_provider]: [32mgoal completed:[0m robotA reached goal 9, going to goal 1 within state 1
[ccr_goal_provider-1] [INFO] [1729088781.433941203] [ccr_goal_provider]: [32mgoal completed:[0m robotB reached goal 1, going to goal 1 within state 9
[ccr_goal_provider-1] [INFO] [1729088781.601241222] [ccr_goal_provider]: [32mgoal completed:[0m robotA reached goal 1, going to goal 0 within state 9
[ccr_goal_provider-1] [INFO] [1729088781.689778100] [ccr_goal_provider]: [32mgoal completed:[0m robotB reached goal 9, going to goal 0 within state 1
[ccr_goal_provider-1] [INFO] [1729088782.433164421] [ccr_goal_provider]: [32mgoal completed:[0m robotA reached goal 9, going to goal 1 within state 1
[ccr_goal_provider-1] [INFO] [1729088782.434059849] [ccr_goal_provider]: [32mgoal completed:[0m robotB reached goal 1, going to goal 1 within state 9
[ccr_goal_provider-1] [INFO] [1729088782.507235383] [ccr_goal_provider]: [32mgoal completed:[0m robotB reached goal 9, going to goal 0 within state 1
[ccr_goal_provider-1] [INFO] [1729088782.603748471] [ccr_goal_provider]: [32mgoal completed:[0m robotA reached goal 1, going to goal 0 within state 9
[ccr_goal_provider-1] [INFO] [1729088783.433757585] [ccr_goal_provider]: [32mgoal completed:[0m robotA reached goal 9, going to goal 1 within state 1
[ccr_goal_provider-1] [INFO] [1729088783.435099809] [ccr_goal_provider]: [32mgoal completed:[0m robotB reached goal 1, going to goal 1 within state 9
[ccr_goal_provider-1] [INFO] [1729088783.517884193] [ccr_goal_provider]: [32mgoal completed:[0m robotA reached goal 1, going to goal 0 within state 9
[ccr_goal_provider-1] [INFO] [1729088783.595838418] [ccr_goal_provider]: [32mgoal completed:[0m robotB reached goal 9, going to goal 0 within state 1
[ccr_goal_provider-1] [INFO] [1729088784.433110466] [ccr_goal_provider]: [32mgoal completed:[0m robotA reached goal 9, going to goal 1 within state 1
[ccr_goal_provider-1] [INFO] [1729088784.433945019] [ccr_goal_provider]: [32mgoal completed:[0m robotB reached goal 1, going to goal 1 within state 9
[ccr_goal_provider-1] [INFO] [1729088784.505998573] [ccr_goal_provider]: [32mgoal completed:[0m robotB reached goal 9, going to goal 0 within state 1
[ccr_goal_provider-1] [INFO] [1729088784.607616452] [ccr_goal_provider]: [32mgoal completed:[0m robotA reached goal 1, going to goal 0 within state 9
[ccr_goal_provider-1] [INFO] [1729088785.433207681] [ccr_goal_provider]: [32mgoal completed:[0m robotA reached goal 9, going to goal 1 within state 1
[ccr_goal_provider-1] [INFO] [1729088785.434248371] [ccr_goal_provider]: [32mgoal completed:[0m robotB reached goal 1, going to goal 1 within state 9
[ccr_goal_provider-1] [INFO] [1729088785.516612386] [ccr_goal_provider]: [32mgoal completed:[0m robotA reached goal 1, going to goal 0 within state 9
[ccr_goal_provider-1] [INFO] [1729088785.600061854] [ccr_goal_provider]: [32mgoal completed:[0m robotB reached goal 9, going to goal 0 within state 1
[ccr_goal_provider-1] [INFO] [1729088786.432960040] [ccr_goal_provider]: [32mgoal completed:[0m robotA reached goal 9, going to goal 1 within state 1
[ccr_goal_provider-1] [INFO] [1729088786.433910110] [ccr_goal_provider]: [32mgoal completed:[0m robotB reached goal 1, going to goal 1 within state 9
[ccr_goal_provider-1] [INFO] [1729088786.510267725] [ccr_goal_provider]: [32mgoal completed:[0m robotA reached goal 1, going to goal 0 within state 9
[ccr_goal_provider-1] [INFO] [1729088786.604599477] [ccr_goal_provider]: [32mgoal completed:[0m robotB reached goal 9, going to goal 0 within state 1
[ccr_goal_provider-1] [INFO] [1729088787.435047533] [ccr_goal_provider]: [32mgoal completed:[0m robotA reached goal 9, going to goal 1 within state 1
[ccr_goal_provider-1] [INFO] [1729088787.436007321] [ccr_goal_provider]: [32mgoal completed:[0m robotB reached goal 1, going to goal 1 within state 9
[ccr_goal_provider-1] [INFO] [1729088787.506351502] [ccr_goal_provider]: [32mgoal completed:[0m robotB reached goal 9, going to goal 0 within state 1
[ccr_goal_provider-1] [INFO] [1729088787.606132792] [ccr_goal_provider]: [32mgoal completed:[0m robotA reached goal 1, going to goal 0 within state 9
[ccr_goal_provider-1] [INFO] [1729088788.433194375] [ccr_goal_provider]: [32mgoal completed:[0m robotA reached goal 9, going to goal 1 within state 1
[ccr_goal_provider-1] [INFO] [1729088788.433973204] [ccr_goal_provider]: [32mgoal completed:[0m robotB reached goal 1, going to goal 1 within state 9
[ccr_goal_provider-1] [INFO] [1729088788.508355719] [ccr_goal_provider]: [32mgoal completed:[0m robotA reached goal 1, going to goal 0 within state 9
[ccr_goal_provider-1] [INFO] [1729088788.623792774] [ccr_goal_provider]: [32mgoal completed:[0m robotB reached goal 9, going to goal 0 within state 1
[ccr_goal_provider-1] [INFO] [1729088789.433707048] [ccr_goal_provider]: [32mgoal completed:[0m robotA reached goal 9, going to goal 1 within state 1
[ccr_goal_provider-1] [INFO] [1729088789.434807840] [ccr_goal_provider]: [32mgoal completed:[0m robotB reached goal 1, going to goal 1 within state 9
[ccr_goal_provider-1] [INFO] [1729088789.612644134] [ccr_goal_provider]: [32mgoal completed:[0m robotA reached goal 1, going to goal 0 within state 9
[ccr_goal_provider-1] [INFO] [1729088789.722089686] [ccr_goal_provider]: [32mgoal completed:[0m robotB reached goal 9, going to goal 0 within state 1
[ccr_goal_provider-1] [INFO] [1729088790.432883108] [ccr_goal_provider]: [32mgoal completed:[0m robotA reached goal 9, going to goal 1 within state 1
[ccr_goal_provider-1] [INFO] [1729088790.433616502] [ccr_goal_provider]: [32mgoal completed:[0m robotB reached goal 1, going to goal 1 within state 9
[ccr_goal_provider-1] [INFO] [1729088790.513831582] [ccr_goal_provider]: [32mgoal completed:[0m robotB reached goal 9, going to goal 0 within state 1
[ccr_goal_provider-1] [INFO] [1729088790.729397888] [ccr_goal_provider]: [32mgoal completed:[0m robotA reached goal 1, going to goal 0 within state 9
[ccr_goal_provider-1] [INFO] [1729088791.433578574] [ccr_goal_provider]: [32mgoal completed:[0m robotA reached goal 9, going to goal 1 within state 1
[ccr_goal_provider-1] [INFO] [1729088791.434708761] [ccr_goal_provider]: [32mgoal completed:[0m robotB reached goal 1, going to goal 1 within state 9
[ccr_goal_provider-1] [INFO] [1729088791.518444506] [ccr_goal_provider]: [32mgoal completed:[0m robotA reached goal 1, going to goal 0 within state 9
[ccr_goal_provider-1] [INFO] [1729088791.617981828] [ccr_goal_provider]: [32mgoal completed:[0m robotB reached goal 9, going to goal 0 within state 1
[ccr_goal_provider-1] [INFO] [1729088792.433195178] [ccr_goal_provider]: [32mgoal completed:[0m robotA reached goal 9, going to goal 1 within state 1
[ccr_goal_provider-1] [INFO] [1729088792.433934082] [ccr_goal_provider]: [32mgoal completed:[0m robotB reached goal 1, going to goal 1 within state 9
[ccr_goal_provider-1] [INFO] [1729088792.537459545] [ccr_goal_provider]: [32mgoal completed:[0m robotB reached goal 9, going to goal 0 within state 1
[ccr_goal_provider-1] [INFO] [1729088792.630736462] [ccr_goal_provider]: [32mgoal completed:[0m robotA reached goal 1, going to goal 0 within state 9
[ccr_goal_provider-1] [INFO] [1729088793.433169093] [ccr_goal_provider]: [32mgoal completed:[0m robotA reached goal 9, going to goal 1 within state 1
[ccr_goal_provider-1] [INFO] [1729088793.434121406] [ccr_goal_provider]: [32mgoal completed:[0m robotB reached goal 1, going to goal 1 within state 9
[ccr_goal_provider-1] [INFO] [1729088793.531308206] [ccr_goal_provider]: [32mgoal completed:[0m robotA reached goal 1, going to goal 0 within state 9
[ccr_goal_provider-1] [INFO] [1729088793.624447014] [ccr_goal_provider]: [32mgoal completed:[0m robotB reached goal 9, going to goal 0 within state 1
[ccr_goal_provider-1] [INFO] [1729088794.433107670] [ccr_goal_provider]: [32mgoal completed:[0m robotA reached goal 9, going to goal 1 within state 1
[ccr_goal_provider-1] [INFO] [1729088794.434116490] [ccr_goal_provider]: [32mgoal completed:[0m robotB reached goal 1, going to goal 1 within state 9
[ccr_goal_provider-1] [INFO] [1729088794.438974810] [ccr_goal_provider]: [32mgoal completed:[0m robotB reached goal 9, going to goal 0 within state 1
[ccr_goal_provider-1] [INFO] [1729088794.528418286] [ccr_goal_provider]: [32mgoal completed:[0m robotA reached goal 1, going to goal 0 within state 9
[ccr_goal_provider-1] [INFO] [1729088795.434367012] [ccr_goal_provider]: [32mgoal completed:[0m robotA reached goal 9, going to goal 1 within state 1
[ccr_goal_provider-1] [INFO] [1729088795.435094806] [ccr_goal_provider]: [32mgoal completed:[0m robotB reached goal 1, going to goal 1 within state 9
[ccr_goal_provider-1] [INFO] [1729088795.447726205] [ccr_goal_provider]: [32mgoal completed:[0m robotA reached goal 1, going to goal 0 within state 9
[ccr_goal_provider-1] [INFO] [1729088795.530787617] [ccr_goal_provider]: [32mgoal completed:[0m robotB reached goal 9, going to goal 0 within state 1
[ccr_goal_provider-1] [INFO] [1729088796.433087479] [ccr_goal_provider]: [32mgoal completed:[0m robotA reached goal 9, going to goal 1 within state 1
[ccr_goal_provider-1] [INFO] [1729088796.433883419] [ccr_goal_provider]: [32mgoal completed:[0m robotB reached goal 1, going to goal 1 within state 9
[ccr_goal_provider-1] [INFO] [1729088796.446510421] [ccr_goal_provider]: [32mgoal completed:[0m robotB reached goal 9, going to goal 0 within state 1
[ccr_goal_provider-1] [INFO] [1729088796.535569317] [ccr_goal_provider]: [32mgoal completed:[0m robotA reached goal 1, going to goal 0 within state 9
[ccr_goal_provider-1] [INFO] [1729088797.433331188] [ccr_goal_provider]: [32mgoal completed:[0m robotA reached goal 9, going to goal 1 within state 1
[ccr_goal_provider-1] [INFO] [1729088797.434570049] [ccr_goal_provider]: [32mgoal completed:[0m robotB reached goal 1, going to goal 1 within state 9
[ccr_goal_provider-1] [INFO] [1729088797.441372520] [ccr_goal_provider]: [32mgoal completed:[0m robotA reached goal 1, going to goal 0 within state 9
[ccr_goal_provider-1] [INFO] [1729088797.533656967] [ccr_goal_provider]: [32mgoal completed:[0m robotB reached goal 9, going to goal 0 within state 1
[ccr_goal_provider-1] [INFO] [1729088798.433183294] [ccr_goal_provider]: [32mgoal completed:[0m robotA reached goal 9, going to goal 1 within state 1
[ccr_goal_provider-1] [INFO] [1729088798.434291941] [ccr_goal_provider]: [32mgoal completed:[0m robotB reached goal 1, going to goal 1 within state 9
[ccr_goal_provider-1] [INFO] [1729088798.451244865] [ccr_goal_provider]: [32mgoal completed:[0m robotA reached goal 1, going to goal 0 within state 9
[ccr_goal_provider-1] [INFO] [1729088798.537582212] [ccr_goal_provider]: [32mgoal completed:[0m robotB reached goal 9, going to goal 0 within state 1
[ccr_goal_provider-1] [INFO] [1729088799.434280783] [ccr_goal_provider]: [32mgoal completed:[0m robotA reached goal 9, going to goal 1 within state 1
[ccr_goal_provider-1] [INFO] [1729088799.435603590] [ccr_goal_provider]: [32mgoal completed:[0m robotB reached goal 1, going to goal 1 within state 9
[ccr_goal_provider-1] [INFO] [1729088799.453118227] [ccr_goal_provider]: [32mgoal completed:[0m robotB reached goal 9, going to goal 0 within state 1
[ccr_goal_provider-1] [INFO] [1729088799.540902715] [ccr_goal_provider]: [32mgoal completed:[0m robotA reached goal 1, going to goal 0 within state 9
[ccr_goal_provider-1] [INFO] [1729088800.433176838] [ccr_goal_provider]: [32mgoal completed:[0m robotA reached goal 9, going to goal 1 within state 1
[ccr_goal_provider-1] [INFO] [1729088800.433919839] [ccr_goal_provider]: [32mgoal completed:[0m robotB reached goal 1, going to goal 1 within state 9
[ccr_goal_provider-1] [INFO] [1729088800.451001665] [ccr_goal_provider]: [32mgoal completed:[0m robotA reached goal 1, going to goal 0 within state 9
[ccr_goal_provider-1] [INFO] [1729088800.541535844] [ccr_goal_provider]: [32mgoal completed:[0m robotB reached goal 9, going to goal 0 within state 1
[ccr_goal_provider-1] [INFO] [1729088801.433241001] [ccr_goal_provider]: [32mgoal completed:[0m robotA reached goal 9, going to goal 1 within state 1
[ccr_goal_provider-1] [INFO] [1729088801.434250592] [ccr_goal_provider]: [32mgoal completed:[0m robotB reached goal 1, going to goal 1 within state 9
[ccr_goal_provider-1] [INFO] [1729088801.458316279] [ccr_goal_provider]: [32mgoal completed:[0m robotB reached goal 9, going to goal 0 within state 1
[ccr_goal_provider-1] [INFO] [1729088801.545419582] [ccr_goal_provider]: [32mgoal completed:[0m robotA reached goal 1, going to goal 0 within state 9
[ccr_goal_provider-1] [INFO] [1729088802.433244560] [ccr_goal_provider]: [32mgoal completed:[0m robotA reached goal 9, going to goal 1 within state 1
[ccr_goal_provider-1] [INFO] [1729088802.434391809] [ccr_goal_provider]: [32mgoal completed:[0m robotB reached goal 1, going to goal 1 within state 9
[ccr_goal_provider-1] [INFO] [1729088802.547081738] [ccr_goal_provider]: [32mgoal completed:[0m robotB reached goal 9, going to goal 0 within state 1
[ccr_goal_provider-1] [INFO] [1729088802.674827177] [ccr_goal_provider]: [32mgoal completed:[0m robotA reached goal 1, going to goal 0 within state 9
[ccr_goal_provider-1] [INFO] [1729088803.434420256] [ccr_goal_provider]: [32mgoal completed:[0m robotA reached goal 9, going to goal 1 within state 1
[ccr_goal_provider-1] [INFO] [1729088803.435776185] [ccr_goal_provider]: [32mgoal completed:[0m robotB reached goal 1, going to goal 1 within state 9
[ccr_goal_provider-1] [INFO] [1729088803.456028430] [ccr_goal_provider]: [32mgoal completed:[0m robotA reached goal 1, going to goal 0 within state 9
[ccr_goal_provider-1] [INFO] [1729088803.549082539] [ccr_goal_provider]: [32mgoal completed:[0m robotB reached goal 9, going to goal 0 within state 1
[ccr_goal_provider-1] [INFO] [1729088804.433024965] [ccr_goal_provider]: [32mgoal completed:[0m robotA reached goal 9, going to goal 1 within state 1
[ccr_goal_provider-1] [INFO] [1729088804.433773347] [ccr_goal_provider]: [32mgoal completed:[0m robotB reached goal 1, going to goal 1 within state 9
[ccr_goal_provider-1] [INFO] [1729088804.467484431] [ccr_goal_provider]: [32mgoal completed:[0m robotB reached goal 9, going to goal 0 within state 1
[ccr_goal_provider-1] [INFO] [1729088804.555692252] [ccr_goal_provider]: [32mgoal completed:[0m robotA reached goal 1, going to goal 0 within state 9
[ccr_goal_provider-1] [INFO] [1729088805.433366598] [ccr_goal_provider]: [32mgoal completed:[0m robotA reached goal 9, going to goal 1 within state 1
[ccr_goal_provider-1] [INFO] [1729088805.434479623] [ccr_goal_provider]: [32mgoal completed:[0m robotB reached goal 1, going to goal 1 within state 9
[ccr_goal_provider-1] [INFO] [1729088805.468780952] [ccr_goal_provider]: [32mgoal completed:[0m robotA reached goal 1, going to goal 0 within state 9
[ccr_goal_provider-1] [INFO] [1729088805.554524367] [ccr_goal_provider]: [32mgoal completed:[0m robotB reached goal 9, going to goal 0 within state 1
[ccr_goal_provider-1] [INFO] [1729088806.433052392] [ccr_goal_provider]: [32mgoal completed:[0m robotA reached goal 9, going to goal 1 within state 1
[ccr_goal_provider-1] [INFO] [1729088806.433933523] [ccr_goal_provider]: [32mgoal completed:[0m robotB reached goal 1, going to goal 1 within state 9
[ccr_goal_provider-1] [INFO] [1729088806.467153527] [ccr_goal_provider]: [32mgoal completed:[0m robotB reached goal 9, going to goal 0 within state 1
[ccr_goal_provider-1] [INFO] [1729088806.554331178] [ccr_goal_provider]: [32mgoal completed:[0m robotA reached goal 1, going to goal 0 within state 9
[ccr_goal_provider-1] [INFO] [1729088807.433817408] [ccr_goal_provider]: [32mgoal completed:[0m robotA reached goal 9, going to goal 1 within state 1
[ccr_goal_provider-1] [INFO] [1729088807.434705121] [ccr_goal_provider]: [32mgoal completed:[0m robotB reached goal 1, going to goal 1 within state 9
[ccr_goal_provider-1] [INFO] [1729088807.460542757] [ccr_goal_provider]: [32mgoal completed:[0m robotA reached goal 1, going to goal 0 within state 9
[ccr_goal_provider-1] [INFO] [1729088807.558840408] [ccr_goal_provider]: [32mgoal completed:[0m robotB reached goal 9, going to goal 0 within state 1
[ccr_goal_provider-1] [INFO] [1729088808.433034845] [ccr_goal_provider]: [32mgoal completed:[0m robotA reached goal 9, going to goal 1 within state 1
[ccr_goal_provider-1] [INFO] [1729088808.433869048] [ccr_goal_provider]: [32mgoal completed:[0m robotB reached goal 1, going to goal 1 within state 9
[ccr_goal_provider-1] [INFO] [1729088808.469507101] [ccr_goal_provider]: [32mgoal completed:[0m robotA reached goal 1, going to goal 0 within state 9
[ccr_goal_provider-1] [INFO] [1729088808.560680437] [ccr_goal_provider]: [32mgoal completed:[0m robotB reached goal 9, going to goal 0 within state 1
[ccr_goal_provider-1] [INFO] [1729088809.432976709] [ccr_goal_provider]: [32mgoal completed:[0m robotA reached goal 9, going to goal 1 within state 1
[ccr_goal_provider-1] [INFO] [1729088809.433843653] [ccr_goal_provider]: [32mgoal completed:[0m robotB reached goal 1, going to goal 1 within state 9
[ccr_goal_provider-1] [INFO] [1729088809.462019479] [ccr_goal_provider]: [32mgoal completed:[0m robotB reached goal 9, going to goal 0 within state 1
[ccr_goal_provider-1] [INFO] [1729088809.590221974] [ccr_goal_provider]: [32mgoal completed:[0m robotA reached goal 1, going to goal 0 within state 9
[ccr_goal_provider-1] [INFO] [1729088810.433139868] [ccr_goal_provider]: [32mgoal completed:[0m robotA reached goal 9, going to goal 1 within state 1
[ccr_goal_provider-1] [INFO] [1729088810.434419144] [ccr_goal_provider]: [32mgoal completed:[0m robotB reached goal 1, going to goal 1 within state 9
[ccr_goal_provider-1] [INFO] [1729088810.464835717] [ccr_goal_provider]: [32mgoal completed:[0m robotA reached goal 1, going to goal 0 within state 9
[ccr_goal_provider-1] [INFO] [1729088810.587509927] [ccr_goal_provider]: [32mgoal completed:[0m robotB reached goal 9, going to goal 0 within state 1
[ccr_goal_provider-1] [INFO] [1729088811.434073119] [ccr_goal_provider]: [32mgoal completed:[0m robotA reached goal 9, going to goal 1 within state 1
[ccr_goal_provider-1] [INFO] [1729088811.435340573] [ccr_goal_provider]: [32mgoal completed:[0m robotB reached goal 1, going to goal 1 within state 9
[ccr_goal_provider-1] [INFO] [1729088811.469556903] [ccr_goal_provider]: [32mgoal completed:[0m robotB reached goal 9, going to goal 0 within state 1
[ccr_goal_provider-1] [INFO] [1729088811.568832676] [ccr_goal_provider]: [32mgoal completed:[0m robotA reached goal 1, going to goal 0 within state 9
[ccr_goal_provider-1] [INFO] [1729088812.432978011] [ccr_goal_provider]: [32mgoal completed:[0m robotA reached goal 9, going to goal 1 within state 1
[ccr_goal_provider-1] [INFO] [1729088812.433763562] [ccr_goal_provider]: [32mgoal completed:[0m robotB reached goal 1, going to goal 1 within state 9
[ccr_goal_provider-1] [INFO] [1729088812.468551192] [ccr_goal_provider]: [32mgoal completed:[0m robotB reached goal 9, going to goal 0 within state 1
[ccr_goal_provider-1] [INFO] [1729088812.694405729] [ccr_goal_provider]: [32mgoal completed:[0m robotA reached goal 1, going to goal 0 within state 9
[ccr_goal_provider-1] [INFO] [1729088813.433029049] [ccr_goal_provider]: [32mgoal completed:[0m robotA reached goal 9, going to goal 1 within state 1
[ccr_goal_provider-1] [INFO] [1729088813.433929556] [ccr_goal_provider]: [32mgoal completed:[0m robotB reached goal 1, going to goal 1 within state 9
[ccr_goal_provider-1] [INFO] [1729088813.470184374] [ccr_goal_provider]: [32mgoal completed:[0m robotA reached goal 1, going to goal 0 within state 9
[ccr_goal_provider-1] [INFO] [1729088813.571358072] [ccr_goal_provider]: [32mgoal completed:[0m robotB reached goal 9, going to goal 0 within state 1
[ccr_goal_provider-1] [INFO] [1729088814.433162602] [ccr_goal_provider]: [32mgoal completed:[0m robotA reached goal 9, going to goal 1 within state 1
[ccr_goal_provider-1] [INFO] [1729088814.434279704] [ccr_goal_provider]: [32mgoal completed:[0m robotB reached goal 1, going to goal 1 within state 9
[ccr_goal_provider-1] [INFO] [1729088814.475844359] [ccr_goal_provider]: [32mgoal completed:[0m robotB reached goal 9, going to goal 0 within state 1
[ccr_goal_provider-1] [INFO] [1729088814.574659519] [ccr_goal_provider]: [32mgoal completed:[0m robotA reached goal 1, going to goal 0 within state 9
[ccr_goal_provider-1] [INFO] [1729088815.434117824] [ccr_goal_provider]: [32mgoal completed:[0m robotA reached goal 9, going to goal 1 within state 1
[ccr_goal_provider-1] [INFO] [1729088815.435373396] [ccr_goal_provider]: [32mgoal completed:[0m robotB reached goal 1, going to goal 1 within state 9
[ccr_goal_provider-1] [INFO] [1729088815.475873626] [ccr_goal_provider]: [32mgoal completed:[0m robotA reached goal 1, going to goal 0 within state 9
[ccr_goal_provider-1] [INFO] [1729088815.577041504] [ccr_goal_provider]: [32mgoal completed:[0m robotB reached goal 9, going to goal 0 within state 1
[ccr_goal_provider-1] [INFO] [1729088816.433043905] [ccr_goal_provider]: [32mgoal completed:[0m robotA reached goal 9, going to goal 1 within state 1
[ccr_goal_provider-1] [INFO] [1729088816.433805221] [ccr_goal_provider]: [32mgoal completed:[0m robotB reached goal 1, going to goal 1 within state 9
[ccr_goal_provider-1] [INFO] [1729088816.477357860] [ccr_goal_provider]: [32mgoal completed:[0m robotB reached goal 9, going to goal 0 within state 1
[ccr_goal_provider-1] [INFO] [1729088816.577989973] [ccr_goal_provider]: [32mgoal completed:[0m robotA reached goal 1, going to goal 0 within state 9
[ccr_goal_provider-1] [INFO] [1729088817.433305208] [ccr_goal_provider]: [32mgoal completed:[0m robotA reached goal 9, going to goal 1 within state 1
[ccr_goal_provider-1] [INFO] [1729088817.434433230] [ccr_goal_provider]: [32mgoal completed:[0m robotB reached goal 1, going to goal 1 within state 9
[ccr_goal_provider-1] [INFO] [1729088817.482296874] [ccr_goal_provider]: [32mgoal completed:[0m robotB reached goal 9, going to goal 0 within state 1
[ccr_goal_provider-1] [INFO] [1729088817.699185176] [ccr_goal_provider]: [32mgoal completed:[0m robotA reached goal 1, going to goal 0 within state 9
[ccr_goal_provider-1] [INFO] [1729088818.433195946] [ccr_goal_provider]: [32mgoal completed:[0m robotA reached goal 9, going to goal 1 within state 1
[ccr_goal_provider-1] [INFO] [1729088818.434500880] [ccr_goal_provider]: [32mgoal completed:[0m robotB reached goal 1, going to goal 1 within state 9
[ccr_goal_provider-1] [INFO] [1729088818.489091253] [ccr_goal_provider]: [32mgoal completed:[0m robotA reached goal 1, going to goal 0 within state 9
[ccr_goal_provider-1] [INFO] [1729088818.587142322] [ccr_goal_provider]: [32mgoal completed:[0m robotB reached goal 9, going to goal 0 within state 1
[ccr_goal_provider-1] [INFO] [1729088819.434467891] [ccr_goal_provider]: [32mgoal completed:[0m robotA reached goal 9, going to goal 1 within state 1
[ccr_goal_provider-1] [INFO] [1729088819.435985434] [ccr_goal_provider]: [32mgoal completed:[0m robotB reached goal 1, going to goal 1 within state 9
[ccr_goal_provider-1] [INFO] [1729088819.492450087] [ccr_goal_provider]: [32mgoal completed:[0m robotB reached goal 9, going to goal 0 within state 1
[ccr_goal_provider-1] [INFO] [1729088819.589754858] [ccr_goal_provider]: [32mgoal completed:[0m robotA reached goal 1, going to goal 0 within state 9
[ccr_goal_provider-1] [INFO] [1729088820.432833623] [ccr_goal_provider]: [32mgoal completed:[0m robotA reached goal 9, going to goal 1 within state 1
[ccr_goal_provider-1] [INFO] [1729088820.433796326] [ccr_goal_provider]: [32mgoal completed:[0m robotB reached goal 1, going to goal 1 within state 9
[ccr_goal_provider-1] [INFO] [1729088820.502842286] [ccr_goal_provider]: [32mgoal completed:[0m robotA reached goal 1, going to goal 0 within state 9
[ccr_goal_provider-1] [INFO] [1729088820.592188520] [ccr_goal_provider]: [32mgoal completed:[0m robotB reached goal 9, going to goal 0 within state 1
[ccr_goal_provider-1] [INFO] [1729088821.432919667] [ccr_goal_provider]: [32mgoal completed:[0m robotA reached goal 9, going to goal 1 within state 1
[ccr_goal_provider-1] [INFO] [1729088821.433663771] [ccr_goal_provider]: [32mgoal completed:[0m robotB reached goal 1, going to goal 1 within state 9
[ccr_goal_provider-1] [INFO] [1729088821.499401434] [ccr_goal_provider]: [32mgoal completed:[0m robotB reached goal 9, going to goal 0 within state 1
[ccr_goal_provider-1] [INFO] [1729088821.594717801] [ccr_goal_provider]: [32mgoal completed:[0m robotA reached goal 1, going to goal 0 within state 9
[ccr_goal_provider-1] [INFO] [1729088822.433273663] [ccr_goal_provider]: [32mgoal completed:[0m robotA reached goal 9, going to goal 1 within state 1
[ccr_goal_provider-1] [INFO] [1729088822.434530517] [ccr_goal_provider]: [32mgoal completed:[0m robotB reached goal 1, going to goal 1 within state 9
[ccr_goal_provider-1] [INFO] [1729088822.598744145] [ccr_goal_provider]: [32mgoal completed:[0m robotB reached goal 9, going to goal 0 within state 1
[ccr_goal_provider-1] [INFO] [1729088822.698858118] [ccr_goal_provider]: [32mgoal completed:[0m robotA reached goal 1, going to goal 0 within state 9
[ccr_goal_provider-1] [INFO] [1729088823.433806063] [ccr_goal_provider]: [32mgoal completed:[0m robotA reached goal 9, going to goal 1 within state 1
[ccr_goal_provider-1] [INFO] [1729088823.435190897] [ccr_goal_provider]: [32mgoal completed:[0m robotB reached goal 1, going to goal 1 within state 9
[ccr_goal_provider-1] [INFO] [1729088823.511355641] [ccr_goal_provider]: [32mgoal completed:[0m robotA reached goal 1, going to goal 0 within state 9
[ccr_goal_provider-1] [INFO] [1729088823.599431215] [ccr_goal_provider]: [32mgoal completed:[0m robotB reached goal 9, going to goal 0 within state 1
[ccr_goal_provider-1] [INFO] [1729088824.433063435] [ccr_goal_provider]: [32mgoal completed:[0m robotA reached goal 9, going to goal 1 within state 1
[ccr_goal_provider-1] [INFO] [1729088824.434018464] [ccr_goal_provider]: [32mgoal completed:[0m robotB reached goal 1, going to goal 1 within state 9
[ccr_goal_provider-1] [INFO] [1729088824.500264359] [ccr_goal_provider]: [32mgoal completed:[0m robotB reached goal 9, going to goal 0 within state 1
[ccr_goal_provider-1] [INFO] [1729088824.601368196] [ccr_goal_provider]: [32mgoal completed:[0m robotA reached goal 1, going to goal 0 within state 9
[ccr_goal_provider-1] [INFO] [1729088825.433031849] [ccr_goal_provider]: [32mgoal completed:[0m robotA reached goal 9, going to goal 1 within state 1
[ccr_goal_provider-1] [INFO] [1729088825.433972070] [ccr_goal_provider]: [32mgoal completed:[0m robotB reached goal 1, going to goal 1 within state 9
[ccr_goal_provider-1] [INFO] [1729088825.501876692] [ccr_goal_provider]: [32mgoal completed:[0m robotA reached goal 1, going to goal 0 within state 9
[ccr_goal_provider-1] [INFO] [1729088825.602881553] [ccr_goal_provider]: [32mgoal completed:[0m robotB reached goal 9, going to goal 0 within state 1
[ccr_goal_provider-1] [INFO] [1729088826.433219103] [ccr_goal_provider]: [32mgoal completed:[0m robotA reached goal 9, going to goal 1 within state 1
[ccr_goal_provider-1] [INFO] [1729088826.434479373] [ccr_goal_provider]: [32mgoal completed:[0m robotB reached goal 1, going to goal 1 within state 9
[ccr_goal_provider-1] [INFO] [1729088826.506556180] [ccr_goal_provider]: [32mgoal completed:[0m robotB reached goal 9, going to goal 0 within state 1
[ccr_goal_provider-1] [INFO] [1729088826.605457201] [ccr_goal_provider]: [32mgoal completed:[0m robotA reached goal 1, going to goal 0 within state 9
[ccr_goal_provider-1] [INFO] [1729088827.433795255] [ccr_goal_provider]: [32mgoal completed:[0m robotA reached goal 9, going to goal 1 within state 1
[ccr_goal_provider-1] [INFO] [1729088827.435882775] [ccr_goal_provider]: [32mgoal completed:[0m robotB reached goal 1, going to goal 1 within state 9
[ccr_goal_provider-1] [INFO] [1729088827.511353148] [ccr_goal_provider]: [32mgoal completed:[0m robotB reached goal 9, going to goal 0 within state 1
[ccr_goal_provider-1] [INFO] [1729088827.731973771] [ccr_goal_provider]: [32mgoal completed:[0m robotA reached goal 1, going to goal 0 within state 9
[ccr_goal_provider-1] [INFO] [1729088828.432817777] [ccr_goal_provider]: [32mgoal completed:[0m robotA reached goal 9, going to goal 1 within state 1
[ccr_goal_provider-1] [INFO] [1729088828.433387654] [ccr_goal_provider]: [32mgoal completed:[0m robotB reached goal 1, going to goal 1 within state 9
[ccr_goal_provider-1] [INFO] [1729088828.510659792] [ccr_goal_provider]: [32mgoal completed:[0m robotA reached goal 1, going to goal 0 within state 9
[ccr_goal_provider-1] [INFO] [1729088828.610399735] [ccr_goal_provider]: [32mgoal completed:[0m robotB reached goal 9, going to goal 0 within state 1
[ccr_goal_provider-1] [INFO] [1729088829.432932906] [ccr_goal_provider]: [32mgoal completed:[0m robotA reached goal 9, going to goal 1 within state 1
[ccr_goal_provider-1] [INFO] [1729088829.433930494] [ccr_goal_provider]: [32mgoal completed:[0m robotB reached goal 1, going to goal 1 within state 9
[ccr_goal_provider-1] [INFO] [1729088829.436293741] [ccr_goal_provider]: [32mgoal completed:[0m robotA reached goal 1, going to goal 0 within state 9
[ccr_goal_provider-1] [INFO] [1729088829.522664952] [ccr_goal_provider]: [32mgoal completed:[0m robotB reached goal 9, going to goal 0 within state 1
[ccr_goal_provider-1] [INFO] [1729088830.433126401] [ccr_goal_provider]: [32mgoal completed:[0m robotA reached goal 9, going to goal 1 within state 1
[ccr_goal_provider-1] [INFO] [1729088830.434221061] [ccr_goal_provider]: [32mgoal completed:[0m robotB reached goal 1, going to goal 1 within state 9
[ccr_goal_provider-1] [INFO] [1729088830.520907413] [ccr_goal_provider]: [32mgoal completed:[0m robotA reached goal 1, going to goal 0 within state 9
[ccr_goal_provider-1] [INFO] [1729088830.614102085] [ccr_goal_provider]: [32mgoal completed:[0m robotB reached goal 9, going to goal 0 within state 1
[ccr_goal_provider-1] [INFO] [1729088831.433848226] [ccr_goal_provider]: [32mgoal completed:[0m robotA reached goal 9, going to goal 1 within state 1
[ccr_goal_provider-1] [INFO] [1729088831.435185451] [ccr_goal_provider]: [32mgoal completed:[0m robotB reached goal 1, going to goal 1 within state 9
[ccr_goal_provider-1] [INFO] [1729088831.516836200] [ccr_goal_provider]: [32mgoal completed:[0m robotB reached goal 9, going to goal 0 within state 1
[ccr_goal_provider-1] [INFO] [1729088831.618694169] [ccr_goal_provider]: [32mgoal completed:[0m robotA reached goal 1, going to goal 0 within state 9
[ccr_goal_provider-1] [INFO] [1729088832.433352330] [ccr_goal_provider]: [32mgoal completed:[0m robotA reached goal 9, going to goal 1 within state 1
[ccr_goal_provider-1] [INFO] [1729088832.434033095] [ccr_goal_provider]: [32mgoal completed:[0m robotB reached goal 1, going to goal 1 within state 9
[ccr_goal_provider-1] [INFO] [1729088832.434933332] [ccr_goal_provider]: [32mgoal completed:[0m robotA reached goal 1, going to goal 0 within state 9
[ccr_goal_provider-1] [INFO] [1729088832.524357742] [ccr_goal_provider]: [32mgoal completed:[0m robotB reached goal 9, going to goal 0 within state 1
[ccr_goal_provider-1] [INFO] [1729088833.432794779] [ccr_goal_provider]: [32mgoal completed:[0m robotA reached goal 9, going to goal 1 within state 1
[ccr_goal_provider-1] [INFO] [1729088833.433548761] [ccr_goal_provider]: [32mgoal completed:[0m robotB reached goal 1, going to goal 1 within state 9
[ccr_goal_provider-1] [INFO] [1729088833.523898434] [ccr_goal_provider]: [32mgoal completed:[0m robotA reached goal 1, going to goal 0 within state 9
[ccr_goal_provider-1] [INFO] [1729088833.636978093] [ccr_goal_provider]: [32mgoal completed:[0m robotB reached goal 9, going to goal 0 within state 1
[ccr_goal_provider-1] [INFO] [1729088834.433069977] [ccr_goal_provider]: [32mgoal completed:[0m robotA reached goal 9, going to goal 1 within state 1
[ccr_goal_provider-1] [INFO] [1729088834.434091130] [ccr_goal_provider]: [32mgoal completed:[0m robotB reached goal 1, going to goal 1 within state 9
[ccr_goal_provider-1] [INFO] [1729088834.527520211] [ccr_goal_provider]: [32mgoal completed:[0m robotB reached goal 9, going to goal 0 within state 1
[ccr_goal_provider-1] [INFO] [1729088834.645475422] [ccr_goal_provider]: [32mgoal completed:[0m robotA reached goal 1, going to goal 0 within state 9
[ccr_goal_provider-1] [INFO] [1729088835.434327896] [ccr_goal_provider]: [32mgoal completed:[0m robotA reached goal 9, going to goal 1 within state 1
[ccr_goal_provider-1] [INFO] [1729088835.435404112] [ccr_goal_provider]: [32mgoal completed:[0m robotB reached goal 1, going to goal 1 within state 9
[ccr_goal_provider-1] [INFO] [1729088835.555337118] [ccr_goal_provider]: [32mgoal completed:[0m robotA reached goal 1, going to goal 0 within state 9
[ccr_goal_provider-1] [INFO] [1729088835.639482961] [ccr_goal_provider]: [32mgoal completed:[0m robotB reached goal 9, going to goal 0 within state 1
[ccr_goal_provider-1] [INFO] [1729088836.433010802] [ccr_goal_provider]: [32mgoal completed:[0m robotA reached goal 9, going to goal 1 within state 1
[ccr_goal_provider-1] [INFO] [1729088836.433924654] [ccr_goal_provider]: [32mgoal completed:[0m robotB reached goal 1, going to goal 1 within state 9
[ccr_goal_provider-1] [INFO] [1729088836.555088114] [ccr_goal_provider]: [32mgoal completed:[0m robotA reached goal 1, going to goal 0 within state 9
[ccr_goal_provider-1] [INFO] [1729088836.635801678] [ccr_goal_provider]: [32mgoal completed:[0m robotB reached goal 9, going to goal 0 within state 1
[ccr_goal_provider-1] [INFO] [1729088837.433268859] [ccr_goal_provider]: [32mgoal completed:[0m robotA reached goal 9, going to goal 1 within state 1
[ccr_goal_provider-1] [INFO] [1729088837.434032850] [ccr_goal_provider]: [32mgoal completed:[0m robotB reached goal 1, going to goal 1 within state 9
[ccr_goal_provider-1] [INFO] [1729088837.547776111] [ccr_goal_provider]: [32mgoal completed:[0m robotB reached goal 9, going to goal 0 within state 1
[ccr_goal_provider-1] [INFO] [1729088837.638304068] [ccr_goal_provider]: [32mgoal completed:[0m robotA reached goal 1, going to goal 0 within state 9
[ccr_goal_provider-1] [INFO] [1729088838.433236190] [ccr_goal_provider]: [32mgoal completed:[0m robotA reached goal 9, going to goal 1 within state 1
[ccr_goal_provider-1] [INFO] [1729088838.434085651] [ccr_goal_provider]: [32mgoal completed:[0m robotB reached goal 1, going to goal 1 within state 9
[ccr_goal_provider-1] [INFO] [1729088838.435213644] [ccr_goal_provider]: [32mgoal completed:[0m robotB reached goal 9, going to goal 0 within state 1
[ccr_goal_provider-1] [INFO] [1729088838.536877590] [ccr_goal_provider]: [32mgoal completed:[0m robotA reached goal 1, going to goal 0 within state 9
[ccr_goal_provider-1] [INFO] [1729088839.434105552] [ccr_goal_provider]: [32mgoal completed:[0m robotA reached goal 9, going to goal 1 within state 1
[ccr_goal_provider-1] [INFO] [1729088839.435509622] [ccr_goal_provider]: [32mgoal completed:[0m robotB reached goal 1, going to goal 1 within state 9
[ccr_goal_provider-1] [INFO] [1729088839.449956091] [ccr_goal_provider]: [32mgoal completed:[0m robotA reached goal 1, going to goal 0 within state 9
[ccr_goal_provider-1] [INFO] [1729088839.539349984] [ccr_goal_provider]: [32mgoal completed:[0m robotB reached goal 9, going to goal 0 within state 1
[ccr_goal_provider-1] [INFO] [1729088840.433565583] [ccr_goal_provider]: [32mgoal completed:[0m robotA reached goal 9, going to goal 1 within state 1
[ccr_goal_provider-1] [INFO] [1729088840.434715407] [ccr_goal_provider]: [32mgoal completed:[0m robotB reached goal 1, going to goal 1 within state 9
[ccr_goal_provider-1] [INFO] [1729088840.566652648] [ccr_goal_provider]: [32mgoal completed:[0m robotA reached goal 1, going to goal 0 within state 9
[ccr_goal_provider-1] [INFO] [1729088840.653586352] [ccr_goal_provider]: [32mgoal completed:[0m robotB reached goal 9, going to goal 0 within state 1
[ccr_goal_provider-1] [INFO] [1729088841.433205692] [ccr_goal_provider]: [32mgoal completed:[0m robotA reached goal 9, going to goal 1 within state 1
[ccr_goal_provider-1] [INFO] [1729088841.434307776] [ccr_goal_provider]: [32mgoal completed:[0m robotB reached goal 1, going to goal 1 within state 9
[ccr_goal_provider-1] [INFO] [1729088841.441711634] [ccr_goal_provider]: [32mgoal completed:[0m robotB reached goal 9, going to goal 0 within state 1
[ccr_goal_provider-1] [INFO] [1729088841.566622954] [ccr_goal_provider]: [32mgoal completed:[0m robotA reached goal 1, going to goal 0 within state 9
[ccr_goal_provider-1] [INFO] [1729088842.433071864] [ccr_goal_provider]: [32mgoal completed:[0m robotA reached goal 9, going to goal 1 within state 1
[ccr_goal_provider-1] [INFO] [1729088842.434199145] [ccr_goal_provider]: [32mgoal completed:[0m robotB reached goal 1, going to goal 1 within state 9
[ccr_goal_provider-1] [INFO] [1729088842.445722269] [ccr_goal_provider]: [32mgoal completed:[0m robotA reached goal 1, going to goal 0 within state 9
[ccr_goal_provider-1] [INFO] [1729088842.557510269] [ccr_goal_provider]: [32mgoal completed:[0m robotB reached goal 9, going to goal 0 within state 1
[ccr_goal_provider-1] [INFO] [1729088843.433514787] [ccr_goal_provider]: [32mgoal completed:[0m robotA reached goal 9, going to goal 1 within state 1
[ccr_goal_provider-1] [INFO] [1729088843.434379937] [ccr_goal_provider]: [32mgoal completed:[0m robotB reached goal 1, going to goal 1 within state 9
[ccr_goal_provider-1] [INFO] [1729088843.458846545] [ccr_goal_provider]: [32mgoal completed:[0m robotB reached goal 9, going to goal 0 within state 1
[ccr_goal_provider-1] [INFO] [1729088843.552736930] [ccr_goal_provider]: [32mgoal completed:[0m robotA reached goal 1, going to goal 0 within state 9
[ccr_goal_provider-1] [INFO] [1729088844.433023409] [ccr_goal_provider]: [32mgoal completed:[0m robotA reached goal 9, going to goal 1 within state 1
[ccr_goal_provider-1] [INFO] [1729088844.434019595] [ccr_goal_provider]: [32mgoal completed:[0m robotB reached goal 1, going to goal 1 within state 9
[ccr_goal_provider-1] [INFO] [1729088844.458444054] [ccr_goal_provider]: [32mgoal completed:[0m robotB reached goal 9, going to goal 0 within state 1
[ccr_goal_provider-1] [INFO] [1729088844.652051028] [ccr_goal_provider]: [32mgoal completed:[0m robotA reached goal 1, going to goal 0 within state 9
[ccr_goal_provider-1] [INFO] [1729088845.432949043] [ccr_goal_provider]: [32mgoal completed:[0m robotA reached goal 9, going to goal 1 within state 1
[ccr_goal_provider-1] [INFO] [1729088845.433694369] [ccr_goal_provider]: [32mgoal completed:[0m robotB reached goal 1, going to goal 1 within state 9
[ccr_goal_provider-1] [INFO] [1729088845.460185068] [ccr_goal_provider]: [32mgoal completed:[0m robotA reached goal 1, going to goal 0 within state 9
[ccr_goal_provider-1] [INFO] [1729088845.551519927] [ccr_goal_provider]: [32mgoal completed:[0m robotB reached goal 9, going to goal 0 within state 1
[ccr_goal_provider-1] [INFO] [1729088846.433326884] [ccr_goal_provider]: [32mgoal completed:[0m robotA reached goal 9, going to goal 1 within state 1
[ccr_goal_provider-1] [INFO] [1729088846.434467981] [ccr_goal_provider]: [32mgoal completed:[0m robotB reached goal 1, going to goal 1 within state 9
[ccr_goal_provider-1] [INFO] [1729088846.453280127] [ccr_goal_provider]: [32mgoal completed:[0m robotB reached goal 9, going to goal 0 within state 1
[ccr_goal_provider-1] [INFO] [1729088846.555527727] [ccr_goal_provider]: [32mgoal completed:[0m robotA reached goal 1, going to goal 0 within state 9
[ccr_goal_provider-1] [INFO] [1729088847.433924907] [ccr_goal_provider]: [32mgoal completed:[0m robotA reached goal 9, going to goal 1 within state 1
[ccr_goal_provider-1] [INFO] [1729088847.435325770] [ccr_goal_provider]: [32mgoal completed:[0m robotB reached goal 1, going to goal 1 within state 9
[ccr_goal_provider-1] [INFO] [1729088847.454682848] [ccr_goal_provider]: [32mgoal completed:[0m robotA reached goal 1, going to goal 0 within state 9
[ccr_goal_provider-1] [INFO] [1729088847.573620569] [ccr_goal_provider]: [32mgoal completed:[0m robotB reached goal 9, going to goal 0 within state 1
[ccr_goal_provider-1] [INFO] [1729088848.433115132] [ccr_goal_provider]: [32mgoal completed:[0m robotA reached goal 9, going to goal 1 within state 1
[ccr_goal_provider-1] [INFO] [1729088848.433888401] [ccr_goal_provider]: [32mgoal completed:[0m robotB reached goal 1, going to goal 1 within state 9
[ccr_goal_provider-1] [INFO] [1729088848.558193276] [ccr_goal_provider]: [32mgoal completed:[0m robotA reached goal 1, going to goal 0 within state 9
[ccr_goal_provider-1] [INFO] [1729088848.672229867] [ccr_goal_provider]: [32mgoal completed:[0m robotB reached goal 9, going to goal 0 within state 1
[ccr_goal_provider-1] [INFO] [1729088849.433315811] [ccr_goal_provider]: [32mgoal completed:[0m robotA reached goal 9, going to goal 1 within state 1
[ccr_goal_provider-1] [INFO] [1729088849.434452390] [ccr_goal_provider]: [32mgoal completed:[0m robotB reached goal 1, going to goal 1 within state 9
[ccr_goal_provider-1] [INFO] [1729088849.460713680] [ccr_goal_provider]: [32mgoal completed:[0m robotB reached goal 9, going to goal 0 within state 1
[ccr_goal_provider-1] [INFO] [1729088849.686297289] [ccr_goal_provider]: [32mgoal completed:[0m robotA reached goal 1, going to goal 0 within state 9
[ccr_goal_provider-1] [INFO] [1729088850.433272212] [ccr_goal_provider]: [32mgoal completed:[0m robotA reached goal 9, going to goal 1 within state 1
[ccr_goal_provider-1] [INFO] [1729088850.434452183] [ccr_goal_provider]: [32mgoal completed:[0m robotB reached goal 1, going to goal 1 within state 9
[ccr_goal_provider-1] [INFO] [1729088850.464355956] [ccr_goal_provider]: [32mgoal completed:[0m robotA reached goal 1, going to goal 0 within state 9
[ccr_goal_provider-1] [INFO] [1729088850.565628889] [ccr_goal_provider]: [32mgoal completed:[0m robotB reached goal 9, going to goal 0 within state 1
[ccr_goal_provider-1] [INFO] [1729088851.433826774] [ccr_goal_provider]: [32mgoal completed:[0m robotA reached goal 9, going to goal 1 within state 1
[ccr_goal_provider-1] [INFO] [1729088851.434954837] [ccr_goal_provider]: [32mgoal completed:[0m robotB reached goal 1, going to goal 1 within state 9
[ccr_goal_provider-1] [INFO] [1729088851.468008830] [ccr_goal_provider]: [32mgoal completed:[0m robotB reached goal 9, going to goal 0 within state 1
[ccr_goal_provider-1] [INFO] [1729088851.567067536] [ccr_goal_provider]: [32mgoal completed:[0m robotA reached goal 1, going to goal 0 within state 9
[ccr_goal_provider-1] [INFO] [1729088852.433620561] [ccr_goal_provider]: [32mgoal completed:[0m robotA reached goal 9, going to goal 1 within state 1
[ccr_goal_provider-1] [INFO] [1729088852.434924664] [ccr_goal_provider]: [32mgoal completed:[0m robotB reached goal 1, going to goal 1 within state 9
[ccr_goal_provider-1] [INFO] [1729088852.470722466] [ccr_goal_provider]: [32mgoal completed:[0m robotA reached goal 1, going to goal 0 within state 9
[ccr_goal_provider-1] [INFO] [1729088852.569747389] [ccr_goal_provider]: [32mgoal completed:[0m robotB reached goal 9, going to goal 0 within state 1
[ccr_goal_provider-1] [INFO] [1729088853.432856643] [ccr_goal_provider]: [32mgoal completed:[0m robotA reached goal 9, going to goal 1 within state 1
[ccr_goal_provider-1] [INFO] [1729088853.433715241] [ccr_goal_provider]: [32mgoal completed:[0m robotB reached goal 1, going to goal 1 within state 9
[ccr_goal_provider-1] [INFO] [1729088853.594228969] [ccr_goal_provider]: [32mgoal completed:[0m robotA reached goal 1, going to goal 0 within state 9
[ccr_goal_provider-1] [INFO] [1729088853.683750320] [ccr_goal_provider]: [32mgoal completed:[0m robotB reached goal 9, going to goal 0 within state 1
[ccr_goal_provider-1] [INFO] [1729088854.433314313] [ccr_goal_provider]: [32mgoal completed:[0m robotA reached goal 9, going to goal 1 within state 1
[ccr_goal_provider-1] [INFO] [1729088854.434491959] [ccr_goal_provider]: [32mgoal completed:[0m robotB reached goal 1, going to goal 1 within state 9
[ccr_goal_provider-1] [INFO] [1729088854.477481202] [ccr_goal_provider]: [32mgoal completed:[0m robotB reached goal 9, going to goal 0 within state 1
[ccr_goal_provider-1] [INFO] [1729088854.577111499] [ccr_goal_provider]: [32mgoal completed:[0m robotA reached goal 1, going to goal 0 within state 9
[ccr_goal_provider-1] [INFO] [1729088855.433649644] [ccr_goal_provider]: [32mgoal completed:[0m robotA reached goal 9, going to goal 1 within state 1
[ccr_goal_provider-1] [INFO] [1729088855.434766115] [ccr_goal_provider]: [32mgoal completed:[0m robotB reached goal 1, going to goal 1 within state 9
[ccr_goal_provider-1] [INFO] [1729088855.476440225] [ccr_goal_provider]: [32mgoal completed:[0m robotA reached goal 1, going to goal 0 within state 9
[ccr_goal_provider-1] [INFO] [1729088855.579194283] [ccr_goal_provider]: [32mgoal completed:[0m robotB reached goal 9, going to goal 0 within state 1
[ccr_goal_provider-1] [INFO] [1729088856.433204844] [ccr_goal_provider]: [32mgoal completed:[0m robotA reached goal 9, going to goal 1 within state 1
[ccr_goal_provider-1] [INFO] [1729088856.434053614] [ccr_goal_provider]: [32mgoal completed:[0m robotB reached goal 1, going to goal 1 within state 9
[ccr_goal_provider-1] [INFO] [1729088856.489493077] [ccr_goal_provider]: [32mgoal completed:[0m robotB reached goal 9, going to goal 0 within state 1
[ccr_goal_provider-1] [INFO] [1729088856.579291848] [ccr_goal_provider]: [32mgoal completed:[0m robotA reached goal 1, going to goal 0 within state 9
[ccr_goal_provider-1] [INFO] [1729088857.433218903] [ccr_goal_provider]: [32mgoal completed:[0m robotA reached goal 9, going to goal 1 within state 1
[ccr_goal_provider-1] [INFO] [1729088857.434186155] [ccr_goal_provider]: [32mgoal completed:[0m robotB reached goal 1, going to goal 1 within state 9
[ccr_goal_provider-1] [INFO] [1729088857.496232223] [ccr_goal_provider]: [32mgoal completed:[0m robotA reached goal 1, going to goal 0 within state 9
[ccr_goal_provider-1] [INFO] [1729088857.586042917] [ccr_goal_provider]: [32mgoal completed:[0m robotB reached goal 9, going to goal 0 within state 1
[ccr_goal_provider-1] [INFO] [1729088858.433204609] [ccr_goal_provider]: [32mgoal completed:[0m robotA reached goal 9, going to goal 1 within state 1
[ccr_goal_provider-1] [INFO] [1729088858.433972397] [ccr_goal_provider]: [32mgoal completed:[0m robotB reached goal 1, going to goal 1 within state 9
[ccr_goal_provider-1] [INFO] [1729088858.491398692] [ccr_goal_provider]: [32mgoal completed:[0m robotB reached goal 9, going to goal 0 within state 1
[ccr_goal_provider-1] [INFO] [1729088858.588355211] [ccr_goal_provider]: [32mgoal completed:[0m robotA reached goal 1, going to goal 0 within state 9
[ccr_goal_provider-1] [INFO] [1729088859.434217830] [ccr_goal_provider]: [32mgoal completed:[0m robotA reached goal 9, going to goal 1 within state 1
[ccr_goal_provider-1] [INFO] [1729088859.435808840] [ccr_goal_provider]: [32mgoal completed:[0m robotB reached goal 1, going to goal 1 within state 9
[ccr_goal_provider-1] [INFO] [1729088859.494373337] [ccr_goal_provider]: [32mgoal completed:[0m robotB reached goal 9, going to goal 0 within state 1
[ccr_goal_provider-1] [INFO] [1729088859.713706598] [ccr_goal_provider]: [32mgoal completed:[0m robotA reached goal 1, going to goal 0 within state 9
[ccr_goal_provider-1] [INFO] [1729088860.433013888] [ccr_goal_provider]: [32mgoal completed:[0m robotA reached goal 9, going to goal 1 within state 1
[ccr_goal_provider-1] [INFO] [1729088860.433788930] [ccr_goal_provider]: [32mgoal completed:[0m robotB reached goal 1, going to goal 1 within state 9
[ccr_goal_provider-1] [INFO] [1729088860.496554105] [ccr_goal_provider]: [32mgoal completed:[0m robotA reached goal 1, going to goal 0 within state 9
[ccr_goal_provider-1] [INFO] [1729088860.588537498] [ccr_goal_provider]: [32mgoal completed:[0m robotB reached goal 9, going to goal 0 within state 1
[ccr_goal_provider-1] [INFO] [1729088861.433239433] [ccr_goal_provider]: [32mgoal completed:[0m robotA reached goal 9, going to goal 1 within state 1
[ccr_goal_provider-1] [INFO] [1729088861.434177340] [ccr_goal_provider]: [32mgoal completed:[0m robotB reached goal 1, going to goal 1 within state 9
[ccr_goal_provider-1] [INFO] [1729088861.498028750] [ccr_goal_provider]: [32mgoal completed:[0m robotB reached goal 9, going to goal 0 within state 1
[ccr_goal_provider-1] [INFO] [1729088861.589694068] [ccr_goal_provider]: [32mgoal completed:[0m robotA reached goal 1, going to goal 0 within state 9
[ccr_goal_provider-1] [INFO] [1729088862.433356716] [ccr_goal_provider]: [32mgoal completed:[0m robotA reached goal 9, going to goal 1 within state 1
[ccr_goal_provider-1] [INFO] [1729088862.434664676] [ccr_goal_provider]: [32mgoal completed:[0m robotB reached goal 1, going to goal 1 within state 9
[ccr_goal_provider-1] [INFO] [1729088862.497577518] [ccr_goal_provider]: [32mgoal completed:[0m robotA reached goal 1, going to goal 0 within state 9
[ccr_goal_provider-1] [INFO] [1729088862.592167694] [ccr_goal_provider]: [32mgoal completed:[0m robotB reached goal 9, going to goal 0 within state 1
[ccr_goal_provider-1] [INFO] [1729088863.433962303] [ccr_goal_provider]: [32mgoal completed:[0m robotA reached goal 9, going to goal 1 within state 1
[ccr_goal_provider-1] [INFO] [1729088863.435119401] [ccr_goal_provider]: [32mgoal completed:[0m robotB reached goal 1, going to goal 1 within state 9
[ccr_goal_provider-1] [INFO] [1729088863.503509532] [ccr_goal_provider]: [32mgoal completed:[0m robotB reached goal 9, going to goal 0 within state 1
[ccr_goal_provider-1] [INFO] [1729088863.596542080] [ccr_goal_provider]: [32mgoal completed:[0m robotA reached goal 1, going to goal 0 within state 9
[ccr_goal_provider-1] [INFO] [1729088864.433167367] [ccr_goal_provider]: [32mgoal completed:[0m robotA reached goal 9, going to goal 1 within state 1
[ccr_goal_provider-1] [INFO] [1729088864.433962427] [ccr_goal_provider]: [32mgoal completed:[0m robotB reached goal 1, going to goal 1 within state 9
[ccr_goal_provider-1] [INFO] [1729088864.498825030] [ccr_goal_provider]: [32mgoal completed:[0m robotB reached goal 9, going to goal 0 within state 1
[ccr_goal_provider-1] [INFO] [1729088864.597542216] [ccr_goal_provider]: [32mgoal completed:[0m robotA reached goal 1, going to goal 0 within state 9
[ccr_goal_provider-1] [INFO] [1729088865.433339763] [ccr_goal_provider]: [32mgoal completed:[0m robotA reached goal 9, going to goal 1 within state 1
[ccr_goal_provider-1] [INFO] [1729088865.434205074] [ccr_goal_provider]: [32mgoal completed:[0m robotB reached goal 1, going to goal 1 within state 9
[ccr_goal_provider-1] [INFO] [1729088865.500451409] [ccr_goal_provider]: [32mgoal completed:[0m robotA reached goal 1, going to goal 0 within state 9
[ccr_goal_provider-1] [INFO] [1729088865.621260616] [ccr_goal_provider]: [32mgoal completed:[0m robotB reached goal 9, going to goal 0 within state 1
[ccr_goal_provider-1] [INFO] [1729088866.433141565] [ccr_goal_provider]: [32mgoal completed:[0m robotA reached goal 9, going to goal 1 within state 1
[ccr_goal_provider-1] [INFO] [1729088866.434188205] [ccr_goal_provider]: [32mgoal completed:[0m robotB reached goal 1, going to goal 1 within state 9
[ccr_goal_provider-1] [INFO] [1729088866.503545668] [ccr_goal_provider]: [32mgoal completed:[0m robotB reached goal 9, going to goal 0 within state 1
[ccr_goal_provider-1] [INFO] [1729088866.618410972] [ccr_goal_provider]: [32mgoal completed:[0m robotA reached goal 1, going to goal 0 within state 9
[ccr_goal_provider-1] [INFO] [1729088867.434102698] [ccr_goal_provider]: [32mgoal completed:[0m robotA reached goal 9, going to goal 1 within state 1
[ccr_goal_provider-1] [INFO] [1729088867.435469538] [ccr_goal_provider]: [32mgoal completed:[0m robotB reached goal 1, going to goal 1 within state 9
[ccr_goal_provider-1] [INFO] [1729088867.504762721] [ccr_goal_provider]: [32mgoal completed:[0m robotA reached goal 1, going to goal 0 within state 9
[ccr_goal_provider-1] [INFO] [1729088867.624515199] [ccr_goal_provider]: [32mgoal completed:[0m robotB reached goal 9, going to goal 0 within state 1
[ccr_goal_provider-1] [INFO] [1729088868.432984336] [ccr_goal_provider]: [32mgoal completed:[0m robotA reached goal 9, going to goal 1 within state 1
[ccr_goal_provider-1] [INFO] [1729088868.433653690] [ccr_goal_provider]: [32mgoal completed:[0m robotB reached goal 1, going to goal 1 within state 9
[ccr_goal_provider-1] [INFO] [1729088868.633247447] [ccr_goal_provider]: [32mgoal completed:[0m robotA reached goal 1, going to goal 0 within state 9
[ccr_goal_provider-1] [INFO] [1729088868.709165709] [ccr_goal_provider]: [32mgoal completed:[0m robotB reached goal 9, going to goal 0 within state 1
[ccr_goal_provider-1] [INFO] [1729088869.432940217] [ccr_goal_provider]: [32mgoal completed:[0m robotA reached goal 9, going to goal 1 within state 1
[ccr_goal_provider-1] [INFO] [1729088869.433995012] [ccr_goal_provider]: [32mgoal completed:[0m robotB reached goal 1, going to goal 1 within state 9
[ccr_goal_provider-1] [INFO] [1729088869.510976997] [ccr_goal_provider]: [32mgoal completed:[0m robotB reached goal 9, going to goal 0 within state 1
[ccr_goal_provider-1] [INFO] [1729088869.621760124] [ccr_goal_provider]: [32mgoal completed:[0m robotA reached goal 1, going to goal 0 within state 9
[ccr_goal_provider-1] [INFO] [1729088870.433017414] [ccr_goal_provider]: [32mgoal completed:[0m robotA reached goal 9, going to goal 1 within state 1
[ccr_goal_provider-1] [INFO] [1729088870.434141510] [ccr_goal_provider]: [32mgoal completed:[0m robotB reached goal 1, going to goal 1 within state 9
[ccr_goal_provider-1] [INFO] [1729088870.532068646] [ccr_goal_provider]: [32mgoal completed:[0m robotA reached goal 1, going to goal 0 within state 9
[ccr_goal_provider-1] [INFO] [1729088870.619863925] [ccr_goal_provider]: [32mgoal completed:[0m robotB reached goal 9, going to goal 0 within state 1
[ccr_goal_provider-1] [INFO] [1729088871.433664559] [ccr_goal_provider]: [32mgoal completed:[0m robotA reached goal 9, going to goal 1 within state 1
[ccr_goal_provider-1] [INFO] [1729088871.434816617] [ccr_goal_provider]: [32mgoal completed:[0m robotB reached goal 1, going to goal 1 within state 9
[ccr_goal_provider-1] [INFO] [1729088871.540269971] [ccr_goal_provider]: [32mgoal completed:[0m robotB reached goal 9, going to goal 0 within state 1
[ccr_goal_provider-1] [INFO] [1729088871.629012203] [ccr_goal_provider]: [32mgoal completed:[0m robotA reached goal 1, going to goal 0 within state 9
[ccr_goal_provider-1] [INFO] [1729088872.433041766] [ccr_goal_provider]: [32mgoal completed:[0m robotA reached goal 9, going to goal 1 within state 1
[ccr_goal_provider-1] [INFO] [1729088872.433842285] [ccr_goal_provider]: [32mgoal completed:[0m robotB reached goal 1, going to goal 1 within state 9
[ccr_goal_provider-1] [INFO] [1729088872.628878766] [ccr_goal_provider]: [32mgoal completed:[0m robotB reached goal 9, going to goal 0 within state 1
[ccr_goal_provider-1] [INFO] [1729088872.728703457] [ccr_goal_provider]: [32mgoal completed:[0m robotA reached goal 1, going to goal 0 within state 9
[ccr_goal_provider-1] [INFO] [1729088873.433069581] [ccr_goal_provider]: [32mgoal completed:[0m robotA reached goal 9, going to goal 1 within state 1
[ccr_goal_provider-1] [INFO] [1729088873.433909694] [ccr_goal_provider]: [32mgoal completed:[0m robotB reached goal 1, going to goal 1 within state 9
[ccr_goal_provider-1] [INFO] [1729088873.521322416] [ccr_goal_provider]: [32mgoal completed:[0m robotA reached goal 1, going to goal 0 within state 9
[ccr_goal_provider-1] [INFO] [1729088873.632049558] [ccr_goal_provider]: [32mgoal completed:[0m robotB reached goal 9, going to goal 0 within state 1
[ccr_goal_provider-1] [INFO] [1729088874.433414019] [ccr_goal_provider]: [32mgoal completed:[0m robotA reached goal 9, going to goal 1 within state 1
[ccr_goal_provider-1] [INFO] [1729088874.434681824] [ccr_goal_provider]: [32mgoal completed:[0m robotB reached goal 1, going to goal 1 within state 9
[ccr_goal_provider-1] [INFO] [1729088874.541631350] [ccr_goal_provider]: [32mgoal completed:[0m robotB reached goal 9, going to goal 0 within state 1
[ccr_goal_provider-1] [INFO] [1729088874.629194624] [ccr_goal_provider]: [32mgoal completed:[0m robotA reached goal 1, going to goal 0 within state 9
[ccr_goal_provider-1] [INFO] [1729088875.433692473] [ccr_goal_provider]: [32mgoal completed:[0m robotA reached goal 9, going to goal 1 within state 1
[ccr_goal_provider-1] [INFO] [1729088875.434640178] [ccr_goal_provider]: [32mgoal completed:[0m robotB reached goal 1, going to goal 1 within state 9
[ccr_goal_provider-1] [INFO] [1729088875.524111957] [ccr_goal_provider]: [32mgoal completed:[0m robotA reached goal 1, going to goal 0 within state 9
[ccr_goal_provider-1] [INFO] [1729088875.638396383] [ccr_goal_provider]: [32mgoal completed:[0m robotB reached goal 9, going to goal 0 within state 1
[ccr_goal_provider-1] [INFO] [1729088876.432729072] [ccr_goal_provider]: [32mgoal completed:[0m robotA reached goal 9, going to goal 1 within state 1
[ccr_goal_provider-1] [INFO] [1729088876.433274273] [ccr_goal_provider]: [32mgoal completed:[0m robotB reached goal 1, going to goal 1 within state 9
[ccr_goal_provider-1] [INFO] [1729088876.524719729] [ccr_goal_provider]: [32mgoal completed:[0m robotB reached goal 9, going to goal 0 within state 1
[ccr_goal_provider-1] [INFO] [1729088876.643697244] [ccr_goal_provider]: [32mgoal completed:[0m robotA reached goal 1, going to goal 0 within state 9
[ccr_goal_provider-1] [INFO] [1729088877.433134304] [ccr_goal_provider]: [32mgoal completed:[0m robotA reached goal 9, going to goal 1 within state 1
[ccr_goal_provider-1] [INFO] [1729088877.434154605] [ccr_goal_provider]: [32mgoal completed:[0m robotB reached goal 1, going to goal 1 within state 9
[ccr_goal_provider-1] [INFO] [1729088877.526421068] [ccr_goal_provider]: [32mgoal completed:[0m robotA reached goal 1, going to goal 0 within state 9
[ccr_goal_provider-1] [INFO] [1729088877.650498817] [ccr_goal_provider]: [32mgoal completed:[0m robotB reached goal 9, going to goal 0 within state 1
[ccr_goal_provider-1] [INFO] [1729088878.433031744] [ccr_goal_provider]: [32mgoal completed:[0m robotA reached goal 9, going to goal 1 within state 1
[ccr_goal_provider-1] [INFO] [1729088878.433974430] [ccr_goal_provider]: [32mgoal completed:[0m robotB reached goal 1, going to goal 1 within state 9
[ccr_goal_provider-1] [INFO] [1729088878.534165747] [ccr_goal_provider]: [32mgoal completed:[0m robotA reached goal 1, going to goal 0 within state 9
[ccr_goal_provider-1] [INFO] [1729088878.733755358] [ccr_goal_provider]: [32mgoal completed:[0m robotB reached goal 9, going to goal 0 within state 1
[ccr_goal_provider-1] [INFO] [1729088879.434070222] [ccr_goal_provider]: [32mgoal completed:[0m robotA reached goal 9, going to goal 1 within state 1
[ccr_goal_provider-1] [INFO] [1729088879.435414440] [ccr_goal_provider]: [32mgoal completed:[0m robotB reached goal 1, going to goal 1 within state 9
[ccr_goal_provider-1] [INFO] [1729088879.436408562] [ccr_goal_provider]: [32mgoal completed:[0m robotA reached goal 1, going to goal 0 within state 9
[ccr_goal_provider-1] [INFO] [1729088879.551627838] [ccr_goal_provider]: [32mgoal completed:[0m robotB reached goal 9, going to goal 0 within state 1
[ccr_goal_provider-1] [INFO] [1729088880.433136406] [ccr_goal_provider]: [32mgoal completed:[0m robotA reached goal 9, going to goal 1 within state 1
[ccr_goal_provider-1] [INFO] [1729088880.433954358] [ccr_goal_provider]: [32mgoal completed:[0m robotB reached goal 1, going to goal 1 within state 9
[ccr_goal_provider-1] [INFO] [1729088880.436738854] [ccr_goal_provider]: [32mgoal completed:[0m robotB reached goal 9, going to goal 0 within state 1
[ccr_goal_provider-1] [INFO] [1729088880.544610037] [ccr_goal_provider]: [32mgoal completed:[0m robotA reached goal 1, going to goal 0 within state 9
[ccr_goal_provider-1] [INFO] [1729088881.433075786] [ccr_goal_provider]: [32mgoal completed:[0m robotA reached goal 9, going to goal 1 within state 1
[ccr_goal_provider-1] [INFO] [1729088881.434193239] [ccr_goal_provider]: [32mgoal completed:[0m robotB reached goal 1, going to goal 1 within state 9
[ccr_goal_provider-1] [INFO] [1729088881.459317889] [ccr_goal_provider]: [32mgoal completed:[0m robotA reached goal 1, going to goal 0 within state 9
[ccr_goal_provider-1] [INFO] [1729088881.551669342] [ccr_goal_provider]: [32mgoal completed:[0m robotB reached goal 9, going to goal 0 within state 1
[ccr_goal_provider-1] [INFO] [1729088882.433320627] [ccr_goal_provider]: [32mgoal completed:[0m robotA reached goal 9, going to goal 1 within state 1
[ccr_goal_provider-1] [INFO] [1729088882.434354373] [ccr_goal_provider]: [32mgoal completed:[0m robotB reached goal 1, going to goal 1 within state 9
[ccr_goal_provider-1] [INFO] [1729088882.443363639] [ccr_goal_provider]: [32mgoal completed:[0m robotA reached goal 1, going to goal 0 within state 9
[ccr_goal_provider-1] [INFO] [1729088882.551208522] [ccr_goal_provider]: [32mgoal completed:[0m robotB reached goal 9, going to goal 0 within state 1
[ccr_goal_provider-1] [INFO] [1729088883.433690282] [ccr_goal_provider]: [32mgoal completed:[0m robotA reached goal 9, going to goal 1 within state 1
[ccr_goal_provider-1] [INFO] [1729088883.434833524] [ccr_goal_provider]: [32mgoal completed:[0m robotB reached goal 1, going to goal 1 within state 9
[ccr_goal_provider-1] [INFO] [1729088883.442533687] [ccr_goal_provider]: [32mgoal completed:[0m robotB reached goal 9, going to goal 0 within state 1
[ccr_goal_provider-1] [INFO] [1729088883.542548244] [ccr_goal_provider]: [32mgoal completed:[0m robotA reached goal 1, going to goal 0 within state 9
[ccr_goal_provider-1] [INFO] [1729088884.433293081] [ccr_goal_provider]: [32mgoal completed:[0m robotA reached goal 9, going to goal 1 within state 1
[ccr_goal_provider-1] [INFO] [1729088884.434202805] [ccr_goal_provider]: [32mgoal completed:[0m robotB reached goal 1, going to goal 1 within state 9
[ccr_goal_provider-1] [INFO] [1729088884.443645973] [ccr_goal_provider]: [32mgoal completed:[0m robotA reached goal 1, going to goal 0 within state 9
[ccr_goal_provider-1] [INFO] [1729088884.545638464] [ccr_goal_provider]: [32mgoal completed:[0m robotB reached goal 9, going to goal 0 within state 1
[ccr_goal_provider-1] [INFO] [1729088885.433061099] [ccr_goal_provider]: [32mgoal completed:[0m robotA reached goal 9, going to goal 1 within state 1
[ccr_goal_provider-1] [INFO] [1729088885.434114943] [ccr_goal_provider]: [32mgoal completed:[0m robotB reached goal 1, going to goal 1 within state 9
[ccr_goal_provider-1] [INFO] [1729088885.446033177] [ccr_goal_provider]: [32mgoal completed:[0m robotB reached goal 9, going to goal 0 within state 1
[ccr_goal_provider-1] [INFO] [1729088885.548132668] [ccr_goal_provider]: [32mgoal completed:[0m robotA reached goal 1, going to goal 0 within state 9
[ccr_goal_provider-1] [INFO] [1729088886.433108240] [ccr_goal_provider]: [32mgoal completed:[0m robotA reached goal 9, going to goal 1 within state 1
[ccr_goal_provider-1] [INFO] [1729088886.434145563] [ccr_goal_provider]: [32mgoal completed:[0m robotB reached goal 1, going to goal 1 within state 9
[ccr_goal_provider-1] [INFO] [1729088886.449402751] [ccr_goal_provider]: [32mgoal completed:[0m robotA reached goal 1, going to goal 0 within state 9
[ccr_goal_provider-1] [INFO] [1729088886.549044790] [ccr_goal_provider]: [32mgoal completed:[0m robotB reached goal 9, going to goal 0 within state 1
[ccr_goal_provider-1] [INFO] [1729088887.433942615] [ccr_goal_provider]: [32mgoal completed:[0m robotA reached goal 9, going to goal 1 within state 1
[ccr_goal_provider-1] [INFO] [1729088887.435008652] [ccr_goal_provider]: [32mgoal completed:[0m robotB reached goal 1, going to goal 1 within state 9
[ccr_goal_provider-1] [INFO] [1729088887.550958617] [ccr_goal_provider]: [32mgoal completed:[0m robotA reached goal 1, going to goal 0 within state 9
[ccr_goal_provider-1] [INFO] [1729088887.650887874] [ccr_goal_provider]: [32mgoal completed:[0m robotB reached goal 9, going to goal 0 within state 1
[ccr_goal_provider-1] [INFO] [1729088888.433063492] [ccr_goal_provider]: [32mgoal completed:[0m robotA reached goal 9, going to goal 1 within state 1
[ccr_goal_provider-1] [INFO] [1729088888.433983445] [ccr_goal_provider]: [32mgoal completed:[0m robotB reached goal 1, going to goal 1 within state 9
[ccr_goal_provider-1] [INFO] [1729088888.467402342] [ccr_goal_provider]: [32mgoal completed:[0m robotB reached goal 9, going to goal 0 within state 1
[ccr_goal_provider-1] [INFO] [1729088888.554807089] [ccr_goal_provider]: [32mgoal completed:[0m robotA reached goal 1, going to goal 0 within state 9
[ccr_goal_provider-1] [INFO] [1729088889.432911930] [ccr_goal_provider]: [32mgoal completed:[0m robotA reached goal 9, going to goal 1 within state 1
[ccr_goal_provider-1] [INFO] [1729088889.433705577] [ccr_goal_provider]: [32mgoal completed:[0m robotB reached goal 1, going to goal 1 within state 9
[ccr_goal_provider-1] [INFO] [1729088889.455667774] [ccr_goal_provider]: [32mgoal completed:[0m robotA reached goal 1, going to goal 0 within state 9
[ccr_goal_provider-1] [INFO] [1729088889.556613255] [ccr_goal_provider]: [32mgoal completed:[0m robotB reached goal 9, going to goal 0 within state 1
[ccr_goal_provider-1] [INFO] [1729088890.433039125] [ccr_goal_provider]: [32mgoal completed:[0m robotA reached goal 9, going to goal 1 within state 1
[ccr_goal_provider-1] [INFO] [1729088890.433948829] [ccr_goal_provider]: [32mgoal completed:[0m robotB reached goal 1, going to goal 1 within state 9
[ccr_goal_provider-1] [INFO] [1729088890.466758323] [ccr_goal_provider]: [32mgoal completed:[0m robotB reached goal 9, going to goal 0 within state 1
[ccr_goal_provider-1] [INFO] [1729088890.579830087] [ccr_goal_provider]: [32mgoal completed:[0m robotA reached goal 1, going to goal 0 within state 9
[ccr_goal_provider-1] [INFO] [1729088891.433894631] [ccr_goal_provider]: [32mgoal completed:[0m robotA reached goal 9, going to goal 1 within state 1
[ccr_goal_provider-1] [INFO] [1729088891.435081184] [ccr_goal_provider]: [32mgoal completed:[0m robotB reached goal 1, going to goal 1 within state 9
[ccr_goal_provider-1] [INFO] [1729088891.461027113] [ccr_goal_provider]: [32mgoal completed:[0m robotA reached goal 1, going to goal 0 within state 9
[ccr_goal_provider-1] [INFO] [1729088891.561957815] [ccr_goal_provider]: [32mgoal completed:[0m robotB reached goal 9, going to goal 0 within state 1
[ccr_goal_provider-1] [INFO] [1729088892.433171970] [ccr_goal_provider]: [32mgoal completed:[0m robotA reached goal 9, going to goal 1 within state 1
[ccr_goal_provider-1] [INFO] [1729088892.434267913] [ccr_goal_provider]: [32mgoal completed:[0m robotB reached goal 1, going to goal 1 within state 9
[ccr_goal_provider-1] [INFO] [1729088892.462552272] [ccr_goal_provider]: [32mgoal completed:[0m robotA reached goal 1, going to goal 0 within state 9
[ccr_goal_provider-1] [INFO] [1729088892.663047759] [ccr_goal_provider]: [32mgoal completed:[0m robotB reached goal 9, going to goal 0 within state 1
[ccr_goal_provider-1] [INFO] [1729088893.433150022] [ccr_goal_provider]: [32mgoal completed:[0m robotA reached goal 9, going to goal 1 within state 1
[ccr_goal_provider-1] [INFO] [1729088893.434208936] [ccr_goal_provider]: [32mgoal completed:[0m robotB reached goal 1, going to goal 1 within state 9
[ccr_goal_provider-1] [INFO] [1729088893.465325890] [ccr_goal_provider]: [32mgoal completed:[0m robotB reached goal 9, going to goal 0 within state 1
[ccr_goal_provider-1] [INFO] [1729088893.578780872] [ccr_goal_provider]: [32mgoal completed:[0m robotA reached goal 1, going to goal 0 within state 9
[ccr_goal_provider-1] [INFO] [1729088894.433071207] [ccr_goal_provider]: [32mgoal completed:[0m robotA reached goal 9, going to goal 1 within state 1
[ccr_goal_provider-1] [INFO] [1729088894.434029913] [ccr_goal_provider]: [32mgoal completed:[0m robotB reached goal 1, going to goal 1 within state 9
[ccr_goal_provider-1] [INFO] [1729088894.468377569] [ccr_goal_provider]: [32mgoal completed:[0m robotA reached goal 1, going to goal 0 within state 9
[ccr_goal_provider-1] [INFO] [1729088894.568170120] [ccr_goal_provider]: [32mgoal completed:[0m robotB reached goal 9, going to goal 0 within state 1
[ccr_goal_provider-1] [INFO] [1729088895.433871770] [ccr_goal_provider]: [32mgoal completed:[0m robotA reached goal 9, going to goal 1 within state 1
[ccr_goal_provider-1] [INFO] [1729088895.435032664] [ccr_goal_provider]: [32mgoal completed:[0m robotB reached goal 1, going to goal 1 within state 9
[ccr_goal_provider-1] [INFO] [1729088895.477733146] [ccr_goal_provider]: [32mgoal completed:[0m robotB reached goal 9, going to goal 0 within state 1
[ccr_goal_provider-1] [INFO] [1729088895.596028855] [ccr_goal_provider]: [32mgoal completed:[0m robotA reached goal 1, going to goal 0 within state 9
[ccr_goal_provider-1] [INFO] [1729088896.433164749] [ccr_goal_provider]: [32mgoal completed:[0m robotA reached goal 9, going to goal 1 within state 1
[ccr_goal_provider-1] [INFO] [1729088896.434196221] [ccr_goal_provider]: [32mgoal completed:[0m robotB reached goal 1, going to goal 1 within state 9
[ccr_goal_provider-1] [INFO] [1729088896.471918378] [ccr_goal_provider]: [32mgoal completed:[0m robotA reached goal 1, going to goal 0 within state 9
[ccr_goal_provider-1] [INFO] [1729088896.572173675] [ccr_goal_provider]: [32mgoal completed:[0m robotB reached goal 9, going to goal 0 within state 1
[ccr_goal_provider-1] [INFO] [1729088897.433012957] [ccr_goal_provider]: [32mgoal completed:[0m robotA reached goal 9, going to goal 1 within state 1
[ccr_goal_provider-1] [INFO] [1729088897.433974208] [ccr_goal_provider]: [32mgoal completed:[0m robotB reached goal 1, going to goal 1 within state 9
[ccr_goal_provider-1] [INFO] [1729088897.493207738] [ccr_goal_provider]: [32mgoal completed:[0m robotA reached goal 1, going to goal 0 within state 9
[ccr_goal_provider-1] [INFO] [1729088897.575197011] [ccr_goal_provider]: [32mgoal completed:[0m robotB reached goal 9, going to goal 0 within state 1
[ccr_goal_provider-1] [INFO] [1729088898.433187036] [ccr_goal_provider]: [32mgoal completed:[0m robotA reached goal 9, going to goal 1 within state 1
[ccr_goal_provider-1] [INFO] [1729088898.434356627] [ccr_goal_provider]: [32mgoal completed:[0m robotB reached goal 1, going to goal 1 within state 9
[ccr_goal_provider-1] [INFO] [1729088898.478337497] [ccr_goal_provider]: [32mgoal completed:[0m robotB reached goal 9, going to goal 0 within state 1
[ccr_goal_provider-1] [INFO] [1729088898.575203666] [ccr_goal_provider]: [32mgoal completed:[0m robotA reached goal 1, going to goal 0 within state 9
[ccr_goal_provider-1] [INFO] [1729088899.433985405] [ccr_goal_provider]: [32mgoal completed:[0m robotA reached goal 9, going to goal 1 within state 1
[ccr_goal_provider-1] [INFO] [1729088899.435125300] [ccr_goal_provider]: [32mgoal completed:[0m robotB reached goal 1, going to goal 1 within state 9
[ccr_goal_provider-1] [INFO] [1729088899.488227535] [ccr_goal_provider]: [32mgoal completed:[0m robotA reached goal 1, going to goal 0 within state 9
[ccr_goal_provider-1] [INFO] [1729088899.593063562] [ccr_goal_provider]: [32mgoal completed:[0m robotB reached goal 9, going to goal 0 within state 1
[ccr_goal_provider-1] [INFO] [1729088900.433127040] [ccr_goal_provider]: [32mgoal completed:[0m robotA reached goal 9, going to goal 1 within state 1
[ccr_goal_provider-1] [INFO] [1729088900.433687980] [ccr_goal_provider]: [32mgoal completed:[0m robotB reached goal 1, going to goal 1 within state 9
[ccr_goal_provider-1] [INFO] [1729088900.478842919] [ccr_goal_provider]: [32mgoal completed:[0m robotB reached goal 9, going to goal 0 within state 1
[ccr_goal_provider-1] [INFO] [1729088900.585405431] [ccr_goal_provider]: [32mgoal completed:[0m robotA reached goal 1, going to goal 0 within state 9
[ccr_goal_provider-1] [INFO] [1729088901.433166116] [ccr_goal_provider]: [32mgoal completed:[0m robotA reached goal 9, going to goal 1 within state 1
[ccr_goal_provider-1] [INFO] [1729088901.434387764] [ccr_goal_provider]: [32mgoal completed:[0m robotB reached goal 1, going to goal 1 within state 9
[ccr_goal_provider-1] [INFO] [1729088901.581871425] [ccr_goal_provider]: [32mgoal completed:[0m robotB reached goal 9, going to goal 0 within state 1
[ccr_goal_provider-1] [INFO] [1729088901.680673330] [ccr_goal_provider]: [32mgoal completed:[0m robotA reached goal 1, going to goal 0 within state 9
[ccr_goal_provider-1] [INFO] [1729088902.433032158] [ccr_goal_provider]: [32mgoal completed:[0m robotA reached goal 9, going to goal 1 within state 1
[ccr_goal_provider-1] [INFO] [1729088902.433780890] [ccr_goal_provider]: [32mgoal completed:[0m robotB reached goal 1, going to goal 1 within state 9
[ccr_goal_provider-1] [INFO] [1729088902.499973695] [ccr_goal_provider]: [32mgoal completed:[0m robotA reached goal 1, going to goal 0 within state 9
[ccr_goal_provider-1] [INFO] [1729088902.584706418] [ccr_goal_provider]: [32mgoal completed:[0m robotB reached goal 9, going to goal 0 within state 1
[ccr_goal_provider-1] [INFO] [1729088903.433859019] [ccr_goal_provider]: [32mgoal completed:[0m robotA reached goal 9, going to goal 1 within state 1
[ccr_goal_provider-1] [INFO] [1729088903.435261356] [ccr_goal_provider]: [32mgoal completed:[0m robotB reached goal 1, going to goal 1 within state 9
[ccr_goal_provider-1] [INFO] [1729088903.483379446] [ccr_goal_provider]: [32mgoal completed:[0m robotB reached goal 9, going to goal 0 within state 1
[ccr_goal_provider-1] [INFO] [1729088903.586960913] [ccr_goal_provider]: [32mgoal completed:[0m robotA reached goal 1, going to goal 0 within state 9
[ccr_goal_provider-1] [INFO] [1729088904.433188226] [ccr_goal_provider]: [32mgoal completed:[0m robotA reached goal 9, going to goal 1 within state 1
[ccr_goal_provider-1] [INFO] [1729088904.434092920] [ccr_goal_provider]: [32mgoal completed:[0m robotB reached goal 1, going to goal 1 within state 9
[ccr_goal_provider-1] [INFO] [1729088904.499658250] [ccr_goal_provider]: [32mgoal completed:[0m robotA reached goal 1, going to goal 0 within state 9
[ccr_goal_provider-1] [INFO] [1729088904.603692736] [ccr_goal_provider]: [32mgoal completed:[0m robotB reached goal 9, going to goal 0 within state 1
[ccr_goal_provider-1] [INFO] [1729088905.432954110] [ccr_goal_provider]: [32mgoal completed:[0m robotA reached goal 9, going to goal 1 within state 1
[ccr_goal_provider-1] [INFO] [1729088905.433981765] [ccr_goal_provider]: [32mgoal completed:[0m robotB reached goal 1, going to goal 1 within state 9
[ccr_goal_provider-1] [INFO] [1729088905.488390418] [ccr_goal_provider]: [32mgoal completed:[0m robotB reached goal 9, going to goal 0 within state 1
[ccr_goal_provider-1] [INFO] [1729088905.597266002] [ccr_goal_provider]: [32mgoal completed:[0m robotA reached goal 1, going to goal 0 within state 9
[ccr_goal_provider-1] [INFO] [1729088906.433145973] [ccr_goal_provider]: [32mgoal completed:[0m robotA reached goal 9, going to goal 1 within state 1
[ccr_goal_provider-1] [INFO] [1729088906.434273434] [ccr_goal_provider]: [32mgoal completed:[0m robotB reached goal 1, going to goal 1 within state 9
[ccr_goal_provider-1] [INFO] [1729088906.492562836] [ccr_goal_provider]: [32mgoal completed:[0m robotB reached goal 9, going to goal 0 within state 1
[ccr_goal_provider-1] [INFO] [1729088906.692666719] [ccr_goal_provider]: [32mgoal completed:[0m robotA reached goal 1, going to goal 0 within state 9
[ccr_goal_provider-1] [INFO] [1729088907.433939943] [ccr_goal_provider]: [32mgoal completed:[0m robotA reached goal 9, going to goal 1 within state 1
[ccr_goal_provider-1] [INFO] [1729088907.435414915] [ccr_goal_provider]: [32mgoal completed:[0m robotB reached goal 1, going to goal 1 within state 9
[ccr_goal_provider-1] [INFO] [1729088907.509811968] [ccr_goal_provider]: [32mgoal completed:[0m robotA reached goal 1, going to goal 0 within state 9
[ccr_goal_provider-1] [INFO] [1729088907.612706689] [ccr_goal_provider]: [32mgoal completed:[0m robotB reached goal 9, going to goal 0 within state 1
[ccr_goal_provider-1] [INFO] [1729088908.433353457] [ccr_goal_provider]: [32mgoal completed:[0m robotA reached goal 9, going to goal 1 within state 1
[ccr_goal_provider-1] [INFO] [1729088908.434259233] [ccr_goal_provider]: [32mgoal completed:[0m robotB reached goal 1, going to goal 1 within state 9
[ccr_goal_provider-1] [INFO] [1729088908.496873867] [ccr_goal_provider]: [32mgoal completed:[0m robotB reached goal 9, going to goal 0 within state 1
[ccr_goal_provider-1] [INFO] [1729088908.596500026] [ccr_goal_provider]: [32mgoal completed:[0m robotA reached goal 1, going to goal 0 within state 9
[ccr_goal_provider-1] [INFO] [1729088909.433560037] [ccr_goal_provider]: [32mgoal completed:[0m robotA reached goal 9, going to goal 1 within state 1
[ccr_goal_provider-1] [INFO] [1729088909.435340111] [ccr_goal_provider]: [32mgoal completed:[0m robotB reached goal 1, going to goal 1 within state 9
[ccr_goal_provider-1] [INFO] [1729088909.509067890] [ccr_goal_provider]: [32mgoal completed:[0m robotA reached goal 1, going to goal 0 within state 9
[ccr_goal_provider-1] [INFO] [1729088909.618664705] [ccr_goal_provider]: [32mgoal completed:[0m robotB reached goal 9, going to goal 0 within state 1
[ccr_goal_provider-1] [INFO] [1729088910.433183584] [ccr_goal_provider]: [32mgoal completed:[0m robotA reached goal 9, going to goal 1 within state 1
[ccr_goal_provider-1] [INFO] [1729088910.434268136] [ccr_goal_provider]: [32mgoal completed:[0m robotB reached goal 1, going to goal 1 within state 9
[ccr_goal_provider-1] [INFO] [1729088910.502631688] [ccr_goal_provider]: [32mgoal completed:[0m robotB reached goal 9, going to goal 0 within state 1
[ccr_goal_provider-1] [INFO] [1729088910.602770777] [ccr_goal_provider]: [32mgoal completed:[0m robotA reached goal 1, going to goal 0 within state 9
[ccr_goal_provider-1] [INFO] [1729088911.433747704] [ccr_goal_provider]: [32mgoal completed:[0m robotA reached goal 9, going to goal 1 within state 1
[ccr_goal_provider-1] [INFO] [1729088911.434824351] [ccr_goal_provider]: [32mgoal completed:[0m robotB reached goal 1, going to goal 1 within state 9
[ccr_goal_provider-1] [INFO] [1729088911.503007745] [ccr_goal_provider]: [32mgoal completed:[0m robotB reached goal 9, going to goal 0 within state 1
[ccr_goal_provider-1] [INFO] [1729088911.703764330] [ccr_goal_provider]: [32mgoal completed:[0m robotA reached goal 1, going to goal 0 within state 9
[ccr_goal_provider-1] [INFO] [1729088912.433291302] [ccr_goal_provider]: [32mgoal completed:[0m robotA reached goal 9, going to goal 1 within state 1
[ccr_goal_provider-1] [INFO] [1729088912.434075291] [ccr_goal_provider]: [32mgoal completed:[0m robotB reached goal 1, going to goal 1 within state 9
[ccr_goal_provider-1] [INFO] [1729088912.512625823] [ccr_goal_provider]: [32mgoal completed:[0m robotA reached goal 1, going to goal 0 within state 9
[ccr_goal_provider-1] [INFO] [1729088912.615507050] [ccr_goal_provider]: [32mgoal completed:[0m robotB reached goal 9, going to goal 0 within state 1
[ccr_goal_provider-1] [INFO] [1729088913.433414586] [ccr_goal_provider]: [32mgoal completed:[0m robotA reached goal 9, going to goal 1 within state 1
[ccr_goal_provider-1] [INFO] [1729088913.433886109] [ccr_goal_provider]: [32mgoal completed:[0m robotB reached goal 1, going to goal 1 within state 9
[ccr_goal_provider-1] [INFO] [1729088913.510312743] [ccr_goal_provider]: [32mgoal completed:[0m robotB reached goal 9, going to goal 0 within state 1
[ccr_goal_provider-1] [INFO] [1729088913.609147140] [ccr_goal_provider]: [32mgoal completed:[0m robotA reached goal 1, going to goal 0 within state 9
[ccr_goal_provider-1] [INFO] [1729088914.433262825] [ccr_goal_provider]: [32mgoal completed:[0m robotA reached goal 9, going to goal 1 within state 1
[ccr_goal_provider-1] [INFO] [1729088914.434239063] [ccr_goal_provider]: [32mgoal completed:[0m robotB reached goal 1, going to goal 1 within state 9
[ccr_goal_provider-1] [INFO] [1729088914.521341715] [ccr_goal_provider]: [32mgoal completed:[0m robotA reached goal 1, going to goal 0 within state 9
[ccr_goal_provider-1] [INFO] [1729088914.622656436] [ccr_goal_provider]: [32mgoal completed:[0m robotB reached goal 9, going to goal 0 within state 1
[ccr_goal_provider-1] [INFO] [1729088915.433897025] [ccr_goal_provider]: [32mgoal completed:[0m robotA reached goal 9, going to goal 1 within state 1
[ccr_goal_provider-1] [INFO] [1729088915.435003348] [ccr_goal_provider]: [32mgoal completed:[0m robotB reached goal 1, going to goal 1 within state 9
[ccr_goal_provider-1] [INFO] [1729088915.512422451] [ccr_goal_provider]: [32mgoal completed:[0m robotB reached goal 9, going to goal 0 within state 1
[ccr_goal_provider-1] [INFO] [1729088915.616050136] [ccr_goal_provider]: [32mgoal completed:[0m robotA reached goal 1, going to goal 0 within state 9
[ccr_goal_provider-1] [INFO] [1729088916.433005048] [ccr_goal_provider]: [32mgoal completed:[0m robotA reached goal 9, going to goal 1 within state 1
[ccr_goal_provider-1] [INFO] [1729088916.433774078] [ccr_goal_provider]: [32mgoal completed:[0m robotB reached goal 1, going to goal 1 within state 9
[ccr_goal_provider-1] [INFO] [1729088916.514925052] [ccr_goal_provider]: [32mgoal completed:[0m robotB reached goal 9, going to goal 0 within state 1
[ccr_goal_provider-1] [INFO] [1729088916.716686880] [ccr_goal_provider]: [32mgoal completed:[0m robotA reached goal 1, going to goal 0 within state 9
[ccr_goal_provider-1] [INFO] [1729088917.433221987] [ccr_goal_provider]: [32mgoal completed:[0m robotA reached goal 9, going to goal 1 within state 1
[ccr_goal_provider-1] [INFO] [1729088917.434332277] [ccr_goal_provider]: [32mgoal completed:[0m robotB reached goal 1, going to goal 1 within state 9
[ccr_goal_provider-1] [INFO] [1729088917.535116535] [ccr_goal_provider]: [32mgoal completed:[0m robotA reached goal 1, going to goal 0 within state 9
[ccr_goal_provider-1] [INFO] [1729088917.616842124] [ccr_goal_provider]: [32mgoal completed:[0m robotB reached goal 9, going to goal 0 within state 1
[ccr_goal_provider-1] [INFO] [1729088918.433317689] [ccr_goal_provider]: [32mgoal completed:[0m robotA reached goal 9, going to goal 1 within state 1
[ccr_goal_provider-1] [INFO] [1729088918.434486248] [ccr_goal_provider]: [32mgoal completed:[0m robotB reached goal 1, going to goal 1 within state 9
[ccr_goal_provider-1] [INFO] [1729088918.520076717] [ccr_goal_provider]: [32mgoal completed:[0m robotB reached goal 9, going to goal 0 within state 1
[ccr_goal_provider-1] [INFO] [1729088918.632825446] [ccr_goal_provider]: [32mgoal completed:[0m robotA reached goal 1, going to goal 0 within state 9
[ccr_goal_provider-1] [INFO] [1729088919.434136376] [ccr_goal_provider]: [32mgoal completed:[0m robotA reached goal 9, going to goal 1 within state 1
[ccr_goal_provider-1] [INFO] [1729088919.435748205] [ccr_goal_provider]: [32mgoal completed:[0m robotB reached goal 1, going to goal 1 within state 9
[ccr_goal_provider-1] [INFO] [1729088919.438554471] [ccr_goal_provider]: [32mgoal completed:[0m robotB reached goal 9, going to goal 0 within state 1
[ccr_goal_provider-1] [INFO] [1729088919.523873852] [ccr_goal_provider]: [32mgoal completed:[0m robotA reached goal 1, going to goal 0 within state 9
[ccr_goal_provider-1] [INFO] [1729088920.432985192] [ccr_goal_provider]: [32mgoal completed:[0m robotA reached goal 9, going to goal 1 within state 1
[ccr_goal_provider-1] [INFO] [1729088920.433558937] [ccr_goal_provider]: [32mgoal completed:[0m robotB reached goal 1, going to goal 1 within state 9
[ccr_goal_provider-1] [INFO] [1729088920.524426801] [ccr_goal_provider]: [32mgoal completed:[0m robotB reached goal 9, going to goal 0 within state 1
[ccr_goal_provider-1] [INFO] [1729088920.632013992] [ccr_goal_provider]: [32mgoal completed:[0m robotA reached goal 1, going to goal 0 within state 9
[ccr_goal_provider-1] [INFO] [1729088921.433006836] [ccr_goal_provider]: [32mgoal completed:[0m robotA reached goal 9, going to goal 1 within state 1
[ccr_goal_provider-1] [INFO] [1729088921.433776207] [ccr_goal_provider]: [32mgoal completed:[0m robotB reached goal 1, going to goal 1 within state 9
[ccr_goal_provider-1] [INFO] [1729088921.443365258] [ccr_goal_provider]: [32mgoal completed:[0m robotA reached goal 1, going to goal 0 within state 9
[ccr_goal_provider-1] [INFO] [1729088921.527487096] [ccr_goal_provider]: [32mgoal completed:[0m robotB reached goal 9, going to goal 0 within state 1
[ccr_goal_provider-1] [INFO] [1729088922.432970150] [ccr_goal_provider]: [32mgoal completed:[0m robotA reached goal 9, going to goal 1 within state 1
[ccr_goal_provider-1] [INFO] [1729088922.433891766] [ccr_goal_provider]: [32mgoal completed:[0m robotB reached goal 1, going to goal 1 within state 9
[ccr_goal_provider-1] [INFO] [1729088922.434704939] [ccr_goal_provider]: [32mgoal completed:[0m robotB reached goal 9, going to goal 0 within state 1
[ccr_goal_provider-1] [INFO] [1729088922.549615828] [ccr_goal_provider]: [32mgoal completed:[0m robotA reached goal 1, going to goal 0 within state 9
[ccr_goal_provider-1] [INFO] [1729088923.433193060] [ccr_goal_provider]: [32mgoal completed:[0m robotA reached goal 9, going to goal 1 within state 1
[ccr_goal_provider-1] [INFO] [1729088923.434017625] [ccr_goal_provider]: [32mgoal completed:[0m robotB reached goal 1, going to goal 1 within state 9
[ccr_goal_provider-1] [INFO] [1729088923.532646406] [ccr_goal_provider]: [32mgoal completed:[0m robotB reached goal 9, going to goal 0 within state 1
[ccr_goal_provider-1] [INFO] [1729088923.638960111] [ccr_goal_provider]: [32mgoal completed:[0m robotA reached goal 1, going to goal 0 within state 9
[ccr_goal_provider-1] [INFO] [1729088924.433438243] [ccr_goal_provider]: [32mgoal completed:[0m robotA reached goal 9, going to goal 1 within state 1
[ccr_goal_provider-1] [INFO] [1729088924.434583037] [ccr_goal_provider]: [32mgoal completed:[0m robotB reached goal 1, going to goal 1 within state 9
[ccr_goal_provider-1] [INFO] [1729088924.439734667] [ccr_goal_provider]: [32mgoal completed:[0m robotB reached goal 9, going to goal 0 within state 1
[ccr_goal_provider-1] [INFO] [1729088924.548859998] [ccr_goal_provider]: [32mgoal completed:[0m robotA reached goal 1, going to goal 0 within state 9
[ccr_goal_provider-1] [INFO] [1729088925.433269439] [ccr_goal_provider]: [32mgoal completed:[0m robotA reached goal 9, going to goal 1 within state 1
[ccr_goal_provider-1] [INFO] [1729088925.434592317] [ccr_goal_provider]: [32mgoal completed:[0m robotB reached goal 1, going to goal 1 within state 9
[ccr_goal_provider-1] [INFO] [1729088925.437673639] [ccr_goal_provider]: [32mgoal completed:[0m robotA reached goal 1, going to goal 0 within state 9
[ccr_goal_provider-1] [INFO] [1729088925.539138498] [ccr_goal_provider]: [32mgoal completed:[0m robotB reached goal 9, going to goal 0 within state 1
[ccr_goal_provider-1] [INFO] [1729088926.433190275] [ccr_goal_provider]: [32mgoal completed:[0m robotA reached goal 9, going to goal 1 within state 1
[ccr_goal_provider-1] [INFO] [1729088926.434257535] [ccr_goal_provider]: [32mgoal completed:[0m robotB reached goal 1, going to goal 1 within state 9
[ccr_goal_provider-1] [INFO] [1729088926.441943471] [ccr_goal_provider]: [32mgoal completed:[0m robotA reached goal 1, going to goal 0 within state 9
[ccr_goal_provider-1] [INFO] [1729088926.541954799] [ccr_goal_provider]: [32mgoal completed:[0m robotB reached goal 9, going to goal 0 within state 1
[ccr_goal_provider-1] [INFO] [1729088927.434395128] [ccr_goal_provider]: [32mgoal completed:[0m robotA reached goal 9, going to goal 1 within state 1
[ccr_goal_provider-1] [INFO] [1729088927.436170002] [ccr_goal_provider]: [32mgoal completed:[0m robotB reached goal 1, going to goal 1 within state 9
[ccr_goal_provider-1] [INFO] [1729088927.451942427] [ccr_goal_provider]: [32mgoal completed:[0m robotB reached goal 9, going to goal 0 within state 1
[ccr_goal_provider-1] [INFO] [1729088927.570176659] [ccr_goal_provider]: [32mgoal completed:[0m robotA reached goal 1, going to goal 0 within state 9
[ccr_goal_provider-1] [INFO] [1729088928.433253905] [ccr_goal_provider]: [32mgoal completed:[0m robotA reached goal 9, going to goal 1 within state 1
[ccr_goal_provider-1] [INFO] [1729088928.434569980] [ccr_goal_provider]: [32mgoal completed:[0m robotB reached goal 1, going to goal 1 within state 9
[ccr_goal_provider-1] [INFO] [1729088928.446064342] [ccr_goal_provider]: [32mgoal completed:[0m robotA reached goal 1, going to goal 0 within state 9
[ccr_goal_provider-1] [INFO] [1729088928.546337269] [ccr_goal_provider]: [32mgoal completed:[0m robotB reached goal 9, going to goal 0 within state 1
[ccr_goal_provider-1] [INFO] [1729088929.433038367] [ccr_goal_provider]: [32mgoal completed:[0m robotA reached goal 9, going to goal 1 within state 1
[ccr_goal_provider-1] [INFO] [1729088929.433992965] [ccr_goal_provider]: [32mgoal completed:[0m robotB reached goal 1, going to goal 1 within state 9
[ccr_fake_execution-2] [INFO] [1729089500.432635585] [ccr_fake_execution]: exiting after timeout
[ccr_fake_execution-2] [INFO] [1729089500.433148575] [ccr_fake_execution]: shutting down
[INFO] [ccr_fake_execution-2]: process has finished cleanly [pid 77305]
[INFO] [ros2-4]: sending signal 'SIGINT' to process[ros2-4]
[INFO] [ccr_goal_provider-1]: sending signal 'SIGINT' to process[ccr_goal_provider-1]
[ros2-4] [INFO] [1729089500.828750059] [rclcpp]: signal_handler(signum=2)
[ros2-4] [INFO] [1729089500.895162135] [rosbag2_recorder]: Event publisher thread: Exiting
[ros2-4] [INFO] [1729089500.895365966] [rosbag2_cpp]: Writing remaining messages from cache to the bag. It may take a while
[INFO] [ros2-4]: process has finished cleanly [pid 77309]
[INFO] [ccr_goal_provider-1]: process has finished cleanly [pid 77303]
