[INFO] [launch]: All log files can be found below /home/phlinke/.ros/log/2024-10-16-16-53-31-883405-pinky-87361
[INFO] [launch]: Default logging verbosity is set to INFO
[INFO] [gzserver-1]: process started with pid [87362]
[INFO] [ros2-2]: process started with pid [87364]
[INFO] [command_node-3]: process started with pid [87366]
[INFO] [nav2_gazebo_spawner-4]: process started with pid [87368]
[INFO] [robot_state_publisher-5]: process started with pid [87370]
[INFO] [map_server-6]: process started with pid [87372]
[INFO] [amcl-7]: process started with pid [87374]
[INFO] [lifecycle_manager-8]: process started with pid [87376]
[INFO] [static_transform_publisher-9]: process started with pid [87378]
[INFO] [local_tf_pub-10]: process started with pid [87380]
[INFO] [global_to_local_tf_pub-11]: process started with pid [87382]
[INFO] [ccr_goal_provider-12]: process started with pid [87384]
[INFO] [dwa-13]: process started with pid [87386]
[INFO] [ccr_local_planner-14]: process started with pid [87388]
[INFO] [ccr_centralized_planner-15]: process started with pid [87391]
[static_transform_publisher-9] [INFO] [1729090412.407431174] [robotA.world_map_tf_static_pub]: Spinning until stopped - publishing transform
[static_transform_publisher-9] translation: ('0.000000', '0.000000', '0.000000')
[static_transform_publisher-9] rotation: ('0.000000', '0.000000', '0.000000', '1.000000')
[static_transform_publisher-9] from 'world' to 'map'
[robot_state_publisher-5] [WARN] [1729090412.409095561] [robotA.robot_state_publisher]: No robot_description parameter, but command-line argument available.  Assuming argument is name of URDF file.  This backwards compatibility fallback will be removed in the future.
[lifecycle_manager-8] [INFO] [1729090412.414583637] [robotA.lifecycle_manager_localization]: Creating
[lifecycle_manager-8] [INFO] [1729090412.419918166] [robotA.lifecycle_manager_localization]: [34m[1mCreating and initializing lifecycle service clients[0m[0m
[amcl-7] [INFO] [1729090412.420919171] [robotA.amcl]: 
[amcl-7] 	amcl lifecycle node launched. 
[amcl-7] 	Waiting on external lifecycle transitions to activate
[amcl-7] 	See https://design.ros2.org/articles/node_lifecycle.html for more information.
[amcl-7] [INFO] [1729090412.424015639] [robotA.amcl]: Creating
[robot_state_publisher-5] [INFO] [1729090412.469494821] [robotA.robot_state_publisher]: got segment base_footprint
[robot_state_publisher-5] [INFO] [1729090412.469596782] [robotA.robot_state_publisher]: got segment base_link
[robot_state_publisher-5] [INFO] [1729090412.469607652] [robotA.robot_state_publisher]: got segment base_scan
[robot_state_publisher-5] [INFO] [1729090412.469616459] [robotA.robot_state_publisher]: got segment caster_back_link
[robot_state_publisher-5] [INFO] [1729090412.469625095] [robotA.robot_state_publisher]: got segment imu_link
[robot_state_publisher-5] [INFO] [1729090412.469633601] [robotA.robot_state_publisher]: got segment wheel_left_link
[robot_state_publisher-5] [INFO] [1729090412.469642147] [robotA.robot_state_publisher]: got segment wheel_right_link
[map_server-6] [INFO] [1729090412.474565205] [robotA.map_server]: 
[map_server-6] 	map_server lifecycle node launched. 
[map_server-6] 	Waiting on external lifecycle transitions to activate
[map_server-6] 	See https://design.ros2.org/articles/node_lifecycle.html for more information.
[map_server-6] [INFO] [1729090412.474636659] [robotA.map_server]: Creating
[lifecycle_manager-8] [INFO] [1729090412.475237975] [robotA.lifecycle_manager_localization]: [34m[1mStarting managed nodes bringup...[0m[0m
[lifecycle_manager-8] [INFO] [1729090412.475290794] [robotA.lifecycle_manager_localization]: [34m[1mConfiguring map_server[0m[0m
[map_server-6] [INFO] [1729090412.492322696] [robotA.map_server]: Configuring
[map_server-6] [INFO] [map_io]: Loading yaml file: /home/phlinke/ros/driving_swarm_infrastructure/install/driving_swarm_bringup/share/driving_swarm_bringup/maps/icra2024.yaml
[map_server-6] [DEBUG] [map_io]: resolution: 0.05
[map_server-6] [DEBUG] [map_io]: origin[0]: -3.68
[map_server-6] [DEBUG] [map_io]: origin[1]: -3.7
[map_server-6] [DEBUG] [map_io]: origin[2]: 0
[map_server-6] [DEBUG] [map_io]: free_thresh: 0.25
[map_server-6] [DEBUG] [map_io]: occupied_thresh: 0.65
[map_server-6] [DEBUG] [map_io]: mode: trinary
[map_server-6] [DEBUG] [map_io]: negate: 0
[map_server-6] [INFO] [map_io]: Loading image_file: /home/phlinke/ros/driving_swarm_infrastructure/install/driving_swarm_bringup/share/driving_swarm_bringup/maps/icra2024.pgm
[map_server-6] [DEBUG] [map_io]: Read map /home/phlinke/ros/driving_swarm_infrastructure/install/driving_swarm_bringup/share/driving_swarm_bringup/maps/icra2024.pgm: 154 X 132 map @ 0.05 m/cell
[lifecycle_manager-8] [INFO] [1729090412.509469995] [robotA.lifecycle_manager_localization]: [34m[1mConfiguring amcl[0m[0m
[amcl-7] [INFO] [1729090412.509680620] [robotA.amcl]: Configuring
[amcl-7] [INFO] [1729090412.509829258] [robotA.amcl]: initTransforms
[amcl-7] [INFO] [1729090412.517527494] [robotA.amcl]: initPubSub
[amcl-7] [INFO] [1729090412.519219562] [robotA.amcl]: Subscribed to map topic.
[lifecycle_manager-8] [INFO] [1729090412.522339294] [robotA.lifecycle_manager_localization]: [34m[1mActivating map_server[0m[0m
[map_server-6] [INFO] [1729090412.522493983] [robotA.map_server]: Activating
[map_server-6] [INFO] [1729090412.522641670] [robotA.map_server]: Creating bond (map_server) to lifecycle manager.
[amcl-7] [INFO] [1729090412.522700360] [robotA.amcl]: Received a 154 X 132 map @ 0.050 m/pix
[lifecycle_manager-8] [INFO] [1729090412.624782401] [robotA.lifecycle_manager_localization]: Server map_server connected with bond.
[lifecycle_manager-8] [INFO] [1729090412.624851651] [robotA.lifecycle_manager_localization]: [34m[1mActivating amcl[0m[0m
[amcl-7] [INFO] [1729090412.625051305] [robotA.amcl]: Activating
[amcl-7] [INFO] [1729090412.625139069] [robotA.amcl]: Creating bond (amcl) to lifecycle manager.
[lifecycle_manager-8] [INFO] [1729090412.726891965] [robotA.lifecycle_manager_localization]: Server amcl connected with bond.
[lifecycle_manager-8] [INFO] [1729090412.726948591] [robotA.lifecycle_manager_localization]: [34m[1mManaged nodes are active[0m[0m
[lifecycle_manager-8] [INFO] [1729090412.726968128] [robotA.lifecycle_manager_localization]: [34m[1mCreating bond timer...[0m[0m
[ccr_goal_provider-12] /usr/lib/python3/dist-packages/scipy/__init__.py:146: UserWarning: A NumPy version >=1.17.3 and <1.25.0 is required for this version of SciPy (detected version 1.26.4
[ccr_goal_provider-12]   warnings.warn(f"A NumPy version >={np_minversion} and <{np_maxversion}"
[ccr_local_planner-14] /usr/lib/python3/dist-packages/scipy/__init__.py:146: UserWarning: A NumPy version >=1.17.3 and <1.25.0 is required for this version of SciPy (detected version 1.26.4
[ccr_local_planner-14]   warnings.warn(f"A NumPy version >={np_minversion} and <{np_maxversion}"
[command_node-3] [INFO] [1729090412.941998479] [command_node]: starting node [32mcommand_node[0m
[command_node-3] [INFO] [1729090412.945234589] [command_node]: subscribing /robotA/status
[command_node-3] [INFO] [1729090412.945808464] [command_node]: [32mready[0m
[ccr_centralized_planner-15] /usr/lib/python3/dist-packages/scipy/__init__.py:146: UserWarning: A NumPy version >=1.17.3 and <1.25.0 is required for this version of SciPy (detected version 1.26.4
[ccr_centralized_planner-15]   warnings.warn(f"A NumPy version >={np_minversion} and <{np_maxversion}"
[ros2-2] stdin is not a terminal device. Keyboard handling disabled.[INFO] [1729090413.016967542] [rosbag2_recorder]: Press SPACE for pausing/resuming
[ros2-2] [INFO] [1729090413.030660502] [rosbag2_storage]: Opened database 'rosbag_1 robots_2024-10-16_14:53:31/rosbag_1 robots_2024-10-16_14:53:31_0.db3' for READ_WRITE.
[ros2-2] [INFO] [1729090413.031463005] [rosbag2_recorder]: Listening for topics...
[ros2-2] [INFO] [1729090413.035435934] [rosbag2_recorder]: Event publisher thread: Starting
[local_tf_pub-10] [INFO] [1729090413.035960106] [robotA.local_tf_pub]: starting node [32mlocal_tf_pub[0m
[nav2_gazebo_spawner-4] [INFO] [1729090413.054165015] [spawner_robotA]: starting node [32mspawner_robotA[0m
[nav2_gazebo_spawner-4] [INFO] [1729090413.058372684] [spawner_robotA]: Creating Service client to connect to `/spawn_entity`
[nav2_gazebo_spawner-4] [INFO] [1729090413.059346297] [spawner_robotA]: args=Namespace(robot_name='robotA', robot_namespace='robotA', x=2.5, y=1.0, z=0.0, yaw=0.0, turtlebot_type='burger', sdf=None)
[ros2-2] [INFO] [1729090413.064752591] [rosbag2_recorder]: Subscribed to topic '/command'
[nav2_gazebo_spawner-4] [INFO] [1729090413.071020147] [spawner_robotA]: Connecting to `/spawn_entity` service...
[dwa-13] [INFO] [1729090413.076386686] [robotA.trajectory_follower]: starting node [32mtrajectory_follower[0m
[global_to_local_tf_pub-11] [INFO] [1729090413.084736512] [robotA.global_to_local_tf_pub]: starting node [32mlocal_to_global_tf_pub[0m
[dwa-13] [INFO] [1729090413.095864449] [robotA.trajectory_follower]: waiting for tf [33mrobotA[0m
[ros2-2] [INFO] [1729090413.175986129] [rosbag2_recorder]: Subscribed to topic '/tf'
[ros2-2] [INFO] [1729090413.178568385] [rosbag2_recorder]: Subscribed to topic '/robotA/cmd_vel'
[gzserver-1] Gazebo multi-robot simulator, version 11.10.2
[gzserver-1] Copyright (C) 2012 Open Source Robotics Foundation.
[gzserver-1] Released under the Apache 2 License.
[gzserver-1] http://gazebosim.org
[gzserver-1] 
[ros2-2] [INFO] [1729090413.822604023] [rosbag2_recorder]: Subscribed to topic '/clock'
[ccr_goal_provider-12] [INFO] [1729090414.227044702] [ccr_goal_provider]: starting node [32mccr_goal_provider[0m
[ccr_goal_provider-12] [INFO] [1729090414.228635190] [ccr_goal_provider]: loading graph from /home/phlinke/ros/driving_swarm_infrastructure/install/driving_swarm_bringup/share/driving_swarm_bringup/maps/icra2024.yaml
[ccr_goal_provider-12] [INFO] [1729090414.229558579] [ccr_goal_provider]: generating square graph with grid size 0.5 and working area (-2.25, 2.75)x(-1.75, 1.25)
[ccr_centralized_planner-15] [INFO] [1729090414.296312388] [ccr_centralized_planner]: starting node [32mccr_centralized_planner[0m
[ccr_centralized_planner-15] [INFO] [1729090414.298150430] [ccr_centralized_planner]: loading graph from /home/phlinke/ros/driving_swarm_infrastructure/install/driving_swarm_bringup/share/driving_swarm_bringup/maps/icra2024.yaml
[ccr_centralized_planner-15] [INFO] [1729090414.298859137] [ccr_centralized_planner]: generating square graph with grid size 0.5 and working area (-2.25, 2.75)x(-1.75, 1.25)
[ccr_local_planner-14] [INFO] [1729090414.397506368] [robotA.ccr_local_planner]: starting node [32mccr_local_planner[0m
[ccr_local_planner-14] [INFO] [1729090414.403001297] [robotA.ccr_local_planner]: loading graph from /home/phlinke/ros/driving_swarm_infrastructure/install/driving_swarm_bringup/share/driving_swarm_bringup/maps/icra2024.yaml
[ccr_local_planner-14] [INFO] [1729090414.406375195] [robotA.ccr_local_planner]: generating square graph with grid size 0.5 and working area (-2.25, 2.75)x(-1.75, 1.25)
[ros2-2] [INFO] [1729090414.468276777] [rosbag2_recorder]: Subscribed to topic '/robotA/status'
[gzserver-1] Failed to create secure directory (/run/user/10543/pulse): No such file or directory
[gzserver-1] ALSA lib pcm_dmix.c:1032:(snd_pcm_dmix_open) unable to open slave
[gzserver-1] AL lib: (EE) ALCplaybackAlsa_open: Could not open playback device 'default': No such file or directory
[gzserver-1] [1;32m[Msg] [0m[1;32mWaiting for master.[0m[1;32m
[gzserver-1] [0m[1;32m[0m[1;32m[0m[1;32m[Msg] [0m[1;32mConnected to gazebo master @ [0m[1;32mhttp://127.0.0.1:1286[0m[1;32m
[gzserver-1] [0m[1;32m[0m[1;32m[0m[1;32m[Msg] [0m[1;32mPublicized address: [0m[1;32m10.61.10.110[0m[1;32m
[gzserver-1] [0m[1;32m[0m[1;32m[0m[1;32m[Msg] [0m[1;32mLoading world file [[0m[1;32m/home/phlinke/ros/driving_swarm_infrastructure/src/driving_swarm_bringup/worlds/icra2024.world[0m[1;32m][0m[1;32m
[gzserver-1] [1;31m[Err] [OpenAL.cc:84] [0m[1;31mUnable to open audio device[[0m[1;31mdefault[0m[1;31m]
[gzserver-1]  Audio will be disabled.
[gzserver-1] [0m[INFO] [1729090414.816068619] [gazebo_ros_state]: Publishing states of gazebo models at [/model_states]
[gzserver-1] [INFO] [1729090414.816547967] [gazebo_ros_state]: Publishing states of gazebo links at [/link_states]
[nav2_gazebo_spawner-4] [INFO] [1729090414.824416481] [spawner_robotA]: ...connected!
[nav2_gazebo_spawner-4] [INFO] [1729090414.824884728] [spawner_robotA]: spawning `robotA` on namespace `robotA` at 2.5, 1.0, 0.0
[nav2_gazebo_spawner-4] [INFO] [1729090414.826048827] [spawner_robotA]: sdf: /opt/ros/humble/share/turtlebot3_gazebo/models/turtlebot3_burger/model.sdf
[nav2_gazebo_spawner-4] [INFO] [1729090414.829383001] [spawner_robotA]: Sending service request to `/spawn_entity`
[command_node-3] [INFO] [1729090414.902198731] [command_node]: robotA: None
[nav2_gazebo_spawner-4] [INFO] [1729090414.914378337] [spawner_robotA]: lifecycle_msgs.srv.GetState_Response(current_state=lifecycle_msgs.msg.State(id=3, label='active'))
[ccr_goal_provider-12] [INFO] [1729090414.914802732] [ccr_goal_provider]: read waypoints from /home/phlinke/ros/driving_swarm_infrastructure/install/driving_swarm_bringup/share/driving_swarm_bringup/params/icra2024_waypoints.yaml
[ccr_goal_provider-12] [INFO] [1729090414.921197266] [ccr_goal_provider]: goals: {'robotA': [9, 1]}
[gzserver-1] [INFO] [1729090414.979190441] [robotA.turtlebot3_imu]: <initial_orientation_as_reference> is unset, using default value of false to comply with REP 145 (world as orientation reference)
[ros2-2] [INFO] [1729090415.009916245] [rosbag2_recorder]: Subscribed to topic '/robotA/nav/goal_completed'
[ros2-2] [INFO] [1729090415.012274782] [rosbag2_recorder]: Subscribed to topic '/robotA/nav/goal_node'
[ros2-2] [INFO] [1729090415.014727575] [rosbag2_recorder]: Subscribed to topic '/robotA/nav/plan'
[ccr_local_planner-14] [INFO] [1729090415.086760048] [robotA.ccr_local_planner]: graph generated /home/phlinke/ros/driving_swarm_infrastructure/install/driving_swarm_bringup/share/driving_swarm_bringup/maps/icra2024.yaml
[ccr_local_planner-14] [INFO] [1729090415.087045983] [robotA.ccr_local_planner]: waiting for tf [33mccr_local_planner[0m
[ros2-2] [INFO] [1729090415.125402748] [rosbag2_recorder]: Subscribed to topic '/robotA/nav/current_node'
[ros2-2] [INFO] [1729090415.127963212] [rosbag2_recorder]: Subscribed to topic '/robotA/scan'
[gzserver-1] [INFO] [1729090415.158015386] [robotA.turtlebot3_diff_drive]: Wheel pair 1 separation set to [0.160000m]
[gzserver-1] [INFO] [1729090415.158070098] [robotA.turtlebot3_diff_drive]: Wheel pair 1 diameter set to [0.066000m]
[gzserver-1] [INFO] [1729090415.158573802] [robotA.turtlebot3_diff_drive]: Subscribed to [/robotA/cmd_vel]
[gzserver-1] [INFO] [1729090415.160194036] [robotA.turtlebot3_diff_drive]: Advertise odometry on [/robotA/odom]
[gzserver-1] [INFO] [1729090415.162917796] [robotA.turtlebot3_diff_drive]: Publishing odom transforms between [odom] and [base_footprint]
[gzserver-1] [INFO] [1729090415.175595546] [robotA.turtlebot3_joint_state]: Going to publish joint [wheel_left_joint]
[gzserver-1] [INFO] [1729090415.175649757] [robotA.turtlebot3_joint_state]: Going to publish joint [wheel_right_joint]
[ccr_centralized_planner-15] [INFO] [1729090415.177663729] [ccr_centralized_planner]: Received goal 9 from robotA
[amcl-7] [INFO] [1729090415.217712832] [robotA.amcl]: createLaserObject
[amcl-7] [WARN] [1729090415.233965666] [robotA.amcl]: AMCL cannot publish a pose or update the transform. Please set the initial pose...
[amcl-7] [INFO] [1729090415.376724235] [robotA.amcl]: Message Filter dropping message: frame 'base_scan' at time 115.943 for reason 'the timestamp on the message is earlier than all the data in the transform cache'
[amcl-7] [WARN] [1729090415.708685785] [robotA.amcl]: AMCL cannot publish a pose or update the transform. Please set the initial pose...
[command_node-3] [INFO] [1729090416.078774078] [command_node]: robotA: None
[amcl-7] [WARN] [1729090416.199266584] [robotA.amcl]: AMCL cannot publish a pose or update the transform. Please set the initial pose...
[amcl-7] [WARN] [1729090416.682679952] [robotA.amcl]: AMCL cannot publish a pose or update the transform. Please set the initial pose...
[amcl-7] [WARN] [1729090417.214024973] [robotA.amcl]: AMCL cannot publish a pose or update the transform. Please set the initial pose...
[amcl-7] [WARN] [1729090417.697436077] [robotA.amcl]: AMCL cannot publish a pose or update the transform. Please set the initial pose...
[command_node-3] [INFO] [1729090418.083525753] [command_node]: robotA: None
[amcl-7] [WARN] [1729090418.187236184] [robotA.amcl]: AMCL cannot publish a pose or update the transform. Please set the initial pose...
[amcl-7] [WARN] [1729090418.711947685] [robotA.amcl]: AMCL cannot publish a pose or update the transform. Please set the initial pose...
[amcl-7] [WARN] [1729090419.201507883] [robotA.amcl]: AMCL cannot publish a pose or update the transform. Please set the initial pose...
[amcl-7] [WARN] [1729090419.726129043] [robotA.amcl]: AMCL cannot publish a pose or update the transform. Please set the initial pose...
[nav2_gazebo_spawner-4] [INFO] [1729090419.920163499] [spawner_robotA]: Sending initial pose
[amcl-7] [INFO] [1729090419.920558118] [robotA.amcl]: initialPoseReceived
[amcl-7] [WARN] [1729090419.920708950] [robotA.amcl]: Failed to transform initial pose in time (Lookup would require extrapolation into the future.  Requested time 1729090419.920374 but the latest data is at time 139.301000, when looking up transform from frame [odom] to frame [base_footprint])
[amcl-7] [INFO] [1729090419.920749627] [robotA.amcl]: Setting pose (139.143000): 2.500 1.000 0.000
[nav2_gazebo_spawner-4] [INFO] [1729090419.921065799] [spawner_robotA]: Done! Shutting down self.
[command_node-3] [INFO] [1729090420.088891899] [command_node]: robotA: None
[ccr_local_planner-14] [INFO] [1729090420.134378434] [robotA.ccr_local_planner]: tf available for [32mccr_local_planner[0m
[dwa-13] [INFO] [1729090420.136697666] [robotA.trajectory_follower]: tf available for [32mrobotA[0m
[nav2_gazebo_spawner-4] response: gazebo_msgs.srv.SpawnEntity_Response(success=False, status_message='Entity pushed to spawn queue, but spawn service timed outwaiting for entity to appear in simulation under the name [robotA]')
[nav2_gazebo_spawner-4] response: lifecycle_msgs.srv.GetState_Response(current_state=lifecycle_msgs.msg.State(id=3, label='active'))
[INFO] [nav2_gazebo_spawner-4]: process has finished cleanly [pid 87368]
[ccr_local_planner-14] [INFO] [1729090420.386332176] [robotA.ccr_local_planner]: connected to trajectory follower service
[ccr_local_planner-14] [INFO] [1729090420.387330596] [robotA.ccr_local_planner]: setting state to [34mready[0m
[dwa-13] [WARN] [1729090420.388581438] [robotA.trajectory_follower]: no trajectory
[command_node-3] [INFO] [1729090420.388615051] [command_node]: [33mrobotA: ready[0m
[command_node-3] [INFO] [1729090420.389264066] [command_node]: {'robotA': 'ready'}
[command_node-3] [INFO] [1729090420.389976520] [command_node]: [32mgo[0m
[ccr_local_planner-14] [INFO] [1729090420.412924210] [robotA.ccr_local_planner]: going
[ccr_local_planner-14] [INFO] [1729090420.991980252] [robotA.ccr_local_planner]: new state 1
[dwa-13] [WARN] [1729090420.992030105] [robotA.trajectory_follower]: no trajectory
[ccr_centralized_planner-15] [INFO] [1729090420.992050173] [ccr_centralized_planner]: Received state 1 from robotA
[dwa-13] [WARN] [1729090421.093053836] [robotA.trajectory_follower]: no trajectory
[ccr_centralized_planner-15] [INFO] [1729090421.093062072] [ccr_centralized_planner]: 
[ccr_centralized_planner-15] 
[ccr_centralized_planner-15]  replaned due to new goal
[ccr_centralized_planner-15] 
[ccr_centralized_planner-15] [INFO] [1729090421.327018713] [ccr_centralized_planner]: Sent plan [1, 44, 45, 56, 55, 39, 53, 51, 32, 35, 10, 9] to robotA
[dwa-13] [WARN] [1729090421.331148867] [robotA.trajectory_follower]: no trajectory
[ccr_local_planner-14] [INFO] [1729090421.331157694] [robotA.ccr_local_planner]: setting state to [34mrunning[0m
[ccr_centralized_planner-15] [INFO] [1729090421.331631962] [ccr_centralized_planner]: Received state 1 from robotA
[ccr_local_planner-14] [INFO] [1729090421.331912617] [robotA.ccr_local_planner]: new plan: [1, 44, 45], remainder: [56, 55, 39, 53, 51, 32, 35, 10, 9]
[command_node-3] [INFO] [1729090421.332099407] [command_node]: [33mrobotA: running[0m
[command_node-3] [INFO] [1729090421.332663153] [command_node]: {'robotA': 'running'}
[ccr_centralized_planner-15] [INFO] [1729090421.332666730] [ccr_centralized_planner]: 
[ccr_centralized_planner-15] 
[ccr_centralized_planner-15]  did not replan 
[ccr_centralized_planner-15] 
[ccr_centralized_planner-15] [INFO] [1729090421.333399472] [ccr_centralized_planner]: Sent plan [1, 44, 45, 56, 55, 39, 53, 51, 32, 35, 10, 9] to robotA
[ccr_centralized_planner-15] [INFO] [1729090421.381001277] [ccr_centralized_planner]: Received state 1 from robotA
[ccr_centralized_planner-15] [INFO] [1729090421.441022609] [ccr_centralized_planner]: Received state 1 from robotA
[ccr_centralized_planner-15] [INFO] [1729090421.490491982] [ccr_centralized_planner]: 
[ccr_centralized_planner-15] 
[ccr_centralized_planner-15]  did not replan 
[ccr_centralized_planner-15] 
[ccr_centralized_planner-15] [INFO] [1729090421.491162188] [ccr_centralized_planner]: Sent plan [1, 44, 45, 56, 55, 39, 53, 51, 32, 35, 10, 9] to robotA
[ccr_centralized_planner-15] [INFO] [1729090421.592584133] [ccr_centralized_planner]: Received state 1 from robotA
[ccr_centralized_planner-15] [INFO] [1729090421.690622002] [ccr_centralized_planner]: 
[ccr_centralized_planner-15] 
[ccr_centralized_planner-15]  did not replan 
[ccr_centralized_planner-15] 
[ccr_centralized_planner-15] [INFO] [1729090421.691336801] [ccr_centralized_planner]: Sent plan [1, 44, 45, 56, 55, 39, 53, 51, 32, 35, 10, 9] to robotA
[ccr_centralized_planner-15] [INFO] [1729090421.794277601] [ccr_centralized_planner]: Received state 1 from robotA
[ccr_centralized_planner-15] [INFO] [1729090421.991284473] [ccr_centralized_planner]: 
[ccr_centralized_planner-15] 
[ccr_centralized_planner-15]  did not replan 
[ccr_centralized_planner-15] 
[ccr_centralized_planner-15] [INFO] [1729090421.991934651] [ccr_centralized_planner]: Sent plan [1, 44, 45, 56, 55, 39, 53, 51, 32, 35, 10, 9] to robotA
[ccr_centralized_planner-15] [INFO] [1729090421.993021987] [ccr_centralized_planner]: Received state 1 from robotA
[command_node-3] [INFO] [1729090422.191752316] [command_node]: robotA: running
[ccr_centralized_planner-15] [INFO] [1729090422.192063519] [ccr_centralized_planner]: 
[ccr_centralized_planner-15] 
[ccr_centralized_planner-15]  did not replan 
[ccr_centralized_planner-15] 
[ccr_centralized_planner-15] [INFO] [1729090422.192919001] [ccr_centralized_planner]: Sent plan [1, 44, 45, 56, 55, 39, 53, 51, 32, 35, 10, 9] to robotA
[ccr_centralized_planner-15] [INFO] [1729090422.193818636] [ccr_centralized_planner]: Received state 1 from robotA
[ccr_centralized_planner-15] [INFO] [1729090422.392427528] [ccr_centralized_planner]: 
[ccr_centralized_planner-15] 
[ccr_centralized_planner-15]  did not replan 
[ccr_centralized_planner-15] 
[ccr_centralized_planner-15] [INFO] [1729090422.393079468] [ccr_centralized_planner]: Sent plan [1, 44, 45, 56, 55, 39, 53, 51, 32, 35, 10, 9] to robotA
[ccr_centralized_planner-15] [INFO] [1729090422.395179952] [ccr_centralized_planner]: Received state 1 from robotA
[ccr_centralized_planner-15] [INFO] [1729090422.592919845] [ccr_centralized_planner]: 
[ccr_centralized_planner-15] 
[ccr_centralized_planner-15]  did not replan 
[ccr_centralized_planner-15] 
[ccr_centralized_planner-15] [INFO] [1729090422.593690809] [ccr_centralized_planner]: Sent plan [1, 44, 45, 56, 55, 39, 53, 51, 32, 35, 10, 9] to robotA
[ccr_centralized_planner-15] [INFO] [1729090422.594526514] [ccr_centralized_planner]: Received state 1 from robotA
[ccr_centralized_planner-15] [INFO] [1729090422.793643688] [ccr_centralized_planner]: 
[ccr_centralized_planner-15] 
[ccr_centralized_planner-15]  did not replan 
[ccr_centralized_planner-15] 
[ccr_centralized_planner-15] [INFO] [1729090422.794377963] [ccr_centralized_planner]: Sent plan [1, 44, 45, 56, 55, 39, 53, 51, 32, 35, 10, 9] to robotA
[ccr_centralized_planner-15] [INFO] [1729090422.796548567] [ccr_centralized_planner]: Received state 1 from robotA
[ccr_centralized_planner-15] [INFO] [1729090422.993950479] [ccr_centralized_planner]: 
[ccr_centralized_planner-15] 
[ccr_centralized_planner-15]  did not replan 
[ccr_centralized_planner-15] 
[ccr_centralized_planner-15] [INFO] [1729090422.994659717] [ccr_centralized_planner]: Sent plan [1, 44, 45, 56, 55, 39, 53, 51, 32, 35, 10, 9] to robotA
[ccr_centralized_planner-15] [INFO] [1729090423.004909731] [ccr_centralized_planner]: Received state 1 from robotA
[ccr_centralized_planner-15] [INFO] [1729090423.194273481] [ccr_centralized_planner]: 
[ccr_centralized_planner-15] 
[ccr_centralized_planner-15]  did not replan 
[ccr_centralized_planner-15] 
[ccr_centralized_planner-15] [INFO] [1729090423.194991806] [ccr_centralized_planner]: Sent plan [1, 44, 45, 56, 55, 39, 53, 51, 32, 35, 10, 9] to robotA
[ccr_centralized_planner-15] [INFO] [1729090423.208008059] [ccr_centralized_planner]: Received state 1 from robotA
[ccr_centralized_planner-15] [INFO] [1729090423.395127787] [ccr_centralized_planner]: 
[ccr_centralized_planner-15] 
[ccr_centralized_planner-15]  did not replan 
[ccr_centralized_planner-15] 
[ccr_centralized_planner-15] [INFO] [1729090423.395899021] [ccr_centralized_planner]: Sent plan [1, 44, 45, 56, 55, 39, 53, 51, 32, 35, 10, 9] to robotA
[ccr_centralized_planner-15] [INFO] [1729090423.407952432] [ccr_centralized_planner]: Received state 1 from robotA
[ccr_centralized_planner-15] [INFO] [1729090423.595283466] [ccr_centralized_planner]: 
[ccr_centralized_planner-15] 
[ccr_centralized_planner-15]  did not replan 
[ccr_centralized_planner-15] 
[ccr_centralized_planner-15] [INFO] [1729090423.596117668] [ccr_centralized_planner]: Sent plan [1, 44, 45, 56, 55, 39, 53, 51, 32, 35, 10, 9] to robotA
[ccr_centralized_planner-15] [INFO] [1729090423.607421104] [ccr_centralized_planner]: Received state 1 from robotA
[ccr_centralized_planner-15] [INFO] [1729090423.795535555] [ccr_centralized_planner]: 
[ccr_centralized_planner-15] 
[ccr_centralized_planner-15]  did not replan 
[ccr_centralized_planner-15] 
[ccr_centralized_planner-15] [INFO] [1729090423.796256204] [ccr_centralized_planner]: Sent plan [1, 44, 45, 56, 55, 39, 53, 51, 32, 35, 10, 9] to robotA
[ccr_centralized_planner-15] [INFO] [1729090423.810693488] [ccr_centralized_planner]: Received state 1 from robotA
[ccr_centralized_planner-15] [INFO] [1729090423.995575476] [ccr_centralized_planner]: 
[ccr_centralized_planner-15] 
[ccr_centralized_planner-15]  did not replan 
[ccr_centralized_planner-15] 
[ccr_centralized_planner-15] [INFO] [1729090423.996293320] [ccr_centralized_planner]: Sent plan [1, 44, 45, 56, 55, 39, 53, 51, 32, 35, 10, 9] to robotA
[ccr_centralized_planner-15] [INFO] [1729090424.010936790] [ccr_centralized_planner]: Received state 1 from robotA
[ccr_centralized_planner-15] [INFO] [1729090424.196197368] [ccr_centralized_planner]: 
[ccr_centralized_planner-15] 
[ccr_centralized_planner-15]  did not replan 
[ccr_centralized_planner-15] 
[command_node-3] [INFO] [1729090424.196648252] [command_node]: robotA: running
[ccr_centralized_planner-15] [INFO] [1729090424.196948193] [ccr_centralized_planner]: Sent plan [1, 44, 45, 56, 55, 39, 53, 51, 32, 35, 10, 9] to robotA
[ccr_centralized_planner-15] [INFO] [1729090424.199001268] [ccr_centralized_planner]: Received state 1 from robotA
[ccr_centralized_planner-15] [INFO] [1729090424.396462310] [ccr_centralized_planner]: 
[ccr_centralized_planner-15] 
[ccr_centralized_planner-15]  did not replan 
[ccr_centralized_planner-15] 
[ccr_centralized_planner-15] [INFO] [1729090424.397165436] [ccr_centralized_planner]: Sent plan [1, 44, 45, 56, 55, 39, 53, 51, 32, 35, 10, 9] to robotA
[ccr_centralized_planner-15] [INFO] [1729090424.398923308] [ccr_centralized_planner]: Received state 1 from robotA
[ccr_centralized_planner-15] [INFO] [1729090424.597020081] [ccr_centralized_planner]: 
[ccr_centralized_planner-15] 
[ccr_centralized_planner-15]  did not replan 
[ccr_centralized_planner-15] 
[ccr_centralized_planner-15] [INFO] [1729090424.597850827] [ccr_centralized_planner]: Sent plan [1, 44, 45, 56, 55, 39, 53, 51, 32, 35, 10, 9] to robotA
[ccr_centralized_planner-15] [INFO] [1729090424.599085629] [ccr_centralized_planner]: Received state 1 from robotA
[ccr_centralized_planner-15] [INFO] [1729090424.797622095] [ccr_centralized_planner]: 
[ccr_centralized_planner-15] 
[ccr_centralized_planner-15]  did not replan 
[ccr_centralized_planner-15] 
[ccr_centralized_planner-15] [INFO] [1729090424.798465655] [ccr_centralized_planner]: Sent plan [1, 44, 45, 56, 55, 39, 53, 51, 32, 35, 10, 9] to robotA
[ccr_centralized_planner-15] [INFO] [1729090424.800671816] [ccr_centralized_planner]: Received state 44 from robotA
[ccr_local_planner-14] [INFO] [1729090424.800702764] [robotA.ccr_local_planner]: new state 44
[ccr_centralized_planner-15] [INFO] [1729090424.997772494] [ccr_centralized_planner]: 
[ccr_centralized_planner-15] 
[ccr_centralized_planner-15]  did not replan 
[ccr_centralized_planner-15] 
[ccr_centralized_planner-15] [INFO] [1729090424.998474939] [ccr_centralized_planner]: Sent plan [44, 45, 56, 55, 39, 53, 51, 32, 35, 10, 9] to robotA
[ccr_centralized_planner-15] [INFO] [1729090424.999987812] [ccr_centralized_planner]: Received state 44 from robotA
[ccr_local_planner-14] [INFO] [1729090425.024654161] [robotA.ccr_local_planner]: new plan: [44, 45, 56], remainder: [55, 39, 53, 51, 32, 35, 10, 9]
[ccr_centralized_planner-15] [INFO] [1729090425.198006348] [ccr_centralized_planner]: 
[ccr_centralized_planner-15] 
[ccr_centralized_planner-15]  did not replan 
[ccr_centralized_planner-15] 
[ccr_centralized_planner-15] [INFO] [1729090425.198700618] [ccr_centralized_planner]: Sent plan [44, 45, 56, 55, 39, 53, 51, 32, 35, 10, 9] to robotA
[ccr_centralized_planner-15] [INFO] [1729090425.199783516] [ccr_centralized_planner]: Received state 44 from robotA
[ccr_centralized_planner-15] [INFO] [1729090425.398380826] [ccr_centralized_planner]: 
[ccr_centralized_planner-15] 
[ccr_centralized_planner-15]  did not replan 
[ccr_centralized_planner-15] 
[ccr_centralized_planner-15] [INFO] [1729090425.399169804] [ccr_centralized_planner]: Sent plan [44, 45, 56, 55, 39, 53, 51, 32, 35, 10, 9] to robotA
[ccr_centralized_planner-15] [INFO] [1729090425.400114974] [ccr_centralized_planner]: Received state 44 from robotA
[ccr_centralized_planner-15] [INFO] [1729090425.598460312] [ccr_centralized_planner]: 
[ccr_centralized_planner-15] 
[ccr_centralized_planner-15]  did not replan 
[ccr_centralized_planner-15] 
[ccr_centralized_planner-15] [INFO] [1729090425.599162537] [ccr_centralized_planner]: Sent plan [44, 45, 56, 55, 39, 53, 51, 32, 35, 10, 9] to robotA
[ccr_centralized_planner-15] [INFO] [1729090425.600005495] [ccr_centralized_planner]: Received state 44 from robotA
[ccr_centralized_planner-15] [INFO] [1729090425.798691121] [ccr_centralized_planner]: 
[ccr_centralized_planner-15] 
[ccr_centralized_planner-15]  did not replan 
[ccr_centralized_planner-15] 
[ccr_centralized_planner-15] [INFO] [1729090425.799415377] [ccr_centralized_planner]: Sent plan [44, 45, 56, 55, 39, 53, 51, 32, 35, 10, 9] to robotA
[ccr_centralized_planner-15] [INFO] [1729090425.803083726] [ccr_centralized_planner]: Received state 44 from robotA
[ccr_centralized_planner-15] [INFO] [1729090425.999017639] [ccr_centralized_planner]: 
[ccr_centralized_planner-15] 
[ccr_centralized_planner-15]  did not replan 
[ccr_centralized_planner-15] 
[ccr_centralized_planner-15] [INFO] [1729090425.999819650] [ccr_centralized_planner]: Sent plan [44, 45, 56, 55, 39, 53, 51, 32, 35, 10, 9] to robotA
[ccr_centralized_planner-15] [INFO] [1729090426.007766882] [ccr_centralized_planner]: Received state 44 from robotA
[command_node-3] [INFO] [1729090426.199105260] [command_node]: robotA: running
[ccr_centralized_planner-15] [INFO] [1729090426.199121650] [ccr_centralized_planner]: 
[ccr_centralized_planner-15] 
[ccr_centralized_planner-15]  did not replan 
[ccr_centralized_planner-15] 
[ccr_centralized_planner-15] [INFO] [1729090426.199823975] [ccr_centralized_planner]: Sent plan [44, 45, 56, 55, 39, 53, 51, 32, 35, 10, 9] to robotA
[ccr_centralized_planner-15] [INFO] [1729090426.210708928] [ccr_centralized_planner]: Received state 44 from robotA
[ccr_centralized_planner-15] [INFO] [1729090426.400056147] [ccr_centralized_planner]: 
[ccr_centralized_planner-15] 
[ccr_centralized_planner-15]  did not replan 
[ccr_centralized_planner-15] 
[ccr_centralized_planner-15] [INFO] [1729090426.400950852] [ccr_centralized_planner]: Sent plan [44, 45, 56, 55, 39, 53, 51, 32, 35, 10, 9] to robotA
[ccr_centralized_planner-15] [INFO] [1729090426.414612354] [ccr_centralized_planner]: Received state 44 from robotA
[ccr_centralized_planner-15] [INFO] [1729090426.600430735] [ccr_centralized_planner]: 
[ccr_centralized_planner-15] 
[ccr_centralized_planner-15]  did not replan 
[ccr_centralized_planner-15] 
[ccr_centralized_planner-15] [INFO] [1729090426.601140194] [ccr_centralized_planner]: Sent plan [44, 45, 56, 55, 39, 53, 51, 32, 35, 10, 9] to robotA
[ccr_centralized_planner-15] [INFO] [1729090426.615023701] [ccr_centralized_planner]: Received state 44 from robotA
[ccr_centralized_planner-15] [INFO] [1729090426.800845559] [ccr_centralized_planner]: 
[ccr_centralized_planner-15] 
[ccr_centralized_planner-15]  did not replan 
[ccr_centralized_planner-15] 
[ccr_centralized_planner-15] [INFO] [1729090426.801548094] [ccr_centralized_planner]: Sent plan [44, 45, 56, 55, 39, 53, 51, 32, 35, 10, 9] to robotA
[ccr_centralized_planner-15] [INFO] [1729090426.803523654] [ccr_centralized_planner]: Received state 44 from robotA
[ccr_centralized_planner-15] [INFO] [1729090427.000927399] [ccr_centralized_planner]: 
[ccr_centralized_planner-15] 
[ccr_centralized_planner-15]  did not replan 
[ccr_centralized_planner-15] 
[ccr_centralized_planner-15] [INFO] [1729090427.001794733] [ccr_centralized_planner]: Sent plan [44, 45, 56, 55, 39, 53, 51, 32, 35, 10, 9] to robotA
[ccr_centralized_planner-15] [INFO] [1729090427.102624620] [ccr_centralized_planner]: Received state 44 from robotA
[ccr_centralized_planner-15] [INFO] [1729090427.200876160] [ccr_centralized_planner]: 
[ccr_centralized_planner-15] 
[ccr_centralized_planner-15]  did not replan 
[ccr_centralized_planner-15] 
[ccr_centralized_planner-15] [INFO] [1729090427.201782307] [ccr_centralized_planner]: Sent plan [44, 45, 56, 55, 39, 53, 51, 32, 35, 10, 9] to robotA
[ccr_centralized_planner-15] [INFO] [1729090427.303451074] [ccr_centralized_planner]: Received state 44 from robotA
[ccr_centralized_planner-15] [INFO] [1729090427.401318575] [ccr_centralized_planner]: 
[ccr_centralized_planner-15] 
[ccr_centralized_planner-15]  did not replan 
[ccr_centralized_planner-15] 
[ccr_centralized_planner-15] [INFO] [1729090427.402030468] [ccr_centralized_planner]: Sent plan [44, 45, 56, 55, 39, 53, 51, 32, 35, 10, 9] to robotA
[ccr_centralized_planner-15] [INFO] [1729090427.505791243] [ccr_centralized_planner]: Received state 44 from robotA
[ccr_centralized_planner-15] [INFO] [1729090427.601576405] [ccr_centralized_planner]: 
[ccr_centralized_planner-15] 
[ccr_centralized_planner-15]  did not replan 
[ccr_centralized_planner-15] 
[ccr_centralized_planner-15] [INFO] [1729090427.602309097] [ccr_centralized_planner]: Sent plan [44, 45, 56, 55, 39, 53, 51, 32, 35, 10, 9] to robotA
[ccr_local_planner-14] [INFO] [1729090427.709938556] [robotA.ccr_local_planner]: new state 45
[ccr_centralized_planner-15] [INFO] [1729090427.710368681] [ccr_centralized_planner]: Received state 45 from robotA
[ccr_centralized_planner-15] [INFO] [1729090427.802175913] [ccr_centralized_planner]: 
[ccr_centralized_planner-15] 
[ccr_centralized_planner-15]  did not replan 
[ccr_centralized_planner-15] 
[ccr_centralized_planner-15] [INFO] [1729090427.802996811] [ccr_centralized_planner]: Sent plan [45, 56, 55, 39, 53, 51, 32, 35, 10, 9] to robotA
[ccr_local_planner-14] [INFO] [1729090427.803050281] [robotA.ccr_local_planner]: new plan: [45, 56, 55], remainder: [39, 53, 51, 32, 35, 10, 9]
[ccr_centralized_planner-15] [INFO] [1729090427.914612645] [ccr_centralized_planner]: Received state 45 from robotA
[ccr_centralized_planner-15] [INFO] [1729090428.002610404] [ccr_centralized_planner]: 
[ccr_centralized_planner-15] 
[ccr_centralized_planner-15]  did not replan 
[ccr_centralized_planner-15] 
[ccr_centralized_planner-15] [INFO] [1729090428.003465866] [ccr_centralized_planner]: Sent plan [45, 56, 55, 39, 53, 51, 32, 35, 10, 9] to robotA
[ccr_centralized_planner-15] [INFO] [1729090428.104984814] [ccr_centralized_planner]: Received state 45 from robotA
[command_node-3] [INFO] [1729090428.203044914] [command_node]: robotA: running
[ccr_centralized_planner-15] [INFO] [1729090428.203363781] [ccr_centralized_planner]: 
[ccr_centralized_planner-15] 
[ccr_centralized_planner-15]  did not replan 
[ccr_centralized_planner-15] 
[ccr_centralized_planner-15] [INFO] [1729090428.204139264] [ccr_centralized_planner]: Sent plan [45, 56, 55, 39, 53, 51, 32, 35, 10, 9] to robotA
[ccr_centralized_planner-15] [INFO] [1729090428.305556631] [ccr_centralized_planner]: Received state 45 from robotA
[ccr_centralized_planner-15] [INFO] [1729090428.403224447] [ccr_centralized_planner]: 
[ccr_centralized_planner-15] 
[ccr_centralized_planner-15]  did not replan 
[ccr_centralized_planner-15] 
[ccr_centralized_planner-15] [INFO] [1729090428.404298929] [ccr_centralized_planner]: Sent plan [45, 56, 55, 39, 53, 51, 32, 35, 10, 9] to robotA
[ccr_centralized_planner-15] [INFO] [1729090428.505821194] [ccr_centralized_planner]: Received state 45 from robotA
[ccr_centralized_planner-15] [INFO] [1729090428.703755111] [ccr_centralized_planner]: 
[ccr_centralized_planner-15] 
[ccr_centralized_planner-15]  did not replan 
[ccr_centralized_planner-15] 
[ccr_centralized_planner-15] [INFO] [1729090428.704462526] [ccr_centralized_planner]: Sent plan [45, 56, 55, 39, 53, 51, 32, 35, 10, 9] to robotA
[ccr_centralized_planner-15] [INFO] [1729090428.706213234] [ccr_centralized_planner]: Received state 45 from robotA
[ccr_centralized_planner-15] [INFO] [1729090428.903816833] [ccr_centralized_planner]: 
[ccr_centralized_planner-15] 
[ccr_centralized_planner-15]  did not replan 
[ccr_centralized_planner-15] 
[ccr_centralized_planner-15] [INFO] [1729090428.904504812] [ccr_centralized_planner]: Sent plan [45, 56, 55, 39, 53, 51, 32, 35, 10, 9] to robotA
[ccr_local_planner-14] [INFO] [1729090428.905892199] [robotA.ccr_local_planner]: new state 56
[ccr_centralized_planner-15] [INFO] [1729090428.905917837] [ccr_centralized_planner]: Received state 56 from robotA
[ccr_centralized_planner-15] [INFO] [1729090429.104199086] [ccr_centralized_planner]: 
[ccr_centralized_planner-15] 
[ccr_centralized_planner-15]  did not replan 
[ccr_centralized_planner-15] 
[ccr_centralized_planner-15] [INFO] [1729090429.104828975] [ccr_centralized_planner]: Sent plan [56, 55, 39, 53, 51, 32, 35, 10, 9] to robotA
[ccr_centralized_planner-15] [INFO] [1729090429.107269786] [ccr_centralized_planner]: Received state 56 from robotA
[ccr_local_planner-14] [INFO] [1729090429.128461098] [robotA.ccr_local_planner]: new plan: [56, 55, 39], remainder: [53, 51, 32, 35, 10, 9]
[ccr_centralized_planner-15] [INFO] [1729090429.305218422] [ccr_centralized_planner]: 
[ccr_centralized_planner-15] 
[ccr_centralized_planner-15]  did not replan 
[ccr_centralized_planner-15] 
[ccr_centralized_planner-15] [INFO] [1729090429.305999915] [ccr_centralized_planner]: Sent plan [56, 55, 39, 53, 51, 32, 35, 10, 9] to robotA
[ccr_centralized_planner-15] [INFO] [1729090429.306927622] [ccr_centralized_planner]: Received state 56 from robotA
[ccr_centralized_planner-15] [INFO] [1729090429.505625771] [ccr_centralized_planner]: 
[ccr_centralized_planner-15] 
[ccr_centralized_planner-15]  did not replan 
[ccr_centralized_planner-15] 
[ccr_centralized_planner-15] [INFO] [1729090429.506461817] [ccr_centralized_planner]: Sent plan [56, 55, 39, 53, 51, 32, 35, 10, 9] to robotA
[ccr_centralized_planner-15] [INFO] [1729090429.508953613] [ccr_centralized_planner]: Received state 56 from robotA
[ccr_centralized_planner-15] [INFO] [1729090429.705922213] [ccr_centralized_planner]: 
[ccr_centralized_planner-15] 
[ccr_centralized_planner-15]  did not replan 
[ccr_centralized_planner-15] 
[ccr_centralized_planner-15] [INFO] [1729090429.706588371] [ccr_centralized_planner]: Sent plan [56, 55, 39, 53, 51, 32, 35, 10, 9] to robotA
[ccr_centralized_planner-15] [INFO] [1729090429.708259840] [ccr_centralized_planner]: Received state 56 from robotA
[ccr_centralized_planner-15] [INFO] [1729090429.906456781] [ccr_centralized_planner]: 
[ccr_centralized_planner-15] 
[ccr_centralized_planner-15]  did not replan 
[ccr_centralized_planner-15] 
[ccr_centralized_planner-15] [INFO] [1729090429.907257781] [ccr_centralized_planner]: Sent plan [56, 55, 39, 53, 51, 32, 35, 10, 9] to robotA
[ccr_centralized_planner-15] [INFO] [1729090429.912076704] [ccr_centralized_planner]: Received state 56 from robotA
[ccr_centralized_planner-15] [INFO] [1729090430.106938199] [ccr_centralized_planner]: 
[ccr_centralized_planner-15] 
[ccr_centralized_planner-15]  did not replan 
[ccr_centralized_planner-15] 
[ccr_centralized_planner-15] [INFO] [1729090430.107658258] [ccr_centralized_planner]: Sent plan [56, 55, 39, 53, 51, 32, 35, 10, 9] to robotA
[ccr_local_planner-14] [INFO] [1729090430.118442080] [robotA.ccr_local_planner]: new state 55
[ccr_centralized_planner-15] [INFO] [1729090430.119035882] [ccr_centralized_planner]: Received state 55 from robotA
[ccr_centralized_planner-15] [INFO] [1729090430.307378781] [ccr_centralized_planner]: 
[ccr_centralized_planner-15] 
[ccr_centralized_planner-15]  did not replan 
[ccr_centralized_planner-15] 
[command_node-3] [INFO] [1729090430.307410560] [command_node]: robotA: running
[ccr_centralized_planner-15] [INFO] [1729090430.307955361] [ccr_centralized_planner]: Sent plan [55, 39, 53, 51, 32, 35, 10, 9] to robotA
[ccr_centralized_planner-15] [INFO] [1729090430.309370511] [ccr_centralized_planner]: Received state 55 from robotA
[ccr_local_planner-14] [INFO] [1729090430.330238096] [robotA.ccr_local_planner]: new plan: [55, 39, 53], remainder: [51, 32, 35, 10, 9]
[ccr_centralized_planner-15] [INFO] [1729090430.507899262] [ccr_centralized_planner]: 
[ccr_centralized_planner-15] 
[ccr_centralized_planner-15]  did not replan 
[ccr_centralized_planner-15] 
[ccr_centralized_planner-15] [INFO] [1729090430.508768530] [ccr_centralized_planner]: Sent plan [55, 39, 53, 51, 32, 35, 10, 9] to robotA
[ccr_centralized_planner-15] [INFO] [1729090430.510013912] [ccr_centralized_planner]: Received state 55 from robotA
[ccr_centralized_planner-15] [INFO] [1729090430.708378276] [ccr_centralized_planner]: 
[ccr_centralized_planner-15] 
[ccr_centralized_planner-15]  did not replan 
[ccr_centralized_planner-15] 
[ccr_centralized_planner-15] [INFO] [1729090430.709135514] [ccr_centralized_planner]: Sent plan [55, 39, 53, 51, 32, 35, 10, 9] to robotA
[ccr_centralized_planner-15] [INFO] [1729090430.711435240] [ccr_centralized_planner]: Received state 55 from robotA
[ccr_centralized_planner-15] [INFO] [1729090430.908474382] [ccr_centralized_planner]: 
[ccr_centralized_planner-15] 
[ccr_centralized_planner-15]  did not replan 
[ccr_centralized_planner-15] 
[ccr_centralized_planner-15] [INFO] [1729090430.909158574] [ccr_centralized_planner]: Sent plan [55, 39, 53, 51, 32, 35, 10, 9] to robotA
[ccr_centralized_planner-15] [INFO] [1729090430.910635529] [ccr_centralized_planner]: Received state 55 from robotA
[ccr_centralized_planner-15] [INFO] [1729090431.109124246] [ccr_centralized_planner]: 
[ccr_centralized_planner-15] 
[ccr_centralized_planner-15]  did not replan 
[ccr_centralized_planner-15] 
[ccr_centralized_planner-15] [INFO] [1729090431.109857018] [ccr_centralized_planner]: Sent plan [55, 39, 53, 51, 32, 35, 10, 9] to robotA
[ccr_centralized_planner-15] [INFO] [1729090431.111331209] [ccr_centralized_planner]: Received state 55 from robotA
[ccr_centralized_planner-15] [INFO] [1729090431.309623518] [ccr_centralized_planner]: 
[ccr_centralized_planner-15] 
[ccr_centralized_planner-15]  did not replan 
[ccr_centralized_planner-15] 
[ccr_centralized_planner-15] [INFO] [1729090431.310409971] [ccr_centralized_planner]: Sent plan [55, 39, 53, 51, 32, 35, 10, 9] to robotA
[ccr_centralized_planner-15] [INFO] [1729090431.311798140] [ccr_centralized_planner]: Received state 55 from robotA
[ccr_centralized_planner-15] [INFO] [1729090431.509983339] [ccr_centralized_planner]: 
[ccr_centralized_planner-15] 
[ccr_centralized_planner-15]  did not replan 
[ccr_centralized_planner-15] 
[ccr_centralized_planner-15] [INFO] [1729090431.510696274] [ccr_centralized_planner]: Sent plan [55, 39, 53, 51, 32, 35, 10, 9] to robotA
[ccr_centralized_planner-15] [INFO] [1729090431.512622400] [ccr_centralized_planner]: Received state 55 from robotA
[ccr_centralized_planner-15] [INFO] [1729090431.710546380] [ccr_centralized_planner]: 
[ccr_centralized_planner-15] 
[ccr_centralized_planner-15]  did not replan 
[ccr_centralized_planner-15] 
[ccr_centralized_planner-15] [INFO] [1729090431.711262250] [ccr_centralized_planner]: Sent plan [55, 39, 53, 51, 32, 35, 10, 9] to robotA
[ccr_centralized_planner-15] [INFO] [1729090431.713529365] [ccr_centralized_planner]: Received state 55 from robotA
[ccr_centralized_planner-15] [INFO] [1729090431.910815591] [ccr_centralized_planner]: 
[ccr_centralized_planner-15] 
[ccr_centralized_planner-15]  did not replan 
[ccr_centralized_planner-15] 
[ccr_centralized_planner-15] [INFO] [1729090431.911632480] [ccr_centralized_planner]: Sent plan [55, 39, 53, 51, 32, 35, 10, 9] to robotA
[ccr_centralized_planner-15] [INFO] [1729090431.914331995] [ccr_centralized_planner]: Received state 55 from robotA
[ccr_centralized_planner-15] [INFO] [1729090432.111207371] [ccr_centralized_planner]: 
[ccr_centralized_planner-15] 
[ccr_centralized_planner-15]  did not replan 
[ccr_centralized_planner-15] 
[ccr_centralized_planner-15] [INFO] [1729090432.112044338] [ccr_centralized_planner]: Sent plan [55, 39, 53, 51, 32, 35, 10, 9] to robotA
[ccr_centralized_planner-15] [INFO] [1729090432.114608430] [ccr_centralized_planner]: Received state 55 from robotA
[ccr_centralized_planner-15] [INFO] [1729090432.311866592] [ccr_centralized_planner]: 
[ccr_centralized_planner-15] 
[ccr_centralized_planner-15]  did not replan 
[ccr_centralized_planner-15] 
[command_node-3] [INFO] [1729090432.311931583] [command_node]: robotA: running
[ccr_centralized_planner-15] [INFO] [1729090432.312600576] [ccr_centralized_planner]: Sent plan [55, 39, 53, 51, 32, 35, 10, 9] to robotA
[ccr_centralized_planner-15] [INFO] [1729090432.314696100] [ccr_centralized_planner]: Received state 55 from robotA
[ccr_centralized_planner-15] [INFO] [1729090432.512582659] [ccr_centralized_planner]: 
[ccr_centralized_planner-15] 
[ccr_centralized_planner-15]  did not replan 
[ccr_centralized_planner-15] 
[ccr_centralized_planner-15] [INFO] [1729090432.513398146] [ccr_centralized_planner]: Sent plan [55, 39, 53, 51, 32, 35, 10, 9] to robotA
[ccr_centralized_planner-15] [INFO] [1729090432.522376809] [ccr_centralized_planner]: Received state 39 from robotA
[ccr_local_planner-14] [INFO] [1729090432.522642096] [robotA.ccr_local_planner]: new state 39
[ccr_centralized_planner-15] [INFO] [1729090432.712486506] [ccr_centralized_planner]: 
[ccr_centralized_planner-15] 
[ccr_centralized_planner-15]  did not replan 
[ccr_centralized_planner-15] 
[ccr_centralized_planner-15] [INFO] [1729090432.713143997] [ccr_centralized_planner]: Sent plan [39, 53, 51, 32, 35, 10, 9] to robotA
[ccr_centralized_planner-15] [INFO] [1729090432.715281249] [ccr_centralized_planner]: Received state 39 from robotA
[ccr_local_planner-14] [INFO] [1729090432.747391697] [robotA.ccr_local_planner]: new plan: [39, 53, 51], remainder: [32, 35, 10, 9]
[ccr_centralized_planner-15] [INFO] [1729090432.912807324] [ccr_centralized_planner]: 
[ccr_centralized_planner-15] 
[ccr_centralized_planner-15]  did not replan 
[ccr_centralized_planner-15] 
[ccr_centralized_planner-15] [INFO] [1729090432.913635595] [ccr_centralized_planner]: Sent plan [39, 53, 51, 32, 35, 10, 9] to robotA
[ccr_centralized_planner-15] [INFO] [1729090433.014704860] [ccr_centralized_planner]: Received state 39 from robotA
[ccr_centralized_planner-15] [INFO] [1729090433.113334518] [ccr_centralized_planner]: 
[ccr_centralized_planner-15] 
[ccr_centralized_planner-15]  did not replan 
[ccr_centralized_planner-15] 
[ccr_centralized_planner-15] [INFO] [1729090433.114202313] [ccr_centralized_planner]: Sent plan [39, 53, 51, 32, 35, 10, 9] to robotA
[ccr_centralized_planner-15] [INFO] [1729090433.214890805] [ccr_centralized_planner]: Received state 39 from robotA
[ccr_centralized_planner-15] [INFO] [1729090433.313545339] [ccr_centralized_planner]: 
[ccr_centralized_planner-15] 
[ccr_centralized_planner-15]  did not replan 
[ccr_centralized_planner-15] 
[ccr_centralized_planner-15] [INFO] [1729090433.314246252] [ccr_centralized_planner]: Sent plan [39, 53, 51, 32, 35, 10, 9] to robotA
[ccr_centralized_planner-15] [INFO] [1729090433.415181937] [ccr_centralized_planner]: Received state 39 from robotA
[ccr_centralized_planner-15] [INFO] [1729090433.513777521] [ccr_centralized_planner]: 
[ccr_centralized_planner-15] 
[ccr_centralized_planner-15]  did not replan 
[ccr_centralized_planner-15] 
[ccr_centralized_planner-15] [INFO] [1729090433.514526523] [ccr_centralized_planner]: Sent plan [39, 53, 51, 32, 35, 10, 9] to robotA
[ccr_centralized_planner-15] [INFO] [1729090433.622374492] [ccr_centralized_planner]: Received state 39 from robotA
[ccr_centralized_planner-15] [INFO] [1729090433.714452612] [ccr_centralized_planner]: 
[ccr_centralized_planner-15] 
[ccr_centralized_planner-15]  did not replan 
[ccr_centralized_planner-15] 
[ccr_centralized_planner-15] [INFO] [1729090433.715183931] [ccr_centralized_planner]: Sent plan [39, 53, 51, 32, 35, 10, 9] to robotA
[ccr_local_planner-14] [INFO] [1729090433.824886753] [robotA.ccr_local_planner]: new state 53
[ccr_centralized_planner-15] [INFO] [1729090433.825169823] [ccr_centralized_planner]: Received state 53 from robotA
[ccr_centralized_planner-15] [INFO] [1729090433.914843320] [ccr_centralized_planner]: 
[ccr_centralized_planner-15] 
[ccr_centralized_planner-15]  did not replan 
[ccr_centralized_planner-15] 
[ccr_centralized_planner-15] [INFO] [1729090433.915565382] [ccr_centralized_planner]: Sent plan [53, 51, 32, 35, 10, 9] to robotA
[ccr_local_planner-14] [INFO] [1729090433.916084184] [robotA.ccr_local_planner]: new plan: [53, 51, 32], remainder: [35, 10, 9]
[ccr_centralized_planner-15] [INFO] [1729090434.016921565] [ccr_centralized_planner]: Received state 53 from robotA
[ccr_centralized_planner-15] [INFO] [1729090434.115150211] [ccr_centralized_planner]: 
[ccr_centralized_planner-15] 
[ccr_centralized_planner-15]  did not replan 
[ccr_centralized_planner-15] 
[ccr_centralized_planner-15] [INFO] [1729090434.116168838] [ccr_centralized_planner]: Sent plan [53, 51, 32, 35, 10, 9] to robotA
[ccr_centralized_planner-15] [INFO] [1729090434.217850281] [ccr_centralized_planner]: Received state 53 from robotA
[ccr_centralized_planner-15] [INFO] [1729090434.315723281] [ccr_centralized_planner]: 
[ccr_centralized_planner-15] 
[ccr_centralized_planner-15]  did not replan 
[ccr_centralized_planner-15] 
[command_node-3] [INFO] [1729090434.315996062] [command_node]: robotA: running
[ccr_centralized_planner-15] [INFO] [1729090434.316757207] [ccr_centralized_planner]: Sent plan [53, 51, 32, 35, 10, 9] to robotA
[ccr_centralized_planner-15] [INFO] [1729090434.418762726] [ccr_centralized_planner]: Received state 53 from robotA
[ccr_centralized_planner-15] [INFO] [1729090434.616077635] [ccr_centralized_planner]: 
[ccr_centralized_planner-15] 
[ccr_centralized_planner-15]  did not replan 
[ccr_centralized_planner-15] 
[ccr_centralized_planner-15] [INFO] [1729090434.616914232] [ccr_centralized_planner]: Sent plan [53, 51, 32, 35, 10, 9] to robotA
[ccr_centralized_planner-15] [INFO] [1729090434.618067692] [ccr_centralized_planner]: Received state 53 from robotA
[ccr_centralized_planner-15] [INFO] [1729090434.817026037] [ccr_centralized_planner]: 
[ccr_centralized_planner-15] 
[ccr_centralized_planner-15]  did not replan 
[ccr_centralized_planner-15] 
[ccr_centralized_planner-15] [INFO] [1729090434.818099207] [ccr_centralized_planner]: Sent plan [53, 51, 32, 35, 10, 9] to robotA
[ccr_centralized_planner-15] [INFO] [1729090434.819832884] [ccr_centralized_planner]: Received state 53 from robotA
[ccr_centralized_planner-15] [INFO] [1729090435.017890202] [ccr_centralized_planner]: 
[ccr_centralized_planner-15] 
[ccr_centralized_planner-15]  did not replan 
[ccr_centralized_planner-15] 
[ccr_centralized_planner-15] [INFO] [1729090435.018603448] [ccr_centralized_planner]: Sent plan [53, 51, 32, 35, 10, 9] to robotA
[ccr_centralized_planner-15] [INFO] [1729090435.019900256] [ccr_centralized_planner]: Received state 53 from robotA
[ccr_centralized_planner-15] [INFO] [1729090435.218147531] [ccr_centralized_planner]: 
[ccr_centralized_planner-15] 
[ccr_centralized_planner-15]  did not replan 
[ccr_centralized_planner-15] 
[ccr_centralized_planner-15] [INFO] [1729090435.218890712] [ccr_centralized_planner]: Sent plan [53, 51, 32, 35, 10, 9] to robotA
[ccr_centralized_planner-15] [INFO] [1729090435.219804894] [ccr_centralized_planner]: Received state 53 from robotA
[ccr_centralized_planner-15] [INFO] [1729090435.418547136] [ccr_centralized_planner]: 
[ccr_centralized_planner-15] 
[ccr_centralized_planner-15]  did not replan 
[ccr_centralized_planner-15] 
[ccr_centralized_planner-15] [INFO] [1729090435.419308221] [ccr_centralized_planner]: Sent plan [53, 51, 32, 35, 10, 9] to robotA
[ccr_centralized_planner-15] [INFO] [1729090435.421821828] [ccr_centralized_planner]: Received state 53 from robotA
[ccr_centralized_planner-15] [INFO] [1729090435.619295905] [ccr_centralized_planner]: 
[ccr_centralized_planner-15] 
[ccr_centralized_planner-15]  did not replan 
[ccr_centralized_planner-15] 
[ccr_centralized_planner-15] [INFO] [1729090435.620368994] [ccr_centralized_planner]: Sent plan [53, 51, 32, 35, 10, 9] to robotA
[ccr_centralized_planner-15] [INFO] [1729090435.625986934] [ccr_centralized_planner]: Received state 53 from robotA
[ccr_centralized_planner-15] [INFO] [1729090435.819931873] [ccr_centralized_planner]: 
[ccr_centralized_planner-15] 
[ccr_centralized_planner-15]  did not replan 
[ccr_centralized_planner-15] 
[ccr_centralized_planner-15] [INFO] [1729090435.821073691] [ccr_centralized_planner]: Sent plan [53, 51, 32, 35, 10, 9] to robotA
[ccr_centralized_planner-15] [INFO] [1729090435.831747698] [ccr_centralized_planner]: Received state 53 from robotA
[ccr_centralized_planner-15] [INFO] [1729090436.019835499] [ccr_centralized_planner]: 
[ccr_centralized_planner-15] 
[ccr_centralized_planner-15]  did not replan 
[ccr_centralized_planner-15] 
[ccr_centralized_planner-15] [INFO] [1729090436.020269712] [ccr_centralized_planner]: Sent plan [53, 51, 32, 35, 10, 9] to robotA
[ccr_centralized_planner-15] [INFO] [1729090436.022057339] [ccr_centralized_planner]: Received state 53 from robotA
[ccr_centralized_planner-15] [INFO] [1729090436.220864994] [ccr_centralized_planner]: 
[ccr_centralized_planner-15] 
[ccr_centralized_planner-15]  did not replan 
[ccr_centralized_planner-15] 
[ccr_centralized_planner-15] [INFO] [1729090436.221637460] [ccr_centralized_planner]: Sent plan [53, 51, 32, 35, 10, 9] to robotA
[ccr_centralized_planner-15] [INFO] [1729090436.223234380] [ccr_centralized_planner]: Received state 53 from robotA
[command_node-3] [INFO] [1729090436.421428766] [command_node]: robotA: running
[ccr_centralized_planner-15] [INFO] [1729090436.421544673] [ccr_centralized_planner]: 
[ccr_centralized_planner-15] 
[ccr_centralized_planner-15]  did not replan 
[ccr_centralized_planner-15] 
[ccr_centralized_planner-15] [INFO] [1729090436.422265844] [ccr_centralized_planner]: Sent plan [53, 51, 32, 35, 10, 9] to robotA
[ccr_centralized_planner-15] [INFO] [1729090436.423672538] [ccr_centralized_planner]: Received state 51 from robotA
[ccr_local_planner-14] [INFO] [1729090436.423691704] [robotA.ccr_local_planner]: new state 51
[ccr_centralized_planner-15] [INFO] [1729090436.621954096] [ccr_centralized_planner]: 
[ccr_centralized_planner-15] 
[ccr_centralized_planner-15]  did not replan 
[ccr_centralized_planner-15] 
[ccr_centralized_planner-15] [INFO] [1729090436.622626526] [ccr_centralized_planner]: Sent plan [51, 32, 35, 10, 9] to robotA
[ccr_centralized_planner-15] [INFO] [1729090436.624220851] [ccr_centralized_planner]: Received state 51 from robotA
[ccr_local_planner-14] [INFO] [1729090436.655486627] [robotA.ccr_local_planner]: new plan: [51, 32, 35], remainder: [10, 9]
[ccr_centralized_planner-15] [INFO] [1729090436.821877449] [ccr_centralized_planner]: 
[ccr_centralized_planner-15] 
[ccr_centralized_planner-15]  did not replan 
[ccr_centralized_planner-15] 
[ccr_centralized_planner-15] [INFO] [1729090436.822560188] [ccr_centralized_planner]: Sent plan [51, 32, 35, 10, 9] to robotA
[ccr_centralized_planner-15] [INFO] [1729090436.824497906] [ccr_centralized_planner]: Received state 51 from robotA
[ccr_centralized_planner-15] [INFO] [1729090437.022731555] [ccr_centralized_planner]: 
[ccr_centralized_planner-15] 
[ccr_centralized_planner-15]  did not replan 
[ccr_centralized_planner-15] 
[ccr_centralized_planner-15] [INFO] [1729090437.023604750] [ccr_centralized_planner]: Sent plan [51, 32, 35, 10, 9] to robotA
[ccr_centralized_planner-15] [INFO] [1729090437.025848221] [ccr_centralized_planner]: Received state 51 from robotA
[ccr_centralized_planner-15] [INFO] [1729090437.222633709] [ccr_centralized_planner]: 
[ccr_centralized_planner-15] 
[ccr_centralized_planner-15]  did not replan 
[ccr_centralized_planner-15] 
[ccr_centralized_planner-15] [INFO] [1729090437.223245435] [ccr_centralized_planner]: Sent plan [51, 32, 35, 10, 9] to robotA
[ccr_centralized_planner-15] [INFO] [1729090437.224317692] [ccr_centralized_planner]: Received state 51 from robotA
[ccr_centralized_planner-15] [INFO] [1729090437.423240131] [ccr_centralized_planner]: 
[ccr_centralized_planner-15] 
[ccr_centralized_planner-15]  did not replan 
[ccr_centralized_planner-15] 
[ccr_centralized_planner-15] [INFO] [1729090437.423890119] [ccr_centralized_planner]: Sent plan [51, 32, 35, 10, 9] to robotA
[ccr_centralized_planner-15] [INFO] [1729090437.424793370] [ccr_centralized_planner]: Received state 51 from robotA
[ccr_centralized_planner-15] [INFO] [1729090437.624009449] [ccr_centralized_planner]: 
[ccr_centralized_planner-15] 
[ccr_centralized_planner-15]  did not replan 
[ccr_centralized_planner-15] 
[ccr_centralized_planner-15] [INFO] [1729090437.624840976] [ccr_centralized_planner]: Sent plan [51, 32, 35, 10, 9] to robotA
[ccr_centralized_planner-15] [INFO] [1729090437.626125191] [ccr_centralized_planner]: Received state 51 from robotA
[ccr_centralized_planner-15] [INFO] [1729090437.824237683] [ccr_centralized_planner]: 
[ccr_centralized_planner-15] 
[ccr_centralized_planner-15]  did not replan 
[ccr_centralized_planner-15] 
[ccr_centralized_planner-15] [INFO] [1729090437.825020689] [ccr_centralized_planner]: Sent plan [51, 32, 35, 10, 9] to robotA
[ccr_centralized_planner-15] [INFO] [1729090437.829898403] [ccr_centralized_planner]: Received state 51 from robotA
[ccr_centralized_planner-15] [INFO] [1729090438.024932150] [ccr_centralized_planner]: 
[ccr_centralized_planner-15] 
[ccr_centralized_planner-15]  did not replan 
[ccr_centralized_planner-15] 
[ccr_centralized_planner-15] [INFO] [1729090438.025692995] [ccr_centralized_planner]: Sent plan [51, 32, 35, 10, 9] to robotA
[ccr_local_planner-14] [INFO] [1729090438.034593111] [robotA.ccr_local_planner]: new state 32
[ccr_centralized_planner-15] [INFO] [1729090438.035279035] [ccr_centralized_planner]: Received state 32 from robotA
[ccr_centralized_planner-15] [INFO] [1729090438.224875090] [ccr_centralized_planner]: 
[ccr_centralized_planner-15] 
[ccr_centralized_planner-15]  did not replan 
[ccr_centralized_planner-15] 
[ccr_centralized_planner-15] [INFO] [1729090438.225666082] [ccr_centralized_planner]: Sent plan [32, 35, 10, 9] to robotA
[ccr_centralized_planner-15] [INFO] [1729090438.227141865] [ccr_centralized_planner]: Received state 32 from robotA
[ccr_local_planner-14] [INFO] [1729090438.247337391] [robotA.ccr_local_planner]: new plan: [32, 35, 10], remainder: [9]
[ccr_centralized_planner-15] [INFO] [1729090438.425628808] [ccr_centralized_planner]: 
[ccr_centralized_planner-15] 
[ccr_centralized_planner-15]  did not replan 
[ccr_centralized_planner-15] 
[command_node-3] [INFO] [1729090438.425727443] [command_node]: robotA: running
[ccr_centralized_planner-15] [INFO] [1729090438.426377801] [ccr_centralized_planner]: Sent plan [32, 35, 10, 9] to robotA
[ccr_centralized_planner-15] [INFO] [1729090438.527457035] [ccr_centralized_planner]: Received state 32 from robotA
[ccr_centralized_planner-15] [INFO] [1729090438.626560609] [ccr_centralized_planner]: 
[ccr_centralized_planner-15] 
[ccr_centralized_planner-15]  did not replan 
[ccr_centralized_planner-15] 
[ccr_centralized_planner-15] [INFO] [1729090438.627583815] [ccr_centralized_planner]: Sent plan [32, 35, 10, 9] to robotA
[ccr_centralized_planner-15] [INFO] [1729090438.728512729] [ccr_centralized_planner]: Received state 32 from robotA
[ccr_centralized_planner-15] [INFO] [1729090438.826388304] [ccr_centralized_planner]: 
[ccr_centralized_planner-15] 
[ccr_centralized_planner-15]  did not replan 
[ccr_centralized_planner-15] 
[ccr_centralized_planner-15] [INFO] [1729090438.827071924] [ccr_centralized_planner]: Sent plan [32, 35, 10, 9] to robotA
[ccr_centralized_planner-15] [INFO] [1729090438.933411529] [ccr_centralized_planner]: Received state 32 from robotA
[ccr_centralized_planner-15] [INFO] [1729090439.027102287] [ccr_centralized_planner]: 
[ccr_centralized_planner-15] 
[ccr_centralized_planner-15]  did not replan 
[ccr_centralized_planner-15] 
[ccr_centralized_planner-15] [INFO] [1729090439.027670141] [ccr_centralized_planner]: Sent plan [32, 35, 10, 9] to robotA
[ccr_centralized_planner-15] [INFO] [1729090439.129638320] [ccr_centralized_planner]: Received state 32 from robotA
[ccr_centralized_planner-15] [INFO] [1729090439.227767831] [ccr_centralized_planner]: 
[ccr_centralized_planner-15] 
[ccr_centralized_planner-15]  did not replan 
[ccr_centralized_planner-15] 
[ccr_centralized_planner-15] [INFO] [1729090439.228551097] [ccr_centralized_planner]: Sent plan [32, 35, 10, 9] to robotA
[ccr_centralized_planner-15] [INFO] [1729090439.330520649] [ccr_centralized_planner]: Received state 32 from robotA
[ccr_centralized_planner-15] [INFO] [1729090439.428237337] [ccr_centralized_planner]: 
[ccr_centralized_planner-15] 
[ccr_centralized_planner-15]  did not replan 
[ccr_centralized_planner-15] 
[ccr_centralized_planner-15] [INFO] [1729090439.429006256] [ccr_centralized_planner]: Sent plan [32, 35, 10, 9] to robotA
[ccr_centralized_planner-15] [INFO] [1729090439.530452788] [ccr_centralized_planner]: Received state 35 from robotA
[ccr_local_planner-14] [INFO] [1729090439.530468968] [robotA.ccr_local_planner]: new state 35
[ccr_centralized_planner-15] [INFO] [1729090439.728491112] [ccr_centralized_planner]: 
[ccr_centralized_planner-15] 
[ccr_centralized_planner-15]  did not replan 
[ccr_centralized_planner-15] 
[ccr_centralized_planner-15] [INFO] [1729090439.729194008] [ccr_centralized_planner]: Sent plan [35, 10, 9] to robotA
[ccr_centralized_planner-15] [INFO] [1729090439.730804734] [ccr_centralized_planner]: Received state 35 from robotA
[ccr_local_planner-14] [INFO] [1729090439.753085696] [robotA.ccr_local_planner]: new plan: [35, 10, 9]
[ccr_centralized_planner-15] [INFO] [1729090439.928775341] [ccr_centralized_planner]: 
[ccr_centralized_planner-15] 
[ccr_centralized_planner-15]  did not replan 
[ccr_centralized_planner-15] 
[ccr_centralized_planner-15] [INFO] [1729090439.929601087] [ccr_centralized_planner]: Sent plan [35, 10, 9] to robotA
[ccr_centralized_planner-15] [INFO] [1729090439.931646216] [ccr_centralized_planner]: Received state 35 from robotA
[ccr_centralized_planner-15] [INFO] [1729090440.129410176] [ccr_centralized_planner]: 
[ccr_centralized_planner-15] 
[ccr_centralized_planner-15]  did not replan 
[ccr_centralized_planner-15] 
[ccr_centralized_planner-15] [INFO] [1729090440.130110648] [ccr_centralized_planner]: Sent plan [35, 10, 9] to robotA
[ccr_centralized_planner-15] [INFO] [1729090440.132446422] [ccr_centralized_planner]: Received state 35 from robotA
[ccr_centralized_planner-15] [INFO] [1729090440.330001791] [ccr_centralized_planner]: 
[ccr_centralized_planner-15] 
[ccr_centralized_planner-15]  did not replan 
[ccr_centralized_planner-15] 
[ccr_centralized_planner-15] [INFO] [1729090440.330768216] [ccr_centralized_planner]: Sent plan [35, 10, 9] to robotA
[ccr_centralized_planner-15] [INFO] [1729090440.332754536] [ccr_centralized_planner]: Received state 35 from robotA
[ccr_centralized_planner-15] [INFO] [1729090440.529789440] [ccr_centralized_planner]: 
[ccr_centralized_planner-15] 
[ccr_centralized_planner-15]  did not replan 
[ccr_centralized_planner-15] 
[ccr_centralized_planner-15] [INFO] [1729090440.530209286] [ccr_centralized_planner]: Sent plan [35, 10, 9] to robotA
[command_node-3] [INFO] [1729090440.530658918] [command_node]: robotA: running
[ccr_centralized_planner-15] [INFO] [1729090440.531289840] [ccr_centralized_planner]: Received state 35 from robotA
[ccr_centralized_planner-15] [INFO] [1729090440.731492015] [ccr_centralized_planner]: 
[ccr_centralized_planner-15] 
[ccr_centralized_planner-15]  did not replan 
[ccr_centralized_planner-15] 
[ccr_centralized_planner-15] [INFO] [1729090440.732597926] [ccr_centralized_planner]: Sent plan [35, 10, 9] to robotA
[ccr_centralized_planner-15] [INFO] [1729090440.735640052] [ccr_centralized_planner]: Received state 35 from robotA
[ccr_centralized_planner-15] [INFO] [1729090440.931784780] [ccr_centralized_planner]: 
[ccr_centralized_planner-15] 
[ccr_centralized_planner-15]  did not replan 
[ccr_centralized_planner-15] 
[ccr_centralized_planner-15] [INFO] [1729090440.932688472] [ccr_centralized_planner]: Sent plan [35, 10, 9] to robotA
[ccr_centralized_planner-15] [INFO] [1729090440.938111738] [ccr_centralized_planner]: Received state 35 from robotA
[ccr_centralized_planner-15] [INFO] [1729090441.131845420] [ccr_centralized_planner]: 
[ccr_centralized_planner-15] 
[ccr_centralized_planner-15]  did not replan 
[ccr_centralized_planner-15] 
[ccr_centralized_planner-15] [INFO] [1729090441.132586427] [ccr_centralized_planner]: Sent plan [35, 10, 9] to robotA
[ccr_centralized_planner-15] [INFO] [1729090441.135056092] [ccr_centralized_planner]: Received state 10 from robotA
[ccr_local_planner-14] [INFO] [1729090441.135247451] [robotA.ccr_local_planner]: new state 10
[ccr_centralized_planner-15] [INFO] [1729090441.331853241] [ccr_centralized_planner]: 
[ccr_centralized_planner-15] 
[ccr_centralized_planner-15]  did not replan 
[ccr_centralized_planner-15] 
[ccr_centralized_planner-15] [INFO] [1729090441.332568901] [ccr_centralized_planner]: Sent plan [10, 9] to robotA
[ccr_centralized_planner-15] [INFO] [1729090441.333885557] [ccr_centralized_planner]: Received state 10 from robotA
[ccr_local_planner-14] [INFO] [1729090441.356161319] [robotA.ccr_local_planner]: new plan: [10, 9]
[ccr_centralized_planner-15] [INFO] [1729090441.532399631] [ccr_centralized_planner]: 
[ccr_centralized_planner-15] 
[ccr_centralized_planner-15]  did not replan 
[ccr_centralized_planner-15] 
[ccr_centralized_planner-15] [INFO] [1729090441.532975580] [ccr_centralized_planner]: Sent plan [10, 9] to robotA
[ccr_centralized_planner-15] [INFO] [1729090441.535553787] [ccr_centralized_planner]: Received state 10 from robotA
[ccr_centralized_planner-15] [INFO] [1729090441.733030159] [ccr_centralized_planner]: 
[ccr_centralized_planner-15] 
[ccr_centralized_planner-15]  did not replan 
[ccr_centralized_planner-15] 
[ccr_centralized_planner-15] [INFO] [1729090441.733820298] [ccr_centralized_planner]: Sent plan [10, 9] to robotA
[ccr_centralized_planner-15] [INFO] [1729090441.735509892] [ccr_centralized_planner]: Received state 10 from robotA
[ccr_centralized_planner-15] [INFO] [1729090441.933379410] [ccr_centralized_planner]: 
[ccr_centralized_planner-15] 
[ccr_centralized_planner-15]  did not replan 
[ccr_centralized_planner-15] 
[ccr_centralized_planner-15] [INFO] [1729090441.934166313] [ccr_centralized_planner]: Sent plan [10, 9] to robotA
[ccr_centralized_planner-15] [INFO] [1729090441.936012330] [ccr_centralized_planner]: Received state 10 from robotA
[ccr_centralized_planner-15] [INFO] [1729090442.134599261] [ccr_centralized_planner]: 
[ccr_centralized_planner-15] 
[ccr_centralized_planner-15]  did not replan 
[ccr_centralized_planner-15] 
[ccr_centralized_planner-15] [INFO] [1729090442.135847628] [ccr_centralized_planner]: Sent plan [10, 9] to robotA
[ccr_centralized_planner-15] [INFO] [1729090442.137434349] [ccr_centralized_planner]: Received state 10 from robotA
[ccr_centralized_planner-15] [INFO] [1729090442.334024211] [ccr_centralized_planner]: 
[ccr_centralized_planner-15] 
[ccr_centralized_planner-15]  did not replan 
[ccr_centralized_planner-15] 
[ccr_centralized_planner-15] [INFO] [1729090442.334710426] [ccr_centralized_planner]: Sent plan [10, 9] to robotA
[ccr_centralized_planner-15] [INFO] [1729090442.335512067] [ccr_centralized_planner]: Received state 10 from robotA
[command_node-3] [INFO] [1729090442.534679034] [command_node]: robotA: running
[ccr_centralized_planner-15] [INFO] [1729090442.534794480] [ccr_centralized_planner]: 
[ccr_centralized_planner-15] 
[ccr_centralized_planner-15]  did not replan 
[ccr_centralized_planner-15] 
[ccr_local_planner-14] [INFO] [1729090442.535327508] [robotA.ccr_local_planner]: new state 9
[ccr_centralized_planner-15] [INFO] [1729090442.535623863] [ccr_centralized_planner]: Sent plan [10, 9] to robotA
[ccr_goal_provider-12] [INFO] [1729090442.536414233] [ccr_goal_provider]: [32mgoal completed:[0m robotA reached goal 9, going to goal 1 within state 1
[ccr_centralized_planner-15] [INFO] [1729090442.536581536] [ccr_centralized_planner]: Received state 9 from robotA
[ccr_centralized_planner-15] [INFO] [1729090442.635264513] [ccr_centralized_planner]: Received goal 1 from robotA
[ccr_centralized_planner-15] [INFO] [1729090442.735142789] [ccr_centralized_planner]: 
[ccr_centralized_planner-15] 
[ccr_centralized_planner-15]  replaned due to new goal
[ccr_centralized_planner-15] 
[ccr_centralized_planner-15] [INFO] [1729090442.758498513] [ccr_centralized_planner]: Sent plan [9, 11, 35, 50, 51, 53, 39, 55, 56, 57, 5, 1] to robotA
[ccr_centralized_planner-15] [INFO] [1729090442.758999772] [ccr_centralized_planner]: Received state 9 from robotA
[ccr_local_planner-14] [INFO] [1729090442.759020260] [robotA.ccr_local_planner]: new plan: [9, 11, 35], remainder: [50, 51, 53, 39, 55, 56, 57, 5, 1]
[ccr_centralized_planner-15] [INFO] [1729090442.936236072] [ccr_centralized_planner]: 
[ccr_centralized_planner-15] 
[ccr_centralized_planner-15]  did not replan 
[ccr_centralized_planner-15] 
[ccr_centralized_planner-15] [INFO] [1729090442.937133703] [ccr_centralized_planner]: Sent plan [9, 11, 35, 50, 51, 53, 39, 55, 56, 57, 5, 1] to robotA
[ccr_centralized_planner-15] [INFO] [1729090442.938628923] [ccr_centralized_planner]: Received state 9 from robotA
[ccr_centralized_planner-15] [INFO] [1729090443.136177720] [ccr_centralized_planner]: 
[ccr_centralized_planner-15] 
[ccr_centralized_planner-15]  did not replan 
[ccr_centralized_planner-15] 
[ccr_centralized_planner-15] [INFO] [1729090443.136902457] [ccr_centralized_planner]: Sent plan [9, 11, 35, 50, 51, 53, 39, 55, 56, 57, 5, 1] to robotA
[ccr_centralized_planner-15] [INFO] [1729090443.143216871] [ccr_centralized_planner]: Received state 9 from robotA
[ccr_centralized_planner-15] [INFO] [1729090443.336743276] [ccr_centralized_planner]: 
[ccr_centralized_planner-15] 
[ccr_centralized_planner-15]  did not replan 
[ccr_centralized_planner-15] 
[ccr_centralized_planner-15] [INFO] [1729090443.337480506] [ccr_centralized_planner]: Sent plan [9, 11, 35, 50, 51, 53, 39, 55, 56, 57, 5, 1] to robotA
[ccr_centralized_planner-15] [INFO] [1729090443.351094099] [ccr_centralized_planner]: Received state 9 from robotA
[ccr_centralized_planner-15] [INFO] [1729090443.537133103] [ccr_centralized_planner]: 
[ccr_centralized_planner-15] 
[ccr_centralized_planner-15]  did not replan 
[ccr_centralized_planner-15] 
[ccr_centralized_planner-15] [INFO] [1729090443.538073754] [ccr_centralized_planner]: Sent plan [9, 11, 35, 50, 51, 53, 39, 55, 56, 57, 5, 1] to robotA
[ccr_centralized_planner-15] [INFO] [1729090443.539074157] [ccr_centralized_planner]: Received state 9 from robotA
[ccr_centralized_planner-15] [INFO] [1729090443.737233006] [ccr_centralized_planner]: 
[ccr_centralized_planner-15] 
[ccr_centralized_planner-15]  did not replan 
[ccr_centralized_planner-15] 
[ccr_centralized_planner-15] [INFO] [1729090443.737972331] [ccr_centralized_planner]: Sent plan [9, 11, 35, 50, 51, 53, 39, 55, 56, 57, 5, 1] to robotA
[ccr_centralized_planner-15] [INFO] [1729090443.838769347] [ccr_centralized_planner]: Received state 9 from robotA
[ccr_centralized_planner-15] [INFO] [1729090443.937868443] [ccr_centralized_planner]: 
[ccr_centralized_planner-15] 
[ccr_centralized_planner-15]  did not replan 
[ccr_centralized_planner-15] 
[ccr_centralized_planner-15] [INFO] [1729090443.938618177] [ccr_centralized_planner]: Sent plan [9, 11, 35, 50, 51, 53, 39, 55, 56, 57, 5, 1] to robotA
[ccr_centralized_planner-15] [INFO] [1729090444.046166275] [ccr_centralized_planner]: Received state 9 from robotA
[ccr_centralized_planner-15] [INFO] [1729090444.139293028] [ccr_centralized_planner]: 
[ccr_centralized_planner-15] 
[ccr_centralized_planner-15]  did not replan 
[ccr_centralized_planner-15] 
[ccr_centralized_planner-15] [INFO] [1729090444.140417824] [ccr_centralized_planner]: Sent plan [9, 11, 35, 50, 51, 53, 39, 55, 56, 57, 5, 1] to robotA
[ccr_centralized_planner-15] [INFO] [1729090444.250865150] [ccr_centralized_planner]: Received state 9 from robotA
[ccr_centralized_planner-15] [INFO] [1729090444.338918413] [ccr_centralized_planner]: 
[ccr_centralized_planner-15] 
[ccr_centralized_planner-15]  did not replan 
[ccr_centralized_planner-15] 
[ccr_centralized_planner-15] [INFO] [1729090444.339619406] [ccr_centralized_planner]: Sent plan [9, 11, 35, 50, 51, 53, 39, 55, 56, 57, 5, 1] to robotA
[ccr_centralized_planner-15] [INFO] [1729090444.442332870] [ccr_centralized_planner]: Received state 9 from robotA
[command_node-3] [INFO] [1729090444.539620995] [command_node]: robotA: running
[ccr_centralized_planner-15] [INFO] [1729090444.539703500] [ccr_centralized_planner]: 
[ccr_centralized_planner-15] 
[ccr_centralized_planner-15]  did not replan 
[ccr_centralized_planner-15] 
[ccr_centralized_planner-15] [INFO] [1729090444.540579590] [ccr_centralized_planner]: Sent plan [9, 11, 35, 50, 51, 53, 39, 55, 56, 57, 5, 1] to robotA
[ccr_centralized_planner-15] [INFO] [1729090444.642488358] [ccr_centralized_planner]: Received state 9 from robotA
[ccr_centralized_planner-15] [INFO] [1729090444.739696683] [ccr_centralized_planner]: 
[ccr_centralized_planner-15] 
[ccr_centralized_planner-15]  did not replan 
[ccr_centralized_planner-15] 
[ccr_centralized_planner-15] [INFO] [1729090444.740262543] [ccr_centralized_planner]: Sent plan [9, 11, 35, 50, 51, 53, 39, 55, 56, 57, 5, 1] to robotA
[ccr_centralized_planner-15] [INFO] [1729090444.842113493] [ccr_centralized_planner]: Received state 9 from robotA
[ccr_centralized_planner-15] [INFO] [1729090444.940948514] [ccr_centralized_planner]: 
[ccr_centralized_planner-15] 
[ccr_centralized_planner-15]  did not replan 
[ccr_centralized_planner-15] 
[ccr_centralized_planner-15] [INFO] [1729090444.942012887] [ccr_centralized_planner]: Sent plan [9, 11, 35, 50, 51, 53, 39, 55, 56, 57, 5, 1] to robotA
[ccr_centralized_planner-15] [INFO] [1729090445.043104776] [ccr_centralized_planner]: Received state 9 from robotA
[ccr_centralized_planner-15] [INFO] [1729090445.241029537] [ccr_centralized_planner]: 
[ccr_centralized_planner-15] 
[ccr_centralized_planner-15]  did not replan 
[ccr_centralized_planner-15] 
[ccr_centralized_planner-15] [INFO] [1729090445.241844853] [ccr_centralized_planner]: Sent plan [9, 11, 35, 50, 51, 53, 39, 55, 56, 57, 5, 1] to robotA
[ccr_centralized_planner-15] [INFO] [1729090445.242799401] [ccr_centralized_planner]: Received state 9 from robotA
[ccr_centralized_planner-15] [INFO] [1729090445.441402271] [ccr_centralized_planner]: 
[ccr_centralized_planner-15] 
[ccr_centralized_planner-15]  did not replan 
[ccr_centralized_planner-15] 
[ccr_centralized_planner-15] [INFO] [1729090445.442179386] [ccr_centralized_planner]: Sent plan [9, 11, 35, 50, 51, 53, 39, 55, 56, 57, 5, 1] to robotA
[ccr_centralized_planner-15] [INFO] [1729090445.444148373] [ccr_centralized_planner]: Received state 9 from robotA
[ccr_centralized_planner-15] [INFO] [1729090445.642257289] [ccr_centralized_planner]: 
[ccr_centralized_planner-15] 
[ccr_centralized_planner-15]  did not replan 
[ccr_centralized_planner-15] 
[ccr_centralized_planner-15] [INFO] [1729090445.642974782] [ccr_centralized_planner]: Sent plan [9, 11, 35, 50, 51, 53, 39, 55, 56, 57, 5, 1] to robotA
[ccr_centralized_planner-15] [INFO] [1729090445.644247606] [ccr_centralized_planner]: Received state 11 from robotA
[ccr_local_planner-14] [INFO] [1729090445.644397377] [robotA.ccr_local_planner]: new state 11
[ccr_centralized_planner-15] [INFO] [1729090445.842996830] [ccr_centralized_planner]: 
[ccr_centralized_planner-15] 
[ccr_centralized_planner-15]  did not replan 
[ccr_centralized_planner-15] 
[ccr_centralized_planner-15] [INFO] [1729090445.843756843] [ccr_centralized_planner]: Sent plan [11, 35, 50, 51, 53, 39, 55, 56, 57, 5, 1] to robotA
[ccr_centralized_planner-15] [INFO] [1729090445.844622805] [ccr_centralized_planner]: Received state 11 from robotA
[ccr_local_planner-14] [INFO] [1729090445.869239180] [robotA.ccr_local_planner]: new plan: [11, 35, 50], remainder: [51, 53, 39, 55, 56, 57, 5, 1]
[ccr_centralized_planner-15] [INFO] [1729090446.044244934] [ccr_centralized_planner]: 
[ccr_centralized_planner-15] 
[ccr_centralized_planner-15]  did not replan 
[ccr_centralized_planner-15] 
[ccr_centralized_planner-15] [INFO] [1729090446.045495997] [ccr_centralized_planner]: Sent plan [11, 35, 50, 51, 53, 39, 55, 56, 57, 5, 1] to robotA
[ccr_centralized_planner-15] [INFO] [1729090446.047038265] [ccr_centralized_planner]: Received state 11 from robotA
[ccr_centralized_planner-15] [INFO] [1729090446.244445056] [ccr_centralized_planner]: 
[ccr_centralized_planner-15] 
[ccr_centralized_planner-15]  did not replan 
[ccr_centralized_planner-15] 
[ccr_centralized_planner-15] [INFO] [1729090446.245293945] [ccr_centralized_planner]: Sent plan [11, 35, 50, 51, 53, 39, 55, 56, 57, 5, 1] to robotA
[ccr_centralized_planner-15] [INFO] [1729090446.248981801] [ccr_centralized_planner]: Received state 11 from robotA
[ccr_centralized_planner-15] [INFO] [1729090446.444972951] [ccr_centralized_planner]: 
[ccr_centralized_planner-15] 
[ccr_centralized_planner-15]  did not replan 
[ccr_centralized_planner-15] 
[ccr_centralized_planner-15] [INFO] [1729090446.445921657] [ccr_centralized_planner]: Sent plan [11, 35, 50, 51, 53, 39, 55, 56, 57, 5, 1] to robotA
[ccr_centralized_planner-15] [INFO] [1729090446.455112487] [ccr_centralized_planner]: Received state 11 from robotA
[ccr_centralized_planner-15] [INFO] [1729090446.645420235] [ccr_centralized_planner]: 
[ccr_centralized_planner-15] 
[ccr_centralized_planner-15]  did not replan 
[ccr_centralized_planner-15] 
[command_node-3] [INFO] [1729090446.645465951] [command_node]: robotA: running
[ccr_centralized_planner-15] [INFO] [1729090446.646163146] [ccr_centralized_planner]: Sent plan [11, 35, 50, 51, 53, 39, 55, 56, 57, 5, 1] to robotA
[ccr_centralized_planner-15] [INFO] [1729090446.648813880] [ccr_centralized_planner]: Received state 35 from robotA
[ccr_local_planner-14] [INFO] [1729090446.649217556] [robotA.ccr_local_planner]: new state 35
[ccr_centralized_planner-15] [INFO] [1729090446.845646265] [ccr_centralized_planner]: 
[ccr_centralized_planner-15] 
[ccr_centralized_planner-15]  did not replan 
[ccr_centralized_planner-15] 
[ccr_centralized_planner-15] [INFO] [1729090446.846391140] [ccr_centralized_planner]: Sent plan [35, 50, 51, 53, 39, 55, 56, 57, 5, 1] to robotA
[ccr_centralized_planner-15] [INFO] [1729090446.847634478] [ccr_centralized_planner]: Received state 35 from robotA
[ccr_local_planner-14] [INFO] [1729090446.912767732] [robotA.ccr_local_planner]: new plan: [35, 50, 51], remainder: [53, 39, 55, 56, 57, 5, 1]
[ccr_centralized_planner-15] [INFO] [1729090447.046237129] [ccr_centralized_planner]: 
[ccr_centralized_planner-15] 
[ccr_centralized_planner-15]  did not replan 
[ccr_centralized_planner-15] 
[ccr_centralized_planner-15] [INFO] [1729090447.046975722] [ccr_centralized_planner]: Sent plan [35, 50, 51, 53, 39, 55, 56, 57, 5, 1] to robotA
[ccr_centralized_planner-15] [INFO] [1729090447.048367428] [ccr_centralized_planner]: Received state 35 from robotA
[ccr_centralized_planner-15] [INFO] [1729090447.247043495] [ccr_centralized_planner]: 
[ccr_centralized_planner-15] 
[ccr_centralized_planner-15]  did not replan 
[ccr_centralized_planner-15] 
[ccr_centralized_planner-15] [INFO] [1729090447.247805853] [ccr_centralized_planner]: Sent plan [35, 50, 51, 53, 39, 55, 56, 57, 5, 1] to robotA
[ccr_centralized_planner-15] [INFO] [1729090447.251209897] [ccr_centralized_planner]: Received state 35 from robotA
[ccr_centralized_planner-15] [INFO] [1729090447.447132729] [ccr_centralized_planner]: 
[ccr_centralized_planner-15] 
[ccr_centralized_planner-15]  did not replan 
[ccr_centralized_planner-15] 
[ccr_centralized_planner-15] [INFO] [1729090447.447849251] [ccr_centralized_planner]: Sent plan [35, 50, 51, 53, 39, 55, 56, 57, 5, 1] to robotA
[ccr_centralized_planner-15] [INFO] [1729090447.449776851] [ccr_centralized_planner]: Received state 35 from robotA
[ccr_centralized_planner-15] [INFO] [1729090447.647922013] [ccr_centralized_planner]: 
[ccr_centralized_planner-15] 
[ccr_centralized_planner-15]  did not replan 
[ccr_centralized_planner-15] 
[ccr_centralized_planner-15] [INFO] [1729090447.649026361] [ccr_centralized_planner]: Sent plan [35, 50, 51, 53, 39, 55, 56, 57, 5, 1] to robotA
[ccr_centralized_planner-15] [INFO] [1729090447.650251606] [ccr_centralized_planner]: Received state 35 from robotA
[ccr_centralized_planner-15] [INFO] [1729090447.847808468] [ccr_centralized_planner]: 
[ccr_centralized_planner-15] 
[ccr_centralized_planner-15]  did not replan 
[ccr_centralized_planner-15] 
[ccr_centralized_planner-15] [INFO] [1729090447.848739110] [ccr_centralized_planner]: Sent plan [35, 50, 51, 53, 39, 55, 56, 57, 5, 1] to robotA
[ccr_centralized_planner-15] [INFO] [1729090447.849764611] [ccr_centralized_planner]: Received state 35 from robotA
[ccr_centralized_planner-15] [INFO] [1729090448.048041210] [ccr_centralized_planner]: 
[ccr_centralized_planner-15] 
[ccr_centralized_planner-15]  did not replan 
[ccr_centralized_planner-15] 
[ccr_centralized_planner-15] [INFO] [1729090448.048872086] [ccr_centralized_planner]: Sent plan [35, 50, 51, 53, 39, 55, 56, 57, 5, 1] to robotA
[ccr_centralized_planner-15] [INFO] [1729090448.049811515] [ccr_centralized_planner]: Received state 35 from robotA
[ccr_centralized_planner-15] [INFO] [1729090448.248133270] [ccr_centralized_planner]: 
[ccr_centralized_planner-15] 
[ccr_centralized_planner-15]  did not replan 
[ccr_centralized_planner-15] 
[ccr_centralized_planner-15] [INFO] [1729090448.248927467] [ccr_centralized_planner]: Sent plan [35, 50, 51, 53, 39, 55, 56, 57, 5, 1] to robotA
[ccr_centralized_planner-15] [INFO] [1729090448.254733048] [ccr_centralized_planner]: Received state 35 from robotA
[ccr_centralized_planner-15] [INFO] [1729090448.449002925] [ccr_centralized_planner]: 
[ccr_centralized_planner-15] 
[ccr_centralized_planner-15]  did not replan 
[ccr_centralized_planner-15] 
[ccr_centralized_planner-15] [INFO] [1729090448.449761465] [ccr_centralized_planner]: Sent plan [35, 50, 51, 53, 39, 55, 56, 57, 5, 1] to robotA
[ccr_centralized_planner-15] [INFO] [1729090448.451255042] [ccr_centralized_planner]: Received state 35 from robotA
[ccr_centralized_planner-15] [INFO] [1729090448.649619196] [ccr_centralized_planner]: 
[ccr_centralized_planner-15] 
[ccr_centralized_planner-15]  did not replan 
[ccr_centralized_planner-15] 
[command_node-3] [INFO] [1729090448.649780287] [command_node]: robotA: running
[ccr_centralized_planner-15] [INFO] [1729090448.650399437] [ccr_centralized_planner]: Sent plan [35, 50, 51, 53, 39, 55, 56, 57, 5, 1] to robotA
[ccr_centralized_planner-15] [INFO] [1729090448.651297138] [ccr_centralized_planner]: Received state 35 from robotA
[ccr_centralized_planner-15] [INFO] [1729090448.850238512] [ccr_centralized_planner]: 
[ccr_centralized_planner-15] 
[ccr_centralized_planner-15]  did not replan 
[ccr_centralized_planner-15] 
[ccr_centralized_planner-15] [INFO] [1729090448.851063317] [ccr_centralized_planner]: Sent plan [35, 50, 51, 53, 39, 55, 56, 57, 5, 1] to robotA
[ccr_local_planner-14] [INFO] [1729090448.951641001] [robotA.ccr_local_planner]: new state 50
[ccr_centralized_planner-15] [INFO] [1729090448.952081757] [ccr_centralized_planner]: Received state 50 from robotA
[ccr_centralized_planner-15] [INFO] [1729090449.050809989] [ccr_centralized_planner]: 
[ccr_centralized_planner-15] 
[ccr_centralized_planner-15]  did not replan 
[ccr_centralized_planner-15] 
[ccr_centralized_planner-15] [INFO] [1729090449.051633291] [ccr_centralized_planner]: Sent plan [50, 51, 53, 39, 55, 56, 57, 5, 1] to robotA
[ccr_local_planner-14] [INFO] [1729090449.052102750] [robotA.ccr_local_planner]: new plan: [50, 51, 53], remainder: [39, 55, 56, 57, 5, 1]
[ccr_centralized_planner-15] [INFO] [1729090449.152443812] [ccr_centralized_planner]: Received state 50 from robotA
[ccr_centralized_planner-15] [INFO] [1729090449.250645047] [ccr_centralized_planner]: 
[ccr_centralized_planner-15] 
[ccr_centralized_planner-15]  did not replan 
[ccr_centralized_planner-15] 
[ccr_centralized_planner-15] [INFO] [1729090449.251327164] [ccr_centralized_planner]: Sent plan [50, 51, 53, 39, 55, 56, 57, 5, 1] to robotA
[ccr_centralized_planner-15] [INFO] [1729090449.356709877] [ccr_centralized_planner]: Received state 50 from robotA
[ccr_centralized_planner-15] [INFO] [1729090449.451200483] [ccr_centralized_planner]: 
[ccr_centralized_planner-15] 
[ccr_centralized_planner-15]  did not replan 
[ccr_centralized_planner-15] 
[ccr_centralized_planner-15] [INFO] [1729090449.451934919] [ccr_centralized_planner]: Sent plan [50, 51, 53, 39, 55, 56, 57, 5, 1] to robotA
[ccr_centralized_planner-15] [INFO] [1729090449.553309316] [ccr_centralized_planner]: Received state 50 from robotA
[ccr_centralized_planner-15] [INFO] [1729090449.651223303] [ccr_centralized_planner]: 
[ccr_centralized_planner-15] 
[ccr_centralized_planner-15]  did not replan 
[ccr_centralized_planner-15] 
[ccr_centralized_planner-15] [INFO] [1729090449.651814189] [ccr_centralized_planner]: Sent plan [50, 51, 53, 39, 55, 56, 57, 5, 1] to robotA
[ccr_centralized_planner-15] [INFO] [1729090449.753561826] [ccr_centralized_planner]: Received state 50 from robotA
[ccr_centralized_planner-15] [INFO] [1729090449.852051280] [ccr_centralized_planner]: 
[ccr_centralized_planner-15] 
[ccr_centralized_planner-15]  did not replan 
[ccr_centralized_planner-15] 
[ccr_centralized_planner-15] [INFO] [1729090449.852908044] [ccr_centralized_planner]: Sent plan [50, 51, 53, 39, 55, 56, 57, 5, 1] to robotA
[ccr_centralized_planner-15] [INFO] [1729090449.954594486] [ccr_centralized_planner]: Received state 51 from robotA
[ccr_local_planner-14] [INFO] [1729090449.954860655] [robotA.ccr_local_planner]: new state 51
[ccr_centralized_planner-15] [INFO] [1729090450.151993702] [ccr_centralized_planner]: 
[ccr_centralized_planner-15] 
[ccr_centralized_planner-15]  did not replan 
[ccr_centralized_planner-15] 
[ccr_centralized_planner-15] [INFO] [1729090450.152613242] [ccr_centralized_planner]: Sent plan [51, 53, 39, 55, 56, 57, 5, 1] to robotA
[ccr_centralized_planner-15] [INFO] [1729090450.154558776] [ccr_centralized_planner]: Received state 51 from robotA
[ccr_local_planner-14] [INFO] [1729090450.174670626] [robotA.ccr_local_planner]: new plan: [51, 53, 39], remainder: [55, 56, 57, 5, 1]
[ccr_centralized_planner-15] [INFO] [1729090450.352731871] [ccr_centralized_planner]: 
[ccr_centralized_planner-15] 
[ccr_centralized_planner-15]  did not replan 
[ccr_centralized_planner-15] 
[ccr_centralized_planner-15] [INFO] [1729090450.353553840] [ccr_centralized_planner]: Sent plan [51, 53, 39, 55, 56, 57, 5, 1] to robotA
[ccr_centralized_planner-15] [INFO] [1729090450.354682013] [ccr_centralized_planner]: Received state 51 from robotA
[ccr_centralized_planner-15] [INFO] [1729090450.552697874] [ccr_centralized_planner]: 
[ccr_centralized_planner-15] 
[ccr_centralized_planner-15]  did not replan 
[ccr_centralized_planner-15] 
[ccr_centralized_planner-15] [INFO] [1729090450.553513211] [ccr_centralized_planner]: Sent plan [51, 53, 39, 55, 56, 57, 5, 1] to robotA
[ccr_centralized_planner-15] [INFO] [1729090450.554441449] [ccr_centralized_planner]: Received state 51 from robotA
[ccr_centralized_planner-15] [INFO] [1729090450.752818647] [ccr_centralized_planner]: 
[ccr_centralized_planner-15] 
[ccr_centralized_planner-15]  did not replan 
[ccr_centralized_planner-15] 
[command_node-3] [INFO] [1729090450.752964210] [command_node]: robotA: running
[ccr_centralized_planner-15] [INFO] [1729090450.753527865] [ccr_centralized_planner]: Sent plan [51, 53, 39, 55, 56, 57, 5, 1] to robotA
[ccr_centralized_planner-15] [INFO] [1729090450.756955975] [ccr_centralized_planner]: Received state 51 from robotA
[ccr_centralized_planner-15] [INFO] [1729090450.953147480] [ccr_centralized_planner]: 
[ccr_centralized_planner-15] 
[ccr_centralized_planner-15]  did not replan 
[ccr_centralized_planner-15] 
[ccr_centralized_planner-15] [INFO] [1729090450.953848503] [ccr_centralized_planner]: Sent plan [51, 53, 39, 55, 56, 57, 5, 1] to robotA
[ccr_centralized_planner-15] [INFO] [1729090450.961932170] [ccr_centralized_planner]: Received state 51 from robotA
[ccr_centralized_planner-15] [INFO] [1729090451.154079232] [ccr_centralized_planner]: 
[ccr_centralized_planner-15] 
[ccr_centralized_planner-15]  did not replan 
[ccr_centralized_planner-15] 
[ccr_centralized_planner-15] [INFO] [1729090451.154909206] [ccr_centralized_planner]: Sent plan [51, 53, 39, 55, 56, 57, 5, 1] to robotA
[ccr_centralized_planner-15] [INFO] [1729090451.163162691] [ccr_centralized_planner]: Received state 51 from robotA
[ccr_centralized_planner-15] [INFO] [1729090451.354884166] [ccr_centralized_planner]: 
[ccr_centralized_planner-15] 
[ccr_centralized_planner-15]  did not replan 
[ccr_centralized_planner-15] 
[ccr_centralized_planner-15] [INFO] [1729090451.356660512] [ccr_centralized_planner]: Sent plan [51, 53, 39, 55, 56, 57, 5, 1] to robotA
[ccr_centralized_planner-15] [INFO] [1729090451.358911146] [ccr_centralized_planner]: Received state 51 from robotA
[ccr_centralized_planner-15] [INFO] [1729090451.554171879] [ccr_centralized_planner]: 
[ccr_centralized_planner-15] 
[ccr_centralized_planner-15]  did not replan 
[ccr_centralized_planner-15] 
[ccr_centralized_planner-15] [INFO] [1729090451.554982346] [ccr_centralized_planner]: Sent plan [51, 53, 39, 55, 56, 57, 5, 1] to robotA
[ccr_centralized_planner-15] [INFO] [1729090451.556869550] [ccr_centralized_planner]: Received state 51 from robotA
[ccr_centralized_planner-15] [INFO] [1729090451.754609755] [ccr_centralized_planner]: 
[ccr_centralized_planner-15] 
[ccr_centralized_planner-15]  did not replan 
[ccr_centralized_planner-15] 
[ccr_centralized_planner-15] [INFO] [1729090451.755499271] [ccr_centralized_planner]: Sent plan [51, 53, 39, 55, 56, 57, 5, 1] to robotA
[ccr_centralized_planner-15] [INFO] [1729090451.757434194] [ccr_centralized_planner]: Received state 51 from robotA
[ccr_centralized_planner-15] [INFO] [1729090451.955539623] [ccr_centralized_planner]: 
[ccr_centralized_planner-15] 
[ccr_centralized_planner-15]  did not replan 
[ccr_centralized_planner-15] 
[ccr_centralized_planner-15] [INFO] [1729090451.956359739] [ccr_centralized_planner]: Sent plan [51, 53, 39, 55, 56, 57, 5, 1] to robotA
[ccr_centralized_planner-15] [INFO] [1729090451.957812229] [ccr_centralized_planner]: Received state 51 from robotA
[ccr_centralized_planner-15] [INFO] [1729090452.155918870] [ccr_centralized_planner]: 
[ccr_centralized_planner-15] 
[ccr_centralized_planner-15]  did not replan 
[ccr_centralized_planner-15] 
[ccr_centralized_planner-15] [INFO] [1729090452.156734347] [ccr_centralized_planner]: Sent plan [51, 53, 39, 55, 56, 57, 5, 1] to robotA
[ccr_centralized_planner-15] [INFO] [1729090452.158061682] [ccr_centralized_planner]: Received state 51 from robotA
[ccr_centralized_planner-15] [INFO] [1729090452.356156181] [ccr_centralized_planner]: 
[ccr_centralized_planner-15] 
[ccr_centralized_planner-15]  did not replan 
[ccr_centralized_planner-15] 
[ccr_centralized_planner-15] [INFO] [1729090452.356916575] [ccr_centralized_planner]: Sent plan [51, 53, 39, 55, 56, 57, 5, 1] to robotA
[ccr_centralized_planner-15] [INFO] [1729090452.359011277] [ccr_centralized_planner]: Received state 51 from robotA
[ccr_local_planner-14] [INFO] [1729090452.899234083] [robotA.ccr_local_planner]: new state 53
[ccr_centralized_planner-15] [INFO] [1729090452.899287092] [ccr_centralized_planner]: 
[ccr_centralized_planner-15] 
[ccr_centralized_planner-15]  did not replan 
[ccr_centralized_planner-15] 
[command_node-3] [INFO] [1729090452.899286901] [command_node]: robotA: running
[ccr_centralized_planner-15] [INFO] [1729090452.902659978] [ccr_centralized_planner]: Sent plan [51, 53, 39, 55, 56, 57, 5, 1] to robotA
[ccr_centralized_planner-15] [INFO] [1729090452.904077042] [ccr_centralized_planner]: Received state 51 from robotA
[ccr_centralized_planner-15] [INFO] [1729090452.905346870] [ccr_centralized_planner]: 
[ccr_centralized_planner-15] 
[ccr_centralized_planner-15]  did not replan 
[ccr_centralized_planner-15] 
[ccr_centralized_planner-15] [INFO] [1729090452.906072058] [ccr_centralized_planner]: Sent plan [51, 53, 39, 55, 56, 57, 5, 1] to robotA
[ccr_centralized_planner-15] [INFO] [1729090452.907906933] [ccr_centralized_planner]: Received state 53 from robotA
[ccr_centralized_planner-15] [INFO] [1729090452.957428925] [ccr_centralized_planner]: 
[ccr_centralized_planner-15] 
[ccr_centralized_planner-15]  did not replan 
[ccr_centralized_planner-15] 
[ccr_centralized_planner-15] [INFO] [1729090452.958309303] [ccr_centralized_planner]: Sent plan [53, 39, 55, 56, 57, 5, 1] to robotA
[ccr_local_planner-14] [INFO] [1729090452.961224041] [robotA.ccr_local_planner]: new plan: [53, 39, 55], remainder: [56, 57, 5, 1]
[ccr_centralized_planner-15] [INFO] [1729090452.972717753] [ccr_centralized_planner]: Received state 53 from robotA
[ccr_centralized_planner-15] [INFO] [1729090453.289940985] [ccr_centralized_planner]: 
[ccr_centralized_planner-15] 
[ccr_centralized_planner-15]  did not replan 
[ccr_centralized_planner-15] 
[ccr_centralized_planner-15] [INFO] [1729090453.290845098] [ccr_centralized_planner]: Sent plan [53, 39, 55, 56, 57, 5, 1] to robotA
[ccr_centralized_planner-15] [INFO] [1729090453.291983630] [ccr_centralized_planner]: Received state 53 from robotA
[ccr_centralized_planner-15] [INFO] [1729090453.358077062] [ccr_centralized_planner]: 
[ccr_centralized_planner-15] 
[ccr_centralized_planner-15]  did not replan 
[ccr_centralized_planner-15] 
[ccr_centralized_planner-15] [INFO] [1729090453.358910323] [ccr_centralized_planner]: Sent plan [53, 39, 55, 56, 57, 5, 1] to robotA
[ccr_centralized_planner-15] [INFO] [1729090453.360056429] [ccr_centralized_planner]: Received state 53 from robotA
[ccr_centralized_planner-15] [INFO] [1729090453.558536148] [ccr_centralized_planner]: 
[ccr_centralized_planner-15] 
[ccr_centralized_planner-15]  did not replan 
[ccr_centralized_planner-15] 
[ccr_centralized_planner-15] [INFO] [1729090453.559376452] [ccr_centralized_planner]: Sent plan [53, 39, 55, 56, 57, 5, 1] to robotA
[ccr_centralized_planner-15] [INFO] [1729090453.661842192] [ccr_centralized_planner]: Received state 53 from robotA
[ccr_centralized_planner-15] [INFO] [1729090453.759183547] [ccr_centralized_planner]: 
[ccr_centralized_planner-15] 
[ccr_centralized_planner-15]  did not replan 
[ccr_centralized_planner-15] 
[ccr_centralized_planner-15] [INFO] [1729090453.759908765] [ccr_centralized_planner]: Sent plan [53, 39, 55, 56, 57, 5, 1] to robotA
[ccr_centralized_planner-15] [INFO] [1729090453.867039822] [ccr_centralized_planner]: Received state 53 from robotA
[ccr_centralized_planner-15] [INFO] [1729090453.959555040] [ccr_centralized_planner]: 
[ccr_centralized_planner-15] 
[ccr_centralized_planner-15]  did not replan 
[ccr_centralized_planner-15] 
[ccr_centralized_planner-15] [INFO] [1729090453.960294775] [ccr_centralized_planner]: Sent plan [53, 39, 55, 56, 57, 5, 1] to robotA
[ccr_centralized_planner-15] [INFO] [1729090454.071652847] [ccr_centralized_planner]: Received state 53 from robotA
[ccr_centralized_planner-15] [INFO] [1729090454.159928345] [ccr_centralized_planner]: 
[ccr_centralized_planner-15] 
[ccr_centralized_planner-15]  did not replan 
[ccr_centralized_planner-15] 
[ccr_centralized_planner-15] [INFO] [1729090454.160742410] [ccr_centralized_planner]: Sent plan [53, 39, 55, 56, 57, 5, 1] to robotA
[ccr_centralized_planner-15] [INFO] [1729090454.262746386] [ccr_centralized_planner]: Received state 53 from robotA
[ccr_centralized_planner-15] [INFO] [1729090454.360257038] [ccr_centralized_planner]: 
[ccr_centralized_planner-15] 
[ccr_centralized_planner-15]  did not replan 
[ccr_centralized_planner-15] 
[ccr_centralized_planner-15] [INFO] [1729090454.361021780] [ccr_centralized_planner]: Sent plan [53, 39, 55, 56, 57, 5, 1] to robotA
[ccr_centralized_planner-15] [INFO] [1729090454.462909769] [ccr_centralized_planner]: Received state 53 from robotA
[ccr_centralized_planner-15] [INFO] [1729090454.560821261] [ccr_centralized_planner]: 
[ccr_centralized_planner-15] 
[ccr_centralized_planner-15]  did not replan 
[ccr_centralized_planner-15] 
[ccr_centralized_planner-15] [INFO] [1729090454.561620918] [ccr_centralized_planner]: Sent plan [53, 39, 55, 56, 57, 5, 1] to robotA
[ccr_centralized_planner-15] [INFO] [1729090454.663077228] [ccr_centralized_planner]: Received state 53 from robotA
[ccr_centralized_planner-15] [INFO] [1729090454.861399995] [ccr_centralized_planner]: 
[ccr_centralized_planner-15] 
[ccr_centralized_planner-15]  did not replan 
[ccr_centralized_planner-15] 
[command_node-3] [INFO] [1729090454.861408310] [command_node]: robotA: running
[ccr_centralized_planner-15] [INFO] [1729090454.862142355] [ccr_centralized_planner]: Sent plan [53, 39, 55, 56, 57, 5, 1] to robotA
[ccr_centralized_planner-15] [INFO] [1729090454.863841717] [ccr_centralized_planner]: Received state 53 from robotA
[ccr_centralized_planner-15] [INFO] [1729090455.061668885] [ccr_centralized_planner]: 
[ccr_centralized_planner-15] 
[ccr_centralized_planner-15]  did not replan 
[ccr_centralized_planner-15] 
[ccr_centralized_planner-15] [INFO] [1729090455.062446882] [ccr_centralized_planner]: Sent plan [53, 39, 55, 56, 57, 5, 1] to robotA
[ccr_centralized_planner-15] [INFO] [1729090455.063824431] [ccr_centralized_planner]: Received state 53 from robotA
[ccr_centralized_planner-15] [INFO] [1729090455.261969304] [ccr_centralized_planner]: 
[ccr_centralized_planner-15] 
[ccr_centralized_planner-15]  did not replan 
[ccr_centralized_planner-15] 
[ccr_centralized_planner-15] [INFO] [1729090455.262674084] [ccr_centralized_planner]: Sent plan [53, 39, 55, 56, 57, 5, 1] to robotA
[ccr_local_planner-14] [INFO] [1729090455.263582345] [robotA.ccr_local_planner]: new state 39
[ccr_centralized_planner-15] [INFO] [1729090455.263813097] [ccr_centralized_planner]: Received state 39 from robotA
[ccr_centralized_planner-15] [INFO] [1729090455.462616002] [ccr_centralized_planner]: 
[ccr_centralized_planner-15] 
[ccr_centralized_planner-15]  did not replan 
[ccr_centralized_planner-15] 
[ccr_centralized_planner-15] [INFO] [1729090455.463340188] [ccr_centralized_planner]: Sent plan [39, 55, 56, 57, 5, 1] to robotA
[ccr_centralized_planner-15] [INFO] [1729090455.464434217] [ccr_centralized_planner]: Received state 39 from robotA
[ccr_local_planner-14] [INFO] [1729090455.492380808] [robotA.ccr_local_planner]: new plan: [39, 55, 56], remainder: [57, 5, 1]
[ccr_centralized_planner-15] [INFO] [1729090455.662889231] [ccr_centralized_planner]: 
[ccr_centralized_planner-15] 
[ccr_centralized_planner-15]  did not replan 
[ccr_centralized_planner-15] 
[ccr_centralized_planner-15] [INFO] [1729090455.663681073] [ccr_centralized_planner]: Sent plan [39, 55, 56, 57, 5, 1] to robotA
[ccr_centralized_planner-15] [INFO] [1729090455.664663052] [ccr_centralized_planner]: Received state 39 from robotA
[ccr_centralized_planner-15] [INFO] [1729090455.863453063] [ccr_centralized_planner]: 
[ccr_centralized_planner-15] 
[ccr_centralized_planner-15]  did not replan 
[ccr_centralized_planner-15] 
[ccr_centralized_planner-15] [INFO] [1729090455.864300350] [ccr_centralized_planner]: Sent plan [39, 55, 56, 57, 5, 1] to robotA
[ccr_centralized_planner-15] [INFO] [1729090455.865872945] [ccr_centralized_planner]: Received state 39 from robotA
[ccr_centralized_planner-15] [INFO] [1729090456.063682760] [ccr_centralized_planner]: 
[ccr_centralized_planner-15] 
[ccr_centralized_planner-15]  did not replan 
[ccr_centralized_planner-15] 
[ccr_centralized_planner-15] [INFO] [1729090456.064454235] [ccr_centralized_planner]: Sent plan [39, 55, 56, 57, 5, 1] to robotA
[ccr_centralized_planner-15] [INFO] [1729090456.066580647] [ccr_centralized_planner]: Received state 39 from robotA
[ccr_centralized_planner-15] [INFO] [1729090456.264647733] [ccr_centralized_planner]: 
[ccr_centralized_planner-15] 
[ccr_centralized_planner-15]  did not replan 
[ccr_centralized_planner-15] 
[ccr_centralized_planner-15] [INFO] [1729090456.265497855] [ccr_centralized_planner]: Sent plan [39, 55, 56, 57, 5, 1] to robotA
[ccr_centralized_planner-15] [INFO] [1729090456.273639652] [ccr_centralized_planner]: Received state 39 from robotA
[ccr_centralized_planner-15] [INFO] [1729090456.464597676] [ccr_centralized_planner]: 
[ccr_centralized_planner-15] 
[ccr_centralized_planner-15]  did not replan 
[ccr_centralized_planner-15] 
[ccr_centralized_planner-15] [INFO] [1729090456.465319167] [ccr_centralized_planner]: Sent plan [39, 55, 56, 57, 5, 1] to robotA
[ccr_centralized_planner-15] [INFO] [1729090456.466614543] [ccr_centralized_planner]: Received state 55 from robotA
[ccr_local_planner-14] [INFO] [1729090456.466635212] [robotA.ccr_local_planner]: new state 55
[ccr_centralized_planner-15] [INFO] [1729090456.664860085] [ccr_centralized_planner]: 
[ccr_centralized_planner-15] 
[ccr_centralized_planner-15]  did not replan 
[ccr_centralized_planner-15] 
[ccr_centralized_planner-15] [INFO] [1729090456.665544997] [ccr_centralized_planner]: Sent plan [55, 56, 57, 5, 1] to robotA
[ccr_centralized_planner-15] [INFO] [1729090456.667460233] [ccr_centralized_planner]: Received state 55 from robotA
[ccr_local_planner-14] [INFO] [1729090456.688794373] [robotA.ccr_local_planner]: new plan: [55, 56, 57], remainder: [5, 1]
[ccr_centralized_planner-15] [INFO] [1729090456.865229844] [ccr_centralized_planner]: 
[ccr_centralized_planner-15] 
[ccr_centralized_planner-15]  did not replan 
[ccr_centralized_planner-15] 
[command_node-3] [INFO] [1729090456.865234332] [command_node]: robotA: running
[ccr_centralized_planner-15] [INFO] [1729090456.865921168] [ccr_centralized_planner]: Sent plan [55, 56, 57, 5, 1] to robotA
[ccr_centralized_planner-15] [INFO] [1729090456.868137859] [ccr_centralized_planner]: Received state 55 from robotA
[ccr_centralized_planner-15] [INFO] [1729090457.065542947] [ccr_centralized_planner]: 
[ccr_centralized_planner-15] 
[ccr_centralized_planner-15]  did not replan 
[ccr_centralized_planner-15] 
[ccr_centralized_planner-15] [INFO] [1729090457.066248127] [ccr_centralized_planner]: Sent plan [55, 56, 57, 5, 1] to robotA
[ccr_centralized_planner-15] [INFO] [1729090457.068238525] [ccr_centralized_planner]: Received state 55 from robotA
[ccr_centralized_planner-15] [INFO] [1729090457.265892829] [ccr_centralized_planner]: 
[ccr_centralized_planner-15] 
[ccr_centralized_planner-15]  did not replan 
[ccr_centralized_planner-15] 
[ccr_centralized_planner-15] [INFO] [1729090457.266629989] [ccr_centralized_planner]: Sent plan [55, 56, 57, 5, 1] to robotA
[ccr_centralized_planner-15] [INFO] [1729090457.268219917] [ccr_centralized_planner]: Received state 55 from robotA
[ccr_centralized_planner-15] [INFO] [1729090457.466615990] [ccr_centralized_planner]: 
[ccr_centralized_planner-15] 
[ccr_centralized_planner-15]  did not replan 
[ccr_centralized_planner-15] 
[ccr_centralized_planner-15] [INFO] [1729090457.467363069] [ccr_centralized_planner]: Sent plan [55, 56, 57, 5, 1] to robotA
[ccr_centralized_planner-15] [INFO] [1729090457.468777147] [ccr_centralized_planner]: Received state 55 from robotA
[ccr_centralized_planner-15] [INFO] [1729090457.666929304] [ccr_centralized_planner]: 
[ccr_centralized_planner-15] 
[ccr_centralized_planner-15]  did not replan 
[ccr_centralized_planner-15] 
[ccr_centralized_planner-15] [INFO] [1729090457.667623413] [ccr_centralized_planner]: Sent plan [55, 56, 57, 5, 1] to robotA
[ccr_centralized_planner-15] [INFO] [1729090457.668732360] [ccr_centralized_planner]: Received state 55 from robotA
[ccr_centralized_planner-15] [INFO] [1729090457.867444144] [ccr_centralized_planner]: 
[ccr_centralized_planner-15] 
[ccr_centralized_planner-15]  did not replan 
[ccr_centralized_planner-15] 
[ccr_centralized_planner-15] [INFO] [1729090457.868224456] [ccr_centralized_planner]: Sent plan [55, 56, 57, 5, 1] to robotA
[ccr_centralized_planner-15] [INFO] [1729090457.869565086] [ccr_centralized_planner]: Received state 55 from robotA
[ccr_centralized_planner-15] [INFO] [1729090458.067706392] [ccr_centralized_planner]: 
[ccr_centralized_planner-15] 
[ccr_centralized_planner-15]  did not replan 
[ccr_centralized_planner-15] 
[ccr_centralized_planner-15] [INFO] [1729090458.068434775] [ccr_centralized_planner]: Sent plan [55, 56, 57, 5, 1] to robotA
[ccr_centralized_planner-15] [INFO] [1729090458.070045181] [ccr_centralized_planner]: Received state 55 from robotA
[ccr_centralized_planner-15] [INFO] [1729090458.268391341] [ccr_centralized_planner]: 
[ccr_centralized_planner-15] 
[ccr_centralized_planner-15]  did not replan 
[ccr_centralized_planner-15] 
[ccr_centralized_planner-15] [INFO] [1729090458.269122841] [ccr_centralized_planner]: Sent plan [55, 56, 57, 5, 1] to robotA
[ccr_centralized_planner-15] [INFO] [1729090458.270221638] [ccr_centralized_planner]: Received state 55 from robotA
[ccr_centralized_planner-15] [INFO] [1729090458.468786848] [ccr_centralized_planner]: 
[ccr_centralized_planner-15] 
[ccr_centralized_planner-15]  did not replan 
[ccr_centralized_planner-15] 
[ccr_centralized_planner-15] [INFO] [1729090458.469490646] [ccr_centralized_planner]: Sent plan [55, 56, 57, 5, 1] to robotA
[ccr_centralized_planner-15] [INFO] [1729090458.470300783] [ccr_centralized_planner]: Received state 55 from robotA
[ccr_centralized_planner-15] [INFO] [1729090458.669276953] [ccr_centralized_planner]: 
[ccr_centralized_planner-15] 
[ccr_centralized_planner-15]  did not replan 
[ccr_centralized_planner-15] 
[ccr_centralized_planner-15] [INFO] [1729090458.670043278] [ccr_centralized_planner]: Sent plan [55, 56, 57, 5, 1] to robotA
[ccr_local_planner-14] [INFO] [1729090458.671851474] [robotA.ccr_local_planner]: new state 56
[ccr_centralized_planner-15] [INFO] [1729090458.671892611] [ccr_centralized_planner]: Received state 56 from robotA
[command_node-3] [INFO] [1729090458.869763210] [command_node]: robotA: running
[ccr_centralized_planner-15] [INFO] [1729090458.869857497] [ccr_centralized_planner]: 
[ccr_centralized_planner-15] 
[ccr_centralized_planner-15]  did not replan 
[ccr_centralized_planner-15] 
[ccr_centralized_planner-15] [INFO] [1729090458.870700986] [ccr_centralized_planner]: Sent plan [56, 57, 5, 1] to robotA
[ccr_local_planner-14] [INFO] [1729090458.875089754] [robotA.ccr_local_planner]: new plan: [56, 57, 5], remainder: [1]
[ccr_centralized_planner-15] [INFO] [1729090458.879433218] [ccr_centralized_planner]: Received state 56 from robotA
[ccr_centralized_planner-15] [INFO] [1729090459.070553808] [ccr_centralized_planner]: 
[ccr_centralized_planner-15] 
[ccr_centralized_planner-15]  did not replan 
[ccr_centralized_planner-15] 
[ccr_centralized_planner-15] [INFO] [1729090459.071347594] [ccr_centralized_planner]: Sent plan [56, 57, 5, 1] to robotA
[ccr_centralized_planner-15] [INFO] [1729090459.080383794] [ccr_centralized_planner]: Received state 56 from robotA
[ccr_centralized_planner-15] [INFO] [1729090459.270409344] [ccr_centralized_planner]: 
[ccr_centralized_planner-15] 
[ccr_centralized_planner-15]  did not replan 
[ccr_centralized_planner-15] 
[ccr_centralized_planner-15] [INFO] [1729090459.271099757] [ccr_centralized_planner]: Sent plan [56, 57, 5, 1] to robotA
[ccr_centralized_planner-15] [INFO] [1729090459.272273825] [ccr_centralized_planner]: Received state 56 from robotA
[ccr_centralized_planner-15] [INFO] [1729090459.470716226] [ccr_centralized_planner]: 
[ccr_centralized_planner-15] 
[ccr_centralized_planner-15]  did not replan 
[ccr_centralized_planner-15] 
[ccr_centralized_planner-15] [INFO] [1729090459.471529288] [ccr_centralized_planner]: Sent plan [56, 57, 5, 1] to robotA
[ccr_centralized_planner-15] [INFO] [1729090459.472767126] [ccr_centralized_planner]: Received state 56 from robotA
[ccr_centralized_planner-15] [INFO] [1729090459.671332717] [ccr_centralized_planner]: 
[ccr_centralized_planner-15] 
[ccr_centralized_planner-15]  did not replan 
[ccr_centralized_planner-15] 
[ccr_centralized_planner-15] [INFO] [1729090459.672160767] [ccr_centralized_planner]: Sent plan [56, 57, 5, 1] to robotA
[ccr_centralized_planner-15] [INFO] [1729090459.773344988] [ccr_centralized_planner]: Received state 56 from robotA
[ccr_centralized_planner-15] [INFO] [1729090459.872435097] [ccr_centralized_planner]: 
[ccr_centralized_planner-15] 
[ccr_centralized_planner-15]  did not replan 
[ccr_centralized_planner-15] 
[ccr_centralized_planner-15] [INFO] [1729090459.873147561] [ccr_centralized_planner]: Sent plan [56, 57, 5, 1] to robotA
[ccr_centralized_planner-15] [INFO] [1729090459.973000800] [ccr_centralized_planner]: Received state 56 from robotA
[ccr_centralized_planner-15] [INFO] [1729090460.072320509] [ccr_centralized_planner]: 
[ccr_centralized_planner-15] 
[ccr_centralized_planner-15]  did not replan 
[ccr_centralized_planner-15] 
[ccr_centralized_planner-15] [INFO] [1729090460.073061697] [ccr_centralized_planner]: Sent plan [56, 57, 5, 1] to robotA
[ccr_centralized_planner-15] [INFO] [1729090460.174787573] [ccr_centralized_planner]: Received state 56 from robotA
[ccr_centralized_planner-15] [INFO] [1729090460.272947099] [ccr_centralized_planner]: 
[ccr_centralized_planner-15] 
[ccr_centralized_planner-15]  did not replan 
[ccr_centralized_planner-15] 
[ccr_centralized_planner-15] [INFO] [1729090460.273654815] [ccr_centralized_planner]: Sent plan [56, 57, 5, 1] to robotA
[ccr_centralized_planner-15] [INFO] [1729090460.380075782] [ccr_centralized_planner]: Received state 56 from robotA
[ccr_centralized_planner-15] [INFO] [1729090460.473355912] [ccr_centralized_planner]: 
[ccr_centralized_planner-15] 
[ccr_centralized_planner-15]  did not replan 
[ccr_centralized_planner-15] 
[ccr_centralized_planner-15] [INFO] [1729090460.474096108] [ccr_centralized_planner]: Sent plan [56, 57, 5, 1] to robotA
[ccr_centralized_planner-15] [INFO] [1729090460.576025675] [ccr_centralized_planner]: Received state 56 from robotA
[ccr_centralized_planner-15] [INFO] [1729090460.674057001] [ccr_centralized_planner]: 
[ccr_centralized_planner-15] 
[ccr_centralized_planner-15]  did not replan 
[ccr_centralized_planner-15] 
[ccr_centralized_planner-15] [INFO] [1729090460.675074146] [ccr_centralized_planner]: Sent plan [56, 57, 5, 1] to robotA
[ccr_centralized_planner-15] [INFO] [1729090460.775862747] [ccr_centralized_planner]: Received state 56 from robotA
[ccr_centralized_planner-15] [INFO] [1729090460.874628478] [ccr_centralized_planner]: 
[ccr_centralized_planner-15] 
[ccr_centralized_planner-15]  did not replan 
[ccr_centralized_planner-15] 
[command_node-3] [INFO] [1729090460.874880390] [command_node]: robotA: running
[ccr_centralized_planner-15] [INFO] [1729090460.875433165] [ccr_centralized_planner]: Sent plan [56, 57, 5, 1] to robotA
[ccr_centralized_planner-15] [INFO] [1729090460.977315804] [ccr_centralized_planner]: Received state 56 from robotA
[ccr_centralized_planner-15] [INFO] [1729090461.075164689] [ccr_centralized_planner]: 
[ccr_centralized_planner-15] 
[ccr_centralized_planner-15]  did not replan 
[ccr_centralized_planner-15] 
[ccr_centralized_planner-15] [INFO] [1729090461.075987540] [ccr_centralized_planner]: Sent plan [56, 57, 5, 1] to robotA
[ccr_local_planner-14] [INFO] [1729090461.177400689] [robotA.ccr_local_planner]: new state 57
[ccr_centralized_planner-15] [INFO] [1729090461.177640809] [ccr_centralized_planner]: Received state 57 from robotA
[ccr_centralized_planner-15] [INFO] [1729090461.275782583] [ccr_centralized_planner]: 
[ccr_centralized_planner-15] 
[ccr_centralized_planner-15]  did not replan 
[ccr_centralized_planner-15] 
[ccr_local_planner-14] [INFO] [1729090461.276521046] [robotA.ccr_local_planner]: new plan: [57, 5, 1]
[ccr_centralized_planner-15] [INFO] [1729090461.276665837] [ccr_centralized_planner]: Sent plan [57, 5, 1] to robotA
[ccr_centralized_planner-15] [INFO] [1729090461.378128198] [ccr_centralized_planner]: Received state 57 from robotA
[ccr_centralized_planner-15] [INFO] [1729090461.576423273] [ccr_centralized_planner]: 
[ccr_centralized_planner-15] 
[ccr_centralized_planner-15]  did not replan 
[ccr_centralized_planner-15] 
[ccr_centralized_planner-15] [INFO] [1729090461.577156325] [ccr_centralized_planner]: Sent plan [57, 5, 1] to robotA
[ccr_centralized_planner-15] [INFO] [1729090461.578007960] [ccr_centralized_planner]: Received state 57 from robotA
[ccr_centralized_planner-15] [INFO] [1729090461.776967679] [ccr_centralized_planner]: 
[ccr_centralized_planner-15] 
[ccr_centralized_planner-15]  did not replan 
[ccr_centralized_planner-15] 
[ccr_centralized_planner-15] [INFO] [1729090461.777880118] [ccr_centralized_planner]: Sent plan [57, 5, 1] to robotA
[ccr_centralized_planner-15] [INFO] [1729090461.779039719] [ccr_centralized_planner]: Received state 57 from robotA
[ccr_centralized_planner-15] [INFO] [1729090461.977387632] [ccr_centralized_planner]: 
[ccr_centralized_planner-15] 
[ccr_centralized_planner-15]  did not replan 
[ccr_centralized_planner-15] 
[ccr_centralized_planner-15] [INFO] [1729090461.978287978] [ccr_centralized_planner]: Sent plan [57, 5, 1] to robotA
[ccr_centralized_planner-15] [INFO] [1729090461.979813775] [ccr_centralized_planner]: Received state 57 from robotA
[ccr_centralized_planner-15] [INFO] [1729090462.177773662] [ccr_centralized_planner]: 
[ccr_centralized_planner-15] 
[ccr_centralized_planner-15]  did not replan 
[ccr_centralized_planner-15] 
[ccr_centralized_planner-15] [INFO] [1729090462.178557189] [ccr_centralized_planner]: Sent plan [57, 5, 1] to robotA
[ccr_centralized_planner-15] [INFO] [1729090462.180029967] [ccr_centralized_planner]: Received state 57 from robotA
[ccr_centralized_planner-15] [INFO] [1729090462.377941403] [ccr_centralized_planner]: 
[ccr_centralized_planner-15] 
[ccr_centralized_planner-15]  did not replan 
[ccr_centralized_planner-15] 
[ccr_centralized_planner-15] [INFO] [1729090462.378684985] [ccr_centralized_planner]: Sent plan [57, 5, 1] to robotA
[ccr_centralized_planner-15] [INFO] [1729090462.379519558] [ccr_centralized_planner]: Received state 57 from robotA
[ccr_centralized_planner-15] [INFO] [1729090462.578454640] [ccr_centralized_planner]: 
[ccr_centralized_planner-15] 
[ccr_centralized_planner-15]  did not replan 
[ccr_centralized_planner-15] 
[ccr_centralized_planner-15] [INFO] [1729090462.579254358] [ccr_centralized_planner]: Sent plan [57, 5, 1] to robotA
[ccr_centralized_planner-15] [INFO] [1729090462.580408089] [ccr_centralized_planner]: Received state 57 from robotA
[ccr_centralized_planner-15] [INFO] [1729090462.778690879] [ccr_centralized_planner]: 
[ccr_centralized_planner-15] 
[ccr_centralized_planner-15]  did not replan 
[ccr_centralized_planner-15] 
[ccr_centralized_planner-15] [INFO] [1729090462.779457775] [ccr_centralized_planner]: Sent plan [57, 5, 1] to robotA
[ccr_centralized_planner-15] [INFO] [1729090462.783187790] [ccr_centralized_planner]: Received state 57 from robotA
[command_node-3] [INFO] [1729090462.979316978] [command_node]: robotA: running
[ccr_centralized_planner-15] [INFO] [1729090462.979514218] [ccr_centralized_planner]: 
[ccr_centralized_planner-15] 
[ccr_centralized_planner-15]  did not replan 
[ccr_centralized_planner-15] 
[ccr_centralized_planner-15] [INFO] [1729090462.980367856] [ccr_centralized_planner]: Sent plan [57, 5, 1] to robotA
[ccr_centralized_planner-15] [INFO] [1729090462.984840121] [ccr_centralized_planner]: Received state 57 from robotA
[ccr_centralized_planner-15] [INFO] [1729090463.179996077] [ccr_centralized_planner]: 
[ccr_centralized_planner-15] 
[ccr_centralized_planner-15]  did not replan 
[ccr_centralized_planner-15] 
[ccr_centralized_planner-15] [INFO] [1729090463.181078694] [ccr_centralized_planner]: Sent plan [57, 5, 1] to robotA
[ccr_centralized_planner-15] [INFO] [1729090463.192216690] [ccr_centralized_planner]: Received state 57 from robotA
[ccr_centralized_planner-15] [INFO] [1729090463.380263545] [ccr_centralized_planner]: 
[ccr_centralized_planner-15] 
[ccr_centralized_planner-15]  did not replan 
[ccr_centralized_planner-15] 
[ccr_centralized_planner-15] [INFO] [1729090463.381262315] [ccr_centralized_planner]: Sent plan [57, 5, 1] to robotA
[ccr_centralized_planner-15] [INFO] [1729090463.382516403] [ccr_centralized_planner]: Received state 57 from robotA
[ccr_centralized_planner-15] [INFO] [1729090463.580513129] [ccr_centralized_planner]: 
[ccr_centralized_planner-15] 
[ccr_centralized_planner-15]  did not replan 
[ccr_centralized_planner-15] 
[ccr_centralized_planner-15] [INFO] [1729090463.581285866] [ccr_centralized_planner]: Sent plan [57, 5, 1] to robotA
[ccr_centralized_planner-15] [INFO] [1729090463.582235484] [ccr_centralized_planner]: Received state 57 from robotA
[ccr_centralized_planner-15] [INFO] [1729090463.780566436] [ccr_centralized_planner]: 
[ccr_centralized_planner-15] 
[ccr_centralized_planner-15]  did not replan 
[ccr_centralized_planner-15] 
[ccr_centralized_planner-15] [INFO] [1729090463.781457765] [ccr_centralized_planner]: Sent plan [57, 5, 1] to robotA
[ccr_centralized_planner-15] [INFO] [1729090463.782933067] [ccr_centralized_planner]: Received state 57 from robotA
[ccr_centralized_planner-15] [INFO] [1729090463.981111914] [ccr_centralized_planner]: 
[ccr_centralized_planner-15] 
[ccr_centralized_planner-15]  did not replan 
[ccr_centralized_planner-15] 
[ccr_centralized_planner-15] [INFO] [1729090463.982110323] [ccr_centralized_planner]: Sent plan [57, 5, 1] to robotA
[ccr_centralized_planner-15] [INFO] [1729090463.983464950] [ccr_centralized_planner]: Received state 5 from robotA
[ccr_local_planner-14] [INFO] [1729090463.983489937] [robotA.ccr_local_planner]: new state 5
[ccr_centralized_planner-15] [INFO] [1729090464.181567874] [ccr_centralized_planner]: 
[ccr_centralized_planner-15] 
[ccr_centralized_planner-15]  did not replan 
[ccr_centralized_planner-15] 
[ccr_centralized_planner-15] [INFO] [1729090464.182280108] [ccr_centralized_planner]: Sent plan [5, 1] to robotA
[ccr_centralized_planner-15] [INFO] [1729090464.184242022] [ccr_centralized_planner]: Received state 5 from robotA
[ccr_local_planner-14] [INFO] [1729090464.208723554] [robotA.ccr_local_planner]: new plan: [5, 1]
[ccr_centralized_planner-15] [INFO] [1729090464.381702192] [ccr_centralized_planner]: 
[ccr_centralized_planner-15] 
[ccr_centralized_planner-15]  did not replan 
[ccr_centralized_planner-15] 
[ccr_centralized_planner-15] [INFO] [1729090464.382472054] [ccr_centralized_planner]: Sent plan [5, 1] to robotA
[ccr_centralized_planner-15] [INFO] [1729090464.384050730] [ccr_centralized_planner]: Received state 5 from robotA
[ccr_centralized_planner-15] [INFO] [1729090464.582349210] [ccr_centralized_planner]: 
[ccr_centralized_planner-15] 
[ccr_centralized_planner-15]  did not replan 
[ccr_centralized_planner-15] 
[ccr_centralized_planner-15] [INFO] [1729090464.583271037] [ccr_centralized_planner]: Sent plan [5, 1] to robotA
[ccr_centralized_planner-15] [INFO] [1729090464.584446247] [ccr_centralized_planner]: Received state 5 from robotA
[ccr_centralized_planner-15] [INFO] [1729090464.782733096] [ccr_centralized_planner]: 
[ccr_centralized_planner-15] 
[ccr_centralized_planner-15]  did not replan 
[ccr_centralized_planner-15] 
[ccr_centralized_planner-15] [INFO] [1729090464.783442194] [ccr_centralized_planner]: Sent plan [5, 1] to robotA
[ccr_centralized_planner-15] [INFO] [1729090464.784312514] [ccr_centralized_planner]: Received state 5 from robotA
[ccr_centralized_planner-15] [INFO] [1729090464.983008980] [ccr_centralized_planner]: 
[ccr_centralized_planner-15] 
[ccr_centralized_planner-15]  did not replan 
[ccr_centralized_planner-15] 
[command_node-3] [INFO] [1729090464.983292741] [command_node]: robotA: running
[ccr_centralized_planner-15] [INFO] [1729090464.983580730] [ccr_centralized_planner]: Sent plan [5, 1] to robotA
[ccr_centralized_planner-15] [INFO] [1729090464.987996368] [ccr_centralized_planner]: Received state 1 from robotA
[ccr_local_planner-14] [INFO] [1729090464.988047194] [robotA.ccr_local_planner]: new state 1
[ccr_goal_provider-12] [INFO] [1729090464.988362284] [ccr_goal_provider]: [32mgoal completed:[0m robotA reached goal 1, going to goal 0 within state 9
[ccr_centralized_planner-15] [INFO] [1729090465.083660774] [ccr_centralized_planner]: Received goal 9 from robotA
[ccr_centralized_planner-15] [INFO] [1729090465.183758300] [ccr_centralized_planner]: 
[ccr_centralized_planner-15] 
[ccr_centralized_planner-15]  replaned due to new goal
[ccr_centralized_planner-15] 
[ccr_centralized_planner-15] [INFO] [1729090465.205468343] [ccr_centralized_planner]: Sent plan [1, 44, 45, 56, 55, 39, 53, 51, 32, 35, 10, 9] to robotA
[ccr_centralized_planner-15] [INFO] [1729090465.205943342] [ccr_centralized_planner]: Received state 1 from robotA
[ccr_local_planner-14] [INFO] [1729090465.211488826] [robotA.ccr_local_planner]: new plan: [1, 44, 45], remainder: [56, 55, 39, 53, 51, 32, 35, 10, 9]
[ccr_centralized_planner-15] [INFO] [1729090465.384058849] [ccr_centralized_planner]: 
[ccr_centralized_planner-15] 
[ccr_centralized_planner-15]  did not replan 
[ccr_centralized_planner-15] 
[ccr_centralized_planner-15] [INFO] [1729090465.384798304] [ccr_centralized_planner]: Sent plan [1, 44, 45, 56, 55, 39, 53, 51, 32, 35, 10, 9] to robotA
[ccr_centralized_planner-15] [INFO] [1729090465.394400995] [ccr_centralized_planner]: Received state 1 from robotA
[ccr_centralized_planner-15] [INFO] [1729090465.584575323] [ccr_centralized_planner]: 
[ccr_centralized_planner-15] 
[ccr_centralized_planner-15]  did not replan 
[ccr_centralized_planner-15] 
[ccr_centralized_planner-15] [INFO] [1729090465.585176359] [ccr_centralized_planner]: Sent plan [1, 44, 45, 56, 55, 39, 53, 51, 32, 35, 10, 9] to robotA
[ccr_centralized_planner-15] [INFO] [1729090465.598928189] [ccr_centralized_planner]: Received state 1 from robotA
[ccr_centralized_planner-15] [INFO] [1729090465.785651706] [ccr_centralized_planner]: 
[ccr_centralized_planner-15] 
[ccr_centralized_planner-15]  did not replan 
[ccr_centralized_planner-15] 
[ccr_centralized_planner-15] [INFO] [1729090465.786847905] [ccr_centralized_planner]: Sent plan [1, 44, 45, 56, 55, 39, 53, 51, 32, 35, 10, 9] to robotA
[ccr_centralized_planner-15] [INFO] [1729090465.801706108] [ccr_centralized_planner]: Received state 1 from robotA
[ccr_centralized_planner-15] [INFO] [1729090465.986069014] [ccr_centralized_planner]: 
[ccr_centralized_planner-15] 
[ccr_centralized_planner-15]  did not replan 
[ccr_centralized_planner-15] 
[ccr_centralized_planner-15] [INFO] [1729090465.986859103] [ccr_centralized_planner]: Sent plan [1, 44, 45, 56, 55, 39, 53, 51, 32, 35, 10, 9] to robotA
[ccr_centralized_planner-15] [INFO] [1729090465.988253434] [ccr_centralized_planner]: Received state 1 from robotA
[ccr_centralized_planner-15] [INFO] [1729090466.186976179] [ccr_centralized_planner]: 
[ccr_centralized_planner-15] 
[ccr_centralized_planner-15]  did not replan 
[ccr_centralized_planner-15] 
[ccr_centralized_planner-15] [INFO] [1729090466.188266155] [ccr_centralized_planner]: Sent plan [1, 44, 45, 56, 55, 39, 53, 51, 32, 35, 10, 9] to robotA
[ccr_centralized_planner-15] [INFO] [1729090466.191470455] [ccr_centralized_planner]: Received state 1 from robotA
[ccr_centralized_planner-15] [INFO] [1729090466.387049072] [ccr_centralized_planner]: 
[ccr_centralized_planner-15] 
[ccr_centralized_planner-15]  did not replan 
[ccr_centralized_planner-15] 
[ccr_centralized_planner-15] [INFO] [1729090466.388115819] [ccr_centralized_planner]: Sent plan [1, 44, 45, 56, 55, 39, 53, 51, 32, 35, 10, 9] to robotA
[ccr_centralized_planner-15] [INFO] [1729090466.495735541] [ccr_centralized_planner]: Received state 1 from robotA
[ccr_centralized_planner-15] [INFO] [1729090466.587261527] [ccr_centralized_planner]: 
[ccr_centralized_planner-15] 
[ccr_centralized_planner-15]  did not replan 
[ccr_centralized_planner-15] 
[ccr_centralized_planner-15] [INFO] [1729090466.588415387] [ccr_centralized_planner]: Sent plan [1, 44, 45, 56, 55, 39, 53, 51, 32, 35, 10, 9] to robotA
[ccr_centralized_planner-15] [INFO] [1729090466.699295765] [ccr_centralized_planner]: Received state 1 from robotA
[ccr_centralized_planner-15] [INFO] [1729090466.787927450] [ccr_centralized_planner]: 
[ccr_centralized_planner-15] 
[ccr_centralized_planner-15]  did not replan 
[ccr_centralized_planner-15] 
[ccr_centralized_planner-15] [INFO] [1729090466.788693665] [ccr_centralized_planner]: Sent plan [1, 44, 45, 56, 55, 39, 53, 51, 32, 35, 10, 9] to robotA
[ccr_centralized_planner-15] [INFO] [1729090466.901638288] [ccr_centralized_planner]: Received state 1 from robotA
[ccr_centralized_planner-15] [INFO] [1729090466.988272323] [ccr_centralized_planner]: 
[ccr_centralized_planner-15] 
[ccr_centralized_planner-15]  did not replan 
[ccr_centralized_planner-15] 
[command_node-3] [INFO] [1729090466.988510088] [command_node]: robotA: running
[ccr_centralized_planner-15] [INFO] [1729090466.989100183] [ccr_centralized_planner]: Sent plan [1, 44, 45, 56, 55, 39, 53, 51, 32, 35, 10, 9] to robotA
[ccr_centralized_planner-15] [INFO] [1729090467.102089440] [ccr_centralized_planner]: Received state 1 from robotA
[ccr_centralized_planner-15] [INFO] [1729090467.188414426] [ccr_centralized_planner]: 
[ccr_centralized_planner-15] 
[ccr_centralized_planner-15]  did not replan 
[ccr_centralized_planner-15] 
[ccr_centralized_planner-15] [INFO] [1729090467.189313600] [ccr_centralized_planner]: Sent plan [1, 44, 45, 56, 55, 39, 53, 51, 32, 35, 10, 9] to robotA
[ccr_centralized_planner-15] [INFO] [1729090467.315551324] [ccr_centralized_planner]: Received state 1 from robotA
[ccr_centralized_planner-15] [INFO] [1729090467.388815494] [ccr_centralized_planner]: 
[ccr_centralized_planner-15] 
[ccr_centralized_planner-15]  did not replan 
[ccr_centralized_planner-15] 
[ccr_centralized_planner-15] [INFO] [1729090467.389674703] [ccr_centralized_planner]: Sent plan [1, 44, 45, 56, 55, 39, 53, 51, 32, 35, 10, 9] to robotA
[ccr_local_planner-14] [INFO] [1729090467.490999316] [robotA.ccr_local_planner]: new state 44
[ccr_centralized_planner-15] [INFO] [1729090467.491071321] [ccr_centralized_planner]: Received state 44 from robotA
[ccr_centralized_planner-15] [INFO] [1729090467.588975801] [ccr_centralized_planner]: 
[ccr_centralized_planner-15] 
[ccr_centralized_planner-15]  did not replan 
[ccr_centralized_planner-15] 
[ccr_local_planner-14] [INFO] [1729090467.589626429] [robotA.ccr_local_planner]: new plan: [44, 45, 56], remainder: [55, 39, 53, 51, 32, 35, 10, 9]
[ccr_centralized_planner-15] [INFO] [1729090467.589785277] [ccr_centralized_planner]: Sent plan [44, 45, 56, 55, 39, 53, 51, 32, 35, 10, 9] to robotA
[ccr_centralized_planner-15] [INFO] [1729090467.692107588] [ccr_centralized_planner]: Received state 44 from robotA
[ccr_centralized_planner-15] [INFO] [1729090467.789659348] [ccr_centralized_planner]: 
[ccr_centralized_planner-15] 
[ccr_centralized_planner-15]  did not replan 
[ccr_centralized_planner-15] 
[ccr_centralized_planner-15] [INFO] [1729090467.790457532] [ccr_centralized_planner]: Sent plan [44, 45, 56, 55, 39, 53, 51, 32, 35, 10, 9] to robotA
[ccr_centralized_planner-15] [INFO] [1729090467.892720002] [ccr_centralized_planner]: Received state 44 from robotA
[ccr_centralized_planner-15] [INFO] [1729090468.090220278] [ccr_centralized_planner]: 
[ccr_centralized_planner-15] 
[ccr_centralized_planner-15]  did not replan 
[ccr_centralized_planner-15] 
[ccr_centralized_planner-15] [INFO] [1729090468.090993436] [ccr_centralized_planner]: Sent plan [44, 45, 56, 55, 39, 53, 51, 32, 35, 10, 9] to robotA
[ccr_centralized_planner-15] [INFO] [1729090468.092809867] [ccr_centralized_planner]: Received state 44 from robotA
[ccr_centralized_planner-15] [INFO] [1729090468.290579788] [ccr_centralized_planner]: 
[ccr_centralized_planner-15] 
[ccr_centralized_planner-15]  did not replan 
[ccr_centralized_planner-15] 
[ccr_centralized_planner-15] [INFO] [1729090468.291316738] [ccr_centralized_planner]: Sent plan [44, 45, 56, 55, 39, 53, 51, 32, 35, 10, 9] to robotA
[ccr_centralized_planner-15] [INFO] [1729090468.292194762] [ccr_centralized_planner]: Received state 44 from robotA
[ccr_centralized_planner-15] [INFO] [1729090468.491086524] [ccr_centralized_planner]: 
[ccr_centralized_planner-15] 
[ccr_centralized_planner-15]  did not replan 
[ccr_centralized_planner-15] 
[ccr_centralized_planner-15] [INFO] [1729090468.491812233] [ccr_centralized_planner]: Sent plan [44, 45, 56, 55, 39, 53, 51, 32, 35, 10, 9] to robotA
[ccr_centralized_planner-15] [INFO] [1729090468.493455389] [ccr_centralized_planner]: Received state 44 from robotA
[ccr_centralized_planner-15] [INFO] [1729090468.691695731] [ccr_centralized_planner]: 
[ccr_centralized_planner-15] 
[ccr_centralized_planner-15]  did not replan 
[ccr_centralized_planner-15] 
[ccr_centralized_planner-15] [INFO] [1729090468.692398076] [ccr_centralized_planner]: Sent plan [44, 45, 56, 55, 39, 53, 51, 32, 35, 10, 9] to robotA
[ccr_centralized_planner-15] [INFO] [1729090468.694194440] [ccr_centralized_planner]: Received state 44 from robotA
[ccr_centralized_planner-15] [INFO] [1729090468.892089525] [ccr_centralized_planner]: 
[ccr_centralized_planner-15] 
[ccr_centralized_planner-15]  did not replan 
[ccr_centralized_planner-15] 
[ccr_centralized_planner-15] [INFO] [1729090468.893144130] [ccr_centralized_planner]: Sent plan [44, 45, 56, 55, 39, 53, 51, 32, 35, 10, 9] to robotA
[ccr_centralized_planner-15] [INFO] [1729090468.894178106] [ccr_centralized_planner]: Received state 44 from robotA
[ccr_centralized_planner-15] [INFO] [1729090469.092567817] [ccr_centralized_planner]: 
[ccr_centralized_planner-15] 
[ccr_centralized_planner-15]  did not replan 
[ccr_centralized_planner-15] 
[command_node-3] [INFO] [1729090469.092795243] [command_node]: robotA: running
[ccr_centralized_planner-15] [INFO] [1729090469.093272607] [ccr_centralized_planner]: Sent plan [44, 45, 56, 55, 39, 53, 51, 32, 35, 10, 9] to robotA
[ccr_centralized_planner-15] [INFO] [1729090469.094494555] [ccr_centralized_planner]: Received state 44 from robotA
[ccr_centralized_planner-15] [INFO] [1729090469.292947345] [ccr_centralized_planner]: 
[ccr_centralized_planner-15] 
[ccr_centralized_planner-15]  did not replan 
[ccr_centralized_planner-15] 
[ccr_centralized_planner-15] [INFO] [1729090469.293719581] [ccr_centralized_planner]: Sent plan [44, 45, 56, 55, 39, 53, 51, 32, 35, 10, 9] to robotA
[ccr_centralized_planner-15] [INFO] [1729090469.296498294] [ccr_centralized_planner]: Received state 44 from robotA
[ccr_centralized_planner-15] [INFO] [1729090469.493532668] [ccr_centralized_planner]: 
[ccr_centralized_planner-15] 
[ccr_centralized_planner-15]  did not replan 
[ccr_centralized_planner-15] 
[ccr_centralized_planner-15] [INFO] [1729090469.494334860] [ccr_centralized_planner]: Sent plan [44, 45, 56, 55, 39, 53, 51, 32, 35, 10, 9] to robotA
[ccr_centralized_planner-15] [INFO] [1729090469.498413878] [ccr_centralized_planner]: Received state 44 from robotA
[ccr_centralized_planner-15] [INFO] [1729090469.693935358] [ccr_centralized_planner]: 
[ccr_centralized_planner-15] 
[ccr_centralized_planner-15]  did not replan 
[ccr_centralized_planner-15] 
[ccr_centralized_planner-15] [INFO] [1729090469.694670415] [ccr_centralized_planner]: Sent plan [44, 45, 56, 55, 39, 53, 51, 32, 35, 10, 9] to robotA
[ccr_centralized_planner-15] [INFO] [1729090469.703664937] [ccr_centralized_planner]: Received state 44 from robotA
[ccr_centralized_planner-15] [INFO] [1729090469.894240156] [ccr_centralized_planner]: 
[ccr_centralized_planner-15] 
[ccr_centralized_planner-15]  did not replan 
[ccr_centralized_planner-15] 
[ccr_centralized_planner-15] [INFO] [1729090469.894972217] [ccr_centralized_planner]: Sent plan [44, 45, 56, 55, 39, 53, 51, 32, 35, 10, 9] to robotA
[ccr_centralized_planner-15] [INFO] [1729090469.905640954] [ccr_centralized_planner]: Received state 44 from robotA
[ccr_centralized_planner-15] [INFO] [1729090470.094459514] [ccr_centralized_planner]: 
[ccr_centralized_planner-15] 
[ccr_centralized_planner-15]  did not replan 
[ccr_centralized_planner-15] 
[ccr_centralized_planner-15] [INFO] [1729090470.095362114] [ccr_centralized_planner]: Sent plan [44, 45, 56, 55, 39, 53, 51, 32, 35, 10, 9] to robotA
[ccr_centralized_planner-15] [INFO] [1729090470.096521565] [ccr_centralized_planner]: Received state 44 from robotA
[ccr_centralized_planner-15] [INFO] [1729090470.294596507] [ccr_centralized_planner]: 
[ccr_centralized_planner-15] 
[ccr_centralized_planner-15]  did not replan 
[ccr_centralized_planner-15] 
[ccr_centralized_planner-15] [INFO] [1729090470.295324490] [ccr_centralized_planner]: Sent plan [44, 45, 56, 55, 39, 53, 51, 32, 35, 10, 9] to robotA
[ccr_centralized_planner-15] [INFO] [1729090470.296567979] [ccr_centralized_planner]: Received state 44 from robotA
[ccr_centralized_planner-15] [INFO] [1729090470.494979631] [ccr_centralized_planner]: 
[ccr_centralized_planner-15] 
[ccr_centralized_planner-15]  did not replan 
[ccr_centralized_planner-15] 
[ccr_centralized_planner-15] [INFO] [1729090470.495742289] [ccr_centralized_planner]: Sent plan [44, 45, 56, 55, 39, 53, 51, 32, 35, 10, 9] to robotA
[ccr_local_planner-14] [INFO] [1729090470.496193464] [robotA.ccr_local_planner]: new state 45
[ccr_centralized_planner-15] [INFO] [1729090470.496719790] [ccr_centralized_planner]: Received state 45 from robotA
[ccr_centralized_planner-15] [INFO] [1729090470.695074375] [ccr_centralized_planner]: 
[ccr_centralized_planner-15] 
[ccr_centralized_planner-15]  did not replan 
[ccr_centralized_planner-15] 
[ccr_centralized_planner-15] [INFO] [1729090470.695812737] [ccr_centralized_planner]: Sent plan [45, 56, 55, 39, 53, 51, 32, 35, 10, 9] to robotA
[ccr_centralized_planner-15] [INFO] [1729090470.699773054] [ccr_centralized_planner]: Received state 45 from robotA
[ccr_local_planner-14] [INFO] [1729090470.732277769] [robotA.ccr_local_planner]: new plan: [45, 56, 55], remainder: [39, 53, 51, 32, 35, 10, 9]
[ccr_centralized_planner-15] [INFO] [1729090470.895936516] [ccr_centralized_planner]: 
[ccr_centralized_planner-15] 
[ccr_centralized_planner-15]  did not replan 
[ccr_centralized_planner-15] 
[ccr_centralized_planner-15] [INFO] [1729090470.896651996] [ccr_centralized_planner]: Sent plan [45, 56, 55, 39, 53, 51, 32, 35, 10, 9] to robotA
[ccr_centralized_planner-15] [INFO] [1729090470.898757308] [ccr_centralized_planner]: Received state 45 from robotA
[ccr_centralized_planner-15] [INFO] [1729090471.096623870] [ccr_centralized_planner]: 
[ccr_centralized_planner-15] 
[ccr_centralized_planner-15]  did not replan 
[ccr_centralized_planner-15] 
[command_node-3] [INFO] [1729090471.096990436] [command_node]: robotA: running
[ccr_centralized_planner-15] [INFO] [1729090471.097402418] [ccr_centralized_planner]: Sent plan [45, 56, 55, 39, 53, 51, 32, 35, 10, 9] to robotA
[ccr_centralized_planner-15] [INFO] [1729090471.098924909] [ccr_centralized_planner]: Received state 45 from robotA
[ccr_centralized_planner-15] [INFO] [1729090471.296978601] [ccr_centralized_planner]: 
[ccr_centralized_planner-15] 
[ccr_centralized_planner-15]  did not replan 
[ccr_centralized_planner-15] 
[ccr_centralized_planner-15] [INFO] [1729090471.297705833] [ccr_centralized_planner]: Sent plan [45, 56, 55, 39, 53, 51, 32, 35, 10, 9] to robotA
[ccr_local_planner-14] [INFO] [1729090471.299062473] [robotA.ccr_local_planner]: new state 56
[ccr_centralized_planner-15] [INFO] [1729090471.299119941] [ccr_centralized_planner]: Received state 56 from robotA
[ccr_centralized_planner-15] [INFO] [1729090471.497721218] [ccr_centralized_planner]: 
[ccr_centralized_planner-15] 
[ccr_centralized_planner-15]  did not replan 
[ccr_centralized_planner-15] 
[ccr_centralized_planner-15] [INFO] [1729090471.498551734] [ccr_centralized_planner]: Sent plan [56, 55, 39, 53, 51, 32, 35, 10, 9] to robotA
[ccr_centralized_planner-15] [INFO] [1729090471.499545023] [ccr_centralized_planner]: Received state 56 from robotA
[ccr_local_planner-14] [INFO] [1729090471.518518342] [robotA.ccr_local_planner]: new plan: [56, 55, 39], remainder: [53, 51, 32, 35, 10, 9]
[ccr_centralized_planner-15] [INFO] [1729090471.698143756] [ccr_centralized_planner]: 
[ccr_centralized_planner-15] 
[ccr_centralized_planner-15]  did not replan 
[ccr_centralized_planner-15] 
[ccr_centralized_planner-15] [INFO] [1729090471.698898269] [ccr_centralized_planner]: Sent plan [56, 55, 39, 53, 51, 32, 35, 10, 9] to robotA
[ccr_centralized_planner-15] [INFO] [1729090471.699777506] [ccr_centralized_planner]: Received state 56 from robotA
[ccr_centralized_planner-15] [INFO] [1729090471.898388251] [ccr_centralized_planner]: 
[ccr_centralized_planner-15] 
[ccr_centralized_planner-15]  did not replan 
[ccr_centralized_planner-15] 
[ccr_centralized_planner-15] [INFO] [1729090471.899163272] [ccr_centralized_planner]: Sent plan [56, 55, 39, 53, 51, 32, 35, 10, 9] to robotA
[ccr_centralized_planner-15] [INFO] [1729090471.900031468] [ccr_centralized_planner]: Received state 56 from robotA
[ccr_centralized_planner-15] [INFO] [1729090472.098388498] [ccr_centralized_planner]: 
[ccr_centralized_planner-15] 
[ccr_centralized_planner-15]  did not replan 
[ccr_centralized_planner-15] 
[ccr_centralized_planner-15] [INFO] [1729090472.099104750] [ccr_centralized_planner]: Sent plan [56, 55, 39, 53, 51, 32, 35, 10, 9] to robotA
[ccr_centralized_planner-15] [INFO] [1729090472.102124955] [ccr_centralized_planner]: Received state 56 from robotA
[ccr_centralized_planner-15] [INFO] [1729090472.299152035] [ccr_centralized_planner]: 
[ccr_centralized_planner-15] 
[ccr_centralized_planner-15]  did not replan 
[ccr_centralized_planner-15] 
[ccr_centralized_planner-15] [INFO] [1729090472.299886791] [ccr_centralized_planner]: Sent plan [56, 55, 39, 53, 51, 32, 35, 10, 9] to robotA
[ccr_centralized_planner-15] [INFO] [1729090472.304421462] [ccr_centralized_planner]: Received state 56 from robotA
[ccr_centralized_planner-15] [INFO] [1729090472.500341058] [ccr_centralized_planner]: 
[ccr_centralized_planner-15] 
[ccr_centralized_planner-15]  did not replan 
[ccr_centralized_planner-15] 
[ccr_centralized_planner-15] [INFO] [1729090472.501490590] [ccr_centralized_planner]: Sent plan [56, 55, 39, 53, 51, 32, 35, 10, 9] to robotA
[ccr_centralized_planner-15] [INFO] [1729090472.511371363] [ccr_centralized_planner]: Received state 56 from robotA
[ccr_centralized_planner-15] [INFO] [1729090472.700323852] [ccr_centralized_planner]: 
[ccr_centralized_planner-15] 
[ccr_centralized_planner-15]  did not replan 
[ccr_centralized_planner-15] 
[ccr_centralized_planner-15] [INFO] [1729090472.701011680] [ccr_centralized_planner]: Sent plan [56, 55, 39, 53, 51, 32, 35, 10, 9] to robotA
[ccr_centralized_planner-15] [INFO] [1729090472.702248867] [ccr_centralized_planner]: Received state 56 from robotA
[ccr_centralized_planner-15] [INFO] [1729090472.900448072] [ccr_centralized_planner]: 
[ccr_centralized_planner-15] 
[ccr_centralized_planner-15]  did not replan 
[ccr_centralized_planner-15] 
[ccr_centralized_planner-15] [INFO] [1729090472.901152461] [ccr_centralized_planner]: Sent plan [56, 55, 39, 53, 51, 32, 35, 10, 9] to robotA
[ccr_centralized_planner-15] [INFO] [1729090473.002452213] [ccr_centralized_planner]: Received state 56 from robotA
[ccr_centralized_planner-15] [INFO] [1729090473.100847962] [ccr_centralized_planner]: 
[ccr_centralized_planner-15] 
[ccr_centralized_planner-15]  did not replan 
[ccr_centralized_planner-15] 
[command_node-3] [INFO] [1729090473.101193389] [command_node]: robotA: running
[ccr_centralized_planner-15] [INFO] [1729090473.101450159] [ccr_centralized_planner]: Sent plan [56, 55, 39, 53, 51, 32, 35, 10, 9] to robotA
[ccr_centralized_planner-15] [INFO] [1729090473.202408394] [ccr_centralized_planner]: Received state 56 from robotA
[ccr_centralized_planner-15] [INFO] [1729090473.301333214] [ccr_centralized_planner]: 
[ccr_centralized_planner-15] 
[ccr_centralized_planner-15]  did not replan 
[ccr_centralized_planner-15] 
[ccr_centralized_planner-15] [INFO] [1729090473.302072647] [ccr_centralized_planner]: Sent plan [56, 55, 39, 53, 51, 32, 35, 10, 9] to robotA
[ccr_local_planner-14] [INFO] [1729090473.402804258] [robotA.ccr_local_planner]: new state 55
[ccr_centralized_planner-15] [INFO] [1729090473.403020463] [ccr_centralized_planner]: Received state 55 from robotA
[ccr_centralized_planner-15] [INFO] [1729090473.501599565] [ccr_centralized_planner]: 
[ccr_centralized_planner-15] 
[ccr_centralized_planner-15]  did not replan 
[ccr_centralized_planner-15] 
[ccr_centralized_planner-15] [INFO] [1729090473.502346303] [ccr_centralized_planner]: Sent plan [55, 39, 53, 51, 32, 35, 10, 9] to robotA
[ccr_local_planner-14] [INFO] [1729090473.503056732] [robotA.ccr_local_planner]: new plan: [55, 39, 53], remainder: [51, 32, 35, 10, 9]
[ccr_centralized_planner-15] [INFO] [1729090473.605752288] [ccr_centralized_planner]: Received state 55 from robotA
[ccr_centralized_planner-15] [INFO] [1729090473.702121686] [ccr_centralized_planner]: 
[ccr_centralized_planner-15] 
[ccr_centralized_planner-15]  did not replan 
[ccr_centralized_planner-15] 
[ccr_centralized_planner-15] [INFO] [1729090473.703025637] [ccr_centralized_planner]: Sent plan [55, 39, 53, 51, 32, 35, 10, 9] to robotA
[ccr_centralized_planner-15] [INFO] [1729090473.810468496] [ccr_centralized_planner]: Received state 55 from robotA
[ccr_centralized_planner-15] [INFO] [1729090473.902601878] [ccr_centralized_planner]: 
[ccr_centralized_planner-15] 
[ccr_centralized_planner-15]  did not replan 
[ccr_centralized_planner-15] 
[ccr_centralized_planner-15] [INFO] [1729090473.903615464] [ccr_centralized_planner]: Sent plan [55, 39, 53, 51, 32, 35, 10, 9] to robotA
[ccr_centralized_planner-15] [INFO] [1729090474.004782029] [ccr_centralized_planner]: Received state 55 from robotA
[ccr_centralized_planner-15] [INFO] [1729090474.102445107] [ccr_centralized_planner]: 
[ccr_centralized_planner-15] 
[ccr_centralized_planner-15]  did not replan 
[ccr_centralized_planner-15] 
[ccr_centralized_planner-15] [INFO] [1729090474.102848452] [ccr_centralized_planner]: Sent plan [55, 39, 53, 51, 32, 35, 10, 9] to robotA
[ccr_centralized_planner-15] [INFO] [1729090474.204893310] [ccr_centralized_planner]: Received state 55 from robotA
[ccr_centralized_planner-15] [INFO] [1729090474.303432277] [ccr_centralized_planner]: 
[ccr_centralized_planner-15] 
[ccr_centralized_planner-15]  did not replan 
[ccr_centralized_planner-15] 
[ccr_centralized_planner-15] [INFO] [1729090474.304268943] [ccr_centralized_planner]: Sent plan [55, 39, 53, 51, 32, 35, 10, 9] to robotA
[ccr_centralized_planner-15] [INFO] [1729090474.405510989] [ccr_centralized_planner]: Received state 55 from robotA
[ccr_centralized_planner-15] [INFO] [1729090474.504010322] [ccr_centralized_planner]: 
[ccr_centralized_planner-15] 
[ccr_centralized_planner-15]  did not replan 
[ccr_centralized_planner-15] 
[ccr_centralized_planner-15] [INFO] [1729090474.504734918] [ccr_centralized_planner]: Sent plan [55, 39, 53, 51, 32, 35, 10, 9] to robotA
[ccr_centralized_planner-15] [INFO] [1729090474.606367806] [ccr_centralized_planner]: Received state 55 from robotA
[ccr_centralized_planner-15] [INFO] [1729090474.804113620] [ccr_centralized_planner]: 
[ccr_centralized_planner-15] 
[ccr_centralized_planner-15]  did not replan 
[ccr_centralized_planner-15] 
[ccr_centralized_planner-15] [INFO] [1729090474.804868052] [ccr_centralized_planner]: Sent plan [55, 39, 53, 51, 32, 35, 10, 9] to robotA
[ccr_centralized_planner-15] [INFO] [1729090474.806744033] [ccr_centralized_planner]: Received state 55 from robotA
[ccr_centralized_planner-15] [INFO] [1729090475.004630371] [ccr_centralized_planner]: 
[ccr_centralized_planner-15] 
[ccr_centralized_planner-15]  did not replan 
[ccr_centralized_planner-15] 
[ccr_centralized_planner-15] [INFO] [1729090475.005334558] [ccr_centralized_planner]: Sent plan [55, 39, 53, 51, 32, 35, 10, 9] to robotA
[ccr_centralized_planner-15] [INFO] [1729090475.007279808] [ccr_centralized_planner]: Received state 55 from robotA
[ccr_centralized_planner-15] [INFO] [1729090475.204947668] [ccr_centralized_planner]: 
[ccr_centralized_planner-15] 
[ccr_centralized_planner-15]  did not replan 
[ccr_centralized_planner-15] 
[command_node-3] [INFO] [1729090475.205012689] [command_node]: robotA: running
[ccr_centralized_planner-15] [INFO] [1729090475.205643329] [ccr_centralized_planner]: Sent plan [55, 39, 53, 51, 32, 35, 10, 9] to robotA
[ccr_centralized_planner-15] [INFO] [1729090475.208156432] [ccr_centralized_planner]: Received state 55 from robotA
[ccr_centralized_planner-15] [INFO] [1729090475.405864787] [ccr_centralized_planner]: 
[ccr_centralized_planner-15] 
[ccr_centralized_planner-15]  did not replan 
[ccr_centralized_planner-15] 
[ccr_centralized_planner-15] [INFO] [1729090475.407047530] [ccr_centralized_planner]: Sent plan [55, 39, 53, 51, 32, 35, 10, 9] to robotA
[ccr_centralized_planner-15] [INFO] [1729090475.408458360] [ccr_centralized_planner]: Received state 55 from robotA
[ccr_centralized_planner-15] [INFO] [1729090475.606000625] [ccr_centralized_planner]: 
[ccr_centralized_planner-15] 
[ccr_centralized_planner-15]  did not replan 
[ccr_centralized_planner-15] 
[ccr_centralized_planner-15] [INFO] [1729090475.607030632] [ccr_centralized_planner]: Sent plan [55, 39, 53, 51, 32, 35, 10, 9] to robotA
[ccr_centralized_planner-15] [INFO] [1729090475.608366933] [ccr_centralized_planner]: Received state 55 from robotA
[ccr_centralized_planner-15] [INFO] [1729090475.806019593] [ccr_centralized_planner]: 
[ccr_centralized_planner-15] 
[ccr_centralized_planner-15]  did not replan 
[ccr_centralized_planner-15] 
[ccr_centralized_planner-15] [INFO] [1729090475.806820331] [ccr_centralized_planner]: Sent plan [55, 39, 53, 51, 32, 35, 10, 9] to robotA
[ccr_centralized_planner-15] [INFO] [1729090475.808116076] [ccr_centralized_planner]: Received state 55 from robotA
[ccr_centralized_planner-15] [INFO] [1729090476.005932473] [ccr_centralized_planner]: 
[ccr_centralized_planner-15] 
[ccr_centralized_planner-15]  did not replan 
[ccr_centralized_planner-15] 
[ccr_centralized_planner-15] [INFO] [1729090476.006654094] [ccr_centralized_planner]: Sent plan [55, 39, 53, 51, 32, 35, 10, 9] to robotA
[ccr_centralized_planner-15] [INFO] [1729090476.007640840] [ccr_centralized_planner]: Received state 55 from robotA
[ccr_centralized_planner-15] [INFO] [1729090476.206536907] [ccr_centralized_planner]: 
[ccr_centralized_planner-15] 
[ccr_centralized_planner-15]  did not replan 
[ccr_centralized_planner-15] 
[ccr_centralized_planner-15] [INFO] [1729090476.207470213] [ccr_centralized_planner]: Sent plan [55, 39, 53, 51, 32, 35, 10, 9] to robotA
[ccr_local_planner-14] [INFO] [1729090476.209958039] [robotA.ccr_local_planner]: new state 39
[ccr_centralized_planner-15] [INFO] [1729090476.210088864] [ccr_centralized_planner]: Received state 39 from robotA
[ccr_centralized_planner-15] [INFO] [1729090476.406964250] [ccr_centralized_planner]: 
[ccr_centralized_planner-15] 
[ccr_centralized_planner-15]  did not replan 
[ccr_centralized_planner-15] 
[ccr_centralized_planner-15] [INFO] [1729090476.407819080] [ccr_centralized_planner]: Sent plan [39, 53, 51, 32, 35, 10, 9] to robotA
[ccr_local_planner-14] [INFO] [1729090476.412773572] [robotA.ccr_local_planner]: new plan: [39, 53, 51], remainder: [32, 35, 10, 9]
[ccr_centralized_planner-15] [INFO] [1729090476.424046436] [ccr_centralized_planner]: Received state 39 from robotA
[ccr_centralized_planner-15] [INFO] [1729090476.607605944] [ccr_centralized_planner]: 
[ccr_centralized_planner-15] 
[ccr_centralized_planner-15]  did not replan 
[ccr_centralized_planner-15] 
[ccr_centralized_planner-15] [INFO] [1729090476.608492032] [ccr_centralized_planner]: Sent plan [39, 53, 51, 32, 35, 10, 9] to robotA
[ccr_centralized_planner-15] [INFO] [1729090476.609567986] [ccr_centralized_planner]: Received state 39 from robotA
[ccr_centralized_planner-15] [INFO] [1729090476.808428166] [ccr_centralized_planner]: 
[ccr_centralized_planner-15] 
[ccr_centralized_planner-15]  did not replan 
[ccr_centralized_planner-15] 
[ccr_centralized_planner-15] [INFO] [1729090476.809587325] [ccr_centralized_planner]: Sent plan [39, 53, 51, 32, 35, 10, 9] to robotA
[ccr_local_planner-14] [INFO] [1729090476.810073425] [robotA.ccr_local_planner]: new state 53
[ccr_centralized_planner-15] [INFO] [1729090476.811063067] [ccr_centralized_planner]: Received state 53 from robotA
[ccr_centralized_planner-15] [INFO] [1729090477.008876889] [ccr_centralized_planner]: 
[ccr_centralized_planner-15] 
[ccr_centralized_planner-15]  did not replan 
[ccr_centralized_planner-15] 
[ccr_centralized_planner-15] [INFO] [1729090477.009937203] [ccr_centralized_planner]: Sent plan [53, 51, 32, 35, 10, 9] to robotA
[ccr_centralized_planner-15] [INFO] [1729090477.011220324] [ccr_centralized_planner]: Received state 53 from robotA
[ccr_local_planner-14] [INFO] [1729090477.026468328] [robotA.ccr_local_planner]: new plan: [53, 51, 32], remainder: [35, 10, 9]
[command_node-3] [INFO] [1729090477.209295045] [command_node]: robotA: running
[ccr_centralized_planner-15] [INFO] [1729090477.209359976] [ccr_centralized_planner]: 
[ccr_centralized_planner-15] 
[ccr_centralized_planner-15]  did not replan 
[ccr_centralized_planner-15] 
[ccr_centralized_planner-15] [INFO] [1729090477.210050679] [ccr_centralized_planner]: Sent plan [53, 51, 32, 35, 10, 9] to robotA
[ccr_centralized_planner-15] [INFO] [1729090477.211649010] [ccr_centralized_planner]: Received state 53 from robotA
[ccr_centralized_planner-15] [INFO] [1729090477.409693383] [ccr_centralized_planner]: 
[ccr_centralized_planner-15] 
[ccr_centralized_planner-15]  did not replan 
[ccr_centralized_planner-15] 
[ccr_centralized_planner-15] [INFO] [1729090477.410370140] [ccr_centralized_planner]: Sent plan [53, 51, 32, 35, 10, 9] to robotA
[ccr_centralized_planner-15] [INFO] [1729090477.411448658] [ccr_centralized_planner]: Received state 53 from robotA
[ccr_centralized_planner-15] [INFO] [1729090477.610435585] [ccr_centralized_planner]: 
[ccr_centralized_planner-15] 
[ccr_centralized_planner-15]  did not replan 
[ccr_centralized_planner-15] 
[ccr_centralized_planner-15] [INFO] [1729090477.611170661] [ccr_centralized_planner]: Sent plan [53, 51, 32, 35, 10, 9] to robotA
[ccr_centralized_planner-15] [INFO] [1729090477.612001305] [ccr_centralized_planner]: Received state 53 from robotA
[ccr_centralized_planner-15] [INFO] [1729090477.810424488] [ccr_centralized_planner]: 
[ccr_centralized_planner-15] 
[ccr_centralized_planner-15]  did not replan 
[ccr_centralized_planner-15] 
[ccr_centralized_planner-15] [INFO] [1729090477.811125560] [ccr_centralized_planner]: Sent plan [53, 51, 32, 35, 10, 9] to robotA
[ccr_centralized_planner-15] [INFO] [1729090477.811996459] [ccr_centralized_planner]: Received state 53 from robotA
[ccr_centralized_planner-15] [INFO] [1729090478.010780617] [ccr_centralized_planner]: 
[ccr_centralized_planner-15] 
[ccr_centralized_planner-15]  did not replan 
[ccr_centralized_planner-15] 
[ccr_centralized_planner-15] [INFO] [1729090478.011616721] [ccr_centralized_planner]: Sent plan [53, 51, 32, 35, 10, 9] to robotA
[ccr_centralized_planner-15] [INFO] [1729090478.012730776] [ccr_centralized_planner]: Received state 53 from robotA
[ccr_centralized_planner-15] [INFO] [1729090478.211329798] [ccr_centralized_planner]: 
[ccr_centralized_planner-15] 
[ccr_centralized_planner-15]  did not replan 
[ccr_centralized_planner-15] 
[ccr_centralized_planner-15] [INFO] [1729090478.212051999] [ccr_centralized_planner]: Sent plan [53, 51, 32, 35, 10, 9] to robotA
[ccr_centralized_planner-15] [INFO] [1729090478.213219214] [ccr_centralized_planner]: Received state 53 from robotA
[ccr_centralized_planner-15] [INFO] [1729090478.411561665] [ccr_centralized_planner]: 
[ccr_centralized_planner-15] 
[ccr_centralized_planner-15]  did not replan 
[ccr_centralized_planner-15] 
[ccr_centralized_planner-15] [INFO] [1729090478.412275250] [ccr_centralized_planner]: Sent plan [53, 51, 32, 35, 10, 9] to robotA
[ccr_centralized_planner-15] [INFO] [1729090478.417810368] [ccr_centralized_planner]: Received state 53 from robotA
[ccr_centralized_planner-15] [INFO] [1729090478.611850489] [ccr_centralized_planner]: 
[ccr_centralized_planner-15] 
[ccr_centralized_planner-15]  did not replan 
[ccr_centralized_planner-15] 
[ccr_centralized_planner-15] [INFO] [1729090478.612742468] [ccr_centralized_planner]: Sent plan [53, 51, 32, 35, 10, 9] to robotA
[ccr_centralized_planner-15] [INFO] [1729090478.623940844] [ccr_centralized_planner]: Received state 53 from robotA
[ccr_centralized_planner-15] [INFO] [1729090478.811989793] [ccr_centralized_planner]: 
[ccr_centralized_planner-15] 
[ccr_centralized_planner-15]  did not replan 
[ccr_centralized_planner-15] 
[ccr_centralized_planner-15] [INFO] [1729090478.812615964] [ccr_centralized_planner]: Sent plan [53, 51, 32, 35, 10, 9] to robotA
[ccr_centralized_planner-15] [INFO] [1729090478.815858272] [ccr_centralized_planner]: Received state 53 from robotA
[ccr_centralized_planner-15] [INFO] [1729090479.012633550] [ccr_centralized_planner]: 
[ccr_centralized_planner-15] 
[ccr_centralized_planner-15]  did not replan 
[ccr_centralized_planner-15] 
[ccr_centralized_planner-15] [INFO] [1729090479.013387832] [ccr_centralized_planner]: Sent plan [53, 51, 32, 35, 10, 9] to robotA
[ccr_centralized_planner-15] [INFO] [1729090479.115556462] [ccr_centralized_planner]: Received state 53 from robotA
[command_node-3] [INFO] [1729090479.213032841] [command_node]: robotA: running
[ccr_centralized_planner-15] [INFO] [1729090479.213122950] [ccr_centralized_planner]: 
[ccr_centralized_planner-15] 
[ccr_centralized_planner-15]  did not replan 
[ccr_centralized_planner-15] 
[ccr_centralized_planner-15] [INFO] [1729090479.213832868] [ccr_centralized_planner]: Sent plan [53, 51, 32, 35, 10, 9] to robotA
[ccr_centralized_planner-15] [INFO] [1729090479.318714344] [ccr_centralized_planner]: Received state 53 from robotA
[ccr_centralized_planner-15] [INFO] [1729090479.413670738] [ccr_centralized_planner]: 
[ccr_centralized_planner-15] 
[ccr_centralized_planner-15]  did not replan 
[ccr_centralized_planner-15] 
[ccr_centralized_planner-15] [INFO] [1729090479.414575822] [ccr_centralized_planner]: Sent plan [53, 51, 32, 35, 10, 9] to robotA
[ccr_centralized_planner-15] [INFO] [1729090479.519897712] [ccr_centralized_planner]: Received state 53 from robotA
[ccr_centralized_planner-15] [INFO] [1729090479.613707990] [ccr_centralized_planner]: 
[ccr_centralized_planner-15] 
[ccr_centralized_planner-15]  did not replan 
[ccr_centralized_planner-15] 
[ccr_centralized_planner-15] [INFO] [1729090479.614488321] [ccr_centralized_planner]: Sent plan [53, 51, 32, 35, 10, 9] to robotA
[ccr_centralized_planner-15] [INFO] [1729090479.717150524] [ccr_centralized_planner]: Received state 53 from robotA
[ccr_centralized_planner-15] [INFO] [1729090479.814538267] [ccr_centralized_planner]: 
[ccr_centralized_planner-15] 
[ccr_centralized_planner-15]  did not replan 
[ccr_centralized_planner-15] 
[ccr_centralized_planner-15] [INFO] [1729090479.815220574] [ccr_centralized_planner]: Sent plan [53, 51, 32, 35, 10, 9] to robotA
[ccr_centralized_planner-15] [INFO] [1729090479.917127113] [ccr_centralized_planner]: Received state 51 from robotA
[ccr_local_planner-14] [INFO] [1729090479.917139056] [robotA.ccr_local_planner]: new state 51
[ccr_centralized_planner-15] [INFO] [1729090480.015475614] [ccr_centralized_planner]: 
[ccr_centralized_planner-15] 
[ccr_centralized_planner-15]  did not replan 
[ccr_centralized_planner-15] 
[ccr_centralized_planner-15] [INFO] [1729090480.016361993] [ccr_centralized_planner]: Sent plan [51, 32, 35, 10, 9] to robotA
[ccr_local_planner-14] [INFO] [1729090480.016393211] [robotA.ccr_local_planner]: new plan: [51, 32, 35], remainder: [10, 9]
[ccr_centralized_planner-15] [INFO] [1729090480.117727450] [ccr_centralized_planner]: Received state 51 from robotA
[ccr_centralized_planner-15] [INFO] [1729090480.216313956] [ccr_centralized_planner]: 
[ccr_centralized_planner-15] 
[ccr_centralized_planner-15]  did not replan 
[ccr_centralized_planner-15] 
[ccr_centralized_planner-15] [INFO] [1729090480.217198572] [ccr_centralized_planner]: Sent plan [51, 32, 35, 10, 9] to robotA
[ccr_centralized_planner-15] [INFO] [1729090480.317926045] [ccr_centralized_planner]: Received state 51 from robotA
[ccr_centralized_planner-15] [INFO] [1729090480.516097206] [ccr_centralized_planner]: 
[ccr_centralized_planner-15] 
[ccr_centralized_planner-15]  did not replan 
[ccr_centralized_planner-15] 
[ccr_centralized_planner-15] [INFO] [1729090480.516883367] [ccr_centralized_planner]: Sent plan [51, 32, 35, 10, 9] to robotA
[ccr_local_planner-14] [INFO] [1729090480.518219247] [robotA.ccr_local_planner]: new state 32
[ccr_centralized_planner-15] [INFO] [1729090480.518256917] [ccr_centralized_planner]: Received state 32 from robotA
[ccr_centralized_planner-15] [INFO] [1729090480.716233664] [ccr_centralized_planner]: 
[ccr_centralized_planner-15] 
[ccr_centralized_planner-15]  did not replan 
[ccr_centralized_planner-15] 
[ccr_centralized_planner-15] [INFO] [1729090480.717081671] [ccr_centralized_planner]: Sent plan [32, 35, 10, 9] to robotA
[ccr_centralized_planner-15] [INFO] [1729090480.718641720] [ccr_centralized_planner]: Received state 32 from robotA
[ccr_local_planner-14] [INFO] [1729090480.737915628] [robotA.ccr_local_planner]: new plan: [32, 35, 10], remainder: [9]
[ccr_centralized_planner-15] [INFO] [1729090480.917836958] [ccr_centralized_planner]: 
[ccr_centralized_planner-15] 
[ccr_centralized_planner-15]  did not replan 
[ccr_centralized_planner-15] 
[ccr_centralized_planner-15] [INFO] [1729090480.918720581] [ccr_centralized_planner]: Sent plan [32, 35, 10, 9] to robotA
[ccr_centralized_planner-15] [INFO] [1729090480.920690948] [ccr_centralized_planner]: Received state 32 from robotA
[ccr_centralized_planner-15] [INFO] [1729090481.118173982] [ccr_centralized_planner]: 
[ccr_centralized_planner-15] 
[ccr_centralized_planner-15]  did not replan 
[ccr_centralized_planner-15] 
[ccr_centralized_planner-15] [INFO] [1729090481.119000989] [ccr_centralized_planner]: Sent plan [32, 35, 10, 9] to robotA
[ccr_centralized_planner-15] [INFO] [1729090481.119876337] [ccr_centralized_planner]: Received state 32 from robotA
[ccr_centralized_planner-15] [INFO] [1729090481.317994639] [ccr_centralized_planner]: 
[ccr_centralized_planner-15] 
[ccr_centralized_planner-15]  did not replan 
[ccr_centralized_planner-15] 
[command_node-3] [INFO] [1729090481.318311713] [command_node]: robotA: running
[ccr_centralized_planner-15] [INFO] [1729090481.318434973] [ccr_centralized_planner]: Sent plan [32, 35, 10, 9] to robotA
[ccr_centralized_planner-15] [INFO] [1729090481.319808413] [ccr_centralized_planner]: Received state 32 from robotA
[ccr_centralized_planner-15] [INFO] [1729090481.518719739] [ccr_centralized_planner]: 
[ccr_centralized_planner-15] 
[ccr_centralized_planner-15]  did not replan 
[ccr_centralized_planner-15] 
[ccr_centralized_planner-15] [INFO] [1729090481.519760327] [ccr_centralized_planner]: Sent plan [32, 35, 10, 9] to robotA
[ccr_centralized_planner-15] [INFO] [1729090481.522703274] [ccr_centralized_planner]: Received state 32 from robotA
[ccr_centralized_planner-15] [INFO] [1729090481.718770858] [ccr_centralized_planner]: 
[ccr_centralized_planner-15] 
[ccr_centralized_planner-15]  did not replan 
[ccr_centralized_planner-15] 
[ccr_centralized_planner-15] [INFO] [1729090481.719482970] [ccr_centralized_planner]: Sent plan [32, 35, 10, 9] to robotA
[ccr_centralized_planner-15] [INFO] [1729090481.726610448] [ccr_centralized_planner]: Received state 32 from robotA
[ccr_centralized_planner-15] [INFO] [1729090481.918990672] [ccr_centralized_planner]: 
[ccr_centralized_planner-15] 
[ccr_centralized_planner-15]  did not replan 
[ccr_centralized_planner-15] 
[ccr_centralized_planner-15] [INFO] [1729090481.919689740] [ccr_centralized_planner]: Sent plan [32, 35, 10, 9] to robotA
[ccr_centralized_planner-15] [INFO] [1729090481.921902151] [ccr_centralized_planner]: Received state 32 from robotA
[ccr_centralized_planner-15] [INFO] [1729090482.119819897] [ccr_centralized_planner]: 
[ccr_centralized_planner-15] 
[ccr_centralized_planner-15]  did not replan 
[ccr_centralized_planner-15] 
[ccr_centralized_planner-15] [INFO] [1729090482.120686288] [ccr_centralized_planner]: Sent plan [32, 35, 10, 9] to robotA
[ccr_centralized_planner-15] [INFO] [1729090482.122033920] [ccr_centralized_planner]: Received state 32 from robotA
[ccr_centralized_planner-15] [INFO] [1729090482.321146323] [ccr_centralized_planner]: 
[ccr_centralized_planner-15] 
[ccr_centralized_planner-15]  did not replan 
[ccr_centralized_planner-15] 
[ccr_centralized_planner-15] [INFO] [1729090482.322729024] [ccr_centralized_planner]: Sent plan [32, 35, 10, 9] to robotA
[ccr_centralized_planner-15] [INFO] [1729090482.325194418] [ccr_centralized_planner]: Received state 32 from robotA
[ccr_centralized_planner-15] [INFO] [1729090482.520723214] [ccr_centralized_planner]: 
[ccr_centralized_planner-15] 
[ccr_centralized_planner-15]  did not replan 
[ccr_centralized_planner-15] 
[ccr_centralized_planner-15] [INFO] [1729090482.521809116] [ccr_centralized_planner]: Sent plan [32, 35, 10, 9] to robotA
[ccr_centralized_planner-15] [INFO] [1729090482.523103819] [ccr_centralized_planner]: Received state 32 from robotA
[ccr_centralized_planner-15] [INFO] [1729090482.720792958] [ccr_centralized_planner]: 
[ccr_centralized_planner-15] 
[ccr_centralized_planner-15]  did not replan 
[ccr_centralized_planner-15] 
[ccr_centralized_planner-15] [INFO] [1729090482.721653698] [ccr_centralized_planner]: Sent plan [32, 35, 10, 9] to robotA
[ccr_centralized_planner-15] [INFO] [1729090482.722863552] [ccr_centralized_planner]: Received state 32 from robotA
[ccr_centralized_planner-15] [INFO] [1729090482.920758447] [ccr_centralized_planner]: 
[ccr_centralized_planner-15] 
[ccr_centralized_planner-15]  did not replan 
[ccr_centralized_planner-15] 
[ccr_centralized_planner-15] [INFO] [1729090482.921425515] [ccr_centralized_planner]: Sent plan [32, 35, 10, 9] to robotA
[ccr_centralized_planner-15] [INFO] [1729090482.923283401] [ccr_centralized_planner]: Received state 35 from robotA
[ccr_local_planner-14] [INFO] [1729090482.923467125] [robotA.ccr_local_planner]: new state 35
[ccr_centralized_planner-15] [INFO] [1729090483.121276129] [ccr_centralized_planner]: 
[ccr_centralized_planner-15] 
[ccr_centralized_planner-15]  did not replan 
[ccr_centralized_planner-15] 
[ccr_centralized_planner-15] [INFO] [1729090483.121913561] [ccr_centralized_planner]: Sent plan [35, 10, 9] to robotA
[ccr_centralized_planner-15] [INFO] [1729090483.124946236] [ccr_centralized_planner]: Received state 35 from robotA
[ccr_local_planner-14] [INFO] [1729090483.147432565] [robotA.ccr_local_planner]: new plan: [35, 10, 9]
[command_node-3] [INFO] [1729090483.322373976] [command_node]: robotA: running
[ccr_centralized_planner-15] [INFO] [1729090483.322431233] [ccr_centralized_planner]: 
[ccr_centralized_planner-15] 
[ccr_centralized_planner-15]  did not replan 
[ccr_centralized_planner-15] 
[ccr_centralized_planner-15] [INFO] [1729090483.323233564] [ccr_centralized_planner]: Sent plan [35, 10, 9] to robotA
[ccr_centralized_planner-15] [INFO] [1729090483.325334727] [ccr_centralized_planner]: Received state 35 from robotA
[ccr_centralized_planner-15] [INFO] [1729090483.522801800] [ccr_centralized_planner]: 
[ccr_centralized_planner-15] 
[ccr_centralized_planner-15]  did not replan 
[ccr_centralized_planner-15] 
[ccr_centralized_planner-15] [INFO] [1729090483.523527818] [ccr_centralized_planner]: Sent plan [35, 10, 9] to robotA
[ccr_centralized_planner-15] [INFO] [1729090483.524815929] [ccr_centralized_planner]: Received state 35 from robotA
[ccr_centralized_planner-15] [INFO] [1729090483.723701676] [ccr_centralized_planner]: 
[ccr_centralized_planner-15] 
[ccr_centralized_planner-15]  did not replan 
[ccr_centralized_planner-15] 
[ccr_centralized_planner-15] [INFO] [1729090483.724756100] [ccr_centralized_planner]: Sent plan [35, 10, 9] to robotA
[ccr_centralized_planner-15] [INFO] [1729090483.731318200] [ccr_centralized_planner]: Received state 35 from robotA
[ccr_centralized_planner-15] [INFO] [1729090483.923465387] [ccr_centralized_planner]: 
[ccr_centralized_planner-15] 
[ccr_centralized_planner-15]  did not replan 
[ccr_centralized_planner-15] 
[ccr_centralized_planner-15] [INFO] [1729090483.924271536] [ccr_centralized_planner]: Sent plan [35, 10, 9] to robotA
[ccr_centralized_planner-15] [INFO] [1729090483.926449081] [ccr_centralized_planner]: Received state 35 from robotA
[ccr_centralized_planner-15] [INFO] [1729090484.123822810] [ccr_centralized_planner]: 
[ccr_centralized_planner-15] 
[ccr_centralized_planner-15]  did not replan 
[ccr_centralized_planner-15] 
[ccr_centralized_planner-15] [INFO] [1729090484.124553387] [ccr_centralized_planner]: Sent plan [35, 10, 9] to robotA
[ccr_centralized_planner-15] [INFO] [1729090484.126081426] [ccr_centralized_planner]: Received state 10 from robotA
[ccr_local_planner-14] [INFO] [1729090484.126112184] [robotA.ccr_local_planner]: new state 10
[ccr_centralized_planner-15] [INFO] [1729090484.324162729] [ccr_centralized_planner]: 
[ccr_centralized_planner-15] 
[ccr_centralized_planner-15]  did not replan 
[ccr_centralized_planner-15] 
[ccr_centralized_planner-15] [INFO] [1729090484.324934303] [ccr_centralized_planner]: Sent plan [10, 9] to robotA
[ccr_local_planner-14] [INFO] [1729090484.325174873] [robotA.ccr_local_planner]: new plan: [10, 9]
[ccr_centralized_planner-15] [INFO] [1729090484.426028772] [ccr_centralized_planner]: Received state 10 from robotA
[ccr_centralized_planner-15] [INFO] [1729090484.524694467] [ccr_centralized_planner]: 
[ccr_centralized_planner-15] 
[ccr_centralized_planner-15]  did not replan 
[ccr_centralized_planner-15] 
[ccr_centralized_planner-15] [INFO] [1729090484.525416388] [ccr_centralized_planner]: Sent plan [10, 9] to robotA
[ccr_centralized_planner-15] [INFO] [1729090484.632746757] [ccr_centralized_planner]: Received state 10 from robotA
[ccr_centralized_planner-15] [INFO] [1729090484.725112883] [ccr_centralized_planner]: 
[ccr_centralized_planner-15] 
[ccr_centralized_planner-15]  did not replan 
[ccr_centralized_planner-15] 
[ccr_centralized_planner-15] [INFO] [1729090484.725827240] [ccr_centralized_planner]: Sent plan [10, 9] to robotA
[ccr_centralized_planner-15] [INFO] [1729090484.834534876] [ccr_centralized_planner]: Received state 10 from robotA
[ccr_centralized_planner-15] [INFO] [1729090484.925331907] [ccr_centralized_planner]: 
[ccr_centralized_planner-15] 
[ccr_centralized_planner-15]  did not replan 
[ccr_centralized_planner-15] 
[ccr_centralized_planner-15] [INFO] [1729090484.925935576] [ccr_centralized_planner]: Sent plan [10, 9] to robotA
[ccr_centralized_planner-15] [INFO] [1729090485.028810938] [ccr_centralized_planner]: Received state 10 from robotA
[ccr_centralized_planner-15] [INFO] [1729090485.125785789] [ccr_centralized_planner]: 
[ccr_centralized_planner-15] 
[ccr_centralized_planner-15]  did not replan 
[ccr_centralized_planner-15] 
[ccr_centralized_planner-15] [INFO] [1729090485.126307385] [ccr_centralized_planner]: Sent plan [10, 9] to robotA
[ccr_centralized_planner-15] [INFO] [1729090485.229237420] [ccr_centralized_planner]: Received state 10 from robotA
[command_node-3] [INFO] [1729090485.326307508] [command_node]: robotA: running
[ccr_centralized_planner-15] [INFO] [1729090485.326527841] [ccr_centralized_planner]: 
[ccr_centralized_planner-15] 
[ccr_centralized_planner-15]  did not replan 
[ccr_centralized_planner-15] 
[ccr_centralized_planner-15] [INFO] [1729090485.327414410] [ccr_centralized_planner]: Sent plan [10, 9] to robotA
[ccr_centralized_planner-15] [INFO] [1729090485.429709145] [ccr_centralized_planner]: Received state 10 from robotA
[ccr_centralized_planner-15] [INFO] [1729090485.626828558] [ccr_centralized_planner]: 
[ccr_centralized_planner-15] 
[ccr_centralized_planner-15]  did not replan 
[ccr_centralized_planner-15] 
[ccr_centralized_planner-15] [INFO] [1729090485.627646518] [ccr_centralized_planner]: Sent plan [10, 9] to robotA
[ccr_centralized_planner-15] [INFO] [1729090485.628600183] [ccr_centralized_planner]: Received state 10 from robotA
[ccr_centralized_planner-15] [INFO] [1729090485.827226335] [ccr_centralized_planner]: 
[ccr_centralized_planner-15] 
[ccr_centralized_planner-15]  did not replan 
[ccr_centralized_planner-15] 
[ccr_centralized_planner-15] [INFO] [1729090485.828350459] [ccr_centralized_planner]: Sent plan [10, 9] to robotA
[ccr_local_planner-14] [INFO] [1729090485.828368743] [robotA.ccr_local_planner]: new state 9
[ccr_goal_provider-12] [INFO] [1729090485.828539813] [ccr_goal_provider]: [32mgoal completed:[0m robotA reached goal 9, going to goal 1 within state 1
[ccr_centralized_planner-15] [INFO] [1729090485.829802035] [ccr_centralized_planner]: Received state 9 from robotA
[ccr_centralized_planner-15] [INFO] [1729090485.927778661] [ccr_centralized_planner]: Received goal 1 from robotA
[ccr_centralized_planner-15] [INFO] [1729090486.027302732] [ccr_centralized_planner]: 
[ccr_centralized_planner-15] 
[ccr_centralized_planner-15]  replaned due to new goal
[ccr_centralized_planner-15] 
[ccr_centralized_planner-15] [INFO] [1729090486.053903440] [ccr_centralized_planner]: Sent plan [9, 11, 35, 50, 51, 53, 39, 55, 56, 57, 5, 1] to robotA
[ccr_centralized_planner-15] [INFO] [1729090486.054518441] [ccr_centralized_planner]: Received state 9 from robotA
[ccr_local_planner-14] [INFO] [1729090486.062099517] [robotA.ccr_local_planner]: new plan: [9, 11, 35], remainder: [50, 51, 53, 39, 55, 56, 57, 5, 1]
[ccr_centralized_planner-15] [INFO] [1729090486.227619868] [ccr_centralized_planner]: 
[ccr_centralized_planner-15] 
[ccr_centralized_planner-15]  did not replan 
[ccr_centralized_planner-15] 
[ccr_centralized_planner-15] [INFO] [1729090486.228506047] [ccr_centralized_planner]: Sent plan [9, 11, 35, 50, 51, 53, 39, 55, 56, 57, 5, 1] to robotA
[ccr_centralized_planner-15] [INFO] [1729090486.230671659] [ccr_centralized_planner]: Received state 9 from robotA
[ccr_centralized_planner-15] [INFO] [1729090486.428297540] [ccr_centralized_planner]: 
[ccr_centralized_planner-15] 
[ccr_centralized_planner-15]  did not replan 
[ccr_centralized_planner-15] 
[ccr_centralized_planner-15] [INFO] [1729090486.429146188] [ccr_centralized_planner]: Sent plan [9, 11, 35, 50, 51, 53, 39, 55, 56, 57, 5, 1] to robotA
[ccr_centralized_planner-15] [INFO] [1729090486.434718976] [ccr_centralized_planner]: Received state 9 from robotA
[ccr_centralized_planner-15] [INFO] [1729090486.628636868] [ccr_centralized_planner]: 
[ccr_centralized_planner-15] 
[ccr_centralized_planner-15]  did not replan 
[ccr_centralized_planner-15] 
[ccr_centralized_planner-15] [INFO] [1729090486.629377223] [ccr_centralized_planner]: Sent plan [9, 11, 35, 50, 51, 53, 39, 55, 56, 57, 5, 1] to robotA
[ccr_centralized_planner-15] [INFO] [1729090486.635948741] [ccr_centralized_planner]: Received state 9 from robotA
[ccr_centralized_planner-15] [INFO] [1729090486.829396222] [ccr_centralized_planner]: 
[ccr_centralized_planner-15] 
[ccr_centralized_planner-15]  did not replan 
[ccr_centralized_planner-15] 
[ccr_centralized_planner-15] [INFO] [1729090486.830248828] [ccr_centralized_planner]: Sent plan [9, 11, 35, 50, 51, 53, 39, 55, 56, 57, 5, 1] to robotA
[ccr_centralized_planner-15] [INFO] [1729090486.841422036] [ccr_centralized_planner]: Received state 9 from robotA
[ccr_centralized_planner-15] [INFO] [1729090487.029500109] [ccr_centralized_planner]: 
[ccr_centralized_planner-15] 
[ccr_centralized_planner-15]  did not replan 
[ccr_centralized_planner-15] 
[ccr_centralized_planner-15] [INFO] [1729090487.030319874] [ccr_centralized_planner]: Sent plan [9, 11, 35, 50, 51, 53, 39, 55, 56, 57, 5, 1] to robotA
[ccr_centralized_planner-15] [INFO] [1729090487.043869820] [ccr_centralized_planner]: Received state 9 from robotA
[ccr_centralized_planner-15] [INFO] [1729090487.229961817] [ccr_centralized_planner]: 
[ccr_centralized_planner-15] 
[ccr_centralized_planner-15]  did not replan 
[ccr_centralized_planner-15] 
[ccr_centralized_planner-15] [INFO] [1729090487.230715417] [ccr_centralized_planner]: Sent plan [9, 11, 35, 50, 51, 53, 39, 55, 56, 57, 5, 1] to robotA
[ccr_centralized_planner-15] [INFO] [1729090487.232200797] [ccr_centralized_planner]: Received state 9 from robotA
[command_node-3] [INFO] [1729090487.430467035] [command_node]: robotA: running
[ccr_centralized_planner-15] [INFO] [1729090487.430470532] [ccr_centralized_planner]: 
[ccr_centralized_planner-15] 
[ccr_centralized_planner-15]  did not replan 
[ccr_centralized_planner-15] 
[ccr_centralized_planner-15] [INFO] [1729090487.431308630] [ccr_centralized_planner]: Sent plan [9, 11, 35, 50, 51, 53, 39, 55, 56, 57, 5, 1] to robotA
[ccr_centralized_planner-15] [INFO] [1729090487.433026915] [ccr_centralized_planner]: Received state 9 from robotA
[ccr_centralized_planner-15] [INFO] [1729090487.630488799] [ccr_centralized_planner]: 
[ccr_centralized_planner-15] 
[ccr_centralized_planner-15]  did not replan 
[ccr_centralized_planner-15] 
[ccr_centralized_planner-15] [INFO] [1729090487.631304025] [ccr_centralized_planner]: Sent plan [9, 11, 35, 50, 51, 53, 39, 55, 56, 57, 5, 1] to robotA
[ccr_centralized_planner-15] [INFO] [1729090487.635404888] [ccr_centralized_planner]: Received state 9 from robotA
[ccr_centralized_planner-15] [INFO] [1729090487.831149849] [ccr_centralized_planner]: 
[ccr_centralized_planner-15] 
[ccr_centralized_planner-15]  did not replan 
[ccr_centralized_planner-15] 
[ccr_centralized_planner-15] [INFO] [1729090487.832035777] [ccr_centralized_planner]: Sent plan [9, 11, 35, 50, 51, 53, 39, 55, 56, 57, 5, 1] to robotA
[ccr_centralized_planner-15] [INFO] [1729090487.833116620] [ccr_centralized_planner]: Received state 9 from robotA
[ccr_centralized_planner-15] [INFO] [1729090488.031416441] [ccr_centralized_planner]: 
[ccr_centralized_planner-15] 
[ccr_centralized_planner-15]  did not replan 
[ccr_centralized_planner-15] 
[ccr_centralized_planner-15] [INFO] [1729090488.032262685] [ccr_centralized_planner]: Sent plan [9, 11, 35, 50, 51, 53, 39, 55, 56, 57, 5, 1] to robotA
[ccr_centralized_planner-15] [INFO] [1729090488.033272695] [ccr_centralized_planner]: Received state 9 from robotA
[ccr_centralized_planner-15] [INFO] [1729090488.231758785] [ccr_centralized_planner]: 
[ccr_centralized_planner-15] 
[ccr_centralized_planner-15]  did not replan 
[ccr_centralized_planner-15] 
[ccr_centralized_planner-15] [INFO] [1729090488.232568470] [ccr_centralized_planner]: Sent plan [9, 11, 35, 50, 51, 53, 39, 55, 56, 57, 5, 1] to robotA
[ccr_centralized_planner-15] [INFO] [1729090488.234177421] [ccr_centralized_planner]: Received state 9 from robotA
[ccr_centralized_planner-15] [INFO] [1729090488.431742468] [ccr_centralized_planner]: 
[ccr_centralized_planner-15] 
[ccr_centralized_planner-15]  did not replan 
[ccr_centralized_planner-15] 
[ccr_centralized_planner-15] [INFO] [1729090488.432666367] [ccr_centralized_planner]: Sent plan [9, 11, 35, 50, 51, 53, 39, 55, 56, 57, 5, 1] to robotA
[ccr_centralized_planner-15] [INFO] [1729090488.433751638] [ccr_centralized_planner]: Received state 9 from robotA
[ccr_centralized_planner-15] [INFO] [1729090488.632291128] [ccr_centralized_planner]: 
[ccr_centralized_planner-15] 
[ccr_centralized_planner-15]  did not replan 
[ccr_centralized_planner-15] 
[ccr_centralized_planner-15] [INFO] [1729090488.633182446] [ccr_centralized_planner]: Sent plan [9, 11, 35, 50, 51, 53, 39, 55, 56, 57, 5, 1] to robotA
[ccr_centralized_planner-15] [INFO] [1729090488.634199760] [ccr_centralized_planner]: Received state 9 from robotA
[ccr_centralized_planner-15] [INFO] [1729090488.832666964] [ccr_centralized_planner]: 
[ccr_centralized_planner-15] 
[ccr_centralized_planner-15]  did not replan 
[ccr_centralized_planner-15] 
[ccr_centralized_planner-15] [INFO] [1729090488.833562590] [ccr_centralized_planner]: Sent plan [9, 11, 35, 50, 51, 53, 39, 55, 56, 57, 5, 1] to robotA
[ccr_local_planner-14] [INFO] [1729090488.839821994] [robotA.ccr_local_planner]: new state 11
[ccr_centralized_planner-15] [INFO] [1729090488.840221661] [ccr_centralized_planner]: Received state 11 from robotA
[ccr_centralized_planner-15] [INFO] [1729090489.032901416] [ccr_centralized_planner]: 
[ccr_centralized_planner-15] 
[ccr_centralized_planner-15]  did not replan 
[ccr_centralized_planner-15] 
[ccr_centralized_planner-15] [INFO] [1729090489.033813052] [ccr_centralized_planner]: Sent plan [11, 35, 50, 51, 53, 39, 55, 56, 57, 5, 1] to robotA
[ccr_local_planner-14] [INFO] [1729090489.039669181] [robotA.ccr_local_planner]: new plan: [11, 35, 50], remainder: [51, 53, 39, 55, 56, 57, 5, 1]
[ccr_centralized_planner-15] [INFO] [1729090489.043333498] [ccr_centralized_planner]: Received state 11 from robotA
[ccr_centralized_planner-15] [INFO] [1729090489.233309342] [ccr_centralized_planner]: 
[ccr_centralized_planner-15] 
[ccr_centralized_planner-15]  did not replan 
[ccr_centralized_planner-15] 
[ccr_centralized_planner-15] [INFO] [1729090489.234007900] [ccr_centralized_planner]: Sent plan [11, 35, 50, 51, 53, 39, 55, 56, 57, 5, 1] to robotA
[ccr_centralized_planner-15] [INFO] [1729090489.247181602] [ccr_centralized_planner]: Received state 11 from robotA
[ccr_centralized_planner-15] [INFO] [1729090489.433821504] [ccr_centralized_planner]: 
[ccr_centralized_planner-15] 
[ccr_centralized_planner-15]  did not replan 
[ccr_centralized_planner-15] 
[command_node-3] [INFO] [1729090489.434017872] [command_node]: robotA: running
[ccr_centralized_planner-15] [INFO] [1729090489.434603868] [ccr_centralized_planner]: Sent plan [11, 35, 50, 51, 53, 39, 55, 56, 57, 5, 1] to robotA
[ccr_centralized_planner-15] [INFO] [1729090489.436195677] [ccr_centralized_planner]: Received state 11 from robotA
[ccr_centralized_planner-15] [INFO] [1729090489.634135595] [ccr_centralized_planner]: 
[ccr_centralized_planner-15] 
[ccr_centralized_planner-15]  did not replan 
[ccr_centralized_planner-15] 
[ccr_centralized_planner-15] [INFO] [1729090489.634890197] [ccr_centralized_planner]: Sent plan [11, 35, 50, 51, 53, 39, 55, 56, 57, 5, 1] to robotA
[ccr_local_planner-14] [INFO] [1729090489.735228261] [robotA.ccr_local_planner]: new state 35
[ccr_centralized_planner-15] [INFO] [1729090489.735469523] [ccr_centralized_planner]: Received state 35 from robotA
[ccr_centralized_planner-15] [INFO] [1729090489.834689144] [ccr_centralized_planner]: 
[ccr_centralized_planner-15] 
[ccr_centralized_planner-15]  did not replan 
[ccr_centralized_planner-15] 
[ccr_centralized_planner-15] [INFO] [1729090489.835388823] [ccr_centralized_planner]: Sent plan [35, 50, 51, 53, 39, 55, 56, 57, 5, 1] to robotA
[ccr_local_planner-14] [INFO] [1729090489.835891174] [robotA.ccr_local_planner]: new plan: [35, 50, 51], remainder: [53, 39, 55, 56, 57, 5, 1]
[ccr_centralized_planner-15] [INFO] [1729090489.935961016] [ccr_centralized_planner]: Received state 35 from robotA
[ccr_centralized_planner-15] [INFO] [1729090490.034903038] [ccr_centralized_planner]: 
[ccr_centralized_planner-15] 
[ccr_centralized_planner-15]  did not replan 
[ccr_centralized_planner-15] 
[ccr_centralized_planner-15] [INFO] [1729090490.035588060] [ccr_centralized_planner]: Sent plan [35, 50, 51, 53, 39, 55, 56, 57, 5, 1] to robotA
[ccr_centralized_planner-15] [INFO] [1729090490.140212334] [ccr_centralized_planner]: Received state 35 from robotA
[ccr_centralized_planner-15] [INFO] [1729090490.235331934] [ccr_centralized_planner]: 
[ccr_centralized_planner-15] 
[ccr_centralized_planner-15]  did not replan 
[ccr_centralized_planner-15] 
[ccr_centralized_planner-15] [INFO] [1729090490.236214064] [ccr_centralized_planner]: Sent plan [35, 50, 51, 53, 39, 55, 56, 57, 5, 1] to robotA
[ccr_centralized_planner-15] [INFO] [1729090490.342354767] [ccr_centralized_planner]: Received state 35 from robotA
[ccr_centralized_planner-15] [INFO] [1729090490.435923193] [ccr_centralized_planner]: 
[ccr_centralized_planner-15] 
[ccr_centralized_planner-15]  did not replan 
[ccr_centralized_planner-15] 
[ccr_centralized_planner-15] [INFO] [1729090490.436678877] [ccr_centralized_planner]: Sent plan [35, 50, 51, 53, 39, 55, 56, 57, 5, 1] to robotA
[ccr_centralized_planner-15] [INFO] [1729090490.537664383] [ccr_centralized_planner]: Received state 35 from robotA
[ccr_centralized_planner-15] [INFO] [1729090490.636595183] [ccr_centralized_planner]: 
[ccr_centralized_planner-15] 
[ccr_centralized_planner-15]  did not replan 
[ccr_centralized_planner-15] 
[ccr_centralized_planner-15] [INFO] [1729090490.637281718] [ccr_centralized_planner]: Sent plan [35, 50, 51, 53, 39, 55, 56, 57, 5, 1] to robotA
[ccr_centralized_planner-15] [INFO] [1729090490.739787289] [ccr_centralized_planner]: Received state 35 from robotA
[ccr_centralized_planner-15] [INFO] [1729090490.837387620] [ccr_centralized_planner]: 
[ccr_centralized_planner-15] 
[ccr_centralized_planner-15]  did not replan 
[ccr_centralized_planner-15] 
[ccr_centralized_planner-15] [INFO] [1729090490.838258810] [ccr_centralized_planner]: Sent plan [35, 50, 51, 53, 39, 55, 56, 57, 5, 1] to robotA
[ccr_centralized_planner-15] [INFO] [1729090490.938781179] [ccr_centralized_planner]: Received state 35 from robotA
[ccr_centralized_planner-15] [INFO] [1729090491.137331389] [ccr_centralized_planner]: 
[ccr_centralized_planner-15] 
[ccr_centralized_planner-15]  did not replan 
[ccr_centralized_planner-15] 
[ccr_centralized_planner-15] [INFO] [1729090491.138357810] [ccr_centralized_planner]: Sent plan [35, 50, 51, 53, 39, 55, 56, 57, 5, 1] to robotA
[ccr_centralized_planner-15] [INFO] [1729090491.139452298] [ccr_centralized_planner]: Received state 35 from robotA
[ccr_centralized_planner-15] [INFO] [1729090491.338023758] [ccr_centralized_planner]: 
[ccr_centralized_planner-15] 
[ccr_centralized_planner-15]  did not replan 
[ccr_centralized_planner-15] 
[ccr_centralized_planner-15] [INFO] [1729090491.339038216] [ccr_centralized_planner]: Sent plan [35, 50, 51, 53, 39, 55, 56, 57, 5, 1] to robotA
[ccr_centralized_planner-15] [INFO] [1729090491.340397921] [ccr_centralized_planner]: Received state 35 from robotA
[command_node-3] [INFO] [1729090491.538756863] [command_node]: robotA: running
[ccr_centralized_planner-15] [INFO] [1729090491.538767783] [ccr_centralized_planner]: 
[ccr_centralized_planner-15] 
[ccr_centralized_planner-15]  did not replan 
[ccr_centralized_planner-15] 
[ccr_centralized_planner-15] [INFO] [1729090491.539757465] [ccr_centralized_planner]: Sent plan [35, 50, 51, 53, 39, 55, 56, 57, 5, 1] to robotA
[ccr_centralized_planner-15] [INFO] [1729090491.541726079] [ccr_centralized_planner]: Received state 35 from robotA
[ccr_centralized_planner-15] [INFO] [1729090491.738860220] [ccr_centralized_planner]: 
[ccr_centralized_planner-15] 
[ccr_centralized_planner-15]  did not replan 
[ccr_centralized_planner-15] 
[ccr_centralized_planner-15] [INFO] [1729090491.739906067] [ccr_centralized_planner]: Sent plan [35, 50, 51, 53, 39, 55, 56, 57, 5, 1] to robotA
[ccr_centralized_planner-15] [INFO] [1729090491.742228643] [ccr_centralized_planner]: Received state 35 from robotA
[ccr_centralized_planner-15] [INFO] [1729090491.939385947] [ccr_centralized_planner]: 
[ccr_centralized_planner-15] 
[ccr_centralized_planner-15]  did not replan 
[ccr_centralized_planner-15] 
[ccr_centralized_planner-15] [INFO] [1729090491.940193909] [ccr_centralized_planner]: Sent plan [35, 50, 51, 53, 39, 55, 56, 57, 5, 1] to robotA
[ccr_centralized_planner-15] [INFO] [1729090491.941202055] [ccr_centralized_planner]: Received state 35 from robotA
[ccr_centralized_planner-15] [INFO] [1729090492.139714925] [ccr_centralized_planner]: 
[ccr_centralized_planner-15] 
[ccr_centralized_planner-15]  did not replan 
[ccr_centralized_planner-15] 
[ccr_centralized_planner-15] [INFO] [1729090492.140518319] [ccr_centralized_planner]: Sent plan [35, 50, 51, 53, 39, 55, 56, 57, 5, 1] to robotA
[ccr_centralized_planner-15] [INFO] [1729090492.142073078] [ccr_centralized_planner]: Received state 35 from robotA
[ccr_centralized_planner-15] [INFO] [1729090492.340332925] [ccr_centralized_planner]: 
[ccr_centralized_planner-15] 
[ccr_centralized_planner-15]  did not replan 
[ccr_centralized_planner-15] 
[ccr_centralized_planner-15] [INFO] [1729090492.341044597] [ccr_centralized_planner]: Sent plan [35, 50, 51, 53, 39, 55, 56, 57, 5, 1] to robotA
[ccr_local_planner-14] [INFO] [1729090492.344130171] [robotA.ccr_local_planner]: new state 50
[ccr_centralized_planner-15] [INFO] [1729090492.344149677] [ccr_centralized_planner]: Received state 50 from robotA
[ccr_centralized_planner-15] [INFO] [1729090492.541258650] [ccr_centralized_planner]: 
[ccr_centralized_planner-15] 
[ccr_centralized_planner-15]  did not replan 
[ccr_centralized_planner-15] 
[ccr_centralized_planner-15] [INFO] [1729090492.542024233] [ccr_centralized_planner]: Sent plan [50, 51, 53, 39, 55, 56, 57, 5, 1] to robotA
[ccr_local_planner-14] [INFO] [1729090492.545543900] [robotA.ccr_local_planner]: new plan: [50, 51, 53], remainder: [39, 55, 56, 57, 5, 1]
[ccr_centralized_planner-15] [INFO] [1729090492.562536649] [ccr_centralized_planner]: Received state 50 from robotA
[ccr_centralized_planner-15] [INFO] [1729090492.741671957] [ccr_centralized_planner]: 
[ccr_centralized_planner-15] 
[ccr_centralized_planner-15]  did not replan 
[ccr_centralized_planner-15] 
[ccr_centralized_planner-15] [INFO] [1729090492.742561432] [ccr_centralized_planner]: Sent plan [50, 51, 53, 39, 55, 56, 57, 5, 1] to robotA
[ccr_centralized_planner-15] [INFO] [1729090492.743922489] [ccr_centralized_planner]: Received state 50 from robotA
[ccr_centralized_planner-15] [INFO] [1729090492.942126060] [ccr_centralized_planner]: 
[ccr_centralized_planner-15] 
[ccr_centralized_planner-15]  did not replan 
[ccr_centralized_planner-15] 
[ccr_centralized_planner-15] [INFO] [1729090492.943013380] [ccr_centralized_planner]: Sent plan [50, 51, 53, 39, 55, 56, 57, 5, 1] to robotA
[ccr_centralized_planner-15] [INFO] [1729090492.945438518] [ccr_centralized_planner]: Received state 50 from robotA
[ccr_centralized_planner-15] [INFO] [1729090493.142994488] [ccr_centralized_planner]: 
[ccr_centralized_planner-15] 
[ccr_centralized_planner-15]  did not replan 
[ccr_centralized_planner-15] 
[ccr_centralized_planner-15] [INFO] [1729090493.144236202] [ccr_centralized_planner]: Sent plan [50, 51, 53, 39, 55, 56, 57, 5, 1] to robotA
[ccr_centralized_planner-15] [INFO] [1729090493.146445386] [ccr_centralized_planner]: Received state 50 from robotA
[ccr_centralized_planner-15] [INFO] [1729090493.342652081] [ccr_centralized_planner]: 
[ccr_centralized_planner-15] 
[ccr_centralized_planner-15]  did not replan 
[ccr_centralized_planner-15] 
[ccr_centralized_planner-15] [INFO] [1729090493.343433373] [ccr_centralized_planner]: Sent plan [50, 51, 53, 39, 55, 56, 57, 5, 1] to robotA
[ccr_centralized_planner-15] [INFO] [1729090493.345332276] [ccr_centralized_planner]: Received state 50 from robotA
[ccr_centralized_planner-15] [INFO] [1729090493.542987902] [ccr_centralized_planner]: 
[ccr_centralized_planner-15] 
[ccr_centralized_planner-15]  did not replan 
[ccr_centralized_planner-15] 
[command_node-3] [INFO] [1729090493.543021355] [command_node]: robotA: running
[ccr_centralized_planner-15] [INFO] [1729090493.543769635] [ccr_centralized_planner]: Sent plan [50, 51, 53, 39, 55, 56, 57, 5, 1] to robotA
[ccr_local_planner-14] [INFO] [1729090493.545035464] [robotA.ccr_local_planner]: new state 51
[ccr_centralized_planner-15] [INFO] [1729090493.545325837] [ccr_centralized_planner]: Received state 51 from robotA
[ccr_centralized_planner-15] [INFO] [1729090493.743505234] [ccr_centralized_planner]: 
[ccr_centralized_planner-15] 
[ccr_centralized_planner-15]  did not replan 
[ccr_centralized_planner-15] 
[ccr_centralized_planner-15] [INFO] [1729090493.744221043] [ccr_centralized_planner]: Sent plan [51, 53, 39, 55, 56, 57, 5, 1] to robotA
[ccr_centralized_planner-15] [INFO] [1729090493.746185900] [ccr_centralized_planner]: Received state 51 from robotA
[ccr_local_planner-14] [INFO] [1729090493.777327796] [robotA.ccr_local_planner]: new plan: [51, 53, 39], remainder: [55, 56, 57, 5, 1]
[ccr_centralized_planner-15] [INFO] [1729090493.945198836] [ccr_centralized_planner]: 
[ccr_centralized_planner-15] 
[ccr_centralized_planner-15]  did not replan 
[ccr_centralized_planner-15] 
[ccr_centralized_planner-15] [INFO] [1729090493.946275851] [ccr_centralized_planner]: Sent plan [51, 53, 39, 55, 56, 57, 5, 1] to robotA
[ccr_centralized_planner-15] [INFO] [1729090493.947683966] [ccr_centralized_planner]: Received state 51 from robotA
[ccr_centralized_planner-15] [INFO] [1729090494.144904108] [ccr_centralized_planner]: 
[ccr_centralized_planner-15] 
[ccr_centralized_planner-15]  did not replan 
[ccr_centralized_planner-15] 
[ccr_centralized_planner-15] [INFO] [1729090494.145502307] [ccr_centralized_planner]: Sent plan [51, 53, 39, 55, 56, 57, 5, 1] to robotA
[ccr_centralized_planner-15] [INFO] [1729090494.146216183] [ccr_centralized_planner]: Received state 51 from robotA
[ccr_centralized_planner-15] [INFO] [1729090494.345446185] [ccr_centralized_planner]: 
[ccr_centralized_planner-15] 
[ccr_centralized_planner-15]  did not replan 
[ccr_centralized_planner-15] 
[ccr_centralized_planner-15] [INFO] [1729090494.346150042] [ccr_centralized_planner]: Sent plan [51, 53, 39, 55, 56, 57, 5, 1] to robotA
[ccr_centralized_planner-15] [INFO] [1729090494.348031834] [ccr_centralized_planner]: Received state 51 from robotA
[ccr_centralized_planner-15] [INFO] [1729090494.546068373] [ccr_centralized_planner]: 
[ccr_centralized_planner-15] 
[ccr_centralized_planner-15]  did not replan 
[ccr_centralized_planner-15] 
[ccr_centralized_planner-15] [INFO] [1729090494.546938601] [ccr_centralized_planner]: Sent plan [51, 53, 39, 55, 56, 57, 5, 1] to robotA
[ccr_centralized_planner-15] [INFO] [1729090494.551754774] [ccr_centralized_planner]: Received state 51 from robotA
[ccr_centralized_planner-15] [INFO] [1729090494.746148365] [ccr_centralized_planner]: 
[ccr_centralized_planner-15] 
[ccr_centralized_planner-15]  did not replan 
[ccr_centralized_planner-15] 
[ccr_centralized_planner-15] [INFO] [1729090494.746903699] [ccr_centralized_planner]: Sent plan [51, 53, 39, 55, 56, 57, 5, 1] to robotA
[ccr_centralized_planner-15] [INFO] [1729090494.756942104] [ccr_centralized_planner]: Received state 51 from robotA
[ccr_centralized_planner-15] [INFO] [1729090494.946434574] [ccr_centralized_planner]: 
[ccr_centralized_planner-15] 
[ccr_centralized_planner-15]  did not replan 
[ccr_centralized_planner-15] 
[ccr_centralized_planner-15] [INFO] [1729090494.947148781] [ccr_centralized_planner]: Sent plan [51, 53, 39, 55, 56, 57, 5, 1] to robotA
[ccr_centralized_planner-15] [INFO] [1729090494.949036824] [ccr_centralized_planner]: Received state 51 from robotA
[ccr_centralized_planner-15] [INFO] [1729090495.146902854] [ccr_centralized_planner]: 
[ccr_centralized_planner-15] 
[ccr_centralized_planner-15]  did not replan 
[ccr_centralized_planner-15] 
[ccr_centralized_planner-15] [INFO] [1729090495.147626187] [ccr_centralized_planner]: Sent plan [51, 53, 39, 55, 56, 57, 5, 1] to robotA
[ccr_centralized_planner-15] [INFO] [1729090495.149194853] [ccr_centralized_planner]: Received state 51 from robotA
[ccr_centralized_planner-15] [INFO] [1729090495.347523318] [ccr_centralized_planner]: 
[ccr_centralized_planner-15] 
[ccr_centralized_planner-15]  did not replan 
[ccr_centralized_planner-15] 
[ccr_centralized_planner-15] [INFO] [1729090495.348400389] [ccr_centralized_planner]: Sent plan [51, 53, 39, 55, 56, 57, 5, 1] to robotA
[ccr_centralized_planner-15] [INFO] [1729090495.453282036] [ccr_centralized_planner]: Received state 51 from robotA
[ccr_centralized_planner-15] [INFO] [1729090495.547813444] [ccr_centralized_planner]: 
[ccr_centralized_planner-15] 
[ccr_centralized_planner-15]  did not replan 
[ccr_centralized_planner-15] 
[command_node-3] [INFO] [1729090495.547911818] [command_node]: robotA: running
[ccr_centralized_planner-15] [INFO] [1729090495.548802665] [ccr_centralized_planner]: Sent plan [51, 53, 39, 55, 56, 57, 5, 1] to robotA
[ccr_centralized_planner-15] [INFO] [1729090495.657899770] [ccr_centralized_planner]: Received state 51 from robotA
[ccr_centralized_planner-15] [INFO] [1729090495.748173932] [ccr_centralized_planner]: 
[ccr_centralized_planner-15] 
[ccr_centralized_planner-15]  did not replan 
[ccr_centralized_planner-15] 
[ccr_centralized_planner-15] [INFO] [1729090495.749079897] [ccr_centralized_planner]: Sent plan [51, 53, 39, 55, 56, 57, 5, 1] to robotA
[ccr_centralized_planner-15] [INFO] [1729090495.858789979] [ccr_centralized_planner]: Received state 51 from robotA
[ccr_centralized_planner-15] [INFO] [1729090495.948331179] [ccr_centralized_planner]: 
[ccr_centralized_planner-15] 
[ccr_centralized_planner-15]  did not replan 
[ccr_centralized_planner-15] 
[ccr_centralized_planner-15] [INFO] [1729090495.949069130] [ccr_centralized_planner]: Sent plan [51, 53, 39, 55, 56, 57, 5, 1] to robotA
[ccr_centralized_planner-15] [INFO] [1729090496.051417797] [ccr_centralized_planner]: Received state 51 from robotA
[ccr_centralized_planner-15] [INFO] [1729090496.149282753] [ccr_centralized_planner]: 
[ccr_centralized_planner-15] 
[ccr_centralized_planner-15]  did not replan 
[ccr_centralized_planner-15] 
[ccr_centralized_planner-15] [INFO] [1729090496.150138675] [ccr_centralized_planner]: Sent plan [51, 53, 39, 55, 56, 57, 5, 1] to robotA
[ccr_local_planner-14] [INFO] [1729090496.251495516] [robotA.ccr_local_planner]: new state 53
[ccr_centralized_planner-15] [INFO] [1729090496.251666526] [ccr_centralized_planner]: Received state 53 from robotA
[ccr_centralized_planner-15] [INFO] [1729090496.349484614] [ccr_centralized_planner]: 
[ccr_centralized_planner-15] 
[ccr_centralized_planner-15]  did not replan 
[ccr_centralized_planner-15] 
[ccr_local_planner-14] [INFO] [1729090496.350213027] [robotA.ccr_local_planner]: new plan: [53, 39, 55], remainder: [56, 57, 5, 1]
[ccr_centralized_planner-15] [INFO] [1729090496.350233936] [ccr_centralized_planner]: Sent plan [53, 39, 55, 56, 57, 5, 1] to robotA
[ccr_centralized_planner-15] [INFO] [1729090496.452016253] [ccr_centralized_planner]: Received state 53 from robotA
[ccr_centralized_planner-15] [INFO] [1729090496.550081103] [ccr_centralized_planner]: 
[ccr_centralized_planner-15] 
[ccr_centralized_planner-15]  did not replan 
[ccr_centralized_planner-15] 
[ccr_centralized_planner-15] [INFO] [1729090496.550947504] [ccr_centralized_planner]: Sent plan [53, 39, 55, 56, 57, 5, 1] to robotA
[ccr_centralized_planner-15] [INFO] [1729090496.652162540] [ccr_centralized_planner]: Received state 53 from robotA
[ccr_centralized_planner-15] [INFO] [1729090496.850575162] [ccr_centralized_planner]: 
[ccr_centralized_planner-15] 
[ccr_centralized_planner-15]  did not replan 
[ccr_centralized_planner-15] 
[ccr_centralized_planner-15] [INFO] [1729090496.851302393] [ccr_centralized_planner]: Sent plan [53, 39, 55, 56, 57, 5, 1] to robotA
[ccr_centralized_planner-15] [INFO] [1729090496.853008105] [ccr_centralized_planner]: Received state 53 from robotA
[ccr_centralized_planner-15] [INFO] [1729090497.050682857] [ccr_centralized_planner]: 
[ccr_centralized_planner-15] 
[ccr_centralized_planner-15]  did not replan 
[ccr_centralized_planner-15] 
[ccr_centralized_planner-15] [INFO] [1729090497.051389480] [ccr_centralized_planner]: Sent plan [53, 39, 55, 56, 57, 5, 1] to robotA
[ccr_centralized_planner-15] [INFO] [1729090497.052193654] [ccr_centralized_planner]: Received state 53 from robotA
[ccr_centralized_planner-15] [INFO] [1729090497.251584728] [ccr_centralized_planner]: 
[ccr_centralized_planner-15] 
[ccr_centralized_planner-15]  did not replan 
[ccr_centralized_planner-15] 
[ccr_centralized_planner-15] [INFO] [1729090497.252266915] [ccr_centralized_planner]: Sent plan [53, 39, 55, 56, 57, 5, 1] to robotA
[ccr_centralized_planner-15] [INFO] [1729090497.253241729] [ccr_centralized_planner]: Received state 53 from robotA
[ccr_centralized_planner-15] [INFO] [1729090497.452591455] [ccr_centralized_planner]: 
[ccr_centralized_planner-15] 
[ccr_centralized_planner-15]  did not replan 
[ccr_centralized_planner-15] 
[ccr_centralized_planner-15] [INFO] [1729090497.453817369] [ccr_centralized_planner]: Sent plan [53, 39, 55, 56, 57, 5, 1] to robotA
[ccr_centralized_planner-15] [INFO] [1729090497.455309812] [ccr_centralized_planner]: Received state 53 from robotA
[ccr_centralized_planner-15] [INFO] [1729090497.652748603] [ccr_centralized_planner]: 
[ccr_centralized_planner-15] 
[ccr_centralized_planner-15]  did not replan 
[ccr_centralized_planner-15] 
[command_node-3] [INFO] [1729090497.652876572] [command_node]: robotA: running
[ccr_centralized_planner-15] [INFO] [1729090497.653610185] [ccr_centralized_planner]: Sent plan [53, 39, 55, 56, 57, 5, 1] to robotA
[ccr_centralized_planner-15] [INFO] [1729090497.654638429] [ccr_centralized_planner]: Received state 53 from robotA
[ccr_centralized_planner-15] [INFO] [1729090497.853157601] [ccr_centralized_planner]: 
[ccr_centralized_planner-15] 
[ccr_centralized_planner-15]  did not replan 
[ccr_centralized_planner-15] 
[ccr_centralized_planner-15] [INFO] [1729090497.854015256] [ccr_centralized_planner]: Sent plan [53, 39, 55, 56, 57, 5, 1] to robotA
[ccr_centralized_planner-15] [INFO] [1729090497.862124290] [ccr_centralized_planner]: Received state 53 from robotA
[ccr_centralized_planner-15] [INFO] [1729090498.053470049] [ccr_centralized_planner]: 
[ccr_centralized_planner-15] 
[ccr_centralized_planner-15]  did not replan 
[ccr_centralized_planner-15] 
[ccr_centralized_planner-15] [INFO] [1729090498.054191669] [ccr_centralized_planner]: Sent plan [53, 39, 55, 56, 57, 5, 1] to robotA
[ccr_centralized_planner-15] [INFO] [1729090498.061541142] [ccr_centralized_planner]: Received state 53 from robotA
[ccr_centralized_planner-15] [INFO] [1729090498.253869279] [ccr_centralized_planner]: 
[ccr_centralized_planner-15] 
[ccr_centralized_planner-15]  did not replan 
[ccr_centralized_planner-15] 
[ccr_centralized_planner-15] [INFO] [1729090498.254596290] [ccr_centralized_planner]: Sent plan [53, 39, 55, 56, 57, 5, 1] to robotA
[ccr_centralized_planner-15] [INFO] [1729090498.261793338] [ccr_centralized_planner]: Received state 53 from robotA
[ccr_centralized_planner-15] [INFO] [1729090498.454312461] [ccr_centralized_planner]: 
[ccr_centralized_planner-15] 
[ccr_centralized_planner-15]  did not replan 
[ccr_centralized_planner-15] 
[ccr_centralized_planner-15] [INFO] [1729090498.455227243] [ccr_centralized_planner]: Sent plan [53, 39, 55, 56, 57, 5, 1] to robotA
[ccr_centralized_planner-15] [INFO] [1729090498.456245729] [ccr_centralized_planner]: Received state 53 from robotA
[ccr_centralized_planner-15] [INFO] [1729090498.654605453] [ccr_centralized_planner]: 
[ccr_centralized_planner-15] 
[ccr_centralized_planner-15]  did not replan 
[ccr_centralized_planner-15] 
[ccr_centralized_planner-15] [INFO] [1729090498.655353633] [ccr_centralized_planner]: Sent plan [53, 39, 55, 56, 57, 5, 1] to robotA
[ccr_centralized_planner-15] [INFO] [1729090498.656879619] [ccr_centralized_planner]: Received state 53 from robotA
[ccr_centralized_planner-15] [INFO] [1729090498.854879559] [ccr_centralized_planner]: 
[ccr_centralized_planner-15] 
[ccr_centralized_planner-15]  did not replan 
[ccr_centralized_planner-15] 
[ccr_centralized_planner-15] [INFO] [1729090498.855941196] [ccr_centralized_planner]: Sent plan [53, 39, 55, 56, 57, 5, 1] to robotA
[ccr_centralized_planner-15] [INFO] [1729090498.857318944] [ccr_centralized_planner]: Received state 39 from robotA
[ccr_local_planner-14] [INFO] [1729090498.857429431] [robotA.ccr_local_planner]: new state 39
[ccr_centralized_planner-15] [INFO] [1729090499.055263230] [ccr_centralized_planner]: 
[ccr_centralized_planner-15] 
[ccr_centralized_planner-15]  did not replan 
[ccr_centralized_planner-15] 
[ccr_centralized_planner-15] [INFO] [1729090499.055981154] [ccr_centralized_planner]: Sent plan [39, 55, 56, 57, 5, 1] to robotA
[ccr_centralized_planner-15] [INFO] [1729090499.057370664] [ccr_centralized_planner]: Received state 39 from robotA
[ccr_local_planner-14] [INFO] [1729090499.083802707] [robotA.ccr_local_planner]: new plan: [39, 55, 56], remainder: [57, 5, 1]
[ccr_centralized_planner-15] [INFO] [1729090499.255485920] [ccr_centralized_planner]: 
[ccr_centralized_planner-15] 
[ccr_centralized_planner-15]  did not replan 
[ccr_centralized_planner-15] 
[ccr_centralized_planner-15] [INFO] [1729090499.256118885] [ccr_centralized_planner]: Sent plan [39, 55, 56, 57, 5, 1] to robotA
[ccr_centralized_planner-15] [INFO] [1729090499.258761119] [ccr_centralized_planner]: Received state 39 from robotA
[ccr_centralized_planner-15] [INFO] [1729090499.456223684] [ccr_centralized_planner]: 
[ccr_centralized_planner-15] 
[ccr_centralized_planner-15]  did not replan 
[ccr_centralized_planner-15] 
[ccr_centralized_planner-15] [INFO] [1729090499.456947108] [ccr_centralized_planner]: Sent plan [39, 55, 56, 57, 5, 1] to robotA
[ccr_centralized_planner-15] [INFO] [1729090499.458871128] [ccr_centralized_planner]: Received state 39 from robotA
[command_node-3] [INFO] [1729090499.656494224] [command_node]: robotA: running
[ccr_centralized_planner-15] [INFO] [1729090499.657032601] [ccr_centralized_planner]: 
[ccr_centralized_planner-15] 
[ccr_centralized_planner-15]  did not replan 
[ccr_centralized_planner-15] 
[ccr_centralized_planner-15] [INFO] [1729090499.657836415] [ccr_centralized_planner]: Sent plan [39, 55, 56, 57, 5, 1] to robotA
[ccr_local_planner-14] [INFO] [1729090499.659751519] [robotA.ccr_local_planner]: new state 55
[ccr_centralized_planner-15] [INFO] [1729090499.659978814] [ccr_centralized_planner]: Received state 55 from robotA
[ccr_centralized_planner-15] [INFO] [1729090499.857068601] [ccr_centralized_planner]: 
[ccr_centralized_planner-15] 
[ccr_centralized_planner-15]  did not replan 
[ccr_centralized_planner-15] 
[ccr_centralized_planner-15] [INFO] [1729090499.857836037] [ccr_centralized_planner]: Sent plan [55, 56, 57, 5, 1] to robotA
[ccr_centralized_planner-15] [INFO] [1729090499.860281374] [ccr_centralized_planner]: Received state 55 from robotA
[ccr_local_planner-14] [INFO] [1729090499.879250932] [robotA.ccr_local_planner]: new plan: [55, 56, 57], remainder: [5, 1]
[ccr_centralized_planner-15] [INFO] [1729090500.057653138] [ccr_centralized_planner]: 
[ccr_centralized_planner-15] 
[ccr_centralized_planner-15]  did not replan 
[ccr_centralized_planner-15] 
[ccr_centralized_planner-15] [INFO] [1729090500.058552962] [ccr_centralized_planner]: Sent plan [55, 56, 57, 5, 1] to robotA
[ccr_centralized_planner-15] [INFO] [1729090500.059395269] [ccr_centralized_planner]: Received state 55 from robotA
[ccr_centralized_planner-15] [INFO] [1729090500.257531544] [ccr_centralized_planner]: 
[ccr_centralized_planner-15] 
[ccr_centralized_planner-15]  did not replan 
[ccr_centralized_planner-15] 
[ccr_centralized_planner-15] [INFO] [1729090500.258322544] [ccr_centralized_planner]: Sent plan [55, 56, 57, 5, 1] to robotA
[ccr_centralized_planner-15] [INFO] [1729090500.259912970] [ccr_centralized_planner]: Received state 55 from robotA
[ccr_centralized_planner-15] [INFO] [1729090500.458178458] [ccr_centralized_planner]: 
[ccr_centralized_planner-15] 
[ccr_centralized_planner-15]  did not replan 
[ccr_centralized_planner-15] 
[ccr_centralized_planner-15] [INFO] [1729090500.458890039] [ccr_centralized_planner]: Sent plan [55, 56, 57, 5, 1] to robotA
[ccr_centralized_planner-15] [INFO] [1729090500.461101528] [ccr_centralized_planner]: Received state 55 from robotA
[ccr_centralized_planner-15] [INFO] [1729090500.658645936] [ccr_centralized_planner]: 
[ccr_centralized_planner-15] 
[ccr_centralized_planner-15]  did not replan 
[ccr_centralized_planner-15] 
[ccr_centralized_planner-15] [INFO] [1729090500.659344944] [ccr_centralized_planner]: Sent plan [55, 56, 57, 5, 1] to robotA
[ccr_centralized_planner-15] [INFO] [1729090500.664208234] [ccr_centralized_planner]: Received state 55 from robotA
[ccr_centralized_planner-15] [INFO] [1729090500.858944878] [ccr_centralized_planner]: 
[ccr_centralized_planner-15] 
[ccr_centralized_planner-15]  did not replan 
[ccr_centralized_planner-15] 
[ccr_centralized_planner-15] [INFO] [1729090500.859649547] [ccr_centralized_planner]: Sent plan [55, 56, 57, 5, 1] to robotA
[ccr_centralized_planner-15] [INFO] [1729090500.869819929] [ccr_centralized_planner]: Received state 55 from robotA
[ccr_centralized_planner-15] [INFO] [1729090501.059010444] [ccr_centralized_planner]: 
[ccr_centralized_planner-15] 
[ccr_centralized_planner-15]  did not replan 
[ccr_centralized_planner-15] 
[ccr_centralized_planner-15] [INFO] [1729090501.059624974] [ccr_centralized_planner]: Sent plan [55, 56, 57, 5, 1] to robotA
[ccr_centralized_planner-15] [INFO] [1729090501.062298677] [ccr_centralized_planner]: Received state 55 from robotA
[ccr_centralized_planner-15] [INFO] [1729090501.259607495] [ccr_centralized_planner]: 
[ccr_centralized_planner-15] 
[ccr_centralized_planner-15]  did not replan 
[ccr_centralized_planner-15] 
[ccr_centralized_planner-15] [INFO] [1729090501.260463356] [ccr_centralized_planner]: Sent plan [55, 56, 57, 5, 1] to robotA
[ccr_centralized_planner-15] [INFO] [1729090501.362960421] [ccr_centralized_planner]: Received state 55 from robotA
[ccr_centralized_planner-15] [INFO] [1729090501.459800379] [ccr_centralized_planner]: 
[ccr_centralized_planner-15] 
[ccr_centralized_planner-15]  did not replan 
[ccr_centralized_planner-15] 
[ccr_centralized_planner-15] [INFO] [1729090501.460541065] [ccr_centralized_planner]: Sent plan [55, 56, 57, 5, 1] to robotA
[ccr_centralized_planner-15] [INFO] [1729090501.563386501] [ccr_centralized_planner]: Received state 55 from robotA
[ccr_centralized_planner-15] [INFO] [1729090501.660270792] [ccr_centralized_planner]: 
[ccr_centralized_planner-15] 
[ccr_centralized_planner-15]  did not replan 
[ccr_centralized_planner-15] 
[command_node-3] [INFO] [1729090501.660518306] [command_node]: robotA: running
[ccr_centralized_planner-15] [INFO] [1729090501.660997412] [ccr_centralized_planner]: Sent plan [55, 56, 57, 5, 1] to robotA
[ccr_centralized_planner-15] [INFO] [1729090501.762522347] [ccr_centralized_planner]: Received state 55 from robotA
[ccr_centralized_planner-15] [INFO] [1729090501.860434281] [ccr_centralized_planner]: 
[ccr_centralized_planner-15] 
[ccr_centralized_planner-15]  did not replan 
[ccr_centralized_planner-15] 
[ccr_centralized_planner-15] [INFO] [1729090501.861201617] [ccr_centralized_planner]: Sent plan [55, 56, 57, 5, 1] to robotA
[ccr_centralized_planner-15] [INFO] [1729090501.966683658] [ccr_centralized_planner]: Received state 55 from robotA
[ccr_centralized_planner-15] [INFO] [1729090502.060730048] [ccr_centralized_planner]: 
[ccr_centralized_planner-15] 
[ccr_centralized_planner-15]  did not replan 
[ccr_centralized_planner-15] 
[ccr_centralized_planner-15] [INFO] [1729090502.061532279] [ccr_centralized_planner]: Sent plan [55, 56, 57, 5, 1] to robotA
[ccr_centralized_planner-15] [INFO] [1729090502.163814070] [ccr_centralized_planner]: Received state 55 from robotA
[ccr_centralized_planner-15] [INFO] [1729090502.261651816] [ccr_centralized_planner]: 
[ccr_centralized_planner-15] 
[ccr_centralized_planner-15]  did not replan 
[ccr_centralized_planner-15] 
[ccr_centralized_planner-15] [INFO] [1729090502.262378305] [ccr_centralized_planner]: Sent plan [55, 56, 57, 5, 1] to robotA
[ccr_local_planner-14] [INFO] [1729090502.363952292] [robotA.ccr_local_planner]: new state 56
[ccr_centralized_planner-15] [INFO] [1729090502.363965256] [ccr_centralized_planner]: Received state 56 from robotA
[ccr_centralized_planner-15] [INFO] [1729090502.461947332] [ccr_centralized_planner]: 
[ccr_centralized_planner-15] 
[ccr_centralized_planner-15]  did not replan 
[ccr_centralized_planner-15] 
[ccr_centralized_planner-15] [INFO] [1729090502.462611825] [ccr_centralized_planner]: Sent plan [56, 57, 5, 1] to robotA
[ccr_local_planner-14] [INFO] [1729090502.463067127] [robotA.ccr_local_planner]: new plan: [56, 57, 5], remainder: [1]
[ccr_centralized_planner-15] [INFO] [1729090502.564598435] [ccr_centralized_planner]: Received state 56 from robotA
[ccr_centralized_planner-15] [INFO] [1729090502.662047282] [ccr_centralized_planner]: 
[ccr_centralized_planner-15] 
[ccr_centralized_planner-15]  did not replan 
[ccr_centralized_planner-15] 
[ccr_centralized_planner-15] [INFO] [1729090502.662653657] [ccr_centralized_planner]: Sent plan [56, 57, 5, 1] to robotA
[ccr_centralized_planner-15] [INFO] [1729090502.764690540] [ccr_centralized_planner]: Received state 56 from robotA
[ccr_centralized_planner-15] [INFO] [1729090502.962946139] [ccr_centralized_planner]: 
[ccr_centralized_planner-15] 
[ccr_centralized_planner-15]  did not replan 
[ccr_centralized_planner-15] 
[ccr_centralized_planner-15] [INFO] [1729090502.963664123] [ccr_centralized_planner]: Sent plan [56, 57, 5, 1] to robotA
[ccr_centralized_planner-15] [INFO] [1729090502.966111392] [ccr_centralized_planner]: Received state 56 from robotA
[ccr_centralized_planner-15] [INFO] [1729090503.163281981] [ccr_centralized_planner]: 
[ccr_centralized_planner-15] 
[ccr_centralized_planner-15]  did not replan 
[ccr_centralized_planner-15] 
[ccr_centralized_planner-15] [INFO] [1729090503.163991008] [ccr_centralized_planner]: Sent plan [56, 57, 5, 1] to robotA
[ccr_centralized_planner-15] [INFO] [1729090503.165481657] [ccr_centralized_planner]: Received state 56 from robotA
[ccr_centralized_planner-15] [INFO] [1729090503.363823357] [ccr_centralized_planner]: 
[ccr_centralized_planner-15] 
[ccr_centralized_planner-15]  did not replan 
[ccr_centralized_planner-15] 
[ccr_centralized_planner-15] [INFO] [1729090503.364655124] [ccr_centralized_planner]: Sent plan [56, 57, 5, 1] to robotA
[ccr_centralized_planner-15] [INFO] [1729090503.365822889] [ccr_centralized_planner]: Received state 56 from robotA
[ccr_centralized_planner-15] [INFO] [1729090503.564669233] [ccr_centralized_planner]: 
[ccr_centralized_planner-15] 
[ccr_centralized_planner-15]  did not replan 
[ccr_centralized_planner-15] 
[ccr_centralized_planner-15] [INFO] [1729090503.565361598] [ccr_centralized_planner]: Sent plan [56, 57, 5, 1] to robotA
[ccr_centralized_planner-15] [INFO] [1729090503.567065347] [ccr_centralized_planner]: Received state 56 from robotA
[ccr_centralized_planner-15] [INFO] [1729090503.765283516] [ccr_centralized_planner]: 
[ccr_centralized_planner-15] 
[ccr_centralized_planner-15]  did not replan 
[ccr_centralized_planner-15] 
[command_node-3] [INFO] [1729090503.765431402] [command_node]: robotA: running
[ccr_centralized_planner-15] [INFO] [1729090503.766058055] [ccr_centralized_planner]: Sent plan [56, 57, 5, 1] to robotA
[ccr_centralized_planner-15] [INFO] [1729090503.766903557] [ccr_centralized_planner]: Received state 56 from robotA
[ccr_centralized_planner-15] [INFO] [1729090503.965310559] [ccr_centralized_planner]: 
[ccr_centralized_planner-15] 
[ccr_centralized_planner-15]  did not replan 
[ccr_centralized_planner-15] 
[ccr_centralized_planner-15] [INFO] [1729090503.965998246] [ccr_centralized_planner]: Sent plan [56, 57, 5, 1] to robotA
[ccr_centralized_planner-15] [INFO] [1729090503.967080431] [ccr_centralized_planner]: Received state 56 from robotA
[ccr_centralized_planner-15] [INFO] [1729090504.165915565] [ccr_centralized_planner]: 
[ccr_centralized_planner-15] 
[ccr_centralized_planner-15]  did not replan 
[ccr_centralized_planner-15] 
[ccr_centralized_planner-15] [INFO] [1729090504.166709059] [ccr_centralized_planner]: Sent plan [56, 57, 5, 1] to robotA
[ccr_centralized_planner-15] [INFO] [1729090504.167952116] [ccr_centralized_planner]: Received state 56 from robotA
[ccr_centralized_planner-15] [INFO] [1729090504.366236839] [ccr_centralized_planner]: 
[ccr_centralized_planner-15] 
[ccr_centralized_planner-15]  did not replan 
[ccr_centralized_planner-15] 
[ccr_centralized_planner-15] [INFO] [1729090504.366957067] [ccr_centralized_planner]: Sent plan [56, 57, 5, 1] to robotA
[ccr_centralized_planner-15] [INFO] [1729090504.374149476] [ccr_centralized_planner]: Received state 56 from robotA
[ccr_centralized_planner-15] [INFO] [1729090504.566463466] [ccr_centralized_planner]: 
[ccr_centralized_planner-15] 
[ccr_centralized_planner-15]  did not replan 
[ccr_centralized_planner-15] 
[ccr_centralized_planner-15] [INFO] [1729090504.567121077] [ccr_centralized_planner]: Sent plan [56, 57, 5, 1] to robotA
[ccr_centralized_planner-15] [INFO] [1729090504.569853580] [ccr_centralized_planner]: Received state 56 from robotA
[ccr_centralized_planner-15] [INFO] [1729090504.766749986] [ccr_centralized_planner]: 
[ccr_centralized_planner-15] 
[ccr_centralized_planner-15]  did not replan 
[ccr_centralized_planner-15] 
[ccr_centralized_planner-15] [INFO] [1729090504.767409480] [ccr_centralized_planner]: Sent plan [56, 57, 5, 1] to robotA
[ccr_centralized_planner-15] [INFO] [1729090504.770199310] [ccr_centralized_planner]: Received state 56 from robotA
[ccr_centralized_planner-15] [INFO] [1729090504.967299037] [ccr_centralized_planner]: 
[ccr_centralized_planner-15] 
[ccr_centralized_planner-15]  did not replan 
[ccr_centralized_planner-15] 
[ccr_centralized_planner-15] [INFO] [1729090504.968041907] [ccr_centralized_planner]: Sent plan [56, 57, 5, 1] to robotA
[ccr_centralized_planner-15] [INFO] [1729090504.970403746] [ccr_centralized_planner]: Received state 57 from robotA
[ccr_local_planner-14] [INFO] [1729090504.970514253] [robotA.ccr_local_planner]: new state 57
[ccr_centralized_planner-15] [INFO] [1729090505.167535322] [ccr_centralized_planner]: 
[ccr_centralized_planner-15] 
[ccr_centralized_planner-15]  did not replan 
[ccr_centralized_planner-15] 
[ccr_centralized_planner-15] [INFO] [1729090505.168271249] [ccr_centralized_planner]: Sent plan [57, 5, 1] to robotA
[ccr_centralized_planner-15] [INFO] [1729090505.169746420] [ccr_centralized_planner]: Received state 57 from robotA
[ccr_local_planner-14] [INFO] [1729090505.189474667] [robotA.ccr_local_planner]: new plan: [57, 5, 1]
[ccr_centralized_planner-15] [INFO] [1729090505.367958497] [ccr_centralized_planner]: 
[ccr_centralized_planner-15] 
[ccr_centralized_planner-15]  did not replan 
[ccr_centralized_planner-15] 
[ccr_centralized_planner-15] [INFO] [1729090505.368789673] [ccr_centralized_planner]: Sent plan [57, 5, 1] to robotA
[ccr_centralized_planner-15] [INFO] [1729090505.370604859] [ccr_centralized_planner]: Received state 57 from robotA
[ccr_centralized_planner-15] [INFO] [1729090505.568034241] [ccr_centralized_planner]: 
[ccr_centralized_planner-15] 
[ccr_centralized_planner-15]  did not replan 
[ccr_centralized_planner-15] 
[ccr_centralized_planner-15] [INFO] [1729090505.568910221] [ccr_centralized_planner]: Sent plan [57, 5, 1] to robotA
[ccr_centralized_planner-15] [INFO] [1729090505.570440174] [ccr_centralized_planner]: Received state 57 from robotA
[ccr_centralized_planner-15] [INFO] [1729090505.768114074] [ccr_centralized_planner]: 
[ccr_centralized_planner-15] 
[ccr_centralized_planner-15]  did not replan 
[ccr_centralized_planner-15] 
[command_node-3] [INFO] [1729090505.768375002] [command_node]: robotA: running
[ccr_centralized_planner-15] [INFO] [1729090505.768723494] [ccr_centralized_planner]: Sent plan [57, 5, 1] to robotA
[ccr_centralized_planner-15] [INFO] [1729090505.770970870] [ccr_centralized_planner]: Received state 57 from robotA
[ccr_centralized_planner-15] [INFO] [1729090505.969289617] [ccr_centralized_planner]: 
[ccr_centralized_planner-15] 
[ccr_centralized_planner-15]  did not replan 
[ccr_centralized_planner-15] 
[ccr_centralized_planner-15] [INFO] [1729090505.970306059] [ccr_centralized_planner]: Sent plan [57, 5, 1] to robotA
[ccr_centralized_planner-15] [INFO] [1729090505.971439750] [ccr_centralized_planner]: Received state 57 from robotA
[ccr_centralized_planner-15] [INFO] [1729090506.169298156] [ccr_centralized_planner]: 
[ccr_centralized_planner-15] 
[ccr_centralized_planner-15]  did not replan 
[ccr_centralized_planner-15] 
[ccr_centralized_planner-15] [INFO] [1729090506.169989650] [ccr_centralized_planner]: Sent plan [57, 5, 1] to robotA
[ccr_centralized_planner-15] [INFO] [1729090506.170819213] [ccr_centralized_planner]: Received state 57 from robotA
[ccr_centralized_planner-15] [INFO] [1729090506.369762098] [ccr_centralized_planner]: 
[ccr_centralized_planner-15] 
[ccr_centralized_planner-15]  did not replan 
[ccr_centralized_planner-15] 
[ccr_centralized_planner-15] [INFO] [1729090506.370445697] [ccr_centralized_planner]: Sent plan [57, 5, 1] to robotA
[ccr_centralized_planner-15] [INFO] [1729090506.372722397] [ccr_centralized_planner]: Received state 57 from robotA
[ccr_centralized_planner-15] [INFO] [1729090506.569779403] [ccr_centralized_planner]: 
[ccr_centralized_planner-15] 
[ccr_centralized_planner-15]  did not replan 
[ccr_centralized_planner-15] 
[ccr_centralized_planner-15] [INFO] [1729090506.570635495] [ccr_centralized_planner]: Sent plan [57, 5, 1] to robotA
[ccr_centralized_planner-15] [INFO] [1729090506.577134847] [ccr_centralized_planner]: Received state 57 from robotA
[ccr_centralized_planner-15] [INFO] [1729090506.770535832] [ccr_centralized_planner]: 
[ccr_centralized_planner-15] 
[ccr_centralized_planner-15]  did not replan 
[ccr_centralized_planner-15] 
[ccr_centralized_planner-15] [INFO] [1729090506.771511758] [ccr_centralized_planner]: Sent plan [57, 5, 1] to robotA
[ccr_centralized_planner-15] [INFO] [1729090506.779313888] [ccr_centralized_planner]: Received state 57 from robotA
[ccr_centralized_planner-15] [INFO] [1729090506.971209225] [ccr_centralized_planner]: 
[ccr_centralized_planner-15] 
[ccr_centralized_planner-15]  did not replan 
[ccr_centralized_planner-15] 
[ccr_centralized_planner-15] [INFO] [1729090506.971922069] [ccr_centralized_planner]: Sent plan [57, 5, 1] to robotA
[ccr_centralized_planner-15] [INFO] [1729090506.973417097] [ccr_centralized_planner]: Received state 57 from robotA
[ccr_centralized_planner-15] [INFO] [1729090507.171913957] [ccr_centralized_planner]: 
[ccr_centralized_planner-15] 
[ccr_centralized_planner-15]  did not replan 
[ccr_centralized_planner-15] 
[ccr_centralized_planner-15] [INFO] [1729090507.172680672] [ccr_centralized_planner]: Sent plan [57, 5, 1] to robotA
[ccr_centralized_planner-15] [INFO] [1729090507.174001564] [ccr_centralized_planner]: Received state 57 from robotA
[ccr_centralized_planner-15] [INFO] [1729090507.372089508] [ccr_centralized_planner]: 
[ccr_centralized_planner-15] 
[ccr_centralized_planner-15]  did not replan 
[ccr_centralized_planner-15] 
[ccr_centralized_planner-15] [INFO] [1729090507.372862836] [ccr_centralized_planner]: Sent plan [57, 5, 1] to robotA
[ccr_local_planner-14] [INFO] [1729090507.476171259] [robotA.ccr_local_planner]: new state 5
[ccr_centralized_planner-15] [INFO] [1729090507.476732920] [ccr_centralized_planner]: Received state 5 from robotA
[ccr_centralized_planner-15] [INFO] [1729090507.572527952] [ccr_centralized_planner]: 
[ccr_centralized_planner-15] 
[ccr_centralized_planner-15]  did not replan 
[ccr_centralized_planner-15] 
[ccr_centralized_planner-15] [INFO] [1729090507.573434379] [ccr_centralized_planner]: Sent plan [5, 1] to robotA
[ccr_local_planner-14] [INFO] [1729090507.573536269] [robotA.ccr_local_planner]: new plan: [5, 1]
[ccr_centralized_planner-15] [INFO] [1729090507.678638178] [ccr_centralized_planner]: Received state 5 from robotA
[command_node-3] [INFO] [1729090507.773097060] [command_node]: robotA: running
[ccr_centralized_planner-15] [INFO] [1729090507.773320609] [ccr_centralized_planner]: 
[ccr_centralized_planner-15] 
[ccr_centralized_planner-15]  did not replan 
[ccr_centralized_planner-15] 
[ccr_centralized_planner-15] [INFO] [1729090507.774191619] [ccr_centralized_planner]: Sent plan [5, 1] to robotA
[ccr_centralized_planner-15] [INFO] [1729090507.882444514] [ccr_centralized_planner]: Received state 5 from robotA
[ccr_centralized_planner-15] [INFO] [1729090507.974394071] [ccr_centralized_planner]: 
[ccr_centralized_planner-15] 
[ccr_centralized_planner-15]  did not replan 
[ccr_centralized_planner-15] 
[ccr_centralized_planner-15] [INFO] [1729090507.976001328] [ccr_centralized_planner]: Sent plan [5, 1] to robotA
[ccr_centralized_planner-15] [INFO] [1729090508.087168608] [ccr_centralized_planner]: Received state 5 from robotA
[ccr_centralized_planner-15] [INFO] [1729090508.173665280] [ccr_centralized_planner]: 
[ccr_centralized_planner-15] 
[ccr_centralized_planner-15]  did not replan 
[ccr_centralized_planner-15] 
[ccr_centralized_planner-15] [INFO] [1729090508.174576315] [ccr_centralized_planner]: Sent plan [5, 1] to robotA
[ccr_centralized_planner-15] [INFO] [1729090508.275941752] [ccr_centralized_planner]: Received state 5 from robotA
[ccr_centralized_planner-15] [INFO] [1729090508.374198301] [ccr_centralized_planner]: 
[ccr_centralized_planner-15] 
[ccr_centralized_planner-15]  did not replan 
[ccr_centralized_planner-15] 
[ccr_centralized_planner-15] [INFO] [1729090508.374963894] [ccr_centralized_planner]: Sent plan [5, 1] to robotA
[ccr_goal_provider-12] [INFO] [1729090508.478485205] [ccr_goal_provider]: [32mgoal completed:[0m robotA reached goal 1, going to goal 0 within state 9
[ccr_centralized_planner-15] [INFO] [1729090508.478487859] [ccr_centralized_planner]: Received state 1 from robotA
[ccr_local_planner-14] [INFO] [1729090508.478708292] [robotA.ccr_local_planner]: new state 1
[ccr_centralized_planner-15] [INFO] [1729090508.574490751] [ccr_centralized_planner]: 
[ccr_centralized_planner-15] 
[ccr_centralized_planner-15]  did not replan 
[ccr_centralized_planner-15] 
[ccr_centralized_planner-15] [INFO] [1729090508.575334320] [ccr_centralized_planner]: Sent plan [1] to robotA
[ccr_centralized_planner-15] [INFO] [1729090508.576024441] [ccr_centralized_planner]: Received goal 9 from robotA
[ccr_local_planner-14] [INFO] [1729090508.578761573] [robotA.ccr_local_planner]: new plan: [1]
[ccr_centralized_planner-15] [INFO] [1729090508.676988998] [ccr_centralized_planner]: Received state 1 from robotA
[ccr_centralized_planner-15] [INFO] [1729090508.874972127] [ccr_centralized_planner]: 
[ccr_centralized_planner-15] 
[ccr_centralized_planner-15]  replaned due to new goal
[ccr_centralized_planner-15] 
[ccr_centralized_planner-15] [INFO] [1729090508.896458374] [ccr_centralized_planner]: Sent plan [1, 44, 45, 56, 55, 39, 53, 51, 32, 35, 10, 9] to robotA
[ccr_centralized_planner-15] [INFO] [1729090508.897000439] [ccr_centralized_planner]: Received state 1 from robotA
[ccr_local_planner-14] [INFO] [1729090508.898149088] [robotA.ccr_local_planner]: new plan: [1, 44, 45], remainder: [56, 55, 39, 53, 51, 32, 35, 10, 9]
[ccr_centralized_planner-15] [INFO] [1729090509.075117602] [ccr_centralized_planner]: 
[ccr_centralized_planner-15] 
[ccr_centralized_planner-15]  did not replan 
[ccr_centralized_planner-15] 
[ccr_centralized_planner-15] [INFO] [1729090509.075939551] [ccr_centralized_planner]: Sent plan [1, 44, 45, 56, 55, 39, 53, 51, 32, 35, 10, 9] to robotA
[ccr_centralized_planner-15] [INFO] [1729090509.076851517] [ccr_centralized_planner]: Received state 1 from robotA
[ccr_centralized_planner-15] [INFO] [1729090509.275602302] [ccr_centralized_planner]: 
[ccr_centralized_planner-15] 
[ccr_centralized_planner-15]  did not replan 
[ccr_centralized_planner-15] 
[ccr_centralized_planner-15] [INFO] [1729090509.276394264] [ccr_centralized_planner]: Sent plan [1, 44, 45, 56, 55, 39, 53, 51, 32, 35, 10, 9] to robotA
[ccr_centralized_planner-15] [INFO] [1729090509.277312473] [ccr_centralized_planner]: Received state 1 from robotA
[ccr_centralized_planner-15] [INFO] [1729090509.476003626] [ccr_centralized_planner]: 
[ccr_centralized_planner-15] 
[ccr_centralized_planner-15]  did not replan 
[ccr_centralized_planner-15] 
[ccr_centralized_planner-15] [INFO] [1729090509.477052840] [ccr_centralized_planner]: Sent plan [1, 44, 45, 56, 55, 39, 53, 51, 32, 35, 10, 9] to robotA
[ccr_centralized_planner-15] [INFO] [1729090509.478066797] [ccr_centralized_planner]: Received state 1 from robotA
[ccr_centralized_planner-15] [INFO] [1729090509.676356961] [ccr_centralized_planner]: 
[ccr_centralized_planner-15] 
[ccr_centralized_planner-15]  did not replan 
[ccr_centralized_planner-15] 
[ccr_centralized_planner-15] [INFO] [1729090509.677203595] [ccr_centralized_planner]: Sent plan [1, 44, 45, 56, 55, 39, 53, 51, 32, 35, 10, 9] to robotA
[ccr_centralized_planner-15] [INFO] [1729090509.687689107] [ccr_centralized_planner]: Received state 1 from robotA
[ccr_centralized_planner-15] [INFO] [1729090509.876640755] [ccr_centralized_planner]: 
[ccr_centralized_planner-15] 
[ccr_centralized_planner-15]  did not replan 
[ccr_centralized_planner-15] 
[command_node-3] [INFO] [1729090509.876687523] [command_node]: robotA: running
[ccr_centralized_planner-15] [INFO] [1729090509.877349922] [ccr_centralized_planner]: Sent plan [1, 44, 45, 56, 55, 39, 53, 51, 32, 35, 10, 9] to robotA
[ccr_centralized_planner-15] [INFO] [1729090509.887534180] [ccr_centralized_planner]: Received state 1 from robotA
[ccr_centralized_planner-15] [INFO] [1729090510.076531404] [ccr_centralized_planner]: 
[ccr_centralized_planner-15] 
[ccr_centralized_planner-15]  did not replan 
[ccr_centralized_planner-15] 
[ccr_centralized_planner-15] [INFO] [1729090510.077143760] [ccr_centralized_planner]: Sent plan [1, 44, 45, 56, 55, 39, 53, 51, 32, 35, 10, 9] to robotA
[ccr_centralized_planner-15] [INFO] [1729090510.086396304] [ccr_centralized_planner]: Received state 1 from robotA
[ccr_centralized_planner-15] [INFO] [1729090510.277212622] [ccr_centralized_planner]: 
[ccr_centralized_planner-15] 
[ccr_centralized_planner-15]  did not replan 
[ccr_centralized_planner-15] 
[ccr_centralized_planner-15] [INFO] [1729090510.278025413] [ccr_centralized_planner]: Sent plan [1, 44, 45, 56, 55, 39, 53, 51, 32, 35, 10, 9] to robotA
[ccr_centralized_planner-15] [INFO] [1729090510.291803416] [ccr_centralized_planner]: Received state 1 from robotA
[ccr_centralized_planner-15] [INFO] [1729090510.477658019] [ccr_centralized_planner]: 
[ccr_centralized_planner-15] 
[ccr_centralized_planner-15]  did not replan 
[ccr_centralized_planner-15] 
[ccr_centralized_planner-15] [INFO] [1729090510.478456944] [ccr_centralized_planner]: Sent plan [1, 44, 45, 56, 55, 39, 53, 51, 32, 35, 10, 9] to robotA
[ccr_centralized_planner-15] [INFO] [1729090510.490437693] [ccr_centralized_planner]: Received state 1 from robotA
[ccr_centralized_planner-15] [INFO] [1729090510.678164159] [ccr_centralized_planner]: 
[ccr_centralized_planner-15] 
[ccr_centralized_planner-15]  did not replan 
[ccr_centralized_planner-15] 
[ccr_centralized_planner-15] [INFO] [1729090510.678990415] [ccr_centralized_planner]: Sent plan [1, 44, 45, 56, 55, 39, 53, 51, 32, 35, 10, 9] to robotA
[ccr_centralized_planner-15] [INFO] [1729090510.697045822] [ccr_centralized_planner]: Received state 1 from robotA
[ccr_centralized_planner-15] [INFO] [1729090510.878812635] [ccr_centralized_planner]: 
[ccr_centralized_planner-15] 
[ccr_centralized_planner-15]  did not replan 
[ccr_centralized_planner-15] 
[ccr_centralized_planner-15] [INFO] [1729090510.879828687] [ccr_centralized_planner]: Sent plan [1, 44, 45, 56, 55, 39, 53, 51, 32, 35, 10, 9] to robotA
[ccr_centralized_planner-15] [INFO] [1729090510.896779797] [ccr_centralized_planner]: Received state 1 from robotA
[ccr_centralized_planner-15] [INFO] [1729090511.079358179] [ccr_centralized_planner]: 
[ccr_centralized_planner-15] 
[ccr_centralized_planner-15]  did not replan 
[ccr_centralized_planner-15] 
[ccr_centralized_planner-15] [INFO] [1729090511.080450032] [ccr_centralized_planner]: Sent plan [1, 44, 45, 56, 55, 39, 53, 51, 32, 35, 10, 9] to robotA
[ccr_centralized_planner-15] [INFO] [1729090511.081569427] [ccr_centralized_planner]: Received state 1 from robotA
[ccr_centralized_planner-15] [INFO] [1729090511.279176773] [ccr_centralized_planner]: 
[ccr_centralized_planner-15] 
[ccr_centralized_planner-15]  did not replan 
[ccr_centralized_planner-15] 
[ccr_centralized_planner-15] [INFO] [1729090511.279856765] [ccr_centralized_planner]: Sent plan [1, 44, 45, 56, 55, 39, 53, 51, 32, 35, 10, 9] to robotA
[ccr_centralized_planner-15] [INFO] [1729090511.281751681] [ccr_centralized_planner]: Received state 1 from robotA
[ccr_centralized_planner-15] [INFO] [1729090511.479368385] [ccr_centralized_planner]: 
[ccr_centralized_planner-15] 
[ccr_centralized_planner-15]  did not replan 
[ccr_centralized_planner-15] 
[ccr_centralized_planner-15] [INFO] [1729090511.479993615] [ccr_centralized_planner]: Sent plan [1, 44, 45, 56, 55, 39, 53, 51, 32, 35, 10, 9] to robotA
[ccr_local_planner-14] [INFO] [1729090511.482064640] [robotA.ccr_local_planner]: new state 44
[ccr_centralized_planner-15] [INFO] [1729090511.482098644] [ccr_centralized_planner]: Received state 44 from robotA
[ccr_centralized_planner-15] [INFO] [1729090511.679944105] [ccr_centralized_planner]: 
[ccr_centralized_planner-15] 
[ccr_centralized_planner-15]  did not replan 
[ccr_centralized_planner-15] 
[ccr_centralized_planner-15] [INFO] [1729090511.680802451] [ccr_centralized_planner]: Sent plan [44, 45, 56, 55, 39, 53, 51, 32, 35, 10, 9] to robotA
[ccr_centralized_planner-15] [INFO] [1729090511.681798054] [ccr_centralized_planner]: Received state 44 from robotA
[ccr_local_planner-14] [INFO] [1729090511.706839966] [robotA.ccr_local_planner]: new plan: [44, 45, 56], remainder: [55, 39, 53, 51, 32, 35, 10, 9]
[command_node-3] [INFO] [1729090511.880156356] [command_node]: robotA: running
[ccr_centralized_planner-15] [INFO] [1729090511.880344428] [ccr_centralized_planner]: 
[ccr_centralized_planner-15] 
[ccr_centralized_planner-15]  did not replan 
[ccr_centralized_planner-15] 
[ccr_centralized_planner-15] [INFO] [1729090511.881110792] [ccr_centralized_planner]: Sent plan [44, 45, 56, 55, 39, 53, 51, 32, 35, 10, 9] to robotA
[ccr_centralized_planner-15] [INFO] [1729090511.882177899] [ccr_centralized_planner]: Received state 44 from robotA
[ccr_centralized_planner-15] [INFO] [1729090512.080405155] [ccr_centralized_planner]: 
[ccr_centralized_planner-15] 
[ccr_centralized_planner-15]  did not replan 
[ccr_centralized_planner-15] 
[ccr_centralized_planner-15] [INFO] [1729090512.081233274] [ccr_centralized_planner]: Sent plan [44, 45, 56, 55, 39, 53, 51, 32, 35, 10, 9] to robotA
[ccr_centralized_planner-15] [INFO] [1729090512.082219800] [ccr_centralized_planner]: Received state 44 from robotA
[ccr_centralized_planner-15] [INFO] [1729090512.280788425] [ccr_centralized_planner]: 
[ccr_centralized_planner-15] 
[ccr_centralized_planner-15]  did not replan 
[ccr_centralized_planner-15] 
[ccr_centralized_planner-15] [INFO] [1729090512.281551673] [ccr_centralized_planner]: Sent plan [44, 45, 56, 55, 39, 53, 51, 32, 35, 10, 9] to robotA
[ccr_centralized_planner-15] [INFO] [1729090512.285108299] [ccr_centralized_planner]: Received state 44 from robotA
[ccr_centralized_planner-15] [INFO] [1729090512.481637677] [ccr_centralized_planner]: 
[ccr_centralized_planner-15] 
[ccr_centralized_planner-15]  did not replan 
[ccr_centralized_planner-15] 
[ccr_centralized_planner-15] [INFO] [1729090512.482578337] [ccr_centralized_planner]: Sent plan [44, 45, 56, 55, 39, 53, 51, 32, 35, 10, 9] to robotA
[ccr_centralized_planner-15] [INFO] [1729090512.483768966] [ccr_centralized_planner]: Received state 44 from robotA
[ccr_centralized_planner-15] [INFO] [1729090512.681900091] [ccr_centralized_planner]: 
[ccr_centralized_planner-15] 
[ccr_centralized_planner-15]  did not replan 
[ccr_centralized_planner-15] 
[ccr_centralized_planner-15] [INFO] [1729090512.682942592] [ccr_centralized_planner]: Sent plan [44, 45, 56, 55, 39, 53, 51, 32, 35, 10, 9] to robotA
[ccr_centralized_planner-15] [INFO] [1729090512.684151184] [ccr_centralized_planner]: Received state 44 from robotA
[ccr_centralized_planner-15] [INFO] [1729090512.881697665] [ccr_centralized_planner]: 
[ccr_centralized_planner-15] 
[ccr_centralized_planner-15]  did not replan 
[ccr_centralized_planner-15] 
[ccr_centralized_planner-15] [INFO] [1729090512.882447268] [ccr_centralized_planner]: Sent plan [44, 45, 56, 55, 39, 53, 51, 32, 35, 10, 9] to robotA
[ccr_centralized_planner-15] [INFO] [1729090512.887546511] [ccr_centralized_planner]: Received state 44 from robotA
[ccr_centralized_planner-15] [INFO] [1729090513.082456068] [ccr_centralized_planner]: 
[ccr_centralized_planner-15] 
[ccr_centralized_planner-15]  did not replan 
[ccr_centralized_planner-15] 
[ccr_centralized_planner-15] [INFO] [1729090513.083151700] [ccr_centralized_planner]: Sent plan [44, 45, 56, 55, 39, 53, 51, 32, 35, 10, 9] to robotA
[ccr_centralized_planner-15] [INFO] [1729090513.090285049] [ccr_centralized_planner]: Received state 44 from robotA
[ccr_centralized_planner-15] [INFO] [1729090513.282530170] [ccr_centralized_planner]: 
[ccr_centralized_planner-15] 
[ccr_centralized_planner-15]  did not replan 
[ccr_centralized_planner-15] 
[ccr_centralized_planner-15] [INFO] [1729090513.283333453] [ccr_centralized_planner]: Sent plan [44, 45, 56, 55, 39, 53, 51, 32, 35, 10, 9] to robotA
[ccr_centralized_planner-15] [INFO] [1729090513.293529463] [ccr_centralized_planner]: Received state 44 from robotA
[ccr_centralized_planner-15] [INFO] [1729090513.482853518] [ccr_centralized_planner]: 
[ccr_centralized_planner-15] 
[ccr_centralized_planner-15]  did not replan 
[ccr_centralized_planner-15] 
[ccr_centralized_planner-15] [INFO] [1729090513.483624902] [ccr_centralized_planner]: Sent plan [44, 45, 56, 55, 39, 53, 51, 32, 35, 10, 9] to robotA
[ccr_centralized_planner-15] [INFO] [1729090513.494030033] [ccr_centralized_planner]: Received state 44 from robotA
[ccr_centralized_planner-15] [INFO] [1729090513.683376159] [ccr_centralized_planner]: 
[ccr_centralized_planner-15] 
[ccr_centralized_planner-15]  did not replan 
[ccr_centralized_planner-15] 
[ccr_centralized_planner-15] [INFO] [1729090513.683987944] [ccr_centralized_planner]: Sent plan [44, 45, 56, 55, 39, 53, 51, 32, 35, 10, 9] to robotA
[ccr_centralized_planner-15] [INFO] [1729090513.685968601] [ccr_centralized_planner]: Received state 44 from robotA
[ccr_centralized_planner-15] [INFO] [1729090513.883618787] [ccr_centralized_planner]: 
[ccr_centralized_planner-15] 
[ccr_centralized_planner-15]  did not replan 
[ccr_centralized_planner-15] 
[command_node-3] [INFO] [1729090513.883731928] [command_node]: robotA: running
[ccr_centralized_planner-15] [INFO] [1729090513.884569466] [ccr_centralized_planner]: Sent plan [44, 45, 56, 55, 39, 53, 51, 32, 35, 10, 9] to robotA
[ccr_centralized_planner-15] [INFO] [1729090513.885998921] [ccr_centralized_planner]: Received state 44 from robotA
[ccr_centralized_planner-15] [INFO] [1729090514.083955750] [ccr_centralized_planner]: 
[ccr_centralized_planner-15] 
[ccr_centralized_planner-15]  did not replan 
[ccr_centralized_planner-15] 
[ccr_centralized_planner-15] [INFO] [1729090514.084970930] [ccr_centralized_planner]: Sent plan [44, 45, 56, 55, 39, 53, 51, 32, 35, 10, 9] to robotA
[ccr_local_planner-14] [INFO] [1729090514.185491015] [robotA.ccr_local_planner]: new state 45
[ccr_centralized_planner-15] [INFO] [1729090514.185935226] [ccr_centralized_planner]: Received state 45 from robotA
[ccr_centralized_planner-15] [INFO] [1729090514.284426935] [ccr_centralized_planner]: 
[ccr_centralized_planner-15] 
[ccr_centralized_planner-15]  did not replan 
[ccr_centralized_planner-15] 
[ccr_centralized_planner-15] [INFO] [1729090514.285215881] [ccr_centralized_planner]: Sent plan [45, 56, 55, 39, 53, 51, 32, 35, 10, 9] to robotA
[ccr_local_planner-14] [INFO] [1729090514.285538435] [robotA.ccr_local_planner]: new plan: [45, 56, 55], remainder: [39, 53, 51, 32, 35, 10, 9]
[ccr_centralized_planner-15] [INFO] [1729090514.388633960] [ccr_centralized_planner]: Received state 45 from robotA
[ccr_centralized_planner-15] [INFO] [1729090514.484690281] [ccr_centralized_planner]: 
[ccr_centralized_planner-15] 
[ccr_centralized_planner-15]  did not replan 
[ccr_centralized_planner-15] 
[ccr_centralized_planner-15] [INFO] [1729090514.485474689] [ccr_centralized_planner]: Sent plan [45, 56, 55, 39, 53, 51, 32, 35, 10, 9] to robotA
[ccr_centralized_planner-15] [INFO] [1729090514.590729915] [ccr_centralized_planner]: Received state 45 from robotA
[ccr_centralized_planner-15] [INFO] [1729090514.684969967] [ccr_centralized_planner]: 
[ccr_centralized_planner-15] 
[ccr_centralized_planner-15]  did not replan 
[ccr_centralized_planner-15] 
[ccr_centralized_planner-15] [INFO] [1729090514.685697329] [ccr_centralized_planner]: Sent plan [45, 56, 55, 39, 53, 51, 32, 35, 10, 9] to robotA
[ccr_centralized_planner-15] [INFO] [1729090514.796372467] [ccr_centralized_planner]: Received state 45 from robotA
[ccr_centralized_planner-15] [INFO] [1729090514.885508709] [ccr_centralized_planner]: 
[ccr_centralized_planner-15] 
[ccr_centralized_planner-15]  did not replan 
[ccr_centralized_planner-15] 
[ccr_centralized_planner-15] [INFO] [1729090514.886375641] [ccr_centralized_planner]: Sent plan [45, 56, 55, 39, 53, 51, 32, 35, 10, 9] to robotA
[ccr_local_planner-14] [INFO] [1729090514.987264736] [robotA.ccr_local_planner]: new state 56
[ccr_centralized_planner-15] [INFO] [1729090514.987476332] [ccr_centralized_planner]: Received state 56 from robotA
[ccr_centralized_planner-15] [INFO] [1729090515.085694149] [ccr_centralized_planner]: 
[ccr_centralized_planner-15] 
[ccr_centralized_planner-15]  did not replan 
[ccr_centralized_planner-15] 
[ccr_local_planner-14] [INFO] [1729090515.086386515] [robotA.ccr_local_planner]: new plan: [56, 55, 39], remainder: [53, 51, 32, 35, 10, 9]
[ccr_centralized_planner-15] [INFO] [1729090515.086437350] [ccr_centralized_planner]: Sent plan [56, 55, 39, 53, 51, 32, 35, 10, 9] to robotA
[ccr_centralized_planner-15] [INFO] [1729090515.188076789] [ccr_centralized_planner]: Received state 56 from robotA
[ccr_centralized_planner-15] [INFO] [1729090515.286136640] [ccr_centralized_planner]: 
[ccr_centralized_planner-15] 
[ccr_centralized_planner-15]  did not replan 
[ccr_centralized_planner-15] 
[ccr_centralized_planner-15] [INFO] [1729090515.286834606] [ccr_centralized_planner]: Sent plan [56, 55, 39, 53, 51, 32, 35, 10, 9] to robotA
[ccr_centralized_planner-15] [INFO] [1729090515.388841153] [ccr_centralized_planner]: Received state 56 from robotA
[ccr_centralized_planner-15] [INFO] [1729090515.487110887] [ccr_centralized_planner]: 
[ccr_centralized_planner-15] 
[ccr_centralized_planner-15]  did not replan 
[ccr_centralized_planner-15] 
[ccr_centralized_planner-15] [INFO] [1729090515.487833790] [ccr_centralized_planner]: Sent plan [56, 55, 39, 53, 51, 32, 35, 10, 9] to robotA
[ccr_centralized_planner-15] [INFO] [1729090515.589333427] [ccr_centralized_planner]: Received state 56 from robotA
[ccr_centralized_planner-15] [INFO] [1729090515.787329440] [ccr_centralized_planner]: 
[ccr_centralized_planner-15] 
[ccr_centralized_planner-15]  did not replan 
[ccr_centralized_planner-15] 
[ccr_centralized_planner-15] [INFO] [1729090515.788134627] [ccr_centralized_planner]: Sent plan [56, 55, 39, 53, 51, 32, 35, 10, 9] to robotA
[ccr_centralized_planner-15] [INFO] [1729090515.789666143] [ccr_centralized_planner]: Received state 56 from robotA
[ccr_centralized_planner-15] [INFO] [1729090515.987596363] [ccr_centralized_planner]: 
[ccr_centralized_planner-15] 
[ccr_centralized_planner-15]  did not replan 
[ccr_centralized_planner-15] 
[command_node-3] [INFO] [1729090515.987999828] [command_node]: robotA: running
[ccr_centralized_planner-15] [INFO] [1729090515.988223437] [ccr_centralized_planner]: Sent plan [56, 55, 39, 53, 51, 32, 35, 10, 9] to robotA
[ccr_centralized_planner-15] [INFO] [1729090515.990462467] [ccr_centralized_planner]: Received state 56 from robotA
[ccr_centralized_planner-15] [INFO] [1729090516.188115427] [ccr_centralized_planner]: 
[ccr_centralized_planner-15] 
[ccr_centralized_planner-15]  did not replan 
[ccr_centralized_planner-15] 
[ccr_centralized_planner-15] [INFO] [1729090516.188906548] [ccr_centralized_planner]: Sent plan [56, 55, 39, 53, 51, 32, 35, 10, 9] to robotA
[ccr_centralized_planner-15] [INFO] [1729090516.190090263] [ccr_centralized_planner]: Received state 56 from robotA
[ccr_centralized_planner-15] [INFO] [1729090516.389009073] [ccr_centralized_planner]: 
[ccr_centralized_planner-15] 
[ccr_centralized_planner-15]  did not replan 
[ccr_centralized_planner-15] 
[ccr_centralized_planner-15] [INFO] [1729090516.390063596] [ccr_centralized_planner]: Sent plan [56, 55, 39, 53, 51, 32, 35, 10, 9] to robotA
[ccr_centralized_planner-15] [INFO] [1729090516.391481650] [ccr_centralized_planner]: Received state 56 from robotA
[ccr_centralized_planner-15] [INFO] [1729090516.589150170] [ccr_centralized_planner]: 
[ccr_centralized_planner-15] 
[ccr_centralized_planner-15]  did not replan 
[ccr_centralized_planner-15] 
[ccr_centralized_planner-15] [INFO] [1729090516.590187631] [ccr_centralized_planner]: Sent plan [56, 55, 39, 53, 51, 32, 35, 10, 9] to robotA
[ccr_centralized_planner-15] [INFO] [1729090516.591777136] [ccr_centralized_planner]: Received state 56 from robotA
[ccr_centralized_planner-15] [INFO] [1729090516.789057911] [ccr_centralized_planner]: 
[ccr_centralized_planner-15] 
[ccr_centralized_planner-15]  did not replan 
[ccr_centralized_planner-15] 
[ccr_centralized_planner-15] [INFO] [1729090516.789732172] [ccr_centralized_planner]: Sent plan [56, 55, 39, 53, 51, 32, 35, 10, 9] to robotA
[ccr_centralized_planner-15] [INFO] [1729090516.793861630] [ccr_centralized_planner]: Received state 56 from robotA
[ccr_centralized_planner-15] [INFO] [1729090516.989506022] [ccr_centralized_planner]: 
[ccr_centralized_planner-15] 
[ccr_centralized_planner-15]  did not replan 
[ccr_centralized_planner-15] 
[ccr_centralized_planner-15] [INFO] [1729090516.990248732] [ccr_centralized_planner]: Sent plan [56, 55, 39, 53, 51, 32, 35, 10, 9] to robotA
[ccr_local_planner-14] [INFO] [1729090516.997282555] [robotA.ccr_local_planner]: new state 55
[ccr_centralized_planner-15] [INFO] [1729090516.997299506] [ccr_centralized_planner]: Received state 55 from robotA
[ccr_centralized_planner-15] [INFO] [1729090517.189802521] [ccr_centralized_planner]: 
[ccr_centralized_planner-15] 
[ccr_centralized_planner-15]  did not replan 
[ccr_centralized_planner-15] 
[ccr_centralized_planner-15] [INFO] [1729090517.190581077] [ccr_centralized_planner]: Sent plan [55, 39, 53, 51, 32, 35, 10, 9] to robotA
[ccr_centralized_planner-15] [INFO] [1729090517.191572793] [ccr_centralized_planner]: Received state 55 from robotA
[ccr_local_planner-14] [INFO] [1729090517.211137044] [robotA.ccr_local_planner]: new plan: [55, 39, 53], remainder: [51, 32, 35, 10, 9]
[ccr_centralized_planner-15] [INFO] [1729090517.390150765] [ccr_centralized_planner]: 
[ccr_centralized_planner-15] 
[ccr_centralized_planner-15]  did not replan 
[ccr_centralized_planner-15] 
[ccr_centralized_planner-15] [INFO] [1729090517.390868729] [ccr_centralized_planner]: Sent plan [55, 39, 53, 51, 32, 35, 10, 9] to robotA
[ccr_centralized_planner-15] [INFO] [1729090517.392696459] [ccr_centralized_planner]: Received state 55 from robotA
[ccr_centralized_planner-15] [INFO] [1729090517.590872910] [ccr_centralized_planner]: 
[ccr_centralized_planner-15] 
[ccr_centralized_planner-15]  did not replan 
[ccr_centralized_planner-15] 
[ccr_centralized_planner-15] [INFO] [1729090517.591696832] [ccr_centralized_planner]: Sent plan [55, 39, 53, 51, 32, 35, 10, 9] to robotA
[ccr_centralized_planner-15] [INFO] [1729090517.593036529] [ccr_centralized_planner]: Received state 55 from robotA
[ccr_centralized_planner-15] [INFO] [1729090517.791315441] [ccr_centralized_planner]: 
[ccr_centralized_planner-15] 
[ccr_centralized_planner-15]  did not replan 
[ccr_centralized_planner-15] 
[ccr_centralized_planner-15] [INFO] [1729090517.792012896] [ccr_centralized_planner]: Sent plan [55, 39, 53, 51, 32, 35, 10, 9] to robotA
[ccr_centralized_planner-15] [INFO] [1729090517.793253057] [ccr_centralized_planner]: Received state 55 from robotA
[ccr_centralized_planner-15] [INFO] [1729090517.991783119] [ccr_centralized_planner]: 
[ccr_centralized_planner-15] 
[ccr_centralized_planner-15]  did not replan 
[ccr_centralized_planner-15] 
[command_node-3] [INFO] [1729090517.991830077] [command_node]: robotA: running
[ccr_centralized_planner-15] [INFO] [1729090517.992590430] [ccr_centralized_planner]: Sent plan [55, 39, 53, 51, 32, 35, 10, 9] to robotA
[ccr_centralized_planner-15] [INFO] [1729090517.994021077] [ccr_centralized_planner]: Received state 55 from robotA
[ccr_centralized_planner-15] [INFO] [1729090518.192798302] [ccr_centralized_planner]: 
[ccr_centralized_planner-15] 
[ccr_centralized_planner-15]  did not replan 
[ccr_centralized_planner-15] 
[ccr_centralized_planner-15] [INFO] [1729090518.193852184] [ccr_centralized_planner]: Sent plan [55, 39, 53, 51, 32, 35, 10, 9] to robotA
[ccr_centralized_planner-15] [INFO] [1729090518.195159631] [ccr_centralized_planner]: Received state 55 from robotA
[ccr_centralized_planner-15] [INFO] [1729090518.392629880] [ccr_centralized_planner]: 
[ccr_centralized_planner-15] 
[ccr_centralized_planner-15]  did not replan 
[ccr_centralized_planner-15] 
[ccr_centralized_planner-15] [INFO] [1729090518.393338717] [ccr_centralized_planner]: Sent plan [55, 39, 53, 51, 32, 35, 10, 9] to robotA
[ccr_centralized_planner-15] [INFO] [1729090518.395456439] [ccr_centralized_planner]: Received state 55 from robotA
[ccr_centralized_planner-15] [INFO] [1729090518.592744848] [ccr_centralized_planner]: 
[ccr_centralized_planner-15] 
[ccr_centralized_planner-15]  did not replan 
[ccr_centralized_planner-15] 
[ccr_centralized_planner-15] [INFO] [1729090518.593163502] [ccr_centralized_planner]: Sent plan [55, 39, 53, 51, 32, 35, 10, 9] to robotA
[ccr_centralized_planner-15] [INFO] [1729090518.595025927] [ccr_centralized_planner]: Received state 55 from robotA
[ccr_centralized_planner-15] [INFO] [1729090518.793790148] [ccr_centralized_planner]: 
[ccr_centralized_planner-15] 
[ccr_centralized_planner-15]  did not replan 
[ccr_centralized_planner-15] 
[ccr_centralized_planner-15] [INFO] [1729090518.794673711] [ccr_centralized_planner]: Sent plan [55, 39, 53, 51, 32, 35, 10, 9] to robotA
[ccr_centralized_planner-15] [INFO] [1729090518.796766678] [ccr_centralized_planner]: Received state 55 from robotA
[ccr_centralized_planner-15] [INFO] [1729090518.993971681] [ccr_centralized_planner]: 
[ccr_centralized_planner-15] 
[ccr_centralized_planner-15]  did not replan 
[ccr_centralized_planner-15] 
[ccr_centralized_planner-15] [INFO] [1729090518.994903454] [ccr_centralized_planner]: Sent plan [55, 39, 53, 51, 32, 35, 10, 9] to robotA
[ccr_centralized_planner-15] [INFO] [1729090518.996458464] [ccr_centralized_planner]: Received state 55 from robotA
[ccr_centralized_planner-15] [INFO] [1729090519.194239014] [ccr_centralized_planner]: 
[ccr_centralized_planner-15] 
[ccr_centralized_planner-15]  did not replan 
[ccr_centralized_planner-15] 
[ccr_centralized_planner-15] [INFO] [1729090519.195197257] [ccr_centralized_planner]: Sent plan [55, 39, 53, 51, 32, 35, 10, 9] to robotA
[ccr_centralized_planner-15] [INFO] [1729090519.197776083] [ccr_centralized_planner]: Received state 55 from robotA
[ccr_centralized_planner-15] [INFO] [1729090519.394870279] [ccr_centralized_planner]: 
[ccr_centralized_planner-15] 
[ccr_centralized_planner-15]  did not replan 
[ccr_centralized_planner-15] 
[ccr_centralized_planner-15] [INFO] [1729090519.395593292] [ccr_centralized_planner]: Sent plan [55, 39, 53, 51, 32, 35, 10, 9] to robotA
[ccr_centralized_planner-15] [INFO] [1729090519.397163039] [ccr_centralized_planner]: Received state 55 from robotA
[ccr_centralized_planner-15] [INFO] [1729090519.595286190] [ccr_centralized_planner]: 
[ccr_centralized_planner-15] 
[ccr_centralized_planner-15]  did not replan 
[ccr_centralized_planner-15] 
[ccr_centralized_planner-15] [INFO] [1729090519.595974759] [ccr_centralized_planner]: Sent plan [55, 39, 53, 51, 32, 35, 10, 9] to robotA
[ccr_centralized_planner-15] [INFO] [1729090519.597933695] [ccr_centralized_planner]: Received state 55 from robotA
[ccr_centralized_planner-15] [INFO] [1729090519.795868002] [ccr_centralized_planner]: 
[ccr_centralized_planner-15] 
[ccr_centralized_planner-15]  did not replan 
[ccr_centralized_planner-15] 
[ccr_centralized_planner-15] [INFO] [1729090519.796588721] [ccr_centralized_planner]: Sent plan [55, 39, 53, 51, 32, 35, 10, 9] to robotA
[ccr_centralized_planner-15] [INFO] [1729090519.898864130] [ccr_centralized_planner]: Received state 55 from robotA
[command_node-3] [INFO] [1729090519.996177644] [command_node]: robotA: running
[ccr_centralized_planner-15] [INFO] [1729090519.996197461] [ccr_centralized_planner]: 
[ccr_centralized_planner-15] 
[ccr_centralized_planner-15]  did not replan 
[ccr_centralized_planner-15] 
[ccr_centralized_planner-15] [INFO] [1729090519.996921276] [ccr_centralized_planner]: Sent plan [55, 39, 53, 51, 32, 35, 10, 9] to robotA
[ccr_local_planner-14] [INFO] [1729090520.098103179] [robotA.ccr_local_planner]: new state 39
[ccr_centralized_planner-15] [INFO] [1729090520.098169173] [ccr_centralized_planner]: Received state 39 from robotA
[ccr_centralized_planner-15] [INFO] [1729090520.196437394] [ccr_centralized_planner]: 
[ccr_centralized_planner-15] 
[ccr_centralized_planner-15]  did not replan 
[ccr_centralized_planner-15] 
[ccr_centralized_planner-15] [INFO] [1729090520.197108459] [ccr_centralized_planner]: Sent plan [39, 53, 51, 32, 35, 10, 9] to robotA
[ccr_local_planner-14] [INFO] [1729090520.197644232] [robotA.ccr_local_planner]: new plan: [39, 53, 51], remainder: [32, 35, 10, 9]
[ccr_centralized_planner-15] [INFO] [1729090520.302568970] [ccr_centralized_planner]: Received state 39 from robotA
[ccr_centralized_planner-15] [INFO] [1729090520.397095829] [ccr_centralized_planner]: 
[ccr_centralized_planner-15] 
[ccr_centralized_planner-15]  did not replan 
[ccr_centralized_planner-15] 
[ccr_centralized_planner-15] [INFO] [1729090520.397771704] [ccr_centralized_planner]: Sent plan [39, 53, 51, 32, 35, 10, 9] to robotA
[ccr_centralized_planner-15] [INFO] [1729090520.500164463] [ccr_centralized_planner]: Received state 39 from robotA
[ccr_centralized_planner-15] [INFO] [1729090520.597894527] [ccr_centralized_planner]: 
[ccr_centralized_planner-15] 
[ccr_centralized_planner-15]  did not replan 
[ccr_centralized_planner-15] 
[ccr_centralized_planner-15] [INFO] [1729090520.598574920] [ccr_centralized_planner]: Sent plan [39, 53, 51, 32, 35, 10, 9] to robotA
[ccr_centralized_planner-15] [INFO] [1729090520.701105307] [ccr_centralized_planner]: Received state 39 from robotA
[ccr_centralized_planner-15] [INFO] [1729090520.798602174] [ccr_centralized_planner]: 
[ccr_centralized_planner-15] 
[ccr_centralized_planner-15]  did not replan 
[ccr_centralized_planner-15] 
[ccr_centralized_planner-15] [INFO] [1729090520.799446244] [ccr_centralized_planner]: Sent plan [39, 53, 51, 32, 35, 10, 9] to robotA
[ccr_local_planner-14] [INFO] [1729090520.900273293] [robotA.ccr_local_planner]: new state 53
[ccr_centralized_planner-15] [INFO] [1729090520.900366798] [ccr_centralized_planner]: Received state 53 from robotA
[ccr_centralized_planner-15] [INFO] [1729090520.999173587] [ccr_centralized_planner]: 
[ccr_centralized_planner-15] 
[ccr_centralized_planner-15]  did not replan 
[ccr_centralized_planner-15] 
[ccr_centralized_planner-15] [INFO] [1729090520.999838120] [ccr_centralized_planner]: Sent plan [53, 51, 32, 35, 10, 9] to robotA
[ccr_local_planner-14] [INFO] [1729090521.000072619] [robotA.ccr_local_planner]: new plan: [53, 51, 32], remainder: [35, 10, 9]
[ccr_centralized_planner-15] [INFO] [1729090521.101407909] [ccr_centralized_planner]: Received state 53 from robotA
[ccr_centralized_planner-15] [INFO] [1729090521.299997504] [ccr_centralized_planner]: 
[ccr_centralized_planner-15] 
[ccr_centralized_planner-15]  did not replan 
[ccr_centralized_planner-15] 
[ccr_centralized_planner-15] [INFO] [1729090521.300764769] [ccr_centralized_planner]: Sent plan [53, 51, 32, 35, 10, 9] to robotA
[ccr_centralized_planner-15] [INFO] [1729090521.301563945] [ccr_centralized_planner]: Received state 53 from robotA
[ccr_centralized_planner-15] [INFO] [1729090521.500391985] [ccr_centralized_planner]: 
[ccr_centralized_planner-15] 
[ccr_centralized_planner-15]  did not replan 
[ccr_centralized_planner-15] 
[ccr_centralized_planner-15] [INFO] [1729090521.501204014] [ccr_centralized_planner]: Sent plan [53, 51, 32, 35, 10, 9] to robotA
[ccr_centralized_planner-15] [INFO] [1729090521.502062060] [ccr_centralized_planner]: Received state 53 from robotA
[ccr_centralized_planner-15] [INFO] [1729090521.700511531] [ccr_centralized_planner]: 
[ccr_centralized_planner-15] 
[ccr_centralized_planner-15]  did not replan 
[ccr_centralized_planner-15] 
[ccr_centralized_planner-15] [INFO] [1729090521.701176997] [ccr_centralized_planner]: Sent plan [53, 51, 32, 35, 10, 9] to robotA
[ccr_centralized_planner-15] [INFO] [1729090521.702794383] [ccr_centralized_planner]: Received state 53 from robotA
[ccr_centralized_planner-15] [INFO] [1729090521.901083294] [ccr_centralized_planner]: 
[ccr_centralized_planner-15] 
[ccr_centralized_planner-15]  did not replan 
[ccr_centralized_planner-15] 
[ccr_centralized_planner-15] [INFO] [1729090521.901911585] [ccr_centralized_planner]: Sent plan [53, 51, 32, 35, 10, 9] to robotA
[ccr_centralized_planner-15] [INFO] [1729090521.903682499] [ccr_centralized_planner]: Received state 53 from robotA
[ccr_centralized_planner-15] [INFO] [1729090522.393152652] [ccr_centralized_planner]: 
[ccr_centralized_planner-15] 
[ccr_centralized_planner-15]  did not replan 
[ccr_centralized_planner-15] 
[command_node-3] [INFO] [1729090522.393157852] [command_node]: robotA: running
[ccr_centralized_planner-15] [INFO] [1729090522.394166800] [ccr_centralized_planner]: Sent plan [53, 51, 32, 35, 10, 9] to robotA
[ccr_centralized_planner-15] [INFO] [1729090522.395481300] [ccr_centralized_planner]: Received state 53 from robotA
[ccr_centralized_planner-15] [INFO] [1729090522.396624779] [ccr_centralized_planner]: 
[ccr_centralized_planner-15] 
[ccr_centralized_planner-15]  did not replan 
[ccr_centralized_planner-15] 
[ccr_centralized_planner-15] [INFO] [1729090522.397449222] [ccr_centralized_planner]: Sent plan [53, 51, 32, 35, 10, 9] to robotA
[ccr_centralized_planner-15] [INFO] [1729090522.398080624] [ccr_centralized_planner]: Received state 53 from robotA
[ccr_centralized_planner-15] [INFO] [1729090522.710191932] [ccr_centralized_planner]: 
[ccr_centralized_planner-15] 
[ccr_centralized_planner-15]  did not replan 
[ccr_centralized_planner-15] 
[ccr_centralized_planner-15] [INFO] [1729090522.878530046] [ccr_centralized_planner]: Sent plan [53, 51, 32, 35, 10, 9] to robotA
[ccr_centralized_planner-15] [INFO] [1729090522.879798069] [ccr_centralized_planner]: Received state 53 from robotA
[ccr_centralized_planner-15] [INFO] [1729090522.880880675] [ccr_centralized_planner]: 
[ccr_centralized_planner-15] 
[ccr_centralized_planner-15]  did not replan 
[ccr_centralized_planner-15] 
[ccr_centralized_planner-15] [INFO] [1729090522.881657569] [ccr_centralized_planner]: Sent plan [53, 51, 32, 35, 10, 9] to robotA
[ccr_centralized_planner-15] [INFO] [1729090522.882339144] [ccr_centralized_planner]: Received state 53 from robotA
[ccr_centralized_planner-15] [INFO] [1729090522.902872889] [ccr_centralized_planner]: 
[ccr_centralized_planner-15] 
[ccr_centralized_planner-15]  did not replan 
[ccr_centralized_planner-15] 
[ccr_centralized_planner-15] [INFO] [1729090522.903730945] [ccr_centralized_planner]: Sent plan [53, 51, 32, 35, 10, 9] to robotA
[ccr_centralized_planner-15] [INFO] [1729090522.905542946] [ccr_centralized_planner]: Received state 53 from robotA
[ccr_centralized_planner-15] [INFO] [1729090523.103359854] [ccr_centralized_planner]: 
[ccr_centralized_planner-15] 
[ccr_centralized_planner-15]  did not replan 
[ccr_centralized_planner-15] 
[ccr_centralized_planner-15] [INFO] [1729090523.104088067] [ccr_centralized_planner]: Sent plan [53, 51, 32, 35, 10, 9] to robotA
[ccr_centralized_planner-15] [INFO] [1729090523.106781377] [ccr_centralized_planner]: Received state 53 from robotA
[ccr_centralized_planner-15] [INFO] [1729090523.303649259] [ccr_centralized_planner]: 
[ccr_centralized_planner-15] 
[ccr_centralized_planner-15]  did not replan 
[ccr_centralized_planner-15] 
[ccr_centralized_planner-15] [INFO] [1729090523.304091697] [ccr_centralized_planner]: Sent plan [53, 51, 32, 35, 10, 9] to robotA
[ccr_centralized_planner-15] [INFO] [1729090523.306841993] [ccr_centralized_planner]: Received state 53 from robotA
[ccr_centralized_planner-15] [INFO] [1729090523.504583420] [ccr_centralized_planner]: 
[ccr_centralized_planner-15] 
[ccr_centralized_planner-15]  did not replan 
[ccr_centralized_planner-15] 
[ccr_centralized_planner-15] [INFO] [1729090523.505409766] [ccr_centralized_planner]: Sent plan [53, 51, 32, 35, 10, 9] to robotA
[ccr_local_planner-14] [INFO] [1729090523.506786473] [robotA.ccr_local_planner]: new state 51
[ccr_centralized_planner-15] [INFO] [1729090523.506841896] [ccr_centralized_planner]: Received state 51 from robotA
[ccr_centralized_planner-15] [INFO] [1729090523.704873986] [ccr_centralized_planner]: 
[ccr_centralized_planner-15] 
[ccr_centralized_planner-15]  did not replan 
[ccr_centralized_planner-15] 
[ccr_centralized_planner-15] [INFO] [1729090523.705477085] [ccr_centralized_planner]: Sent plan [51, 32, 35, 10, 9] to robotA
[ccr_centralized_planner-15] [INFO] [1729090523.707624724] [ccr_centralized_planner]: Received state 51 from robotA
[ccr_local_planner-14] [INFO] [1729090523.737364246] [robotA.ccr_local_planner]: new plan: [51, 32, 35], remainder: [10, 9]
[ccr_centralized_planner-15] [INFO] [1729090523.905676161] [ccr_centralized_planner]: 
[ccr_centralized_planner-15] 
[ccr_centralized_planner-15]  did not replan 
[ccr_centralized_planner-15] 
[ccr_centralized_planner-15] [INFO] [1729090523.906466540] [ccr_centralized_planner]: Sent plan [51, 32, 35, 10, 9] to robotA
[ccr_centralized_planner-15] [INFO] [1729090523.907342920] [ccr_centralized_planner]: Received state 51 from robotA
[ccr_centralized_planner-15] [INFO] [1729090524.106132368] [ccr_centralized_planner]: 
[ccr_centralized_planner-15] 
[ccr_centralized_planner-15]  did not replan 
[ccr_centralized_planner-15] 
[command_node-3] [INFO] [1729090524.106415908] [command_node]: robotA: running
[ccr_centralized_planner-15] [INFO] [1729090524.106884154] [ccr_centralized_planner]: Sent plan [51, 32, 35, 10, 9] to robotA
[ccr_centralized_planner-15] [INFO] [1729090524.108265980] [ccr_centralized_planner]: Received state 51 from robotA
[ccr_centralized_planner-15] [INFO] [1729090524.306112975] [ccr_centralized_planner]: 
[ccr_centralized_planner-15] 
[ccr_centralized_planner-15]  did not replan 
[ccr_centralized_planner-15] 
[ccr_centralized_planner-15] [INFO] [1729090524.306832792] [ccr_centralized_planner]: Sent plan [51, 32, 35, 10, 9] to robotA
[ccr_centralized_planner-15] [INFO] [1729090524.307695225] [ccr_centralized_planner]: Received state 51 from robotA
[ccr_centralized_planner-15] [INFO] [1729090524.506442795] [ccr_centralized_planner]: 
[ccr_centralized_planner-15] 
[ccr_centralized_planner-15]  did not replan 
[ccr_centralized_planner-15] 
[ccr_centralized_planner-15] [INFO] [1729090524.507258001] [ccr_centralized_planner]: Sent plan [51, 32, 35, 10, 9] to robotA
[ccr_local_planner-14] [INFO] [1729090524.509473206] [robotA.ccr_local_planner]: new state 32
[ccr_centralized_planner-15] [INFO] [1729090524.509545030] [ccr_centralized_planner]: Received state 32 from robotA
[ccr_centralized_planner-15] [INFO] [1729090524.707046999] [ccr_centralized_planner]: 
[ccr_centralized_planner-15] 
[ccr_centralized_planner-15]  did not replan 
[ccr_centralized_planner-15] 
[ccr_centralized_planner-15] [INFO] [1729090524.707878004] [ccr_centralized_planner]: Sent plan [32, 35, 10, 9] to robotA
[ccr_local_planner-14] [INFO] [1729090524.710751782] [robotA.ccr_local_planner]: new plan: [32, 35, 10], remainder: [9]
[ccr_centralized_planner-15] [INFO] [1729090524.724000675] [ccr_centralized_planner]: Received state 32 from robotA
[ccr_centralized_planner-15] [INFO] [1729090524.908428848] [ccr_centralized_planner]: 
[ccr_centralized_planner-15] 
[ccr_centralized_planner-15]  did not replan 
[ccr_centralized_planner-15] 
[ccr_centralized_planner-15] [INFO] [1729090524.909117046] [ccr_centralized_planner]: Sent plan [32, 35, 10, 9] to robotA
[ccr_centralized_planner-15] [INFO] [1729090524.910897708] [ccr_centralized_planner]: Received state 32 from robotA
[ccr_centralized_planner-15] [INFO] [1729090525.108469998] [ccr_centralized_planner]: 
[ccr_centralized_planner-15] 
[ccr_centralized_planner-15]  did not replan 
[ccr_centralized_planner-15] 
[ccr_centralized_planner-15] [INFO] [1729090525.109203371] [ccr_centralized_planner]: Sent plan [32, 35, 10, 9] to robotA
[ccr_centralized_planner-15] [INFO] [1729090525.110631894] [ccr_centralized_planner]: Received state 32 from robotA
[ccr_centralized_planner-15] [INFO] [1729090525.308839072] [ccr_centralized_planner]: 
[ccr_centralized_planner-15] 
[ccr_centralized_planner-15]  did not replan 
[ccr_centralized_planner-15] 
[ccr_centralized_planner-15] [INFO] [1729090525.309614614] [ccr_centralized_planner]: Sent plan [32, 35, 10, 9] to robotA
[ccr_centralized_planner-15] [INFO] [1729090525.410042766] [ccr_centralized_planner]: Received state 32 from robotA
[ccr_centralized_planner-15] [INFO] [1729090525.509294878] [ccr_centralized_planner]: 
[ccr_centralized_planner-15] 
[ccr_centralized_planner-15]  did not replan 
[ccr_centralized_planner-15] 
[ccr_centralized_planner-15] [INFO] [1729090525.510019103] [ccr_centralized_planner]: Sent plan [32, 35, 10, 9] to robotA
[ccr_centralized_planner-15] [INFO] [1729090525.612576110] [ccr_centralized_planner]: Received state 32 from robotA
[ccr_centralized_planner-15] [INFO] [1729090525.709858786] [ccr_centralized_planner]: 
[ccr_centralized_planner-15] 
[ccr_centralized_planner-15]  did not replan 
[ccr_centralized_planner-15] 
[ccr_centralized_planner-15] [INFO] [1729090525.710657531] [ccr_centralized_planner]: Sent plan [32, 35, 10, 9] to robotA
[ccr_centralized_planner-15] [INFO] [1729090525.816805187] [ccr_centralized_planner]: Received state 32 from robotA
[ccr_centralized_planner-15] [INFO] [1729090525.909928760] [ccr_centralized_planner]: 
[ccr_centralized_planner-15] 
[ccr_centralized_planner-15]  did not replan 
[ccr_centralized_planner-15] 
[ccr_centralized_planner-15] [INFO] [1729090525.910449855] [ccr_centralized_planner]: Sent plan [32, 35, 10, 9] to robotA
[ccr_centralized_planner-15] [INFO] [1729090526.022290816] [ccr_centralized_planner]: Received state 32 from robotA
[command_node-3] [INFO] [1729090526.110648881] [command_node]: robotA: running
[ccr_centralized_planner-15] [INFO] [1729090526.110727929] [ccr_centralized_planner]: 
[ccr_centralized_planner-15] 
[ccr_centralized_planner-15]  did not replan 
[ccr_centralized_planner-15] 
[ccr_centralized_planner-15] [INFO] [1729090526.111465319] [ccr_centralized_planner]: Sent plan [32, 35, 10, 9] to robotA
[ccr_centralized_planner-15] [INFO] [1729090526.212721471] [ccr_centralized_planner]: Received state 32 from robotA
[ccr_centralized_planner-15] [INFO] [1729090526.311000643] [ccr_centralized_planner]: 
[ccr_centralized_planner-15] 
[ccr_centralized_planner-15]  did not replan 
[ccr_centralized_planner-15] 
[ccr_centralized_planner-15] [INFO] [1729090526.311790731] [ccr_centralized_planner]: Sent plan [32, 35, 10, 9] to robotA
[ccr_centralized_planner-15] [INFO] [1729090526.413492477] [ccr_centralized_planner]: Received state 32 from robotA
[ccr_centralized_planner-15] [INFO] [1729090526.511225847] [ccr_centralized_planner]: 
[ccr_centralized_planner-15] 
[ccr_centralized_planner-15]  did not replan 
[ccr_centralized_planner-15] 
[ccr_centralized_planner-15] [INFO] [1729090526.512002992] [ccr_centralized_planner]: Sent plan [32, 35, 10, 9] to robotA
[ccr_centralized_planner-15] [INFO] [1729090526.613672527] [ccr_centralized_planner]: Received state 32 from robotA
[ccr_centralized_planner-15] [INFO] [1729090526.811853186] [ccr_centralized_planner]: 
[ccr_centralized_planner-15] 
[ccr_centralized_planner-15]  did not replan 
[ccr_centralized_planner-15] 
[ccr_centralized_planner-15] [INFO] [1729090526.812647072] [ccr_centralized_planner]: Sent plan [32, 35, 10, 9] to robotA
[ccr_centralized_planner-15] [INFO] [1729090526.814902883] [ccr_centralized_planner]: Received state 35 from robotA
[ccr_local_planner-14] [INFO] [1729090526.815209046] [robotA.ccr_local_planner]: new state 35
[ccr_centralized_planner-15] [INFO] [1729090527.012808106] [ccr_centralized_planner]: 
[ccr_centralized_planner-15] 
[ccr_centralized_planner-15]  did not replan 
[ccr_centralized_planner-15] 
[ccr_centralized_planner-15] [INFO] [1729090527.013627199] [ccr_centralized_planner]: Sent plan [35, 10, 9] to robotA
[ccr_centralized_planner-15] [INFO] [1729090527.015589651] [ccr_centralized_planner]: Received state 35 from robotA
[ccr_local_planner-14] [INFO] [1729090527.033772858] [robotA.ccr_local_planner]: new plan: [35, 10, 9]
[ccr_centralized_planner-15] [INFO] [1729090527.213201606] [ccr_centralized_planner]: 
[ccr_centralized_planner-15] 
[ccr_centralized_planner-15]  did not replan 
[ccr_centralized_planner-15] 
[ccr_centralized_planner-15] [INFO] [1729090527.213860910] [ccr_centralized_planner]: Sent plan [35, 10, 9] to robotA
[ccr_centralized_planner-15] [INFO] [1729090527.215863287] [ccr_centralized_planner]: Received state 35 from robotA
[ccr_centralized_planner-15] [INFO] [1729090527.413292008] [ccr_centralized_planner]: 
[ccr_centralized_planner-15] 
[ccr_centralized_planner-15]  did not replan 
[ccr_centralized_planner-15] 
[ccr_centralized_planner-15] [INFO] [1729090527.413954728] [ccr_centralized_planner]: Sent plan [35, 10, 9] to robotA
[ccr_centralized_planner-15] [INFO] [1729090527.415300567] [ccr_centralized_planner]: Received state 35 from robotA
[ccr_centralized_planner-15] [INFO] [1729090527.613393771] [ccr_centralized_planner]: 
[ccr_centralized_planner-15] 
[ccr_centralized_planner-15]  did not replan 
[ccr_centralized_planner-15] 
[ccr_centralized_planner-15] [INFO] [1729090527.613819308] [ccr_centralized_planner]: Sent plan [35, 10, 9] to robotA
[ccr_centralized_planner-15] [INFO] [1729090527.616327160] [ccr_centralized_planner]: Received state 35 from robotA
[ccr_centralized_planner-15] [INFO] [1729090527.814625389] [ccr_centralized_planner]: 
[ccr_centralized_planner-15] 
[ccr_centralized_planner-15]  did not replan 
[ccr_centralized_planner-15] 
[ccr_centralized_planner-15] [INFO] [1729090527.815408575] [ccr_centralized_planner]: Sent plan [35, 10, 9] to robotA
[ccr_centralized_planner-15] [INFO] [1729090527.816420589] [ccr_centralized_planner]: Received state 35 from robotA
[ccr_centralized_planner-15] [INFO] [1729090528.014544261] [ccr_centralized_planner]: 
[ccr_centralized_planner-15] 
[ccr_centralized_planner-15]  did not replan 
[ccr_centralized_planner-15] 
[ccr_centralized_planner-15] [INFO] [1729090528.015226227] [ccr_centralized_planner]: Sent plan [35, 10, 9] to robotA
[ccr_centralized_planner-15] [INFO] [1729090528.019383286] [ccr_centralized_planner]: Received state 35 from robotA
[ccr_centralized_planner-15] [INFO] [1729090528.215360291] [ccr_centralized_planner]: 
[ccr_centralized_planner-15] 
[ccr_centralized_planner-15]  did not replan 
[ccr_centralized_planner-15] 
[command_node-3] [INFO] [1729090528.215464055] [command_node]: robotA: running
[ccr_centralized_planner-15] [INFO] [1729090528.216204892] [ccr_centralized_planner]: Sent plan [35, 10, 9] to robotA
[ccr_centralized_planner-15] [INFO] [1729090528.224260146] [ccr_centralized_planner]: Received state 35 from robotA
[ccr_centralized_planner-15] [INFO] [1729090528.416516879] [ccr_centralized_planner]: 
[ccr_centralized_planner-15] 
[ccr_centralized_planner-15]  did not replan 
[ccr_centralized_planner-15] 
[ccr_centralized_planner-15] [INFO] [1729090528.417314681] [ccr_centralized_planner]: Sent plan [35, 10, 9] to robotA
[ccr_centralized_planner-15] [INFO] [1729090528.418283905] [ccr_centralized_planner]: Received state 35 from robotA
[ccr_centralized_planner-15] [INFO] [1729090528.617240366] [ccr_centralized_planner]: 
[ccr_centralized_planner-15] 
[ccr_centralized_planner-15]  did not replan 
[ccr_centralized_planner-15] 
[ccr_centralized_planner-15] [INFO] [1729090528.618124280] [ccr_centralized_planner]: Sent plan [35, 10, 9] to robotA
[ccr_local_planner-14] [INFO] [1729090528.619471871] [robotA.ccr_local_planner]: new state 10
[ccr_centralized_planner-15] [INFO] [1729090528.619695009] [ccr_centralized_planner]: Received state 10 from robotA
[ccr_centralized_planner-15] [INFO] [1729090528.817632172] [ccr_centralized_planner]: 
[ccr_centralized_planner-15] 
[ccr_centralized_planner-15]  did not replan 
[ccr_centralized_planner-15] 
[ccr_centralized_planner-15] [INFO] [1729090528.818383278] [ccr_centralized_planner]: Sent plan [10, 9] to robotA
[ccr_centralized_planner-15] [INFO] [1729090528.819568586] [ccr_centralized_planner]: Received state 10 from robotA
[ccr_local_planner-14] [INFO] [1729090528.842927878] [robotA.ccr_local_planner]: new plan: [10, 9]
[ccr_centralized_planner-15] [INFO] [1729090529.017759934] [ccr_centralized_planner]: 
[ccr_centralized_planner-15] 
[ccr_centralized_planner-15]  did not replan 
[ccr_centralized_planner-15] 
[ccr_centralized_planner-15] [INFO] [1729090529.018558619] [ccr_centralized_planner]: Sent plan [10, 9] to robotA
[ccr_centralized_planner-15] [INFO] [1729090529.019847120] [ccr_centralized_planner]: Received state 10 from robotA
[ccr_centralized_planner-15] [INFO] [1729090529.218150458] [ccr_centralized_planner]: 
[ccr_centralized_planner-15] 
[ccr_centralized_planner-15]  did not replan 
[ccr_centralized_planner-15] 
[ccr_centralized_planner-15] [INFO] [1729090529.218869654] [ccr_centralized_planner]: Sent plan [10, 9] to robotA
[ccr_centralized_planner-15] [INFO] [1729090529.219784727] [ccr_centralized_planner]: Received state 10 from robotA
[ccr_centralized_planner-15] [INFO] [1729090529.418645358] [ccr_centralized_planner]: 
[ccr_centralized_planner-15] 
[ccr_centralized_planner-15]  did not replan 
[ccr_centralized_planner-15] 
[ccr_centralized_planner-15] [INFO] [1729090529.419457618] [ccr_centralized_planner]: Sent plan [10, 9] to robotA
[ccr_centralized_planner-15] [INFO] [1729090529.420470453] [ccr_centralized_planner]: Received state 10 from robotA
[ccr_centralized_planner-15] [INFO] [1729090529.619238971] [ccr_centralized_planner]: 
[ccr_centralized_planner-15] 
[ccr_centralized_planner-15]  did not replan 
[ccr_centralized_planner-15] 
[ccr_centralized_planner-15] [INFO] [1729090529.620050299] [ccr_centralized_planner]: Sent plan [10, 9] to robotA
[ccr_centralized_planner-15] [INFO] [1729090529.621012871] [ccr_centralized_planner]: Received state 10 from robotA
[ccr_centralized_planner-15] [INFO] [1729090529.819409704] [ccr_centralized_planner]: 
[ccr_centralized_planner-15] 
[ccr_centralized_planner-15]  did not replan 
[ccr_centralized_planner-15] 
[ccr_centralized_planner-15] [INFO] [1729090529.820101649] [ccr_centralized_planner]: Sent plan [10, 9] to robotA
[ccr_centralized_planner-15] [INFO] [1729090529.820926522] [ccr_centralized_planner]: Received state 10 from robotA
[ccr_centralized_planner-15] [INFO] [1729090530.020032523] [ccr_centralized_planner]: 
[ccr_centralized_planner-15] 
[ccr_centralized_planner-15]  did not replan 
[ccr_centralized_planner-15] 
[ccr_centralized_planner-15] [INFO] [1729090530.020869819] [ccr_centralized_planner]: Sent plan [10, 9] to robotA
[ccr_local_planner-14] [INFO] [1729090530.021575270] [robotA.ccr_local_planner]: new state 9
[ccr_goal_provider-12] [INFO] [1729090530.021852138] [ccr_goal_provider]: [32mgoal completed:[0m robotA reached goal 9, going to goal 1 within state 1
[ccr_centralized_planner-15] [INFO] [1729090530.021900969] [ccr_centralized_planner]: Received state 9 from robotA
[ccr_centralized_planner-15] [INFO] [1729090530.120198415] [ccr_centralized_planner]: Received goal 1 from robotA
[ccr_centralized_planner-15] [INFO] [1729090530.220223774] [ccr_centralized_planner]: 
[ccr_centralized_planner-15] 
[ccr_centralized_planner-15]  replaned due to new goal
[ccr_centralized_planner-15] 
[command_node-3] [INFO] [1729090530.220364387] [command_node]: robotA: running
[ccr_centralized_planner-15] [INFO] [1729090530.242974117] [ccr_centralized_planner]: Sent plan [9, 11, 35, 50, 51, 53, 39, 55, 56, 57, 5, 1] to robotA
[ccr_local_planner-14] [INFO] [1729090530.243306609] [robotA.ccr_local_planner]: new plan: [9, 11, 35], remainder: [50, 51, 53, 39, 55, 56, 57, 5, 1]
[ccr_centralized_planner-15] [INFO] [1729090530.243430140] [ccr_centralized_planner]: Received state 9 from robotA
[ccr_centralized_planner-15] [INFO] [1729090530.420751134] [ccr_centralized_planner]: 
[ccr_centralized_planner-15] 
[ccr_centralized_planner-15]  did not replan 
[ccr_centralized_planner-15] 
[ccr_centralized_planner-15] [INFO] [1729090530.421456183] [ccr_centralized_planner]: Sent plan [9, 11, 35, 50, 51, 53, 39, 55, 56, 57, 5, 1] to robotA
[ccr_centralized_planner-15] [INFO] [1729090530.434882568] [ccr_centralized_planner]: Received state 9 from robotA
[ccr_centralized_planner-15] [INFO] [1729090530.621641323] [ccr_centralized_planner]: 
[ccr_centralized_planner-15] 
[ccr_centralized_planner-15]  did not replan 
[ccr_centralized_planner-15] 
[ccr_centralized_planner-15] [INFO] [1729090530.622577725] [ccr_centralized_planner]: Sent plan [9, 11, 35, 50, 51, 53, 39, 55, 56, 57, 5, 1] to robotA
[ccr_centralized_planner-15] [INFO] [1729090530.623631708] [ccr_centralized_planner]: Received state 9 from robotA
[ccr_centralized_planner-15] [INFO] [1729090530.821290410] [ccr_centralized_planner]: 
[ccr_centralized_planner-15] 
[ccr_centralized_planner-15]  did not replan 
[ccr_centralized_planner-15] 
[ccr_centralized_planner-15] [INFO] [1729090530.821867930] [ccr_centralized_planner]: Sent plan [9, 11, 35, 50, 51, 53, 39, 55, 56, 57, 5, 1] to robotA
[ccr_centralized_planner-15] [INFO] [1729090530.823830272] [ccr_centralized_planner]: Received state 9 from robotA
[ccr_centralized_planner-15] [INFO] [1729090531.022067807] [ccr_centralized_planner]: 
[ccr_centralized_planner-15] 
[ccr_centralized_planner-15]  did not replan 
[ccr_centralized_planner-15] 
[ccr_centralized_planner-15] [INFO] [1729090531.022869518] [ccr_centralized_planner]: Sent plan [9, 11, 35, 50, 51, 53, 39, 55, 56, 57, 5, 1] to robotA
[ccr_centralized_planner-15] [INFO] [1729090531.127678599] [ccr_centralized_planner]: Received state 9 from robotA
[ccr_centralized_planner-15] [INFO] [1729090531.223009212] [ccr_centralized_planner]: 
[ccr_centralized_planner-15] 
[ccr_centralized_planner-15]  did not replan 
[ccr_centralized_planner-15] 
[ccr_centralized_planner-15] [INFO] [1729090531.224133747] [ccr_centralized_planner]: Sent plan [9, 11, 35, 50, 51, 53, 39, 55, 56, 57, 5, 1] to robotA
[ccr_centralized_planner-15] [INFO] [1729090531.331546620] [ccr_centralized_planner]: Received state 9 from robotA
[ccr_centralized_planner-15] [INFO] [1729090531.423368107] [ccr_centralized_planner]: 
[ccr_centralized_planner-15] 
[ccr_centralized_planner-15]  did not replan 
[ccr_centralized_planner-15] 
[ccr_centralized_planner-15] [INFO] [1729090531.424201396] [ccr_centralized_planner]: Sent plan [9, 11, 35, 50, 51, 53, 39, 55, 56, 57, 5, 1] to robotA
[ccr_centralized_planner-15] [INFO] [1729090531.536195282] [ccr_centralized_planner]: Received state 9 from robotA
[ccr_centralized_planner-15] [INFO] [1729090531.623647002] [ccr_centralized_planner]: 
[ccr_centralized_planner-15] 
[ccr_centralized_planner-15]  did not replan 
[ccr_centralized_planner-15] 
[ccr_centralized_planner-15] [INFO] [1729090531.624598612] [ccr_centralized_planner]: Sent plan [9, 11, 35, 50, 51, 53, 39, 55, 56, 57, 5, 1] to robotA
[ccr_centralized_planner-15] [INFO] [1729090531.737939770] [ccr_centralized_planner]: Received state 9 from robotA
[ccr_centralized_planner-15] [INFO] [1729090531.823465545] [ccr_centralized_planner]: 
[ccr_centralized_planner-15] 
[ccr_centralized_planner-15]  did not replan 
[ccr_centralized_planner-15] 
[ccr_centralized_planner-15] [INFO] [1729090531.823908995] [ccr_centralized_planner]: Sent plan [9, 11, 35, 50, 51, 53, 39, 55, 56, 57, 5, 1] to robotA
[ccr_centralized_planner-15] [INFO] [1729090531.926302937] [ccr_centralized_planner]: Received state 9 from robotA
[ccr_centralized_planner-15] [INFO] [1729090532.024732329] [ccr_centralized_planner]: 
[ccr_centralized_planner-15] 
[ccr_centralized_planner-15]  did not replan 
[ccr_centralized_planner-15] 
[ccr_centralized_planner-15] [INFO] [1729090532.025475279] [ccr_centralized_planner]: Sent plan [9, 11, 35, 50, 51, 53, 39, 55, 56, 57, 5, 1] to robotA
[ccr_centralized_planner-15] [INFO] [1729090532.127852209] [ccr_centralized_planner]: Received state 9 from robotA
[command_node-3] [INFO] [1729090532.224932547] [command_node]: robotA: running
[ccr_centralized_planner-15] [INFO] [1729090532.225311687] [ccr_centralized_planner]: 
[ccr_centralized_planner-15] 
[ccr_centralized_planner-15]  did not replan 
[ccr_centralized_planner-15] 
[ccr_centralized_planner-15] [INFO] [1729090532.226178088] [ccr_centralized_planner]: Sent plan [9, 11, 35, 50, 51, 53, 39, 55, 56, 57, 5, 1] to robotA
[ccr_centralized_planner-15] [INFO] [1729090532.327809212] [ccr_centralized_planner]: Received state 9 from robotA
[ccr_centralized_planner-15] [INFO] [1729090532.525791539] [ccr_centralized_planner]: 
[ccr_centralized_planner-15] 
[ccr_centralized_planner-15]  did not replan 
[ccr_centralized_planner-15] 
[ccr_centralized_planner-15] [INFO] [1729090532.526544719] [ccr_centralized_planner]: Sent plan [9, 11, 35, 50, 51, 53, 39, 55, 56, 57, 5, 1] to robotA
[ccr_centralized_planner-15] [INFO] [1729090532.527624780] [ccr_centralized_planner]: Received state 9 from robotA
[ccr_centralized_planner-15] [INFO] [1729090532.726371718] [ccr_centralized_planner]: 
[ccr_centralized_planner-15] 
[ccr_centralized_planner-15]  did not replan 
[ccr_centralized_planner-15] 
[ccr_centralized_planner-15] [INFO] [1729090532.727116442] [ccr_centralized_planner]: Sent plan [9, 11, 35, 50, 51, 53, 39, 55, 56, 57, 5, 1] to robotA
[ccr_centralized_planner-15] [INFO] [1729090532.729145709] [ccr_centralized_planner]: Received state 9 from robotA
[ccr_centralized_planner-15] [INFO] [1729090532.926564101] [ccr_centralized_planner]: 
[ccr_centralized_planner-15] 
[ccr_centralized_planner-15]  did not replan 
[ccr_centralized_planner-15] 
[ccr_centralized_planner-15] [INFO] [1729090532.927365231] [ccr_centralized_planner]: Sent plan [9, 11, 35, 50, 51, 53, 39, 55, 56, 57, 5, 1] to robotA
[ccr_local_planner-14] [INFO] [1729090532.928453557] [robotA.ccr_local_planner]: new state 11
[ccr_centralized_planner-15] [INFO] [1729090532.928572780] [ccr_centralized_planner]: Received state 11 from robotA
[ccr_centralized_planner-15] [INFO] [1729090533.126770200] [ccr_centralized_planner]: 
[ccr_centralized_planner-15] 
[ccr_centralized_planner-15]  did not replan 
[ccr_centralized_planner-15] 
[ccr_centralized_planner-15] [INFO] [1729090533.127465582] [ccr_centralized_planner]: Sent plan [11, 35, 50, 51, 53, 39, 55, 56, 57, 5, 1] to robotA
[ccr_centralized_planner-15] [INFO] [1729090533.128325711] [ccr_centralized_planner]: Received state 11 from robotA
[ccr_local_planner-14] [INFO] [1729090533.152251343] [robotA.ccr_local_planner]: new plan: [11, 35, 50], remainder: [51, 53, 39, 55, 56, 57, 5, 1]
[ccr_centralized_planner-15] [INFO] [1729090533.327121470] [ccr_centralized_planner]: 
[ccr_centralized_planner-15] 
[ccr_centralized_planner-15]  did not replan 
[ccr_centralized_planner-15] 
[ccr_centralized_planner-15] [INFO] [1729090533.327958517] [ccr_centralized_planner]: Sent plan [11, 35, 50, 51, 53, 39, 55, 56, 57, 5, 1] to robotA
[ccr_centralized_planner-15] [INFO] [1729090533.329274790] [ccr_centralized_planner]: Received state 11 from robotA
[ccr_centralized_planner-15] [INFO] [1729090533.527610318] [ccr_centralized_planner]: 
[ccr_centralized_planner-15] 
[ccr_centralized_planner-15]  did not replan 
[ccr_centralized_planner-15] 
[ccr_centralized_planner-15] [INFO] [1729090533.528420184] [ccr_centralized_planner]: Sent plan [11, 35, 50, 51, 53, 39, 55, 56, 57, 5, 1] to robotA
[ccr_centralized_planner-15] [INFO] [1729090533.530166412] [ccr_centralized_planner]: Received state 11 from robotA
[ccr_centralized_planner-15] [INFO] [1729090533.728932776] [ccr_centralized_planner]: 
[ccr_centralized_planner-15] 
[ccr_centralized_planner-15]  did not replan 
[ccr_centralized_planner-15] 
[ccr_centralized_planner-15] [INFO] [1729090533.729793176] [ccr_centralized_planner]: Sent plan [11, 35, 50, 51, 53, 39, 55, 56, 57, 5, 1] to robotA
[ccr_centralized_planner-15] [INFO] [1729090533.733857532] [ccr_centralized_planner]: Received state 11 from robotA
[ccr_centralized_planner-15] [INFO] [1729090533.928776607] [ccr_centralized_planner]: 
[ccr_centralized_planner-15] 
[ccr_centralized_planner-15]  did not replan 
[ccr_centralized_planner-15] 
[ccr_centralized_planner-15] [INFO] [1729090533.929608063] [ccr_centralized_planner]: Sent plan [11, 35, 50, 51, 53, 39, 55, 56, 57, 5, 1] to robotA
[ccr_centralized_planner-15] [INFO] [1729090533.931524379] [ccr_centralized_planner]: Received state 11 from robotA
[ccr_centralized_planner-15] [INFO] [1729090534.129256489] [ccr_centralized_planner]: 
[ccr_centralized_planner-15] 
[ccr_centralized_planner-15]  did not replan 
[ccr_centralized_planner-15] 
[ccr_centralized_planner-15] [INFO] [1729090534.130247393] [ccr_centralized_planner]: Sent plan [11, 35, 50, 51, 53, 39, 55, 56, 57, 5, 1] to robotA
[ccr_local_planner-14] [INFO] [1729090534.131304681] [robotA.ccr_local_planner]: new state 35
[ccr_centralized_planner-15] [INFO] [1729090534.131596437] [ccr_centralized_planner]: Received state 35 from robotA
[command_node-3] [INFO] [1729090534.329412844] [command_node]: robotA: running
[ccr_centralized_planner-15] [INFO] [1729090534.329428353] [ccr_centralized_planner]: 
[ccr_centralized_planner-15] 
[ccr_centralized_planner-15]  did not replan 
[ccr_centralized_planner-15] 
[ccr_centralized_planner-15] [INFO] [1729090534.330252997] [ccr_centralized_planner]: Sent plan [35, 50, 51, 53, 39, 55, 56, 57, 5, 1] to robotA
[ccr_centralized_planner-15] [INFO] [1729090534.331512343] [ccr_centralized_planner]: Received state 35 from robotA
[ccr_local_planner-14] [INFO] [1729090534.350067896] [robotA.ccr_local_planner]: new plan: [35, 50, 51], remainder: [53, 39, 55, 56, 57, 5, 1]
[ccr_centralized_planner-15] [INFO] [1729090534.529832503] [ccr_centralized_planner]: 
[ccr_centralized_planner-15] 
[ccr_centralized_planner-15]  did not replan 
[ccr_centralized_planner-15] 
[ccr_centralized_planner-15] [INFO] [1729090534.530715676] [ccr_centralized_planner]: Sent plan [35, 50, 51, 53, 39, 55, 56, 57, 5, 1] to robotA
[ccr_centralized_planner-15] [INFO] [1729090534.531931130] [ccr_centralized_planner]: Received state 35 from robotA
[ccr_centralized_planner-15] [INFO] [1729090534.730301744] [ccr_centralized_planner]: 
[ccr_centralized_planner-15] 
[ccr_centralized_planner-15]  did not replan 
[ccr_centralized_planner-15] 
[ccr_centralized_planner-15] [INFO] [1729090534.731202730] [ccr_centralized_planner]: Sent plan [35, 50, 51, 53, 39, 55, 56, 57, 5, 1] to robotA
[ccr_centralized_planner-15] [INFO] [1729090534.732229412] [ccr_centralized_planner]: Received state 35 from robotA
[ccr_centralized_planner-15] [INFO] [1729090534.930668153] [ccr_centralized_planner]: 
[ccr_centralized_planner-15] 
[ccr_centralized_planner-15]  did not replan 
[ccr_centralized_planner-15] 
[ccr_centralized_planner-15] [INFO] [1729090534.931476396] [ccr_centralized_planner]: Sent plan [35, 50, 51, 53, 39, 55, 56, 57, 5, 1] to robotA
[ccr_centralized_planner-15] [INFO] [1729090534.932496925] [ccr_centralized_planner]: Received state 35 from robotA
[ccr_centralized_planner-15] [INFO] [1729090535.130350491] [ccr_centralized_planner]: 
[ccr_centralized_planner-15] 
[ccr_centralized_planner-15]  did not replan 
[ccr_centralized_planner-15] 
[ccr_centralized_planner-15] [INFO] [1729090535.130802307] [ccr_centralized_planner]: Sent plan [35, 50, 51, 53, 39, 55, 56, 57, 5, 1] to robotA
[ccr_centralized_planner-15] [INFO] [1729090535.134007525] [ccr_centralized_planner]: Received state 35 from robotA
[ccr_centralized_planner-15] [INFO] [1729090535.330818490] [ccr_centralized_planner]: 
[ccr_centralized_planner-15] 
[ccr_centralized_planner-15]  did not replan 
[ccr_centralized_planner-15] 
[ccr_centralized_planner-15] [INFO] [1729090535.331588351] [ccr_centralized_planner]: Sent plan [35, 50, 51, 53, 39, 55, 56, 57, 5, 1] to robotA
[ccr_centralized_planner-15] [INFO] [1729090535.334328389] [ccr_centralized_planner]: Received state 35 from robotA
[ccr_centralized_planner-15] [INFO] [1729090535.530903393] [ccr_centralized_planner]: 
[ccr_centralized_planner-15] 
[ccr_centralized_planner-15]  did not replan 
[ccr_centralized_planner-15] 
[ccr_centralized_planner-15] [INFO] [1729090535.531620054] [ccr_centralized_planner]: Sent plan [35, 50, 51, 53, 39, 55, 56, 57, 5, 1] to robotA
[ccr_centralized_planner-15] [INFO] [1729090535.535729393] [ccr_centralized_planner]: Received state 35 from robotA
[ccr_centralized_planner-15] [INFO] [1729090535.731319454] [ccr_centralized_planner]: 
[ccr_centralized_planner-15] 
[ccr_centralized_planner-15]  did not replan 
[ccr_centralized_planner-15] 
[ccr_centralized_planner-15] [INFO] [1729090535.732034763] [ccr_centralized_planner]: Sent plan [35, 50, 51, 53, 39, 55, 56, 57, 5, 1] to robotA
[ccr_centralized_planner-15] [INFO] [1729090535.740189052] [ccr_centralized_planner]: Received state 35 from robotA
[ccr_centralized_planner-15] [INFO] [1729090535.932126247] [ccr_centralized_planner]: 
[ccr_centralized_planner-15] 
[ccr_centralized_planner-15]  did not replan 
[ccr_centralized_planner-15] 
[ccr_centralized_planner-15] [INFO] [1729090535.932916897] [ccr_centralized_planner]: Sent plan [35, 50, 51, 53, 39, 55, 56, 57, 5, 1] to robotA
[ccr_centralized_planner-15] [INFO] [1729090535.934484590] [ccr_centralized_planner]: Received state 35 from robotA
[ccr_centralized_planner-15] [INFO] [1729090536.132404752] [ccr_centralized_planner]: 
[ccr_centralized_planner-15] 
[ccr_centralized_planner-15]  did not replan 
[ccr_centralized_planner-15] 
[ccr_centralized_planner-15] [INFO] [1729090536.133094372] [ccr_centralized_planner]: Sent plan [35, 50, 51, 53, 39, 55, 56, 57, 5, 1] to robotA
[ccr_centralized_planner-15] [INFO] [1729090536.233648090] [ccr_centralized_planner]: Received state 35 from robotA
[ccr_centralized_planner-15] [INFO] [1729090536.332568972] [ccr_centralized_planner]: 
[ccr_centralized_planner-15] 
[ccr_centralized_planner-15]  did not replan 
[ccr_centralized_planner-15] 
[command_node-3] [INFO] [1729090536.332583309] [command_node]: robotA: running
[ccr_centralized_planner-15] [INFO] [1729090536.333262550] [ccr_centralized_planner]: Sent plan [35, 50, 51, 53, 39, 55, 56, 57, 5, 1] to robotA
[ccr_local_planner-14] [INFO] [1729090536.434255851] [robotA.ccr_local_planner]: new state 50
[ccr_centralized_planner-15] [INFO] [1729090536.434339607] [ccr_centralized_planner]: Received state 50 from robotA
[ccr_centralized_planner-15] [INFO] [1729090536.532610493] [ccr_centralized_planner]: 
[ccr_centralized_planner-15] 
[ccr_centralized_planner-15]  did not replan 
[ccr_centralized_planner-15] 
[ccr_centralized_planner-15] [INFO] [1729090536.533291287] [ccr_centralized_planner]: Sent plan [50, 51, 53, 39, 55, 56, 57, 5, 1] to robotA
[ccr_local_planner-14] [INFO] [1729090536.533522830] [robotA.ccr_local_planner]: new plan: [50, 51, 53], remainder: [39, 55, 56, 57, 5, 1]
[ccr_centralized_planner-15] [INFO] [1729090536.638148878] [ccr_centralized_planner]: Received state 50 from robotA
[ccr_centralized_planner-15] [INFO] [1729090536.733590517] [ccr_centralized_planner]: 
[ccr_centralized_planner-15] 
[ccr_centralized_planner-15]  did not replan 
[ccr_centralized_planner-15] 
[ccr_centralized_planner-15] [INFO] [1729090536.734434347] [ccr_centralized_planner]: Sent plan [50, 51, 53, 39, 55, 56, 57, 5, 1] to robotA
[ccr_centralized_planner-15] [INFO] [1729090536.841211571] [ccr_centralized_planner]: Received state 50 from robotA
[ccr_centralized_planner-15] [INFO] [1729090536.933920158] [ccr_centralized_planner]: 
[ccr_centralized_planner-15] 
[ccr_centralized_planner-15]  did not replan 
[ccr_centralized_planner-15] 
[ccr_centralized_planner-15] [INFO] [1729090536.934626349] [ccr_centralized_planner]: Sent plan [50, 51, 53, 39, 55, 56, 57, 5, 1] to robotA
[ccr_centralized_planner-15] [INFO] [1729090537.035772746] [ccr_centralized_planner]: Received state 50 from robotA
[ccr_centralized_planner-15] [INFO] [1729090537.134537167] [ccr_centralized_planner]: 
[ccr_centralized_planner-15] 
[ccr_centralized_planner-15]  did not replan 
[ccr_centralized_planner-15] 
[ccr_centralized_planner-15] [INFO] [1729090537.135330351] [ccr_centralized_planner]: Sent plan [50, 51, 53, 39, 55, 56, 57, 5, 1] to robotA
[ccr_centralized_planner-15] [INFO] [1729090537.236611271] [ccr_centralized_planner]: Received state 50 from robotA
[ccr_centralized_planner-15] [INFO] [1729090537.334945846] [ccr_centralized_planner]: 
[ccr_centralized_planner-15] 
[ccr_centralized_planner-15]  did not replan 
[ccr_centralized_planner-15] 
[ccr_centralized_planner-15] [INFO] [1729090537.335752406] [ccr_centralized_planner]: Sent plan [50, 51, 53, 39, 55, 56, 57, 5, 1] to robotA
[ccr_centralized_planner-15] [INFO] [1729090537.438207622] [ccr_centralized_planner]: Received state 51 from robotA
[ccr_local_planner-14] [INFO] [1729090537.438393310] [robotA.ccr_local_planner]: new state 51
[ccr_centralized_planner-15] [INFO] [1729090537.635573706] [ccr_centralized_planner]: 
[ccr_centralized_planner-15] 
[ccr_centralized_planner-15]  did not replan 
[ccr_centralized_planner-15] 
[ccr_centralized_planner-15] [INFO] [1729090537.636372591] [ccr_centralized_planner]: Sent plan [51, 53, 39, 55, 56, 57, 5, 1] to robotA
[ccr_centralized_planner-15] [INFO] [1729090537.638495574] [ccr_centralized_planner]: Received state 51 from robotA
[ccr_local_planner-14] [INFO] [1729090537.658001776] [robotA.ccr_local_planner]: new plan: [51, 53, 39], remainder: [55, 56, 57, 5, 1]
[ccr_centralized_planner-15] [INFO] [1729090537.836106256] [ccr_centralized_planner]: 
[ccr_centralized_planner-15] 
[ccr_centralized_planner-15]  did not replan 
[ccr_centralized_planner-15] 
[ccr_centralized_planner-15] [INFO] [1729090537.836934857] [ccr_centralized_planner]: Sent plan [51, 53, 39, 55, 56, 57, 5, 1] to robotA
[ccr_centralized_planner-15] [INFO] [1729090537.838441175] [ccr_centralized_planner]: Received state 51 from robotA
[ccr_centralized_planner-15] [INFO] [1729090538.036903161] [ccr_centralized_planner]: 
[ccr_centralized_planner-15] 
[ccr_centralized_planner-15]  did not replan 
[ccr_centralized_planner-15] 
[ccr_centralized_planner-15] [INFO] [1729090538.037867014] [ccr_centralized_planner]: Sent plan [51, 53, 39, 55, 56, 57, 5, 1] to robotA
[ccr_centralized_planner-15] [INFO] [1729090538.038912571] [ccr_centralized_planner]: Received state 51 from robotA
[ccr_centralized_planner-15] [INFO] [1729090538.237165675] [ccr_centralized_planner]: 
[ccr_centralized_planner-15] 
[ccr_centralized_planner-15]  did not replan 
[ccr_centralized_planner-15] 
[ccr_centralized_planner-15] [INFO] [1729090538.238188639] [ccr_centralized_planner]: Sent plan [51, 53, 39, 55, 56, 57, 5, 1] to robotA
[ccr_centralized_planner-15] [INFO] [1729090538.239241750] [ccr_centralized_planner]: Received state 51 from robotA
[command_node-3] [INFO] [1729090538.437851862] [command_node]: robotA: running
[ccr_centralized_planner-15] [INFO] [1729090538.437975544] [ccr_centralized_planner]: 
[ccr_centralized_planner-15] 
[ccr_centralized_planner-15]  did not replan 
[ccr_centralized_planner-15] 
[ccr_centralized_planner-15] [INFO] [1729090538.438727220] [ccr_centralized_planner]: Sent plan [51, 53, 39, 55, 56, 57, 5, 1] to robotA
[ccr_centralized_planner-15] [INFO] [1729090538.439664785] [ccr_centralized_planner]: Received state 51 from robotA
[ccr_centralized_planner-15] [INFO] [1729090538.637812071] [ccr_centralized_planner]: 
[ccr_centralized_planner-15] 
[ccr_centralized_planner-15]  did not replan 
[ccr_centralized_planner-15] 
[ccr_centralized_planner-15] [INFO] [1729090538.638377579] [ccr_centralized_planner]: Sent plan [51, 53, 39, 55, 56, 57, 5, 1] to robotA
[ccr_centralized_planner-15] [INFO] [1729090538.645126258] [ccr_centralized_planner]: Received state 51 from robotA
[ccr_centralized_planner-15] [INFO] [1729090538.838271704] [ccr_centralized_planner]: 
[ccr_centralized_planner-15] 
[ccr_centralized_planner-15]  did not replan 
[ccr_centralized_planner-15] 
[ccr_centralized_planner-15] [INFO] [1729090538.839116395] [ccr_centralized_planner]: Sent plan [51, 53, 39, 55, 56, 57, 5, 1] to robotA
[ccr_centralized_planner-15] [INFO] [1729090538.847443648] [ccr_centralized_planner]: Received state 51 from robotA
[ccr_centralized_planner-15] [INFO] [1729090539.038746155] [ccr_centralized_planner]: 
[ccr_centralized_planner-15] 
[ccr_centralized_planner-15]  did not replan 
[ccr_centralized_planner-15] 
[ccr_centralized_planner-15] [INFO] [1729090539.039469249] [ccr_centralized_planner]: Sent plan [51, 53, 39, 55, 56, 57, 5, 1] to robotA
[ccr_centralized_planner-15] [INFO] [1729090539.051112296] [ccr_centralized_planner]: Received state 51 from robotA
[ccr_centralized_planner-15] [INFO] [1729090539.239117283] [ccr_centralized_planner]: 
[ccr_centralized_planner-15] 
[ccr_centralized_planner-15]  did not replan 
[ccr_centralized_planner-15] 
[ccr_centralized_planner-15] [INFO] [1729090539.239843411] [ccr_centralized_planner]: Sent plan [51, 53, 39, 55, 56, 57, 5, 1] to robotA
[ccr_centralized_planner-15] [INFO] [1729090539.241483631] [ccr_centralized_planner]: Received state 51 from robotA
[ccr_centralized_planner-15] [INFO] [1729090539.439603776] [ccr_centralized_planner]: 
[ccr_centralized_planner-15] 
[ccr_centralized_planner-15]  did not replan 
[ccr_centralized_planner-15] 
[ccr_centralized_planner-15] [INFO] [1729090539.440717210] [ccr_centralized_planner]: Sent plan [51, 53, 39, 55, 56, 57, 5, 1] to robotA
[ccr_centralized_planner-15] [INFO] [1729090539.442667149] [ccr_centralized_planner]: Received state 51 from robotA
[ccr_centralized_planner-15] [INFO] [1729090539.639851523] [ccr_centralized_planner]: 
[ccr_centralized_planner-15] 
[ccr_centralized_planner-15]  did not replan 
[ccr_centralized_planner-15] 
[ccr_centralized_planner-15] [INFO] [1729090539.640624369] [ccr_centralized_planner]: Sent plan [51, 53, 39, 55, 56, 57, 5, 1] to robotA
[ccr_centralized_planner-15] [INFO] [1729090539.641987751] [ccr_centralized_planner]: Received state 51 from robotA
[ccr_centralized_planner-15] [INFO] [1729090539.840160815] [ccr_centralized_planner]: 
[ccr_centralized_planner-15] 
[ccr_centralized_planner-15]  did not replan 
[ccr_centralized_planner-15] 
[ccr_centralized_planner-15] [INFO] [1729090539.840903755] [ccr_centralized_planner]: Sent plan [51, 53, 39, 55, 56, 57, 5, 1] to robotA
[ccr_local_planner-14] [INFO] [1729090539.843076742] [robotA.ccr_local_planner]: new state 53
[ccr_centralized_planner-15] [INFO] [1729090539.843188982] [ccr_centralized_planner]: Received state 53 from robotA
[ccr_centralized_planner-15] [INFO] [1729090540.040942130] [ccr_centralized_planner]: 
[ccr_centralized_planner-15] 
[ccr_centralized_planner-15]  did not replan 
[ccr_centralized_planner-15] 
[ccr_centralized_planner-15] [INFO] [1729090540.041762215] [ccr_centralized_planner]: Sent plan [53, 39, 55, 56, 57, 5, 1] to robotA
[ccr_centralized_planner-15] [INFO] [1729090540.043234470] [ccr_centralized_planner]: Received state 53 from robotA
[ccr_local_planner-14] [INFO] [1729090540.063455851] [robotA.ccr_local_planner]: new plan: [53, 39, 55], remainder: [56, 57, 5, 1]
[ccr_centralized_planner-15] [INFO] [1729090540.241114336] [ccr_centralized_planner]: 
[ccr_centralized_planner-15] 
[ccr_centralized_planner-15]  did not replan 
[ccr_centralized_planner-15] 
[ccr_centralized_planner-15] [INFO] [1729090540.241918952] [ccr_centralized_planner]: Sent plan [53, 39, 55, 56, 57, 5, 1] to robotA
[ccr_centralized_planner-15] [INFO] [1729090540.243009783] [ccr_centralized_planner]: Received state 53 from robotA
[command_node-3] [INFO] [1729090540.441637588] [command_node]: robotA: running
[ccr_centralized_planner-15] [INFO] [1729090540.442104652] [ccr_centralized_planner]: 
[ccr_centralized_planner-15] 
[ccr_centralized_planner-15]  did not replan 
[ccr_centralized_planner-15] 
[ccr_centralized_planner-15] [INFO] [1729090540.442826122] [ccr_centralized_planner]: Sent plan [53, 39, 55, 56, 57, 5, 1] to robotA
[ccr_centralized_planner-15] [INFO] [1729090540.447018788] [ccr_centralized_planner]: Received state 53 from robotA
[ccr_centralized_planner-15] [INFO] [1729090540.642040916] [ccr_centralized_planner]: 
[ccr_centralized_planner-15] 
[ccr_centralized_planner-15]  did not replan 
[ccr_centralized_planner-15] 
[ccr_centralized_planner-15] [INFO] [1729090540.642933967] [ccr_centralized_planner]: Sent plan [53, 39, 55, 56, 57, 5, 1] to robotA
[ccr_centralized_planner-15] [INFO] [1729090540.648566057] [ccr_centralized_planner]: Received state 53 from robotA
[ccr_centralized_planner-15] [INFO] [1729090540.842927749] [ccr_centralized_planner]: 
[ccr_centralized_planner-15] 
[ccr_centralized_planner-15]  did not replan 
[ccr_centralized_planner-15] 
[ccr_centralized_planner-15] [INFO] [1729090540.843694955] [ccr_centralized_planner]: Sent plan [53, 39, 55, 56, 57, 5, 1] to robotA
[ccr_centralized_planner-15] [INFO] [1729090540.852637158] [ccr_centralized_planner]: Received state 53 from robotA
[ccr_centralized_planner-15] [INFO] [1729090541.043079746] [ccr_centralized_planner]: 
[ccr_centralized_planner-15] 
[ccr_centralized_planner-15]  did not replan 
[ccr_centralized_planner-15] 
[ccr_centralized_planner-15] [INFO] [1729090541.043862942] [ccr_centralized_planner]: Sent plan [53, 39, 55, 56, 57, 5, 1] to robotA
[ccr_centralized_planner-15] [INFO] [1729090541.057962907] [ccr_centralized_planner]: Received state 53 from robotA
[ccr_centralized_planner-15] [INFO] [1729090541.243743922] [ccr_centralized_planner]: 
[ccr_centralized_planner-15] 
[ccr_centralized_planner-15]  did not replan 
[ccr_centralized_planner-15] 
[ccr_centralized_planner-15] [INFO] [1729090541.244557044] [ccr_centralized_planner]: Sent plan [53, 39, 55, 56, 57, 5, 1] to robotA
[ccr_centralized_planner-15] [INFO] [1729090541.245485101] [ccr_centralized_planner]: Received state 53 from robotA
[ccr_centralized_planner-15] [INFO] [1729090541.444158662] [ccr_centralized_planner]: 
[ccr_centralized_planner-15] 
[ccr_centralized_planner-15]  did not replan 
[ccr_centralized_planner-15] 
[ccr_centralized_planner-15] [INFO] [1729090541.444753084] [ccr_centralized_planner]: Sent plan [53, 39, 55, 56, 57, 5, 1] to robotA
[ccr_centralized_planner-15] [INFO] [1729090541.446449438] [ccr_centralized_planner]: Received state 53 from robotA
[ccr_centralized_planner-15] [INFO] [1729090541.645102080] [ccr_centralized_planner]: 
[ccr_centralized_planner-15] 
[ccr_centralized_planner-15]  did not replan 
[ccr_centralized_planner-15] 
[ccr_centralized_planner-15] [INFO] [1729090541.645820825] [ccr_centralized_planner]: Sent plan [53, 39, 55, 56, 57, 5, 1] to robotA
[ccr_centralized_planner-15] [INFO] [1729090541.746466986] [ccr_centralized_planner]: Received state 53 from robotA
[ccr_centralized_planner-15] [INFO] [1729090541.845447991] [ccr_centralized_planner]: 
[ccr_centralized_planner-15] 
[ccr_centralized_planner-15]  did not replan 
[ccr_centralized_planner-15] 
[ccr_centralized_planner-15] [INFO] [1729090541.846176744] [ccr_centralized_planner]: Sent plan [53, 39, 55, 56, 57, 5, 1] to robotA
[ccr_centralized_planner-15] [INFO] [1729090541.950037982] [ccr_centralized_planner]: Received state 53 from robotA
[ccr_centralized_planner-15] [INFO] [1729090542.521838691] [ccr_centralized_planner]: 
[ccr_centralized_planner-15] 
[ccr_centralized_planner-15]  did not replan 
[ccr_centralized_planner-15] 
[command_node-3] [INFO] [1729090542.521861193] [command_node]: robotA: running
[ccr_centralized_planner-15] [INFO] [1729090542.522887093] [ccr_centralized_planner]: Sent plan [53, 39, 55, 56, 57, 5, 1] to robotA
[ccr_centralized_planner-15] [INFO] [1729090542.524128767] [ccr_centralized_planner]: Received state 53 from robotA
[ccr_centralized_planner-15] [INFO] [1729090542.525226421] [ccr_centralized_planner]: 
[ccr_centralized_planner-15] 
[ccr_centralized_planner-15]  did not replan 
[ccr_centralized_planner-15] 
[ccr_centralized_planner-15] [INFO] [1729090542.526131655] [ccr_centralized_planner]: Sent plan [53, 39, 55, 56, 57, 5, 1] to robotA
[ccr_centralized_planner-15] [INFO] [1729090542.526977818] [ccr_centralized_planner]: Received state 53 from robotA
[ccr_local_planner-14] [INFO] [1729090542.549605803] [robotA.ccr_local_planner]: new state 39
[ccr_centralized_planner-15] [INFO] [1729090542.549695981] [ccr_centralized_planner]: Received state 39 from robotA
[ccr_centralized_planner-15] [INFO] [1729090542.687347701] [ccr_centralized_planner]: 
[ccr_centralized_planner-15] 
[ccr_centralized_planner-15]  did not replan 
[ccr_centralized_planner-15] 
[ccr_centralized_planner-15] [INFO] [1729090542.688162255] [ccr_centralized_planner]: Sent plan [39, 55, 56, 57, 5, 1] to robotA
[ccr_local_planner-14] [INFO] [1729090542.688541365] [robotA.ccr_local_planner]: new plan: [39, 55, 56], remainder: [57, 5, 1]
[ccr_centralized_planner-15] [INFO] [1729090542.750201380] [ccr_centralized_planner]: Received state 39 from robotA
[ccr_local_planner-14] [INFO] [1729090543.192217722] [robotA.ccr_local_planner]: new state 55
[ccr_centralized_planner-15] [INFO] [1729090543.192252137] [ccr_centralized_planner]: 
[ccr_centralized_planner-15] 
[ccr_centralized_planner-15]  did not replan 
[ccr_centralized_planner-15] 
[ccr_centralized_planner-15] [INFO] [1729090543.202726437] [ccr_centralized_planner]: Sent plan [39, 55, 56, 57, 5, 1] to robotA
[ccr_centralized_planner-15] [INFO] [1729090543.204214733] [ccr_centralized_planner]: Received state 39 from robotA
[ccr_centralized_planner-15] [INFO] [1729090543.205510698] [ccr_centralized_planner]: 
[ccr_centralized_planner-15] 
[ccr_centralized_planner-15]  did not replan 
[ccr_centralized_planner-15] 
[ccr_centralized_planner-15] [INFO] [1729090543.206419108] [ccr_centralized_planner]: Sent plan [39, 55, 56, 57, 5, 1] to robotA
[ccr_centralized_planner-15] [INFO] [1729090543.207265301] [ccr_centralized_planner]: Received state 55 from robotA
[ccr_centralized_planner-15] [INFO] [1729090543.348377106] [ccr_centralized_planner]: 
[ccr_centralized_planner-15] 
[ccr_centralized_planner-15]  did not replan 
[ccr_centralized_planner-15] 
[ccr_centralized_planner-15] [INFO] [1729090543.349409648] [ccr_centralized_planner]: Sent plan [55, 56, 57, 5, 1] to robotA
[ccr_centralized_planner-15] [INFO] [1729090543.350465494] [ccr_centralized_planner]: Received state 55 from robotA
[ccr_local_planner-14] [INFO] [1729090543.370189544] [robotA.ccr_local_planner]: new plan: [55, 56, 57], remainder: [5, 1]
[ccr_centralized_planner-15] [INFO] [1729090543.549075696] [ccr_centralized_planner]: 
[ccr_centralized_planner-15] 
[ccr_centralized_planner-15]  did not replan 
[ccr_centralized_planner-15] 
[ccr_centralized_planner-15] [INFO] [1729090543.550027607] [ccr_centralized_planner]: Sent plan [55, 56, 57, 5, 1] to robotA
[ccr_centralized_planner-15] [INFO] [1729090543.551765690] [ccr_centralized_planner]: Received state 55 from robotA
[ccr_centralized_planner-15] [INFO] [1729090543.749868243] [ccr_centralized_planner]: 
[ccr_centralized_planner-15] 
[ccr_centralized_planner-15]  did not replan 
[ccr_centralized_planner-15] 
[ccr_centralized_planner-15] [INFO] [1729090543.750717832] [ccr_centralized_planner]: Sent plan [55, 56, 57, 5, 1] to robotA
[ccr_centralized_planner-15] [INFO] [1729090543.751734114] [ccr_centralized_planner]: Received state 55 from robotA
[ccr_centralized_planner-15] [INFO] [1729090543.950181131] [ccr_centralized_planner]: 
[ccr_centralized_planner-15] 
[ccr_centralized_planner-15]  did not replan 
[ccr_centralized_planner-15] 
[ccr_centralized_planner-15] [INFO] [1729090543.950980467] [ccr_centralized_planner]: Sent plan [55, 56, 57, 5, 1] to robotA
[ccr_centralized_planner-15] [INFO] [1729090543.952932550] [ccr_centralized_planner]: Received state 55 from robotA
[ccr_centralized_planner-15] [INFO] [1729090544.150590731] [ccr_centralized_planner]: 
[ccr_centralized_planner-15] 
[ccr_centralized_planner-15]  did not replan 
[ccr_centralized_planner-15] 
[ccr_centralized_planner-15] [INFO] [1729090544.151344111] [ccr_centralized_planner]: Sent plan [55, 56, 57, 5, 1] to robotA
[ccr_centralized_planner-15] [INFO] [1729090544.152183622] [ccr_centralized_planner]: Received state 55 from robotA
[ccr_centralized_planner-15] [INFO] [1729090544.350833849] [ccr_centralized_planner]: 
[ccr_centralized_planner-15] 
[ccr_centralized_planner-15]  did not replan 
[ccr_centralized_planner-15] 
[ccr_centralized_planner-15] [INFO] [1729090544.351536644] [ccr_centralized_planner]: Sent plan [55, 56, 57, 5, 1] to robotA
[ccr_centralized_planner-15] [INFO] [1729090544.356629745] [ccr_centralized_planner]: Received state 55 from robotA
[command_node-3] [INFO] [1729090544.551461487] [command_node]: robotA: running
[ccr_centralized_planner-15] [INFO] [1729090544.551573476] [ccr_centralized_planner]: 
[ccr_centralized_planner-15] 
[ccr_centralized_planner-15]  did not replan 
[ccr_centralized_planner-15] 
[ccr_centralized_planner-15] [INFO] [1729090544.552486535] [ccr_centralized_planner]: Sent plan [55, 56, 57, 5, 1] to robotA
[ccr_centralized_planner-15] [INFO] [1729090544.559737844] [ccr_centralized_planner]: Received state 55 from robotA
[ccr_centralized_planner-15] [INFO] [1729090544.752159496] [ccr_centralized_planner]: 
[ccr_centralized_planner-15] 
[ccr_centralized_planner-15]  did not replan 
[ccr_centralized_planner-15] 
[ccr_centralized_planner-15] [INFO] [1729090544.753040444] [ccr_centralized_planner]: Sent plan [55, 56, 57, 5, 1] to robotA
[ccr_centralized_planner-15] [INFO] [1729090544.754042229] [ccr_centralized_planner]: Received state 55 from robotA
[ccr_centralized_planner-15] [INFO] [1729090544.952201798] [ccr_centralized_planner]: 
[ccr_centralized_planner-15] 
[ccr_centralized_planner-15]  did not replan 
[ccr_centralized_planner-15] 
[ccr_centralized_planner-15] [INFO] [1729090544.953053642] [ccr_centralized_planner]: Sent plan [55, 56, 57, 5, 1] to robotA
[ccr_centralized_planner-15] [INFO] [1729090544.954446008] [ccr_centralized_planner]: Received state 55 from robotA
[ccr_centralized_planner-15] [INFO] [1729090545.153002540] [ccr_centralized_planner]: 
[ccr_centralized_planner-15] 
[ccr_centralized_planner-15]  did not replan 
[ccr_centralized_planner-15] 
[ccr_centralized_planner-15] [INFO] [1729090545.153767812] [ccr_centralized_planner]: Sent plan [55, 56, 57, 5, 1] to robotA
[ccr_centralized_planner-15] [INFO] [1729090545.155580945] [ccr_centralized_planner]: Received state 55 from robotA
[ccr_centralized_planner-15] [INFO] [1729090545.353808571] [ccr_centralized_planner]: 
[ccr_centralized_planner-15] 
[ccr_centralized_planner-15]  did not replan 
[ccr_centralized_planner-15] 
[ccr_centralized_planner-15] [INFO] [1729090545.355109846] [ccr_centralized_planner]: Sent plan [55, 56, 57, 5, 1] to robotA
[ccr_centralized_planner-15] [INFO] [1729090545.356411402] [ccr_centralized_planner]: Received state 55 from robotA
[ccr_centralized_planner-15] [INFO] [1729090545.553434224] [ccr_centralized_planner]: 
[ccr_centralized_planner-15] 
[ccr_centralized_planner-15]  did not replan 
[ccr_centralized_planner-15] 
[ccr_centralized_planner-15] [INFO] [1729090545.554232217] [ccr_centralized_planner]: Sent plan [55, 56, 57, 5, 1] to robotA
[ccr_centralized_planner-15] [INFO] [1729090545.556034249] [ccr_centralized_planner]: Received state 55 from robotA
[ccr_centralized_planner-15] [INFO] [1729090545.753805222] [ccr_centralized_planner]: 
[ccr_centralized_planner-15] 
[ccr_centralized_planner-15]  did not replan 
[ccr_centralized_planner-15] 
[ccr_centralized_planner-15] [INFO] [1729090545.754598817] [ccr_centralized_planner]: Sent plan [55, 56, 57, 5, 1] to robotA
[ccr_centralized_planner-15] [INFO] [1729090545.756675763] [ccr_centralized_planner]: Received state 55 from robotA
[ccr_centralized_planner-15] [INFO] [1729090545.954347770] [ccr_centralized_planner]: 
[ccr_centralized_planner-15] 
[ccr_centralized_planner-15]  did not replan 
[ccr_centralized_planner-15] 
[ccr_centralized_planner-15] [INFO] [1729090545.955044724] [ccr_centralized_planner]: Sent plan [55, 56, 57, 5, 1] to robotA
[ccr_local_planner-14] [INFO] [1729090545.958016786] [robotA.ccr_local_planner]: new state 56
[ccr_centralized_planner-15] [INFO] [1729090545.958175693] [ccr_centralized_planner]: Received state 56 from robotA
[ccr_centralized_planner-15] [INFO] [1729090546.154889928] [ccr_centralized_planner]: 
[ccr_centralized_planner-15] 
[ccr_centralized_planner-15]  did not replan 
[ccr_centralized_planner-15] 
[ccr_centralized_planner-15] [INFO] [1729090546.155647986] [ccr_centralized_planner]: Sent plan [56, 57, 5, 1] to robotA
[ccr_centralized_planner-15] [INFO] [1729090546.157982826] [ccr_centralized_planner]: Received state 56 from robotA
[ccr_local_planner-14] [INFO] [1729090546.178181313] [robotA.ccr_local_planner]: new plan: [56, 57, 5], remainder: [1]
[ccr_centralized_planner-15] [INFO] [1729090546.355266065] [ccr_centralized_planner]: 
[ccr_centralized_planner-15] 
[ccr_centralized_planner-15]  did not replan 
[ccr_centralized_planner-15] 
[ccr_centralized_planner-15] [INFO] [1729090546.355945877] [ccr_centralized_planner]: Sent plan [56, 57, 5, 1] to robotA
[ccr_centralized_planner-15] [INFO] [1729090546.357574675] [ccr_centralized_planner]: Received state 56 from robotA
[ccr_centralized_planner-15] [INFO] [1729090546.555683669] [ccr_centralized_planner]: 
[ccr_centralized_planner-15] 
[ccr_centralized_planner-15]  did not replan 
[ccr_centralized_planner-15] 
[command_node-3] [INFO] [1729090546.555869236] [command_node]: robotA: running
[ccr_centralized_planner-15] [INFO] [1729090546.556501469] [ccr_centralized_planner]: Sent plan [56, 57, 5, 1] to robotA
[ccr_centralized_planner-15] [INFO] [1729090546.562461323] [ccr_centralized_planner]: Received state 56 from robotA
[ccr_centralized_planner-15] [INFO] [1729090546.757044799] [ccr_centralized_planner]: 
[ccr_centralized_planner-15] 
[ccr_centralized_planner-15]  did not replan 
[ccr_centralized_planner-15] 
[ccr_centralized_planner-15] [INFO] [1729090546.757846590] [ccr_centralized_planner]: Sent plan [56, 57, 5, 1] to robotA
[ccr_centralized_planner-15] [INFO] [1729090546.759035806] [ccr_centralized_planner]: Received state 56 from robotA
[ccr_centralized_planner-15] [INFO] [1729090546.957530411] [ccr_centralized_planner]: 
[ccr_centralized_planner-15] 
[ccr_centralized_planner-15]  did not replan 
[ccr_centralized_planner-15] 
[ccr_centralized_planner-15] [INFO] [1729090546.958423272] [ccr_centralized_planner]: Sent plan [56, 57, 5, 1] to robotA
[ccr_centralized_planner-15] [INFO] [1729090546.960094059] [ccr_centralized_planner]: Received state 56 from robotA
[ccr_centralized_planner-15] [INFO] [1729090547.158284956] [ccr_centralized_planner]: 
[ccr_centralized_planner-15] 
[ccr_centralized_planner-15]  did not replan 
[ccr_centralized_planner-15] 
[ccr_centralized_planner-15] [INFO] [1729090547.159234123] [ccr_centralized_planner]: Sent plan [56, 57, 5, 1] to robotA
[ccr_centralized_planner-15] [INFO] [1729090547.260190243] [ccr_centralized_planner]: Received state 56 from robotA
[ccr_centralized_planner-15] [INFO] [1729090547.358342357] [ccr_centralized_planner]: 
[ccr_centralized_planner-15] 
[ccr_centralized_planner-15]  did not replan 
[ccr_centralized_planner-15] 
[ccr_centralized_planner-15] [INFO] [1729090547.359121425] [ccr_centralized_planner]: Sent plan [56, 57, 5, 1] to robotA
[ccr_centralized_planner-15] [INFO] [1729090547.460537837] [ccr_centralized_planner]: Received state 56 from robotA
[ccr_centralized_planner-15] [INFO] [1729090547.558592358] [ccr_centralized_planner]: 
[ccr_centralized_planner-15] 
[ccr_centralized_planner-15]  did not replan 
[ccr_centralized_planner-15] 
[ccr_centralized_planner-15] [INFO] [1729090547.559439133] [ccr_centralized_planner]: Sent plan [56, 57, 5, 1] to robotA
[ccr_centralized_planner-15] [INFO] [1729090547.662332519] [ccr_centralized_planner]: Received state 56 from robotA
[ccr_centralized_planner-15] [INFO] [1729090547.758943829] [ccr_centralized_planner]: 
[ccr_centralized_planner-15] 
[ccr_centralized_planner-15]  did not replan 
[ccr_centralized_planner-15] 
[ccr_centralized_planner-15] [INFO] [1729090547.759739047] [ccr_centralized_planner]: Sent plan [56, 57, 5, 1] to robotA
[ccr_centralized_planner-15] [INFO] [1729090547.866875162] [ccr_centralized_planner]: Received state 56 from robotA
[ccr_centralized_planner-15] [INFO] [1729090547.959116455] [ccr_centralized_planner]: 
[ccr_centralized_planner-15] 
[ccr_centralized_planner-15]  did not replan 
[ccr_centralized_planner-15] 
[ccr_centralized_planner-15] [INFO] [1729090547.959892768] [ccr_centralized_planner]: Sent plan [56, 57, 5, 1] to robotA
[ccr_centralized_planner-15] [INFO] [1729090548.062579517] [ccr_centralized_planner]: Received state 56 from robotA
[ccr_centralized_planner-15] [INFO] [1729090548.159993971] [ccr_centralized_planner]: 
[ccr_centralized_planner-15] 
[ccr_centralized_planner-15]  did not replan 
[ccr_centralized_planner-15] 
[ccr_centralized_planner-15] [INFO] [1729090548.160820177] [ccr_centralized_planner]: Sent plan [56, 57, 5, 1] to robotA
[ccr_centralized_planner-15] [INFO] [1729090548.262210550] [ccr_centralized_planner]: Received state 56 from robotA
[ccr_centralized_planner-15] [INFO] [1729090548.360096896] [ccr_centralized_planner]: 
[ccr_centralized_planner-15] 
[ccr_centralized_planner-15]  did not replan 
[ccr_centralized_planner-15] 
[ccr_centralized_planner-15] [INFO] [1729090548.360776327] [ccr_centralized_planner]: Sent plan [56, 57, 5, 1] to robotA
[ccr_local_planner-14] [INFO] [1729090548.463119765] [robotA.ccr_local_planner]: new state 57
[ccr_centralized_planner-15] [INFO] [1729090548.463210705] [ccr_centralized_planner]: Received state 57 from robotA
[command_node-3] [INFO] [1729090548.661021501] [command_node]: robotA: running
[ccr_centralized_planner-15] [INFO] [1729090548.661081253] [ccr_centralized_planner]: 
[ccr_centralized_planner-15] 
[ccr_centralized_planner-15]  did not replan 
[ccr_centralized_planner-15] 
[ccr_centralized_planner-15] [INFO] [1729090548.661913600] [ccr_centralized_planner]: Sent plan [57, 5, 1] to robotA
[ccr_centralized_planner-15] [INFO] [1729090548.663602781] [ccr_centralized_planner]: Received state 57 from robotA
[ccr_local_planner-14] [INFO] [1729090548.685586250] [robotA.ccr_local_planner]: new plan: [57, 5, 1]
[ccr_centralized_planner-15] [INFO] [1729090548.860925705] [ccr_centralized_planner]: 
[ccr_centralized_planner-15] 
[ccr_centralized_planner-15]  did not replan 
[ccr_centralized_planner-15] 
[ccr_centralized_planner-15] [INFO] [1729090548.861814769] [ccr_centralized_planner]: Sent plan [57, 5, 1] to robotA
[ccr_centralized_planner-15] [INFO] [1729090548.863046353] [ccr_centralized_planner]: Received state 57 from robotA
[ccr_centralized_planner-15] [INFO] [1729090549.061274371] [ccr_centralized_planner]: 
[ccr_centralized_planner-15] 
[ccr_centralized_planner-15]  did not replan 
[ccr_centralized_planner-15] 
[ccr_centralized_planner-15] [INFO] [1729090549.062047447] [ccr_centralized_planner]: Sent plan [57, 5, 1] to robotA
[ccr_centralized_planner-15] [INFO] [1729090549.062907677] [ccr_centralized_planner]: Received state 57 from robotA
[ccr_centralized_planner-15] [INFO] [1729090549.261646771] [ccr_centralized_planner]: 
[ccr_centralized_planner-15] 
[ccr_centralized_planner-15]  did not replan 
[ccr_centralized_planner-15] 
[ccr_centralized_planner-15] [INFO] [1729090549.262371116] [ccr_centralized_planner]: Sent plan [57, 5, 1] to robotA
[ccr_centralized_planner-15] [INFO] [1729090549.263219053] [ccr_centralized_planner]: Received state 57 from robotA
[ccr_centralized_planner-15] [INFO] [1729090549.462099962] [ccr_centralized_planner]: 
[ccr_centralized_planner-15] 
[ccr_centralized_planner-15]  did not replan 
[ccr_centralized_planner-15] 
[ccr_centralized_planner-15] [INFO] [1729090549.462917913] [ccr_centralized_planner]: Sent plan [57, 5, 1] to robotA
[ccr_centralized_planner-15] [INFO] [1729090549.463881817] [ccr_centralized_planner]: Received state 57 from robotA
[ccr_centralized_planner-15] [INFO] [1729090549.662409795] [ccr_centralized_planner]: 
[ccr_centralized_planner-15] 
[ccr_centralized_planner-15]  did not replan 
[ccr_centralized_planner-15] 
[ccr_centralized_planner-15] [INFO] [1729090549.663136144] [ccr_centralized_planner]: Sent plan [57, 5, 1] to robotA
[ccr_centralized_planner-15] [INFO] [1729090549.668186816] [ccr_centralized_planner]: Received state 57 from robotA
[ccr_centralized_planner-15] [INFO] [1729090549.862909854] [ccr_centralized_planner]: 
[ccr_centralized_planner-15] 
[ccr_centralized_planner-15]  did not replan 
[ccr_centralized_planner-15] 
[ccr_centralized_planner-15] [INFO] [1729090549.863893274] [ccr_centralized_planner]: Sent plan [57, 5, 1] to robotA
[ccr_centralized_planner-15] [INFO] [1729090549.865046893] [ccr_centralized_planner]: Received state 57 from robotA
[ccr_centralized_planner-15] [INFO] [1729090550.063320676] [ccr_centralized_planner]: 
[ccr_centralized_planner-15] 
[ccr_centralized_planner-15]  did not replan 
[ccr_centralized_planner-15] 
[ccr_centralized_planner-15] [INFO] [1729090550.064081991] [ccr_centralized_planner]: Sent plan [57, 5, 1] to robotA
[ccr_centralized_planner-15] [INFO] [1729090550.073611704] [ccr_centralized_planner]: Received state 57 from robotA
[ccr_centralized_planner-15] [INFO] [1729090550.264192380] [ccr_centralized_planner]: 
[ccr_centralized_planner-15] 
[ccr_centralized_planner-15]  did not replan 
[ccr_centralized_planner-15] 
[ccr_centralized_planner-15] [INFO] [1729090550.265006664] [ccr_centralized_planner]: Sent plan [57, 5, 1] to robotA
[ccr_centralized_planner-15] [INFO] [1729090550.266342484] [ccr_centralized_planner]: Received state 57 from robotA
[ccr_centralized_planner-15] [INFO] [1729090550.464749516] [ccr_centralized_planner]: 
[ccr_centralized_planner-15] 
[ccr_centralized_planner-15]  did not replan 
[ccr_centralized_planner-15] 
[ccr_centralized_planner-15] [INFO] [1729090550.465639131] [ccr_centralized_planner]: Sent plan [57, 5, 1] to robotA
[ccr_centralized_planner-15] [INFO] [1729090550.467219198] [ccr_centralized_planner]: Received state 57 from robotA
[ccr_centralized_planner-15] [INFO] [1729090550.665296082] [ccr_centralized_planner]: 
[ccr_centralized_planner-15] 
[ccr_centralized_planner-15]  did not replan 
[ccr_centralized_planner-15] 
[command_node-3] [INFO] [1729090550.665675041] [command_node]: robotA: running
[ccr_centralized_planner-15] [INFO] [1729090550.665953592] [ccr_centralized_planner]: Sent plan [57, 5, 1] to robotA
[ccr_centralized_planner-15] [INFO] [1729090550.667870239] [ccr_centralized_planner]: Received state 57 from robotA
[ccr_centralized_planner-15] [INFO] [1729090550.865587240] [ccr_centralized_planner]: 
[ccr_centralized_planner-15] 
[ccr_centralized_planner-15]  did not replan 
[ccr_centralized_planner-15] 
[ccr_centralized_planner-15] [INFO] [1729090550.866235273] [ccr_centralized_planner]: Sent plan [57, 5, 1] to robotA
[ccr_centralized_planner-15] [INFO] [1729090550.868567346] [ccr_centralized_planner]: Received state 5 from robotA
[ccr_local_planner-14] [INFO] [1729090550.868719371] [robotA.ccr_local_planner]: new state 5
[ccr_centralized_planner-15] [INFO] [1729090551.066242780] [ccr_centralized_planner]: 
[ccr_centralized_planner-15] 
[ccr_centralized_planner-15]  did not replan 
[ccr_centralized_planner-15] 
[ccr_centralized_planner-15] [INFO] [1729090551.067038629] [ccr_centralized_planner]: Sent plan [5, 1] to robotA
[ccr_centralized_planner-15] [INFO] [1729090551.068204871] [ccr_centralized_planner]: Received state 5 from robotA
[ccr_local_planner-14] [INFO] [1729090551.095267034] [robotA.ccr_local_planner]: new plan: [5, 1]
[ccr_centralized_planner-15] [INFO] [1729090551.266917917] [ccr_centralized_planner]: 
[ccr_centralized_planner-15] 
[ccr_centralized_planner-15]  did not replan 
[ccr_centralized_planner-15] 
[ccr_centralized_planner-15] [INFO] [1729090551.267673290] [ccr_centralized_planner]: Sent plan [5, 1] to robotA
[ccr_centralized_planner-15] [INFO] [1729090551.269778580] [ccr_centralized_planner]: Received state 5 from robotA
[ccr_centralized_planner-15] [INFO] [1729090551.467418667] [ccr_centralized_planner]: 
[ccr_centralized_planner-15] 
[ccr_centralized_planner-15]  did not replan 
[ccr_centralized_planner-15] 
[ccr_centralized_planner-15] [INFO] [1729090551.468185091] [ccr_centralized_planner]: Sent plan [5, 1] to robotA
[ccr_centralized_planner-15] [INFO] [1729090551.469019302] [ccr_centralized_planner]: Received state 5 from robotA
[ccr_centralized_planner-15] [INFO] [1729090551.668148706] [ccr_centralized_planner]: 
[ccr_centralized_planner-15] 
[ccr_centralized_planner-15]  did not replan 
[ccr_centralized_planner-15] 
[ccr_local_planner-14] [INFO] [1729090551.668923105] [robotA.ccr_local_planner]: new state 1
[ccr_centralized_planner-15] [INFO] [1729090551.668949174] [ccr_centralized_planner]: Sent plan [5, 1] to robotA
[ccr_goal_provider-12] [INFO] [1729090551.669296003] [ccr_goal_provider]: [32mgoal completed:[0m robotA reached goal 1, going to goal 0 within state 9
[ccr_centralized_planner-15] [INFO] [1729090551.669788865] [ccr_centralized_planner]: Received state 1 from robotA
[ccr_centralized_planner-15] [INFO] [1729090551.768676205] [ccr_centralized_planner]: Received goal 9 from robotA
[ccr_centralized_planner-15] [INFO] [1729090551.867961239] [ccr_centralized_planner]: 
[ccr_centralized_planner-15] 
[ccr_centralized_planner-15]  replaned due to new goal
[ccr_centralized_planner-15] 
[ccr_centralized_planner-15] [INFO] [1729090551.889950607] [ccr_centralized_planner]: Sent plan [1, 44, 45, 56, 55, 39, 53, 51, 32, 35, 10, 9] to robotA
[ccr_centralized_planner-15] [INFO] [1729090551.890414355] [ccr_centralized_planner]: Received state 1 from robotA
[ccr_local_planner-14] [INFO] [1729090551.891587400] [robotA.ccr_local_planner]: new plan: [1, 44, 45], remainder: [56, 55, 39, 53, 51, 32, 35, 10, 9]
[ccr_centralized_planner-15] [INFO] [1729090552.068769564] [ccr_centralized_planner]: 
[ccr_centralized_planner-15] 
[ccr_centralized_planner-15]  did not replan 
[ccr_centralized_planner-15] 
[ccr_centralized_planner-15] [INFO] [1729090552.069573108] [ccr_centralized_planner]: Sent plan [1, 44, 45, 56, 55, 39, 53, 51, 32, 35, 10, 9] to robotA
[ccr_centralized_planner-15] [INFO] [1729090552.077015044] [ccr_centralized_planner]: Received state 1 from robotA
[ccr_centralized_planner-15] [INFO] [1729090552.269236932] [ccr_centralized_planner]: 
[ccr_centralized_planner-15] 
[ccr_centralized_planner-15]  did not replan 
[ccr_centralized_planner-15] 
[ccr_centralized_planner-15] [INFO] [1729090552.270048751] [ccr_centralized_planner]: Sent plan [1, 44, 45, 56, 55, 39, 53, 51, 32, 35, 10, 9] to robotA
[ccr_centralized_planner-15] [INFO] [1729090552.277655536] [ccr_centralized_planner]: Received state 1 from robotA
[ccr_centralized_planner-15] [INFO] [1729090552.469588663] [ccr_centralized_planner]: 
[ccr_centralized_planner-15] 
[ccr_centralized_planner-15]  did not replan 
[ccr_centralized_planner-15] 
[ccr_centralized_planner-15] [INFO] [1729090552.470407786] [ccr_centralized_planner]: Sent plan [1, 44, 45, 56, 55, 39, 53, 51, 32, 35, 10, 9] to robotA
[ccr_centralized_planner-15] [INFO] [1729090552.478733186] [ccr_centralized_planner]: Received state 1 from robotA
[command_node-3] [INFO] [1729090552.669786677] [command_node]: robotA: running
[ccr_centralized_planner-15] [INFO] [1729090552.670001629] [ccr_centralized_planner]: 
[ccr_centralized_planner-15] 
[ccr_centralized_planner-15]  did not replan 
[ccr_centralized_planner-15] 
[ccr_centralized_planner-15] [INFO] [1729090552.670828066] [ccr_centralized_planner]: Sent plan [1, 44, 45, 56, 55, 39, 53, 51, 32, 35, 10, 9] to robotA
[ccr_centralized_planner-15] [INFO] [1729090552.682752210] [ccr_centralized_planner]: Received state 1 from robotA
[ccr_centralized_planner-15] [INFO] [1729090552.870353371] [ccr_centralized_planner]: 
[ccr_centralized_planner-15] 
[ccr_centralized_planner-15]  did not replan 
[ccr_centralized_planner-15] 
[ccr_centralized_planner-15] [INFO] [1729090552.871160741] [ccr_centralized_planner]: Sent plan [1, 44, 45, 56, 55, 39, 53, 51, 32, 35, 10, 9] to robotA
[ccr_centralized_planner-15] [INFO] [1729090552.894676016] [ccr_centralized_planner]: Received state 1 from robotA
[ccr_centralized_planner-15] [INFO] [1729090553.070429837] [ccr_centralized_planner]: 
[ccr_centralized_planner-15] 
[ccr_centralized_planner-15]  did not replan 
[ccr_centralized_planner-15] 
[ccr_centralized_planner-15] [INFO] [1729090553.071227179] [ccr_centralized_planner]: Sent plan [1, 44, 45, 56, 55, 39, 53, 51, 32, 35, 10, 9] to robotA
[ccr_centralized_planner-15] [INFO] [1729090553.089728190] [ccr_centralized_planner]: Received state 1 from robotA
[ccr_centralized_planner-15] [INFO] [1729090553.270711738] [ccr_centralized_planner]: 
[ccr_centralized_planner-15] 
[ccr_centralized_planner-15]  did not replan 
[ccr_centralized_planner-15] 
[ccr_centralized_planner-15] [INFO] [1729090553.271462973] [ccr_centralized_planner]: Sent plan [1, 44, 45, 56, 55, 39, 53, 51, 32, 35, 10, 9] to robotA
[ccr_centralized_planner-15] [INFO] [1729090553.273316622] [ccr_centralized_planner]: Received state 1 from robotA
[ccr_centralized_planner-15] [INFO] [1729090553.471395510] [ccr_centralized_planner]: 
[ccr_centralized_planner-15] 
[ccr_centralized_planner-15]  did not replan 
[ccr_centralized_planner-15] 
[ccr_centralized_planner-15] [INFO] [1729090553.472295214] [ccr_centralized_planner]: Sent plan [1, 44, 45, 56, 55, 39, 53, 51, 32, 35, 10, 9] to robotA
[ccr_centralized_planner-15] [INFO] [1729090553.473266912] [ccr_centralized_planner]: Received state 1 from robotA
[ccr_centralized_planner-15] [INFO] [1729090553.671657474] [ccr_centralized_planner]: 
[ccr_centralized_planner-15] 
[ccr_centralized_planner-15]  did not replan 
[ccr_centralized_planner-15] 
[ccr_centralized_planner-15] [INFO] [1729090553.672568649] [ccr_centralized_planner]: Sent plan [1, 44, 45, 56, 55, 39, 53, 51, 32, 35, 10, 9] to robotA
[ccr_centralized_planner-15] [INFO] [1729090553.777925705] [ccr_centralized_planner]: Received state 1 from robotA
[ccr_centralized_planner-15] [INFO] [1729090553.872002532] [ccr_centralized_planner]: 
[ccr_centralized_planner-15] 
[ccr_centralized_planner-15]  did not replan 
[ccr_centralized_planner-15] 
[ccr_centralized_planner-15] [INFO] [1729090553.872806206] [ccr_centralized_planner]: Sent plan [1, 44, 45, 56, 55, 39, 53, 51, 32, 35, 10, 9] to robotA
[ccr_centralized_planner-15] [INFO] [1729090553.974847768] [ccr_centralized_planner]: Received state 1 from robotA
[ccr_centralized_planner-15] [INFO] [1729090554.072571009] [ccr_centralized_planner]: 
[ccr_centralized_planner-15] 
[ccr_centralized_planner-15]  did not replan 
[ccr_centralized_planner-15] 
[ccr_centralized_planner-15] [INFO] [1729090554.073346280] [ccr_centralized_planner]: Sent plan [1, 44, 45, 56, 55, 39, 53, 51, 32, 35, 10, 9] to robotA
[ccr_local_planner-14] [INFO] [1729090554.185604651] [robotA.ccr_local_planner]: new state 44
[ccr_centralized_planner-15] [INFO] [1729090554.185878794] [ccr_centralized_planner]: Received state 44 from robotA
[ccr_centralized_planner-15] [INFO] [1729090554.272836108] [ccr_centralized_planner]: 
[ccr_centralized_planner-15] 
[ccr_centralized_planner-15]  did not replan 
[ccr_centralized_planner-15] 
[ccr_local_planner-14] [INFO] [1729090554.273609025] [robotA.ccr_local_planner]: new plan: [44, 45, 56], remainder: [55, 39, 53, 51, 32, 35, 10, 9]
[ccr_centralized_planner-15] [INFO] [1729090554.273625716] [ccr_centralized_planner]: Sent plan [44, 45, 56, 55, 39, 53, 51, 32, 35, 10, 9] to robotA
[ccr_centralized_planner-15] [INFO] [1729090554.388688615] [ccr_centralized_planner]: Received state 44 from robotA
[ccr_centralized_planner-15] [INFO] [1729090554.473172601] [ccr_centralized_planner]: 
[ccr_centralized_planner-15] 
[ccr_centralized_planner-15]  did not replan 
[ccr_centralized_planner-15] 
[ccr_centralized_planner-15] [INFO] [1729090554.474006472] [ccr_centralized_planner]: Sent plan [44, 45, 56, 55, 39, 53, 51, 32, 35, 10, 9] to robotA
[ccr_centralized_planner-15] [INFO] [1729090554.576779232] [ccr_centralized_planner]: Received state 44 from robotA
[ccr_centralized_planner-15] [INFO] [1729090554.673372609] [ccr_centralized_planner]: 
[ccr_centralized_planner-15] 
[ccr_centralized_planner-15]  did not replan 
[ccr_centralized_planner-15] 
[command_node-3] [INFO] [1729090554.673681517] [command_node]: robotA: running
[ccr_centralized_planner-15] [INFO] [1729090554.674086725] [ccr_centralized_planner]: Sent plan [44, 45, 56, 55, 39, 53, 51, 32, 35, 10, 9] to robotA
[ccr_centralized_planner-15] [INFO] [1729090554.775868591] [ccr_centralized_planner]: Received state 44 from robotA
[ccr_centralized_planner-15] [INFO] [1729090554.873977153] [ccr_centralized_planner]: 
[ccr_centralized_planner-15] 
[ccr_centralized_planner-15]  did not replan 
[ccr_centralized_planner-15] 
[ccr_centralized_planner-15] [INFO] [1729090554.874737947] [ccr_centralized_planner]: Sent plan [44, 45, 56, 55, 39, 53, 51, 32, 35, 10, 9] to robotA
[ccr_centralized_planner-15] [INFO] [1729090554.976269555] [ccr_centralized_planner]: Received state 44 from robotA
[ccr_centralized_planner-15] [INFO] [1729090555.074513961] [ccr_centralized_planner]: 
[ccr_centralized_planner-15] 
[ccr_centralized_planner-15]  did not replan 
[ccr_centralized_planner-15] 
[ccr_centralized_planner-15] [INFO] [1729090555.075280155] [ccr_centralized_planner]: Sent plan [44, 45, 56, 55, 39, 53, 51, 32, 35, 10, 9] to robotA
[ccr_centralized_planner-15] [INFO] [1729090555.176703460] [ccr_centralized_planner]: Received state 44 from robotA
[ccr_centralized_planner-15] [INFO] [1729090555.374842180] [ccr_centralized_planner]: 
[ccr_centralized_planner-15] 
[ccr_centralized_planner-15]  did not replan 
[ccr_centralized_planner-15] 
[ccr_centralized_planner-15] [INFO] [1729090555.375620787] [ccr_centralized_planner]: Sent plan [44, 45, 56, 55, 39, 53, 51, 32, 35, 10, 9] to robotA
[ccr_centralized_planner-15] [INFO] [1729090555.376990020] [ccr_centralized_planner]: Received state 44 from robotA
[ccr_centralized_planner-15] [INFO] [1729090555.575287727] [ccr_centralized_planner]: 
[ccr_centralized_planner-15] 
[ccr_centralized_planner-15]  did not replan 
[ccr_centralized_planner-15] 
[ccr_centralized_planner-15] [INFO] [1729090555.576027592] [ccr_centralized_planner]: Sent plan [44, 45, 56, 55, 39, 53, 51, 32, 35, 10, 9] to robotA
[ccr_centralized_planner-15] [INFO] [1729090555.577859340] [ccr_centralized_planner]: Received state 44 from robotA
[ccr_centralized_planner-15] [INFO] [1729090555.775490800] [ccr_centralized_planner]: 
[ccr_centralized_planner-15] 
[ccr_centralized_planner-15]  did not replan 
[ccr_centralized_planner-15] 
[ccr_centralized_planner-15] [INFO] [1729090555.776288042] [ccr_centralized_planner]: Sent plan [44, 45, 56, 55, 39, 53, 51, 32, 35, 10, 9] to robotA
[ccr_centralized_planner-15] [INFO] [1729090555.778074295] [ccr_centralized_planner]: Received state 44 from robotA
[ccr_centralized_planner-15] [INFO] [1729090555.975436792] [ccr_centralized_planner]: 
[ccr_centralized_planner-15] 
[ccr_centralized_planner-15]  did not replan 
[ccr_centralized_planner-15] 
[ccr_centralized_planner-15] [INFO] [1729090555.976088512] [ccr_centralized_planner]: Sent plan [44, 45, 56, 55, 39, 53, 51, 32, 35, 10, 9] to robotA
[ccr_centralized_planner-15] [INFO] [1729090555.976767933] [ccr_centralized_planner]: Received state 44 from robotA
[ccr_centralized_planner-15] [INFO] [1729090556.175979591] [ccr_centralized_planner]: 
[ccr_centralized_planner-15] 
[ccr_centralized_planner-15]  did not replan 
[ccr_centralized_planner-15] 
[ccr_centralized_planner-15] [INFO] [1729090556.177232035] [ccr_centralized_planner]: Sent plan [44, 45, 56, 55, 39, 53, 51, 32, 35, 10, 9] to robotA
[ccr_centralized_planner-15] [INFO] [1729090556.181702921] [ccr_centralized_planner]: Received state 44 from robotA
[ccr_centralized_planner-15] [INFO] [1729090556.376246213] [ccr_centralized_planner]: 
[ccr_centralized_planner-15] 
[ccr_centralized_planner-15]  did not replan 
[ccr_centralized_planner-15] 
[ccr_centralized_planner-15] [INFO] [1729090556.377471316] [ccr_centralized_planner]: Sent plan [44, 45, 56, 55, 39, 53, 51, 32, 35, 10, 9] to robotA
[ccr_centralized_planner-15] [INFO] [1729090556.382101671] [ccr_centralized_planner]: Received state 44 from robotA
[ccr_centralized_planner-15] [INFO] [1729090556.576667194] [ccr_centralized_planner]: 
[ccr_centralized_planner-15] 
[ccr_centralized_planner-15]  did not replan 
[ccr_centralized_planner-15] 
[ccr_centralized_planner-15] [INFO] [1729090556.577501516] [ccr_centralized_planner]: Sent plan [44, 45, 56, 55, 39, 53, 51, 32, 35, 10, 9] to robotA
[ccr_centralized_planner-15] [INFO] [1729090556.586129461] [ccr_centralized_planner]: Received state 44 from robotA
[command_node-3] [INFO] [1729090556.777011291] [command_node]: robotA: running
[ccr_centralized_planner-15] [INFO] [1729090556.777123361] [ccr_centralized_planner]: 
[ccr_centralized_planner-15] 
[ccr_centralized_planner-15]  did not replan 
[ccr_centralized_planner-15] 
[ccr_centralized_planner-15] [INFO] [1729090556.777868015] [ccr_centralized_planner]: Sent plan [44, 45, 56, 55, 39, 53, 51, 32, 35, 10, 9] to robotA
[ccr_centralized_planner-15] [INFO] [1729090556.789757363] [ccr_centralized_planner]: Received state 44 from robotA
[ccr_centralized_planner-15] [INFO] [1729090556.977975078] [ccr_centralized_planner]: 
[ccr_centralized_planner-15] 
[ccr_centralized_planner-15]  did not replan 
[ccr_centralized_planner-15] 
[ccr_centralized_planner-15] [INFO] [1729090556.979078733] [ccr_centralized_planner]: Sent plan [44, 45, 56, 55, 39, 53, 51, 32, 35, 10, 9] to robotA
[ccr_centralized_planner-15] [INFO] [1729090556.981306863] [ccr_centralized_planner]: Received state 44 from robotA
[ccr_centralized_planner-15] [INFO] [1729090557.177838957] [ccr_centralized_planner]: 
[ccr_centralized_planner-15] 
[ccr_centralized_planner-15]  did not replan 
[ccr_centralized_planner-15] 
[ccr_centralized_planner-15] [INFO] [1729090557.178636149] [ccr_centralized_planner]: Sent plan [44, 45, 56, 55, 39, 53, 51, 32, 35, 10, 9] to robotA
[ccr_centralized_planner-15] [INFO] [1729090557.179822729] [ccr_centralized_planner]: Received state 44 from robotA
[ccr_centralized_planner-15] [INFO] [1729090557.378163096] [ccr_centralized_planner]: 
[ccr_centralized_planner-15] 
[ccr_centralized_planner-15]  did not replan 
[ccr_centralized_planner-15] 
[ccr_centralized_planner-15] [INFO] [1729090557.378905756] [ccr_centralized_planner]: Sent plan [44, 45, 56, 55, 39, 53, 51, 32, 35, 10, 9] to robotA
[ccr_local_planner-14] [INFO] [1729090557.380255502] [robotA.ccr_local_planner]: new state 45
[ccr_centralized_planner-15] [INFO] [1729090557.380331114] [ccr_centralized_planner]: Received state 45 from robotA
[ccr_centralized_planner-15] [INFO] [1729090557.578442332] [ccr_centralized_planner]: 
[ccr_centralized_planner-15] 
[ccr_centralized_planner-15]  did not replan 
[ccr_centralized_planner-15] 
[ccr_centralized_planner-15] [INFO] [1729090557.579208395] [ccr_centralized_planner]: Sent plan [45, 56, 55, 39, 53, 51, 32, 35, 10, 9] to robotA
[ccr_centralized_planner-15] [INFO] [1729090557.580628673] [ccr_centralized_planner]: Received state 45 from robotA
[ccr_local_planner-14] [INFO] [1729090557.613402273] [robotA.ccr_local_planner]: new plan: [45, 56, 55], remainder: [39, 53, 51, 32, 35, 10, 9]
[ccr_centralized_planner-15] [INFO] [1729090557.779086360] [ccr_centralized_planner]: 
[ccr_centralized_planner-15] 
[ccr_centralized_planner-15]  did not replan 
[ccr_centralized_planner-15] 
[ccr_centralized_planner-15] [INFO] [1729090557.779847194] [ccr_centralized_planner]: Sent plan [45, 56, 55, 39, 53, 51, 32, 35, 10, 9] to robotA
[ccr_centralized_planner-15] [INFO] [1729090557.781199164] [ccr_centralized_planner]: Received state 45 from robotA
[ccr_centralized_planner-15] [INFO] [1729090557.979366618] [ccr_centralized_planner]: 
[ccr_centralized_planner-15] 
[ccr_centralized_planner-15]  did not replan 
[ccr_centralized_planner-15] 
[ccr_centralized_planner-15] [INFO] [1729090557.980054044] [ccr_centralized_planner]: Sent plan [45, 56, 55, 39, 53, 51, 32, 35, 10, 9] to robotA
[ccr_local_planner-14] [INFO] [1729090557.981001978] [robotA.ccr_local_planner]: new state 56
[ccr_centralized_planner-15] [INFO] [1729090557.981128905] [ccr_centralized_planner]: Received state 56 from robotA
[ccr_centralized_planner-15] [INFO] [1729090558.179777500] [ccr_centralized_planner]: 
[ccr_centralized_planner-15] 
[ccr_centralized_planner-15]  did not replan 
[ccr_centralized_planner-15] 
[ccr_centralized_planner-15] [INFO] [1729090558.180486537] [ccr_centralized_planner]: Sent plan [56, 55, 39, 53, 51, 32, 35, 10, 9] to robotA
[ccr_centralized_planner-15] [INFO] [1729090558.181280993] [ccr_centralized_planner]: Received state 56 from robotA
[ccr_local_planner-14] [INFO] [1729090558.201026423] [robotA.ccr_local_planner]: new plan: [56, 55, 39], remainder: [53, 51, 32, 35, 10, 9]
[ccr_centralized_planner-15] [INFO] [1729090558.380379640] [ccr_centralized_planner]: 
[ccr_centralized_planner-15] 
[ccr_centralized_planner-15]  did not replan 
[ccr_centralized_planner-15] 
[ccr_centralized_planner-15] [INFO] [1729090558.381195967] [ccr_centralized_planner]: Sent plan [56, 55, 39, 53, 51, 32, 35, 10, 9] to robotA
[ccr_centralized_planner-15] [INFO] [1729090558.382808795] [ccr_centralized_planner]: Received state 56 from robotA
[ccr_centralized_planner-15] [INFO] [1729090558.580647174] [ccr_centralized_planner]: 
[ccr_centralized_planner-15] 
[ccr_centralized_planner-15]  did not replan 
[ccr_centralized_planner-15] 
[ccr_centralized_planner-15] [INFO] [1729090558.581384263] [ccr_centralized_planner]: Sent plan [56, 55, 39, 53, 51, 32, 35, 10, 9] to robotA
[ccr_centralized_planner-15] [INFO] [1729090558.582230036] [ccr_centralized_planner]: Received state 56 from robotA
[command_node-3] [INFO] [1729090558.781347257] [command_node]: robotA: running
[ccr_centralized_planner-15] [INFO] [1729090558.781614688] [ccr_centralized_planner]: 
[ccr_centralized_planner-15] 
[ccr_centralized_planner-15]  did not replan 
[ccr_centralized_planner-15] 
[ccr_centralized_planner-15] [INFO] [1729090558.782346297] [ccr_centralized_planner]: Sent plan [56, 55, 39, 53, 51, 32, 35, 10, 9] to robotA
[ccr_centralized_planner-15] [INFO] [1729090558.783712774] [ccr_centralized_planner]: Received state 56 from robotA
[ccr_centralized_planner-15] [INFO] [1729090558.981479348] [ccr_centralized_planner]: 
[ccr_centralized_planner-15] 
[ccr_centralized_planner-15]  did not replan 
[ccr_centralized_planner-15] 
[ccr_centralized_planner-15] [INFO] [1729090558.982298921] [ccr_centralized_planner]: Sent plan [56, 55, 39, 53, 51, 32, 35, 10, 9] to robotA
[ccr_centralized_planner-15] [INFO] [1729090558.987737087] [ccr_centralized_planner]: Received state 56 from robotA
[ccr_centralized_planner-15] [INFO] [1729090559.181662263] [ccr_centralized_planner]: 
[ccr_centralized_planner-15] 
[ccr_centralized_planner-15]  did not replan 
[ccr_centralized_planner-15] 
[ccr_centralized_planner-15] [INFO] [1729090559.182463001] [ccr_centralized_planner]: Sent plan [56, 55, 39, 53, 51, 32, 35, 10, 9] to robotA
[ccr_centralized_planner-15] [INFO] [1729090559.192290612] [ccr_centralized_planner]: Received state 56 from robotA
[ccr_centralized_planner-15] [INFO] [1729090559.381895943] [ccr_centralized_planner]: 
[ccr_centralized_planner-15] 
[ccr_centralized_planner-15]  did not replan 
[ccr_centralized_planner-15] 
[ccr_centralized_planner-15] [INFO] [1729090559.382627913] [ccr_centralized_planner]: Sent plan [56, 55, 39, 53, 51, 32, 35, 10, 9] to robotA
[ccr_centralized_planner-15] [INFO] [1729090559.384901899] [ccr_centralized_planner]: Received state 56 from robotA
[ccr_centralized_planner-15] [INFO] [1729090559.582305943] [ccr_centralized_planner]: 
[ccr_centralized_planner-15] 
[ccr_centralized_planner-15]  did not replan 
[ccr_centralized_planner-15] 
[ccr_centralized_planner-15] [INFO] [1729090559.583042522] [ccr_centralized_planner]: Sent plan [56, 55, 39, 53, 51, 32, 35, 10, 9] to robotA
[ccr_centralized_planner-15] [INFO] [1729090559.586691621] [ccr_centralized_planner]: Received state 56 from robotA
[ccr_centralized_planner-15] [INFO] [1729090559.782468711] [ccr_centralized_planner]: 
[ccr_centralized_planner-15] 
[ccr_centralized_planner-15]  did not replan 
[ccr_centralized_planner-15] 
[ccr_centralized_planner-15] [INFO] [1729090559.783198206] [ccr_centralized_planner]: Sent plan [56, 55, 39, 53, 51, 32, 35, 10, 9] to robotA
[ccr_centralized_planner-15] [INFO] [1729090559.884664772] [ccr_centralized_planner]: Received state 56 from robotA
[ccr_centralized_planner-15] [INFO] [1729090559.982635346] [ccr_centralized_planner]: 
[ccr_centralized_planner-15] 
[ccr_centralized_planner-15]  did not replan 
[ccr_centralized_planner-15] 
[ccr_centralized_planner-15] [INFO] [1729090559.983656227] [ccr_centralized_planner]: Sent plan [56, 55, 39, 53, 51, 32, 35, 10, 9] to robotA
[ccr_local_planner-14] [INFO] [1729090560.086693031] [robotA.ccr_local_planner]: new state 55
[ccr_centralized_planner-15] [INFO] [1729090560.087024401] [ccr_centralized_planner]: Received state 55 from robotA
[ccr_centralized_planner-15] [INFO] [1729090560.183284985] [ccr_centralized_planner]: 
[ccr_centralized_planner-15] 
[ccr_centralized_planner-15]  did not replan 
[ccr_centralized_planner-15] 
[ccr_centralized_planner-15] [INFO] [1729090560.184291779] [ccr_centralized_planner]: Sent plan [55, 39, 53, 51, 32, 35, 10, 9] to robotA
[ccr_local_planner-14] [INFO] [1729090560.184731242] [robotA.ccr_local_planner]: new plan: [55, 39, 53], remainder: [51, 32, 35, 10, 9]
[ccr_centralized_planner-15] [INFO] [1729090560.291063042] [ccr_centralized_planner]: Received state 55 from robotA
[ccr_centralized_planner-15] [INFO] [1729090560.383530207] [ccr_centralized_planner]: 
[ccr_centralized_planner-15] 
[ccr_centralized_planner-15]  did not replan 
[ccr_centralized_planner-15] 
[ccr_centralized_planner-15] [INFO] [1729090560.384471158] [ccr_centralized_planner]: Sent plan [55, 39, 53, 51, 32, 35, 10, 9] to robotA
[ccr_centralized_planner-15] [INFO] [1729090560.491075458] [ccr_centralized_planner]: Received state 55 from robotA
[ccr_centralized_planner-15] [INFO] [1729090560.584086271] [ccr_centralized_planner]: 
[ccr_centralized_planner-15] 
[ccr_centralized_planner-15]  did not replan 
[ccr_centralized_planner-15] 
[ccr_centralized_planner-15] [INFO] [1729090560.585007395] [ccr_centralized_planner]: Sent plan [55, 39, 53, 51, 32, 35, 10, 9] to robotA
[ccr_centralized_planner-15] [INFO] [1729090560.686453543] [ccr_centralized_planner]: Received state 55 from robotA
[command_node-3] [INFO] [1729090560.784518323] [command_node]: robotA: running
[ccr_centralized_planner-15] [INFO] [1729090560.784582954] [ccr_centralized_planner]: 
[ccr_centralized_planner-15] 
[ccr_centralized_planner-15]  did not replan 
[ccr_centralized_planner-15] 
[ccr_centralized_planner-15] [INFO] [1729090560.785373573] [ccr_centralized_planner]: Sent plan [55, 39, 53, 51, 32, 35, 10, 9] to robotA
[ccr_centralized_planner-15] [INFO] [1729090560.886819180] [ccr_centralized_planner]: Received state 55 from robotA
[ccr_centralized_planner-15] [INFO] [1729090560.985207736] [ccr_centralized_planner]: 
[ccr_centralized_planner-15] 
[ccr_centralized_planner-15]  did not replan 
[ccr_centralized_planner-15] 
[ccr_centralized_planner-15] [INFO] [1729090560.985970824] [ccr_centralized_planner]: Sent plan [55, 39, 53, 51, 32, 35, 10, 9] to robotA
[ccr_centralized_planner-15] [INFO] [1729090561.086877622] [ccr_centralized_planner]: Received state 55 from robotA
[ccr_centralized_planner-15] [INFO] [1729090561.185459630] [ccr_centralized_planner]: 
[ccr_centralized_planner-15] 
[ccr_centralized_planner-15]  did not replan 
[ccr_centralized_planner-15] 
[ccr_centralized_planner-15] [INFO] [1729090561.186273704] [ccr_centralized_planner]: Sent plan [55, 39, 53, 51, 32, 35, 10, 9] to robotA
[ccr_centralized_planner-15] [INFO] [1729090561.287822784] [ccr_centralized_planner]: Received state 55 from robotA
[ccr_centralized_planner-15] [INFO] [1729090561.485666442] [ccr_centralized_planner]: 
[ccr_centralized_planner-15] 
[ccr_centralized_planner-15]  did not replan 
[ccr_centralized_planner-15] 
[ccr_centralized_planner-15] [INFO] [1729090561.486383414] [ccr_centralized_planner]: Sent plan [55, 39, 53, 51, 32, 35, 10, 9] to robotA
[ccr_centralized_planner-15] [INFO] [1729090561.489356928] [ccr_centralized_planner]: Received state 55 from robotA
[ccr_centralized_planner-15] [INFO] [1729090561.685800456] [ccr_centralized_planner]: 
[ccr_centralized_planner-15] 
[ccr_centralized_planner-15]  did not replan 
[ccr_centralized_planner-15] 
[ccr_centralized_planner-15] [INFO] [1729090561.686559106] [ccr_centralized_planner]: Sent plan [55, 39, 53, 51, 32, 35, 10, 9] to robotA
[ccr_centralized_planner-15] [INFO] [1729090561.687718215] [ccr_centralized_planner]: Received state 55 from robotA
[ccr_centralized_planner-15] [INFO] [1729090561.886124035] [ccr_centralized_planner]: 
[ccr_centralized_planner-15] 
[ccr_centralized_planner-15]  did not replan 
[ccr_centralized_planner-15] 
[ccr_centralized_planner-15] [INFO] [1729090561.886818074] [ccr_centralized_planner]: Sent plan [55, 39, 53, 51, 32, 35, 10, 9] to robotA
[ccr_centralized_planner-15] [INFO] [1729090561.887852820] [ccr_centralized_planner]: Received state 55 from robotA
[ccr_centralized_planner-15] [INFO] [1729090562.086594539] [ccr_centralized_planner]: 
[ccr_centralized_planner-15] 
[ccr_centralized_planner-15]  did not replan 
[ccr_centralized_planner-15] 
[ccr_centralized_planner-15] [INFO] [1729090562.087270944] [ccr_centralized_planner]: Sent plan [55, 39, 53, 51, 32, 35, 10, 9] to robotA
[ccr_centralized_planner-15] [INFO] [1729090562.089215884] [ccr_centralized_planner]: Received state 55 from robotA
[ccr_centralized_planner-15] [INFO] [1729090562.287272771] [ccr_centralized_planner]: 
[ccr_centralized_planner-15] 
[ccr_centralized_planner-15]  did not replan 
[ccr_centralized_planner-15] 
[ccr_centralized_planner-15] [INFO] [1729090562.288079400] [ccr_centralized_planner]: Sent plan [55, 39, 53, 51, 32, 35, 10, 9] to robotA
[ccr_centralized_planner-15] [INFO] [1729090562.289074352] [ccr_centralized_planner]: Received state 55 from robotA
[ccr_centralized_planner-15] [INFO] [1729090562.487972964] [ccr_centralized_planner]: 
[ccr_centralized_planner-15] 
[ccr_centralized_planner-15]  did not replan 
[ccr_centralized_planner-15] 
[ccr_centralized_planner-15] [INFO] [1729090562.488715464] [ccr_centralized_planner]: Sent plan [55, 39, 53, 51, 32, 35, 10, 9] to robotA
[ccr_centralized_planner-15] [INFO] [1729090562.489525199] [ccr_centralized_planner]: Received state 55 from robotA
[ccr_centralized_planner-15] [INFO] [1729090562.688365983] [ccr_centralized_planner]: 
[ccr_centralized_planner-15] 
[ccr_centralized_planner-15]  did not replan 
[ccr_centralized_planner-15] 
[ccr_centralized_planner-15] [INFO] [1729090562.689165369] [ccr_centralized_planner]: Sent plan [55, 39, 53, 51, 32, 35, 10, 9] to robotA
[ccr_centralized_planner-15] [INFO] [1729090562.690706613] [ccr_centralized_planner]: Received state 55 from robotA
[ccr_centralized_planner-15] [INFO] [1729090562.889399660] [ccr_centralized_planner]: 
[ccr_centralized_planner-15] 
[ccr_centralized_planner-15]  did not replan 
[ccr_centralized_planner-15] 
[command_node-3] [INFO] [1729090562.889492784] [command_node]: robotA: running
[ccr_centralized_planner-15] [INFO] [1729090562.890523363] [ccr_centralized_planner]: Sent plan [55, 39, 53, 51, 32, 35, 10, 9] to robotA
[ccr_local_planner-14] [INFO] [1729090562.892908837] [robotA.ccr_local_planner]: new state 39
[ccr_centralized_planner-15] [INFO] [1729090562.893322542] [ccr_centralized_planner]: Received state 39 from robotA
[ccr_centralized_planner-15] [INFO] [1729090563.089442143] [ccr_centralized_planner]: 
[ccr_centralized_planner-15] 
[ccr_centralized_planner-15]  did not replan 
[ccr_centralized_planner-15] 
[ccr_centralized_planner-15] [INFO] [1729090563.090092069] [ccr_centralized_planner]: Sent plan [39, 53, 51, 32, 35, 10, 9] to robotA
[ccr_local_planner-14] [INFO] [1729090563.094475993] [robotA.ccr_local_planner]: new plan: [39, 53, 51], remainder: [32, 35, 10, 9]
[ccr_centralized_planner-15] [INFO] [1729090563.108663973] [ccr_centralized_planner]: Received state 39 from robotA
[ccr_centralized_planner-15] [INFO] [1729090563.289525442] [ccr_centralized_planner]: 
[ccr_centralized_planner-15] 
[ccr_centralized_planner-15]  did not replan 
[ccr_centralized_planner-15] 
[ccr_centralized_planner-15] [INFO] [1729090563.290206236] [ccr_centralized_planner]: Sent plan [39, 53, 51, 32, 35, 10, 9] to robotA
[ccr_centralized_planner-15] [INFO] [1729090563.292007887] [ccr_centralized_planner]: Received state 39 from robotA
[ccr_centralized_planner-15] [INFO] [1729090563.490322156] [ccr_centralized_planner]: 
[ccr_centralized_planner-15] 
[ccr_centralized_planner-15]  did not replan 
[ccr_centralized_planner-15] 
[ccr_centralized_planner-15] [INFO] [1729090563.491113587] [ccr_centralized_planner]: Sent plan [39, 53, 51, 32, 35, 10, 9] to robotA
[ccr_centralized_planner-15] [INFO] [1729090563.492199649] [ccr_centralized_planner]: Received state 39 from robotA
[ccr_centralized_planner-15] [INFO] [1729090563.690608856] [ccr_centralized_planner]: 
[ccr_centralized_planner-15] 
[ccr_centralized_planner-15]  did not replan 
[ccr_centralized_planner-15] 
[ccr_centralized_planner-15] [INFO] [1729090563.691394696] [ccr_centralized_planner]: Sent plan [39, 53, 51, 32, 35, 10, 9] to robotA
[ccr_local_planner-14] [INFO] [1729090563.692178333] [robotA.ccr_local_planner]: new state 53
[ccr_centralized_planner-15] [INFO] [1729090563.692315319] [ccr_centralized_planner]: Received state 53 from robotA
[ccr_centralized_planner-15] [INFO] [1729090563.890620210] [ccr_centralized_planner]: 
[ccr_centralized_planner-15] 
[ccr_centralized_planner-15]  did not replan 
[ccr_centralized_planner-15] 
[ccr_centralized_planner-15] [INFO] [1729090563.891310532] [ccr_centralized_planner]: Sent plan [53, 51, 32, 35, 10, 9] to robotA
[ccr_centralized_planner-15] [INFO] [1729090563.892552155] [ccr_centralized_planner]: Received state 53 from robotA
[ccr_local_planner-14] [INFO] [1729090563.911931841] [robotA.ccr_local_planner]: new plan: [53, 51, 32], remainder: [35, 10, 9]
[ccr_centralized_planner-15] [INFO] [1729090564.091246305] [ccr_centralized_planner]: 
[ccr_centralized_planner-15] 
[ccr_centralized_planner-15]  did not replan 
[ccr_centralized_planner-15] 
[ccr_centralized_planner-15] [INFO] [1729090564.092020684] [ccr_centralized_planner]: Sent plan [53, 51, 32, 35, 10, 9] to robotA
[ccr_centralized_planner-15] [INFO] [1729090564.093132064] [ccr_centralized_planner]: Received state 53 from robotA
[ccr_centralized_planner-15] [INFO] [1729090564.291512096] [ccr_centralized_planner]: 
[ccr_centralized_planner-15] 
[ccr_centralized_planner-15]  did not replan 
[ccr_centralized_planner-15] 
[ccr_centralized_planner-15] [INFO] [1729090564.292242813] [ccr_centralized_planner]: Sent plan [53, 51, 32, 35, 10, 9] to robotA
[ccr_centralized_planner-15] [INFO] [1729090564.293352470] [ccr_centralized_planner]: Received state 53 from robotA
[ccr_centralized_planner-15] [INFO] [1729090564.491694210] [ccr_centralized_planner]: 
[ccr_centralized_planner-15] 
[ccr_centralized_planner-15]  did not replan 
[ccr_centralized_planner-15] 
[ccr_centralized_planner-15] [INFO] [1729090564.492387778] [ccr_centralized_planner]: Sent plan [53, 51, 32, 35, 10, 9] to robotA
[ccr_centralized_planner-15] [INFO] [1729090564.493171164] [ccr_centralized_planner]: Received state 53 from robotA
[ccr_centralized_planner-15] [INFO] [1729090564.692092047] [ccr_centralized_planner]: 
[ccr_centralized_planner-15] 
[ccr_centralized_planner-15]  did not replan 
[ccr_centralized_planner-15] 
[ccr_centralized_planner-15] [INFO] [1729090564.692830178] [ccr_centralized_planner]: Sent plan [53, 51, 32, 35, 10, 9] to robotA
[ccr_centralized_planner-15] [INFO] [1729090564.693654801] [ccr_centralized_planner]: Received state 53 from robotA
[ccr_centralized_planner-15] [INFO] [1729090564.892743419] [ccr_centralized_planner]: 
[ccr_centralized_planner-15] 
[ccr_centralized_planner-15]  did not replan 
[ccr_centralized_planner-15] 
[command_node-3] [INFO] [1729090564.893208790] [command_node]: robotA: running
[ccr_centralized_planner-15] [INFO] [1729090564.893409926] [ccr_centralized_planner]: Sent plan [53, 51, 32, 35, 10, 9] to robotA
[ccr_centralized_planner-15] [INFO] [1729090564.898622611] [ccr_centralized_planner]: Received state 53 from robotA
[ccr_centralized_planner-15] [INFO] [1729090565.093161605] [ccr_centralized_planner]: 
[ccr_centralized_planner-15] 
[ccr_centralized_planner-15]  did not replan 
[ccr_centralized_planner-15] 
[ccr_centralized_planner-15] [INFO] [1729090565.093839654] [ccr_centralized_planner]: Sent plan [53, 51, 32, 35, 10, 9] to robotA
[ccr_centralized_planner-15] [INFO] [1729090565.102396517] [ccr_centralized_planner]: Received state 53 from robotA
[ccr_centralized_planner-15] [INFO] [1729090565.293975351] [ccr_centralized_planner]: 
[ccr_centralized_planner-15] 
[ccr_centralized_planner-15]  did not replan 
[ccr_centralized_planner-15] 
[ccr_centralized_planner-15] [INFO] [1729090565.294967427] [ccr_centralized_planner]: Sent plan [53, 51, 32, 35, 10, 9] to robotA
[ccr_centralized_planner-15] [INFO] [1729090565.296776202] [ccr_centralized_planner]: Received state 53 from robotA
[ccr_centralized_planner-15] [INFO] [1729090565.494013515] [ccr_centralized_planner]: 
[ccr_centralized_planner-15] 
[ccr_centralized_planner-15]  did not replan 
[ccr_centralized_planner-15] 
[ccr_centralized_planner-15] [INFO] [1729090565.494737971] [ccr_centralized_planner]: Sent plan [53, 51, 32, 35, 10, 9] to robotA
[ccr_centralized_planner-15] [INFO] [1729090565.496532299] [ccr_centralized_planner]: Received state 53 from robotA
[ccr_centralized_planner-15] [INFO] [1729090565.694433014] [ccr_centralized_planner]: 
[ccr_centralized_planner-15] 
[ccr_centralized_planner-15]  did not replan 
[ccr_centralized_planner-15] 
[ccr_centralized_planner-15] [INFO] [1729090565.695145978] [ccr_centralized_planner]: Sent plan [53, 51, 32, 35, 10, 9] to robotA
[ccr_centralized_planner-15] [INFO] [1729090565.796323273] [ccr_centralized_planner]: Received state 53 from robotA
[ccr_centralized_planner-15] [INFO] [1729090565.894625297] [ccr_centralized_planner]: 
[ccr_centralized_planner-15] 
[ccr_centralized_planner-15]  did not replan 
[ccr_centralized_planner-15] 
[ccr_centralized_planner-15] [INFO] [1729090565.895351085] [ccr_centralized_planner]: Sent plan [53, 51, 32, 35, 10, 9] to robotA
[ccr_centralized_planner-15] [INFO] [1729090565.999373764] [ccr_centralized_planner]: Received state 53 from robotA
[ccr_centralized_planner-15] [INFO] [1729090566.095323837] [ccr_centralized_planner]: 
[ccr_centralized_planner-15] 
[ccr_centralized_planner-15]  did not replan 
[ccr_centralized_planner-15] 
[ccr_centralized_planner-15] [INFO] [1729090566.096058462] [ccr_centralized_planner]: Sent plan [53, 51, 32, 35, 10, 9] to robotA
[ccr_local_planner-14] [INFO] [1729090566.202370064] [robotA.ccr_local_planner]: new state 51
[ccr_centralized_planner-15] [INFO] [1729090566.202603000] [ccr_centralized_planner]: Received state 51 from robotA
[ccr_centralized_planner-15] [INFO] [1729090566.295496263] [ccr_centralized_planner]: 
[ccr_centralized_planner-15] 
[ccr_centralized_planner-15]  did not replan 
[ccr_centralized_planner-15] 
[ccr_centralized_planner-15] [INFO] [1729090566.296184802] [ccr_centralized_planner]: Sent plan [51, 32, 35, 10, 9] to robotA
[ccr_local_planner-14] [INFO] [1729090566.297111185] [robotA.ccr_local_planner]: new plan: [51, 32, 35], remainder: [10, 9]
[ccr_centralized_planner-15] [INFO] [1729090566.405690030] [ccr_centralized_planner]: Received state 51 from robotA
[ccr_centralized_planner-15] [INFO] [1729090566.495763496] [ccr_centralized_planner]: 
[ccr_centralized_planner-15] 
[ccr_centralized_planner-15]  did not replan 
[ccr_centralized_planner-15] 
[ccr_centralized_planner-15] [INFO] [1729090566.496373798] [ccr_centralized_planner]: Sent plan [51, 32, 35, 10, 9] to robotA
[ccr_centralized_planner-15] [INFO] [1729090566.598625914] [ccr_centralized_planner]: Received state 51 from robotA
[ccr_centralized_planner-15] [INFO] [1729090566.696869348] [ccr_centralized_planner]: 
[ccr_centralized_planner-15] 
[ccr_centralized_planner-15]  did not replan 
[ccr_centralized_planner-15] 
[ccr_centralized_planner-15] [INFO] [1729090566.697951263] [ccr_centralized_planner]: Sent plan [51, 32, 35, 10, 9] to robotA
[ccr_centralized_planner-15] [INFO] [1729090566.799178721] [ccr_centralized_planner]: Received state 51 from robotA
[ccr_centralized_planner-15] [INFO] [1729090566.896724000] [ccr_centralized_planner]: 
[ccr_centralized_planner-15] 
[ccr_centralized_planner-15]  did not replan 
[ccr_centralized_planner-15] 
[command_node-3] [INFO] [1729090566.896829948] [command_node]: robotA: running
[ccr_centralized_planner-15] [INFO] [1729090566.897753957] [ccr_centralized_planner]: Sent plan [51, 32, 35, 10, 9] to robotA
[ccr_centralized_planner-15] [INFO] [1729090566.999413294] [ccr_centralized_planner]: Received state 51 from robotA
[ccr_centralized_planner-15] [INFO] [1729090567.197089629] [ccr_centralized_planner]: 
[ccr_centralized_planner-15] 
[ccr_centralized_planner-15]  did not replan 
[ccr_centralized_planner-15] 
[ccr_centralized_planner-15] [INFO] [1729090567.198110489] [ccr_centralized_planner]: Sent plan [51, 32, 35, 10, 9] to robotA
[ccr_centralized_planner-15] [INFO] [1729090567.199120098] [ccr_centralized_planner]: Received state 51 from robotA
[ccr_centralized_planner-15] [INFO] [1729090567.398289086] [ccr_centralized_planner]: 
[ccr_centralized_planner-15] 
[ccr_centralized_planner-15]  did not replan 
[ccr_centralized_planner-15] 
[ccr_centralized_planner-15] [INFO] [1729090567.399376101] [ccr_centralized_planner]: Sent plan [51, 32, 35, 10, 9] to robotA
[ccr_centralized_planner-15] [INFO] [1729090567.401782634] [ccr_centralized_planner]: Received state 51 from robotA
[ccr_centralized_planner-15] [INFO] [1729090567.598352679] [ccr_centralized_planner]: 
[ccr_centralized_planner-15] 
[ccr_centralized_planner-15]  did not replan 
[ccr_centralized_planner-15] 
[ccr_centralized_planner-15] [INFO] [1729090567.599238316] [ccr_centralized_planner]: Sent plan [51, 32, 35, 10, 9] to robotA
[ccr_centralized_planner-15] [INFO] [1729090567.601148160] [ccr_centralized_planner]: Received state 32 from robotA
[ccr_local_planner-14] [INFO] [1729090567.601149623] [robotA.ccr_local_planner]: new state 32
[ccr_centralized_planner-15] [INFO] [1729090567.798772217] [ccr_centralized_planner]: 
[ccr_centralized_planner-15] 
[ccr_centralized_planner-15]  did not replan 
[ccr_centralized_planner-15] 
[ccr_centralized_planner-15] [INFO] [1729090567.799498977] [ccr_centralized_planner]: Sent plan [32, 35, 10, 9] to robotA
[ccr_centralized_planner-15] [INFO] [1729090567.801204699] [ccr_centralized_planner]: Received state 32 from robotA
[ccr_local_planner-14] [INFO] [1729090567.821840745] [robotA.ccr_local_planner]: new plan: [32, 35, 10], remainder: [9]
[ccr_centralized_planner-15] [INFO] [1729090567.999080757] [ccr_centralized_planner]: 
[ccr_centralized_planner-15] 
[ccr_centralized_planner-15]  did not replan 
[ccr_centralized_planner-15] 
[ccr_centralized_planner-15] [INFO] [1729090567.999873641] [ccr_centralized_planner]: Sent plan [32, 35, 10, 9] to robotA
[ccr_centralized_planner-15] [INFO] [1729090568.003198082] [ccr_centralized_planner]: Received state 32 from robotA
[ccr_centralized_planner-15] [INFO] [1729090568.199293870] [ccr_centralized_planner]: 
[ccr_centralized_planner-15] 
[ccr_centralized_planner-15]  did not replan 
[ccr_centralized_planner-15] 
[ccr_centralized_planner-15] [INFO] [1729090568.200129033] [ccr_centralized_planner]: Sent plan [32, 35, 10, 9] to robotA
[ccr_centralized_planner-15] [INFO] [1729090568.202108437] [ccr_centralized_planner]: Received state 32 from robotA
[ccr_centralized_planner-15] [INFO] [1729090568.400755016] [ccr_centralized_planner]: 
[ccr_centralized_planner-15] 
[ccr_centralized_planner-15]  did not replan 
[ccr_centralized_planner-15] 
[ccr_centralized_planner-15] [INFO] [1729090568.402016147] [ccr_centralized_planner]: Sent plan [32, 35, 10, 9] to robotA
[ccr_centralized_planner-15] [INFO] [1729090568.403630147] [ccr_centralized_planner]: Received state 32 from robotA
[ccr_centralized_planner-15] [INFO] [1729090568.600478031] [ccr_centralized_planner]: 
[ccr_centralized_planner-15] 
[ccr_centralized_planner-15]  did not replan 
[ccr_centralized_planner-15] 
[ccr_centralized_planner-15] [INFO] [1729090568.601278540] [ccr_centralized_planner]: Sent plan [32, 35, 10, 9] to robotA
[ccr_centralized_planner-15] [INFO] [1729090568.606844325] [ccr_centralized_planner]: Received state 32 from robotA
[ccr_centralized_planner-15] [INFO] [1729090568.800913349] [ccr_centralized_planner]: 
[ccr_centralized_planner-15] 
[ccr_centralized_planner-15]  did not replan 
[ccr_centralized_planner-15] 
[ccr_centralized_planner-15] [INFO] [1729090568.801808033] [ccr_centralized_planner]: Sent plan [32, 35, 10, 9] to robotA
[ccr_centralized_planner-15] [INFO] [1729090568.802785613] [ccr_centralized_planner]: Received state 32 from robotA
[command_node-3] [INFO] [1729090569.000993633] [command_node]: robotA: running
[ccr_centralized_planner-15] [INFO] [1729090569.001332797] [ccr_centralized_planner]: 
[ccr_centralized_planner-15] 
[ccr_centralized_planner-15]  did not replan 
[ccr_centralized_planner-15] 
[ccr_centralized_planner-15] [INFO] [1729090569.002162229] [ccr_centralized_planner]: Sent plan [32, 35, 10, 9] to robotA
[ccr_centralized_planner-15] [INFO] [1729090569.004014395] [ccr_centralized_planner]: Received state 32 from robotA
[ccr_centralized_planner-15] [INFO] [1729090569.201654773] [ccr_centralized_planner]: 
[ccr_centralized_planner-15] 
[ccr_centralized_planner-15]  did not replan 
[ccr_centralized_planner-15] 
[ccr_centralized_planner-15] [INFO] [1729090569.202461803] [ccr_centralized_planner]: Sent plan [32, 35, 10, 9] to robotA
[ccr_centralized_planner-15] [INFO] [1729090569.203738492] [ccr_centralized_planner]: Received state 35 from robotA
[ccr_local_planner-14] [INFO] [1729090569.203770312] [robotA.ccr_local_planner]: new state 35
[ccr_centralized_planner-15] [INFO] [1729090569.401942034] [ccr_centralized_planner]: 
[ccr_centralized_planner-15] 
[ccr_centralized_planner-15]  did not replan 
[ccr_centralized_planner-15] 
[ccr_centralized_planner-15] [INFO] [1729090569.402740979] [ccr_centralized_planner]: Sent plan [35, 10, 9] to robotA
[ccr_centralized_planner-15] [INFO] [1729090569.405002411] [ccr_centralized_planner]: Received state 35 from robotA
[ccr_local_planner-14] [INFO] [1729090569.429200623] [robotA.ccr_local_planner]: new plan: [35, 10, 9]
[ccr_centralized_planner-15] [INFO] [1729090569.602229906] [ccr_centralized_planner]: 
[ccr_centralized_planner-15] 
[ccr_centralized_planner-15]  did not replan 
[ccr_centralized_planner-15] 
[ccr_centralized_planner-15] [INFO] [1729090569.602959591] [ccr_centralized_planner]: Sent plan [35, 10, 9] to robotA
[ccr_centralized_planner-15] [INFO] [1729090569.604958963] [ccr_centralized_planner]: Received state 35 from robotA
[ccr_centralized_planner-15] [INFO] [1729090569.802600542] [ccr_centralized_planner]: 
[ccr_centralized_planner-15] 
[ccr_centralized_planner-15]  did not replan 
[ccr_centralized_planner-15] 
[ccr_centralized_planner-15] [INFO] [1729090569.803293840] [ccr_centralized_planner]: Sent plan [35, 10, 9] to robotA
[ccr_centralized_planner-15] [INFO] [1729090569.804837338] [ccr_centralized_planner]: Received state 35 from robotA
[ccr_centralized_planner-15] [INFO] [1729090570.003126069] [ccr_centralized_planner]: 
[ccr_centralized_planner-15] 
[ccr_centralized_planner-15]  did not replan 
[ccr_centralized_planner-15] 
[ccr_centralized_planner-15] [INFO] [1729090570.003837130] [ccr_centralized_planner]: Sent plan [35, 10, 9] to robotA
[ccr_centralized_planner-15] [INFO] [1729090570.004664027] [ccr_centralized_planner]: Received state 35 from robotA
[ccr_centralized_planner-15] [INFO] [1729090570.203648309] [ccr_centralized_planner]: 
[ccr_centralized_planner-15] 
[ccr_centralized_planner-15]  did not replan 
[ccr_centralized_planner-15] 
[ccr_centralized_planner-15] [INFO] [1729090570.204473784] [ccr_centralized_planner]: Sent plan [35, 10, 9] to robotA
[ccr_centralized_planner-15] [INFO] [1729090570.206404126] [ccr_centralized_planner]: Received state 35 from robotA
[ccr_centralized_planner-15] [INFO] [1729090570.404597609] [ccr_centralized_planner]: 
[ccr_centralized_planner-15] 
[ccr_centralized_planner-15]  did not replan 
[ccr_centralized_planner-15] 
[ccr_centralized_planner-15] [INFO] [1729090570.405731942] [ccr_centralized_planner]: Sent plan [35, 10, 9] to robotA
[ccr_centralized_planner-15] [INFO] [1729090570.406995066] [ccr_centralized_planner]: Received state 35 from robotA
[ccr_centralized_planner-15] [INFO] [1729090570.604591481] [ccr_centralized_planner]: 
[ccr_centralized_planner-15] 
[ccr_centralized_planner-15]  did not replan 
[ccr_centralized_planner-15] 
[ccr_centralized_planner-15] [INFO] [1729090570.605575502] [ccr_centralized_planner]: Sent plan [35, 10, 9] to robotA
[ccr_centralized_planner-15] [INFO] [1729090570.610130035] [ccr_centralized_planner]: Received state 35 from robotA
[ccr_centralized_planner-15] [INFO] [1729090570.804935347] [ccr_centralized_planner]: 
[ccr_centralized_planner-15] 
[ccr_centralized_planner-15]  did not replan 
[ccr_centralized_planner-15] 
[ccr_centralized_planner-15] [INFO] [1729090570.805650415] [ccr_centralized_planner]: Sent plan [35, 10, 9] to robotA
[ccr_local_planner-14] [INFO] [1729090570.814276819] [robotA.ccr_local_planner]: new state 10
[ccr_centralized_planner-15] [INFO] [1729090570.814507360] [ccr_centralized_planner]: Received state 10 from robotA
[command_node-3] [INFO] [1729090571.006095602] [command_node]: robotA: running
[ccr_centralized_planner-15] [INFO] [1729090571.006385484] [ccr_centralized_planner]: 
[ccr_centralized_planner-15] 
[ccr_centralized_planner-15]  did not replan 
[ccr_centralized_planner-15] 
[ccr_centralized_planner-15] [INFO] [1729090571.007696357] [ccr_centralized_planner]: Sent plan [10, 9] to robotA
[ccr_centralized_planner-15] [INFO] [1729090571.009849276] [ccr_centralized_planner]: Received state 10 from robotA
[ccr_local_planner-14] [INFO] [1729090571.034453118] [robotA.ccr_local_planner]: new plan: [10, 9]
[ccr_centralized_planner-15] [INFO] [1729090571.206247610] [ccr_centralized_planner]: 
[ccr_centralized_planner-15] 
[ccr_centralized_planner-15]  did not replan 
[ccr_centralized_planner-15] 
[ccr_centralized_planner-15] [INFO] [1729090571.207053137] [ccr_centralized_planner]: Sent plan [10, 9] to robotA
[ccr_centralized_planner-15] [INFO] [1729090571.208817899] [ccr_centralized_planner]: Received state 10 from robotA
[ccr_centralized_planner-15] [INFO] [1729090571.407116098] [ccr_centralized_planner]: 
[ccr_centralized_planner-15] 
[ccr_centralized_planner-15]  did not replan 
[ccr_centralized_planner-15] 
[ccr_centralized_planner-15] [INFO] [1729090571.407952563] [ccr_centralized_planner]: Sent plan [10, 9] to robotA
[ccr_centralized_planner-15] [INFO] [1729090571.509035992] [ccr_centralized_planner]: Received state 10 from robotA
[ccr_centralized_planner-15] [INFO] [1729090571.607635674] [ccr_centralized_planner]: 
[ccr_centralized_planner-15] 
[ccr_centralized_planner-15]  did not replan 
[ccr_centralized_planner-15] 
[ccr_centralized_planner-15] [INFO] [1729090571.608716286] [ccr_centralized_planner]: Sent plan [10, 9] to robotA
[ccr_centralized_planner-15] [INFO] [1729090571.712663974] [ccr_centralized_planner]: Received state 10 from robotA
[ccr_centralized_planner-15] [INFO] [1729090571.807514059] [ccr_centralized_planner]: 
[ccr_centralized_planner-15] 
[ccr_centralized_planner-15]  did not replan 
[ccr_centralized_planner-15] 
[ccr_centralized_planner-15] [INFO] [1729090571.808195224] [ccr_centralized_planner]: Sent plan [10, 9] to robotA
[ccr_centralized_planner-15] [INFO] [1729090571.916351849] [ccr_centralized_planner]: Received state 10 from robotA
[ccr_centralized_planner-15] [INFO] [1729090572.007871340] [ccr_centralized_planner]: 
[ccr_centralized_planner-15] 
[ccr_centralized_planner-15]  did not replan 
[ccr_centralized_planner-15] 
[ccr_centralized_planner-15] [INFO] [1729090572.008568415] [ccr_centralized_planner]: Sent plan [10, 9] to robotA
[ccr_centralized_planner-15] [INFO] [1729090572.110464745] [ccr_centralized_planner]: Received state 10 from robotA
[ccr_centralized_planner-15] [INFO] [1729090572.208407006] [ccr_centralized_planner]: 
[ccr_centralized_planner-15] 
[ccr_centralized_planner-15]  did not replan 
[ccr_centralized_planner-15] 
[ccr_centralized_planner-15] [INFO] [1729090572.209255905] [ccr_centralized_planner]: Sent plan [10, 9] to robotA
[ccr_local_planner-14] [INFO] [1729090572.311253084] [robotA.ccr_local_planner]: new state 9
[ccr_goal_provider-12] [INFO] [1729090572.311336981] [ccr_goal_provider]: [32mgoal completed:[0m robotA reached goal 9, going to goal 1 within state 1
[ccr_centralized_planner-15] [INFO] [1729090572.311589874] [ccr_centralized_planner]: Received state 9 from robotA
[ccr_centralized_planner-15] [INFO] [1729090572.408874774] [ccr_centralized_planner]: 
[ccr_centralized_planner-15] 
[ccr_centralized_planner-15]  did not replan 
[ccr_centralized_planner-15] 
[ccr_local_planner-14] [INFO] [1729090572.409544307] [robotA.ccr_local_planner]: new plan: [9]
[ccr_centralized_planner-15] [INFO] [1729090572.409597397] [ccr_centralized_planner]: Sent plan [9] to robotA
[ccr_centralized_planner-15] [INFO] [1729090572.410394047] [ccr_centralized_planner]: Received goal 1 from robotA
[ccr_centralized_planner-15] [INFO] [1729090572.511682360] [ccr_centralized_planner]: Received state 9 from robotA
[ccr_centralized_planner-15] [INFO] [1729090572.609719278] [ccr_centralized_planner]: 
[ccr_centralized_planner-15] 
[ccr_centralized_planner-15]  replaned due to new goal
[ccr_centralized_planner-15] 
[ccr_centralized_planner-15] [INFO] [1729090572.632999684] [ccr_centralized_planner]: Sent plan [9, 11, 35, 50, 51, 53, 39, 55, 56, 57, 5, 1] to robotA
[ccr_local_planner-14] [INFO] [1729090572.633689554] [robotA.ccr_local_planner]: new plan: [9, 11, 35], remainder: [50, 51, 53, 39, 55, 56, 57, 5, 1]
[ccr_centralized_planner-15] [INFO] [1729090572.712134760] [ccr_centralized_planner]: Received state 9 from robotA
[ccr_centralized_planner-15] [INFO] [1729090572.910157804] [ccr_centralized_planner]: 
[ccr_centralized_planner-15] 
[ccr_centralized_planner-15]  did not replan 
[ccr_centralized_planner-15] 
[ccr_centralized_planner-15] [INFO] [1729090572.910912566] [ccr_centralized_planner]: Sent plan [9, 11, 35, 50, 51, 53, 39, 55, 56, 57, 5, 1] to robotA
[ccr_centralized_planner-15] [INFO] [1729090572.912954557] [ccr_centralized_planner]: Received state 9 from robotA
[ccr_centralized_planner-15] [INFO] [1729090573.111087136] [ccr_centralized_planner]: 
[ccr_centralized_planner-15] 
[ccr_centralized_planner-15]  did not replan 
[ccr_centralized_planner-15] 
[command_node-3] [INFO] [1729090573.111173718] [command_node]: robotA: running
[ccr_centralized_planner-15] [INFO] [1729090573.111907862] [ccr_centralized_planner]: Sent plan [9, 11, 35, 50, 51, 53, 39, 55, 56, 57, 5, 1] to robotA
[ccr_centralized_planner-15] [INFO] [1729090573.113160926] [ccr_centralized_planner]: Received state 9 from robotA
[ccr_centralized_planner-15] [INFO] [1729090573.311352606] [ccr_centralized_planner]: 
[ccr_centralized_planner-15] 
[ccr_centralized_planner-15]  did not replan 
[ccr_centralized_planner-15] 
[ccr_centralized_planner-15] [INFO] [1729090573.312111005] [ccr_centralized_planner]: Sent plan [9, 11, 35, 50, 51, 53, 39, 55, 56, 57, 5, 1] to robotA
[ccr_centralized_planner-15] [INFO] [1729090573.313248203] [ccr_centralized_planner]: Received state 9 from robotA
[ccr_centralized_planner-15] [INFO] [1729090573.511857303] [ccr_centralized_planner]: 
[ccr_centralized_planner-15] 
[ccr_centralized_planner-15]  did not replan 
[ccr_centralized_planner-15] 
[ccr_centralized_planner-15] [INFO] [1729090573.512619780] [ccr_centralized_planner]: Sent plan [9, 11, 35, 50, 51, 53, 39, 55, 56, 57, 5, 1] to robotA
[ccr_centralized_planner-15] [INFO] [1729090573.513458901] [ccr_centralized_planner]: Received state 9 from robotA
[ccr_centralized_planner-15] [INFO] [1729090573.712129606] [ccr_centralized_planner]: 
[ccr_centralized_planner-15] 
[ccr_centralized_planner-15]  did not replan 
[ccr_centralized_planner-15] 
[ccr_centralized_planner-15] [INFO] [1729090573.712886302] [ccr_centralized_planner]: Sent plan [9, 11, 35, 50, 51, 53, 39, 55, 56, 57, 5, 1] to robotA
[ccr_centralized_planner-15] [INFO] [1729090573.715185124] [ccr_centralized_planner]: Received state 9 from robotA
[ccr_centralized_planner-15] [INFO] [1729090573.912593427] [ccr_centralized_planner]: 
[ccr_centralized_planner-15] 
[ccr_centralized_planner-15]  did not replan 
[ccr_centralized_planner-15] 
[ccr_centralized_planner-15] [INFO] [1729090573.913491608] [ccr_centralized_planner]: Sent plan [9, 11, 35, 50, 51, 53, 39, 55, 56, 57, 5, 1] to robotA
[ccr_centralized_planner-15] [INFO] [1729090573.917981230] [ccr_centralized_planner]: Received state 9 from robotA
[ccr_centralized_planner-15] [INFO] [1729090574.113170350] [ccr_centralized_planner]: 
[ccr_centralized_planner-15] 
[ccr_centralized_planner-15]  did not replan 
[ccr_centralized_planner-15] 
[ccr_centralized_planner-15] [INFO] [1729090574.113983492] [ccr_centralized_planner]: Sent plan [9, 11, 35, 50, 51, 53, 39, 55, 56, 57, 5, 1] to robotA
[ccr_centralized_planner-15] [INFO] [1729090574.121313759] [ccr_centralized_planner]: Received state 9 from robotA
[ccr_centralized_planner-15] [INFO] [1729090574.313819518] [ccr_centralized_planner]: 
[ccr_centralized_planner-15] 
[ccr_centralized_planner-15]  did not replan 
[ccr_centralized_planner-15] 
[ccr_centralized_planner-15] [INFO] [1729090574.314770257] [ccr_centralized_planner]: Sent plan [9, 11, 35, 50, 51, 53, 39, 55, 56, 57, 5, 1] to robotA
[ccr_centralized_planner-15] [INFO] [1729090574.323941850] [ccr_centralized_planner]: Received state 9 from robotA
[ccr_centralized_planner-15] [INFO] [1729090574.514788364] [ccr_centralized_planner]: 
[ccr_centralized_planner-15] 
[ccr_centralized_planner-15]  did not replan 
[ccr_centralized_planner-15] 
[ccr_centralized_planner-15] [INFO] [1729090574.515578683] [ccr_centralized_planner]: Sent plan [9, 11, 35, 50, 51, 53, 39, 55, 56, 57, 5, 1] to robotA
[ccr_centralized_planner-15] [INFO] [1729090574.516994011] [ccr_centralized_planner]: Received state 9 from robotA
[ccr_centralized_planner-15] [INFO] [1729090574.715839494] [ccr_centralized_planner]: 
[ccr_centralized_planner-15] 
[ccr_centralized_planner-15]  did not replan 
[ccr_centralized_planner-15] 
[ccr_centralized_planner-15] [INFO] [1729090574.717012559] [ccr_centralized_planner]: Sent plan [9, 11, 35, 50, 51, 53, 39, 55, 56, 57, 5, 1] to robotA
[ccr_centralized_planner-15] [INFO] [1729090574.718515422] [ccr_centralized_planner]: Received state 9 from robotA
[ccr_centralized_planner-15] [INFO] [1729090574.915856840] [ccr_centralized_planner]: 
[ccr_centralized_planner-15] 
[ccr_centralized_planner-15]  did not replan 
[ccr_centralized_planner-15] 
[ccr_centralized_planner-15] [INFO] [1729090574.916711790] [ccr_centralized_planner]: Sent plan [9, 11, 35, 50, 51, 53, 39, 55, 56, 57, 5, 1] to robotA
[ccr_centralized_planner-15] [INFO] [1729090574.918130595] [ccr_centralized_planner]: Received state 9 from robotA
[ccr_centralized_planner-15] [INFO] [1729090575.116371777] [ccr_centralized_planner]: 
[ccr_centralized_planner-15] 
[ccr_centralized_planner-15]  did not replan 
[ccr_centralized_planner-15] 
[command_node-3] [INFO] [1729090575.116426028] [command_node]: robotA: running
[ccr_centralized_planner-15] [INFO] [1729090575.117437271] [ccr_centralized_planner]: Sent plan [9, 11, 35, 50, 51, 53, 39, 55, 56, 57, 5, 1] to robotA
[ccr_local_planner-14] [INFO] [1729090575.118648908] [robotA.ccr_local_planner]: new state 11
[ccr_centralized_planner-15] [INFO] [1729090575.119073082] [ccr_centralized_planner]: Received state 11 from robotA
[ccr_centralized_planner-15] [INFO] [1729090575.316829346] [ccr_centralized_planner]: 
[ccr_centralized_planner-15] 
[ccr_centralized_planner-15]  did not replan 
[ccr_centralized_planner-15] 
[ccr_centralized_planner-15] [INFO] [1729090575.317885052] [ccr_centralized_planner]: Sent plan [11, 35, 50, 51, 53, 39, 55, 56, 57, 5, 1] to robotA
[ccr_centralized_planner-15] [INFO] [1729090575.320681545] [ccr_centralized_planner]: Received state 11 from robotA
[ccr_local_planner-14] [INFO] [1729090575.346656061] [robotA.ccr_local_planner]: new plan: [11, 35, 50], remainder: [51, 53, 39, 55, 56, 57, 5, 1]
[ccr_centralized_planner-15] [INFO] [1729090575.517112750] [ccr_centralized_planner]: 
[ccr_centralized_planner-15] 
[ccr_centralized_planner-15]  did not replan 
[ccr_centralized_planner-15] 
[ccr_centralized_planner-15] [INFO] [1729090575.518226544] [ccr_centralized_planner]: Sent plan [11, 35, 50, 51, 53, 39, 55, 56, 57, 5, 1] to robotA
[ccr_centralized_planner-15] [INFO] [1729090575.519462978] [ccr_centralized_planner]: Received state 11 from robotA
[ccr_centralized_planner-15] [INFO] [1729090575.717684252] [ccr_centralized_planner]: 
[ccr_centralized_planner-15] 
[ccr_centralized_planner-15]  did not replan 
[ccr_centralized_planner-15] 
[ccr_centralized_planner-15] [INFO] [1729090575.718884769] [ccr_centralized_planner]: Sent plan [11, 35, 50, 51, 53, 39, 55, 56, 57, 5, 1] to robotA
[ccr_centralized_planner-15] [INFO] [1729090575.720091968] [ccr_centralized_planner]: Received state 11 from robotA
[ccr_centralized_planner-15] [INFO] [1729090575.917976462] [ccr_centralized_planner]: 
[ccr_centralized_planner-15] 
[ccr_centralized_planner-15]  did not replan 
[ccr_centralized_planner-15] 
[ccr_centralized_planner-15] [INFO] [1729090575.918712369] [ccr_centralized_planner]: Sent plan [11, 35, 50, 51, 53, 39, 55, 56, 57, 5, 1] to robotA
[ccr_centralized_planner-15] [INFO] [1729090575.919841352] [ccr_centralized_planner]: Received state 11 from robotA
[ccr_centralized_planner-15] [INFO] [1729090576.118553435] [ccr_centralized_planner]: 
[ccr_centralized_planner-15] 
[ccr_centralized_planner-15]  did not replan 
[ccr_centralized_planner-15] 
[ccr_centralized_planner-15] [INFO] [1729090576.119292748] [ccr_centralized_planner]: Sent plan [11, 35, 50, 51, 53, 39, 55, 56, 57, 5, 1] to robotA
[ccr_centralized_planner-15] [INFO] [1729090576.120883154] [ccr_centralized_planner]: Received state 11 from robotA
[ccr_centralized_planner-15] [INFO] [1729090576.319151798] [ccr_centralized_planner]: 
[ccr_centralized_planner-15] 
[ccr_centralized_planner-15]  did not replan 
[ccr_centralized_planner-15] 
[ccr_local_planner-14] [INFO] [1729090576.319420200] [robotA.ccr_local_planner]: new state 35
[ccr_centralized_planner-15] [INFO] [1729090576.320039288] [ccr_centralized_planner]: Sent plan [11, 35, 50, 51, 53, 39, 55, 56, 57, 5, 1] to robotA
[ccr_centralized_planner-15] [INFO] [1729090576.321014614] [ccr_centralized_planner]: Received state 35 from robotA
[ccr_centralized_planner-15] [INFO] [1729090576.519705798] [ccr_centralized_planner]: 
[ccr_centralized_planner-15] 
[ccr_centralized_planner-15]  did not replan 
[ccr_centralized_planner-15] 
[ccr_centralized_planner-15] [INFO] [1729090576.520499393] [ccr_centralized_planner]: Sent plan [35, 50, 51, 53, 39, 55, 56, 57, 5, 1] to robotA
[ccr_local_planner-14] [INFO] [1729090576.521615431] [robotA.ccr_local_planner]: new plan: [35, 50, 51], remainder: [53, 39, 55, 56, 57, 5, 1]
[ccr_centralized_planner-15] [INFO] [1729090576.536377225] [ccr_centralized_planner]: Received state 35 from robotA
[ccr_centralized_planner-15] [INFO] [1729090576.720164319] [ccr_centralized_planner]: 
[ccr_centralized_planner-15] 
[ccr_centralized_planner-15]  did not replan 
[ccr_centralized_planner-15] 
[ccr_centralized_planner-15] [INFO] [1729090576.721006094] [ccr_centralized_planner]: Sent plan [35, 50, 51, 53, 39, 55, 56, 57, 5, 1] to robotA
[ccr_centralized_planner-15] [INFO] [1729090576.724719092] [ccr_centralized_planner]: Received state 35 from robotA
[ccr_centralized_planner-15] [INFO] [1729090576.920187826] [ccr_centralized_planner]: 
[ccr_centralized_planner-15] 
[ccr_centralized_planner-15]  did not replan 
[ccr_centralized_planner-15] 
[ccr_centralized_planner-15] [INFO] [1729090576.921034300] [ccr_centralized_planner]: Sent plan [35, 50, 51, 53, 39, 55, 56, 57, 5, 1] to robotA
[ccr_centralized_planner-15] [INFO] [1729090576.921967547] [ccr_centralized_planner]: Received state 35 from robotA
[command_node-3] [INFO] [1729090577.120693105] [command_node]: robotA: running
[ccr_centralized_planner-15] [INFO] [1729090577.120712762] [ccr_centralized_planner]: 
[ccr_centralized_planner-15] 
[ccr_centralized_planner-15]  did not replan 
[ccr_centralized_planner-15] 
[ccr_centralized_planner-15] [INFO] [1729090577.121667699] [ccr_centralized_planner]: Sent plan [35, 50, 51, 53, 39, 55, 56, 57, 5, 1] to robotA
[ccr_centralized_planner-15] [INFO] [1729090577.122862444] [ccr_centralized_planner]: Received state 35 from robotA
[ccr_centralized_planner-15] [INFO] [1729090577.320615233] [ccr_centralized_planner]: 
[ccr_centralized_planner-15] 
[ccr_centralized_planner-15]  did not replan 
[ccr_centralized_planner-15] 
[ccr_centralized_planner-15] [INFO] [1729090577.321205998] [ccr_centralized_planner]: Sent plan [35, 50, 51, 53, 39, 55, 56, 57, 5, 1] to robotA
[ccr_centralized_planner-15] [INFO] [1729090577.421831490] [ccr_centralized_planner]: Received state 35 from robotA
[ccr_centralized_planner-15] [INFO] [1729090577.521497557] [ccr_centralized_planner]: 
[ccr_centralized_planner-15] 
[ccr_centralized_planner-15]  did not replan 
[ccr_centralized_planner-15] 
[ccr_centralized_planner-15] [INFO] [1729090577.522684448] [ccr_centralized_planner]: Sent plan [35, 50, 51, 53, 39, 55, 56, 57, 5, 1] to robotA
[ccr_centralized_planner-15] [INFO] [1729090577.623697595] [ccr_centralized_planner]: Received state 35 from robotA
[ccr_centralized_planner-15] [INFO] [1729090577.721540891] [ccr_centralized_planner]: 
[ccr_centralized_planner-15] 
[ccr_centralized_planner-15]  did not replan 
[ccr_centralized_planner-15] 
[ccr_centralized_planner-15] [INFO] [1729090577.722328495] [ccr_centralized_planner]: Sent plan [35, 50, 51, 53, 39, 55, 56, 57, 5, 1] to robotA
[ccr_centralized_planner-15] [INFO] [1729090577.826159696] [ccr_centralized_planner]: Received state 35 from robotA
[ccr_centralized_planner-15] [INFO] [1729090577.921675536] [ccr_centralized_planner]: 
[ccr_centralized_planner-15] 
[ccr_centralized_planner-15]  did not replan 
[ccr_centralized_planner-15] 
[ccr_centralized_planner-15] [INFO] [1729090577.922439796] [ccr_centralized_planner]: Sent plan [35, 50, 51, 53, 39, 55, 56, 57, 5, 1] to robotA
[ccr_centralized_planner-15] [INFO] [1729090578.024900683] [ccr_centralized_planner]: Received state 35 from robotA
[ccr_centralized_planner-15] [INFO] [1729090578.122767352] [ccr_centralized_planner]: 
[ccr_centralized_planner-15] 
[ccr_centralized_planner-15]  did not replan 
[ccr_centralized_planner-15] 
[ccr_centralized_planner-15] [INFO] [1729090578.123637851] [ccr_centralized_planner]: Sent plan [35, 50, 51, 53, 39, 55, 56, 57, 5, 1] to robotA
[ccr_centralized_planner-15] [INFO] [1729090578.225336572] [ccr_centralized_planner]: Received state 35 from robotA
[ccr_centralized_planner-15] [INFO] [1729090578.323496079] [ccr_centralized_planner]: 
[ccr_centralized_planner-15] 
[ccr_centralized_planner-15]  did not replan 
[ccr_centralized_planner-15] 
[ccr_centralized_planner-15] [INFO] [1729090578.324199255] [ccr_centralized_planner]: Sent plan [35, 50, 51, 53, 39, 55, 56, 57, 5, 1] to robotA
[ccr_local_planner-14] [INFO] [1729090578.425697079] [robotA.ccr_local_planner]: new state 50
[ccr_centralized_planner-15] [INFO] [1729090578.425791316] [ccr_centralized_planner]: Received state 50 from robotA
[ccr_centralized_planner-15] [INFO] [1729090578.523660901] [ccr_centralized_planner]: 
[ccr_centralized_planner-15] 
[ccr_centralized_planner-15]  did not replan 
[ccr_centralized_planner-15] 
[ccr_centralized_planner-15] [INFO] [1729090578.524425171] [ccr_centralized_planner]: Sent plan [50, 51, 53, 39, 55, 56, 57, 5, 1] to robotA
[ccr_local_planner-14] [INFO] [1729090578.524651915] [robotA.ccr_local_planner]: new plan: [50, 51, 53], remainder: [39, 55, 56, 57, 5, 1]
[ccr_centralized_planner-15] [INFO] [1729090578.626665194] [ccr_centralized_planner]: Received state 50 from robotA
[ccr_centralized_planner-15] [INFO] [1729090578.823974272] [ccr_centralized_planner]: 
[ccr_centralized_planner-15] 
[ccr_centralized_planner-15]  did not replan 
[ccr_centralized_planner-15] 
[ccr_centralized_planner-15] [INFO] [1729090578.824712704] [ccr_centralized_planner]: Sent plan [50, 51, 53, 39, 55, 56, 57, 5, 1] to robotA
[ccr_centralized_planner-15] [INFO] [1729090578.826167336] [ccr_centralized_planner]: Received state 50 from robotA
[ccr_centralized_planner-15] [INFO] [1729090579.024686758] [ccr_centralized_planner]: 
[ccr_centralized_planner-15] 
[ccr_centralized_planner-15]  did not replan 
[ccr_centralized_planner-15] 
[ccr_centralized_planner-15] [INFO] [1729090579.025556115] [ccr_centralized_planner]: Sent plan [50, 51, 53, 39, 55, 56, 57, 5, 1] to robotA
[ccr_centralized_planner-15] [INFO] [1729090579.027215561] [ccr_centralized_planner]: Received state 50 from robotA
[ccr_centralized_planner-15] [INFO] [1729090579.224962157] [ccr_centralized_planner]: 
[ccr_centralized_planner-15] 
[ccr_centralized_planner-15]  did not replan 
[ccr_centralized_planner-15] 
[command_node-3] [INFO] [1729090579.225252310] [command_node]: robotA: running
[ccr_centralized_planner-15] [INFO] [1729090579.225777643] [ccr_centralized_planner]: Sent plan [50, 51, 53, 39, 55, 56, 57, 5, 1] to robotA
[ccr_centralized_planner-15] [INFO] [1729090579.226731738] [ccr_centralized_planner]: Received state 50 from robotA
[ccr_centralized_planner-15] [INFO] [1729090579.425361547] [ccr_centralized_planner]: 
[ccr_centralized_planner-15] 
[ccr_centralized_planner-15]  did not replan 
[ccr_centralized_planner-15] 
[ccr_centralized_planner-15] [INFO] [1729090579.426120528] [ccr_centralized_planner]: Sent plan [50, 51, 53, 39, 55, 56, 57, 5, 1] to robotA
[ccr_centralized_planner-15] [INFO] [1729090579.427150555] [ccr_centralized_planner]: Received state 50 from robotA
[ccr_centralized_planner-15] [INFO] [1729090579.625474562] [ccr_centralized_planner]: 
[ccr_centralized_planner-15] 
[ccr_centralized_planner-15]  did not replan 
[ccr_centralized_planner-15] 
[ccr_centralized_planner-15] [INFO] [1729090579.626181815] [ccr_centralized_planner]: Sent plan [50, 51, 53, 39, 55, 56, 57, 5, 1] to robotA
[ccr_local_planner-14] [INFO] [1729090579.626856538] [robotA.ccr_local_planner]: new state 51
[ccr_centralized_planner-15] [INFO] [1729090579.627210300] [ccr_centralized_planner]: Received state 51 from robotA
[ccr_centralized_planner-15] [INFO] [1729090579.826199582] [ccr_centralized_planner]: 
[ccr_centralized_planner-15] 
[ccr_centralized_planner-15]  did not replan 
[ccr_centralized_planner-15] 
[ccr_centralized_planner-15] [INFO] [1729090579.827126476] [ccr_centralized_planner]: Sent plan [51, 53, 39, 55, 56, 57, 5, 1] to robotA
[ccr_local_planner-14] [INFO] [1729090579.829672611] [robotA.ccr_local_planner]: new plan: [51, 53, 39], remainder: [55, 56, 57, 5, 1]
[ccr_centralized_planner-15] [INFO] [1729090579.833599550] [ccr_centralized_planner]: Received state 51 from robotA
[ccr_centralized_planner-15] [INFO] [1729090580.026839913] [ccr_centralized_planner]: 
[ccr_centralized_planner-15] 
[ccr_centralized_planner-15]  did not replan 
[ccr_centralized_planner-15] 
[ccr_centralized_planner-15] [INFO] [1729090580.027769142] [ccr_centralized_planner]: Sent plan [51, 53, 39, 55, 56, 57, 5, 1] to robotA
[ccr_centralized_planner-15] [INFO] [1729090580.035123695] [ccr_centralized_planner]: Received state 51 from robotA
[ccr_centralized_planner-15] [INFO] [1729090580.226676571] [ccr_centralized_planner]: 
[ccr_centralized_planner-15] 
[ccr_centralized_planner-15]  did not replan 
[ccr_centralized_planner-15] 
[ccr_centralized_planner-15] [INFO] [1729090580.227460939] [ccr_centralized_planner]: Sent plan [51, 53, 39, 55, 56, 57, 5, 1] to robotA
[ccr_centralized_planner-15] [INFO] [1729090580.229331218] [ccr_centralized_planner]: Received state 51 from robotA
[ccr_centralized_planner-15] [INFO] [1729090580.427100177] [ccr_centralized_planner]: 
[ccr_centralized_planner-15] 
[ccr_centralized_planner-15]  did not replan 
[ccr_centralized_planner-15] 
[ccr_centralized_planner-15] [INFO] [1729090580.427950077] [ccr_centralized_planner]: Sent plan [51, 53, 39, 55, 56, 57, 5, 1] to robotA
[ccr_centralized_planner-15] [INFO] [1729090580.430203083] [ccr_centralized_planner]: Received state 51 from robotA
[ccr_centralized_planner-15] [INFO] [1729090580.627581471] [ccr_centralized_planner]: 
[ccr_centralized_planner-15] 
[ccr_centralized_planner-15]  did not replan 
[ccr_centralized_planner-15] 
[ccr_centralized_planner-15] [INFO] [1729090580.628467549] [ccr_centralized_planner]: Sent plan [51, 53, 39, 55, 56, 57, 5, 1] to robotA
[ccr_centralized_planner-15] [INFO] [1729090580.630262287] [ccr_centralized_planner]: Received state 51 from robotA
[ccr_centralized_planner-15] [INFO] [1729090580.827937430] [ccr_centralized_planner]: 
[ccr_centralized_planner-15] 
[ccr_centralized_planner-15]  did not replan 
[ccr_centralized_planner-15] 
[ccr_centralized_planner-15] [INFO] [1729090580.828811405] [ccr_centralized_planner]: Sent plan [51, 53, 39, 55, 56, 57, 5, 1] to robotA
[ccr_centralized_planner-15] [INFO] [1729090580.830001853] [ccr_centralized_planner]: Received state 51 from robotA
[ccr_centralized_planner-15] [INFO] [1729090581.028467265] [ccr_centralized_planner]: 
[ccr_centralized_planner-15] 
[ccr_centralized_planner-15]  did not replan 
[ccr_centralized_planner-15] 
[ccr_centralized_planner-15] [INFO] [1729090581.029386805] [ccr_centralized_planner]: Sent plan [51, 53, 39, 55, 56, 57, 5, 1] to robotA
[ccr_centralized_planner-15] [INFO] [1729090581.030707397] [ccr_centralized_planner]: Received state 51 from robotA
[command_node-3] [INFO] [1729090581.228904456] [command_node]: robotA: running
[ccr_centralized_planner-15] [INFO] [1729090581.229084613] [ccr_centralized_planner]: 
[ccr_centralized_planner-15] 
[ccr_centralized_planner-15]  did not replan 
[ccr_centralized_planner-15] 
[ccr_centralized_planner-15] [INFO] [1729090581.229843103] [ccr_centralized_planner]: Sent plan [51, 53, 39, 55, 56, 57, 5, 1] to robotA
[ccr_centralized_planner-15] [INFO] [1729090581.231004596] [ccr_centralized_planner]: Received state 51 from robotA
[ccr_centralized_planner-15] [INFO] [1729090581.429155519] [ccr_centralized_planner]: 
[ccr_centralized_planner-15] 
[ccr_centralized_planner-15]  did not replan 
[ccr_centralized_planner-15] 
[ccr_centralized_planner-15] [INFO] [1729090581.429751384] [ccr_centralized_planner]: Sent plan [51, 53, 39, 55, 56, 57, 5, 1] to robotA
[ccr_centralized_planner-15] [INFO] [1729090581.431077726] [ccr_centralized_planner]: Received state 51 from robotA
[ccr_centralized_planner-15] [INFO] [1729090581.628995652] [ccr_centralized_planner]: 
[ccr_centralized_planner-15] 
[ccr_centralized_planner-15]  did not replan 
[ccr_centralized_planner-15] 
[ccr_centralized_planner-15] [INFO] [1729090581.629706102] [ccr_centralized_planner]: Sent plan [51, 53, 39, 55, 56, 57, 5, 1] to robotA
[ccr_centralized_planner-15] [INFO] [1729090581.631204135] [ccr_centralized_planner]: Received state 51 from robotA
[ccr_centralized_planner-15] [INFO] [1729090581.829591250] [ccr_centralized_planner]: 
[ccr_centralized_planner-15] 
[ccr_centralized_planner-15]  did not replan 
[ccr_centralized_planner-15] 
[ccr_centralized_planner-15] [INFO] [1729090581.830205470] [ccr_centralized_planner]: Sent plan [51, 53, 39, 55, 56, 57, 5, 1] to robotA
[ccr_centralized_planner-15] [INFO] [1729090581.833972549] [ccr_centralized_planner]: Received state 51 from robotA
[ccr_centralized_planner-15] [INFO] [1729090582.030141914] [ccr_centralized_planner]: 
[ccr_centralized_planner-15] 
[ccr_centralized_planner-15]  did not replan 
[ccr_centralized_planner-15] 
[ccr_centralized_planner-15] [INFO] [1729090582.030943193] [ccr_centralized_planner]: Sent plan [51, 53, 39, 55, 56, 57, 5, 1] to robotA
[ccr_centralized_planner-15] [INFO] [1729090582.034230294] [ccr_centralized_planner]: Received state 51 from robotA
[ccr_centralized_planner-15] [INFO] [1729090582.230323928] [ccr_centralized_planner]: 
[ccr_centralized_planner-15] 
[ccr_centralized_planner-15]  did not replan 
[ccr_centralized_planner-15] 
[ccr_centralized_planner-15] [INFO] [1729090582.231031973] [ccr_centralized_planner]: Sent plan [51, 53, 39, 55, 56, 57, 5, 1] to robotA
[ccr_centralized_planner-15] [INFO] [1729090582.238179729] [ccr_centralized_planner]: Received state 51 from robotA
[ccr_centralized_planner-15] [INFO] [1729090582.431291622] [ccr_centralized_planner]: 
[ccr_centralized_planner-15] 
[ccr_centralized_planner-15]  did not replan 
[ccr_centralized_planner-15] 
[ccr_centralized_planner-15] [INFO] [1729090582.432005297] [ccr_centralized_planner]: Sent plan [51, 53, 39, 55, 56, 57, 5, 1] to robotA
[ccr_local_planner-14] [INFO] [1729090582.433617264] [robotA.ccr_local_planner]: new state 53
[ccr_centralized_planner-15] [INFO] [1729090582.433642140] [ccr_centralized_planner]: Received state 53 from robotA
[ccr_centralized_planner-15] [INFO] [1729090582.631532165] [ccr_centralized_planner]: 
[ccr_centralized_planner-15] 
[ccr_centralized_planner-15]  did not replan 
[ccr_centralized_planner-15] 
[ccr_centralized_planner-15] [INFO] [1729090582.632293550] [ccr_centralized_planner]: Sent plan [53, 39, 55, 56, 57, 5, 1] to robotA
[ccr_centralized_planner-15] [INFO] [1729090582.633875921] [ccr_centralized_planner]: Received state 53 from robotA
[ccr_local_planner-14] [INFO] [1729090582.654194824] [robotA.ccr_local_planner]: new plan: [53, 39, 55], remainder: [56, 57, 5, 1]
[ccr_centralized_planner-15] [INFO] [1729090582.831820568] [ccr_centralized_planner]: 
[ccr_centralized_planner-15] 
[ccr_centralized_planner-15]  did not replan 
[ccr_centralized_planner-15] 
[ccr_centralized_planner-15] [INFO] [1729090582.832572555] [ccr_centralized_planner]: Sent plan [53, 39, 55, 56, 57, 5, 1] to robotA
[ccr_centralized_planner-15] [INFO] [1729090582.934862903] [ccr_centralized_planner]: Received state 53 from robotA
[ccr_centralized_planner-15] [INFO] [1729090583.032153114] [ccr_centralized_planner]: 
[ccr_centralized_planner-15] 
[ccr_centralized_planner-15]  did not replan 
[ccr_centralized_planner-15] 
[ccr_centralized_planner-15] [INFO] [1729090583.032913487] [ccr_centralized_planner]: Sent plan [53, 39, 55, 56, 57, 5, 1] to robotA
[ccr_centralized_planner-15] [INFO] [1729090583.139201815] [ccr_centralized_planner]: Received state 53 from robotA
[ccr_centralized_planner-15] [INFO] [1729090583.232703266] [ccr_centralized_planner]: 
[ccr_centralized_planner-15] 
[ccr_centralized_planner-15]  did not replan 
[ccr_centralized_planner-15] 
[command_node-3] [INFO] [1729090583.232892991] [command_node]: robotA: running
[ccr_centralized_planner-15] [INFO] [1729090583.233318407] [ccr_centralized_planner]: Sent plan [53, 39, 55, 56, 57, 5, 1] to robotA
[ccr_centralized_planner-15] [INFO] [1729090583.344352437] [ccr_centralized_planner]: Received state 53 from robotA
[ccr_centralized_planner-15] [INFO] [1729090583.433123075] [ccr_centralized_planner]: 
[ccr_centralized_planner-15] 
[ccr_centralized_planner-15]  did not replan 
[ccr_centralized_planner-15] 
[ccr_centralized_planner-15] [INFO] [1729090583.433799791] [ccr_centralized_planner]: Sent plan [53, 39, 55, 56, 57, 5, 1] to robotA
[ccr_centralized_planner-15] [INFO] [1729090583.535932894] [ccr_centralized_planner]: Received state 53 from robotA
[ccr_centralized_planner-15] [INFO] [1729090583.633495565] [ccr_centralized_planner]: 
[ccr_centralized_planner-15] 
[ccr_centralized_planner-15]  did not replan 
[ccr_centralized_planner-15] 
[ccr_centralized_planner-15] [INFO] [1729090583.634292095] [ccr_centralized_planner]: Sent plan [53, 39, 55, 56, 57, 5, 1] to robotA
[ccr_centralized_planner-15] [INFO] [1729090583.736263937] [ccr_centralized_planner]: Received state 53 from robotA
[ccr_centralized_planner-15] [INFO] [1729090583.833774039] [ccr_centralized_planner]: 
[ccr_centralized_planner-15] 
[ccr_centralized_planner-15]  did not replan 
[ccr_centralized_planner-15] 
[ccr_centralized_planner-15] [INFO] [1729090583.834718507] [ccr_centralized_planner]: Sent plan [53, 39, 55, 56, 57, 5, 1] to robotA
[ccr_centralized_planner-15] [INFO] [1729090583.936114591] [ccr_centralized_planner]: Received state 53 from robotA
[ccr_centralized_planner-15] [INFO] [1729090584.033752863] [ccr_centralized_planner]: 
[ccr_centralized_planner-15] 
[ccr_centralized_planner-15]  did not replan 
[ccr_centralized_planner-15] 
[ccr_centralized_planner-15] [INFO] [1729090584.034165766] [ccr_centralized_planner]: Sent plan [53, 39, 55, 56, 57, 5, 1] to robotA
[ccr_centralized_planner-15] [INFO] [1729090584.136630169] [ccr_centralized_planner]: Received state 53 from robotA
[ccr_centralized_planner-15] [INFO] [1729090584.334544810] [ccr_centralized_planner]: 
[ccr_centralized_planner-15] 
[ccr_centralized_planner-15]  did not replan 
[ccr_centralized_planner-15] 
[ccr_centralized_planner-15] [INFO] [1729090584.335256251] [ccr_centralized_planner]: Sent plan [53, 39, 55, 56, 57, 5, 1] to robotA
[ccr_centralized_planner-15] [INFO] [1729090584.336521138] [ccr_centralized_planner]: Received state 53 from robotA
[ccr_centralized_planner-15] [INFO] [1729090584.534698771] [ccr_centralized_planner]: 
[ccr_centralized_planner-15] 
[ccr_centralized_planner-15]  did not replan 
[ccr_centralized_planner-15] 
[ccr_centralized_planner-15] [INFO] [1729090584.535278516] [ccr_centralized_planner]: Sent plan [53, 39, 55, 56, 57, 5, 1] to robotA
[ccr_centralized_planner-15] [INFO] [1729090584.538265606] [ccr_centralized_planner]: Received state 53 from robotA
[ccr_centralized_planner-15] [INFO] [1729090584.735509181] [ccr_centralized_planner]: 
[ccr_centralized_planner-15] 
[ccr_centralized_planner-15]  did not replan 
[ccr_centralized_planner-15] 
[ccr_centralized_planner-15] [INFO] [1729090584.736232935] [ccr_centralized_planner]: Sent plan [53, 39, 55, 56, 57, 5, 1] to robotA
[ccr_centralized_planner-15] [INFO] [1729090584.737597679] [ccr_centralized_planner]: Received state 53 from robotA
[ccr_centralized_planner-15] [INFO] [1729090584.935701924] [ccr_centralized_planner]: 
[ccr_centralized_planner-15] 
[ccr_centralized_planner-15]  did not replan 
[ccr_centralized_planner-15] 
[ccr_centralized_planner-15] [INFO] [1729090584.936415630] [ccr_centralized_planner]: Sent plan [53, 39, 55, 56, 57, 5, 1] to robotA
[ccr_centralized_planner-15] [INFO] [1729090584.938715163] [ccr_centralized_planner]: Received state 39 from robotA
[ccr_local_planner-14] [INFO] [1729090584.938766489] [robotA.ccr_local_planner]: new state 39
[ccr_centralized_planner-15] [INFO] [1729090585.136148763] [ccr_centralized_planner]: 
[ccr_centralized_planner-15] 
[ccr_centralized_planner-15]  did not replan 
[ccr_centralized_planner-15] 
[ccr_centralized_planner-15] [INFO] [1729090585.137334342] [ccr_centralized_planner]: Sent plan [39, 55, 56, 57, 5, 1] to robotA
[ccr_centralized_planner-15] [INFO] [1729090585.138529218] [ccr_centralized_planner]: Received state 39 from robotA
[ccr_local_planner-14] [INFO] [1729090585.164171102] [robotA.ccr_local_planner]: new plan: [39, 55, 56], remainder: [57, 5, 1]
[command_node-3] [INFO] [1729090585.336534208] [command_node]: robotA: running
[ccr_centralized_planner-15] [INFO] [1729090585.336650706] [ccr_centralized_planner]: 
[ccr_centralized_planner-15] 
[ccr_centralized_planner-15]  did not replan 
[ccr_centralized_planner-15] 
[ccr_centralized_planner-15] [INFO] [1729090585.337408244] [ccr_centralized_planner]: Sent plan [39, 55, 56, 57, 5, 1] to robotA
[ccr_centralized_planner-15] [INFO] [1729090585.342154726] [ccr_centralized_planner]: Received state 39 from robotA
[ccr_centralized_planner-15] [INFO] [1729090585.536922538] [ccr_centralized_planner]: 
[ccr_centralized_planner-15] 
[ccr_centralized_planner-15]  did not replan 
[ccr_centralized_planner-15] 
[ccr_centralized_planner-15] [INFO] [1729090585.537593794] [ccr_centralized_planner]: Sent plan [39, 55, 56, 57, 5, 1] to robotA
[ccr_centralized_planner-15] [INFO] [1729090585.538631426] [ccr_centralized_planner]: Received state 39 from robotA
[ccr_centralized_planner-15] [INFO] [1729090585.737393022] [ccr_centralized_planner]: 
[ccr_centralized_planner-15] 
[ccr_centralized_planner-15]  did not replan 
[ccr_centralized_planner-15] 
[ccr_centralized_planner-15] [INFO] [1729090585.738119752] [ccr_centralized_planner]: Sent plan [39, 55, 56, 57, 5, 1] to robotA
[ccr_centralized_planner-15] [INFO] [1729090585.739540119] [ccr_centralized_planner]: Received state 55 from robotA
[ccr_local_planner-14] [INFO] [1729090585.739593900] [robotA.ccr_local_planner]: new state 55
[ccr_centralized_planner-15] [INFO] [1729090585.937918198] [ccr_centralized_planner]: 
[ccr_centralized_planner-15] 
[ccr_centralized_planner-15]  did not replan 
[ccr_centralized_planner-15] 
[ccr_centralized_planner-15] [INFO] [1729090585.938686475] [ccr_centralized_planner]: Sent plan [55, 56, 57, 5, 1] to robotA
[ccr_centralized_planner-15] [INFO] [1729090585.939359735] [ccr_centralized_planner]: Received state 55 from robotA
[ccr_local_planner-14] [INFO] [1729090585.958318623] [robotA.ccr_local_planner]: new plan: [55, 56, 57], remainder: [5, 1]
[ccr_centralized_planner-15] [INFO] [1729090586.138197684] [ccr_centralized_planner]: 
[ccr_centralized_planner-15] 
[ccr_centralized_planner-15]  did not replan 
[ccr_centralized_planner-15] 
[ccr_centralized_planner-15] [INFO] [1729090586.138920627] [ccr_centralized_planner]: Sent plan [55, 56, 57, 5, 1] to robotA
[ccr_centralized_planner-15] [INFO] [1729090586.141114432] [ccr_centralized_planner]: Received state 55 from robotA
[ccr_centralized_planner-15] [INFO] [1729090586.338706539] [ccr_centralized_planner]: 
[ccr_centralized_planner-15] 
[ccr_centralized_planner-15]  did not replan 
[ccr_centralized_planner-15] 
[ccr_centralized_planner-15] [INFO] [1729090586.339407391] [ccr_centralized_planner]: Sent plan [55, 56, 57, 5, 1] to robotA
[ccr_centralized_planner-15] [INFO] [1729090586.341004299] [ccr_centralized_planner]: Received state 55 from robotA
[ccr_centralized_planner-15] [INFO] [1729090586.539457367] [ccr_centralized_planner]: 
[ccr_centralized_planner-15] 
[ccr_centralized_planner-15]  did not replan 
[ccr_centralized_planner-15] 
[ccr_centralized_planner-15] [INFO] [1729090586.540533551] [ccr_centralized_planner]: Sent plan [55, 56, 57, 5, 1] to robotA
[ccr_centralized_planner-15] [INFO] [1729090586.542262286] [ccr_centralized_planner]: Received state 55 from robotA
[ccr_centralized_planner-15] [INFO] [1729090586.739205730] [ccr_centralized_planner]: 
[ccr_centralized_planner-15] 
[ccr_centralized_planner-15]  did not replan 
[ccr_centralized_planner-15] 
[ccr_centralized_planner-15] [INFO] [1729090586.739766960] [ccr_centralized_planner]: Sent plan [55, 56, 57, 5, 1] to robotA
[ccr_centralized_planner-15] [INFO] [1729090586.741864155] [ccr_centralized_planner]: Received state 55 from robotA
[ccr_centralized_planner-15] [INFO] [1729090586.939610300] [ccr_centralized_planner]: 
[ccr_centralized_planner-15] 
[ccr_centralized_planner-15]  did not replan 
[ccr_centralized_planner-15] 
[ccr_centralized_planner-15] [INFO] [1729090586.940356406] [ccr_centralized_planner]: Sent plan [55, 56, 57, 5, 1] to robotA
[ccr_centralized_planner-15] [INFO] [1729090586.941596917] [ccr_centralized_planner]: Received state 55 from robotA
[ccr_centralized_planner-15] [INFO] [1729090587.140156365] [ccr_centralized_planner]: 
[ccr_centralized_planner-15] 
[ccr_centralized_planner-15]  did not replan 
[ccr_centralized_planner-15] 
[ccr_centralized_planner-15] [INFO] [1729090587.140899024] [ccr_centralized_planner]: Sent plan [55, 56, 57, 5, 1] to robotA
[ccr_centralized_planner-15] [INFO] [1729090587.144109833] [ccr_centralized_planner]: Received state 55 from robotA
[ccr_centralized_planner-15] [INFO] [1729090587.340338809] [ccr_centralized_planner]: 
[ccr_centralized_planner-15] 
[ccr_centralized_planner-15]  did not replan 
[ccr_centralized_planner-15] 
[command_node-3] [INFO] [1729090587.340400044] [command_node]: robotA: running
[ccr_centralized_planner-15] [INFO] [1729090587.341056643] [ccr_centralized_planner]: Sent plan [55, 56, 57, 5, 1] to robotA
[ccr_centralized_planner-15] [INFO] [1729090587.341860958] [ccr_centralized_planner]: Received state 55 from robotA
[ccr_centralized_planner-15] [INFO] [1729090587.540154888] [ccr_centralized_planner]: 
[ccr_centralized_planner-15] 
[ccr_centralized_planner-15]  did not replan 
[ccr_centralized_planner-15] 
[ccr_centralized_planner-15] [INFO] [1729090587.540575786] [ccr_centralized_planner]: Sent plan [55, 56, 57, 5, 1] to robotA
[ccr_centralized_planner-15] [INFO] [1729090587.541688608] [ccr_centralized_planner]: Received state 55 from robotA
[ccr_centralized_planner-15] [INFO] [1729090587.741042382] [ccr_centralized_planner]: 
[ccr_centralized_planner-15] 
[ccr_centralized_planner-15]  did not replan 
[ccr_centralized_planner-15] 
[ccr_centralized_planner-15] [INFO] [1729090587.741630643] [ccr_centralized_planner]: Sent plan [55, 56, 57, 5, 1] to robotA
[ccr_centralized_planner-15] [INFO] [1729090587.742703892] [ccr_centralized_planner]: Received state 55 from robotA
[ccr_centralized_planner-15] [INFO] [1729090587.941271655] [ccr_centralized_planner]: 
[ccr_centralized_planner-15] 
[ccr_centralized_planner-15]  did not replan 
[ccr_centralized_planner-15] 
[ccr_centralized_planner-15] [INFO] [1729090587.942144508] [ccr_centralized_planner]: Sent plan [55, 56, 57, 5, 1] to robotA
[ccr_centralized_planner-15] [INFO] [1729090587.946760466] [ccr_centralized_planner]: Received state 55 from robotA
[ccr_centralized_planner-15] [INFO] [1729090588.141249166] [ccr_centralized_planner]: 
[ccr_centralized_planner-15] 
[ccr_centralized_planner-15]  did not replan 
[ccr_centralized_planner-15] 
[ccr_centralized_planner-15] [INFO] [1729090588.142056877] [ccr_centralized_planner]: Sent plan [55, 56, 57, 5, 1] to robotA
[ccr_local_planner-14] [INFO] [1729090588.149867323] [robotA.ccr_local_planner]: new state 56
[ccr_centralized_planner-15] [INFO] [1729090588.150219472] [ccr_centralized_planner]: Received state 56 from robotA
[ccr_centralized_planner-15] [INFO] [1729090588.341657383] [ccr_centralized_planner]: 
[ccr_centralized_planner-15] 
[ccr_centralized_planner-15]  did not replan 
[ccr_centralized_planner-15] 
[ccr_centralized_planner-15] [INFO] [1729090588.342502985] [ccr_centralized_planner]: Sent plan [56, 57, 5, 1] to robotA
[ccr_centralized_planner-15] [INFO] [1729090588.343804280] [ccr_centralized_planner]: Received state 56 from robotA
[ccr_local_planner-14] [INFO] [1729090588.363204815] [robotA.ccr_local_planner]: new plan: [56, 57, 5], remainder: [1]
[ccr_centralized_planner-15] [INFO] [1729090588.542105374] [ccr_centralized_planner]: 
[ccr_centralized_planner-15] 
[ccr_centralized_planner-15]  did not replan 
[ccr_centralized_planner-15] 
[ccr_centralized_planner-15] [INFO] [1729090588.542766191] [ccr_centralized_planner]: Sent plan [56, 57, 5, 1] to robotA
[ccr_centralized_planner-15] [INFO] [1729090588.642963672] [ccr_centralized_planner]: Received state 56 from robotA
[ccr_centralized_planner-15] [INFO] [1729090588.741763618] [ccr_centralized_planner]: 
[ccr_centralized_planner-15] 
[ccr_centralized_planner-15]  did not replan 
[ccr_centralized_planner-15] 
[ccr_centralized_planner-15] [INFO] [1729090588.742523560] [ccr_centralized_planner]: Sent plan [56, 57, 5, 1] to robotA
[ccr_centralized_planner-15] [INFO] [1729090588.844571383] [ccr_centralized_planner]: Received state 56 from robotA
[ccr_centralized_planner-15] [INFO] [1729090588.942442892] [ccr_centralized_planner]: 
[ccr_centralized_planner-15] 
[ccr_centralized_planner-15]  did not replan 
[ccr_centralized_planner-15] 
[ccr_centralized_planner-15] [INFO] [1729090588.943507334] [ccr_centralized_planner]: Sent plan [56, 57, 5, 1] to robotA
[ccr_centralized_planner-15] [INFO] [1729090589.048519204] [ccr_centralized_planner]: Received state 56 from robotA
[ccr_centralized_planner-15] [INFO] [1729090589.142531862] [ccr_centralized_planner]: 
[ccr_centralized_planner-15] 
[ccr_centralized_planner-15]  did not replan 
[ccr_centralized_planner-15] 
[ccr_centralized_planner-15] [INFO] [1729090589.143781590] [ccr_centralized_planner]: Sent plan [56, 57, 5, 1] to robotA
[ccr_centralized_planner-15] [INFO] [1729090589.245672410] [ccr_centralized_planner]: Received state 56 from robotA
[command_node-3] [INFO] [1729090589.343922357] [command_node]: robotA: running
[ccr_centralized_planner-15] [INFO] [1729090589.344314541] [ccr_centralized_planner]: 
[ccr_centralized_planner-15] 
[ccr_centralized_planner-15]  did not replan 
[ccr_centralized_planner-15] 
[ccr_centralized_planner-15] [INFO] [1729090589.345062140] [ccr_centralized_planner]: Sent plan [56, 57, 5, 1] to robotA
[ccr_centralized_planner-15] [INFO] [1729090589.445144025] [ccr_centralized_planner]: Received state 56 from robotA
[ccr_centralized_planner-15] [INFO] [1729090589.544397920] [ccr_centralized_planner]: 
[ccr_centralized_planner-15] 
[ccr_centralized_planner-15]  did not replan 
[ccr_centralized_planner-15] 
[ccr_centralized_planner-15] [INFO] [1729090589.545242641] [ccr_centralized_planner]: Sent plan [56, 57, 5, 1] to robotA
[ccr_centralized_planner-15] [INFO] [1729090589.646120656] [ccr_centralized_planner]: Received state 56 from robotA
[ccr_centralized_planner-15] [INFO] [1729090589.744518048] [ccr_centralized_planner]: 
[ccr_centralized_planner-15] 
[ccr_centralized_planner-15]  did not replan 
[ccr_centralized_planner-15] 
[ccr_centralized_planner-15] [INFO] [1729090589.744904051] [ccr_centralized_planner]: Sent plan [56, 57, 5, 1] to robotA
[ccr_centralized_planner-15] [INFO] [1729090589.846983564] [ccr_centralized_planner]: Received state 56 from robotA
[ccr_centralized_planner-15] [INFO] [1729090590.045166126] [ccr_centralized_planner]: 
[ccr_centralized_planner-15] 
[ccr_centralized_planner-15]  did not replan 
[ccr_centralized_planner-15] 
[ccr_centralized_planner-15] [INFO] [1729090590.045902935] [ccr_centralized_planner]: Sent plan [56, 57, 5, 1] to robotA
[ccr_centralized_planner-15] [INFO] [1729090590.047146131] [ccr_centralized_planner]: Received state 56 from robotA
[ccr_centralized_planner-15] [INFO] [1729090590.245700649] [ccr_centralized_planner]: 
[ccr_centralized_planner-15] 
[ccr_centralized_planner-15]  did not replan 
[ccr_centralized_planner-15] 
[ccr_centralized_planner-15] [INFO] [1729090590.246420867] [ccr_centralized_planner]: Sent plan [56, 57, 5, 1] to robotA
[ccr_centralized_planner-15] [INFO] [1729090590.248794258] [ccr_centralized_planner]: Received state 56 from robotA
[ccr_centralized_planner-15] [INFO] [1729090590.445980306] [ccr_centralized_planner]: 
[ccr_centralized_planner-15] 
[ccr_centralized_planner-15]  did not replan 
[ccr_centralized_planner-15] 
[ccr_centralized_planner-15] [INFO] [1729090590.446989284] [ccr_centralized_planner]: Sent plan [56, 57, 5, 1] to robotA
[ccr_centralized_planner-15] [INFO] [1729090590.448043537] [ccr_centralized_planner]: Received state 56 from robotA
[ccr_centralized_planner-15] [INFO] [1729090590.646994296] [ccr_centralized_planner]: 
[ccr_centralized_planner-15] 
[ccr_centralized_planner-15]  did not replan 
[ccr_centralized_planner-15] 
[ccr_centralized_planner-15] [INFO] [1729090590.647996391] [ccr_centralized_planner]: Sent plan [56, 57, 5, 1] to robotA
[ccr_centralized_planner-15] [INFO] [1729090590.649062616] [ccr_centralized_planner]: Received state 56 from robotA
[ccr_centralized_planner-15] [INFO] [1729090590.847341830] [ccr_centralized_planner]: 
[ccr_centralized_planner-15] 
[ccr_centralized_planner-15]  did not replan 
[ccr_centralized_planner-15] 
[ccr_centralized_planner-15] [INFO] [1729090590.848068730] [ccr_centralized_planner]: Sent plan [56, 57, 5, 1] to robotA
[ccr_local_planner-14] [INFO] [1729090590.848842528] [robotA.ccr_local_planner]: new state 57
[ccr_centralized_planner-15] [INFO] [1729090590.849200317] [ccr_centralized_planner]: Received state 57 from robotA
[ccr_centralized_planner-15] [INFO] [1729090591.047950301] [ccr_centralized_planner]: 
[ccr_centralized_planner-15] 
[ccr_centralized_planner-15]  did not replan 
[ccr_centralized_planner-15] 
[ccr_centralized_planner-15] [INFO] [1729090591.048752082] [ccr_centralized_planner]: Sent plan [57, 5, 1] to robotA
[ccr_centralized_planner-15] [INFO] [1729090591.051645236] [ccr_centralized_planner]: Received state 57 from robotA
[ccr_local_planner-14] [INFO] [1729090591.073952250] [robotA.ccr_local_planner]: new plan: [57, 5, 1]
[ccr_centralized_planner-15] [INFO] [1729090591.248231371] [ccr_centralized_planner]: 
[ccr_centralized_planner-15] 
[ccr_centralized_planner-15]  did not replan 
[ccr_centralized_planner-15] 
[ccr_centralized_planner-15] [INFO] [1729090591.248966246] [ccr_centralized_planner]: Sent plan [57, 5, 1] to robotA
[ccr_centralized_planner-15] [INFO] [1729090591.251758491] [ccr_centralized_planner]: Received state 57 from robotA
[ccr_centralized_planner-15] [INFO] [1729090591.448777025] [ccr_centralized_planner]: 
[ccr_centralized_planner-15] 
[ccr_centralized_planner-15]  did not replan 
[ccr_centralized_planner-15] 
[command_node-3] [INFO] [1729090591.448835454] [command_node]: robotA: running
[ccr_centralized_planner-15] [INFO] [1729090591.449507853] [ccr_centralized_planner]: Sent plan [57, 5, 1] to robotA
[ccr_centralized_planner-15] [INFO] [1729090591.457020090] [ccr_centralized_planner]: Received state 57 from robotA
[ccr_centralized_planner-15] [INFO] [1729090591.649062723] [ccr_centralized_planner]: 
[ccr_centralized_planner-15] 
[ccr_centralized_planner-15]  did not replan 
[ccr_centralized_planner-15] 
[ccr_centralized_planner-15] [INFO] [1729090591.649784814] [ccr_centralized_planner]: Sent plan [57, 5, 1] to robotA
[ccr_centralized_planner-15] [INFO] [1729090591.662696215] [ccr_centralized_planner]: Received state 57 from robotA
[ccr_centralized_planner-15] [INFO] [1729090591.848913647] [ccr_centralized_planner]: 
[ccr_centralized_planner-15] 
[ccr_centralized_planner-15]  did not replan 
[ccr_centralized_planner-15] 
[ccr_centralized_planner-15] [INFO] [1729090591.849297455] [ccr_centralized_planner]: Sent plan [57, 5, 1] to robotA
[ccr_centralized_planner-15] [INFO] [1729090591.851956541] [ccr_centralized_planner]: Received state 57 from robotA
[ccr_centralized_planner-15] [INFO] [1729090592.049427331] [ccr_centralized_planner]: 
[ccr_centralized_planner-15] 
[ccr_centralized_planner-15]  did not replan 
[ccr_centralized_planner-15] 
[ccr_centralized_planner-15] [INFO] [1729090592.050223010] [ccr_centralized_planner]: Sent plan [57, 5, 1] to robotA
[ccr_centralized_planner-15] [INFO] [1729090592.051632769] [ccr_centralized_planner]: Received state 57 from robotA
[ccr_centralized_planner-15] [INFO] [1729090592.249687581] [ccr_centralized_planner]: 
[ccr_centralized_planner-15] 
[ccr_centralized_planner-15]  did not replan 
[ccr_centralized_planner-15] 
[ccr_centralized_planner-15] [INFO] [1729090592.250429440] [ccr_centralized_planner]: Sent plan [57, 5, 1] to robotA
[ccr_centralized_planner-15] [INFO] [1729090592.251563582] [ccr_centralized_planner]: Received state 57 from robotA
[ccr_centralized_planner-15] [INFO] [1729090592.449841573] [ccr_centralized_planner]: 
[ccr_centralized_planner-15] 
[ccr_centralized_planner-15]  did not replan 
[ccr_centralized_planner-15] 
[ccr_centralized_planner-15] [INFO] [1729090592.450758789] [ccr_centralized_planner]: Sent plan [57, 5, 1] to robotA
[ccr_centralized_planner-15] [INFO] [1729090592.452105820] [ccr_centralized_planner]: Received state 57 from robotA
[ccr_centralized_planner-15] [INFO] [1729090592.650681758] [ccr_centralized_planner]: 
[ccr_centralized_planner-15] 
[ccr_centralized_planner-15]  did not replan 
[ccr_centralized_planner-15] 
[ccr_centralized_planner-15] [INFO] [1729090592.651622879] [ccr_centralized_planner]: Sent plan [57, 5, 1] to robotA
[ccr_centralized_planner-15] [INFO] [1729090592.652561476] [ccr_centralized_planner]: Received state 57 from robotA
[ccr_centralized_planner-15] [INFO] [1729090592.851857562] [ccr_centralized_planner]: 
[ccr_centralized_planner-15] 
[ccr_centralized_planner-15]  did not replan 
[ccr_centralized_planner-15] 
[ccr_centralized_planner-15] [INFO] [1729090592.852833868] [ccr_centralized_planner]: Sent plan [57, 5, 1] to robotA
[ccr_centralized_planner-15] [INFO] [1729090592.853864928] [ccr_centralized_planner]: Received state 57 from robotA
[ccr_centralized_planner-15] [INFO] [1729090593.051426568] [ccr_centralized_planner]: 
[ccr_centralized_planner-15] 
[ccr_centralized_planner-15]  did not replan 
[ccr_centralized_planner-15] 
[ccr_centralized_planner-15] [INFO] [1729090593.052684983] [ccr_centralized_planner]: Sent plan [57, 5, 1] to robotA
[ccr_centralized_planner-15] [INFO] [1729090593.053749215] [ccr_centralized_planner]: Received state 57 from robotA
[ccr_centralized_planner-15] [INFO] [1729090593.251715943] [ccr_centralized_planner]: 
[ccr_centralized_planner-15] 
[ccr_centralized_planner-15]  did not replan 
[ccr_centralized_planner-15] 
[ccr_centralized_planner-15] [INFO] [1729090593.252550355] [ccr_centralized_planner]: Sent plan [57, 5, 1] to robotA
[ccr_centralized_planner-15] [INFO] [1729090593.254407049] [ccr_centralized_planner]: Received state 57 from robotA
[ccr_centralized_planner-15] [INFO] [1729090593.452076832] [ccr_centralized_planner]: 
[ccr_centralized_planner-15] 
[ccr_centralized_planner-15]  did not replan 
[ccr_centralized_planner-15] 
[command_node-3] [INFO] [1729090593.452223757] [command_node]: robotA: running
[ccr_centralized_planner-15] [INFO] [1729090593.452829370] [ccr_centralized_planner]: Sent plan [57, 5, 1] to robotA
[ccr_local_planner-14] [INFO] [1729090593.455338645] [robotA.ccr_local_planner]: new state 5
[ccr_centralized_planner-15] [INFO] [1729090593.455645560] [ccr_centralized_planner]: Received state 5 from robotA
[ccr_centralized_planner-15] [INFO] [1729090593.652158398] [ccr_centralized_planner]: 
[ccr_centralized_planner-15] 
[ccr_centralized_planner-15]  did not replan 
[ccr_centralized_planner-15] 
[ccr_centralized_planner-15] [INFO] [1729090593.652921756] [ccr_centralized_planner]: Sent plan [5, 1] to robotA
[ccr_local_planner-14] [INFO] [1729090593.655979879] [robotA.ccr_local_planner]: new plan: [5, 1]
[ccr_centralized_planner-15] [INFO] [1729090593.665140771] [ccr_centralized_planner]: Received state 5 from robotA
[ccr_centralized_planner-15] [INFO] [1729090593.852899848] [ccr_centralized_planner]: 
[ccr_centralized_planner-15] 
[ccr_centralized_planner-15]  did not replan 
[ccr_centralized_planner-15] 
[ccr_centralized_planner-15] [INFO] [1729090593.853830139] [ccr_centralized_planner]: Sent plan [5, 1] to robotA
[ccr_centralized_planner-15] [INFO] [1729090593.865414987] [ccr_centralized_planner]: Received state 5 from robotA
[ccr_centralized_planner-15] [INFO] [1729090594.053236932] [ccr_centralized_planner]: 
[ccr_centralized_planner-15] 
[ccr_centralized_planner-15]  did not replan 
[ccr_centralized_planner-15] 
[ccr_centralized_planner-15] [INFO] [1729090594.054211446] [ccr_centralized_planner]: Sent plan [5, 1] to robotA
[ccr_centralized_planner-15] [INFO] [1729090594.067392171] [ccr_centralized_planner]: Received state 5 from robotA
[ccr_centralized_planner-15] [INFO] [1729090594.253961952] [ccr_centralized_planner]: 
[ccr_centralized_planner-15] 
[ccr_centralized_planner-15]  did not replan 
[ccr_centralized_planner-15] 
[ccr_centralized_planner-15] [INFO] [1729090594.255106644] [ccr_centralized_planner]: Sent plan [5, 1] to robotA
[ccr_centralized_planner-15] [INFO] [1729090594.258212536] [ccr_centralized_planner]: Received state 5 from robotA
[ccr_centralized_planner-15] [INFO] [1729090594.453954781] [ccr_centralized_planner]: 
[ccr_centralized_planner-15] 
[ccr_centralized_planner-15]  did not replan 
[ccr_centralized_planner-15] 
[ccr_centralized_planner-15] [INFO] [1729090594.455165086] [ccr_centralized_planner]: Sent plan [5, 1] to robotA
[ccr_centralized_planner-15] [INFO] [1729090594.560007179] [ccr_centralized_planner]: Received state 5 from robotA
[ccr_centralized_planner-15] [INFO] [1729090594.654170578] [ccr_centralized_planner]: 
[ccr_centralized_planner-15] 
[ccr_centralized_planner-15]  did not replan 
[ccr_centralized_planner-15] 
[ccr_centralized_planner-15] [INFO] [1729090594.654936622] [ccr_centralized_planner]: Sent plan [5, 1] to robotA
[ccr_local_planner-14] [INFO] [1729090594.759877820] [robotA.ccr_local_planner]: new state 1
[ccr_centralized_planner-15] [INFO] [1729090594.760370492] [ccr_centralized_planner]: Received state 1 from robotA
[ccr_goal_provider-12] [INFO] [1729090594.760514351] [ccr_goal_provider]: [32mgoal completed:[0m robotA reached goal 1, going to goal 0 within state 9
[ccr_centralized_planner-15] [INFO] [1729090594.854735138] [ccr_centralized_planner]: 
[ccr_centralized_planner-15] 
[ccr_centralized_planner-15]  did not replan 
[ccr_centralized_planner-15] 
[ccr_centralized_planner-15] [INFO] [1729090594.855742183] [ccr_centralized_planner]: Sent plan [1] to robotA
[ccr_local_planner-14] [INFO] [1729090594.856633651] [robotA.ccr_local_planner]: new plan: [1]
[ccr_centralized_planner-15] [INFO] [1729090594.857017489] [ccr_centralized_planner]: Received goal 9 from robotA
[ccr_centralized_planner-15] [INFO] [1729090594.966696744] [ccr_centralized_planner]: Received state 1 from robotA
[ccr_centralized_planner-15] [INFO] [1729090595.055085998] [ccr_centralized_planner]: 
[ccr_centralized_planner-15] 
[ccr_centralized_planner-15]  replaned due to new goal
[ccr_centralized_planner-15] 
[ccr_centralized_planner-15] [INFO] [1729090595.078322310] [ccr_centralized_planner]: Sent plan [1, 44, 45, 56, 55, 39, 53, 51, 32, 35, 10, 9] to robotA
[ccr_local_planner-14] [INFO] [1729090595.086864886] [robotA.ccr_local_planner]: new plan: [1, 44, 45], remainder: [56, 55, 39, 53, 51, 32, 35, 10, 9]
[ccr_centralized_planner-15] [INFO] [1729090595.168455689] [ccr_centralized_planner]: Received state 1 from robotA
[ccr_centralized_planner-15] [INFO] [1729090595.256145223] [ccr_centralized_planner]: 
[ccr_centralized_planner-15] 
[ccr_centralized_planner-15]  did not replan 
[ccr_centralized_planner-15] 
[ccr_centralized_planner-15] [INFO] [1729090595.257361710] [ccr_centralized_planner]: Sent plan [1, 44, 45, 56, 55, 39, 53, 51, 32, 35, 10, 9] to robotA
[ccr_centralized_planner-15] [INFO] [1729090595.357040250] [ccr_centralized_planner]: Received state 1 from robotA
[ccr_centralized_planner-15] [INFO] [1729090595.456380477] [ccr_centralized_planner]: 
[ccr_centralized_planner-15] 
[ccr_centralized_planner-15]  did not replan 
[ccr_centralized_planner-15] 
[command_node-3] [INFO] [1729090595.456396938] [command_node]: robotA: running
[ccr_centralized_planner-15] [INFO] [1729090595.457097569] [ccr_centralized_planner]: Sent plan [1, 44, 45, 56, 55, 39, 53, 51, 32, 35, 10, 9] to robotA
[ccr_centralized_planner-15] [INFO] [1729090595.559576920] [ccr_centralized_planner]: Received state 1 from robotA
[ccr_centralized_planner-15] [INFO] [1729090595.657189394] [ccr_centralized_planner]: 
[ccr_centralized_planner-15] 
[ccr_centralized_planner-15]  did not replan 
[ccr_centralized_planner-15] 
[ccr_centralized_planner-15] [INFO] [1729090595.658050605] [ccr_centralized_planner]: Sent plan [1, 44, 45, 56, 55, 39, 53, 51, 32, 35, 10, 9] to robotA
[ccr_centralized_planner-15] [INFO] [1729090595.759232318] [ccr_centralized_planner]: Received state 1 from robotA
[ccr_centralized_planner-15] [INFO] [1729090595.857424957] [ccr_centralized_planner]: 
[ccr_centralized_planner-15] 
[ccr_centralized_planner-15]  did not replan 
[ccr_centralized_planner-15] 
[ccr_centralized_planner-15] [INFO] [1729090595.858210608] [ccr_centralized_planner]: Sent plan [1, 44, 45, 56, 55, 39, 53, 51, 32, 35, 10, 9] to robotA
[ccr_centralized_planner-15] [INFO] [1729090595.959657667] [ccr_centralized_planner]: Received state 1 from robotA
[ccr_centralized_planner-15] [INFO] [1729090596.157853694] [ccr_centralized_planner]: 
[ccr_centralized_planner-15] 
[ccr_centralized_planner-15]  did not replan 
[ccr_centralized_planner-15] 
[ccr_centralized_planner-15] [INFO] [1729090596.158834580] [ccr_centralized_planner]: Sent plan [1, 44, 45, 56, 55, 39, 53, 51, 32, 35, 10, 9] to robotA
[ccr_centralized_planner-15] [INFO] [1729090596.159575396] [ccr_centralized_planner]: Received state 1 from robotA
[ccr_centralized_planner-15] [INFO] [1729090596.358059793] [ccr_centralized_planner]: 
[ccr_centralized_planner-15] 
[ccr_centralized_planner-15]  did not replan 
[ccr_centralized_planner-15] 
[ccr_centralized_planner-15] [INFO] [1729090596.358795089] [ccr_centralized_planner]: Sent plan [1, 44, 45, 56, 55, 39, 53, 51, 32, 35, 10, 9] to robotA
[ccr_centralized_planner-15] [INFO] [1729090596.359605075] [ccr_centralized_planner]: Received state 1 from robotA
[ccr_centralized_planner-15] [INFO] [1729090596.558055038] [ccr_centralized_planner]: 
[ccr_centralized_planner-15] 
[ccr_centralized_planner-15]  did not replan 
[ccr_centralized_planner-15] 
[ccr_centralized_planner-15] [INFO] [1729090596.558734790] [ccr_centralized_planner]: Sent plan [1, 44, 45, 56, 55, 39, 53, 51, 32, 35, 10, 9] to robotA
[ccr_centralized_planner-15] [INFO] [1729090596.560905221] [ccr_centralized_planner]: Received state 1 from robotA
[ccr_centralized_planner-15] [INFO] [1729090596.758641609] [ccr_centralized_planner]: 
[ccr_centralized_planner-15] 
[ccr_centralized_planner-15]  did not replan 
[ccr_centralized_planner-15] 
[ccr_centralized_planner-15] [INFO] [1729090596.759320058] [ccr_centralized_planner]: Sent plan [1, 44, 45, 56, 55, 39, 53, 51, 32, 35, 10, 9] to robotA
[ccr_centralized_planner-15] [INFO] [1729090596.763819808] [ccr_centralized_planner]: Received state 1 from robotA
[ccr_centralized_planner-15] [INFO] [1729090596.959100050] [ccr_centralized_planner]: 
[ccr_centralized_planner-15] 
[ccr_centralized_planner-15]  did not replan 
[ccr_centralized_planner-15] 
[ccr_centralized_planner-15] [INFO] [1729090596.959671289] [ccr_centralized_planner]: Sent plan [1, 44, 45, 56, 55, 39, 53, 51, 32, 35, 10, 9] to robotA
[ccr_centralized_planner-15] [INFO] [1729090596.965345817] [ccr_centralized_planner]: Received state 1 from robotA
[ccr_centralized_planner-15] [INFO] [1729090597.159824418] [ccr_centralized_planner]: 
[ccr_centralized_planner-15] 
[ccr_centralized_planner-15]  did not replan 
[ccr_centralized_planner-15] 
[ccr_centralized_planner-15] [INFO] [1729090597.160590712] [ccr_centralized_planner]: Sent plan [1, 44, 45, 56, 55, 39, 53, 51, 32, 35, 10, 9] to robotA
[ccr_centralized_planner-15] [INFO] [1729090597.167083963] [ccr_centralized_planner]: Received state 1 from robotA
[ccr_centralized_planner-15] [INFO] [1729090597.360287959] [ccr_centralized_planner]: 
[ccr_centralized_planner-15] 
[ccr_centralized_planner-15]  did not replan 
[ccr_centralized_planner-15] 
[ccr_centralized_planner-15] [INFO] [1729090597.361028114] [ccr_centralized_planner]: Sent plan [1, 44, 45, 56, 55, 39, 53, 51, 32, 35, 10, 9] to robotA
[ccr_local_planner-14] [INFO] [1729090597.373139738] [robotA.ccr_local_planner]: new state 44
[ccr_centralized_planner-15] [INFO] [1729090597.373316639] [ccr_centralized_planner]: Received state 44 from robotA
[ccr_centralized_planner-15] [INFO] [1729090597.560822782] [ccr_centralized_planner]: 
[ccr_centralized_planner-15] 
[ccr_centralized_planner-15]  did not replan 
[ccr_centralized_planner-15] 
[command_node-3] [INFO] [1729090597.560849122] [command_node]: robotA: running
[ccr_centralized_planner-15] [INFO] [1729090597.561684405] [ccr_centralized_planner]: Sent plan [44, 45, 56, 55, 39, 53, 51, 32, 35, 10, 9] to robotA
[ccr_local_planner-14] [INFO] [1729090597.571236310] [robotA.ccr_local_planner]: new plan: [44, 45, 56], remainder: [55, 39, 53, 51, 32, 35, 10, 9]
[ccr_centralized_planner-15] [INFO] [1729090597.585107297] [ccr_centralized_planner]: Received state 44 from robotA
[ccr_centralized_planner-15] [INFO] [1729090597.761608075] [ccr_centralized_planner]: 
[ccr_centralized_planner-15] 
[ccr_centralized_planner-15]  did not replan 
[ccr_centralized_planner-15] 
[ccr_centralized_planner-15] [INFO] [1729090597.762398605] [ccr_centralized_planner]: Sent plan [44, 45, 56, 55, 39, 53, 51, 32, 35, 10, 9] to robotA
[ccr_centralized_planner-15] [INFO] [1729090597.778048421] [ccr_centralized_planner]: Received state 44 from robotA
[ccr_centralized_planner-15] [INFO] [1729090597.961724156] [ccr_centralized_planner]: 
[ccr_centralized_planner-15] 
[ccr_centralized_planner-15]  did not replan 
[ccr_centralized_planner-15] 
[ccr_centralized_planner-15] [INFO] [1729090597.962556643] [ccr_centralized_planner]: Sent plan [44, 45, 56, 55, 39, 53, 51, 32, 35, 10, 9] to robotA
[ccr_centralized_planner-15] [INFO] [1729090597.963525416] [ccr_centralized_planner]: Received state 44 from robotA
[ccr_centralized_planner-15] [INFO] [1729090598.162244623] [ccr_centralized_planner]: 
[ccr_centralized_planner-15] 
[ccr_centralized_planner-15]  did not replan 
[ccr_centralized_planner-15] 
[ccr_centralized_planner-15] [INFO] [1729090598.163147512] [ccr_centralized_planner]: Sent plan [44, 45, 56, 55, 39, 53, 51, 32, 35, 10, 9] to robotA
[ccr_centralized_planner-15] [INFO] [1729090598.164364420] [ccr_centralized_planner]: Received state 44 from robotA
[ccr_centralized_planner-15] [INFO] [1729090598.362702964] [ccr_centralized_planner]: 
[ccr_centralized_planner-15] 
[ccr_centralized_planner-15]  did not replan 
[ccr_centralized_planner-15] 
[ccr_centralized_planner-15] [INFO] [1729090598.363600684] [ccr_centralized_planner]: Sent plan [44, 45, 56, 55, 39, 53, 51, 32, 35, 10, 9] to robotA
[ccr_centralized_planner-15] [INFO] [1729090598.365592491] [ccr_centralized_planner]: Received state 44 from robotA
[ccr_centralized_planner-15] [INFO] [1729090598.563212951] [ccr_centralized_planner]: 
[ccr_centralized_planner-15] 
[ccr_centralized_planner-15]  did not replan 
[ccr_centralized_planner-15] 
[ccr_centralized_planner-15] [INFO] [1729090598.564161987] [ccr_centralized_planner]: Sent plan [44, 45, 56, 55, 39, 53, 51, 32, 35, 10, 9] to robotA
[ccr_centralized_planner-15] [INFO] [1729090598.566469565] [ccr_centralized_planner]: Received state 44 from robotA
[ccr_centralized_planner-15] [INFO] [1729090598.763380198] [ccr_centralized_planner]: 
[ccr_centralized_planner-15] 
[ccr_centralized_planner-15]  did not replan 
[ccr_centralized_planner-15] 
[ccr_centralized_planner-15] [INFO] [1729090598.764080819] [ccr_centralized_planner]: Sent plan [44, 45, 56, 55, 39, 53, 51, 32, 35, 10, 9] to robotA
[ccr_centralized_planner-15] [INFO] [1729090598.765941260] [ccr_centralized_planner]: Received state 44 from robotA
[ccr_centralized_planner-15] [INFO] [1729090598.963632052] [ccr_centralized_planner]: 
[ccr_centralized_planner-15] 
[ccr_centralized_planner-15]  did not replan 
[ccr_centralized_planner-15] 
[ccr_centralized_planner-15] [INFO] [1729090598.964375513] [ccr_centralized_planner]: Sent plan [44, 45, 56, 55, 39, 53, 51, 32, 35, 10, 9] to robotA
[ccr_centralized_planner-15] [INFO] [1729090598.966585589] [ccr_centralized_planner]: Received state 44 from robotA
[ccr_centralized_planner-15] [INFO] [1729090599.164263126] [ccr_centralized_planner]: 
[ccr_centralized_planner-15] 
[ccr_centralized_planner-15]  did not replan 
[ccr_centralized_planner-15] 
[ccr_centralized_planner-15] [INFO] [1729090599.165008762] [ccr_centralized_planner]: Sent plan [44, 45, 56, 55, 39, 53, 51, 32, 35, 10, 9] to robotA
[ccr_centralized_planner-15] [INFO] [1729090599.165897935] [ccr_centralized_planner]: Received state 44 from robotA
[ccr_centralized_planner-15] [INFO] [1729090599.364655574] [ccr_centralized_planner]: 
[ccr_centralized_planner-15] 
[ccr_centralized_planner-15]  did not replan 
[ccr_centralized_planner-15] 
[ccr_centralized_planner-15] [INFO] [1729090599.365427739] [ccr_centralized_planner]: Sent plan [44, 45, 56, 55, 39, 53, 51, 32, 35, 10, 9] to robotA
[ccr_centralized_planner-15] [INFO] [1729090599.366584754] [ccr_centralized_planner]: Received state 44 from robotA
[command_node-3] [INFO] [1729090599.564518911] [command_node]: robotA: running
[ccr_centralized_planner-15] [INFO] [1729090599.564765773] [ccr_centralized_planner]: 
[ccr_centralized_planner-15] 
[ccr_centralized_planner-15]  did not replan 
[ccr_centralized_planner-15] 
[ccr_centralized_planner-15] [INFO] [1729090599.565508172] [ccr_centralized_planner]: Sent plan [44, 45, 56, 55, 39, 53, 51, 32, 35, 10, 9] to robotA
[ccr_centralized_planner-15] [INFO] [1729090599.571058829] [ccr_centralized_planner]: Received state 44 from robotA
[ccr_centralized_planner-15] [INFO] [1729090599.764700193] [ccr_centralized_planner]: 
[ccr_centralized_planner-15] 
[ccr_centralized_planner-15]  did not replan 
[ccr_centralized_planner-15] 
[ccr_centralized_planner-15] [INFO] [1729090599.765251274] [ccr_centralized_planner]: Sent plan [44, 45, 56, 55, 39, 53, 51, 32, 35, 10, 9] to robotA
[ccr_centralized_planner-15] [INFO] [1729090599.769095147] [ccr_centralized_planner]: Received state 44 from robotA
[ccr_centralized_planner-15] [INFO] [1729090599.965305339] [ccr_centralized_planner]: 
[ccr_centralized_planner-15] 
[ccr_centralized_planner-15]  did not replan 
[ccr_centralized_planner-15] 
[ccr_centralized_planner-15] [INFO] [1729090599.966041797] [ccr_centralized_planner]: Sent plan [44, 45, 56, 55, 39, 53, 51, 32, 35, 10, 9] to robotA
[ccr_centralized_planner-15] [INFO] [1729090599.978447081] [ccr_centralized_planner]: Received state 44 from robotA
[ccr_centralized_planner-15] [INFO] [1729090600.165791141] [ccr_centralized_planner]: 
[ccr_centralized_planner-15] 
[ccr_centralized_planner-15]  did not replan 
[ccr_centralized_planner-15] 
[ccr_centralized_planner-15] [INFO] [1729090600.166509716] [ccr_centralized_planner]: Sent plan [44, 45, 56, 55, 39, 53, 51, 32, 35, 10, 9] to robotA
[ccr_centralized_planner-15] [INFO] [1729090600.167886953] [ccr_centralized_planner]: Received state 44 from robotA
[ccr_centralized_planner-15] [INFO] [1729090600.366053716] [ccr_centralized_planner]: 
[ccr_centralized_planner-15] 
[ccr_centralized_planner-15]  did not replan 
[ccr_centralized_planner-15] 
[ccr_centralized_planner-15] [INFO] [1729090600.366761340] [ccr_centralized_planner]: Sent plan [44, 45, 56, 55, 39, 53, 51, 32, 35, 10, 9] to robotA
[ccr_local_planner-14] [INFO] [1729090600.366824077] [robotA.ccr_local_planner]: new state 45
[ccr_centralized_planner-15] [INFO] [1729090600.367593748] [ccr_centralized_planner]: Received state 45 from robotA
[ccr_centralized_planner-15] [INFO] [1729090600.566386532] [ccr_centralized_planner]: 
[ccr_centralized_planner-15] 
[ccr_centralized_planner-15]  did not replan 
[ccr_centralized_planner-15] 
[ccr_centralized_planner-15] [INFO] [1729090600.567163345] [ccr_centralized_planner]: Sent plan [45, 56, 55, 39, 53, 51, 32, 35, 10, 9] to robotA
[ccr_local_planner-14] [INFO] [1729090600.567313677] [robotA.ccr_local_planner]: new plan: [45, 56, 55], remainder: [39, 53, 51, 32, 35, 10, 9]
[ccr_centralized_planner-15] [INFO] [1729090600.669894989] [ccr_centralized_planner]: Received state 45 from robotA
[ccr_centralized_planner-15] [INFO] [1729090600.766698118] [ccr_centralized_planner]: 
[ccr_centralized_planner-15] 
[ccr_centralized_planner-15]  did not replan 
[ccr_centralized_planner-15] 
[ccr_centralized_planner-15] [INFO] [1729090600.767472247] [ccr_centralized_planner]: Sent plan [45, 56, 55, 39, 53, 51, 32, 35, 10, 9] to robotA
[ccr_centralized_planner-15] [INFO] [1729090600.875895921] [ccr_centralized_planner]: Received state 45 from robotA
[ccr_centralized_planner-15] [INFO] [1729090600.967501935] [ccr_centralized_planner]: 
[ccr_centralized_planner-15] 
[ccr_centralized_planner-15]  did not replan 
[ccr_centralized_planner-15] 
[ccr_centralized_planner-15] [INFO] [1729090600.968593578] [ccr_centralized_planner]: Sent plan [45, 56, 55, 39, 53, 51, 32, 35, 10, 9] to robotA
[ccr_centralized_planner-15] [INFO] [1729090601.068991324] [ccr_centralized_planner]: Received state 45 from robotA
[ccr_centralized_planner-15] [INFO] [1729090601.167437816] [ccr_centralized_planner]: 
[ccr_centralized_planner-15] 
[ccr_centralized_planner-15]  did not replan 
[ccr_centralized_planner-15] 
[ccr_centralized_planner-15] [INFO] [1729090601.168164489] [ccr_centralized_planner]: Sent plan [45, 56, 55, 39, 53, 51, 32, 35, 10, 9] to robotA
[ccr_centralized_planner-15] [INFO] [1729090601.269574194] [ccr_centralized_planner]: Received state 45 from robotA
[ccr_centralized_planner-15] [INFO] [1729090601.367849662] [ccr_centralized_planner]: 
[ccr_centralized_planner-15] 
[ccr_centralized_planner-15]  did not replan 
[ccr_centralized_planner-15] 
[ccr_centralized_planner-15] [INFO] [1729090601.368734490] [ccr_centralized_planner]: Sent plan [45, 56, 55, 39, 53, 51, 32, 35, 10, 9] to robotA
[ccr_centralized_planner-15] [INFO] [1729090601.470785218] [ccr_centralized_planner]: Received state 45 from robotA
[ccr_centralized_planner-15] [INFO] [1729090601.568155742] [ccr_centralized_planner]: 
[ccr_centralized_planner-15] 
[ccr_centralized_planner-15]  did not replan 
[ccr_centralized_planner-15] 
[command_node-3] [INFO] [1729090601.568265336] [command_node]: robotA: running
[ccr_centralized_planner-15] [INFO] [1729090601.568866275] [ccr_centralized_planner]: Sent plan [45, 56, 55, 39, 53, 51, 32, 35, 10, 9] to robotA
[ccr_centralized_planner-15] [INFO] [1729090601.670896204] [ccr_centralized_planner]: Received state 45 from robotA
[ccr_centralized_planner-15] [INFO] [1729090601.868569581] [ccr_centralized_planner]: 
[ccr_centralized_planner-15] 
[ccr_centralized_planner-15]  did not replan 
[ccr_centralized_planner-15] 
[ccr_centralized_planner-15] [INFO] [1729090601.869498050] [ccr_centralized_planner]: Sent plan [45, 56, 55, 39, 53, 51, 32, 35, 10, 9] to robotA
[ccr_local_planner-14] [INFO] [1729090601.870218562] [robotA.ccr_local_planner]: new state 56
[ccr_centralized_planner-15] [INFO] [1729090601.870620500] [ccr_centralized_planner]: Received state 56 from robotA
[ccr_centralized_planner-15] [INFO] [1729090602.068700976] [ccr_centralized_planner]: 
[ccr_centralized_planner-15] 
[ccr_centralized_planner-15]  did not replan 
[ccr_centralized_planner-15] 
[ccr_centralized_planner-15] [INFO] [1729090602.069602855] [ccr_centralized_planner]: Sent plan [56, 55, 39, 53, 51, 32, 35, 10, 9] to robotA
[ccr_centralized_planner-15] [INFO] [1729090602.071512931] [ccr_centralized_planner]: Received state 56 from robotA
[ccr_local_planner-14] [INFO] [1729090602.090595974] [robotA.ccr_local_planner]: new plan: [56, 55, 39], remainder: [53, 51, 32, 35, 10, 9]
[ccr_centralized_planner-15] [INFO] [1729090602.268669727] [ccr_centralized_planner]: 
[ccr_centralized_planner-15] 
[ccr_centralized_planner-15]  did not replan 
[ccr_centralized_planner-15] 
[ccr_centralized_planner-15] [INFO] [1729090602.269064852] [ccr_centralized_planner]: Sent plan [56, 55, 39, 53, 51, 32, 35, 10, 9] to robotA
[ccr_centralized_planner-15] [INFO] [1729090602.273190424] [ccr_centralized_planner]: Received state 56 from robotA
[ccr_centralized_planner-15] [INFO] [1729090602.469392071] [ccr_centralized_planner]: 
[ccr_centralized_planner-15] 
[ccr_centralized_planner-15]  did not replan 
[ccr_centralized_planner-15] 
[ccr_centralized_planner-15] [INFO] [1729090602.470268142] [ccr_centralized_planner]: Sent plan [56, 55, 39, 53, 51, 32, 35, 10, 9] to robotA
[ccr_centralized_planner-15] [INFO] [1729090602.471210707] [ccr_centralized_planner]: Received state 56 from robotA
[ccr_centralized_planner-15] [INFO] [1729090602.670006534] [ccr_centralized_planner]: 
[ccr_centralized_planner-15] 
[ccr_centralized_planner-15]  did not replan 
[ccr_centralized_planner-15] 
[ccr_centralized_planner-15] [INFO] [1729090602.671181382] [ccr_centralized_planner]: Sent plan [56, 55, 39, 53, 51, 32, 35, 10, 9] to robotA
[ccr_centralized_planner-15] [INFO] [1729090602.673828952] [ccr_centralized_planner]: Received state 56 from robotA
[ccr_centralized_planner-15] [INFO] [1729090602.870591514] [ccr_centralized_planner]: 
[ccr_centralized_planner-15] 
[ccr_centralized_planner-15]  did not replan 
[ccr_centralized_planner-15] 
[ccr_centralized_planner-15] [INFO] [1729090602.871340889] [ccr_centralized_planner]: Sent plan [56, 55, 39, 53, 51, 32, 35, 10, 9] to robotA
[ccr_centralized_planner-15] [INFO] [1729090602.873418367] [ccr_centralized_planner]: Received state 56 from robotA
[ccr_centralized_planner-15] [INFO] [1729090603.070359771] [ccr_centralized_planner]: 
[ccr_centralized_planner-15] 
[ccr_centralized_planner-15]  did not replan 
[ccr_centralized_planner-15] 
[ccr_centralized_planner-15] [INFO] [1729090603.071043434] [ccr_centralized_planner]: Sent plan [56, 55, 39, 53, 51, 32, 35, 10, 9] to robotA
[ccr_centralized_planner-15] [INFO] [1729090603.078918908] [ccr_centralized_planner]: Received state 56 from robotA
[ccr_centralized_planner-15] [INFO] [1729090603.270549103] [ccr_centralized_planner]: 
[ccr_centralized_planner-15] 
[ccr_centralized_planner-15]  did not replan 
[ccr_centralized_planner-15] 
[ccr_centralized_planner-15] [INFO] [1729090603.271427529] [ccr_centralized_planner]: Sent plan [56, 55, 39, 53, 51, 32, 35, 10, 9] to robotA
[ccr_centralized_planner-15] [INFO] [1729090603.272557924] [ccr_centralized_planner]: Received state 56 from robotA
[ccr_centralized_planner-15] [INFO] [1729090603.470979855] [ccr_centralized_planner]: 
[ccr_centralized_planner-15] 
[ccr_centralized_planner-15]  did not replan 
[ccr_centralized_planner-15] 
[ccr_centralized_planner-15] [INFO] [1729090603.471701238] [ccr_centralized_planner]: Sent plan [56, 55, 39, 53, 51, 32, 35, 10, 9] to robotA
[ccr_local_planner-14] [INFO] [1729090603.473425779] [robotA.ccr_local_planner]: new state 55
[ccr_centralized_planner-15] [INFO] [1729090603.473496451] [ccr_centralized_planner]: Received state 55 from robotA
[ccr_centralized_planner-15] [INFO] [1729090603.671503439] [ccr_centralized_planner]: 
[ccr_centralized_planner-15] 
[ccr_centralized_planner-15]  did not replan 
[ccr_centralized_planner-15] 
[command_node-3] [INFO] [1729090603.671632510] [command_node]: robotA: running
[ccr_centralized_planner-15] [INFO] [1729090603.672127962] [ccr_centralized_planner]: Sent plan [55, 39, 53, 51, 32, 35, 10, 9] to robotA
[ccr_centralized_planner-15] [INFO] [1729090603.673759680] [ccr_centralized_planner]: Received state 55 from robotA
[ccr_local_planner-14] [INFO] [1729090603.696641546] [robotA.ccr_local_planner]: new plan: [55, 39, 53], remainder: [51, 32, 35, 10, 9]
[ccr_centralized_planner-15] [INFO] [1729090603.871919784] [ccr_centralized_planner]: 
[ccr_centralized_planner-15] 
[ccr_centralized_planner-15]  did not replan 
[ccr_centralized_planner-15] 
[ccr_centralized_planner-15] [INFO] [1729090603.872787059] [ccr_centralized_planner]: Sent plan [55, 39, 53, 51, 32, 35, 10, 9] to robotA
[ccr_centralized_planner-15] [INFO] [1729090603.874681766] [ccr_centralized_planner]: Received state 55 from robotA
[command_node-3] [INFO] [1729090603.972226545] [command_node]: run timer is due with status go
[command_node-3] [INFO] [1729090603.973011687] [command_node]: [32mstop[0m
[ccr_local_planner-14] [INFO] [1729090603.973502861] [robotA.ccr_local_planner]: setting state to [34mstopped[0m
[command_node-3] [INFO] [1729090603.973539980] [command_node]: exiting
[ccr_centralized_planner-15] [INFO] [1729090604.072586665] [ccr_centralized_planner]: 
[ccr_centralized_planner-15] 
[ccr_centralized_planner-15]  did not replan 
[ccr_centralized_planner-15] 
[ccr_centralized_planner-15] [INFO] [1729090604.073431789] [ccr_centralized_planner]: Sent plan [55, 39, 53, 51, 32, 35, 10, 9] to robotA
[INFO] [command_node-3]: process has finished cleanly [pid 87366]
[INFO] [ccr_centralized_planner-15]: sending signal 'SIGINT' to process[ccr_centralized_planner-15]
[INFO] [ccr_local_planner-14]: sending signal 'SIGINT' to process[ccr_local_planner-14]
[INFO] [dwa-13]: sending signal 'SIGINT' to process[dwa-13]
[INFO] [ccr_goal_provider-12]: sending signal 'SIGINT' to process[ccr_goal_provider-12]
[INFO] [global_to_local_tf_pub-11]: sending signal 'SIGINT' to process[global_to_local_tf_pub-11]
[INFO] [local_tf_pub-10]: sending signal 'SIGINT' to process[local_tf_pub-10]
[INFO] [static_transform_publisher-9]: sending signal 'SIGINT' to process[static_transform_publisher-9]
[INFO] [lifecycle_manager-8]: sending signal 'SIGINT' to process[lifecycle_manager-8]
[INFO] [amcl-7]: sending signal 'SIGINT' to process[amcl-7]
[INFO] [map_server-6]: sending signal 'SIGINT' to process[map_server-6]
[ERROR] [ccr_local_planner-14]: process has died [pid 87388, exit code -2, cmd '/home/phlinke/ros/driving_swarm_infrastructure/install/ccr/lib/ccr/ccr_local_planner --ros-args -r __ns:=/robotA --params-file /tmp/launch_params_25n7qrjk --params-file /tmp/launch_params_h0zk0048 --params-file /tmp/launch_params_4ti7srsd --params-file /tmp/launch_params_4pl7ui28 -r /tf:=tf -r /tf_static:=tf_static'].
[INFO] [robot_state_publisher-5]: sending signal 'SIGINT' to process[robot_state_publisher-5]
[INFO] [lifecycle_manager-8]: process has finished cleanly [pid 87376]
[INFO] [ros2-2]: sending signal 'SIGINT' to process[ros2-2]
[INFO] [gzserver-1]: sending signal 'SIGINT' to process[gzserver-1]
[dwa-13] [INFO] [1729090604.205176246] [robotA.trajectory_follower]: Shutting down after user interrupt
[dwa-13] Failed to publish log message to rosout: publisher's context is invalid, at ./src/rcl/publisher.c:389
[global_to_local_tf_pub-11] [INFO] [1729090604.208917563] [robotA.global_to_local_tf_pub]: got keyboard interrupt, shutting down
[global_to_local_tf_pub-11] Failed to publish log message to rosout: publisher's context is invalid, at ./src/rcl/publisher.c:389
[local_tf_pub-10] [INFO] [1729090604.211584889] [robotA.local_tf_pub]: got keyboard interrupt, shutting down
[local_tf_pub-10] Failed to publish log message to rosout: publisher's context is invalid, at ./src/rcl/publisher.c:389
[static_transform_publisher-9] [INFO] [1729090604.211912119] [rclcpp]: signal_handler(signum=2)
[lifecycle_manager-8] [INFO] [1729090604.214257626] [rclcpp]: signal_handler(signum=2)
[amcl-7] [INFO] [1729090604.216321779] [rclcpp]: signal_handler(signum=2)
[map_server-6] [INFO] [1729090604.218256432] [rclcpp]: signal_handler(signum=2)
[robot_state_publisher-5] [INFO] [1729090604.220829393] [rclcpp]: signal_handler(signum=2)
[amcl-7] Warning: class_loader.ClassLoader: SEVERE WARNING!!! Attempting to unload library while objects created by this loader exist in the heap! You should delete your objects before attempting to unload the library or destroying the ClassLoader. The library will NOT be unloaded.
[amcl-7]          at line 127 in ./src/class_loader.cpp
[ros2-2] [INFO] [1729090604.224420429] [rclcpp]: signal_handler(signum=2)
[map_server-6] [INFO] [1729090604.225486244] [robotA.map_server]: Destroying
[amcl-7] [INFO] [1729090604.235593433] [robotA.amcl]: Destroying
[ros2-2] [INFO] [1729090604.316692790] [rosbag2_recorder]: Event publisher thread: Exiting
[ros2-2] [INFO] [1729090604.317834205] [rosbag2_cpp]: Writing remaining messages from cache to the bag. It may take a while
[INFO] [static_transform_publisher-9]: process has finished cleanly [pid 87378]
[INFO] [robot_state_publisher-5]: process has finished cleanly [pid 87370]
[INFO] [global_to_local_tf_pub-11]: process has finished cleanly [pid 87382]
[INFO] [local_tf_pub-10]: process has finished cleanly [pid 87380]
[INFO] [amcl-7]: process has finished cleanly [pid 87374]
[INFO] [map_server-6]: process has finished cleanly [pid 87372]
[INFO] [dwa-13]: process has finished cleanly [pid 87386]
[INFO] [ros2-2]: process has finished cleanly [pid 87364]
[INFO] [ccr_centralized_planner-15]: process has finished cleanly [pid 87391]
[INFO] [ccr_goal_provider-12]: process has finished cleanly [pid 87384]
[INFO] [gzserver-1]: process has finished cleanly [pid 87362]
[gzserver-1] [0m[1;32m[0m[1;32m[0m[1;36m[0m[1;32m[0m
[gzserver-1] [1;33m[0m[1;31m[0m
