t,robot,cmd_vel_x,cmd_vel_rot,command,status,identify_as,num_detections,sunburstError,real_waldo_pos_0,real_waldo_pos_1,sunburstRobotCalc/waldoPosition_0,sunburstRobotCalc/waldoPosition_1,x,y,theta
0,robotA,,,,,,,,,,,,,,
0,robotB,,,,,,,,,,,,,,
0,robotC,,,,,,,,,,,,,,
0,robotD,,,,,,,,,,,,,,
0,robotE,,,,,,,,,,,,,,
1,robotA,,,,,,,,,,,,,,
1,robotB,,,,,,,,,,,,,,
1,robotC,,,,,,,,,,,,,,
1,robotD,,,,,,,,,,,,,,
1,robotE,,,,,,,,,,,,,,
2,robotA,,,,,,,,,,,,,,
2,robotB,,,,,,,,,,,,,,
2,robotC,,,,,,,,,,,,,,
2,robotD,,,,,,,,,,,,,,
2,robotE,,,,,,,,,,,,,,
3,robotA,,,,,,,,,,,,,,
3,robotB,,,,,,,,,,,,,,
3,robotC,,,,,,,,,,,,,,
3,robotD,,,,,,,,,,,,,,
3,robotE,,,,,,,,,,,,,,
4,robotA,,,,ready,,,,,,,,0.7216053176898469,0.11004086515791882,-2.7238299855964057
4,robotB,,,,,,,,,,,,,,
4,robotC,,,,,,,,,,,,,,
4,robotD,,,,,,,,,,,,,,
4,robotE,,,,,,,,,,,,,,
5,robotA,,,,,,,,,,,,0.7212367046007733,0.10986601587089545,-2.7238105485263215
5,robotB,,,,ready,,,,,,,,-0.6515646442660107,0.5896037011577877,-2.529985028434289
5,robotC,,,,,,,,,,,,,,
5,robotD,,,,,,,,,,,,,,
5,robotE,,,,,,,,,,,,,,
6,robotA,,,,,,,,,,,,0.7215172832166853,0.1099980152592101,-2.72382411222779
6,robotB,,,,,,,,,,,,-0.6512053352499806,0.5898624451622498,-2.5299995074183244
6,robotC,,,,ready,,,,,,,,-0.40797683939259427,-0.08447380979250523,-1.9520909116606373
6,robotD,,,,ready,,,,,,,,-0.07505694277447444,-0.5886279329878797,-2.2450736945348715
6,robotE,,,,,,,,,,,,,,
7,robotA,0.05,0.0,go,running,,,,,,,,0.6863083430216462,0.09436860798217726,-2.7239655946504158
7,robotB,0.0,0.5,go,running,,,,,,,,-0.6504298940629507,0.5904231451154168,-2.160270998181508
7,robotC,0.0,0.5,go,running,,,,,,,,-0.4072982373389508,-0.08275105073190533,-1.5897807658192251
7,robotD,0.0,0.5,go,running,,,,,,,,-0.07455413217269324,-0.5879679867774098,-1.8839586316778723
7,robotE,0.0,0.5,go,running,,,,,,,,-0.6398618366612212,-0.2556828504148949,3.113620715610281
8,robotA,0.05,0.0,,,,,,,,,,0.6396967076930752,0.07370019065466818,-2.7243495480618245
8,robotB,0.0,0.5,,,,,,,,,,-0.6492143471393762,0.5923143522657388,-1.7128235370295624
8,robotC,0.05,0.0,,,,,,,,,,-0.4024736445134303,-0.09887014533914905,-1.2442709966894783
8,robotD,0.0,0.5,,,,,,,,,,-0.07545754615777697,-0.5873160025974554,-1.4035539123648753
8,robotE,0.0,0.5,,,,,,,,,,-0.6360741503077665,-0.2563808878994288,-2.7043392192621636
9,robotA,0.05,0.0,,,,,,,,,,0.5947866986701714,0.05380330665824584,-2.724648155438515
9,robotB,0.05,0.0,,,,,,,,,,-0.645654155955275,0.5578198006186028,-1.4914719128692555
9,robotC,0.05,0.0,,,,,,,,,,-0.38858821459510684,-0.15815583369333408,-1.2869795159429358
9,robotD,0.0,0.5,,,,,,,,,,-0.07489634634854045,-0.5858341537618869,-0.8940687047863602
9,robotE,0.0,0.5,,,,,,,,,,-0.6310440381807539,-0.2582128477138808,-2.213488831482408
10,robotA,0.05,0.0,,,,,,,,,,0.5494694340908135,0.03373910616832604,-2.724984869197481
10,robotB,0.05,0.0,,,,,,,,,,-0.639913818215044,0.5089420990303501,-1.486438202196046
10,robotC,0.05,0.0,,,,,,,,,,-0.3744018450087815,-0.20676689430873874,-1.287271728422028
10,robotD,0.0,0.5,,,,,,,,,,-0.07077040224276951,-0.5684114631150137,-0.40514181206407246
10,robotE,0.0,0.5,,,,,,,,,,-0.6103560942038471,-0.2585797977234222,-1.7397097228238
11,robotA,0.05,0.0,,,,,,,,,,0.503217056469354,0.013284200961174495,-2.7254013869896028
11,robotB,0.05,0.0,,,,,,,,,,-0.6357596029745086,0.4600367486278744,-1.4867443727076688
11,robotC,0.05,0.0,,,,,,,,,,-0.3605046439280874,-0.254432698964516,-1.2876260713940184
11,robotD,0.05,0.0,,,,,,,,,,-0.029335160424530972,-0.5712984403989539,-0.26107121883793327
11,robotE,0.05,0.0,,,,,,,,,,-0.6101981056026431,-0.30059839854900966,-1.596265477640258
12,robotA,0.05,0.0,,,,,,,,,,0.4544192076009831,-0.008286411616753116,-2.7256097644454584
12,robotB,0.05,0.0,,,,,,,,,,-0.6313170621359327,0.40725601994641714,-1.4870880953759609
12,robotC,0.05,0.0,,,,,,,,,,-0.34586737899250675,-0.3047807867650887,-1.2880145649872266
12,robotD,0.05,0.0,,,,,,,,,,0.011001187756498946,-0.5773539488817779,-0.1339359870757844
12,robotE,0.05,0.0,,,,,,,,,,-0.6102116751115386,-0.3561525442129678,-1.5781057470196054
13,robotA,0.05,0.0,,,,,,,,,,0.40311083366196665,-0.03044395886528191,-2.733381742877634
13,robotB,0.05,0.0,,,,,,,,,,-0.6272269587303264,0.35836624650716437,-1.4874469845656133
13,robotC,0.05,0.0,,,,,,,,,,-0.3320870368687908,-0.35222863210583566,-1.2882383813907305
13,robotD,0.05,0.0,,,,,,,,,,0.05740894621170213,-0.5832081047565019,-0.14170558163684693
13,robotE,0.05,0.0,,,,,,,,,,-0.6105681318650623,-0.4057077127074099,-1.5783293643125074
14,robotA,0.0,0.0,,,,,,,,,,0.37546687748551705,-0.042398812348004335,-2.7335210183268757
14,robotB,0.05,0.0,,,robotB,3.0,,,,0.236426808223998,0.5654117079087864,-0.623113107513421,0.30913216973170177,-1.487719374835252
14,robotC,0.05,0.0,,,,,,,,,,-0.31913332755935264,-0.3913802055592939,-1.2836977691635498
14,robotD,0.05,0.0,,,robotB,5.0,,,,-0.30804875692818323,-0.06120164682215024,0.10395642055715183,-0.5897160404259113,-0.14384039008216817
14,robotE,0.05,0.0,,,,,,,,,,-0.6109549153727523,-0.4564750048085862,-1.578814665901102
15,robotA,0.0,0.0,,,robotA,4.0,,,,0.2726166315308095,-0.17122270995825092,0.375911993787552,-0.04220187899851832,-2.7335661921467036
15,robotB,0.0,0.0,,,robotB,4.0,0.1431701911095676,0.3790344187263939,0.5780913391789401,0.32884540760240827,0.4790142819591238,-0.6216808319385067,0.3164234042544285,-1.490692843951068
15,robotC,0.05,0.0,,,robotC,4.0,,,,-0.18021448146009403,0.2960640944843603,-0.30520001218784204,-0.4335346992431742,-1.2801078115459643
15,robotD,0.0,0.0,,,robotD,4.0,0.6623346430124127,-0.21369671532232476,0.5943781512033737,0.14066529812279893,-0.48258862402736,0.14291038429043548,-0.5938130904103208,-0.023398502819178442
15,robotE,0.05,0.0,,,robotB,4.0,,,,-0.37089550204998145,0.3371606373090671,-0.611351471979571,-0.506166634891714,-1.5789558439070086
16,robotA,0.0,0.0,,,,,0.06443104173464283,0.333931971046879,-0.1910163523476752,,,0.37539638797260066,-0.04243364762986668,-2.7335365497885475
16,robotB,0.0,0.0,,,robotB,5.0,0.1078556608642101,0.37141653698559685,0.5781129324216571,0.3216534777054633,0.4809045165239345,-0.6217103938062657,0.3166382319589695,-1.4906886419611287
16,robotC,0.0,0.0,,,robotC,4.0,0.18888583129096512,-0.32906237758496454,0.41234892187675354,-0.24802406702740243,0.3400694749021051,-0.29952559346764646,-0.45245006803955956,-1.2803811386716786
16,robotD,0.0,0.0,,,robotB,5.0,1.1459667832898741,-0.18326382199637803,0.6166428318283014,-0.6890867550683697,-0.26206164576890684,0.14387809041175395,-0.5938361659934291,-0.05602159154731454
16,robotE,0.0,0.0,,,robotB,4.0,0.32367220486316206,-0.5095667019109166,0.6296225912964349,-0.3880536170830543,0.31588605106192147,-0.6117623550368264,-0.5549442446178704,-1.579417195046934
17,robotA,0.0,0.0,,,robotA,4.0,0.06417966735130966,0.333664509795925,-0.19102640306464916,-0.2826270932542136,0.17367758122942076,0.37587273186874604,-0.04222089745535528,-2.7335551855071873
17,robotB,0.0,0.0,,,robotB,5.0,0.10925799373837561,0.3715403629651002,0.5781084664170677,0.32848118807054605,0.49632501712102417,-0.6216799216931265,0.3163360449358012,-1.4906709980652888
17,robotC,0.0,0.0,,,robotD,4.0,0.12170256760638318,-0.3460056524659262,0.4122575894150881,0.06614647992575952,0.3209988741530091,-0.29962544401762237,-0.4521375329057584,-1.280387326667158
17,robotD,0.0,0.0,,,robotA,5.0,1.0032138602527798,-0.1973036399231319,0.6123452486808851,-0.25639765605382137,0.20371239565065818,0.1436346911084776,-0.5938236576445074,-0.056119380494807386
17,robotE,0.0,0.0,,,robotE,4.0,0.3560193247844126,-0.5568325521356117,0.6293560347963673,-0.4141858148962081,0.48772368651061077,-0.6042816783428792,-0.523754486075908,-1.5773118498810836
18,robotA,0.0,0.0,,,,,0.7163163089770209,0.3338969472028057,-0.1910238885304566,,,0.3754153727261833,-0.04242334294910224,-2.7335268658860103
18,robotB,0.0,0.0,,,robotB,5.0,0.09234245766621682,0.37136215666292405,0.5781073625289209,0.3282428790983829,0.4983734600591034,-0.6217131397736786,0.31670912775965615,-1.4906876633131174
18,robotC,0.0,0.0,,,robotD,4.0,0.4220392340962591,-0.3459078876419329,0.4122584669909458,0.06775560265996745,0.31461832414312635,-0.2995214183613586,-0.45247190712236945,-1.280383831234535
18,robotD,0.0,0.0,,,robotC,4.0,0.412926479596972,-0.19711568589367115,0.6123612982140685,-0.4412020768729175,-0.23185737337085557,0.14396490803313702,-0.5938340768299292,-0.056092517316834185
18,robotE,0.0,0.0,,,robotE,4.0,0.20114036117992487,-0.5570034122742973,0.6293590591219068,-0.425274573929551,0.49184040134838947,-0.6042850417791369,-0.5232917459272594,-1.577352491455322
19,robotA,0.0,0.0,,,robotC,4.0,0.7161238715239585,0.33366965084487005,-0.1910301408979447,0.1385840359730163,0.4482793065842748,0.3758093945866549,-0.04225078332135061,-2.733540409888244
19,robotB,0.0,0.0,,,robotB,3.0,0.09074096185920988,0.3715556315568343,0.5781100741934363,0.29193388791890906,0.44049740171799284,-0.621677853736469,0.3163310993702507,-1.490662598290986
19,robotC,0.0,0.0,,,robotD,4.0,0.425172642090621,-0.34605469004987627,0.412254471290137,0.06595327774893907,0.31962471475792087,-0.2995900313452501,-0.4522518186343322,-1.2803899023331662
19,robotD,0.0,0.0,,,robotD,4.0,0.8787450290719294,-0.19729507297070925,0.6123595416255654,-0.1266159859583068,0.4756587755783928,0.14362081362789286,-0.5938155013360785,-0.05610681935448008
19,robotE,0.0,0.0,,,robotE,4.0,0.19033080308725878,-0.5568669817657869,0.6293513202010488,-0.4210130467347261,0.49125773511029425,-0.6042797296628533,-0.5238105228573721,-1.57735126014872
20,robotA,0.0,0.0,,,,,0.6684642952653672,0.33385177126738697,-0.19102893331071638,,,0.3755001234299913,-0.04238954741871217,-2.7335243726675733
20,robotB,0.0,0.0,,,robotB,5.0,0.15888910354747923,0.37137141320393463,0.5781034582806039,0.32870787180345284,0.49916868912761786,-0.6217078276722529,0.31667271268256786,-1.490677414532452
20,robotC,0.0,0.0,,,robotC,4.0,0.422224372939602,-0.3459847833141045,0.41225545993391727,-0.231060417185114,0.3011073191241111,-0.2995597591531513,-0.4523475615662061,-1.280389404374623
20,robotD,0.0,0.0,,,robotC,4.0,0.15381467684620603,-0.19712711269513342,0.6123596746961599,-0.44114851024237284,-0.2318129642252057,0.14392198880189,-0.5938292343122901,-0.05608581784878644
20,robotE,0.0,0.0,,,robotE,4.0,0.1938658032851321,-0.5570981330357493,0.629333073132088,-0.42266001131525166,0.4886662605199671,-0.6042812457586286,-0.5233312448300131,-1.5773831298331806
21,robotA,0.0,0.0,,,robotC,4.0,0.6684309831720917,0.33372251162242134,-0.19103357032783289,0.139270301990194,0.4507018455425653,0.37571150549288435,-0.04229582695907407,-2.7335330523099604
21,robotB,0.0,0.0,,,,,0.08979899553940017,0.3715230061884292,0.5781036235196957,,,-0.6216846371487096,0.3164392953014076,-1.4906603324731318
21,robotC,0.0,0.0,,,robotD,4.0,0.15987881021757205,-0.3459840452262095,0.4122549402163249,0.06590802063392436,0.31943068853864226,-0.29954596791156324,-0.4523924914083899,-1.280390063296611
21,robotD,0.0,0.0,,,robotD,4.0,0.878700154219068,-0.1972477340687653,0.6123590398157513,-0.12656300845538565,0.4755422834547273,0.143720879237266,-0.5938198845775237,-0.0560958295665224
21,robotE,0.0,0.0,,,robotE,4.0,0.19444501696973177,-0.5569076962851061,0.6293304837773184,-0.4212056433526526,0.49138383569946154,-0.6042803247326864,-0.523760643600794,-1.5773799531581165
22,robotA,0.0,0.0,,,robotA,3.0,0.6705650420304106,0.33378194447063647,-0.19103228673715603,0.24568520573061423,-0.15062465817203738,0.375650807492974,-0.04232284018768953,-2.733529331748173
22,robotB,0.0,0.0,,,robotB,4.0,0.08975695124235629,0.3714411905104155,0.5781001389344717,0.3297677214266256,0.4981513775874007,-0.6216948652351504,0.3165274679463667,-1.4906654475098602
22,robotC,0.0,0.0,,,robotD,4.0,0.4222979618718235,-0.34606233263540054,0.4122530814632148,0.06569956819465643,0.3180486826690117,-0.2996029964663177,-0.45220901492289056,-1.2803949641284793
22,robotD,0.0,0.0,,,robotD,4.0,0.1539723917813099,-0.197193049771617,0.6123592951693698,-0.12326766023859165,0.4712073681331436,0.1437137414578515,-0.5938162398647687,-0.056089539900126946
22,robotE,0.0,0.0,,,robotE,4.0,0.193627625437673,-0.557093296618513,0.6293193388251219,-0.4230781443487434,0.48915511755235097,-0.6042800124247207,-0.5233905803744855,-1.5774061071386547
23,robotA,0.0,0.0,,,robotA,4.0,0.09694383138319643,0.3338066344915674,-0.1910315911957386,-0.282478348655352,0.17433413890435323,0.37556740980662806,-0.04236000019054792,-2.733525311630281
23,robotB,0.0,0.0,,,robotB,4.0,0.09016061516719728,0.37144822507739533,0.5780993115366005,0.3063700954409894,0.4668041995974916,-0.6216970649939407,0.31661519390523085,-1.4906568019633113
23,robotC,0.0,0.0,,,robotC,4.0,0.42227330599201124,-0.3459313264825956,0.41225458216913746,-0.26465181178283287,0.3430778421691572,-0.2995211681819063,-0.45246981725184715,-1.2803917898190431
23,robotD,0.0,0.0,,,robotC,4.0,0.15930298188936795,-0.19711813474044523,0.6123581649948525,-0.44411617039070816,-0.2307629969301973,0.14398344590162435,-0.5938288846039856,-0.05607628254912762
23,robotE,0.0,0.0,,,robotE,4.0,0.19383161989420952,-0.5569663410120999,0.6293144827943772,-0.42283708237364176,0.4934044967874855,-0.6042771930185062,-0.5236452415914968,-1.5773980176478384
24,robotA,0.05,0.0,,,robotA,4.0,0.7163705869723888,0.33371388395314916,-0.19103410048177027,-0.28350199320005276,0.17354192704833893,0.3592609401435525,-0.04940609501873769,-2.7336489839786053
24,robotB,0.0,0.0,,,robotB,4.0,0.12896719016947072,0.37153956235713,0.5780942563055125,0.32747798757997226,0.4970402795477337,-0.6216753449948527,0.3163650697194052,-1.4906435227140526
24,robotC,0.0,0.0,,,robotD,4.0,0.10683932583273242,-0.3460743890926621,0.41225157597482687,0.06563664636649581,0.3180355164633391,-0.2996364850067097,-0.45209502687431,-1.2803994584254579
24,robotD,0.0,0.0,,,robotC,4.0,0.8784946702212427,-0.1973317643912483,0.6123564148749299,-0.44151214694636925,-0.23192244010021346,0.14384556733164172,-0.5938227482065283,-0.05607640528598836
24,robotE,0.0,0.0,,,robotE,4.0,0.19100068472251472,-0.557039664364535,0.6293122910873233,-0.42274876693880237,0.48896839297621514,-0.6042781103417032,-0.5235235774643202,-1.5774031225669856
25,robotA,0.05,0.0,,,robotA,3.0,0.6972730667711704,0.3109008233984836,-0.19097833475366274,0.22534072931931481,-0.14973603167954377,0.3121245207933088,-0.06976975538759836,-2.734037844975325
25,robotB,0.05,0.0,,,robotB,5.0,0.09218079154830901,0.3713891541661353,0.5780903121172215,0.32791796665300715,0.4972655800088766,-0.6186382734404262,0.2784602629248886,-1.4908954542155026
25,robotC,0.0,0.0,,,robotC,4.0,0.42219736729979357,-0.3459135993239765,0.4122534140571016,-0.19655495836411233,0.2540129989674198,-0.2994533623821527,-0.45267683666375286,-1.2804012002712337
25,robotD,0.05,0.0,,,robotC,4.0,0.8789288444889449,-0.19716094425786368,0.612357373361741,-0.4411764129079187,-0.23059261789148433,0.1439030665172782,-0.5938231396938742,-0.05607367311511369
25,robotE,0.0,0.0,,,robotE,4.0,0.194238487779652,-0.557033342618424,0.6293116965908516,-0.4202728678517464,0.4907265074984188,-0.6042786059681452,-0.523503271647101,-1.5774057061165572
26,robotA,0.05,0.0,,,robotA,4.0,0.05429584420993253,0.2607760352182649,-0.1908745512727073,-0.21497523598556398,0.17176731598251485,0.26719838300836507,-0.0891536527976655,-2.734369837800182
26,robotB,0.05,0.0,,,robotB,2.0,0.08093042012322077,0.3287334396262272,0.5781918915839815,0.2548488731827371,0.43135510154632994,-0.6146861928739676,0.22901381232914858,-1.4911934816628516
26,robotC,0.05,0.0,,,robotC,4.0,0.21777139420500133,-0.3461801565477597,0.412242832445479,-0.22930100844722107,0.29619088830060614,-0.2915853233646421,-0.479041788877502,-1.2806469719501188
26,robotD,0.05,0.0,,,robotC,4.0,0.8768867854434569,-0.19954061130738457,0.6123442562991198,-0.43737165587669874,-0.2280606928247743,0.19060228301098203,-0.5964485590860114,-0.05632153767708349
26,robotE,0.05,0.0,,,robotE,4.0,0.19465368544880488,-0.5569625165510068,0.6293122109359489,-0.4150475054076621,0.48190622811806716,-0.6042776679154584,-0.523662782938494,-1.5774016678112113
27,robotA,0.05,0.0,,,robotD,3.0,0.5593956571288771,0.2110239104978111,-0.19079058064929783,0.18770148170100281,-0.38231708852130375,0.22166992621243392,-0.10878594871834699,-2.7346847729299903
27,robotB,0.05,0.0,,,robotB,4.0,0.14881016000100944,0.27844753233238034,0.5782821821198749,0.24052768352889062,0.4732936025010607,-0.6106572531831299,0.17837271707473437,-1.491623247594296
27,robotC,0.05,0.0,,,robotB,4.0,0.18973849484085978,-0.37948891147497177,0.41214040407623115,-0.17794369367634857,0.23089249449419252,-0.2768070906250903,-0.5285540521529905,-1.280897721812772
27,robotD,0.05,0.0,,,robotA,5.0,0.8611220758858955,-0.2494015157228286,0.612295455476985,-0.13600819917754176,0.19293074119836076,0.23990888472118121,-0.5992421736306509,-0.056759751242538355
27,robotE,0.0,0.5,,,robotA,4.0,0.2069008135062032,-0.560240971414625,0.6293063775698692,-0.11251701273928628,0.189563737160667,-0.604525644925539,-0.5649458548860614,-1.5653498523716973
28,robotA,0.05,0.0,,,robotA,5.0,0.19343703267046733,0.16098302959830088,-0.19073418237988657,0.11155244613338341,-0.1443262626822716,0.17496076948427697,-0.12890329586569407,-2.7350721958621866
28,robotB,0.05,0.0,,,robotA,3.0,0.10580688508747929,0.22825759583327992,0.5783866178724786,0.16704528801532476,0.029573233574883413,-0.6067642252661225,0.12926587906036166,-1.4918631828664222
28,robotC,0.0,0.5,,,robotB,4.0,0.31031551518429473,-0.4298956497087742,0.4120441735245812,-0.36886177231552086,-0.05956764317842541,-0.26292033537982634,-0.5751463248012019,-1.2812274408307127
28,robotD,0.05,0.0,,,robotB,4.0,0.4501130830889272,-0.2998269896609083,0.612174335606655,-0.2613721665916128,0.045480270795977544,0.2854691464689835,-0.6007677152717078,0.07239505607634492
28,robotE,0.0,0.5,,,robotD,3.0,0.652744849556886,-0.5706433455801235,0.6545326627684416,0.04759004563977192,0.33884167470773585,-0.6047258484276695,-0.5633940405468473,-1.0647778816818996
29,robotA,0.05,0.0,,,robotD,4.0,0.046356922738592723,0.11107585469153235,-0.19068073545879458,0.3021444842810572,-0.003615061519503496,0.13877161514213426,-0.15707868469729497,-2.71708638971438
29,robotB,0.05,0.0,,,robotB,4.0,0.5489748362048082,0.17820787748947328,0.5784345706923085,0.15853914786670334,0.4687224440967123,-0.6028639266371927,0.07983716445756395,-1.4922975630740785
29,robotC,0.0,0.5,,,robotB,4.0,0.48409846350952873,-0.47757322624085313,0.41216654273322434,-0.34944885523196056,-0.10376062620327464,-0.2622036812568216,-0.5776913835329744,-0.85523178555658
29,robotD,0.05,0.0,,,robotE,4.0,0.6039930937982791,-0.25849331695777544,0.6494665037357711,-0.7473495417302938,0.2764366028298357,0.3036903475024673,-0.6036768496380331,0.013018099881227537
29,robotE,0.0,0.5,,,,,0.480947394349918,-0.16465859336642688,0.8514747577355624,,,-0.603473969909402,-0.5655282324907489,-0.547735837917472
30,robotA,0.05,0.0,,,robotB,4.0,0.30502760079542324,0.06119180963531063,-0.19065421738819602,0.2570192237076127,0.28029960913513774,0.09215347690777366,-0.17813973301375555,-2.717458522818211
30,robotB,0.05,0.0,,,robotA,4.0,0.11401562573063889,0.12774066815318946,0.5784995662947614,0.1288686169198926,-0.13752309799177234,-0.5956855159482836,0.03316533879439394,-1.5007300062485347
30,robotC,0.05,0.0,,,robotC,4.0,0.6966974297367894,-0.237120530726154,0.5838218460250151,-0.1851602027632811,0.4275106642767439,-0.26438106307240605,-0.5520984746298249,-0.3897776594350613
30,robotD,0.05,0.0,,,robotE,3.0,0.5582762082632193,-0.32568764019974766,0.6423239700760983,-0.6017464202844485,0.36489156142647716,0.35256714958015395,-0.6030314518598018,0.013042930759827822
30,robotE,0.0,0.5,,,robotE,3.0,0.5328800844443361,0.26277084091102115,0.8263438898245858,0.10507904031554173,0.42534198802888135,-0.6034741320117134,-0.546679766597634,-0.057661594974325166
31,robotA,0.05,0.0,,,robotB,4.0,0.5312615616527288,0.011145394676357383,-0.19064084048371283,0.27350704925026476,0.20593304937059323,0.04761103396910892,-0.19823811601329783,-2.717825979868853
31,robotB,0.05,0.0,,,robotB,4.0,0.7178651621419644,0.07782285666953177,0.5785248901888882,0.08491042035820864,0.48303962687243646,-0.5922222907470647,-0.016294105574801716,-1.5011520984161906
31,robotC,0.05,0.0,,,robotC,4.0,0.29527306883268656,0.031221269200307766,0.6284216987391225,-0.21235345549853352,0.40895838265231316,-0.22854417352026601,-0.5532062192041807,-0.29669319510792497
31,robotD,0.05,0.0,,,robotD,3.0,0.35802099944374216,-0.37545190640473236,0.6423259302970967,-0.25119300834723707,0.49853461023428847,0.40398039824184684,-0.6023619623954778,0.012741895438999406
31,robotE,0.0,0.5,,,robotE,3.0,0.545520187696914,0.6190244800911381,0.6082418516667338,0.39909266975595525,0.438493243959434,-0.6156719674291263,-0.5384386559159329,0.4173886522284907
32,robotA,0.05,0.0,,,robotA,3.0,0.5046461567745549,-0.038570864085295156,-0.19064622335486262,-0.0270978789473496,-0.10507632606090313,-0.0025898782011294598,-0.22088164792936,-2.718119287793901
32,robotB,0.05,0.0,,,robotB,4.0,0.1114971175370292,0.027377440175275554,0.5785465031187902,-0.04615270690224668,0.472386775726396,-0.5888218379327401,-0.06516568474210374,-1.5013850613020752
32,robotC,0.05,0.0,,,robotC,4.0,0.3387424907681016,0.046711996635617405,0.6272049555058297,-0.2137274264313816,0.39810489980824454,-0.2010060826202346,-0.5561508787174463,-0.14656437118755378
32,robotD,0.05,0.0,,,robotB,3.0,0.22616130234601883,-0.4258630621029909,0.6421984783424854,-0.42185934539568126,-0.04726022697336289,0.452888385861168,-0.6017492044720193,0.012331156348936494
32,robotE,0.0,0.5,,,robotE,3.0,0.4751826549547447,0.8334212743807126,0.24573116580464946,0.5435741564636679,0.19834232236870628,-0.5998687818787753,-0.5399291101101895,0.7831627123012358
33,robotA,0.0,0.5,,,robotA,4.0,0.1055403211044194,-0.08885104577694891,-0.19066432618556797,-0.05150216122676717,-0.09398567814508908,-0.00803097016723564,-0.22330439304664626,-2.3419708736702587
33,robotB,0.05,0.0,,,robotB,4.0,0.10875321503056579,-0.02255476962599984,0.5785489118003786,0.0037373950134000694,0.45645872988991426,-0.5852686111499318,-0.11637544522357408,-1.5017924710232307
33,robotC,0.05,0.0,,,robotA,4.0,0.39694244128360484,0.11789647939703318,0.6162536719232732,-0.09123343892117482,-0.09858184671199818,-0.15217878797610854,-0.5611055973958414,-0.13000747862589287
33,robotD,0.05,0.0,,,robotD,3.0,0.6913963306876698,-0.47592700741564636,0.6420187978141818,-0.43117852474020835,0.45278402672989326,0.5024927669953474,-0.6011415437975592,0.012077490091533277
33,robotE,0.05,0.0,,,robotB,3.0,0.3777665738093254,0.8494326877783928,-0.023374034965695054,0.2731595251206081,0.0908375425202246,-0.5607684989345829,-0.5228540384573174,0.8959491289504756
34,robotA,0.0,0.0,,,robotA,4.0,0.11775161357291242,-0.15934709364724994,-0.14126054514909023,-0.10075820058310772,-0.09794294654802752,0.0015947164876362867,-0.21190695543416965,-2.0770560137923386
34,robotB,0.0,0.5,,,robotB,4.0,0.14418460895110077,-0.07299584146568575,0.5785292499913153,-0.034980745981397825,0.4548041072963482,-0.5845099184083768,-0.12747051247662852,-1.1660093634181727
34,robotC,0.05,0.0,,,robotE,4.0,0.7321205139042081,0.06933970265780935,0.6157127095341048,-0.7496777718079262,-0.05951808788280126,-0.09762400145078931,-0.5760983745040344,-0.13412987771766557
34,robotD,0.05,0.0,,,robotB,3.0,0.2116501641361605,-0.5262457391838976,0.641881929195207,-0.3980716599688494,-0.217470907359537,0.5331804148859782,-0.5909450432538212,0.026711350542676485
34,robotE,0.0,0.5,,,robotE,3.0,0.5776702129017298,0.8075875756580707,-0.12845571700376815,0.4639006554228091,-0.09587483445705064,-0.5570506508617091,-0.5172650993591636,1.290548275428062
35,robotA,0.0,0.0,,,robotE,4.0,0.09038913883076641,-0.1910395280578173,-0.09352952067102314,0.4810423658216975,-0.21293633957143956,0.003617646602744386,-0.22673277253593896,-2.055767996408669
35,robotB,0.0,0.0,,,robotB,3.0,0.2082004154824478,0.14056136944299752,0.5667522145576689,0.06812130371266177,0.33229794800425655,-0.5675094755125063,-0.1200886382929468,-1.019342893409818
35,robotC,0.05,0.0,,,robotC,4.0,1.021914703077233,0.017189402269338357,0.6159257644751722,0.03770959115567387,0.31726318513425833,-0.048530747953573365,-0.5827134963540547,-0.134342708342022
35,robotD,0.0,0.0,,,robotB,4.0,0.8774486209062298,-0.5764332515045825,0.641658433889547,-0.543415670315049,-0.09442530738858551,0.5402191202788941,-0.5908263827014958,0.4132363043024462
35,robotE,0.0,0.5,,,robotA,3.0,0.40691301782169714,0.683016638033405,-0.43875439091580754,-0.11153272098410862,-0.04300253192841985,-0.5555266593278777,-0.5306989854014077,1.770211926718024
36,robotA,0.0,0.0,,,robotA,4.0,0.6817502321784965,-0.19030919066425991,-0.09431734160182216,-0.1405905058951555,-0.06476622601160005,0.0034306491865298957,-0.22716494340223978,-2.055767342395434
36,robotB,0.0,0.0,,,robotB,5.0,0.25027735105648036,0.1838446297095237,0.5542142932158537,0.1554812263622864,0.44535511179136805,-0.5677195988865141,-0.11977395486472428,-1.0173628884656571
36,robotC,0.0,0.0,,,robotB,4.0,0.30691440586954005,-0.03304864487462296,0.6159096727481822,-0.31461120243270824,-0.10779317433674197,-0.029381496429649094,-0.5853014410132358,-0.1345403477276025
36,robotD,0.0,0.0,,,robotD,3.0,0.945148553495036,-0.29125844368200976,0.8164657515369553,-0.23963096428295236,0.6229007537733435,0.5308553668124881,-0.5919882241360243,0.4261344536728363
36,robotE,0.0,0.0,,,robotB,3.0,0.8393723887489714,0.40395557845122604,-0.7054357890490306,0.23967241538357936,-0.23797495497290871,-0.5665492423226675,-0.5228898644644584,2.281885780068935
37,robotA,0.0,0.0,,,robotA,4.0,0.058052293903173215,-0.19053668516929206,-0.09435419659655599,-0.13869263300159285,-0.06560775238646023,0.0036021484567049173,-0.22681612357478456,-2.0558015233361906
37,robotB,0.0,0.0,,,robotB,4.0,0.11250347776387377,0.18477821989322038,0.5539770187853756,0.11650109876232971,0.33853050311128985,-0.567547931432311,-0.12001794869703053,-1.0173169535158966
37,robotC,0.0,0.0,,,robotB,3.0,0.7701582973160923,-0.05114524874688007,0.6158983995904659,-0.3427118838422773,-0.12155256384295626,-0.029489224690059483,-0.5852853755116966,-0.13452456635047083
37,robotD,0.0,0.0,,,robotB,3.0,0.20019372424093523,-0.2942872864765754,0.8154889508927996,-0.4430469331517811,0.05899744329503494,0.530665544652678,-0.592075274161151,0.42620699960860614
37,robotE,0.0,0.0,,,robotA,3.0,0.6132145637810144,0.027249587555863482,-0.8132215485750058,-0.10225377609593268,0.06888223691668016,-0.5736307689657429,-0.4977003435254545,2.27783350066121
38,robotA,0.0,0.0,,,robotA,4.0,0.05911085512963709,-0.19034787443192341,-0.09434499698177953,-0.13901341020370053,-0.06502238955835976,0.0034813977604237697,-0.22706283604381453,-2.0557951930481586
38,robotB,0.0,0.0,,,robotB,5.0,0.22594901489048186,0.18462374482449287,0.5539655569522757,0.15688163777945704,0.4428445477843949,-0.5676466197316044,-0.11987363011539634,-1.017354584677658
38,robotC,0.0,0.0,,,robotB,3.0,0.7930217384612245,-0.05107782409590398,0.6158978093130355,-0.3447734913727021,-0.12117226543355396,-0.02926646917496141,-0.5853129743361408,-0.13453133116672408
38,robotD,0.0,0.0,,,robotB,3.0,0.7710724281718562,-0.29402667571569296,0.8155327381494948,-0.4579056544373114,0.061206825180595864,0.5309239305939819,-0.5919522251964408,0.4262231647219678
38,robotE,0.0,0.0,,,robotA,3.0,0.892769216743446,0.03798035034606,-0.8128043650830085,-0.09689623993051621,0.07701905799403128,-0.5743267596168558,-0.5108264697118582,2.25325998347359
39,robotA,0.0,0.0,,,robotA,4.0,0.05923309400608272,-0.19047482799222776,-0.0943529521974925,-0.13811885427849294,-0.065338424790344,0.0035522786407093214,-0.22692710159660087,-2.055805829265856
39,robotB,0.0,0.0,,,robotB,4.0,0.11455425309433007,0.18469791558330773,0.5539702945361663,0.11978209911767199,0.3380632859077244,-0.5676421357336863,-0.11988185921790276,-1.0173555112537223
39,robotC,0.0,0.0,,,robotB,3.0,0.79338285662843,-0.05119827888276443,0.6158962197178436,-0.34320432600888195,-0.12072162521925475,-0.029549855351189168,-0.5852779286768943,-0.13452143107568343
39,robotD,0.0,0.0,,,robotB,3.0,0.7718860955675562,-0.2941762766731444,0.8155282655410598,-0.4596093605620637,0.06151214674200006,0.5306743540998997,-0.5920695274388104,0.42620158590613355
39,robotE,0.0,0.0,,,robotB,3.0,0.899986995779803,0.03785115178644178,-0.8128234747038793,0.07359620027316219,-0.3258936237120911,-0.574172107882788,-0.5110370469419978,2.2532584564069653
40,robotA,0.0,0.0,,,robotA,4.0,0.05980887962871441,-0.19041817226583166,-0.09435365218047957,-0.13873373526146185,-0.06485661898139645,0.003558710159583931,-0.22691186043113185,-2.055824977540404
40,robotB,0.0,0.0,,,robotB,5.0,0.22545645899207692,0.1847026211899334,0.5539705361683654,0.15849472979073526,0.44333556660493023,-0.5675653279279851,-0.1199992950979131,-1.0173248964342578
40,robotC,0.0,0.0,,,robotB,3.0,0.7924392215144234,-0.05105452114092056,0.6158979586298291,-0.34217674001937565,-0.1192246653775096,-0.029282575448289834,-0.5853103927547607,-0.13452890032218998
40,robotD,0.0,0.0,,,robotB,3.0,0.771979341371817,-0.2940460821980629,0.8155286613902064,-0.45818011306272166,0.061163675309305575,0.5308342262937075,-0.5919926590101697,0.42621178469413334
40,robotE,0.0,0.0,,,robotB,3.0,0.4882440678203714,0.037995115359317225,-0.8128380071017556,0.07286157456703665,-0.3234913730821072,-0.5744710449761473,-0.5106771062556661,2.253257084505311
41,robotA,0.0,0.0,,,robotA,4.0,0.05948616343447573,-0.1903897379604102,-0.09435680585062485,-0.13866125372301535,-0.06528620771440122,0.003487217928948021,-0.22705764420024438,-2.0558132648793
41,robotB,0.0,0.0,,,robotB,5.0,0.11367643037806267,0.184627080152502,0.5539675289307807,0.1589438636066142,0.4441436133467179,-0.5677123756828152,-0.11976390756480274,-1.0173858476704434
41,robotC,0.0,0.0,,,robotB,3.0,0.7906203278669637,-0.05118174864249555,0.6158960171162117,-0.3460808056760122,-0.12163525253002641,-0.02953064482754285,-0.58528083665991,-0.13452300360528693
41,robotD,0.0,0.0,,,robotB,3.0,0.7719953608399331,-0.29412408088478836,0.8155259592713363,-0.45970193974979945,0.06149794762361488,0.5308172413732465,-0.592001940188849,0.4262086650110895
41,robotE,0.0,0.0,,,robotA,3.0,0.490606879355743,0.037758167003666306,-0.8128407992068555,-0.09505766709263726,0.07622606313641433,-0.5741694877525799,-0.511040420507252,2.253257850684084
42,robotA,0.0,0.0,,,robotA,4.0,0.05942028525839236,-0.1904831198515859,-0.09435964045188912,-0.1392596587190093,-0.0651096148507129,0.003609211380809201,-0.2268252141943648,-2.0558426374172827
42,robotB,0.0,0.0,,,robotC,3.0,0.11281970850977999,0.18476917220707306,0.5539677457763565,0.3111653959145293,-0.21391294007425307,-0.5675311253228182,-0.12004556750165143,-1.0173154303014569
42,robotC,0.0,0.0,,,robotB,3.0,0.7943401940377299,-0.051087439335574254,0.6158979722666837,-0.342213069541529,-0.11904653667634398,-0.029113722100708422,-0.5853331260066891,-0.1345300051335691
42,robotD,0.0,0.0,,,robotB,3.0,0.7719913864919409,-0.29413606954072447,0.8155262252363719,-0.460731903054832,0.06163208047006144,0.5307035822733269,-0.5920563180726539,0.4261987724109796
42,robotE,0.0,0.0,,,robotB,3.0,0.8989651367729565,0.03799650102270768,-0.8128379983801639,0.07354729011387869,-0.32614859451756284,-0.5744495132773594,-0.5107023215007311,2.2532543048821068
43,robotA,0.0,0.0,,,robotA,4.0,0.05976981377138419,-0.1904865348130915,-0.09436265263806386,-0.13799322933573885,-0.06536477743954246,0.0034733219065568735,-0.2270818650421038,-2.0558284862418486
43,robotB,0.0,0.0,,,robotB,4.0,0.11661106513947658,0.1847199521369315,0.5539660800055602,0.12016104711767649,0.3344823277917606,-0.5676667450727453,-0.11983047262031016,-1.0173695844357529
43,robotC,0.0,0.0,,,robotB,3.0,0.7946526563057813,-0.05105331965148184,0.6158970098863279,-0.34313118033764006,-0.11938490653690072,-0.029577922011040862,-0.5852740738476748,-0.13451558621797322
43,robotD,0.0,0.0,,,robotB,3.0,0.772101964614219,-0.2940479371381833,0.8155272318455257,-0.4600336675806719,0.06153062249575562,0.5309224295146854,-0.591953469189044,0.4262150169884949
43,robotE,0.0,0.0,,,robotA,3.0,0.48800395048479106,0.03778175045673585,-0.8128401620033738,-0.0952055177577939,0.07572822319537548,-0.574206945998205,-0.5109945291549272,2.2532544159992076
44,robotA,0.0,0.5,,,,,,,,,,0.004145365956999176,-0.22607140027491074,-1.8753206296673157
44,robotB,0.0,0.0,,,,,,,,,,-0.5675951500503555,-0.11994214692539965,-1.0173443811898206
44,robotC,0.0,0.0,,,,,,,,,,-0.029126400950075168,-0.5853307395754856,-0.13452157404211054
44,robotD,0.0,0.0,,,,,0.7718691360968,-0.2941847701348596,0.8155253549999889,,,0.5306555211229872,-0.5920785908961116,0.4261941016829062
44,robotE,0.0,0.0,,,,,0.8993792378362745,0.03796043638982403,-0.8128381877919256,,,-0.5743755010508996,-0.510790372311471,2.253242446067659
45,robotA,0.0,0.5,,,robotA,4.0,0.06795977822453615,-0.20483151214378198,-0.05306943654958806,-0.14204418614453254,-0.054832540584919126,0.0023760486321166632,-0.2257680743630067,-1.3830005072977434
45,robotB,0.05,0.0,,,robotB,4.0,0.22876564487199197,0.1846718796726064,0.553963700023593,0.15881878029526186,0.44310245154523975,-0.5602156565394351,-0.1254123939817245,-0.6569486411809748
45,robotC,0.0,0.0,,,robotB,3.0,0.7910963821520504,-0.05124424561281577,0.6158942943052074,-0.3461104944069732,-0.12251824374497627,-0.02955738763025058,-0.585273266382054,-0.1345071395289351
45,robotD,0.0,0.5,,,robotB,3.0,0.7720523756088565,-0.29403796462014475,0.8155268408429828,-0.4582351990597735,0.06146295312870032,0.5308853431783357,-0.5919700205839503,0.4262116693122403
45,robotE,0.0,0.0,,,robotA,3.0,0.8984741130276498,0.037852259836494366,-0.8128388027528594,-0.09611226955219124,0.07613808976313574,-0.5743035280219497,-0.5108795201209182,2.2532421741959228
46,robotA,0.0,0.5,,,robotC,4.0,0.12080588381183639,-0.20412523669453814,0.048801453481538436,-0.2974762997353384,-0.18669709464369985,-0.0053706842115303945,-0.23036591251048033,-0.908825046868701
46,robotB,0.05,0.0,,,robotC,4.0,0.1975601950057112,0.3560635069327517,0.4542625798776804,0.20845990533305303,-0.279951991585562,-0.5105693418820609,-0.16212348356760742,-0.7224200156049118
46,robotC,0.05,0.0,,,robotB,3.0,0.7951797360054224,-0.05105293264186672,0.6158934624182477,-0.3379165713641473,-0.12995980949410316,0.0005145886356718466,-0.5893389500604203,-0.13465922872170782
46,robotD,0.0,0.5,,,robotB,3.0,0.7722770606887835,-0.2931192941477327,0.8158823301407074,-0.45831398809640994,0.05567921647889954,0.5304820185733323,-0.5921722992531041,0.8752873952725677
46,robotE,0.0,0.5,,,robotA,3.0,0.8990205888746545,0.03789330847800618,-0.8128391451969745,-0.09466599141578637,0.07470387502555476,-0.5742941865578978,-0.5108940214550518,2.2535693910442274
47,robotA,0.05,0.0,,,robotA,4.0,0.3535066909526761,-0.15668020917810474,0.13756119967135708,-0.11668872875656426,0.0827680418628924,-0.009404340642828366,-0.2321860578406203,-0.43321977248812676
47,robotB,0.05,0.0,,,robotD,3.0,0.7522116286374008,0.2875554523315139,0.46808960398405947,0.48159343829488765,-0.09883001321612386,-0.4721948197377968,-0.19594623930036603,-0.7228074370844427
47,robotC,0.05,0.0,,,robotA,3.0,0.7880085378591405,-0.08359019236426173,0.6158790126945163,-0.0024326059041841963,-0.10945499396997073,0.048973254047792736,-0.5959130521693685,-0.13502507918883802
47,robotD,0.05,0.0,,,robotB,3.0,0.9831560634999598,0.10686753872143012,0.8601453046023158,-0.39608930011750343,0.20485156861117593,0.5236673787851828,-0.6033261933106223,1.3532572049059117
47,robotE,0.0,0.5,,,robotA,3.0,0.8971597639812141,0.03552590773698633,-0.8129591868970545,0.0220083383217407,0.10458988696596164,-0.57323455455317,-0.5120407012677017,2.729633661452528
48,robotA,0.05,0.0,,,robotA,4.0,0.11860539717721405,-0.07562348437818683,0.19403747137391683,-0.05135476186200815,0.0961682364481901,0.03746316807715625,-0.2485995404718007,-0.37973297457782323
48,robotB,0.05,0.0,,,robotB,6.0,0.6173638126997857,0.23733417425543465,0.46815807233957873,0.19839481409725418,0.36536126438551214,-0.43536821472568416,-0.22843971824483011,-0.7231363864663679
48,robotC,0.05,0.0,,,robotD,4.0,0.7370582108162347,-0.13360222213016099,0.615837593825299,-0.050583876956354246,0.36453126030068295,0.0995591278377178,-0.6027911131143407,-0.13527804207475808
48,robotD,0.05,0.0,,,robotD,3.0,1.0281776884148877,0.501480281106584,0.7063674764499982,0.36088052647302615,0.5680933828092404,0.5342310312977573,-0.5520753746474103,1.38448356188659
48,robotE,0.0,0.5,,,,,0.9180119118807458,-0.3478177104921712,-0.7356330381995162,,,-0.581850378852719,-0.49855321410104153,-3.0816512620293532
49,robotA,0.05,0.0,,,robotD,4.0,0.12262496391936571,-0.1251631257156491,0.19409273390145398,0.18927101599976312,-0.32572360327007877,0.0830456398755199,-0.2668291799814608,-0.38084886451387334
49,robotB,0.05,0.0,,,robotB,3.0,0.10346774434893313,0.18726544330163006,0.4682287093151385,0.11131697102648871,0.255920420270118,-0.39830163354767556,-0.2611652082292458,-0.7234142584289024
49,robotC,0.05,0.0,,,robotC,4.0,0.28437214624469703,-0.18374630679948703,0.6157986175878724,-0.08562093208584247,0.3227504032802141,0.12572486075248746,-0.6142706994815618,-0.13210145461454698
49,robotD,0.05,0.0,,,robotB,3.0,0.16504376056211995,0.45802569345097394,0.7015184907661501,-0.2458146878126861,0.30820019262114395,0.5437633875804355,-0.500680982254228,1.3880524450200484
49,robotE,0.0,0.5,,,robotE,3.0,0.8950550959592228,-0.6568919587783264,-0.47869221579394144,-0.41509824293638947,-0.386602400401156,-0.5705347776675297,-0.5043995862542665,-2.6034891400293456
50,robotA,0.05,0.0,,,robotA,4.0,0.6347453813826152,-0.17515023914926367,0.1939867468117428,-0.09681027363733749,0.10262608155488541,0.12899596558251533,-0.28522035885189606,-0.38129148650252315
50,robotB,0.05,0.0,,,robotB,4.0,0.2139097153330356,0.1370656820296597,0.46827477081546354,0.11801669875707287,0.3538539710881632,-0.36014993361213166,-0.2948723447633411,-0.7237884037025388
50,robotC,0.05,0.0,,,robotC,5.0,0.32842522987513184,-0.2340622698391124,0.6157150783940457,-0.13757150650233121,0.3974877935014808,0.15421393363869706,-0.6165186313199309,0.08644266494020375
50,robotD,0.05,0.0,,,robotB,4.0,0.7628697843885529,0.4076162767158377,0.7018984051245287,-0.18204862487426302,0.16860408704198715,0.5527679916882338,-0.45192467676232656,1.3876817311349892
50,robotE,0.0,0.5,,,robotE,4.0,0.4735493940840956,-0.8032782642116691,-0.11537316208025247,-0.4851895754651161,-0.11284977499777898,-0.5540559724232371,-0.5116300218652674,-2.087826600320612
51,robotA,0.05,0.0,,,robotB,4.0,0.15765851416325044,-0.22537329236911852,0.19388262818434956,0.029574991943806573,-0.2397963158517868,0.17606618657012543,-0.3040958835821256,-0.38161106033044195
51,robotB,0.05,0.0,,,robotB,4.0,0.11861102683391926,0.08692396332656149,0.46831714197751495,0.07965557323282814,0.3399217918004974,-0.3232161796710492,-0.3275249373916842,-0.7240684472928893
51,robotC,0.0,0.5,,,robotC,5.0,0.26061869586636693,-0.11667009583427054,0.6572669991111117,-0.08240404469610813,0.42168899576174795,0.180625669248175,-0.6166657157396649,0.3506300465899496
51,robotD,0.05,0.0,,,robotD,4.0,0.7585044668277632,0.3572071989343161,0.7020196686349887,0.3266848898503553,0.5578319382093934,0.5592029140613722,-0.4120474636526453,1.5185700454998496
51,robotE,0.05,0.0,,,robotB,4.0,0.47676247499245683,-0.7613356117986503,0.2757963676284041,-0.40165489415760547,0.008341871297638916,-0.558379211993379,-0.5301620391229765,-1.7470983105818356
52,robotA,0.0,0.5,,,robotA,5.0,0.5300274730105075,-0.2752529844680639,0.19380376134210445,-0.16001891424757764,0.11239661365327162,0.2214527043228905,-0.3223160443867026,-0.3819365122095174
52,robotB,0.05,0.0,,,robotB,5.0,0.13537733462089538,0.0367973211648957,0.468335938056817,0.04032779689573935,0.33266025565823504,-0.28624998073333263,-0.3602254260892087,-0.7244374948717539
52,robotC,0.05,0.0,,,robotD,5.0,0.2803660733018888,0.048424224716068415,0.669658951565541,-0.12617610159975376,0.37218787647320223,0.19698664248641923,-0.604799964566791,0.651233533098572
52,robotD,0.05,0.0,,,robotD,4.0,0.12622596320468774,0.4154384754513655,0.647586017949065,0.3369151697965469,0.5329241342995196,0.562676903826957,-0.36250562081845095,1.4957504310760492
52,robotE,0.0,0.5,,,robotD,4.0,0.5530338271727979,-0.6598580103071161,0.4973997051047199,-0.055745339801295535,0.356126135257209,-0.5595860100531707,-0.5611900792412967,-1.5073146511890805
53,robotA,0.0,0.5,,,robotA,5.0,0.18186973451628463,-0.3225526269451698,0.19400171502420566,-0.19513286627056836,0.11786814609536196,0.22001538760805286,-0.321892477786047,0.05897403028343908
53,robotB,0.05,0.0,,,robotB,4.0,0.14593757766406673,-0.013418651825311222,0.46834037883156865,0.009292752327089579,0.33925346072436474,-0.26791599518007575,-0.39392036066633324,-0.7400419876726712
53,robotC,0.0,0.5,,,robotD,5.0,0.42431944663758137,0.20943673416769165,0.6318241937767662,0.0042965324371665465,0.37792856504057654,0.20681281864505666,-0.60031456907426,0.9186492237248228
53,robotD,0.05,0.0,,,robotD,4.0,0.12947469025899996,0.34095250106588726,0.6623358624151953,0.3231962884747318,0.5258325359972248,0.5663654575923367,-0.31364784151709013,1.4953161285800773
53,robotE,0.0,0.5,,,robotE,4.0,0.5655426092364617,-0.5356233765785035,0.6553844061217547,-0.5015420036666078,0.49278162437858986,-0.5485031283856896,-0.5514843391999051,-1.1192844021971364
54,robotA,0.0,0.0,,,robotA,4.0,0.20018647508606188,-0.1982268823079152,0.31803070970839903,-0.13193999790389954,0.185571553103626,0.18427899735196812,-0.30289174694914617,0.38656167114952406
54,robotB,0.05,0.0,,,robotB,4.0,0.14819001704836945,-0.06350534799840435,0.46832986345466765,-0.023206390986884734,0.3177356953871508,-0.2314290702508174,-0.42724890039106606,-0.7403855735990233
54,robotC,0.0,0.5,,,robotC,4.0,0.3972818054467656,0.3610071632784717,0.5528295621327597,0.22920408670236195,0.38792451718060944,0.19803501980489596,-0.602148614744572,1.4427099215592283
54,robotD,0.05,0.0,,,robotE,4.0,0.14024505054630618,0.2910604593000056,0.6623461349022012,-0.478345668279068,0.5278823653241258,0.5643793093897436,-0.27924510023224036,1.5242199927627744
54,robotE,0.0,0.5,,,robotD,4.0,0.4162576157791555,-0.23472794302882316,0.8122822655987971,0.46859721197801185,0.3588425101941192,-0.5492528507724452,-0.5632222864495056,-0.6391854640573185
55,robotA,0.0,0.0,,,robotB,3.0,0.1776467929763564,-0.10095113102977504,0.3604946024271563,0.16454513904372808,0.09179218568111054,0.18202696469096638,-0.29638034553336523,0.36797841676957
55,robotB,0.0,0.0,,,robotC,4.0,0.17568208158423856,-0.1137322388628933,0.4682988537496826,0.3793213606452792,-0.20158011490179606,-0.22470413370762093,-0.4333984658387949,-0.7405720078310388
55,robotC,0.0,0.5,,,robotC,4.0,0.3632369344201645,0.5840257578377399,0.3101900189211066,0.39474830073948364,0.2462305300065735,0.21600197490680462,-0.5869161083294847,1.8962997063645715
55,robotD,0.0,0.0,,,robotD,4.0,0.7316718872490618,0.24085225036282618,0.6624115607122325,0.2260888674425416,0.5201698839856592,0.5626032767415151,-0.24042200504683178,1.632694269134591
55,robotE,0.0,0.5,,,robotD,3.0,0.5527417205124096,0.1745193459431403,0.8268613327893166,0.5630963301401167,0.05801965223591662,-0.5543435305241089,-0.5537153024687872,-0.15008723960915507
56,robotA,0.0,0.0,,,robotA,3.0,0.3762307511396281,-0.10015345795704006,0.36065390034795797,0.10890251222625297,0.04785175931658508,0.18236326830492786,-0.29620611451699985,0.3680029675634021
56,robotB,0.0,0.0,,,robotC,4.0,0.8316190106268869,-0.12047676003360662,0.4682816306947174,0.38676888644315144,-0.19072674024332925,-0.2246563426943664,-0.43344120601617186,-0.740550942788526
56,robotC,0.0,0.0,,,robotB,4.0,0.8953132238710255,0.6627441140162976,0.0012656613730671375,-0.1972314708487281,0.25031939508205187,0.22711923119939473,-0.5980246701479369,2.125957399515118
56,robotD,0.0,0.0,,,robotD,4.0,0.14183583995999793,0.2671983057715063,0.6357673273921178,0.2629873567982021,0.49399401041779306,0.5625025406565505,-0.24002217538483042,1.6400151534961476
56,robotE,0.0,0.0,,,,,0.5886878998057494,0.5452484750527677,0.646436933972683,,,-0.5830517061270014,-0.5394833882695013,0.33309791227280294
57,robotA,0.0,0.0,,,robotA,3.0,0.3763053171246688,-0.10035120614789515,0.3606113683502489,0.11022791687830634,0.04914189839299679,0.1820979154043305,-0.2963222084039232,0.3679932879068287
57,robotB,0.0,0.0,,,robotD,3.0,0.8316339535806246,-0.12049926011252216,0.4682831688157927,0.3026032256439729,-0.06439630579862612,-0.22467527853419111,-0.43342430679436195,-0.7405497387649301
57,robotC,0.0,0.0,,,robotB,4.0,0.9252960705582681,0.6535394301193623,-0.11349606948276729,-0.12707969347917025,0.2960668381465358,0.22551617135177013,-0.5919501631709022,2.1677239460867814
57,robotD,0.0,0.0,,,robotD,4.0,0.13761086921844695,0.2791023415594281,0.6306580458960489,0.24717519909203384,0.5063826249934064,0.562462450924901,-0.23951260368253044,1.6400771583456732
57,robotE,0.0,0.0,,,robotD,3.0,0.3411863326584273,0.7849387782695868,0.317237787791341,0.3889437482127003,-0.4181442192593458,-0.5647090931270567,-0.5498750336410873,0.3477978090039507
58,robotA,0.0,0.0,,,robotA,3.0,0.3759149616152943,-0.10022528106535195,0.36062465849620956,0.10854319047354648,0.04887723021172987,0.18223303881621966,-0.29626772069928625,0.3680170282532801
58,robotB,0.0,0.0,,,robotA,3.0,0.6802628142005887,-0.12049228810273728,0.46828341282365443,-0.14509814970104598,0.021042491129696583,-0.22467921753394418,-0.43342062661912084,-0.7405504544855512
58,robotC,0.0,0.0,,,robotB,4.0,0.8850411334580276,0.6515600466699328,-0.124668188887353,-0.1273401917422694,0.29686062638515254,0.22542956248186083,-0.5918453132145337,2.1677900100360183
58,robotD,0.0,0.0,,,robotD,4.0,0.12822820746513508,0.2788237268487045,0.6306438171676204,0.24393710894898193,0.506712783386085,0.5624964042445272,-0.2399669682399824,1.6400066700233804
58,robotE,0.0,0.0,,,,,0.8403359852220875,0.7817151900390258,0.32475224899504423,,,-0.5589721536486021,-0.550093363362769,0.36097462962618915
59,robotA,0.0,0.0,,,robotA,3.0,0.37521457519773865,-0.10026275829215751,0.3606240075822003,0.10444420662020357,0.12741401696808213,0.18223456719964326,-0.29626670874157035,0.3680172372510516
59,robotB,0.0,0.0,,,robotD,3.0,0.4479178110055266,-0.12048257060519445,0.46828340907187066,0.302262643803265,-0.06424811296573683,-0.22465350904615605,-0.43344337369423075,-0.7405507451150123
59,robotC,0.0,0.0,,,robotB,4.0,0.8855674992167061,0.6514575727983279,-0.1246887036054178,-0.12555911057352973,0.29246290988998636,0.22556878847483955,-0.5920494146372425,2.1677901590686512
59,robotD,0.0,0.0,,,robotD,4.0,0.12882179444081687,0.27907204993683854,0.6306506333139094,0.24617435175292723,0.5046470876146627,0.5624614726853162,-0.2395539541309166,1.6400542224512007
59,robotE,0.0,0.0,,,robotD,2.0,0.84022857278547,0.7815582899841015,0.32471369186144206,0.3580652542474385,-0.4434323187317262,-0.5591754014913365,-0.5501787111497557,0.3609942589658835
60,robotA,0.0,0.0,,,robotA,3.0,0.3103352097804198,-0.10030251568187856,0.36062362683871163,0.10939963608625844,0.0493957223451905,0.18209349977599365,-0.296323076633883,0.36800162188491947
60,robotB,0.0,0.0,,,robotA,3.0,0.6799426658966552,-0.12050538897185088,0.46828284328949255,-0.14602127864530293,0.0210089017464673,-0.2246923346783299,-0.4334087044619678,-0.7405529058729524
60,robotC,0.0,0.0,,,robotB,4.0,0.8820380996646584,0.6515980334292624,-0.12469171705962007,-0.1270055042871736,0.29591635207150097,0.22540734217273986,-0.5918193097251677,2.167800599849425
60,robotD,0.0,0.0,,,robotD,4.0,0.13015713050158537,0.2788137247641497,0.6306453016886766,0.24372278008948975,0.5068073296310903,0.5624920277611389,-0.23997482171704895,1.6399932524647909
60,robotE,0.0,0.0,,,,,0.8771833687412036,0.7816521600308478,0.32469839647565524,,,-0.5591103881506291,-0.5501522144324892,0.3609962026017475
61,robotA,0.0,0.0,,,,,0.3754038818976257,-0.10019842545499726,0.3606246128116008,,,0.18232248210560842,-0.2962314284638038,0.36803053192552226
61,robotB,0.0,0.0,,,robotA,3.0,0.4480029315171642,-0.12047808644587064,0.46828305926088903,-0.14523112608917413,0.02090191700864061,-0.2246532366744419,-0.4334435778866551,-0.7405529374686294
61,robotC,0.0,0.0,,,robotB,4.0,0.8848320149360465,0.6514619454782656,-0.12469763284991994,-0.12625071708537497,0.29454361573801585,0.22560588139775897,-0.5921051466287464,2.1677932362448207
61,robotD,0.0,0.0,,,robotD,4.0,0.12878395299080264,0.27906149461380303,0.6306478795479344,0.24648468972077586,0.5046691545008014,0.5624582522367368,-0.23956028358854725,1.6400387452419947
61,robotE,0.0,0.0,,,robotD,3.0,0.8771818191407689,0.7816525715308119,0.32469639995270333,0.35618274512405623,-0.4410204934167225,-0.5590300602631535,-0.5501204012140993,0.3609975796456853
62,robotA,0.0,0.0,,,robotA,3.0,0.37529767285684973,-0.10032809622028471,0.3606233264443802,0.10939815762661108,0.04944092856431919,0.18192179322820404,-0.29639002065062386,0.36798291576658215
62,robotB,0.0,0.0,,,robotA,3.0,0.44806349244389787,-0.12050319074971709,0.4682825407228004,-0.14474448307222842,0.02091976630226723,-0.22468254982226635,-0.4334174131725248,-0.7405548707378853
62,robotC,0.0,0.0,,,robotB,4.0,0.8836250474924836,0.6515882620195201,-0.12469348560339502,-0.1258986592958351,0.29338688571350824,0.22529257968775637,-0.5916564761260623,2.1678096226866406
62,robotD,0.0,0.0,,,robotD,4.0,0.13006005376883603,0.278812945537517,0.6306473330167645,0.24577030894034582,0.5033942501269193,0.5624932282965652,-0.23999306149494196,1.6399767918713428
62,robotE,0.0,0.0,,,,,0.875948541261467,0.781579530152263,0.3246970930508716,,,-0.5593760143495979,-0.5502584898269731,0.3609827052046535
63,robotA,0.0,0.0,,,robotA,3.0,0.3751567429898113,-0.10014297807782595,0.36062430578491883,0.10939029168720261,0.04921412897150511,0.18256586378945386,-0.29613357356486025,0.36806397568355254
63,robotB,0.0,0.0,,,robotA,3.0,0.4480198953256972,-0.1204880414507463,0.4682825403989865,-0.1455965752206982,0.021122397911510056,-0.22466983415626346,-0.4334284979951868,-0.7405554814236991
63,robotC,0.0,0.0,,,robotB,4.0,0.8825791425536685,0.6513697926508327,-0.1247036505094479,-0.12790322390610673,0.29443286887841846,0.22562492966893735,-0.5921340846773622,2.167795398951066
63,robotD,0.0,0.0,,,robotD,4.0,0.1315375570970165,0.2790574971919499,0.630650259907806,0.24638954220608636,0.5046882230228007,0.5624558169881815,-0.23956068822968332,1.6400270173281255
63,robotE,0.0,0.0,,,,,0.8760515503171434,0.7817798867240178,0.32470360302729884,,,-0.5587937851519296,-0.5500329667191958,0.3609926907582027
64,robotA,0.0,0.5,,,robotA,3.0,0.37550842418405866,-0.1004479356447287,0.36062141049104124,0.11110537258165556,0.048998185280120274,0.1816225486644032,-0.2963640940689178,0.5005243133810761
64,robotB,0.0,0.0,,,robotD,3.0,0.44786405265021156,-0.12049132319380632,0.4682822529711271,0.30246142087673095,-0.06590890343789273,-0.2246660880643341,-0.4334317560337891,-0.7405564210326356
64,robotC,0.0,0.0,,,robotB,4.0,0.8850563451185014,0.6516186757373722,-0.12469759053814788,-0.12706011903265085,0.2959113018789884,0.22530625426185522,-0.5916740794361468,2.1678101575516604
64,robotD,0.0,0.0,,,robotD,4.0,0.13006715780235922,0.27881704912179095,0.6306482259364866,0.24253413380126007,0.5089347191934076,0.5624941957120487,-0.24000933628159093,1.639957519038967
64,robotE,0.0,0.0,,,robotD,3.0,0.8758962409191385,0.7814551184732557,0.3247063725885241,0.3531970670809349,-0.4413516809773929,-0.5593518938197422,-0.5502456355270742,0.36096375312726314
65,robotA,0.0,0.5,,,robotA,3.0,0.3524256002300293,-0.027725878347672935,0.3729267074310637,0.11240964884038059,0.04117605982910232,0.1760978417219887,-0.2963890966279168,1.0001134180024178
65,robotB,0.05,0.0,,,robotA,3.0,0.6813638158684989,-0.12050053549619792,0.4682819173706142,-0.14566811709364372,0.021245960821342325,-0.19511000690689828,-0.46045664330047503,-0.7408116359309599
65,robotC,0.0,0.0,,,robotB,4.0,0.8848109095929549,0.6513828254383308,-0.1247036383431353,-0.12816724172090024,0.2952840941252925,0.22561312257152402,-0.5921169633676737,2.1677959442308015
65,robotD,0.05,0.0,,,robotD,4.0,0.12707178769121208,0.2790331640821008,0.6306518503442803,0.2480630660405568,0.5079644398414808,0.5624569107159232,-0.23959148732322746,1.6400049637223186
65,robotE,0.0,0.0,,,,,0.8777978317762822,0.7817605291250643,0.3247177626580338,,,-0.5588302577369357,-0.550043772868957,0.3609677132004886
66,robotA,0.05,0.0,,,robotB,3.0,0.3024976128290669,0.15441966695978424,0.340742353234905,-0.18633582309532257,-0.027682576703912685,0.18807200943026042,-0.25086371341396496,1.1455062190236507
66,robotB,0.0,0.5,,,robotB,3.0,0.44737701857625467,-0.16410258777978934,0.46824301566700927,-0.06163916821147464,0.18334403709706362,-0.1587101467469635,-0.4937574242662407,-0.7411450065093541
66,robotC,0.0,0.5,,,robotB,5.0,0.8856875351110598,0.651612603896645,-0.12469900341528943,-0.1464619090433509,0.2979460155431116,0.2259855670068521,-0.5924912121463736,2.447578405265453
66,robotD,0.05,0.0,,,robotD,3.0,0.12577060876584092,0.27586656625267275,0.6306233628975922,0.18489462518012856,0.37545987245580403,0.559128283995973,-0.19148465088964928,1.639658676479543
66,robotE,0.05,0.0,,,robotD,2.0,0.8776594386555915,0.7814685971048448,0.32472245827560864,0.3175649832134319,-0.3235130911827951,-0.5593374842131484,-0.550237822092417,0.36094415493453513
67,robotA,0.05,0.0,,,,,0.48323598802941,0.14490188686316485,0.3241676750058409,,,0.20749629033525863,-0.2031024647882878,1.1559964846887756
67,robotB,0.05,0.0,,,robotD,4.0,0.3218945331768301,-0.21118500065338874,0.46839163748756746,0.35239141134719776,0.1743229413345224,-0.14998324440307398,-0.4988454487369587,-0.46031605956533417
67,robotC,0.0,0.5,,,robotC,4.0,0.9568710797808525,0.5775597941631477,-0.3276695506050905,0.3927489804780362,-0.18635859045810932,0.22969525913710637,-0.590665623721196,2.9360960329337176
67,robotD,0.05,0.0,,,robotC,3.0,0.25854081783016153,0.22589818907256487,0.6307284804600152,0.291417200237385,0.25804005596155927,0.5557197316617511,-0.14209005139780706,1.6394391503648083
67,robotE,0.05,0.0,,,,,0.7960662983301668,0.7795993586742161,0.3247505798875936,,,-0.5133479938269955,-0.5328789497606922,0.360675285862985
68,robotA,0.05,0.0,,,robotE,4.0,0.45058210182169606,0.09595584925363446,0.32350916893440146,-0.49658015740023437,0.08464554773312687,0.2277975506899818,-0.15701180976769763,1.1556722276708027
68,robotB,0.0,0.5,,,robotA,4.0,0.5295412730607331,-0.05513186394922481,0.5124630601705724,0.19127887323579207,-0.07127865572542688,-0.1543380292181319,-0.48390657159922895,-0.008820172363713095
68,robotC,0.0,0.5,,,robotC,3.0,0.3657344762524376,0.3715219665443869,-0.5514765453700877,0.19854413551503236,-0.21017347578927897,0.2381496669632214,-0.5870254461045902,-2.880543091843213
68,robotD,0.05,0.0,,,robotD,3.0,0.39028116865301316,0.17570614030321313,0.6307736621927015,0.12888190395747084,0.5010332183719923,0.5523567602673757,-0.09301241008596157,1.6390406840063168
68,robotE,0.0,0.5,,,robotA,3.0,0.7681012496487039,0.7292417661109026,0.3249479763726049,0.009001691560952265,-0.2097739278328775,-0.504582702780624,-0.5295394462106855,0.7132782255840402
69,robotA,0.05,0.0,,,robotD,5.0,0.5930079057201878,0.0461813642197129,0.3235352856781518,-0.15593231322480378,0.5373149792927951,0.24790348864323708,-0.11139348814407396,1.1553836759642144
69,robotB,0.0,0.5,,,robotA,4.0,0.5611627740601559,0.16373804165893716,0.4892078843332483,0.16706053843733182,-0.11523338375968509,-0.14574287728520108,-0.4876644060745164,0.46051357583680264
69,robotC,0.0,0.5,,,robotE,4.0,0.46800421450194096,0.07445945386058128,-0.6614283223785342,0.47483687080164394,0.08077577503638418,0.23191446240227415,-0.590392109309335,-2.422317777502593
69,robotD,0.05,0.0,,,robotD,4.0,0.12985144366276286,0.12542745658354745,0.6308387044449796,0.12177002251104999,0.502058529516483,0.5581952098223946,-0.06771524171372506,1.6284012353527886
69,robotE,0.05,0.0,,,robotE,2.0,0.818939595850697,0.7923126729058494,0.02915277255156486,0.47866902771297626,-0.04505743476024223,-0.5018241287232332,-0.5337058315643903,1.1709093691041537
70,robotA,0.0,0.5,,,robotE,5.0,0.26217042176133915,-0.004170547540504581,0.32353542806559676,-0.6852508184738886,-0.009134818408341246,0.2604062735482259,-0.0827392453400445,1.269319102183703
70,robotB,0.05,0.0,,,robotA,4.0,0.5181698839268412,0.36790441812817465,0.3624294309951232,0.08307549101501922,-0.195792383888035,-0.1280960148121903,-0.48220993826454545,0.7901606331626224
70,robotC,0.0,0.5,,,robotE,4.0,1.0035143764803947,-0.24409841493755327,-0.6193478988398347,0.43932173119504114,-0.12871503878510807,0.22168964883783812,-0.5941050223995441,-1.9322483514560573
70,robotD,0.05,0.0,,,robotC,4.0,0.13690588270491177,0.07536952221857558,0.6308615352726344,-0.46191255412244264,0.06805736387815949,0.5550611764484443,-0.013184579895056989,1.6280092744763146
70,robotE,0.05,0.0,,,robotC,3.0,0.35424489189580066,0.721525186276853,-0.30295340154116085,-0.19374428625209555,-0.3439160303149038,-0.48280377683281817,-0.49101971252602217,1.1543574112785833
71,robotA,0.05,0.0,,,robotA,4.0,0.7907249938764414,0.032210905909663606,0.32327259725123436,-0.005781356183129164,0.21635176547517468,0.25129669950432504,-0.06289910163190544,1.4569653172056314
71,robotB,0.05,0.0,,,,,0.14853180446435452,0.4333697249211686,0.24290799216998474,,,-0.05716377821426541,-0.44322790423062436,0.7808606718793419
71,robotC,0.0,0.5,,,robotE,5.0,0.992143351223447,-0.5052804322593206,-0.4321539653819295,0.299660503547845,-0.2838240450100398,0.20352546231222707,-0.5990769032773678,-1.4115506454922417
71,robotD,0.05,0.0,,,robotC,4.0,0.7438868259708572,0.02449999497564164,0.6308809969399741,-0.4767700321488601,0.054156713216035456,0.5525599312851185,0.030645658467076203,1.6277013057756757
71,robotE,0.05,0.0,,,,,0.1006266446744525,0.6810687226825831,-0.2783216034462165,,,-0.4628348155189109,-0.44580842716980335,1.1542070557452815
72,robotA,0.05,0.0,,,robotA,4.0,0.1057105080427044,0.024025433517383708,0.31777299993027325,0.017971283206744217,0.20877944304754723,0.24458399007011306,-0.029606329674778185,1.474232677678438
72,robotB,0.05,0.0,,,robotB,4.0,0.5317104557266058,0.38420151028879096,0.24243030977961036,0.25572911836739154,0.1528602953552231,-0.022207911186199136,-0.40858012321543075,0.7806575966152524
72,robotC,0.0,0.5,,,,,0.9563805602641674,-0.6469929303549313,-0.14776871754622964,,,0.21862024332577434,-0.5978385495037102,-0.955053610403502
72,robotD,0.05,0.0,,,robotE,3.0,0.7325512148381808,-0.025084563708007386,0.6308815349120172,-0.27926942830424095,0.21734304620170064,0.5493663702613006,0.08685281308692144,1.6273503113621304
72,robotE,0.05,0.0,,,,,0.8280213642246165,0.631658274259932,-0.2781133501826821,,,-0.4428766771777036,-0.4007098352134967,1.1538298509428722
73,robotA,0.05,0.0,,,robotD,4.0,0.11700874685632918,-0.02488651619009772,0.31765669444446937,-0.13819825270710256,0.23898256916157673,0.24932500091747495,0.01950184969533662,1.4739832107158568
73,robotB,0.05,0.0,,,robotA,4.0,0.11914108461283558,0.334161290803774,0.2425430270800787,0.13501495479933162,-0.14915885130712786,0.014072226583038437,-0.37265244084370835,0.7803653107496952
73,robotC,0.0,0.5,,,robotB,5.0,1.0435167434852062,-0.6392544666703425,0.1715503862376422,-0.040008058080115046,-0.2504316590795447,0.2277353465620609,-0.5918553154610917,-0.46884774002428514
73,robotD,0.05,0.0,,,robotE,3.0,0.46106069273518085,-0.07536984161903194,0.630866831412474,-0.25632380883380496,0.19797896980292587,0.5465970810928773,0.13599294194498474,1.6269023586864115
73,robotE,0.05,0.0,,,robotD,4.0,0.7782462522533395,0.5816963227141474,-0.2778926169494098,0.17593248749979182,-0.5608990182378166,-0.4222863608652796,-0.3542438239076976,1.1535306386123163
74,robotA,0.0,0.0,,,robotB,4.0,0.10093059477178637,-0.07493198712908788,0.31762330034331654,-0.13102895380977272,-0.05111614817848045,0.2525330341246276,0.05242878503179363,1.4735236387443624
74,robotB,0.05,0.0,,,robotE,5.0,0.4191834111026914,0.28406479433156784,0.2426304766219298,0.2862746842753856,0.2579967027946053,0.04908065792820213,-0.33800905130990055,0.7800257190668486
74,robotC,0.05,0.0,,,robotC,4.0,0.8293211197767485,-0.4828643484742952,0.4507472237785072,-0.3072218569258883,0.26926641155804276,0.24023907740007971,-0.5868144866796747,-0.09440216757698719
74,robotD,0.05,0.0,,,robotE,3.0,0.45214459741354873,-0.12562616577933133,0.6308217392588398,-0.22785293764566958,0.183517755343621,0.5422313171558778,0.16918308638039053,1.6156078191630854
74,robotE,0.05,0.0,,,robotA,3.0,0.45486887172091856,0.5319068962068881,-0.2777243180856055,-0.10069142371028571,-0.23553468500023889,-0.40219130739239634,-0.308926376323209,1.1532074621491857
75,robotA,0.0,0.0,,,robotA,4.0,0.10191244827035988,-0.102749154837728,0.31758335836727253,-0.047328798884463334,0.16763618355973564,0.25249923663735513,0.0522522346037339,1.4735556614032115
75,robotB,0.0,0.0,,,robotE,4.0,0.02288196033866843,0.2259471436901624,0.2427522343321951,0.21951786711230678,0.23075041360363183,0.058067063505309616,-0.3291188716086202,0.7798689092643374
75,robotC,0.05,0.0,,,robotC,4.0,0.569829554838664,-0.4016915662105636,0.5713446167054679,-0.24268407408739584,0.3953213964272764,0.29129035793671926,-0.5935110611045264,-0.09753353238354863
75,robotD,0.0,0.0,,,robotD,3.0,0.4502686891113943,-0.1759185706536796,0.6307813397312109,-0.13459285901039986,0.44586449534888944,0.5401164241653649,0.21435179954460226,1.6146333909494581
75,robotE,0.05,0.0,,,robotC,3.0,0.5840525972856251,0.48184701249534695,-0.2775633268909857,0.05361658562319101,-0.435288302163192,-0.3816071064710302,-0.26256306599254975,1.1528290549971385
76,robotA,0.0,0.0,,,,,,,,,,0.25252295728321483,0.05254055661087639,1.473597866055372
76,robotB,0.0,0.0,,,,,,,,,,0.058068109043706156,-0.3291185938157918,0.7798735401485344
76,robotC,0.0,0.0,,,,,,,,,,0.3086993435566631,-0.595215209686359,-0.09770271927070567
76,robotD,0.0,0.0,,,,,0.2240908551133832,-0.2228158706771831,0.6307020311402982,,,0.5400955089060745,0.2147582888025884,1.6146542512027444
76,robotE,0.0,0.0,,,,,0.3224420034310535,0.43207622624199615,-0.27738605398530414,,,-0.348482310021501,-0.24121615195505858,1.1110710534610175
77,robotA,0.0,0.0,,,robotA,4.0,0.1599106799813051,-0.1028926801321124,0.3175831097462385,-0.0639267473346341,0.21543848915061578,0.2525066712039015,0.05228900809160207,1.4735551077672866
77,robotB,0.0,0.0,,,robotA,4.0,0.013605676792881478,0.2259310738326057,0.24274979777762454,0.02289086043721198,-0.2097405086477788,0.058040015488235494,-0.3291473068875655,0.7798726612425773
77,robotC,0.0,0.0,,,robotC,5.0,0.24900533649465087,-0.4188717075915325,0.57128041268682,-0.5403803243503481,0.5882825490237262,0.3086421837956624,-0.5951998752159543,-0.09768177897850365
77,robotD,0.0,0.0,,,robotD,3.0,0.2048852996413645,-0.22298419482767703,0.6307021477944047,-0.14367649909936972,0.4477048412569714,0.5401192058923308,0.2143306406172758,1.6146289576751944
77,robotE,0.0,0.0,,,,,0.366705060995002,0.3845259687254414,-0.2772643105219346,,,-0.3474378049493555,-0.23910804273940678,1.1110143928126661
78,robotA,0.0,0.0,,,robotB,4.0,0.1092921246351668,-0.10279990853801463,0.31758370854596885,-0.08079537206064957,-0.128743603239577,0.25251380380825744,0.05239417951795394,1.4735710086806457
78,robotB,0.0,0.0,,,robotA,4.0,0.4959700933715802,0.22596263880226883,0.2427505811547357,0.020954449196458943,-0.20904591384760174,0.058087442857040074,-0.32909919339601407,0.7798709350796844
78,robotC,0.0,0.0,,,robotE,5.0,0.12272349342432758,-0.4188397646827097,0.571284072799423,-0.1894106203829359,0.13178387191230934,0.3090034252034566,-0.5952256623435436,-0.09765393612774978
78,robotD,0.0,0.0,,,robotD,3.0,0.1993843804464479,-0.22283554844630224,0.6307020436194768,-0.1382123332695295,0.4443387845106627,0.540092498024876,0.2148200702645332,1.614648202432609
78,robotE,0.0,0.0,,,robotC,4.0,0.36652191235967013,0.3843269865597652,-0.27727266068374845,-0.13710336720487543,-0.4010259746389897,-0.3473710414464481,-0.23896461010880216,1.1110582608123853
79,robotA,0.0,0.0,,,robotA,4.0,0.4468701285413955,-0.10283140193887852,0.3175828749911114,-0.06265402184486119,0.21372517619787554,0.25252133054473624,0.05247257928694067,1.4735814017053457
79,robotB,0.0,0.0,,,robotA,4.0,0.4961162623505729,0.2259216044159069,0.24275029137102247,0.02092194078737914,-0.20984215442107124,0.05803329313015849,-0.3291541263133331,0.7798690826565693
79,robotC,0.0,0.0,,,robotE,5.0,0.495856547992849,-0.41902387474904806,0.5712738827280134,-0.19012556124424285,0.13230644334892555,0.3087196195449973,-0.5952005586413097,-0.09768369085226261
79,robotD,0.0,0.0,,,robotD,3.0,0.20477068559481565,-0.22306684726138296,0.6307006506050362,-0.14333881878656987,0.4463774325530681,0.5401192169410812,0.21432201949230434,1.6146293314875468
79,robotE,0.0,0.0,,,robotC,4.0,0.5359341929530554,0.384350902278243,-0.2772887368563799,-0.1376761123495981,-0.4021924261919031,-0.34741684395750133,-0.23905030264333238,1.1110554606396832
80,robotA,0.0,0.0,,,,,0.16032001898541764,-0.10287634757550294,0.317582607437352,,,0.25250310746551646,0.052281391913512235,1.473554164316244
80,robotB,0.0,0.0,,,robotA,4.0,0.4968712505592445,0.22595902803000595,0.24275129724097727,0.02098946335147436,-0.20898765940690073,0.05807334840086479,-0.32911332752178424,0.7798677986036103
80,robotC,0.0,0.0,,,robotC,4.0,0.49498494782316216,-0.41886169016214053,0.5712709998898307,-0.2608964439007185,0.3912604454476003,0.3089587729184799,-0.5952215768349088,-0.09766377405142929
80,robotD,0.0,0.0,,,robotD,3.0,0.2007393694211769,-0.22284234017501242,0.630701832789307,-0.13831911205591157,0.44449276300975754,0.5400939327257841,0.21479890696564485,1.614652048732522
80,robotE,0.0,0.0,,,,,0.5431316999885888,0.3843483093371207,-0.27728999021001416,,,-0.3473968587447804,-0.2390068114363601,1.1110762149952373
81,robotA,0.0,0.0,,,robotB,4.0,0.11133764829871147,-0.10277601380477946,0.317582278457932,-0.08018678973136505,-0.12904862310600218,0.2525237446941238,0.052522765399596945,1.4735878587258548
81,robotB,0.0,0.0,,,robotA,4.0,0.4960541573392383,0.22593286359147266,0.24275112541416113,0.020859959353183053,-0.20928453177092957,0.058058502396837075,-0.3291284312386023,0.7798666474286188
81,robotC,0.0,0.0,,,robotE,5.0,0.2395850120299598,-0.41900392771763817,0.5712687828947266,-0.18871704864100836,0.13129043901145862,0.3086970791236136,-0.5951975488207464,-0.09769217486849127
81,robotD,0.0,0.0,,,robotD,3.0,0.2045809428407406,-0.22305505211774518,0.630700127620945,-0.14434542247241655,0.4528917662205947,0.5401122263340051,0.21437833337671203,1.6146438332713404
81,robotE,0.0,0.0,,,robotC,4.0,0.5367331715082976,0.3843240914884945,-0.277299333547252,-0.14429399361187437,-0.3984770928635162,-0.3474237989815022,-0.23905896213934874,1.1110789436276036
82,robotA,0.0,0.0,,,robotA,4.0,0.4472064316233258,-0.10289715664741865,0.31758078895707126,-0.06256857245244393,0.2135891941117124,0.25249309516086604,0.052182041819462247,1.473539900710343
82,robotB,0.0,0.0,,,robotA,4.0,0.496382051260965,0.22594179820211302,0.24275150682376573,0.021148254919871556,-0.2104974021733662,0.0580506039664379,-0.32913605463496554,0.7798659139849087
82,robotC,0.0,0.0,,,robotC,5.0,0.496532847368243,-0.41885912802622466,0.5712671336350077,-0.26086450153763674,0.391221807414213,0.30894116127132476,-0.5952193346016471,-0.0976711452947822
82,robotD,0.0,0.0,,,robotD,3.0,0.19437356489555666,-0.22286170045963669,0.6307014308095611,-0.13909330401760114,0.447181780165471,0.540094510079745,0.2147149282685863,1.6146644152377543
82,robotE,0.0,0.0,,,robotC,4.0,0.542336042198653,0.38433166028573773,-0.27730242261836513,-0.1367087750433599,-0.3998187490050181,-0.3474319693559107,-0.23907848937172854,1.1110878292920177
83,robotA,0.0,0.0,,,robotB,4.0,0.1114812222088758,-0.10273789704086164,0.31758192591204104,-0.08000911542239793,-0.1298887748393543,0.25254250192706174,0.052763654115455805,1.4736174073184665
83,robotB,0.0,0.0,,,robotA,3.0,0.4973715819613353,0.2259502011946277,0.24275159489644882,0.01997952442389943,-0.20919012486326227,0.05807760442265484,-0.3291084088380807,0.7798652787908809
83,robotC,0.0,0.0,,,robotC,5.0,0.23963436658183035,-0.41900656809863973,0.5712654588737697,-0.5420803256588815,0.589781111083571,0.3086281883890529,-0.595192613588907,-0.09770092084845204
83,robotD,0.0,0.0,,,robotD,3.0,0.20179307494926751,-0.22300339308076714,0.6307016484383429,-0.14321052873408485,0.4462203394191091,0.5401074384787461,0.21445978943380506,1.61465574074494
83,robotE,0.0,0.0,,,robotC,4.0,0.5352735662231881,0.38435566770875385,-0.27730492449235794,-0.1437930744266844,-0.40253993914040054,-0.34739331189449096,-0.23899894125965782,1.1110929423150964
84,robotA,0.05,0.0,,,robotA,4.0,0.4480568418718759,-0.10301224683134061,0.317577189780953,-0.04965839731717067,0.16627726852667407,0.25224421134929215,0.052300633441525246,1.6608713225439524
84,robotB,0.0,0.0,,,robotA,4.0,0.4966548609132096,0.22592858991463857,0.24275127984780287,0.021243554411737763,-0.20966549493889086,0.05803950517029258,-0.3291470900142838,0.779864556948962
84,robotC,0.0,0.0,,,robotE,5.0,0.12463275259538134,-0.4188304025033796,0.5712668068388951,-0.18957938890699733,0.1320903175713192,0.30897571094304405,-0.5952221897846275,-0.09766867995140793
84,robotD,0.0,0.0,,,robotD,3.0,0.2009605273220922,-0.2229082353964693,0.6307017994478337,-0.14151487598713755,0.4475733591615789,0.540096885938933,0.214576019222799,1.6146681608111468
84,robotE,0.0,0.0,,,robotC,4.0,0.5427380903643177,0.38429902076358075,-0.2773066618940463,-0.13732383287191605,-0.40183579884484133,-0.34747117651495146,-0.2391616198044791,1.1110863387172192
85,robotA,0.05,0.0,,,robotB,4.0,0.16569826816678193,-0.03733821127643993,0.3315168796657486,-0.0880146133201884,-0.12292225801295074,0.24507849889957162,0.08154560262453925,1.6765915609796667
85,robotB,0.05,0.0,,,robotA,3.0,0.4965769959542959,0.2259561727964005,0.24275185307628888,0.020731142790911303,-0.2083052125069599,0.08657511933490039,-0.30093225927652506,0.7796086921843272
85,robotC,0.0,0.0,,,robotC,5.0,0.4954960590333054,-0.4190179503840679,0.5712648740120008,-0.5428987161856137,0.5891475295362643,0.30857754028931395,-0.5951875934858073,-0.09770610547899361
85,robotD,0.05,0.0,,,robotD,3.0,0.20040910267229914,-0.22292875781734772,0.6307006053027601,-0.1473780551769226,0.4514554035041352,0.5400490381871172,0.215658853784632,1.6146762342544825
85,robotE,0.0,0.0,,,robotC,4.0,0.5363919248427049,0.38441188446659674,-0.27730412299596546,-0.14168361478787375,-0.4022359620827461,-0.34735973203287074,-0.23892824679080188,1.1110993775070837
86,robotA,0.05,0.0,,,robotA,4.0,0.45359415404950404,-0.09138507246095495,0.33065937366217085,-0.05800278910399141,0.22757298826199054,0.23909005253547527,0.12297196115576095,1.677795996137996
86,robotB,0.05,0.0,,,robotB,5.0,0.47963930914121916,0.18367776478577721,0.2428070409886953,-0.12714921737559076,0.04274950853991771,0.1228233720397486,-0.26511462735891744,0.7792528678244736
86,robotC,0.05,0.0,,,,,0.1253761591348921,-0.41880421626898784,0.5712663559209683,,,0.34048267482931516,-0.5983117011006139,-0.09784168022323426
86,robotD,0.05,0.0,,,robotD,3.0,0.1958600104355905,-0.22631978894240037,0.6307020111650057,-0.13982902381751025,0.4418394208776839,0.537906122571497,0.26463197593608917,1.6144210049992338
86,robotE,0.05,0.0,,,,,0.5405803795891546,0.3842635117406799,-0.2773089157992766,,,-0.34704120499246055,-0.23829401754236024,1.1110873703183821
87,robotA,0.05,0.0,,,robotE,4.0,0.13294357421474884,-0.1424746336016411,0.3302301916729413,-0.2583920770583206,0.005857429898173911,0.23358809217514487,0.1741403994758011,1.677576687236226
87,robotB,0.05,0.0,,,robotB,5.0,0.3286964769879836,0.13361141100483426,0.24286264821584677,-0.07306317870386356,0.15041416973388766,0.15791941484018684,-0.23045880607589916,0.778928038045114
87,robotC,0.05,0.0,,,robotD,4.0,0.09247555110806077,-0.4521840477026602,0.5711871154328141,0.290911325815619,0.38077795787979823,0.38042429615145373,-0.5994391627227196,-0.01748725195413663
87,robotD,0.05,0.0,,,robotD,3.0,0.23294008613073444,-0.27627639162501144,0.6306334873760739,-0.17337908614259043,0.44530273808301596,0.5356741912276892,0.31584325146770775,1.6140743694105208
87,robotE,0.05,0.0,,,robotA,3.0,0.5382929499471336,0.3819107344767363,-0.2773029505087154,0.05356022410728093,-0.26035643028796795,-0.32500981632391207,-0.19380901407463585,1.1107103478965523
88,robotA,0.05,0.0,,,robotC,4.0,0.3309007473682652,-0.19277334567065424,0.3301867173514499,-0.20241698497724067,0.39176908221574136,0.22839611469844817,0.22273124739371533,1.6771749408251186
88,robotB,0.05,0.0,,,robotB,3.0,0.1818540205489471,0.08351742247474232,0.24289876371776822,0.04884223611901674,0.14227056899929816,0.16971674643865078,-0.21635680945487845,0.7872765707877142
88,robotC,0.05,0.0,,,robotA,4.0,0.7726195459760411,-0.44886819565234787,0.6036394001277786,0.0586775370193596,0.29025851779732303,0.4041087776218562,-0.6102999817806136,-0.04697615390451858
88,robotD,0.05,0.0,,,robotD,3.0,0.24041158201553356,-0.32663778746435834,0.6305309736098296,-0.20896283410685143,0.4504041653554367,0.5335660996366246,0.3647787446911995,1.61375571888222
88,robotE,0.05,0.0,,,robotC,3.0,0.27877616168033986,0.33182930707832886,-0.2771631486968382,-0.042157833717248495,-0.4768054050765661,-0.3025466876862978,-0.1485073762153235,1.1103717233123729
89,robotA,0.05,0.0,,,robotC,4.0,0.07367539200088309,-0.24272178714251572,0.33009586023973436,-0.24687687298737782,0.3641736163454636,0.2229541065625985,0.27372797207081623,1.6769030217740544
89,robotB,0.05,0.0,,,robotB,4.0,0.10182126727117219,0.03343915675786006,0.2429200380237366,0.02223006318183354,0.15799000346093908,0.20451933579218223,-0.18143469558325345,0.7869581474162985
89,robotC,0.05,0.0,,,robotE,4.0,0.6363025938611272,-0.49215343176826387,0.6087961682860631,-0.10101263949754911,0.23610669359295175,0.4548382290803935,-0.6126986612576903,-0.04741463869983805
89,robotD,0.05,0.0,,,robotD,3.0,0.24603660774399985,-0.3766830448614209,0.6304151185072314,-0.24862537638020032,0.4559685004580783,0.5382860206287765,0.39720016820248516,1.6006440781753837
89,robotE,0.05,0.0,,,robotC,3.0,0.3808910290237629,0.28215651085425725,-0.2770601125264395,-0.0160718191492619,-0.5106848409794141,-0.2804903119293933,-0.1040450123800258,1.1100829540157282
90,robotA,0.05,0.0,,,robotA,4.0,0.34436846579436786,-0.3430127283337886,0.32988726352850956,-0.23994958837028052,0.24773632496206108,0.2177669930593022,0.3225520912065427,1.6764701843247556
90,robotB,0.05,0.0,,,robotD,4.0,0.47918208156861825,-0.06673563648393566,0.24290864357311986,0.41717725284999124,-0.04462088348571808,0.23933180818132624,-0.14652551498111102,0.7866027392719851
90,robotC,0.05,0.0,,,robotA,4.0,0.5774945982845375,-0.5423430005406469,0.6085681324955425,0.15577828851444314,0.28151193615563697,0.50409355404033,-0.6150354409545996,-0.047658673044410675
90,robotD,0.05,0.0,,,robotD,3.0,0.24939576257066495,-0.426968444799727,0.6303015046050598,-0.5111896929609979,0.3683734870185772,0.5393252252471532,0.4400759707678887,1.5959200739219923
90,robotE,0.05,0.0,,,robotD,3.0,0.340870554860808,0.23207539403028335,-0.2769848286509154,0.23198529786387484,-0.3505133844420398,-0.25866851820371173,-0.06010818397825895,1.109698977655846
91,robotA,0.05,0.0,,,,,,,,,,0.21436209296262232,0.3179295963677525,1.6824101966024447
91,robotB,0.05,0.0,,,,,,,,,,0.27534266871908053,-0.11044015006450289,0.7862693629444427
91,robotC,0.0,0.5,,,robotE,4.0,0.816552480482121,-0.5924755027120399,0.6084281598226485,-0.054575542756758466,0.23281930314243895,0.5235502104084951,-0.615884312116054,0.24169043395028164
91,robotD,0.05,0.0,,,,,0.25307482588820973,-0.4772279209088047,0.6300950604661669,,,0.5380811758313936,0.489518550389839,1.5957934953012318
91,robotE,0.05,0.0,,,,,0.136088197687724,0.18228250451682784,-0.2769023000197235,,,-0.23803926499464564,-0.03061799048255061,1.1085471480440674
92,robotA,0.05,0.0,,,robotA,4.0,0.173735928021412,-0.3930810596825361,0.3298029148705317,-0.28147724418819203,0.25092485115332075,0.2086833662407363,0.36869926311115875,1.6819573032844923
92,robotB,0.05,0.0,,,robotD,4.0,0.6064614564932994,-0.11680693450429466,0.24287935280558817,0.38531491627072184,0.11845815157103147,0.3101900467578129,-0.0755437777197655,0.7859184036433695
92,robotC,0.0,0.5,,,robotE,4.0,0.6306922694739352,-0.3840665487236222,0.7706003141135656,0.028790514145242797,0.23586488605141845,0.5056128160456066,-0.6065027565335235,0.6926084159774603
92,robotD,0.0,0.5,,,robotD,4.0,0.262154006974558,-0.5273452388028224,0.6300292182979995,-0.41850182283021725,0.5211361811507408,0.5370102877509314,0.5299051500261398,1.6295161041827129
92,robotE,0.05,0.0,,,robotE,3.0,0.12390997641895617,0.13233964050158828,-0.27686268705916317,-0.021684078442530293,-0.2141024781618469,-0.21669444600400709,0.008156960730675962,1.1078696446694474
93,robotA,0.05,0.0,,,robotA,4.0,0.1799450441232206,-0.4433034346670309,0.32961730936638167,-0.3206952882976388,0.24800159729989119,0.20325012542978066,0.41745024852087026,1.6816896803873054
93,robotB,0.05,0.0,,,robotD,4.0,0.5660520242603885,-0.1669049526291675,0.24282901054319,0.38744743663283604,0.1465311002226333,0.34502090805083757,-0.040688559987902356,0.7855918602114255
93,robotC,0.05,0.0,,,robotE,4.0,0.6249460786934169,0.0037646388966254473,0.8603096849266426,0.17078985267077634,0.16326752970770828,0.4926716298948591,-0.5876766580560572,1.1751252255558469
93,robotD,0.0,0.5,,,robotD,5.0,0.17756606739702416,-0.5299585136974402,0.6593646671866257,-0.45475966619333136,0.5258472243830424,0.5375187065216691,0.5282941648672781,2.1474005064677013
93,robotE,0.05,0.0,,,robotE,4.0,0.12150495841087736,0.08238213337267491,-0.2768215221346458,0.058575142705567865,-0.20994692656355052,-0.19402942891580163,0.053554769778822384,1.1076240963913908
94,robotA,0.0,0.0,,,robotA,5.0,0.1908341218782638,-0.49325625786473754,0.3294900863956579,-0.36331282252367564,0.2540218856016985,0.19994762096359903,0.44708595036376725,1.6809954234737263
94,robotB,0.05,0.0,,,robotB,4.0,0.6120373113853022,-0.2169766484340777,0.24276620773945112,0.06676546286935825,0.21887704459209492,0.38108923610894885,-0.004618668958827003,0.7852357568074331
94,robotC,0.05,0.0,,,robotE,4.0,0.6419138244337085,0.3567284111517758,0.7776617113770319,0.18437518981530085,0.11627320381345563,0.48935112312218515,-0.564189921504839,1.420266890757461
94,robotD,0.0,0.5,,,robotD,4.0,0.45419404209707165,-0.12312454853329693,0.8361863559973003,-0.15000274093051125,0.6821557208310155,0.5429851656744348,0.500980627570519,2.6463223634610986
94,robotE,0.05,0.0,,,robotE,4.0,0.07173597014801023,0.032585948054333846,-0.2768095556956485,0.023922103595993525,-0.20521157185226982,-0.17184846267921414,0.09796042106084042,1.1073599332180186
95,robotA,0.0,0.0,,,robotA,4.0,0.17452271383877785,-0.5208394084942084,0.32914546617478035,-0.39198993629796525,0.2506620337472007,0.19997746792800847,0.4468664133965346,1.6810068723503064
95,robotB,0.0,0.0,,,robotB,4.0,0.33468165487218837,-0.2670685488137318,0.2426817237867637,0.06931784944719124,0.2406962710560759,0.3489322891950819,-0.012580353530217879,0.8121295898190469
95,robotC,0.05,0.0,,,robotC,2.0,0.6431614503642025,0.5488780627530717,0.6461734839178312,0.3617574837721637,0.5292647054574449,0.5032608314042746,-0.5153150426897107,1.4093212333454253
95,robotD,0.0,0.0,,,robotD,4.0,0.45520949984969955,0.29145951492591865,0.7931816880979825,0.2009496462031012,0.6747379887635372,0.5271423307929565,0.4828948138533843,3.1215594315329267
95,robotE,0.05,0.0,,,robotE,5.0,0.0827204954266102,-0.01751046911880104,-0.27680781673883564,-0.021458596025389846,-0.28341264855537285,-0.1499345189844046,0.14179095447209505,1.1069987827031342
96,robotA,0.0,0.0,,,robotA,4.0,0.15083952318820018,-0.5208019036257147,0.3291479485905559,-0.3849711947810554,0.2499571527484195,0.19993916983521265,0.4471562403906008,1.6810181812321983
96,robotB,0.0,0.0,,,robotD,4.0,0.34402117831817014,-0.2746977116284528,0.2426621981228965,0.1228804283691468,0.3101278150634828,0.34892708680614254,-0.012586079959572852,0.8121249198833306
96,robotC,0.0,0.0,,,robotE,4.0,0.176737057207106,0.48168877292779627,0.659081781651973,0.30429542870864584,-0.17750947503143738,0.5063626208635595,-0.49656109447878294,1.4092992071887755
96,robotD,0.0,0.0,,,robotD,4.0,0.4395615678300621,0.627230293681083,0.5675037521645155,0.4891318917088575,0.5153897781904369,0.5344813818980723,0.47925347838855015,3.1215580878341043
96,robotE,0.0,0.0,,,robotC,4.0,0.04629019310426651,-0.0672775963266216,-0.27682469067557364,0.3767857706066281,-0.38396204244155263,-0.12754496310010363,0.18654030206350164,1.1067549345707408
97,robotA,0.0,0.0,,,robotA,4.0,0.15735447504329386,-0.5209472059495978,0.32914651568841946,-0.3743837869492723,0.2428649897364503,0.19996269419091262,0.44697596083709995,1.6810114095780027
97,robotB,0.0,0.0,,,robotD,4.0,0.403262613962358,-0.27469846911778406,0.24266111147697036,0.13355935591368834,0.30788911533145036,0.34892517513580085,-0.012587894648375487,0.8121234285357707
97,robotC,0.0,0.0,,,robotC,2.0,0.8519340269513345,0.465137334518216,0.6591036181084337,0.34541420895882124,0.4894053353919958,0.5063715122071446,-0.4964496332198325,1.4093700103025069
97,robotD,0.0,0.0,,,robotD,4.0,0.144316524743069,0.620919312772414,0.5742058896169306,0.518172986576692,0.4721725554881101,0.5330430708719244,0.47432074785408895,3.11519855077567
97,robotE,0.0,0.0,,,robotC,4.0,0.5027585765529761,-0.11442916993901354,-0.2768449640538538,0.35114970996912764,-0.3818371785996744,-0.14713366269907066,0.17687420831425388,1.1219289126368628
98,robotA,0.0,0.0,,,robotA,4.0,0.17001298629800815,-0.5208757950632645,0.3291465466805433,-0.37175627547807993,0.24080166834734568,0.19995795366675523,0.44701833468537494,1.6810103279560562
98,robotB,0.0,0.0,,,robotD,4.0,0.41343356610423326,-0.27469615330168995,0.24266064932959192,0.13375418689598112,0.30884604180323494,0.34893526342325937,-0.0125768534610078,0.8121227640735976
98,robotC,0.0,0.0,,,robotD,4.0,0.20766847385629944,0.4651571627333858,0.6590750735751705,0.6153944900648242,-0.19065193342388892,0.506366632165387,-0.4964442311911387,1.4093633745555212
98,robotD,0.0,0.0,,,robotD,4.0,0.1449413353504545,0.6210455083435782,0.5742765953616354,0.5160683396795788,0.47061134034239177,0.5327345265458199,0.47431824342598916,3.115197214791071
98,robotE,0.0,0.0,,,robotD,4.0,0.4775380963276139,-0.11470282000422923,-0.2768416845933881,-0.37602505556564264,-0.47498544614256244,-0.14711991685609196,0.17690767960361908,1.1219516136708556
99,robotA,0.0,0.0,,,robotA,4.0,0.17331803330326828,-0.520868998552687,0.32914495606853217,-0.371077953381641,0.2429781268943846,0.19994270511495532,0.4471218197538403,1.681015324369414
99,robotB,0.0,0.0,,,robotD,4.0,0.4137872648141908,-0.2747055154814809,0.24266015164434676,0.13397162179549119,0.3088743380255151,0.3489209323892492,-0.012592361755229632,0.8121211614243175
99,robotC,0.0,0.0,,,robotC,2.0,0.8629116387683085,0.46510792267415557,0.6590718122627534,0.34535892443326155,0.4891311421554697,0.5063424729328295,-0.49656787007918535,1.409362649209865
99,robotD,0.0,0.0,,,robotD,4.0,0.14739502669528948,0.6208625785410335,0.5742620103641214,0.518169815051978,0.4722330298009131,0.533117604514629,0.47431230997018203,3.1151950678391778
99,robotE,0.0,0.0,,,robotE,4.0,0.3279749316485701,-0.1146701620779521,-0.27684111632229697,-0.07792842417209236,-0.1915825535550164,-0.14714921684316312,0.17685044522980467,1.1219450927583168
100,robotA,0.0,0.0,,,robotA,4.0,0.1728698479668784,-0.5209428565362043,0.32914363703948274,-0.3753211794250876,0.24326995294893353,0.19996623946940478,0.44689122353478555,1.6810083324977358
100,robotB,0.0,0.0,,,robotD,4.0,0.4139953938558389,-0.27469431663266913,0.24266001251749347,0.13345155152563273,0.307734272849804,0.3489350288864893,-0.012577176018787557,0.8121206471220002
100,robotC,0.0,0.0,,,robotD,4.0,0.20795445942504712,0.4652249099520332,0.6590640780754297,0.6176315384808876,-0.1883115710080438,0.5063769159786308,-0.49634002511975006,1.4093981985455175
100,robotD,0.0,0.0,,,robotC,3.0,0.14490650100417926,0.6210636290373891,0.5742661473501178,0.02520782037474868,0.6013048681242789,0.5327399534211462,0.47431630555747417,3.1152009100574998
100,robotE,0.0,0.0,,,robotE,4.0,0.0928437304389015,-0.11468285219447386,-0.2768413965131459,-0.06069170144954682,-0.15322122541859018,-0.14713074052613828,0.17689042623447104,1.121950137520624
101,robotA,0.0,0.0,,,robotA,4.0,0.16894479304796195,-0.5208149661202052,0.3291413750352967,-0.37001121316442376,0.2421941602642661,0.19992831380517156,0.4471742654332492,1.6810157402147345
101,robotB,0.0,0.0,,,robotA,4.0,0.4133111312192636,-0.2747045041957804,0.24265950533054173,0.07399817692910762,0.2959483665786699,0.3489238949419707,-0.012588949739384993,0.8121193373854824
101,robotC,0.0,0.0,,,robotD,4.0,0.8609905987887958,0.46508208232371534,0.6590569879017378,0.6190175797208908,-0.19176263479744757,0.5063275709834514,-0.496658806172243,1.4093661536548039
101,robotD,0.0,0.0,,,robotD,4.0,0.5962871199107639,0.6208814105806624,0.5742622480095256,0.5166016704104839,0.4706984267483744,0.5330580895691732,0.47431135612971964,3.1151965597654683
101,robotE,0.0,0.0,,,robotE,4.0,0.13488613208413347,-0.11465851232244553,-0.27684101328779454,-0.07934434158291477,-0.19205167345469948,-0.14714547747079354,0.1768579078050396,1.121947808380321
102,robotA,0.0,0.0,,,robotA,4.0,0.174191017333805,-0.5209526744571598,0.3291377384204439,-0.374399734403908,0.2427342412640066,0.19996444334976649,0.4468707559775113,1.6810058073645309
102,robotB,0.0,0.0,,,robotA,4.0,0.35274444527329607,-0.27469784054970453,0.24265923949273133,0.07451550852056853,0.2977066738264765,0.34892821633567367,-0.012583995943350815,0.8121186226699668
102,robotC,0.0,0.0,,,robotC,2.0,0.8646007794019646,0.4652611529113757,0.6590566579770257,0.3450269939213739,0.4887383998933759,0.5063745585026429,-0.49633200217779927,1.4094172512174243
102,robotD,0.0,0.0,,,robotD,3.0,0.1470659257949681,0.6210165699033526,0.5742644216203652,0.4795732781564842,0.43113058255604625,0.532860723385604,0.4743129891291339,3.115195966954113
102,robotE,0.0,0.0,,,robotE,4.0,0.09186448968555451,-0.11469779254832017,-0.2768409296728314,-0.07859901190776344,-0.19274755637278485,-0.14717283312201768,0.1767991264401696,1.121945870976225
103,robotA,0.0,0.0,,,robotD,3.0,0.170030998823412,-0.5208410876068585,0.32913719626541743,-0.2422663409297322,0.23015438828923657,0.19990995385339705,0.4473262264709799,1.6810124875265933
103,robotB,0.0,0.0,,,robotD,4.0,0.35352724551397224,-0.27469968087725527,0.2426588326831724,0.1336407643402989,0.30845046914528257,0.34893009055329993,-0.012581861018963268,0.8121177439836106
103,robotC,0.0,0.0,,,robotD,4.0,0.20838356517247464,0.4651065470988923,0.6590458017955788,0.619325375855004,-0.19184570077592478,0.5063358649248806,-0.49661135433746173,1.4093838330744302
103,robotD,0.0,0.0,,,robotD,4.0,0.2011868246706565,0.6209538449130572,0.5742657416353293,0.5145918688659961,0.46888988683886434,0.5329160997246619,0.47431246826740314,3.1151948548571387
103,robotE,0.0,0.0,,,robotE,4.0,0.09147981406240477,-0.11461322051005968,-0.2768399648270707,-0.06215654612808668,-0.15287826497074722,-0.1471120606530162,0.17692888470433302,1.1219538747300146
104,robotA,0.05,0.0,,,robotA,4.0,0.29580045074788025,-0.5210153733198231,0.32913359622826416,-0.37317052526779615,0.24204436627780712,0.19780232661442698,0.46643566130123043,1.6807723519766884
104,robotB,0.0,0.0,,,robotD,4.0,0.4136096600833471,-0.27470266673363175,0.2426584239343908,0.1335965735888998,0.3080062815862076,0.34892345374244665,-0.012589003543882184,0.8121164990764144
104,robotC,0.0,0.0,,,robotC,2.0,0.8647357839229975,0.46522838948969514,0.6590491780369935,0.3467536528051993,0.49134564259526636,0.5063608058387878,-0.4964489442518095,1.409407314479764
104,robotD,0.0,0.0,,,robotD,4.0,0.14970725624434472,0.6209337116146929,0.5742638639538111,0.5206020863409792,0.4701423465546269,0.5330225316800643,0.4743100776377541,3.115193592725014
104,robotE,0.0,0.0,,,robotD,4.0,0.13464963859883472,-0.11472814682445538,-0.27684096893858734,-0.3822548194427927,-0.47817243211289284,-0.1472131487918187,0.17671188784991107,1.121942697385238
105,robotA,0.0,0.5,,,robotD,3.0,0.191519464875601,-0.5438132312382212,0.32899706793409617,-0.2485508661218707,0.23204231769519765,0.19454978872025158,0.49603112910597896,1.815449859416261
105,robotB,0.05,0.0,,,robotA,4.0,0.4134897398727443,-0.2746966927748115,0.2426581858061372,0.07619902497162406,0.31041878687769875,0.3765077647842962,0.016503230802855304,0.8118639772013249
105,robotC,0.0,0.0,,,robotD,4.0,0.20530163385440175,0.46518146524344756,0.6590466089144201,0.6199190010580797,-0.1918673416678553,0.5063567640734211,-0.4964738784182735,1.4094052659597684
105,robotD,0.0,0.5,,,robotD,4.0,0.14465929444984169,0.6210249739121871,0.5742651352350427,0.5131120010246918,0.47404898402258666,0.5327993102717274,0.4743130994567464,3.115196537008833
105,robotE,0.0,0.0,,,robotE,4.0,0.3349534403321188,-0.11456312228651942,-0.2768394679368386,-0.062341126994873715,-0.15417630912664734,-0.14708363152938406,0.17699030339946015,1.1219593877827305
106,robotA,0.0,0.5,,,robotA,5.0,0.3185369261685614,-0.4968781813896678,0.43153998140283023,-0.4122870236127086,0.2880069620182051,0.1874823333007104,0.4403826927448462,2.3432697159966374
106,robotB,0.05,0.0,,,robotB,4.0,0.3993608111381929,-0.31735750451717926,0.24257841858798457,-0.196376582323447,0.15544171602982132,0.4104302512797743,0.05225875533940121,0.8115246151459446
106,robotC,0.05,0.0,,,robotC,3.0,0.8648721488354464,0.46515407842220363,0.6590449056013644,0.3416440085841595,0.491764429697459,0.5111237249734616,-0.46724777572333764,1.4092040926174803
106,robotD,0.0,0.5,,,robotD,3.0,0.1471925784985071,0.6225405380362491,0.5724921171124543,0.5234032273121608,0.45600767816093946,0.5348264962617227,0.4743644223273449,-2.708346439934042
106,robotE,0.05,0.0,,,robotE,5.0,0.1333912091032192,-0.11474917628247433,-0.2768409374262805,-0.12030295412154726,-0.27679018334604455,-0.14724528833821923,0.17664590810636144,1.1219492952439032
107,robotA,0.0,0.5,,,,,0.37857203863617955,-0.22543015569497274,0.6172504879213377,,,0.19245589949689496,0.45435855297476635,2.819064585663718
107,robotB,0.05,0.0,,,robotB,4.0,0.19191724463199836,-0.36743211776449364,0.24246029210479014,-0.22811361449813003,0.15864184036667558,0.4443842538094746,0.08802254662441905,0.8111888397283239
107,robotC,0.05,0.0,,,robotC,2.0,0.19011195743937634,0.4317785897767102,0.6591511485095402,0.3201029815720143,0.4898085076876234,0.5191482745512365,-0.4180242042940521,1.4088971085524302
107,robotD,0.0,0.5,,,robotD,3.0,0.3845812741665717,0.8203503616792932,0.21162037114453153,0.6086066448090327,0.1765248860314531,0.5417835192850733,0.4909029803511867,-2.208797361966794
107,robotE,0.05,0.0,,,robotB,5.0,0.0027987737635728027,-0.11750461138498336,-0.2768393006381478,0.5082361116289678,-0.13181375534671466,-0.1259728318198338,0.2208052784890293,1.1216302477302085
108,robotA,0.05,0.0,,,robotB,3.0,0.616541987350166,0.08594900844193933,0.6511665392403019,-0.21088549465528808,0.11680893171018604,0.17008301724403666,0.4609278818227267,2.912137831582704
108,robotB,0.0,0.5,,,robotD,4.0,0.20707772404985847,-0.4175278264666566,0.24232839903658032,-0.053942005015469634,0.4249866353310344,0.4794864083880905,0.12497063474080553,0.8108334089901044
108,robotC,0.05,0.0,,,robotC,3.0,0.1801634218401806,0.38121644126764137,0.6592900807662146,0.3644428433679612,0.5049226139627907,0.5270127772843192,-0.3699424580010559,1.4086310264774842
108,robotD,0.0,0.5,,,robotD,4.0,0.4381886013483997,0.8234839257113227,-0.20536122854160266,0.609841504957803,-0.11216105704641532,0.5280373673620399,0.46985389542723066,-1.9869330919237382
108,robotE,0.05,0.0,,,robotE,4.0,0.6912131191528381,-0.16758062818063163,-0.2768906669561082,-0.11757817682260031,-0.2021332783479091,-0.10398489501693065,0.2663961792412313,1.1212945701526407
109,robotA,0.05,0.0,,,,,0.6124373176838565,0.10972736073380719,0.6386200709656144,,,0.12927754477990847,0.4819842418088239,2.9354462705970166
109,robotB,0.0,0.5,,,robotB,4.0,0.450674534483784,-0.46594849036572755,0.2423443837529751,-0.28227150168076093,0.160887235799501,0.4796602780420774,0.125029840876737,1.2462188421540719
109,robotC,0.05,0.0,,,robotC,3.0,0.15796488964133046,0.33137414338971377,0.6593873913107232,0.24229513483041418,0.4868016953946843,0.5353284340613307,-0.319142463336334,1.4082350798415295
109,robotD,0.0,0.5,,,,,0.27202708805897946,0.7442555605690887,-0.34865967922416485,,,0.530816563739899,0.49347383674619144,-1.5116320917176203
109,robotE,0.05,0.0,,,robotE,5.0,0.12465926837992844,-0.2172862478398653,-0.276954624012332,-0.16479014168734138,-0.22573936602485398,-0.08246646209911834,0.31099187431108444,1.1210339084853895
110,robotA,0.0,0.5,,,,,0.5889910799359427,0.06365843241807276,0.637900213877951,,,0.10883866310862764,0.48616999713224324,-3.0836647736502165
110,robotB,0.0,0.5,,,robotB,4.0,0.2655437325401953,-0.305923838774697,0.4253754979991185,-0.3249160388736956,0.2147535359240381,0.44945594476681644,0.09971279161996902,1.7286085138623777
110,robotC,0.05,0.0,,,robotD,5.0,0.17694808716362434,0.28084576567444874,0.6594993340942119,0.2832002825440567,0.7431047201716093,0.541406428200477,-0.285369229529991,1.405911546978801
110,robotD,0.0,0.5,,,robotA,4.0,0.5542479426510426,0.49835708459788314,-0.6550809461183907,0.10291684078505245,-0.209604560260271,0.5435364622118624,0.5173248302055601,-1.042942127716788
110,robotE,0.0,0.5,,,robotE,4.0,0.11460901665798678,-0.26728605419549867,-0.27702108419449856,-0.14729647822126227,-0.22853308690377047,-0.06879495659264365,0.3395986748048546,1.2349046119328522
111,robotA,0.0,0.5,,,robotA,4.0,0.6551289343009115,0.23883788496369054,0.5931940725178438,0.1408003143823458,0.4374037349205108,0.12220990466371376,0.4800537142693596,-2.615518633124303
111,robotB,0.0,0.5,,,robotA,4.0,0.4008362026415515,-0.06417288237534634,0.5191918181544046,0.3030065109943392,-0.19469842230430864,0.4312894024672025,0.14068940695350676,2.2634822274983524
111,robotC,0.05,0.0,,,robotC,2.0,0.09615984352649758,0.2707035341606109,0.6477603612043304,0.17499537081651964,0.4616768912418629,0.5444559931920039,-0.24810072996118102,1.4693242963212434
111,robotD,0.0,0.5,,,robotD,4.0,0.6047747833666917,0.12423384162638579,-0.8140035378167849,-0.22802286818941925,-0.5571552335830258,0.5532654868192306,0.5092180254752627,-0.5820136732852106
111,robotE,0.05,0.0,,,robotE,4.0,0.1935604303034585,-0.3405949901999883,-0.21846703275776397,-0.23491395043592533,-0.2097746659322311,-0.06738733294129981,0.3679886245153422,1.502744214865416
112,robotA,0.0,0.5,,,robotA,4.0,0.3395437196906647,0.48006640905972514,0.42367585876532415,0.3270667007722091,0.3298076909758309,0.15700996254581992,0.48800982685338057,-2.1432109457848796
112,robotB,0.05,0.0,,,robotB,3.0,0.6916754048961247,0.18944069235092928,0.48759013144261604,-0.1360341048114568,-0.1580540796525914,0.40970705768753346,0.16341681191857688,2.3649560392865645
112,robotC,0.0,0.5,,,robotE,5.0,0.1879695366241889,0.2532524588566859,0.6325814695017384,0.3521611377076249,-0.300599077235152,0.5494675354596619,-0.1978281521779712,1.4714678799841736
112,robotD,0.0,0.5,,,robotD,4.0,0.2247914719295612,-0.2696802944142645,-0.7780530938999158,-0.433529367235069,0.013354173784149407,0.5563688970085435,0.44829507807283014,-0.1093544757967067
112,robotE,0.05,0.0,,,robotE,4.0,0.1851564715567959,-0.40932976491563317,-0.14762933128237427,-0.3059343787496055,-0.1258807581079945,-0.07233667033239555,0.4106941723597761,1.5128540679458657
113,robotA,0.05,0.0,,,robotE,4.0,0.34673495319451514,0.6236421390567533,0.15017435004733493,0.14389922817508344,0.09495065590897432,0.1421259956558821,0.4883301897717016,-1.6467992462122842
113,robotB,0.05,0.0,,,robotC,4.0,0.7066602207285173,0.19710647956945385,0.46515216116855296,0.20728190869664814,0.23708676333720966,0.36575168581835005,0.18777140746993137,2.362814924849857
113,robotC,0.05,0.0,,,robotC,2.0,0.9441982278735693,0.2070560495243831,0.6323825983099374,0.15718050197836594,0.42979697469485634,0.5489203047438151,-0.15853096675123468,1.5668192447518314
113,robotD,0.0,0.5,,,robotD,5.0,0.598411924802616,-0.6022370786908097,-0.5607839105138166,-0.36960118291114274,0.22695852652656698,0.5465601927103556,0.45603104241609205,0.3516344415725028
113,robotE,0.05,0.0,,,robotC,4.0,0.15556141503999613,-0.460265607487743,-0.14540575965530889,0.1752913167312788,-0.30514818106364394,-0.06938235230634923,0.4613066576272488,1.5125201177602638
114,robotA,0.0,0.0,,,,,0.5399787412988559,0.6203780372025186,-0.15910639595633735,,,0.15541050875983625,0.4851516726013261,-1.5007469253886725
114,robotB,0.0,0.5,,,robotB,4.0,0.23423335455515296,0.1495517049804697,0.46409444594960175,-0.15947986111970358,-0.08304645724533294,0.34326711135694765,0.20980436460717766,2.4981718923991796
114,robotC,0.05,0.0,,,robotC,3.0,0.19115540279651289,0.22564964233065407,0.6082692830166679,0.1734995620595173,0.4600325585864665,0.5590108862887448,-0.1261469424833684,1.55495223315562
114,robotD,0.0,0.5,,,robotA,4.0,0.6115081809564229,-0.7929558473303887,-0.2143045282277381,-0.16211896248335358,0.2671810297260179,0.5524680530680842,0.4361056465268781,0.7959984938659057
114,robotE,0.05,0.0,,,robotE,4.0,0.7036884251717169,-0.5100646565784679,-0.14557189971424994,-0.37834698628573954,-0.12335368248194249,-0.06650251650303549,0.5107301387937804,1.5122385142736394
115,robotA,0.0,0.0,,,robotA,3.0,0.5419715706851428,0.5824846443758335,-0.2234453492904246,0.2115518058860175,-0.10046329337247831,0.16759275554241182,0.48493898572284927,-1.566518553372765
115,robotB,0.0,0.0,,,robotC,4.0,0.6332505092505165,0.20839238339684088,0.4323914334654666,0.16181779491218223,0.26860998051661056,0.343338915585021,0.20970530955289424,2.6408064414125634
115,robotC,0.0,0.5,,,robotC,3.0,0.14622864019983034,0.18195936935093351,0.6060162798545706,0.14123088388326374,0.4555086775487008,0.5592634592474145,-0.10500774481312061,1.7823561055219088
115,robotD,0.0,0.0,,,robotC,4.0,0.6432658310863154,-0.7996635077150662,0.18157797903004763,-0.3248317473867331,0.046971226884389435,0.5490856232965442,0.455791059631451,1.2905937779674326
115,robotE,0.0,0.5,,,robotA,4.0,0.1831235280541141,-0.560101020223607,-0.14570760102653962,-0.2661276272356126,-0.053491927823571914,-0.06539160524321945,0.5317696935199543,1.774244276285448
116,robotA,0.0,0.0,,,robotA,3.0,0.391914402038468,0.5881326422706747,-0.209016378049985,0.21749859798784424,-0.09551188225100461,0.16762356376129417,0.48454444051377066,-1.5665098603639362
116,robotB,0.0,0.0,,,,,0.1663421711335448,0.24911482169714153,0.41020428482270754,,,0.3566554190334775,0.19951117481468525,2.6636814841372436
116,robotC,0.0,0.0,,,robotC,3.0,0.20281257320801077,0.3274113647126321,0.5359435481546757,0.2030124819323598,0.41824834423819857,0.5636948964572952,-0.10740450031575154,1.994839630677745
116,robotD,0.0,0.0,,,robotD,4.0,0.5697102894349799,-0.6194042835714066,0.5346153951196077,-0.33703204474248594,0.2859423419079802,0.5525214752623225,0.4700254080142822,1.3476645269673448
116,robotE,0.0,0.0,,,robotE,5.0,0.3410002631144989,-0.5936833364210692,0.04131543910627219,-0.4460510459790381,-0.03156954088822301,-0.06950972150858137,0.5153566732097796,2.269281896690856
117,robotA,0.0,0.0,,,robotA,3.0,0.3874481714552632,0.5879396256863988,-0.2090439506795581,0.21570614216070982,-0.09387439544223077,0.16762435415494492,0.48490781619063233,-1.5665173548643672
117,robotB,0.0,0.0,,,,,0.1663362147494189,0.24976987244489812,0.4097913121254459,,,0.3567097634944462,0.19948226085259627,2.663703393638872
117,robotC,0.0,0.0,,,robotC,3.0,0.21338094454300327,0.40789253228604894,0.47787713310007324,0.29066923038658576,0.34294244472276086,0.5707988351496996,-0.1107524936713911,2.0014022634987385
117,robotD,0.0,0.0,,,robotD,4.0,0.37628998099330924,-0.6211826864150177,0.5326254638134592,-0.3111623432806326,0.30711256415035604,0.5707324441223217,0.49397795183127613,1.3792665169999374
117,robotE,0.0,0.0,,,robotE,5.0,0.3390210750945697,-0.5113805365746311,0.3010974803459207,-0.39598332887375476,0.18730362115252636,-0.06183944076251723,0.5176112432021537,2.289259497210919
118,robotA,0.0,0.0,,,robotA,3.0,0.38978826891636303,0.588091670966727,-0.2090434560474028,0.21656563133138426,-0.09538142240080102,0.16762907837818025,0.48464457353718493,-1.566514568419977
118,robotB,0.0,0.0,,,,,0.16634481236652085,0.24979497968332118,0.40978579842108714,,,0.3566950272861414,0.1994907004374032,2.6637139158509955
118,robotC,0.0,0.0,,,robotB,2.0,0.1789467688948701,0.4124517775784312,0.47405673569586576,0.11696506390637532,0.22628539369134273,0.5706924849344124,-0.11054138020686095,2.001470457333908
118,robotD,0.0,0.0,,,robotD,4.0,0.3833204825407262,-0.6210985666553176,0.5326655064399491,-0.311014118422154,0.3149564172048465,0.5707062472463003,0.493936909721587,1.3792765247009702
118,robotE,0.0,0.0,,,robotE,5.0,0.1601207022032628,-0.5158339134873333,0.2934849596346222,-0.38287440213165225,0.2151274458498579,-0.06166092902128985,0.5173972473998024,2.2885517664377817
119,robotA,0.0,0.0,,,robotA,3.0,0.38844488761487067,0.5880087197239455,-0.20904523722119783,0.21737325486881076,-0.09572966882976539,0.16762701742817684,0.4847613400140824,-1.5665175333353367
119,robotB,0.0,0.0,,,,,0.1663482276858646,0.24980466687012948,0.4097837855134443,,,0.3566724636225847,0.19950255469792053,2.6637191162772584
119,robotC,0.0,0.0,,,robotB,3.0,0.3855120941404427,0.4123079726825046,0.47405976880750467,0.11720428428352227,0.2263267656389641,0.5708115316281446,-0.11080375493027562,2.0014040569311264
119,robotD,0.0,0.0,,,robotD,4.0,0.37880290097660263,-0.6210121779986254,0.532655385615614,-0.31308941554505054,0.3087252424985152,0.5707499777774457,0.49419532871237315,1.3792750039035044
119,robotE,0.0,0.0,,,robotE,5.0,0.15422549973277014,-0.515647617299082,0.29359258525536763,-0.38130749727649976,0.21428664827805394,-0.06181953315216399,0.5175556919237004,2.2885693078579212
120,robotA,0.0,0.0,,,robotA,3.0,0.3875722642531283,0.5880104658073186,-0.2090447952958325,0.2165449578502129,-0.0953017727705449,0.1676261379102956,0.48481957428791894,-1.566518890554578
120,robotB,0.0,0.0,,,,,0.16633582821336207,0.2497826483042817,0.40978289688207903,,,0.356724224822696,0.19947719927127516,2.6637189411772595
120,robotC,0.0,0.0,,,robotB,2.0,0.38539253503388987,0.4124204126864437,0.4740662328028334,0.11741709582532667,0.22677409267695064,0.5707025993832453,-0.11058216491970012,2.0014366661783085
120,robotD,0.0,0.0,,,robotD,4.0,0.38087774066251506,-0.6211850510785236,0.5326558851033348,-0.31386466392421286,0.3097960442499808,0.5706862756567765,0.49384935740857716,1.3792748891756528
120,robotE,0.0,0.0,,,robotE,5.0,0.15605934331132287,-0.5157188995281268,0.293584148740002,-0.38239251056697393,0.21471257571822333,-0.061766317662471454,0.5174951811272182,2.2885569335358773
121,robotA,0.0,0.0,,,robotA,3.0,0.3885646990109612,0.588089507292751,-0.2090434673992972,0.21715210272333954,-0.09568099889040785,0.16762957552994057,0.48462018899350434,-1.5665156774591953
121,robotB,0.0,0.0,,,,,0.16635507864608057,0.24981752557961326,0.40978384351469965,,,0.3566627075474205,0.19950814302999031,2.663722028617816
121,robotC,0.0,0.0,,,robotB,3.0,0.3848846289776586,0.41234574481631575,0.4740659640104417,0.11528512284121799,0.223024633630283,0.5707221194590086,-0.11061859374686912,2.001419278659358
121,robotD,0.0,0.0,,,robotD,4.0,0.37946384954811635,-0.6209913621475902,0.5326547536429098,-0.31260071647797216,0.3137135870979685,0.5707457205587555,0.49418931601579164,1.379277483990298
121,robotE,0.0,0.0,,,robotE,5.0,0.1549134603471712,-0.515724890253501,0.2935837157116479,-0.38277681735211,0.21499095164823603,-0.0616951858065977,0.5174167214585595,2.2885253399784937
122,robotA,0.0,0.0,,,robotA,3.0,0.3877511523412367,0.5879612929766601,-0.20904545789601367,0.21741921749123688,-0.09608193429598978,0.16762408489898806,0.48504381329425145,-1.5665242965907975
122,robotB,0.0,0.0,,,,,0.16633653524796077,0.2497834857589534,0.4097832081206658,,,0.3567192533892479,0.19948034735916895,2.663721177905972
122,robotC,0.0,0.0,,,robotB,3.0,0.38892300985012024,0.41233256583606015,0.474070295216184,0.1164671950586258,0.22507735140387883,0.5708298939243234,-0.11085128229464815,2.0013544595041695
122,robotD,0.0,0.0,,,robotD,4.0,0.37834482693237825,-0.6211616460469875,0.5326541288210499,-0.31529255970448905,0.31109639597236083,0.5706978400921294,0.4939363788586122,1.3792797815613218
122,robotE,0.0,0.0,,,robotE,5.0,0.15435275624181932,-0.5156290222682465,0.29357253351299223,-0.383656383408338,0.21562020776788768,-0.061880889486889225,0.517621359433252,2.2885500836673276
123,robotA,0.0,0.0,,,robotA,3.0,0.3875888683226775,0.5881820890781725,-0.20904221005815,0.21712964155944028,-0.0967265160138672,0.1676313251099036,0.48435657117141356,-1.5665165147434246
123,robotB,0.0,0.0,,,,,0.16635133547649963,0.24981023171467007,0.40978397911541453,,,0.35668218670736057,0.19949920500354043,2.6637234619800236
123,robotC,0.0,0.0,,,robotB,2.0,0.3867989146844557,0.4124587799889779,0.4740801265922108,0.11662614189552596,0.2253173051501721,0.5706244674091776,-0.11041226349797542,2.0014287694436135
123,robotD,0.0,0.0,,,robotD,4.0,0.3775810857488811,-0.621036512595192,0.5326547665794572,-0.30492535940464965,0.31163049243595387,0.5707162603347239,0.49405860166247584,1.3792833272716472
123,robotE,0.0,0.0,,,robotE,5.0,0.15341705811004794,-0.5157953846621208,0.2935694096034076,-0.38402947194191767,0.2156903132369021,-0.06167035739698038,0.5173790565745393,2.288509334552223
124,robotA,0.0,0.5,,,robotA,3.0,0.3873535030847421,0.5878418404192962,-0.20904393215451747,0.2150469658925758,-0.09370219382240418,0.16772783437288055,0.48610944983608534,-1.3530277088320446
124,robotB,0.0,0.0,,,,,0.1663449280417055,0.24979897229806533,0.4097834465468599,,,0.3566954250096571,0.19949254031574806,2.6637242184353087
124,robotC,0.0,0.0,,,robotB,3.0,0.38632913371693134,0.412205675840495,0.47408012124483984,0.11662578927725491,0.22521732186440802,0.5708378805556391,-0.11086623095855704,2.001335175123414
124,robotD,0.0,0.0,,,robotD,4.0,0.3857550509906918,-0.6210824842629611,0.5326545448966696,-0.3105248445891787,0.30666126353339423,0.5707223316774966,0.49409376379703507,1.379283198903861
124,robotE,0.0,0.0,,,robotE,5.0,0.1529267260423614,-0.5156449305115429,0.29356171108966106,-0.3824769698786838,0.21481503619388273,-0.061824916757100085,0.5175544441517292,2.288515076983344
125,robotA,0.0,0.5,,,robotD,3.0,0.39473790029338635,0.5306040273858674,-0.33085562700385823,0.23675293663475427,-0.13628553816888617,0.1673387388706987,0.48689658098461036,-0.868293279979825
125,robotB,0.0,0.5,,,robotE,4.0,0.16634306847858063,0.2497959159498414,0.40978316015620336,0.07221839026484365,-0.24334583791129386,0.3580730255088082,0.19876878801254197,3.0540931699827594
125,robotC,0.0,0.0,,,robotB,3.0,0.3865892427284996,0.4124566869946194,0.4740854044887835,0.11689370580253577,0.22655160000236646,0.57063172149637,-0.11043064888101713,2.0014087082383596
125,robotD,0.05,0.0,,,robotD,4.0,0.38410598228161535,-0.6211129129480607,0.5326534258258575,-0.3113759343529547,0.31456005760865846,0.5708933237349093,0.4949473281600484,1.3792745584530155
125,robotE,0.0,0.0,,,robotE,5.0,0.15479694441958608,-0.5157524910409733,0.2935533969881013,-0.38045975703447055,0.21372465680265595,-0.06178567628000355,0.5175111661957247,2.288509686834192
126,robotA,0.0,0.5,,,,,0.41307176218517216,0.31321746709598774,-0.5422183605620828,,,0.16849629942426153,0.4823812607198733,-0.3931985474706765
126,robotB,0.05,0.0,,,,,0.6125330743931523,0.39089476660636374,0.279762309977233,,,0.316309542145359,0.1878258345920911,3.1129847317407466
126,robotC,0.0,0.5,,,robotB,3.0,0.3853349564297609,0.41220602002612694,0.474086780763875,0.11846034923206812,0.22280923492362123,0.5606191153425407,-0.09397366813279516,2.136899894442818
126,robotD,0.0,0.5,,,robotD,4.0,0.3807345621636122,-0.6234712545925875,0.5326318758485185,-0.3153033534610883,0.30840827360616624,0.5782971122734689,0.5331327859040383,1.4121026607279716
126,robotE,0.0,0.5,,,robotE,5.0,0.15706574339050552,-0.5157260061818096,0.29355378424635353,-0.3809121090702005,0.21310270070443826,-0.06172273088424702,0.5174279211365502,2.2899775041164947
127,robotA,0.0,0.5,,,robotB,3.0,0.533620876799927,0.02575421608286127,-0.6264189690651952,-0.09862337523678706,0.13843275818110223,0.15786251450352495,0.4820496030833494,0.09741516691273314
127,robotB,0.05,0.0,,,robotA,4.0,0.5714300634927666,0.371641705661706,0.24335529796173688,-0.31053539075074355,-0.05789700910933041,0.2701748739643864,0.19199472320439814,3.1146938088363587
127,robotC,0.0,0.5,,,robotB,2.0,0.38522626238689794,0.452177774418114,0.415246116419282,0.11628890496885184,0.2174571958074608,0.5480865075115714,-0.09646698012152866,2.2690516548686404
127,robotD,0.0,0.5,,,robotE,4.0,0.4081780045994766,-0.6314589086032212,0.5665844700139299,0.17016561283389686,0.23977157173426167,0.5781622881062481,0.5311805760934389,1.950088066837108
127,robotE,0.05,0.0,,,robotE,5.0,0.15698111904320577,-0.515001620112429,0.29473036001495156,-0.3838621307979721,0.21369909115811284,-0.061286494250228536,0.5166251232042286,2.7615702499465526
128,robotA,0.0,0.5,,,,,0.7252359993098563,-0.26771214897981555,-0.5668163051213915,,,0.18219890957590407,0.510242065764477,0.3908346889762065
128,robotB,0.05,0.0,,,robotD,4.0,0.7005698618654052,0.3226899049132869,0.24180927425041832,0.09579246725368847,-0.3540655126733777,0.22084426311621141,0.19332757731095576,3.114389761032746
128,robotC,0.05,0.0,,,robotC,3.0,0.3964409680705459,0.49596675049821326,0.33151934894729046,0.33768036106217075,0.2081030822155865,0.5337797943412641,-0.0862950973088619,2.557635928353112
128,robotD,0.0,0.5,,,robotD,3.0,0.7103164586412466,-0.25651033811525814,0.8076598567853587,-0.38366216762336525,0.16788808544701897,0.5803378507706175,0.5192778672088888,2.415400802073493
128,robotE,0.0,0.5,,,robotE,3.0,0.29308945229810224,-0.3193158487946789,0.49959278561105613,-0.23847207088245043,0.3176786435461276,-0.08626398768183029,0.5215801181133195,2.7990150740742825
129,robotA,0.0,0.5,,,,,0.6919381895184817,-0.4338816173168466,-0.4668608641473529,,,0.18038787038132298,0.5111010603703304,0.9005652135538711
129,robotB,0.05,0.0,,,robotB,4.0,0.621635037513974,0.2725868795087939,0.24189913028824264,0.10330962944538803,0.1139824975739801,0.1699271261909578,0.19472222187389931,3.11404861899539
129,robotC,0.05,0.0,,,robotD,4.0,0.21296299304201746,0.5487251068105216,0.1795837607399909,0.5272700088867651,-0.2572372428996908,0.5099483413767104,-0.057240044573277846,2.784335044558229
129,robotD,0.0,0.5,,,robotE,3.0,0.8566280258846445,0.15680032481898082,0.8325021606771711,0.1995512782830007,0.23905171911284043,0.5789562896596487,0.5128115231775796,2.890924022350692
129,robotE,0.05,0.0,,,robotD,3.0,0.22225145448345118,-0.3492217748061376,0.5103706571347173,-0.5741007256348425,-0.24508811903711075,-0.12483473896007831,0.531833157768635,2.8934371746369716
130,robotA,0.0,0.5,,,robotA,4.0,0.6086064834981341,-0.6034867812236405,-0.20144191438412165,-0.32236525509048786,-0.16680814266989652,0.1770854815078366,0.5102274689651095,1.3886703674958198
130,robotB,0.05,0.0,,,robotA,4.0,0.17492359738974042,0.2225330606335059,0.24198264749381462,-0.38466059292181276,0.15531778160322116,0.12060976145876946,0.19608938038240234,3.1137484549137997
130,robotC,0.05,0.0,,,robotC,4.0,0.3144745822343984,0.5361754815867394,0.05711121888673089,0.33436168604618655,0.08382829156467538,0.4639514819924236,-0.03919962077829703,2.7653344851827133
130,robotD,0.0,0.5,,,robotC,3.0,0.5362513470306941,0.5312387866296131,0.6604172421436761,-0.05739610416292779,0.2186754894953474,0.5745555837809444,0.4478092841236907,-2.9213784959205538
130,robotE,0.05,0.0,,,robotD,2.0,0.8205217995263039,-0.3404501367264587,0.5414634849919253,-0.3238549693490431,-0.1000911672437227,-0.16222941385725748,0.5374673303073446,2.99772688921041
131,robotA,0.0,0.5,,,robotA,4.0,0.4051768942422525,-0.6262716397057371,0.10116429064719983,0.24248096101172925,-0.014513068496578706,0.17808137914789177,0.5016809895578997,1.863485224358722
131,robotB,0.05,0.0,,,robotA,4.0,0.5638093501220754,0.17243865581426365,0.24204384655935884,-0.2507861739604535,0.05821298509870984,0.07135711543412894,0.19747039675057007,3.1134027397657773
131,robotC,0.0,0.5,,,robotC,3.0,0.15073476338217595,0.4845830935981007,0.07139858501133083,0.2974999791822113,0.0609422351677872,0.44503857347827125,-0.03347123267798012,2.9964389614103335
131,robotD,0.0,0.5,,,robotD,3.0,0.8449414544819444,0.7792932653946636,0.33647600040843384,0.4217351685605931,0.2307612779824661,0.5690052586791757,0.43317846877119326,-2.4398292218957276
131,robotE,0.05,0.0,,,robotD,2.0,0.6724422546219505,-0.3242469574149614,0.5723509731270369,-0.3620755527710899,-0.05605967307286176,-0.20074305977227594,0.5321639396796548,3.0115656173007324
132,robotA,0.0,0.5,,,robotB,4.0,0.8462172799265077,-0.5059042527479884,0.38045940734450984,-0.11221898314317673,-0.0062727998661497985,0.17514327641179497,0.5185283911877884,2.328046117465791
132,robotB,0.05,0.0,,,robotA,4.0,0.4159943833432118,0.12236030212497875,0.24209619357116113,-0.19325920420100515,0.32221583213315586,0.06201597913919516,0.19743828065966673,3.1104817562441394
132,robotC,0.05,0.0,,,robotC,3.0,0.20098653943547345,0.46976876773390036,-0.04259062688663768,0.28489457221411174,-0.011885672438182858,0.4185090712662795,-0.04464064062357056,-3.140152540954134
132,robotD,0.05,0.0,,,robotC,3.0,0.5208351807113986,0.847263781679438,-0.06956302154027906,0.17997107904094065,0.08409476148931555,0.539532320195543,0.3967437057597542,-2.148856000746432
132,robotE,0.05,0.0,,,robotE,2.0,0.6337553257286024,-0.3652302726685381,0.5776878007932954,-0.13290083347516485,0.2241783718561791,-0.24899657534022904,0.5384846229541062,3.01126907519418
133,robotA,0.05,0.0,,,robotC,4.0,0.5993637331715959,-0.2654860944251034,0.5731631993957924,-0.1309370779754316,0.08674992886732812,0.17692856875025392,0.5033894691255456,2.8189542284184057
133,robotB,0.05,0.0,,,robotE,4.0,0.27736146439538356,0.07228804763174546,0.2421281366011619,-0.2883025119807733,-0.053643198968886904,0.012719032616307427,0.19898075182352437,3.1101335715127245
133,robotC,0.05,0.0,,,robotC,3.0,0.1623430303676249,0.41867775731339363,-0.10384935490922603,0.2604688256255008,-0.04887601341572404,0.3632469603038278,-0.058990507283919254,-3.098091356561182
133,robotD,0.05,0.0,,,robotD,3.0,0.7137594336006317,0.7658485970384629,-0.323581657940307,0.38995564397751004,-0.13118605518389453,0.5070678042412656,0.35665978945719773,-2.144502410433628
133,robotE,0.05,0.0,,,robotC,2.0,0.4522379406856041,-0.415100501244697,0.5775655568336788,-0.08755341625334226,-0.18407917355403255,-0.29843956005833605,0.5449651735201888,3.0109355981622663
134,robotA,0.0,0.0,,,robotD,4.0,0.5674661537940715,0.032202380521384674,0.6302601429233312,0.1702714463872888,0.28176430125740093,0.14933639229106588,0.5270754211695844,2.8223034284802098
134,robotB,0.05,0.0,,,robotE,4.0,0.428828656811167,0.02218636017833631,0.24214503130377585,-0.3574362569820768,-0.05902692638862881,-0.03821141303244095,0.20059301984186317,3.109794681590689
134,robotC,0.05,0.0,,,robotC,3.0,0.12190415641317491,0.36826278877246116,-0.10580654002385904,0.2189876492444846,-0.051204691769167976,0.313839072946112,-0.061131391670951586,-3.0985232045872237
134,robotD,0.05,0.0,,,robotE,3.0,0.3774667660821413,0.7174358208683816,-0.3189036442373272,0.022802423748829778,-0.3245895639122455,0.48059204662855215,0.3156743615507209,-2.144690844614715
134,robotE,0.05,0.0,,,robotC,2.0,0.8501643174939342,-0.46557130440830774,0.5774205591936468,-0.07622487130065088,-0.1782320357696096,-0.3484490735237097,0.5515499131763326,3.0105846895267008
135,robotA,0.0,0.0,,,robotE,4.0,0.38137249581307947,0.013462371259455205,0.6294076451031457,0.15581331812082733,0.3132443490778904,0.14589230261184383,0.512009669380399,2.8371964424230653
135,robotB,0.0,0.0,,,robotE,4.0,0.4464475987477067,-0.02787474572219378,0.2421452315604341,-0.3290219998490977,-0.04221719110991801,-0.04576854892600778,0.20083296240557819,3.1097290035376566
135,robotC,0.05,0.0,,,robotE,3.0,0.11317178402062363,0.3181962450288761,-0.1056611626509639,-0.30552206294108364,-0.34331862622398,0.2631797131141739,-0.06330822912047157,-3.098811461306921
135,robotD,0.0,0.0,,,robotE,3.0,0.644993302623208,0.667769764551499,-0.31880253300454164,0.016590208155396847,-0.34040564909162063,0.4532452005729034,0.2733733785145326,-2.1450453087353534
135,robotE,0.05,0.0,,,robotE,3.0,0.873908413705429,-0.5155111078104584,0.5772436540829421,-0.36754603379819856,0.4167577411714817,-0.37683779785783633,0.5529068446992021,-3.0058625608709395
136,robotA,0.0,0.0,,,robotD,4.0,0.3468923004841192,0.013085321240857936,0.6294135870530544,-0.3196989779214071,0.2189377701234881,0.14555331324882087,0.5120976797895755,2.8371886153107257
136,robotB,0.0,0.0,,,robotB,4.0,0.4092321525368403,-0.03472584608724737,0.242143018045507,-0.019742502204996043,0.11871921523896846,-0.045735125584786616,0.20083240454507856,3.109724557721922
136,robotC,0.0,0.0,,,robotC,3.0,0.6212036354723932,0.2683884168434801,-0.1055777632711215,0.1551285519952587,-0.0515503657461253,0.2435309091657108,-0.06415685710295224,-3.098955167989244
136,robotD,0.0,0.0,,,robotE,3.0,0.6041790406386452,0.6203742662680326,-0.31856247358825085,-0.006743780610949272,-0.33406040299568296,0.4534369473884453,0.27367949276207454,-2.145083694704448
136,robotE,0.0,0.0,,,robotE,3.0,0.2813493892964027,-0.37254765848276783,0.6980626693330292,-0.2937522921619935,0.49568005111688784,-0.407963934332439,0.5435170106826721,-3.051578895393388
137,robotA,0.0,0.0,,,robotD,4.0,0.5283033580606074,0.01290521785009278,0.6293995674850795,-0.2758471625301376,0.12583321214176663,0.1459139639353414,0.511985185629765,2.837202174644322
137,robotB,0.0,0.0,,,robotB,4.0,0.12432891660745386,-0.03471669486539411,0.24214309080181287,-0.018198243686964172,0.11738922809791888,-0.04573584675392098,0.20083242497239467,3.10972499255582
137,robotC,0.0,0.0,,,robotE,3.0,0.10969116226974344,0.25061027252259954,-0.10554473698263452,-0.3340590217682575,-0.3188575899248513,0.2437885326393759,-0.0641397672316261,-3.0989907633175546
137,robotD,0.0,0.0,,,robotE,4.0,0.6274042963778327,0.6204692125752577,-0.3185680729010045,0.022550945550170964,-0.5249285131520444,0.4532164368058196,0.27333115325005397,-2.145064500086843
137,robotE,0.0,0.0,,,robotE,4.0,0.24402058218212636,-0.45936334946268265,0.6748978577886908,-0.3332083672935779,0.5037516349211798,-0.3992170335342851,0.5403438393991828,-3.052365238135583
138,robotA,0.0,0.0,,,robotD,4.0,0.5805727795866881,0.013096207167168894,0.629396993111942,-0.27310802854409166,0.12604605166143637,0.14558101062031711,0.5120846774948418,2.8371952819820003
138,robotB,0.0,0.0,,,robotA,4.0,0.12584232818018956,-0.03471346279775023,0.24214314226309952,-0.20034800742440026,-0.1123476049736566,-0.04576924337126179,0.20083302235956701,3.1097273000385997
138,robotC,0.0,0.0,,,robotE,3.0,0.6224300410710524,0.25067501250026397,-0.10553795839560924,-0.3348973011776019,-0.31952121777413367,0.2435061306067589,-0.06415636964291299,-3.098973199457314
138,robotD,0.0,0.0,,,robotE,3.0,0.632341263981826,0.6202745006098497,-0.31857438583457925,0.01780786557041179,-0.5232881084598756,0.4533894885391865,0.27360492309005374,-2.145078487842438
138,robotE,0.0,0.0,,,robotE,4.0,0.21285206647212324,-0.4621961795679468,0.6730683396083587,-0.345303192130478,0.5092766921004966,-0.3989100523942373,0.5403801581529389,-3.052388209441637
139,robotA,0.0,0.0,,,robotD,4.0,0.5789438357401988,0.012928313948974857,0.6293940184942859,-0.2756279884608548,0.12572913620461465,0.1458261990665215,0.5120111141553003,2.8371990439895236
139,robotB,0.0,0.0,,,robotB,4.0,0.39126973068861637,-0.03473255962658093,0.24214291056077933,-0.018730882120959937,0.11686605914807728,-0.04571711952639369,0.20083204337273458,3.1097261717335827
139,robotC,0.0,0.0,,,robotE,3.0,0.6233270093172442,0.250550272096127,-0.10554061236261165,-0.33472561921161026,-0.31968586374799784,0.24364488943983492,-0.06414819626550117,-3.098984089864087
139,robotD,0.0,0.0,,,robotE,4.0,0.6364252348640631,0.6204089537304252,-0.3185712109644668,0.022446012668961565,-0.523388289841321,0.4532700240692181,0.2734140599381756,-2.1450681997631955
139,robotE,0.0,0.0,,,robotE,4.0,0.20118252728632147,-0.4621212998298711,0.6730690576089186,-0.34524503188655326,0.5090617952878393,-0.39919810055530186,0.5403475242979566,-3.0523694815572884
140,robotA,0.0,0.0,,,robotD,4.0,0.5805246421370451,0.013039112743286355,0.6293958561799794,-0.2741772905915287,0.12635593925794333,0.14571216708353266,0.5120453327598586,2.83719700106426
140,robotB,0.0,0.0,,,robotA,4.0,0.12629145491487512,-0.03470425177563406,0.24214328391934634,-0.19854970366318833,-0.11136573128988343,-0.0457728486579435,0.20083296437892884,3.1097297095702743
140,robotC,0.0,0.0,,,robotE,3.0,0.6232627360491914,0.25059319745335557,-0.10554030342640695,-0.33481114737403145,-0.31930548605415915,0.24367562382186447,-0.0641471735438687,-3.09898610169537
140,robotD,0.0,0.0,,,robotE,3.0,0.6319846256438308,0.6203220556104091,-0.3185742172612139,0.01769109572619572,-0.521679363921188,0.4533157707109031,0.2734879535401209,-2.1450716848961897
140,robotE,0.0,0.0,,,robotE,4.0,0.2014566915482742,-0.4622337011912132,0.6730692640930782,-0.34431077800388643,0.5078438715939618,-0.3990345138188938,0.5403628086106637,-3.0523760944890266
141,robotA,0.0,0.0,,,robotA,4.0,0.5792444135672935,0.013007710794287548,0.6293955655578468,0.015535491003566673,0.38865362846641416,0.1456680820656599,0.5120587502162544,2.8371955907906923
141,robotB,0.0,0.0,,,robotA,4.0,0.38962119300753245,-0.034731691426702245,0.24214287243497554,-0.19953970005085064,-0.11176482929870721,-0.045726620687260036,0.20083191740866035,3.109728875638322
141,robotC,0.0,0.0,,,robotE,3.0,0.6232500638392702,0.25063319507768433,-0.10554027848535823,-0.3345925977472217,-0.31897331471116086,0.24350004437509853,-0.06415715257041199,-3.0989733907589754
141,robotD,0.0,0.0,,,robotE,4.0,0.6359422729034483,0.620327525755723,-0.31857370750839714,0.02256290850364641,-0.5236469309368879,0.4533617845522021,0.273561456560499,-2.1450748197478675
141,robotE,0.0,0.0,,,robotE,3.0,0.202958890172828,-0.46217982151708337,0.6730685661207492,-0.34292919242970943,0.5058552608157839,-0.39907679080786657,0.5403581010733789,-3.0523730413239245
142,robotA,0.0,0.0,,,robotD,4.0,0.2407550906002876,0.012958976969520983,0.6293949319965417,-0.2736483546249204,0.12627805307321094,0.145848048068423,0.5120046372600662,2.837198370061541
142,robotB,0.0,0.0,,,robotA,4.0,0.39040943030947106,-0.03471031248488941,0.24214306305352037,-0.19742371054114588,-0.11066668460606548,-0.04575329411498037,0.2008325810016705,3.10973092212633
142,robotC,0.0,0.0,,,robotE,3.0,0.6228326040596704,0.2505292416635351,-0.10554209458551313,-0.3338191897058792,-0.3183701293640685,0.2437513127060585,-0.06414481237581818,-3.0989933226672797
142,robotD,0.0,0.0,,,robotE,4.0,0.632036070939109,0.620403961153385,-0.31857213791054156,0.018858046212352816,-0.5261348703019417,0.45324356192915527,0.273373627827097,-2.1450657975395786
142,robotE,0.0,0.0,,,robotE,4.0,0.203411044736757,-0.4621671996132094,0.6730691022990875,-0.3441243174791487,0.5074130396319361,-0.39917670196830973,0.5403483423129957,-3.0523688872623325
143,robotA,0.0,0.0,,,robotD,4.0,0.5790801898461734,0.013067172915097005,0.6293964015159305,-0.2722514594074971,0.1257877501795325,0.1456056055547166,0.5120775107443327,2.8371941195033132
143,robotB,0.0,0.0,,,robotA,4.0,0.3885195638833964,-0.03471920852398928,0.24214303258365935,-0.19947593848717657,-0.1117611652123753,-0.04575125006232857,0.20083231147125186,3.109731973144416
143,robotC,0.0,0.0,,,robotE,3.0,0.622024300622311,0.25066162854108476,-0.10554061151930477,-0.33551931938034535,-0.319862693159397,0.24350875489854362,-0.06415874534478036,-3.098975400897955
143,robotD,0.0,0.0,,,robotE,3.0,0.6362247613687994,0.6202739068085775,-0.31857545807959015,0.019006215168628694,-0.5241443478957712,0.453392809547139,0.27361016945472866,-2.145076448346765
143,robotE,0.0,0.0,,,robotE,4.0,0.20345558163748506,-0.4622435852006577,0.6730693473669023,-0.3428613793934141,0.5059160603530959,-0.39893120755656913,0.5403731005655934,-3.0523774162808825
144,robotA,0.05,0.0,,,robotA,4.0,0.5787503463295721,0.012936793130283654,0.6293943664893727,0.017853042580582543,0.40611156877068194,0.12558740218558495,0.518371851390526,2.837015212163308
144,robotB,0.0,0.0,,,robotB,4.0,0.3903741472893607,-0.03472181720529761,0.24214285340359265,-0.01868386457243961,0.11673211039162729,-0.04573066615076592,0.20083191650183257,3.1097321442402244
144,robotC,0.0,0.0,,,robotE,3.0,0.6240260820413953,0.25054876106059,-0.10554340761511478,-0.333540915468528,-0.31823734546773974,0.24373620424466963,-0.06414514065888266,-3.0989943197949223
144,robotD,0.0,0.0,,,robotE,4.0,0.635576016130927,0.6204187990716393,-0.31857252053617297,0.02239552620447642,-0.5243116997799373,0.4532600269552006,0.2733981389578605,-2.145065692924494
144,robotE,0.0,0.0,,,robotE,4.0,0.20532720442564556,-0.46210477363157476,0.6730695042536433,-0.3423969556264801,0.5049446617528055,-0.3992399726608032,0.5403414460927123,-3.0523646738828814
145,robotA,0.05,0.0,,,robotA,3.0,0.22510477844799243,-0.010710602889935576,0.6293967663041377,0.009474910758156312,0.3236715911735103,0.10671713360424018,0.5243796904109723,3.0903666885651058
145,robotB,0.05,0.0,,,robotD,4.0,0.12643052685863068,-0.03470834205512749,0.24214301200371904,-0.06153241903379839,-0.3266781365869954,-0.08751989364555368,0.20216898092100444,3.1094433707001925
145,robotC,0.0,0.0,,,robotE,3.0,0.6216812860665967,0.25062312113180296,-0.10554037842724606,-0.3361279216500227,-0.32643758198815803,0.24327693512008536,-0.06416998137905844,-3.0989632148347974
145,robotD,0.05,0.0,,,robotD,3.0,0.6323174775083531,0.6203070771447552,-0.3185760207772009,0.4519785519390419,-0.21166263047984468,0.4533688895862974,0.2735740805164528,-2.1450765170982717
145,robotE,0.0,0.0,,,robotE,4.0,0.20648192557534575,-0.4622665547307923,0.6730698079977205,-0.3437160690478228,0.5099455209248926,-0.3989211352873408,0.5403740764528386,-3.052376267495718
146,robotA,0.05,0.0,,,robotD,3.0,0.3205820189425398,0.15087898513950113,0.6113827633890329,-0.15396399691183016,0.2756272266051108,0.0761640810966078,0.5256173979254847,3.1158462745360347
146,robotB,0.05,0.0,,,robotE,4.0,0.5690476639044896,-0.07818792815672672,0.24212572926749495,-0.34491410799031286,-0.05173310016398495,-0.13675242885166028,0.2037610522331993,3.109119714062362
146,robotC,0.05,0.0,,,robotE,3.0,0.6267883206811576,0.2504457973800119,-0.10554197070178652,-0.040998691127852996,-0.38779050391480746,0.2139769916411337,-0.0654088841671962,-3.099350911634568
146,robotD,0.05,0.0,,,robotD,4.0,0.19705613476692713,0.6175136933585295,-0.3185702410812963,0.42303685533484203,-0.2160609322291566,0.42673790100983633,0.23241147739790802,-2.145226966449294
146,robotE,0.05,0.0,,,robotE,4.0,0.20156190022934917,-0.46211174373000313,0.6730702089418124,-0.3433640363718545,0.4956137957570328,-0.40022372385754496,0.5402542294002661,-3.05236613030051
147,robotA,0.05,0.0,,,robotA,3.0,0.2509057481221203,0.05609602314396501,0.6098308129471609,0.03695204292916937,0.33197355407704116,0.0343370434911891,0.5277954186717806,3.1048208034652816
147,robotB,0.05,0.0,,,robotE,4.0,0.36507425819572475,-0.12824504689680846,0.24209292312533834,-0.3878695764830489,-0.05348140442532545,-0.12854314534881914,0.21096220330628115,3.1138041066129047
147,robotC,0.05,0.0,,,robotD,3.0,0.38329255345791696,0.21822796487945714,-0.10545254622658264,0.15894370966821642,-0.3109778776294818,0.1641185579005016,-0.06751526096503915,-3.099527442586393
147,robotD,0.05,0.0,,,robotA,4.0,0.1770086744534882,0.5674206346087244,-0.31845915054555,0.1163275886621826,-0.3326815952430461,0.39923481597130117,0.18994841897985026,-2.145692522557472
147,robotE,0.05,0.0,,,robotE,3.0,0.21569838527130425,-0.46599728892886905,0.6730592205386695,-0.5580459847679015,0.43652252337958836,-0.449139128166922,0.5358891428448352,-3.052785712987764
148,robotA,0.05,0.0,,,,,,,,,,-0.01427317600834685,0.5295939632837845,3.104626419422653
148,robotB,0.05,0.0,,,,,0.22898781529516474,-0.1783531401890831,0.24203966835896668,,,-0.17947226721329895,0.21238754400721874,3.1134495906825563
148,robotC,0.05,0.0,,,,,0.05749607423007841,0.1679645106985388,-0.10541328235420032,,,0.143693605710242,-0.07447476314372378,-3.0961378754892293
148,robotD,0.05,0.0,,,,,0.12869778262937248,0.5177653136710748,-0.3182130515304346,,,0.3722995447831525,0.14837234348402012,-2.1458650213161308
148,robotE,0.0,0.5,,,,,0.2522266185174008,-0.5161754496413367,0.672854569087225,,,-0.45962257064325557,0.5349716096089426,-2.677496711774889
149,robotA,0.05,0.0,,,robotA,4.0,0.2795501423990445,0.00632648813590328,0.6098410719860813,0.009660334093065827,0.38734465771060855,-0.06579141159163021,0.5315016492051843,3.1042412016468295
149,robotB,0.05,0.0,,,robotE,4.0,0.3357345414213725,-0.2284146168449395,0.24197044977469176,-0.4080181915883462,-0.051582076648752376,-0.2287837912528366,0.21378298807345567,3.113125847808656
149,robotC,0.05,0.0,,,robotC,3.0,0.20959210560718147,0.1183210627279835,-0.10536014666150058,0.0760119196103702,-0.061315046714153824,0.09214874957159813,-0.07681746798210613,-3.096391704870866
149,robotD,0.05,0.0,,,robotD,5.0,0.351738490747505,0.4677651297514967,-0.3181344104147247,0.35296427982132805,-0.22326242884435737,0.3768618787361657,0.16870014760804558,-2.141257042903181
149,robotE,0.0,0.5,,,robotD,3.0,0.508572619501061,-0.2260676329867469,0.8217970790601303,-0.370651316252272,-0.1549139182050715,-0.4410168659588227,0.5393749626315998,-2.190437765776878
150,robotA,0.05,0.0,,,robotA,4.0,0.2289159011861057,-0.04421056888714357,0.6098315463758595,-0.0246834515568991,0.38276478338207615,-0.11457301170917548,0.53333636312175,3.10407664922421
150,robotB,0.05,0.0,,,robotB,4.0,0.32077412730346433,-0.27851099589409456,0.24188670705866333,-0.1552546045785456,0.13289771370846662,-0.27804017904390227,0.21519489214179313,3.1127700266885494
150,robotC,0.05,0.0,,,robotC,4.0,0.04473478980849038,0.068074232685133,-0.10533997766795243,0.05269615276525355,-0.07700996265937662,0.06340083366743388,-0.07846988204296194,3.040142206522322
150,robotD,0.05,0.0,,,robotD,4.0,0.11483507106912397,0.41792569990999295,-0.31795724099114153,0.32254623486952416,-0.22658781745966236,0.3502239774431305,0.1271908135028195,-2.1414662843424357
150,robotE,0.05,0.0,,,robotE,4.0,1.1303415216013952,0.17836836565586903,0.8331393922664035,0.099622260826635,0.6891555425648863,-0.4277185950700809,0.5343288079984257,-1.8713486532689274
151,robotA,0.05,0.0,,,robotA,4.0,0.23739850479971134,-0.09400051752118442,0.6098180688620302,-0.04711284941376384,0.3818353945193401,-0.1642355095557156,0.535207525100301,3.1036487515190503
151,robotB,0.05,0.0,,,robotB,4.0,0.20464787960975783,-0.3285354662447912,0.24177607523624392,-0.19040437336420446,0.13895618502569465,-0.3290117879644993,0.2166728051057861,3.1124399089223314
151,robotC,0.05,0.0,,,,,0.020408663030765106,0.05674902758960132,-0.09701215584816186,,,0.04086616403851194,-0.07520161012342128,2.747237197402319
151,robotD,0.05,0.0,,,robotE,4.0,0.10204926340511992,0.3680624202098144,-0.3179241685669619,-0.02414199106635205,-0.4418901976642465,0.3235492829048552,0.0856508662146305,-2.1419016685091727
151,robotE,0.05,0.0,,,robotD,4.0,0.29841045307631053,0.39300143166072565,0.7437216549965995,-0.19006507484468965,0.41650444082985466,-0.4394363987710665,0.4925242146385995,-1.9076192453021577
152,robotA,0.0,0.5,,,robotA,5.0,0.2427148523400358,-0.14440424370189273,0.6041974509586463,-0.07432235712597246,0.3239639089505843,-0.1685637992186857,0.5373022578108966,3.1271754031022576
152,robotB,0.05,0.0,,,robotB,4.0,0.2118185920081656,-0.378638763537819,0.23608975428107193,-0.23862143714153,0.14798033264264893,-0.32470026388333634,0.21404404631118495,3.103424171530345
152,robotC,0.05,0.0,,,,,0.014744843583799499,0.06294210528797259,-0.08761330501982605,,,0.014110483189239256,-0.07948811476561041,2.4839426297037757
152,robotD,0.05,0.0,,,robotE,4.0,0.3585263709825662,0.3131381904585769,-0.32030385862716715,-0.02297743250655987,-0.4590396913147907,0.2960820689172323,0.04291609379439535,-2.14211575031585
152,robotE,0.0,0.5,,,robotE,4.0,0.6191200110794105,0.3361780267460284,0.7426605171907751,0.29498741925843136,0.5932644134261293,-0.44206214775217484,0.48508066189564203,-1.5430502007455145
153,robotA,0.0,0.5,,,robotC,4.0,0.29430102602733954,-0.1581906631016994,0.6060617663928318,-0.03380081894811547,0.04813535489597618,-0.1752093667192089,0.5334138265780847,-2.671742521723048
153,robotB,0.05,0.0,,,robotB,4.0,0.2077272673060391,-0.42907662382107953,0.23091066152956805,-0.27778780865624786,0.14745129653845654,-0.373929753803389,0.21593192623325724,3.1031065464220196
153,robotC,0.05,0.0,,,,,0.014914948471580104,0.06746827181198538,-0.07906913404104271,,,-0.008646667979877712,-0.06727821513063828,2.215814159735031
153,robotD,0.05,0.0,,,robotB,4.0,0.3131594838429297,0.258722207087,-0.3222399275224925,-0.06858114041179042,-0.41046282144404916,0.28473209492645857,0.02519417259756536,-1.8861838849948158
153,robotE,0.0,0.5,,,robotE,4.0,0.2904496297176448,0.5836772673814842,0.561340143758592,0.45132162258474107,0.4796301938360231,-0.43749593445883284,0.507719951615617,-1.0983109409048177
154,robotA,0.0,0.0,,,robotA,4.0,0.5762921227882114,0.1239708753509097,0.6024102896221984,0.057563127217605356,0.34822841045362307,-0.16931813922037992,0.5412339717849414,-2.3902444162607974
154,robotB,0.05,0.0,,,robotB,4.0,0.21263038847396507,-0.4769522253521055,0.2219175118631798,-0.31421603702159207,0.14618833100714101,-0.4249168854920216,0.21790445173684508,3.102739832216376
154,robotC,0.05,0.0,,,robotD,5.0,0.0165163132766937,0.06845449159989973,-0.07206391763063187,0.25123498681835,0.2684660489579382,-0.03749322112649716,-0.05254860201109372,2.035901833125498
154,robotD,0.05,0.0,,,robotD,4.0,0.19419415817667968,0.1236676774960645,-0.3830445231200879,0.11821426718386256,-0.24603035721019084,0.284533451861576,-0.0010345856240082333,-1.8563848845224482
154,robotE,0.0,0.5,,,robotE,4.0,0.4036985007294693,0.7693672145529643,0.23099495715223414,0.6074802515761893,0.22513395791172586,-0.4468743629309623,0.5057393165284154,-0.634152752085833
155,robotA,0.0,0.0,,,robotD,5.0,0.2770649228247261,0.256926254003212,0.5406324518304548,-0.04311166847166255,0.23880326134993585,-0.16656655538043502,0.5411822378508019,-2.424578246411481
155,robotB,0.0,0.0,,,robotB,5.0,0.21956316005650317,-0.5258500527578791,0.20466075730647146,-0.3596615046125349,0.13668802581659564,-0.43410741010229165,0.218262092975975,3.1026616131257287
155,robotC,0.05,0.0,,,robotD,5.0,0.3826412767733836,0.06737956726654881,-0.06711036766306978,0.20486471744482426,0.2671920830876438,-0.05301240095834879,-0.026281681252581165,1.9267830803366626
155,robotD,0.0,0.0,,,robotA,5.0,0.14982786236967807,0.0634187599766807,-0.3854787015251195,-0.21136195884345663,-0.3963365160814853,0.28823667195690555,-0.023162889017262885,-1.862977688546399
155,robotE,0.0,0.5,,,robotE,4.0,0.4095178424460724,0.7783366539482981,-0.14703932572124298,-0.6417270171363052,0.04138760469378065,-0.46672081377879504,0.5134335599951507,-0.17744974318480894
156,robotA,0.0,0.0,,,robotC,5.0,0.39569424105852413,0.2378307992121971,0.5174522560701481,0.06013692668478378,0.019028732654848553,-0.16631119432399194,0.5414160443171304,-2.424671615032738
156,robotB,0.0,0.0,,,robotB,4.0,0.17521178702350138,-0.5306607013270879,0.17487761909731023,-0.36258334713334206,0.12045072479663704,-0.43411053296344165,0.2182621932823049,3.1026581697402476
156,robotC,0.0,0.0,,,,,0.36287417660420807,0.06532214021742944,-0.06777886667803142,,,-0.059079315687043665,-0.009324490905867327,1.8770712163827301
156,robotD,0.0,0.0,,,robotD,5.0,0.20084872575912222,-0.010549530848773274,-0.39251821777684887,0.009402467057874692,-0.38767638662425863,0.2880985094007582,-0.023592652972900807,-1.8630853470059174
156,robotE,0.0,0.0,,,robotD,4.0,1.3577097518782881,0.6317681325683633,-0.4293414830245021,0.3115810169961885,-0.00045722566893407655,-0.49774204670739164,0.5133583205922244,0.24321235607268318
157,robotA,0.0,0.0,,,robotC,4.0,0.5208513007338054,0.2305669644595236,0.5082683486931684,0.06101596131988631,0.015786333985585755,-0.1665040923239871,0.5412417062191173,-2.424659499236475
157,robotB,0.0,0.0,,,robotB,4.0,0.1727355949754161,-0.5299783127773503,0.16307127440069885,-0.361663786254239,0.11094308903392094,-0.43410371452692126,0.2182619954075657,3.102656669927952
157,robotC,0.0,0.0,,,robotA,4.0,0.3630369550903512,0.06510441957449752,-0.06786446423007574,0.3393620676495433,-0.09492431581540454,-0.054008542541346724,-0.016075468115197295,1.8653616756971094
157,robotD,0.0,0.0,,,robotD,4.0,0.07735489991857467,-0.022082757142812045,-0.39545715596790953,-0.009729707373436992,-0.3190949748649051,0.2880558072224178,-0.023751771277550793,-1.8630696658671957
157,robotE,0.0,0.0,,,robotB,4.0,0.6492318535519157,0.3972044781972073,-0.6440181183266638,0.131860918052234,-0.28351928230494783,-0.497076501808695,0.5172206752790006,0.28229507042935487
158,robotA,0.0,0.0,,,robotC,5.0,0.5207138008611706,0.23041176002495473,0.508176347885501,0.06103812107552841,0.016211214635709893,-0.16642283873732974,0.5413137329840598,-2.424663812362387
158,robotB,0.0,0.0,,,robotB,4.0,0.17615844311011586,-0.5299678604661981,0.16295785311716238,-0.361624993423364,0.11210086348460208,-0.4341164598677832,0.21826217635394923,3.102656455609052
158,robotC,0.0,0.0,,,robotA,4.0,0.275290682926129,0.06539973807218968,-0.06791316851500284,0.33785344730213396,-0.0945084916645599,-0.05406534984355891,-0.015855281003027605,1.86538038623735
158,robotD,0.0,0.0,,,robotE,5.0,0.0774079821679611,-0.022230692783813434,-0.395486866234899,-0.28985875596067845,-0.5197206286568524,0.28805643752694804,-0.023748293084889988,-1.86307015405176
158,robotE,0.0,0.0,,,robotB,4.0,0.4471098350756434,0.3935077810596458,-0.6460770345317479,0.11054871969107664,-0.29291453127815725,-0.49682995871371016,0.5173479257409246,0.28232950299823223
159,robotA,0.0,0.0,,,robotC,4.0,0.5203067843836043,0.23041840224725402,0.5081761221502539,0.060887680127375124,0.01609802409818636,-0.16637460443849,0.5413564056758206,-2.4246668253560317
159,robotB,0.0,0.0,,,robotB,4.0,0.17586384460170562,-0.5299749615750305,0.16295732877099162,-0.35797621781484673,0.11089878105343666,-0.43410308708465406,0.21826168315400285,3.1026555412602215
159,robotC,0.0,0.0,,,robotA,4.0,0.27395595139205003,0.06519249872084136,-0.06790265730679164,0.3398379064960191,-0.09497159773932377,-0.0540496105470329,-0.015915498949006977,1.8654002463216668
159,robotD,0.0,0.0,,,robotD,4.0,0.29501519943900156,-0.02227619220652283,-0.3954888312989011,-0.009843079527510143,-0.31856966686679156,0.2881405596226231,-0.023460489619177433,-1.8630798429009194
159,robotE,0.0,0.0,,,robotB,4.0,0.45247212277528,0.39339877984836824,-0.6460814399173793,0.11064769229364081,-0.2927877583018129,-0.49717593811992933,0.5172418521648594,0.28226268708665975
160,robotA,0.0,0.0,,,robotC,5.0,0.5204869579489182,0.23048966982193456,0.5081771218930079,0.06055305678073763,0.016054544065761324,-0.16651422891315157,0.5412317298822428,-2.4246607768755077
160,robotB,0.0,0.0,,,robotB,4.0,0.17969817147639616,-0.529968578857415,0.16295702319589772,-0.3590658110132101,0.11120632732636707,-0.4341131921102683,0.21826193275921063,3.1026552651305566
160,robotC,0.0,0.0,,,robotA,4.0,0.27586530569135165,0.06530349748573411,-0.06790639584544374,0.34191936489097696,-0.09387209476201198,-0.05401929108734354,-0.016005210837121746,1.8653988746620485
160,robotD,0.0,0.0,,,robotE,5.0,0.07788331300975793,-0.022079768704824972,-0.39548568524627936,-0.28971825427525544,-0.5191185365289538,0.28797786178540574,-0.02402316931652368,-1.8630618801820726
160,robotE,0.0,0.0,,,robotE,4.0,0.45264044483170285,0.3936101954886491,-0.6460802632931539,0.328384867225922,-0.4991495450952431,-0.4968185683661177,0.5173603833652641,0.28233115963101224
161,robotA,0.0,0.0,,,robotC,5.0,0.520515030393176,0.23056006711850613,0.5081773485148083,0.06082177904984257,0.016115553179376543,-0.16622062084837289,0.541493007046872,-2.424677054951394
161,robotB,0.0,0.0,,,robotB,4.0,0.1785698634465604,-0.5299725218259683,0.1629566155428343,-0.36055862977243053,0.11179108761792664,-0.4341078006910316,0.21826163943469185,3.1026546418801106
161,robotC,0.0,0.0,,,robotC,4.0,0.27789498456418743,0.06524014524923166,-0.06790611963368604,0.03966159286242174,-0.043795371358661676,-0.054061615055722066,-0.015879208144455353,1.8654271643024694
161,robotD,0.0,0.0,,,robotE,5.0,0.29450324498641084,-0.022420718284828896,-0.3954892982356902,-0.2928197968679503,-0.5179337659586367,0.28813512553970044,-0.023479677958509096,-1.863079006339217
161,robotE,0.0,0.0,,,robotB,3.0,0.16068513485320637,0.3934159587115621,-0.6460871839185868,0.11240896536308823,-0.29441563051936503,-0.4971804951971166,0.5172496597305827,0.28225548981584464
162,robotA,0.0,0.0,,,robotC,5.0,,,,0.0612771175645145,0.015955750123118385,-0.16666041867638393,0.5411043790690842,-2.4246562731095707
162,robotB,0.0,0.0,,,,,0.176950278472102,-0.5299714454875519,0.1629562467713789,,,-0.43410743067936847,0.218261581428904,3.1026541057241266
162,robotC,0.0,0.0,,,,,0.2774268693869462,0.0652752150219986,-0.06791030084918372,,,-0.05401074782511546,-0.016042112700595235,1.865427963607756
162,robotD,0.0,0.0,,,robotD,4.0,0.2971142589819012,-0.022109688282281045,-0.3954881862103281,-0.009762585252087633,-0.31893896745237665,0.2879981948490237,-0.023967502572673778,-1.863059843063136
162,robotE,0.0,0.0,,,,,0.16044292988390255,0.39359660154256654,-0.6460838613239421,,,-0.4968650918204732,0.5173467021805481,0.2823179330271063
163,robotA,0.0,0.0,,,robotC,5.0,0.5204239055907685,0.2302884004506769,0.5081713814957137,0.060899759843121994,0.016411983948816725,-0.1662393706501666,0.5414739476736113,-2.4246813472415076
163,robotB,0.0,0.0,,,robotB,4.0,0.17696844769346487,-0.5299693514002544,0.16295590831119802,-0.3591235016824185,0.11119109078760615,-0.43411260565035187,0.2182615935215778,3.1026537363121194
163,robotC,0.0,0.0,,,robotA,4.0,0.035171674562554024,0.06526527918121879,-0.06790963971627219,0.3411921218855854,-0.0954651368862124,-0.05405992254424257,-0.015902271800451777,1.8654519156224059
163,robotD,0.0,0.0,,,robotE,5.0,0.07758955653790107,-0.022395197806136167,-0.39549323829213745,-0.2906117541175454,-0.5215375742703302,0.28813208472342383,-0.023503543482933764,-1.8630742699671201
163,robotE,0.0,0.0,,,robotE,4.0,0.45018498523795764,0.39346645315911066,-0.6460876502870582,0.32677496229703207,-0.4968385851149389,-0.4970708022424759,0.5172851832691799,0.282275243318558
164,robotA,0.0,0.5,,,robotC,4.0,0.5202003256122777,0.23053894561057423,0.5081750624930234,0.06121343921934243,0.015950507174796798,-0.16613310928548677,0.5415772674684423,-2.2949474773035474
164,robotB,0.0,0.0,,,robotB,4.0,0.17851952092530873,-0.5299733290457743,0.16295551719525872,-0.3588748628501899,0.11112747684065594,-0.4341039280082305,0.2182613756440031,3.102652903295642
164,robotC,0.0,0.0,,,robotA,4.0,0.27726917166534704,0.06529535723792675,-0.0679121186678365,0.3364067502928579,-0.0941304596820714,-0.054049228324859075,-0.01591616233132611,1.8654513461561555
164,robotD,0.0,0.0,,,robotE,5.0,0.29660119971826493,-0.02212575239566349,-0.3954917946753289,-0.28882254938394236,-0.51429200550396,0.28799991076475956,-0.02396436543193653,-1.8630590039934636
164,robotE,0.0,0.0,,,robotE,4.0,0.16349468341394285,0.39352698709011336,-0.6460856242502238,0.3313475354874939,-0.5008911592549273,-0.49701949855387506,0.5173024683085041,0.28228500239524223
165,robotA,0.05,0.0,,,robotC,5.0,0.5112902632129478,0.3253931510349595,0.4537025067377719,0.061674551648621574,0.012100335617854997,-0.17351391637429148,0.518426641874019,-2.0643665080725815
165,robotB,0.0,0.5,,,robotB,4.0,0.1787712114359453,-0.529968504143631,0.16295519092517613,-0.35891106246451177,0.11109555969832254,-0.46374973948772974,0.21938822572357664,3.1144703458134013
165,robotC,0.0,0.0,,,robotA,4.0,0.2724211353844178,0.06525022712253203,-0.06791186043810267,0.3425812729272125,-0.09624646751238486,-0.05399466588272659,-0.016084123118543597,1.8654628773535888
165,robotD,0.05,0.0,,,robotE,5.0,0.2917300488551247,-0.022376095771631466,-0.3954950831429994,-0.2890337047018214,-0.5178571444032143,0.2873469972912075,-0.026118595259236342,-1.8630874286012082
165,robotE,0.0,0.0,,,robotE,4.0,0.15795842261791013,0.39355246526590826,-0.6460855461546998,0.3290787290809288,-0.5006979179627912,-0.49692655019131204,0.5173306381921225,0.28230291236901356
166,robotA,0.05,0.0,,,robotC,4.0,0.48462911708496986,0.37214424734045765,0.38422121541845966,-0.03814368636290923,0.04855084850362328,-0.1877095194263504,0.4730183936586523,-2.078914187648773
166,robotB,0.0,0.5,,,robotB,4.0,0.20772022290966383,-0.5501940676570533,0.19208014422001132,-0.38903206080170905,0.1091370078141867,-0.4620748182612392,0.21954557742944947,-2.646514089198759
166,robotC,0.05,0.0,,,robotE,4.0,0.27868390366333223,0.06534156559780037,-0.06791163310426951,0.33414964162170885,0.23593564219455673,-0.061659848142620974,0.009486739578840622,1.82244724555305
166,robotD,0.05,0.0,,,robotB,5.0,0.29067793390528995,-0.025365885885530206,-0.3954931685765539,-0.20697756863634933,-0.2539340596650929,0.27299762341434486,-0.0737862771994473,-1.8634431782919658
166,robotE,0.0,0.5,,,robotB,4.0,0.1590061769888241,0.39346327976573753,-0.6460856545629479,0.12485876422444217,-0.3018862695845207,-0.4971523511163446,0.5172627517116748,0.2822560179152782
167,robotA,0.05,0.0,,,robotD,4.0,0.4701819421628992,0.30519857360934494,0.36977841776445264,0.11212824929931439,-0.08189816078850039,-0.19631790662857984,0.45335331659892986,-1.8319516235160773
167,robotB,0.0,0.5,,,robotB,4.0,0.31392650102890307,-0.3875191902092395,0.42305986341858565,-0.28962095231097423,0.2692391016900889,-0.42776936925920395,0.2131651855192243,-2.163851122850082
167,robotC,0.05,0.0,,,robotE,3.0,0.4079364603536606,0.06391447003301322,-0.069654128122288,0.30364425144778945,0.24763289178703035,-0.07139393716852549,0.05481897629677865,1.7706804718062086
167,robotD,0.05,0.0,,,robotE,5.0,0.18343293797283294,-0.09781853472229342,-0.4013516571502479,-0.17917531475466458,-0.6926431474087362,0.258428671153951,-0.1221085884113353,-1.863763142916201
167,robotE,0.0,0.5,,,robotE,4.0,0.4226813004347385,0.39834550603543806,-0.6241664020637154,0.34248279430859274,-0.47391143238885175,-0.49820860303666736,0.5168925553014297,0.714947379821269
168,robotA,0.05,0.0,,,robotA,4.0,0.4180035318665085,0.32713023795661106,0.27657233663950676,0.11362637603644675,0.11266282127596718,-0.18882713601314036,0.44500271595229046,-1.5629950313368361
168,robotB,0.05,0.0,,,,,0.266890981134719,-0.21272732891421064,0.5248132914901734,,,-0.4461691046234045,0.16280473376577015,-1.9445972534938356
168,robotC,0.0,0.5,,,robotC,4.0,0.4004683350766825,0.06290825216137441,-0.07240002221817192,0.021471821940452,-0.05957773053264123,-0.0808360913993377,0.10154276375629469,1.7692909814752662
168,robotD,0.05,0.0,,,robotD,3.0,0.2815566214802175,-0.18831339858508278,-0.41123485591173237,-0.13140390868895055,-0.32017374051762315,0.24405402293954082,-0.16974128169322805,-1.8640790975804125
168,robotE,0.0,0.5,,,robotE,4.0,0.33977031068562363,0.0953839814688379,-0.7071195812957649,0.3329865008928947,-0.4479143118984191,-0.47286651189128437,0.5424125873932337,0.8978574789443675
169,robotA,0.0,0.5,,,robotD,4.0,0.2079828147953258,0.3054001077386777,0.1931593247974711,0.30220254976233696,0.04246438555916006,-0.1946611191079994,0.42713898810379175,-1.2212157053186112
169,robotB,0.05,0.0,,,,,0.3026687247875725,-0.16135600508289913,0.5433858876955323,,,-0.4662709641931826,0.12269898533409349,-1.851281324739807
169,robotC,0.05,0.0,,,robotC,4.0,0.04427902737847997,0.061921124937196134,-0.07759122971136177,0.03282944994387072,-0.046300351624556424,-0.0754923933088191,0.08510523372873051,2.0105674994646576
169,robotD,0.05,0.0,,,robotD,3.0,0.18388167396110197,-0.28379314877913236,-0.42308141527258947,-0.20457627008141546,-0.3349504959178736,0.229906471386075,-0.2165478004303955,-1.8644610159492487
169,robotE,0.0,0.5,,,robotE,4.0,0.4359761512461668,-0.0328748033119993,-0.6850233807695074,-0.006858618743822964,-0.5162418830819178,-0.4495281827121116,0.5460050363031241,1.3210172035125498
170,robotA,0.0,0.5,,,,,0.05401561182295548,0.3487598149029559,0.06985247390490493,,,-0.18274007982348003,0.4109751050885938,-0.8633516853584385
170,robotB,0.0,0.5,,,robotB,4.0,0.29440497544740946,-0.19485659138107747,0.5479755461420802,-0.11635582487858032,0.38703870643029925,-0.49298518918638345,0.08126854449435691,-1.868763344540973
170,robotC,0.05,0.0,,,robotC,3.0,0.05295189188916123,0.05789145223834807,-0.0929458111638624,-0.006666793806238546,0.06090877119861483,-0.08131999018869819,0.09696798071383356,1.8868046923763158
170,robotD,0.05,0.0,,,robotB,4.0,0.15641938942585248,-0.33367075245462724,-0.42327738881663357,-0.07285417806990842,-0.34474005351412423,0.23429286189876153,-0.2161432916265493,-1.8612278021132698
170,robotE,0.0,0.5,,,robotE,4.0,0.3476101293495529,-0.34619590520996485,-0.5916276114408614,-0.2076989280038896,-0.4682672580534338,-0.4255760206984331,0.5273356566023242,1.8371038090832528
171,robotA,0.0,0.5,,,,,0.09574997480786568,0.332251108603827,-0.048448439648598324,,,-0.1966913323015391,0.4317942964534636,-0.41044876000711056
171,robotB,0.05,0.0,,,robotB,5.0,0.2073069730078735,-0.2478344705079899,0.5473182959017704,-0.14135547611159044,0.3874307811199102,-0.5006911649000507,0.0413941823412243,-1.779948146244701
171,robotC,0.0,0.5,,,robotC,2.0,0.16155235546633204,0.05812879876005849,-0.08708006196356173,0.025059268965087415,-0.04325799054831198,-0.08555092289932233,0.12477454478380445,1.635578170070632
171,robotD,0.05,0.0,,,robotB,4.0,0.3225202241101626,-0.38581787871838746,-0.42266961809958015,-0.09154323452577691,-0.36411664483684536,0.22020767012775777,-0.263236152911418,-1.8616398340436784
171,robotE,0.0,0.5,,,,,0.39358376387185484,-0.5848441355356756,-0.3557076222182816,,,-0.45336448976819893,0.524847797900389,2.3339875574598623
172,robotA,0.05,0.0,,,robotA,4.0,0.20609152274723208,0.28010824052774075,-0.16243939002274307,0.1908685186450876,-0.08594381006295818,-0.1807227002951247,0.42790721142664634,-0.0917368682359963
172,robotB,0.05,0.0,,,robotB,4.0,0.21411122836055296,-0.2589011878337487,0.5663906195356735,-0.1095695991118815,0.2749933816090743,-0.5060768704264138,0.0012994159215103107,-1.6333338727142361
172,robotC,0.0,0.5,,,robotC,4.0,0.05676150985617235,0.07038071806441727,-0.07743159516780161,0.042369215142406685,-0.04983385866339658,-0.07392048025842901,0.10627265346276529,1.8480946682359745
172,robotD,0.05,0.0,,,robotC,3.0,0.368388880348502,-0.4552360119483062,-0.42275051572313044,-0.08019527954900285,0.015829188593461097,0.2060678903313904,-0.3104515884310487,-1.8618958250953914
172,robotE,0.0,0.5,,,robotE,4.0,0.6193110809672474,-0.6723506299432136,-0.0588224987833827,-0.6078695658684505,-0.14386945014056254,-0.4311502134985114,0.5269053472822458,2.8289050358912613
173,robotA,0.05,0.0,,,robotC,4.0,0.14408638747205205,0.1961806470723961,-0.22993224135630236,-0.04498767272037554,0.012706315544619788,-0.14859013859284087,0.4271238110029183,-0.10614017465479215
173,robotB,0.05,0.0,,,robotC,5.0,0.34077198608838766,-0.22151722961491374,0.5968524727147643,0.08325554341747932,0.018783302232931228,-0.49927309649210405,-0.021343085859475128,-1.6524850571817087
173,robotC,0.0,0.5,,,,,0.0455944781556164,0.06443832806225684,-0.08973136100644914,,,-0.06248298905149888,0.11289471252247499,2.1739772372960697
173,robotD,0.05,0.0,,,robotB,3.0,0.6189863309079504,-0.512240156569996,-0.4274329258386226,-0.6166849457523359,-0.301500879126915,0.1913758651205274,-0.359457082654016,-1.8623037813927932
173,robotE,0.0,0.5,,,robotE,3.0,0.400350213603133,-0.6149665622654378,0.2564178543973348,-0.32857458658931066,0.12329656455302788,-0.42950539020213546,0.524763345304459,-2.966949997731082
174,robotA,0.0,0.0,,,robotA,4.0,0.3046128235055954,0.144629215373747,-0.2256933656496973,-0.21680360724253545,0.08082571356198893,-0.12095478003387584,0.4241952743069499,-0.10639183679552205
174,robotB,0.05,0.0,,,robotC,4.0,0.6817634192285789,-0.2905259324306895,0.5889488642506733,0.0818803914477227,0.04428049652377956,-0.5032932386440746,-0.07046162363813442,-1.6526706028283418
174,robotC,0.0,0.5,,,,,0.05914753590336511,0.05022017978120714,-0.10845802908550295,,,-0.07217641172574044,0.12326524858552323,2.510961630475101
174,robotD,0.05,0.0,,,robotB,3.0,0.13827764941243298,-0.5656805188353825,-0.43002813990026567,-0.5754818457089006,-0.1712463222029276,0.1772766600582834,-0.40641262002791867,-1.862617346200751
174,robotE,0.0,0.5,,,robotE,3.0,0.3969613960960621,-0.42177556522306364,0.5091617321598558,-0.25098692046192816,0.2828824924376244,-0.4413601610364587,0.5229921164862541,-2.4248119383149342
175,robotA,0.0,0.0,,,,,0.45339539736005696,0.11731022024618437,-0.2256630082992273,,,-0.12097673377783741,0.4242017127044375,-0.10638578103317495
175,robotB,0.0,0.0,,,robotB,4.0,0.6892698775120051,-0.340649608194576,0.5888549757712865,-0.19169340096992415,0.35004471604087156,-0.5040514786604915,-0.07967965303182575,-1.6526273415331454
175,robotC,0.05,0.0,,,,,0.08280716224976549,0.008425434676643502,-0.1253642888723598,,,-0.09043812187579046,0.12991236616941237,2.968555954939872
175,robotD,0.0,0.0,,,robotD,4.0,0.262052576697905,-0.6154130148769439,-0.4302387056486276,-0.5851958768977447,-0.23910885217351782,0.15727339243263783,-0.4303884576759549,-1.890874962087199
175,robotE,0.05,0.0,,,robotB,3.0,0.38290623631259946,-0.13219646319536063,0.6468962463940925,0.4206462425869581,0.28808152630095435,-0.445128327456801,0.5295838645325958,-1.9369138402449737
176,robotA,0.0,0.0,,,robotA,4.0,0.4524288338771386,0.11684185548933242,-0.22474351741826734,0.20831987810214653,0.013466156256017424,-0.12079373789579421,0.4241898166642524,-0.10638192150015295
176,robotB,0.0,0.0,,,robotB,4.0,0.28572357603272347,-0.34927334360442785,0.5883859075714881,-0.22028425856500633,0.3931756589881453,-0.5040496256599895,-0.07963572335753206,-1.6526482675327006
176,robotC,0.0,0.0,,,,,0.1197457827804365,-0.05645270910909299,-0.11745988753490687,,,-0.11328839228197385,0.12430027976066348,3.0103182903712047
176,robotD,0.0,0.0,,,robotB,4.0,0.20698918500101057,-0.662734210052881,-0.4310263594491847,-0.5337133853252568,-0.6536474376757718,0.157356313971799,-0.43014241942476816,-1.890899015408401
176,robotE,0.0,0.0,,,robotE,4.0,0.4176388829510928,0.18402333067349969,0.6322207918755648,0.12617894295642582,0.5477414427748115,-0.46588643776713934,0.463093747556717,-1.9534925659917675
177,robotA,0.0,0.0,,,robotA,4.0,0.25521357867757377,0.11673183026562432,-0.22474719398890286,0.21015126097499412,0.0028948871106642677,-0.12110596084947053,0.42422167179297043,-0.10638711314684937
177,robotB,0.0,0.0,,,robotB,4.0,0.23396857966679194,-0.3492664140257794,0.5883804228746574,-0.21430016549606554,0.379242324317302,-0.5040520223478141,-0.07965890448953342,-1.652649418876883
177,robotC,0.0,0.0,,,,,0.13679202315053068,-0.07757760953138611,-0.11559719836181623,,,-0.11276966359633672,0.12417951064745704,3.0102561498944693
177,robotD,0.0,0.0,,,robotE,2.0,0.257289396851499,-0.6627172103995412,-0.4310360119842509,0.05871660189202449,-0.7594319367799804,0.15717912474172346,-0.4306910587279881,-1.8908736710512157
177,robotE,0.0,0.0,,,robotE,3.0,0.0850193906483509,0.13497379947478838,0.6323047166295903,0.11434155354526118,0.4494501477117084,-0.4657890163978867,0.46333318355481096,-1.9538501570691453
178,robotA,0.0,0.0,,,robotA,4.0,0.2460039908435339,0.11689102587574662,-0.22474626044438253,0.21166225076823575,0.0029288558919100104,-0.12072965500732802,0.4241820672094413,-0.10638373393761774
178,robotB,0.0,0.0,,,robotB,4.0,0.2489132169687692,-0.3492782071385167,0.5883803597295872,-0.21464448488971782,0.37961381352532386,-0.5040524449778392,-0.07966354805118125,-1.652648266606267
178,robotC,0.0,0.0,,,,,0.13649903202169492,-0.07720790347705057,-0.1156616525313969,,,-0.11026823506170028,0.1238568431334497,3.012236085924435
178,robotD,0.0,0.0,,,robotB,4.0,0.7929012249216444,-0.662979874765249,-0.4310319549548874,-0.5373865746271471,-0.6511164602920835,0.1573715836603275,-0.4300913919294411,-1.8908983383203415
178,robotE,0.0,0.0,,,robotA,4.0,0.1840203864062654,0.13506384844042923,0.6323000564001978,0.01557095176568851,0.22491027904416105,-0.4658633578637542,0.4631160898383107,-1.953808949029555
179,robotA,0.0,0.0,,,robotA,4.0,0.2466832097790282,0.11671082058744207,-0.22474817828919905,0.2088875030458326,0.0028482957207880233,-0.12100080506848761,0.42421093558960876,-0.10638939655403756
179,robotB,0.0,0.0,,,robotB,4.0,0.2484163464500288,-0.3492807493460949,0.5883810462914197,-0.21418191085388733,0.3838887942257427,-0.5040510937656935,-0.07963803002661092,-1.6526475799260913
179,robotC,0.0,0.0,,,,,0.13536645977688558,-0.07592068793697605,-0.11564857785293217,,,-0.10860542971257084,0.1253501865535766,3.0147263573538345
179,robotD,0.0,0.0,,,robotB,4.0,0.2532583098886173,-0.6626980542576005,-0.43103282936859694,-0.53544098350132,-0.6538524629662734,0.15717884343796185,-0.4306851420130219,-1.8908708513499128
179,robotE,0.0,0.0,,,robotA,4.0,0.424506298121437,0.13496202795099926,0.6322815692354062,0.015176696434436974,0.22486396316536802,-0.465826901145199,0.46319516396871013,-1.953820631572458
180,robotA,0.0,0.0,,,robotA,4.0,0.24550724328904389,0.11683358554479611,-0.22474758029654704,0.21088094411114586,0.002940758780140644,-0.12087968519005557,0.4242011019371936,-0.10638882930307268
180,robotB,0.0,0.0,,,robotB,4.0,0.24508180927211243,-0.34926582111223964,0.5883819002841266,-0.057536993555308794,0.4340225826454186,-0.5040540058708239,-0.07967647447317636,-1.652645579876658
180,robotC,0.0,0.0,,,,,0.1344011141234245,-0.07578443479949623,-0.11389144590350457,,,-0.11183399197904059,0.1257550669216519,3.012280059387444
180,robotD,0.0,0.0,,,robotB,4.0,0.25674940302320215,-0.6629962673897468,-0.43102987545568583,-0.5425944608535349,-0.6524105899650953,0.15736615305303847,-0.43011113830206305,-1.8908930830195267
180,robotE,0.0,0.0,,,robotE,4.0,0.424669919607969,0.13498823634346535,0.6322823421377287,0.1182970927938559,0.5161966512457073,-0.46578839188082233,0.46329126373521273,-1.9538320135265967
181,robotA,0.0,0.0,,,robotA,5.0,0.2463651723723481,0.11679124542379585,-0.22474965990053303,0.2107198906487617,0.002968522547169308,-0.12083969747849677,0.4241984118507064,-0.10638776250340104
181,robotB,0.0,0.0,,,robotB,4.0,0.33006634798661494,-0.3492848793350651,0.5883824388783895,-0.2157279217184184,0.3848763249075172,-0.5040512180508502,-0.07963557074796115,-1.652645039749557
181,robotC,0.0,0.0,,,,,0.13585400923164212,-0.07742507891775487,-0.11390911859216044,,,-0.11329876737041866,0.12592899912783448,3.0110645533934424
181,robotD,0.0,0.0,,,robotB,4.0,0.25186485797215447,-0.6627070380261249,-0.43103110698102964,-0.5378575094475633,-0.6532558772671561,0.1571946656445512,-0.43064682908855634,-1.8908672865664176
181,robotE,0.0,0.0,,,robotA,4.0,0.11728922046429675,0.1350547967743296,0.6322825702644462,0.014859727151219965,0.22513364647091855,-0.46588410510793765,0.4630459301942416,-1.953799329282147
182,robotA,0.0,0.0,,,robotA,4.0,0.24634443438224307,0.11675439846466575,-0.22475074899063416,0.21010423129991487,0.002860741532845579,-0.12102432639843315,0.42421593607476804,-0.10639011835338859
182,robotB,0.0,0.0,,,robotB,4.0,0.24340675752710186,-0.3492640824212168,0.5883829424771033,-0.21426625003347374,0.3800552817519692,-0.5040533336641242,-0.0796675222266593,-1.6526431059698121
182,robotC,0.0,0.0,,,,,0.13647084869717455,-0.07811685521356646,-0.11392285455428726,,,-0.1127972147365382,0.1258636264248581,3.0114759597504137
182,robotD,0.0,0.0,,,robotB,4.0,0.25503034410980385,-0.6629807752669636,-0.43102931547164824,-0.5399925293267035,-0.6513647587381386,0.1573569688554402,-0.43014762626248393,-1.8908862920436493
182,robotE,0.0,0.0,,,robotA,4.0,0.4244782832165256,0.13491557689970388,0.6322803102956616,0.015488502078556439,0.22442796783265487,-0.4657774750084026,0.46331844785816473,-1.9538343281547457
183,robotA,0.0,0.0,,,robotA,5.0,0.24597001572822674,0.11685754653823634,-0.2247492415924564,0.21072085456235518,0.0029813183792952638,-0.12077074750093117,0.4241923025942288,-0.10638689271345333
183,robotB,0.0,0.0,,,robotB,4.0,0.24825123150653824,-0.34927758936456693,0.5883834176254926,-0.2131089008036927,0.37794584409659787,-0.5040521917135037,-0.07965119096301451,-1.6526422093262807
183,robotC,0.0,0.0,,,,,0.1362071544784009,-0.0778185506235516,-0.11392200024427032,,,-0.11029938616104248,0.1255410695663721,3.013454330155692
183,robotD,0.0,0.0,,,robotB,4.0,0.25221402838436374,-0.6627295426024697,-0.4310296918831029,-0.5390522512791033,-0.6503364098880715,0.15721175355057815,-0.43059969755949146,-1.8908679209253856
183,robotE,0.0,0.0,,,robotA,4.0,0.42502143896074074,0.13506522514888517,0.6322816559072151,0.015514273943316139,0.22405519284897815,-0.4658634304127518,0.4630957395313387,-1.953803485621524
184,robotA,0.05,0.0,,,robotE,4.0,0.2553044549123054,0.09417078014485501,-0.22472185521501975,0.129148383231952,-0.22383699978756844,-0.09989345796453399,0.4219569401839267,-0.10664087102012419
184,robotB,0.0,0.0,,,robotB,4.0,0.2506473252077257,-0.3492703642526869,0.5883838100276902,-0.10162367918986928,0.45571608078261994,-0.5040520906259536,-0.07964957519166507,-1.652641038021016
184,robotC,0.0,0.0,,,,,0.13506967067602346,-0.07652653931178191,-0.11392454058595632,,,-0.10910173029675976,0.12570249979078696,3.0145615208627925
184,robotD,0.0,0.0,,,robotB,4.0,0.25188499922836016,-0.6629490999747578,-0.4310292651810257,-0.542181278303414,-0.6475723101567249,0.15733346822643296,-0.4302208900537403,-1.8908830210967171
184,robotE,0.0,0.0,,,robotA,4.0,0.4253385645878571,0.1349537418901522,0.6322795282605694,0.015147125183703898,0.2250044058168568,-0.4658096860313222,0.4632407071218008,-1.9538257917572586
185,robotA,0.05,0.0,,,,,,,,,,-0.05021053328054055,0.41663541317880237,-0.10690043034186042
185,robotB,0.05,0.0,,,,,0.2437043067387233,-0.3492672260692881,0.588384244426148,,,-0.5074755054141868,-0.1213066201929718,-1.6529407709146975
185,robotC,0.0,0.0,,,,,0.13455519191239862,-0.07611570710083726,-0.11360236869456213,,,-0.11197199641199057,0.12606039101074104,3.012328003878797
185,robotD,0.05,0.0,,,robotB,4.0,0.24785660967619144,-0.6627716315100808,-0.43102932210662137,-0.5348050575184291,-0.6486796716700176,0.15689543493555025,-0.4315553407937146,-1.890864718823544
185,robotE,0.0,0.0,,,,,0.4245467335899152,0.13500139755689622,0.6322818080818966,,,-0.4658970027065936,0.4630119210668358,-1.9537909636836628
186,robotA,0.05,0.0,,,,,0.08526501757836369,0.043887803505110706,-0.2247069235092877,,,-0.00022454994887661714,0.4112637209874149,-0.10724776625956445
186,robotB,0.05,0.0,,,robotB,4.0,0.31915155000296286,-0.3919455546317326,0.5882714296343841,-0.24832203454583937,0.39807005987075167,-0.5115264925474884,-0.1704097129917373,-1.6532484760898032
186,robotC,0.05,0.0,,,,,0.1358234384346325,-0.0775503215806261,-0.1136093331056898,,,-0.14416900574173486,0.13018475167520335,3.011504412816241
186,robotD,0.05,0.0,,,robotB,4.0,0.25443110190901547,-0.6665891701022866,-0.43103745772906127,-0.6587224673397837,-0.4432034458182993,0.14093664307701825,-0.47967286357600303,-1.8913144461863984
186,robotE,0.05,0.0,,,robotE,4.0,0.4245181647992993,0.13491225056811668,0.6322782534749417,0.12031395178478863,0.5135275127029978,-0.4662030273493719,0.4622564888650054,-1.9538228692663018
187,robotA,0.05,0.0,,,robotB,5.0,0.1348072395585134,-0.00565608846391251,-0.2247008563643729,-0.37674374916623166,-0.5198544555294076,0.049401642096147,0.405917545736315,-0.1074453331623551
187,robotB,0.05,0.0,,,robotD,4.0,0.27144445789712507,-0.4421127418111307,0.588141771339561,-0.3315825082513932,0.39206586015688366,-0.5155983995484957,-0.219577293876755,-1.6536096842836878
187,robotC,0.05,0.0,,,,,0.16641242060190464,-0.1113323581769252,-0.11362194602888555,,,-0.19177899186031636,0.1363012946258041,3.0121879983559294
187,robotD,0.0,0.5,,,robotD,4.0,0.05870308538497091,-0.7162139624248748,-0.4313383614698372,-0.6538371344405374,-0.12660894803591938,0.13233265997830312,-0.5059475156233397,-1.7330794498625728
187,robotE,0.05,0.0,,,robotD,3.0,0.11934218196787952,0.13215253131919685,0.632281057624663,0.43637062889450434,0.058766307892476236,-0.4846720237101684,0.4164222238422806,-1.9540407690195674
188,robotA,0.05,0.0,,,robotA,4.0,0.435935219953438,-0.0559212497932564,-0.22470628953149777,-0.04004828701857931,-0.14555369849936323,0.07738012535616348,0.39740285247430207,-0.09714754059636029
188,robotB,0.05,0.0,,,robotB,4.0,0.2534266112193469,-0.49234986849908047,0.5879712024860615,-0.3366073212626693,0.4258667584660382,-0.5095625048519008,-0.22470789626234278,-1.636059873364731
188,robotC,0.05,0.0,,,,,0.21286250409159063,-0.16070247797248194,-0.11364869317383727,,,-0.23741267719974957,0.1421814612051014,3.0142778659963674
188,robotD,0.0,0.5,,,robotB,4.0,0.22109894752914674,-0.8105605980131866,-0.28256567461187987,-0.6877630576328475,-0.4413007184831935,0.13209323165482953,-0.48937661654515097,-1.2301952732290264
188,robotE,0.05,0.0,,,robotD,4.0,0.6741848072053315,0.08200183883922195,0.6323061189790696,0.2480406497442236,0.2970327169625966,-0.4935354838670104,0.3881682271365822,-1.684967802941005
189,robotA,0.05,0.0,,,,,0.10275472455316527,-0.10553893011631817,-0.22473393015248136,,,0.1286895000429845,0.392395079319508,-0.0974527446253129
189,robotB,0.05,0.0,,,robotB,3.0,0.2619583742700244,-0.542517054341532,0.5878030782759737,-0.29968910176223645,0.3574395538063757,-0.5127883151315342,-0.2739442094924185,-1.6364075733450003
189,robotC,0.0,0.5,,,robotC,4.0,0.2593926215551847,-0.20903975483093112,-0.11369356375366912,-0.1378819946550448,-0.06255180273575138,-0.2879410396364158,0.14872855665861306,3.012431359545934
189,robotD,0.0,0.5,,,robotD,4.0,0.6019540822663508,-0.8455600150230282,0.13960274802008543,-0.6671316936878345,0.30175423691354214,0.15108953490223992,-0.49848580361330413,-0.6989650675078075
189,robotE,0.05,0.0,,,robotB,4.0,0.2969218881987261,0.21925094703281223,0.5925555768385888,0.3203908682354844,0.2964327072083463,-0.4996781600540978,0.3605157064129239,-1.7663472764942436
190,robotA,0.05,0.0,,,robotA,5.0,0.10448074686341068,-0.20541358013469455,-0.224841958802748,-0.15685841751867838,-0.17639591907754681,0.17725033453302436,0.3876370911297117,-0.0978294811753024
190,robotB,0.05,0.0,,,robotB,4.0,0.3726370962519771,-0.5927478667968471,0.5876024651094224,-0.4839257476067647,0.4608088771198854,-0.5160271758201039,-0.32310094136542417,-1.6367406049119093
190,robotC,0.0,0.5,,,robotA,4.0,0.12940862786713994,-0.2568053761134502,-0.11357946492945284,0.10733110706756568,0.03424525262201599,-0.2890179688418826,0.14933349826244935,-2.8243876977870475
190,robotD,0.05,0.0,,,robotB,4.0,0.21371419438530814,-0.6829954079931376,0.5148788470602846,-0.1906045326981442,0.7466226412124857,0.16656616266192997,-0.5086440074462273,-0.5205045956202169
190,robotE,0.05,0.0,,,robotE,4.0,0.36398865704593925,0.1286090857906259,0.6057989794171624,-0.20509897796190482,0.4629077712276857,-0.5096497664646696,0.31023869630187184,-1.7676376881362066
191,robotA,0.05,0.0,,,,,,,,,,0.2267562341008474,0.3827798756127961,-0.09806739168298327
191,robotB,0.05,0.0,,,,,0.25095109737402493,-0.6429331617412898,0.5873953685133195,,,-0.5193967994955365,-0.3739961439256161,-1.6370916821982573
191,robotC,0.05,0.0,,,,,0.3872297991303415,-0.2795326235668752,0.017411618013667685,,,-0.291011643703506,0.1414104446927811,-2.5276750619765305
191,robotD,0.05,0.0,,,,,0.2462402620567959,-0.6061385715708911,0.6322650389651872,,,0.2075103073178193,-0.53115267577869,-0.5064166492935532
191,robotE,0.05,0.0,,,,,0.960451714117731,0.07807351401676119,0.6058357670788205,,,-0.5192318680078462,0.2622249279531749,-1.7679208896261096
192,robotA,0.05,0.0,,,robotA,4.0,0.10997894147353991,-0.25556573489539086,-0.2248957444786064,-0.1996803791983122,-0.18029256124982004,0.2771666507345998,0.37780861499594354,-0.0984045982076838
192,robotB,0.05,0.0,,,robotC,4.0,0.24440989612623865,-0.6931395917685472,0.5871645842940693,-0.16694608852268325,0.13144772644261382,-0.5210668626094197,-0.41284400907750185,-1.505193326363659
192,robotC,0.05,0.0,,,,,0.3955572248512464,-0.2820310079938305,0.10397803893473641,,,-0.33069833723106073,0.11026034367870305,-2.5670857811939936
192,robotD,0.05,0.0,,,robotB,4.0,0.4693841834121059,-0.6477341287292346,0.6400672843790464,-0.22622410034500823,0.7893807716928278,0.23595639839580154,-0.5417058566515158,-0.2689499703818654
192,robotE,0.05,0.0,,,robotE,2.0,0.2734956194910611,0.028069977858980386,0.6058486398489353,0.04054601564056917,0.35320879684824485,-0.5289469588542343,0.21359061955588834,-1.7682173851017535
193,robotA,0.05,0.0,,,robotC,5.0,0.1147250609216754,-0.3053385686563323,-0.2249936418176906,0.22410942800945224,-0.2746454360319385,0.31160005978331257,0.3718967473540163,-0.10609091274966198
193,robotB,0.05,0.0,,,robotE,4.0,0.7288342461525913,-0.6405126909530573,0.6854640000550123,-0.35766256092813303,-0.2858753901552248,-0.5187159068936024,-0.4637974980637399,-1.5283640114018142
193,robotC,0.05,0.0,,,robotC,3.0,0.4442203624615236,-0.3316903572950943,0.1020086959695397,-0.22770419928543384,0.08279820222808443,-0.3708389203950841,0.08458333317774781,-2.567558321301513
193,robotD,0.05,0.0,,,robotA,4.0,0.29435306513694665,-0.5198403006313727,0.7685660200749714,0.02275996868690084,0.3114943932063993,0.26544252826898707,-0.5468751320680268,-0.29707943167994477
193,robotE,0.05,0.0,,,robotE,4.0,0.26032582739761057,-0.022249807374542456,0.6058473153328681,0.000394050700840814,-0.5012822333123793,-0.5389212784929909,0.1637904285969954,-1.7686284027899573
194,robotA,0.0,0.0,,,robotA,5.0,0.5816070731191506,-0.35537999898612394,-0.2250592332879924,-0.34855221268352865,-0.17270394710642964,0.33180278513931377,0.36797645844300686,-0.11089433230723134
194,robotB,0.05,0.0,,,robotD,4.0,1.0127450712686028,-0.7148939323281184,0.6617734512763117,-0.20863060253794372,0.760333721790987,-0.49706952144961963,-0.4741299285398394,-1.4667102707869717
194,robotC,0.05,0.0,,,,,0.15467125827539993,-0.38115721561443444,0.10217266779560269,,,-0.415389562229135,0.05573693968165917,-2.567141761979626
194,robotD,0.05,0.0,,,robotB,4.0,0.7533378413889191,-0.5827167950289733,0.7597307057343644,-0.7158233063537193,0.3034838789601766,0.3124681566494916,-0.561236242016107,-0.2971705921126438
194,robotE,0.05,0.0,,,robotC,4.0,1.109502543309409,-0.07241320123998263,0.6058288711730162,-0.11255622109003893,0.3467097266710027,-0.5562526507064337,0.1314445120879658,-1.7488777404791276
195,robotA,0.0,0.0,,,robotA,5.0,0.06237978840627064,-0.3823368541520535,-0.22514282583637893,-0.3172247057842784,-0.1906746533162954,0.3317298579250842,0.3679811450396559,-0.11089223107869758
195,robotB,0.0,0.0,,,robotD,5.0,0.5650493211544542,-0.7649973235056945,0.6616584607743449,-0.6421276171375229,0.7908624153780955,-0.496113527009348,-0.48328152801772783,-1.4666399203468088
195,robotC,0.05,0.0,,,,,0.20558123281334015,-0.43238076379700874,0.10206338389844255,,,-0.4562336918487593,0.02856376134235656,-2.5671502196030422
195,robotD,0.0,0.0,,,robotD,3.0,0.4634507195146314,-0.6329106480297426,0.7594576287619399,-0.5273523711375543,0.6700914851361744,0.36163086587524107,-0.5762942559405144,-0.29761198541580636
195,robotE,0.05,0.0,,,robotE,3.0,0.2592876830444064,-0.12253130705455607,0.6058054623335895,-0.04853830734770425,0.3942847839611795,-0.5688426513034972,0.09169408643952626,-1.7381532005660647
196,robotA,0.0,0.0,,,robotA,5.0,0.07362052945987047,-0.3822800770215886,-0.22513885258346825,-0.31978227274696536,-0.19273414523667007,0.331954819278783,0.36796115469427615,-0.11088264372811106
196,robotB,0.0,0.0,,,robotD,4.0,0.18332349499275497,-0.7722443692940915,0.661722434641746,-0.2877910623295487,0.3264468900624452,-0.4961155062202444,-0.4832702863661723,-1.466672214998142
196,robotC,0.0,0.0,,,,,0.2547920926053625,-0.4818551928746825,0.1008615051325191,,,-0.4665687825579402,0.021925366891594897,-2.6116874360031623
196,robotD,0.0,0.0,,,robotD,3.0,0.1778749577903295,-0.6813409167795121,0.7591253462227641,-0.5856049163911944,0.6753709903682724,0.36199673144244043,-0.5764102619969185,-0.29768039888862713
196,robotE,0.0,0.0,,,,,0.2457153273592903,-0.17203410299903296,0.6067107959176451,,,-0.5833827590712992,0.06116378277061155,-1.7511371323801492
197,robotA,0.0,0.0,,,robotA,4.0,0.07051732700531381,-0.38241278694231895,-0.22513957841692508,-0.31219212164079857,-0.18873736391415258,0.3315364263671077,0.3680023394278245,-0.11089154613494832
197,robotB,0.0,0.0,,,robotD,4.0,0.5891593526598806,-0.7722678203542449,0.661694580226732,-0.27298316774502546,0.32949901361079725,-0.49611434102258917,-0.48327969512599,-1.4666807280635499
197,robotC,0.0,0.0,,,robotA,4.0,0.26949281392358104,-0.4971847829060466,0.08023075058417478,-0.048802250105337265,0.3022586892540148,-0.46787822867671214,0.020763220618652788,-2.6092662499647368
197,robotD,0.0,0.0,,,robotA,3.0,0.12712046814729927,-0.6812267106819269,0.7591330693695089,-0.1402702560636056,0.3490747668181601,0.36221750902498745,-0.5764711821024551,-0.2976618770299354
197,robotE,0.0,0.0,,,,,0.27151010908392903,-0.21086728957280218,0.6119244882077413,,,-0.5829247093410335,0.06062308621259965,-1.7538768170830592
198,robotA,0.0,0.0,,,robotA,5.0,0.07890883523829167,-0.3822038577400317,-0.22513737884595164,-0.3670080721675606,-0.1760011929340032,0.33214640953642177,0.3679428553987434,-0.11085966395063658
198,robotB,0.0,0.0,,,robotD,5.0,0.599703906033729,-0.7722777274562416,0.6616882933217696,-0.9285457492797062,0.5062288251359848,-0.49611478112383706,-0.48327804792381934,-1.4666847781116932
198,robotC,0.0,0.0,,,robotA,4.0,0.5012132396963127,-0.4982374145417086,0.0803966947283069,-0.04866490663271679,0.30161646495160155,-0.4679018429694556,0.020439608960439205,-2.609398404111541
198,robotD,0.0,0.0,,,robotD,3.0,0.678932637675254,-0.6813775486620873,0.7591386940263686,-0.5588708051367158,0.6446555857815061,0.3620088004400725,-0.5764071621836502,-0.2976577985305551
198,robotE,0.0,0.0,,,,,0.27213951092690536,-0.21240078194783604,0.6115611122287946,,,-0.5832092580223306,0.060046155232085896,-1.7529303430822032
199,robotA,0.0,0.0,,,robotA,4.0,0.05152238327768316,-0.3825103581302519,-0.2251360594601619,-0.3197727174996317,-0.19233650545208844,0.3315650975295922,0.36800732482671844,-0.1108644093870444
199,robotB,0.0,0.0,,,robotD,5.0,0.22042107759548796,-0.7722808756550702,0.6616853808659786,-0.6110252997230885,0.5004952430952222,-0.4961156055265947,-0.48327244904700983,-1.4666875641450776
199,robotC,0.0,0.0,,,,,0.5011475658744129,-0.498169848008397,0.08004437631971778,,,-0.4663326109940713,0.021325563944979697,-2.6104615149856305
199,robotD,0.0,0.0,,,robotD,2.0,0.1675666986625084,-0.6812244186220728,0.7591465975148631,-0.5296773055510153,0.6080264360205547,0.3622156539999703,-0.5764667760003246,-0.297647509985535
199,robotE,0.0,0.0,,,,,0.271713698272301,-0.21123866695098123,0.6119012512006221,,,-0.5831955099314535,0.06005647948826928,-1.7524280376955141
200,robotA,0.0,0.0,,,robotA,3.0,0.07053918539128043,-0.3822239704977127,-0.2251331161708061,-0.30944272360067704,-0.1871139906883738,0.33209753331253994,0.36795021800305683,-0.11084219971859319
200,robotB,0.0,0.0,,,robotD,5.0,0.22800045620515197,-0.7722785704295554,0.6616833031872289,-0.5030621571725475,0.47228268966701925,-0.4961142580110087,-0.48328241685849116,-1.4666891302196132
200,robotC,0.0,0.0,,,robotA,4.0,0.5003572277608929,-0.4972729644942827,0.08001284179927139,-0.048591661225067646,0.3015050056287261,-0.4673736079788783,0.02076374104112056,-2.609851536510996
200,robotD,0.0,0.0,,,robotD,4.0,0.2141322666065877,-0.6813822220619699,0.7591497165185611,-0.5861286994993565,0.6686097824245908,0.3619566359130696,-0.5763909676944192,-0.29764503839404244
200,robotE,0.0,0.0,,,,,0.2715762783861301,-0.21098278021751254,0.6119208752147004,,,-0.582872304476641,0.061829269814134336,-1.7525602966183642
201,robotA,0.0,0.0,,,robotA,4.0,0.08234609387329876,-0.38248821897715846,-0.2251302343401941,-0.32006263008458286,-0.19252715991387834,0.3316058448956407,0.36800082258606953,-0.11085545427318046
201,robotB,0.0,0.0,,,robotD,4.0,0.32917028605913884,-0.7722851152091426,0.6616819401678622,-0.2668397186598854,0.3224874302899959,-0.4961154765426791,-0.4832709941364831,-1.4666906266925532
201,robotC,0.0,0.0,,,robotA,4.0,0.5009694061479153,-0.49794429090581893,0.0800268800831354,-0.048621513310535894,0.3016521096228917,-0.4677941317546208,0.020320439600667886,-2.6095389146263313
201,robotD,0.0,0.0,,,robotA,3.0,0.13128854633344217,-0.6811992723100896,0.7591540731545285,-0.1397851154208762,0.3525631684159227,0.36224850843186324,-0.576475769234073,-0.2976307358673175
201,robotE,0.0,0.0,,,,,0.27107680359649455,-0.21016729699590847,0.6119053325162118,,,-0.582843119941069,0.0621574875815821,-1.7522616203778163
202,robotA,0.0,0.0,,,robotA,4.0,0.07021974708775508,-0.3822549044787238,-0.22512982677952253,-0.3186992297559953,-0.19296370992985795,0.3320374322882662,0.3679636127456164,-0.11082638255656296
202,robotB,0.0,0.0,,,robotD,5.0,0.6087053342579739,-0.7722801565587761,0.6616808083071519,-0.9374030535988692,0.5056223497860617,-0.49611419894789477,-0.4832804361734442,-1.4666913557963557
202,robotC,0.0,0.0,,,,,0.5012822707585635,-0.49815855237186885,0.07984055562078088,,,-0.46680179214716755,0.020594691148755777,-2.60971015302674
202,robotD,0.0,0.0,,,robotD,3.0,0.6772338161935342,-0.6813815861989846,0.7591574436298704,-0.5653440126625807,0.6441872446165999,0.3619098988982223,-0.5763760333026895,-0.29762954819663134
202,robotE,0.0,0.0,,,,,0.27099604936691085,-0.20982043022206454,0.6120620454317309,,,-0.5831101405531285,0.06079970555142289,-1.7512570713805111
203,robotA,0.0,0.0,,,robotA,4.0,0.07140440423792671,-0.382449031172796,-0.22512815868763586,-0.31380339188237294,-0.18791462088840558,0.33170086223446155,0.3679962400029267,-0.11083172135104004
203,robotB,0.0,0.0,,,robotD,4.0,0.22719599753620043,-0.7722848426207459,0.6616800240602004,-0.2650909377672069,0.323276931337368,-0.4961148816889538,-0.48327399122775105,-1.4666921431915936
203,robotC,0.0,0.0,,,robotA,4.0,0.5008492384886771,-0.4976805193954659,0.07985046682306338,-0.04833588055776765,0.3000882701340065,-0.46698556602443336,0.020521320522710773,-2.6096225090227163
203,robotD,0.0,0.0,,,robotD,4.0,0.16319855111476078,-0.6811620816249363,0.7591652511560604,-0.5952178728607864,0.6861071304456425,0.36226772316542233,-0.576478905266729,-0.29761012387430535
203,robotE,0.0,0.0,,,,,0.2710470350950473,-0.2096508952276726,0.6122509034853736,,,-0.5831203573272767,0.06099716989326798,-1.751145749016122
204,robotA,0.05,0.0,,,robotA,3.0,0.07796472145098118,-0.3823148230620195,-0.22512593084446111,-0.3166872958109768,-0.19171834536624144,0.3514368716017646,0.3658046302580108,-0.11091066298486946
204,robotB,0.0,0.0,,,robotD,5.0,0.6097211826328993,-0.7722828495164067,0.6616794803931538,-0.6044341805964788,0.5071002111990907,-0.4961147005401369,-0.48327584972010984,-1.4666926079850695
204,robotC,0.0,0.0,,,robotA,4.0,0.5006521735038219,-0.49795457459546877,0.07987103918707737,-0.04888276233361862,0.30337733338446077,-0.4677701828351517,0.020357680414899493,-2.6091939051241972
204,robotD,0.0,0.0,,,robotD,4.0,0.11295727498649577,-0.6813646267139363,0.7591693147336833,-0.6000141553763546,0.6894595556191616,0.3618775885514008,-0.5763651034399616,-0.29762129474246707
204,robotE,0.0,0.0,,,,,0.2709375345029359,-0.20940518914591116,0.6122962376581156,,,-0.5828257989268443,0.06254972817960633,-1.751915047204956
205,robotA,0.05,0.0,,,robotA,4.0,0.09489946070641037,-0.4054974220165135,-0.2251648567796037,-0.3365733735743083,-0.1950511173945945,0.40034814257789475,0.3603462101624961,-0.11131235437449978
205,robotB,0.0,0.5,,,robotC,4.0,0.22818371614933808,-0.772282879356429,0.6616790669339976,-0.4684744928045527,0.04743467914995872,-0.49624809895231875,-0.4819722484502247,-1.0853434812253349
205,robotC,0.0,0.0,,,,,0.5017265762024827,-0.4981634897664227,0.08004711772765352,,,-0.4667560583862403,0.02090984444305346,-2.6099746591069226
205,robotD,0.05,0.0,,,robotD,4.0,0.10698174804235089,-0.6811652991689727,0.7591702884753501,-0.603117205148613,0.6879684734391052,0.36223621583264964,-0.5764686812268786,-0.29759679355283286
205,robotE,0.0,0.0,,,,,0.270746202196801,-0.20928919633558227,0.6121440451680374,,,-0.5829897799119685,0.061724819945824266,-1.7521639362823604
206,robotA,0.05,0.0,,,robotD,4.0,0.12264179946518998,-0.45541610774924524,-0.22533998514968145,-0.6913687150004201,-0.3123346779497911,0.4492143338855513,0.35487600517834644,-0.11157328128475703
206,robotB,0.0,0.5,,,robotD,4.0,0.8630916030731489,-0.4509193962540522,0.910347730320516,-0.1408215562784393,0.39874639009218465,-0.4830710457209471,-0.43967461654304596,-0.5991532761761172
206,robotC,0.0,0.5,,,robotC,4.0,0.5011826519879323,-0.4975115569818887,0.07995787302772021,-0.39016508612300854,0.0724434663049128,-0.4608420500569898,0.024274335350507457,-2.4120023243453783
206,robotD,0.0,0.5,,,robotD,3.0,0.10756820540739033,-0.6837399051490599,0.7591787189042378,-0.588807643195837,0.6778366391409276,0.39206166253211705,-0.5837021484030175,-0.18526711382516356
206,robotE,0.05,0.0,,,,,0.2711393378449765,-0.21001346484767577,0.6120973502592967,,,-0.5833310928834153,0.05947167059091024,-1.7565200412408535
207,robotA,0.05,0.0,,,robotD,4.0,0.2053963957004762,-0.5052409245628308,-0.2254777554072129,-0.70921769822876,0.014473736175341803,0.5001246501151019,0.34916333641427394,-0.1119762069597198
207,robotB,0.05,0.0,,,robotD,4.0,0.6380104201500719,0.024278493921740845,1.015024955064202,0.05801070806084876,0.4587375015142483,-0.47057107825740996,-0.4220818884589699,-0.4113596129305457
207,robotC,0.0,0.5,,,robotC,4.0,0.13234319826582164,-0.46005234387570404,0.18482893391988023,-0.3499821042290678,0.13083196098930003,-0.45119755093076735,0.026573053267137915,-2.158879848507581
207,robotD,0.0,0.5,,,robotD,3.0,0.1692993410354107,-0.6032631774897939,0.8465177121850026,-0.49161448825778054,0.6784353322518899,0.4005272463103441,-0.5834284985928049,0.21355166999172093
207,robotE,0.0,0.5,,,,,0.275279646378758,-0.218338552651465,0.6109567950867439,,,-0.589227161029079,0.02715777970988459,-1.6955083623180993
208,robotA,0.0,0.5,,,robotA,4.0,0.12494430367651087,-0.603008881041831,-0.19880354932607472,-0.4783793530967247,-0.1899401535102411,0.5418379004702233,0.3444962079812424,-0.10008520730567243
208,robotB,0.05,0.0,,,robotD,2.0,0.5472157366490646,0.1813814934162495,0.9918647956543721,0.163694373835606,0.4116587978858471,-0.4456653391818679,-0.4329082962144708,-0.18094460324780204
208,robotC,0.05,0.0,,,,,0.158935655032266,-0.400806971349102,0.281422051376305,,,-0.40678346205602006,0.027359640325643118,-2.104255837776887
208,robotD,0.0,0.5,,,robotD,2.0,0.4549576221472713,-0.1960198282982052,1.024282458816912,-0.2472941895419911,0.8031935200131862,0.368228963460303,-0.5678648421435357,0.7441658055911238
208,robotE,0.05,0.0,,,,,0.284313452757624,-0.21635781226723194,0.6237858802276817,,,-0.591721368006761,0.0027581972764384732,-1.701713796766627
209,robotA,0.0,0.5,,,,,,,,,,0.5078826728097916,0.3414816184649294,0.41453744215528304
209,robotB,0.0,0.5,,,,3.0,0.5551862846975959,0.36795636881657273,0.9279037476168013,0.25496877494735865,0.35974770383161947,-0.4045548827886225,-0.44937327208877204,-0.20369723126878414
209,robotC,0.0,0.5,,,robotC,3.0,0.1742281975950935,-0.39716645527843575,0.2985492882196282,-0.29608969687810216,0.24498505608116092,-0.40295641395024484,0.021608784796168803,-2.1155648289169457
209,robotD,0.05,0.0,,,robotD,4.0,0.5913027310580328,0.3120614144809713,0.9949230899933933,0.22712916908711017,0.9110254824373964,0.38334476043520704,-0.5585163354209256,1.1096061183790265
209,robotE,0.0,0.5,,,,,0.2996370996044258,-0.2405591938941098,0.6243073276156768,,,-0.5998425382821648,-0.05179510378573057,-1.6548981366200253
210,robotA,0.0,0.5,,,,,0.3508094898507967,-0.6195436724889372,0.1312139109197606,,,0.5058574281771707,0.3530013164902278,0.9290981176028774
210,robotB,0.05,0.0,,,robotB,4.0,0.5739961410287219,0.3138985824033594,0.9307107917007592,0.30516509174176293,0.7932095344013855,-0.3659423830900803,-0.4533050697576077,-0.11858804264841247
210,robotC,0.0,0.5,,,,,0.10661170813287661,-0.3926031588504438,0.29027531959466935,,,-0.4129962941467399,0.0066768523514110535,-2.152260243116894
210,robotD,0.05,0.0,,,robotD,3.0,0.34781148569028425,0.5709406809998134,0.8584282025230893,0.5572702947297068,0.7153697576840726,0.3952682016891762,-0.5159804484499739,1.2129687432400025
210,robotE,0.05,0.0,,,,,0.32757499880389973,-0.2716168991017702,0.6341625064416084,,,-0.6036808933581723,-0.10323578423219004,-1.6389182932092747
211,robotA,0.05,0.0,,,robotA,3.0,0.6000472865639929,-0.48051807417904635,0.410103321568809,-0.42207705221906905,0.31475786840183717,0.5258512971332401,0.37911455997281995,1.1510559019342992
211,robotB,0.05,0.0,,,robotD,3.0,0.11582195621141134,0.35317487723313745,0.898612504177907,0.19964407542098317,0.3167559904179043,-0.31517920210960615,-0.458610048508966,-0.10214901652983614
211,robotC,0.0,0.5,,,robotC,4.0,0.12739592658747378,-0.4197588413954434,0.27557369458355235,-0.3318887926728794,0.24419475971817506,-0.41251374011500774,0.009370714462151562,-2.185464515084161
211,robotD,0.05,0.0,,,robotD,4.0,0.10193887398484945,0.6328552347010874,0.7837689600099902,0.5934872184271948,0.6731941661452119,0.41421831529721986,-0.4705029500974153,1.175189866273956
211,robotE,0.05,0.0,,,,,0.3579670482426228,-0.3066871426100688,0.6422758855761787,,,-0.5960013365308061,-0.10168114367960676,-1.6568556681894324
212,robotA,0.05,0.0,,,robotA,4.0,0.1772923451128958,-0.4274020661744377,0.4919702264980074,-0.35675795852960074,0.4422618598137567,0.5502944373488687,0.42171418286604945,1.2709562254249527
212,robotB,0.05,0.0,,,robotB,4.0,0.5887668922426443,0.31406662647709216,0.8942972731076126,0.30930755261705856,0.757151577177847,-0.2662454416499497,-0.4636317219935539,-0.1024487286659935
212,robotC,0.0,0.5,,,,,0.09632486005892112,-0.42610682624704177,0.26423074770950566,,,-0.4110409747553635,0.011761954119508894,-2.2022611879254574
212,robotD,0.05,0.0,,,robotD,3.0,0.12759021911932167,0.5655560233909499,0.7976895972210701,0.519983078586,0.6735624445557652,0.42691323296745576,-0.43959768690133116,1.3356658556395653
212,robotE,0.05,0.0,,,,,0.3884382625695297,-0.3481468130997618,0.6415074105734178,,,-0.6004742838856192,-0.14978271456996714,-1.659360557113299
213,robotA,0.05,0.0,,,robotA,4.0,0.10802428992812824,-0.41220233696079167,0.5349719893296581,-0.321845578529793,0.48937943380928894,0.5649914849541553,0.4681309991171307,1.2690326013122444
213,robotB,0.05,0.0,,,robotD,4.0,0.14457632534742895,0.26383050342081676,0.8943891516513425,0.15603993422808435,0.33665863722805045,-0.2171261549479502,-0.46868911035477273,-0.10274802674388392
213,robotC,0.0,0.5,,,,,0.10303094968597218,-0.4341412899553334,0.2568360963838558,,,-0.40364771453364645,0.0211517932288137,-2.201019973354693
213,robotD,0.05,0.0,,,robotA,5.0,0.1494719730190066,0.6684476867790324,0.6908867290224903,0.1119812866237499,0.5072934839127904,0.44027829241940686,-0.4058772938180079,1.4003426686757376
213,robotE,0.05,0.0,,,,,0.4300039613064549,-0.4022201130983254,0.6388509038965112,,,-0.6041289512224786,-0.19071340757076521,-1.6640040598517378
214,robotA,0.0,0.0,,,robotA,3.0,0.14290456973836485,-0.4555137961228759,0.5399217295386622,-0.35995798163752557,0.4584600966776619,0.571411654648724,0.4889943926234623,1.393307818249603
214,robotB,0.05,0.0,,,robotD,5.0,0.5607591822847526,0.21352477061433459,0.8944635799296282,0.13254317810098268,0.34027362251355786,-0.17719947437155678,-0.4709303216042528,0.04775924001534328
214,robotC,0.0,0.5,,,robotC,4.0,0.08741310715673024,-0.4183285815591438,0.2572029955744328,-0.3590691756229989,0.2403323649524922,-0.4021321811830183,0.02352611160330855,-2.0392013102364976
214,robotD,0.05,0.0,,,robotD,3.0,0.553537209681266,0.6420282646148083,0.6668354646710484,0.5782536369525523,0.5578173805929701,0.44930300160740966,-0.35979936176456667,1.3975207536739989
214,robotE,0.05,0.0,,,,,0.4667316350307656,-0.4465254666255547,0.6380974993564982,,,-0.6090256837115919,-0.24308003811952367,-1.664288331327093
215,robotA,0.0,0.0,,,robotA,4.0,0.07656688398511749,-0.42172152412726877,0.5802882728390727,-0.3500885435746235,0.5532474921488858,0.5713397473379154,0.48873362559689154,1.3594352290812615
215,robotB,0.0,0.0,,,robotB,4.0,0.5442410321037072,0.2960576427847137,0.8593702617480085,-0.15076650846656786,0.5831254873170283,-0.2105553964375018,-0.4785944132831454,0.037744717616676374
215,robotC,0.0,0.5,,,robotC,4.0,0.08382448239572977,-0.3666790150635802,0.323810710603329,-0.17021471264649776,0.368773221391614,-0.4019627125730816,0.023502430743365894,-1.5744333259900776
215,robotD,0.0,0.0,,,robotD,4.0,0.1126048976548603,0.5887391039762653,0.6699330260540574,0.4896408155906744,0.5745357025235593,0.45765831102096166,-0.3121011256631117,1.3971704984599074
215,robotE,0.0,0.5,,,,,0.5119250004869745,-0.4988854556630198,0.6377075686955838,,,-0.6110828672760025,-0.2560227955135563,-1.3221060842664247
216,robotA,0.0,0.0,,,robotA,3.0,,,,-0.33838236413685885,0.49286562528944067,0.5713894484973228,0.4890906290536235,1.3594372921530562
216,robotB,0.0,0.0,,,,,0.14730281504629605,0.26381912655337225,0.8675122651141576,,,-0.21054486357556026,-0.4785902572461134,0.03772354511751091
216,robotC,0.0,0.0,,,,,0.22520947355370494,-0.1864261873834759,0.45184791470804514,,,-0.3588295947905039,0.047834788439504144,-1.4995571108855459
216,robotD,0.0,0.0,,,,,0.44925794265053154,0.5409884418119487,0.6701554330088579,,,0.4576199410399332,-0.31225997254532817,1.3971335609092055
216,robotE,0.0,0.0,,,,,0.42824145180500406,-0.2257230165914774,0.7841518380376393,,,-0.6047720769531466,-0.23285485962922628,-0.8463557461325792
217,robotA,0.0,0.0,,,robotA,4.0,0.12086072776313975,-0.4218474881209647,0.580277801751039,-0.3766423558372691,0.5381745067133963,0.5713579111907474,0.4889190549132885,1.35941359427934
217,robotB,0.0,0.0,,,robotB,4.0,0.5027337892047761,0.26380281502144104,0.8675082203211381,-0.15129069858502742,0.5849062359647655,-0.2105851053631939,-0.4785918825277969,0.03773493849197039
217,robotC,0.0,0.0,,,robotC,4.0,0.13016156955393282,-0.09998788198415784,0.4783644000688521,0.08000507895619463,-0.4043261121106972,-0.33282330688963546,0.06491279987507345,-1.5147021635482185
217,robotD,0.0,0.0,,,robotD,3.0,0.10851516133414958,0.5409846054676256,0.670135678885732,0.4817404500399864,0.5592245705366526,0.4576618996865174,-0.3119963580842286,1.3971481633665153
217,robotE,0.0,0.0,,,,,0.4582046452621462,0.1585581284410749,0.8030176591050726,,,-0.6078029137073753,-0.2757297093664982,-0.7772792950684215
218,robotA,0.0,0.0,,,robotA,4.0,0.06173309936834183,-0.4217882099379174,0.580279463846073,-0.3700324671885325,0.5405282941004221,0.5713540617133783,0.4889019911836096,1.3594098268694355
218,robotB,0.0,0.0,,,robotB,4.0,0.5021971434203356,0.2638483137312853,0.8675041328298723,-0.1530956984804768,0.5871301617496105,-0.21052365882526355,-0.47858935361503024,0.037748234285026036
218,robotC,0.0,0.0,,,robotC,4.0,0.9008539679461965,-0.09420851419896614,0.4795220057943956,0.07688897411660073,-0.40546796290994186,-0.3327911866707852,0.06487148944475621,-1.514690487881335
218,robotD,0.0,0.0,,,robotD,4.0,0.12567647807059038,0.5408580000680078,0.6701285489094412,0.48900735182711247,0.5762763053981491,0.45763380941063503,-0.31216501076693104,1.397140028150635
218,robotE,0.0,0.0,,,,,0.4593275935658405,0.16209260648257842,0.8024715749650115,,,-0.6116774494302248,-0.2626991321418455,-0.8230834252759444
219,robotA,0.0,0.0,,,robotA,4.0,0.06217064769654123,-0.42186200835998205,0.5802766642930265,-0.37175695039352197,0.5399472345778213,0.5713867256930996,0.4890649139361199,1.3594291484381382
219,robotB,0.0,0.0,,,robotB,4.0,0.5024199499660299,0.26381811888495704,0.8675025480747436,0.25432565039604604,0.7391044206731825,-0.2105814893903349,-0.4785924814416109,0.03774404584367478
219,robotC,0.0,0.0,,,robotC,3.0,0.9013664804360633,-0.09421441438850668,0.47950952973931543,-0.058076582549355084,0.3961378693532749,-0.3328128381787362,0.06503675721428306,-1.5146903835299017
219,robotD,0.0,0.0,,,robotD,3.0,0.1072537187948677,0.5409193883734454,0.6701299183117752,0.49260353871116486,0.5621860696877176,0.45762685779084844,-0.31216825849089547,1.3971450958357057
219,robotE,0.0,0.0,,,robotD,4.0,0.4601993241034077,0.16386832600270243,0.8025332867312193,0.8986125591963429,0.19085937351898033,-0.6114981779835593,-0.2693815241575931,-0.8214664485748543
220,robotA,0.0,0.0,,,,,,,,,,0.5713322276950887,0.48879575348257137,1.3593937750164913
220,robotB,0.0,0.0,,,,,0.1320965057883958,0.26384904042140545,0.8675025094976688,,,-0.21054677720041856,-0.4785907626848312,0.037749842424577795
220,robotC,0.0,0.0,,,,,0.09165006564467482,-0.09413785585345869,0.4795196631321161,,,-0.3327927201663933,0.06484385065684445,-1.5146850113748962
220,robotD,0.0,0.0,,,robotD,4.0,0.11826723823875551,0.5409383025172069,0.6701253593297969,0.4947242237492393,0.5792269811775511,0.4576642527236019,-0.31194895674693013,1.3971529275962442
220,robotE,0.0,0.0,,,robotE,3.0,0.961420931967194,0.1603953618594972,0.8067859746499922,0.07362183171836242,0.32240964791372523,-0.6096999300122615,-0.2713145594223702,-0.8205897419452178
221,robotA,0.0,0.0,,,robotA,3.0,0.06421083396603616,-0.42172126185991743,0.5802783488483555,-0.3404942485653358,0.49712683664581314,0.571389303499944,0.48908050910742334,1.3594285016667018
221,robotB,0.0,0.0,,,robotB,4.0,0.12874917387157087,0.2638351860904251,0.8675019226095103,-0.15417545492162268,0.5872782588574167,-0.21055111372955024,-0.47859116284986264,0.037750463626507136
221,robotC,0.0,0.0,,,robotC,4.0,0.09086961771205411,-0.09421113083398708,0.47951401608242317,0.07446015956382573,-0.40326290946896337,-0.33281305353729884,0.06505597433574499,-1.5146928977185465
221,robotD,0.0,0.0,,,robotD,4.0,0.10191366033264528,0.5408132751546505,0.670123590041398,0.488990884827219,0.5774596050787543,0.457614331427872,-0.31226041975791513,1.3971400228239288
221,robotE,0.0,0.0,,,,,0.4918494145434434,0.15905346964114025,0.8067827291523088,,,-0.6092366381082074,-0.2718123058529541,-0.8203597001882813
222,robotA,0.0,0.0,,,robotA,4.0,0.11634026997096326,-0.421866433086009,0.5802750537238126,-0.3759089379444493,0.5383836444828133,0.571345369635516,0.4888603804286115,1.3593995929246934
222,robotB,0.0,0.0,,,robotB,4.0,0.5032486833998832,0.2638365522496486,0.8675017396800644,-0.15502592682058747,0.5904538394408031,-0.21057511259902698,-0.4785923210547592,0.037748410513896956
222,robotC,0.0,0.0,,,robotC,4.0,0.8987335662715092,-0.09412520931149451,0.4795173556844199,0.07795286640114643,-0.4029061603744926,-0.3327973102975398,0.06490794353884674,-1.514684194747916
222,robotD,0.0,0.0,,,robotD,3.0,0.10625673623465716,0.5409849507609151,0.6701262717012457,0.48289227253383754,0.5589692123221194,0.4576746217672548,-0.3119160041500648,1.3971537615684078
222,robotE,0.0,0.0,,,,,0.4917849764439217,0.1586955230348016,0.8067803015476379,,,-0.6099946519498782,-0.27099215135638993,-0.8207312630203296
223,robotA,0.0,0.0,,,robotA,3.0,0.06210767744539884,-0.4217601464371512,0.5802767259810807,-0.3425112442932332,0.5000139569917949,0.5713550834152405,0.48891934770791395,1.35940449420062
223,robotB,0.0,0.0,,,robotB,4.0,0.5022080856608808,0.2638504805130192,0.8675016993539544,-0.1531793130140912,0.5837123419413314,-0.2105345063098868,-0.47859029381479895,0.03775360245208657
223,robotC,0.0,0.0,,,robotC,3.0,0.8990514595751016,-0.09417936216882856,0.47951325399242534,-0.0581874562342114,0.3975479639035788,-0.332807586181749,0.06503240325911919,-1.5146889173571285
223,robotD,0.0,0.0,,,robotD,4.0,0.12533768278521124,0.5408039099977495,0.6701257549645329,0.48887933363088576,0.5774058808608237,0.45762026243975884,-0.3122428347919348,1.3971374462430821
223,robotE,0.0,0.0,,,,,0.4918930934513256,0.1593271115444094,0.8067787431242408,,,-0.612122599321431,-0.2687041742022096,-0.8217770849360284
224,robotA,0.0,0.5,,,robotA,4.0,0.11280379307598966,-0.42177656380599027,0.5802741890801163,-0.3723343914607638,0.5407559786864397,0.5758028755181426,0.5097451723192336,1.3609398648641582
224,robotB,0.0,0.0,,,robotB,4.0,0.5044132547634617,0.26382972375954994,0.8675013389623378,0.2509475458345045,0.7298048310689894,-0.21058104944683184,-0.4785926196122447,0.03774825725694141
224,robotC,0.0,0.0,,,robotC,4.0,0.08950754403445142,-0.09414725422755059,0.4795143799979617,0.07031060426801317,-0.40655227047354964,-0.3328065866266444,0.06502971119236874,-1.514688685357487
224,robotD,0.0,0.0,,,robotD,3.0,0.10634794962349671,0.5409624143958242,0.6701271787764304,0.493200327693062,0.5646570879502446,0.45765342225799466,-0.3120200271009754,1.3971529207197309
224,robotE,0.0,0.0,,,robotE,3.0,0.492181200977751,0.1609154184844751,0.8067877691221552,0.07197510638266426,0.321527903316093,-0.6122253554528184,-0.27001536154445416,-0.8213952544591627
225,robotA,0.0,0.5,,,robotA,4.0,0.23506728332078416,-0.21594890950051257,0.7036393251873909,-0.23686129139255613,0.6098672790538865,0.5773988838970014,0.5203409583962009,1.7113122036301012
225,robotB,0.05,0.0,,,robotB,4.0,0.1390898721084989,0.22035137275656302,0.8675560770633172,0.22326349193340714,0.7386016248086719,-0.16879408656596911,-0.47701720517877805,0.03753799524487135
225,robotC,0.0,0.0,,,robotC,4.0,0.9011942882221062,-0.09412232883837744,0.4795137291191319,0.07202486514225949,-0.40588555560245215,-0.3328011454427934,0.06493036478713188,-1.5146851207480414
225,robotD,0.05,0.0,,,robotA,4.0,0.11573438352967046,0.5408637601963295,0.6701210378715294,0.0964942469460506,0.474125788589055,0.45782242329600487,-0.31105271702502935,1.3971527022032069
225,robotE,0.0,0.0,,,robotE,2.0,0.49414558815214854,0.16031588014213816,0.8077128166791161,0.07732818855321251,0.3249879070086714,-0.6104159751298355,-0.27197713770541787,-0.820489306390425
226,robotA,0.0,0.5,,,,,,,,,,0.5837129173503598,0.49386055454275735,2.188453966272917
226,robotB,0.05,0.0,,,,,,,,,,-0.11785983988968138,-0.4751129833843563,0.03716743647972557
226,robotC,0.05,0.0,,,,,0.09218114707500803,-0.09419142723438338,0.47951302973452364,,,-0.33260481041127465,0.06572014095807233,-1.2266829301242683
226,robotD,0.05,0.0,,,,,0.09985439105691195,0.5381428225103332,0.6701223246512851,,,0.46632775003277205,-0.2626085251927771,1.3968699918787502
226,robotE,0.05,0.0,,,,,0.48957888436869595,0.15898428319977395,0.807709116638794,,,-0.6079882486073117,-0.27458189043019054,-0.8199902928406375
227,robotA,0.0,0.5,,,robotE,3.0,0.3960121499043607,0.1430426148127312,0.7216646176708593,-0.29674963958918077,0.6127312128976674,0.5819330548390127,0.48513719574123526,2.726134724360936
227,robotB,0.05,0.0,,,robotB,4.0,0.1395675543282199,0.17005204368934712,0.8676273741648771,0.18031923218860166,0.7333400503635843,-0.0685789353843684,-0.47328699291307436,0.03684566386427201
227,robotC,0.05,0.0,,,robotC,4.0,0.8907901139107894,0.05656192477632165,0.4847703400814179,-0.010146225883938452,-0.418095830663624,-0.31464056308634625,0.02351561690263257,-1.2423652968427157
227,robotD,0.05,0.0,,,robotD,3.0,0.43792638570022496,0.4880367225864144,0.6702737150677139,0.4459469722396494,0.5565375897099819,0.4751842022702203,-0.21224786240659793,1.3964972204322053
227,robotE,0.05,0.0,,,,,0.4888947199347559,0.15510823496343085,0.8076558172331939,,,-0.5759826773344996,-0.3089671397300873,-0.8205768805247483
228,robotA,0.05,0.0,,,robotE,3.0,0.7604370802892747,0.46263654023233625,0.5727664412236103,-0.008447662468879024,0.6855007323247616,0.5369126269878434,0.5031998960965658,2.824090851864639
228,robotB,0.05,0.0,,,robotB,4.0,0.14735635070551809,0.11975626220731264,0.8676755287760018,0.13852653336043969,0.7397985374732282,-0.019334778633491354,-0.47147924874555897,0.03648856428711328
228,robotC,0.05,0.0,,,robotC,4.0,0.9039305997238616,-0.0045298545962643745,0.4858173208563099,-0.0008379421383459458,-0.4136762794344431,-0.2990365326094961,-0.020642618625256993,-1.2519892801711938
228,robotD,0.05,0.0,,,robotD,4.0,0.11420374604940886,0.4377130363839997,0.6704441211822505,0.4060180235007761,0.5673230742081466,0.4806825877172381,-0.19594529476829506,1.396659162813004
228,robotE,0.05,0.0,,,,,0.48353498841477643,0.10552539511572098,0.8077000391986021,,,-0.5443273397568693,-0.34299938916078565,-0.8218132466270655
229,robotA,0.05,0.0,,,,,0.5055409707671014,0.47148572752744605,0.5266435187939351,,,0.4910382267281082,0.5151355614299301,2.8242535230578563
229,robotB,0.05,0.0,,,robotD,4.0,0.1453712779430187,0.06945092155706391,0.8677101018635356,0.01834921611802532,0.35089224133085245,0.031634403301310274,-0.46962574862788037,0.03615833515850208
229,robotC,0.05,0.0,,,robotC,4.0,0.90111852243226,-0.05498255633867534,0.48581410529659835,-0.020602044399587408,0.404239649862991,-0.2829494728832439,-0.06940261900747159,-1.2523423738723134
229,robotD,0.05,0.0,,,robotD,4.0,0.10489433109825977,0.38758543822215735,0.6705851703349336,0.3688815627208924,0.562905135511136,0.4876928265586056,-0.16371017378686603,1.396591979329706
229,robotE,0.05,0.0,,,robotE,4.0,0.4831563603145166,0.05715644350068758,0.8077229991802547,0.07045338817631469,0.6145674369954072,-0.5117919928726059,-0.3781040557135186,-0.8210372292372817
230,robotA,0.05,0.0,,,robotA,4.0,0.46151831522951414,0.42399330512620215,0.5242742926887046,0.4076715444716675,0.45661828655744835,0.46203240867755063,0.5196404929446673,3.043800743704479
230,robotB,0.05,0.0,,,robotD,4.0,0.5168333942298999,0.019165192570427446,0.8677249914286266,0.007287520683211416,0.3328801901769749,0.031413905812945855,-0.46425744705619454,0.05111324641414432
230,robotC,0.05,0.0,,,robotC,4.0,0.11760178161020036,-0.10534354079842402,0.48578140497029304,-0.06293354732702024,0.3985799688357733,-0.26762790874504705,-0.11592173433255432,-1.2526788941192954
230,robotD,0.05,0.0,,,robotD,4.0,0.11233707245294197,0.3372726081752471,0.6707035206559463,0.32033326047868677,0.5614316460417882,0.49651794184997244,-0.1136263250656279,1.396210206700605
230,robotE,0.05,0.0,,,robotE,4.0,0.20296814442538624,0.008359160435290657,0.80780401358672,0.039369856216849575,0.7044617895937763,-0.47752374336076386,-0.41492503321540875,-0.8205994909115039
231,robotA,0.05,0.0,,,,,0.09312479583289421,0.4953643470968876,0.42527821689172474,,,0.4317364539604367,0.5344129747947025,3.02250589317662
231,robotB,0.05,0.0,,,robotD,4.0,0.5362224775693212,-0.031150238754231143,0.8677232364064369,-0.006875980199808684,0.3125194589077309,0.08063703237263731,-0.46174741679458553,0.05079434863022889
231,robotC,0.05,0.0,,,robotC,4.0,0.1270455942397932,-0.15536832030658332,0.4857372735208013,-0.1057691930228091,0.40878167302571,-0.257070783201555,-0.1420186281799191,-1.0039981610391997
231,robotD,0.05,0.0,,,robotD,4.0,0.11433241854712452,0.28708098725043474,0.6708217198875834,0.27623506479984705,0.5510221118333198,0.5050988916442184,-0.06501603763556525,1.3959110131541999
231,robotE,0.05,0.0,,,,,0.13211821478505875,-0.04295421223658571,0.807796055117198,,,-0.4434172391922936,-0.45158771148111726,-0.8206623820872131
232,robotA,0.05,0.0,,,robotA,4.0,0.03244689716973668,0.43438344077432123,0.43819884759042926,0.40579458704806926,0.3764535556221311,0.3812231864111349,0.5404617493035203,3.0222130103518516
232,robotB,0.05,0.0,,,robotB,5.0,0.5601691518177746,-0.08142675152037157,0.8677056089004646,-0.028146619477994815,0.7192407372368396,0.1315800736305125,-0.4591666765634598,0.05042752328293422
232,robotC,0.05,0.0,,,robotE,4.0,0.116983235127729,-0.05491392999898174,0.5141326081128125,-0.03108884257652306,0.5611951747342837,-0.2398832765640952,-0.12146159463599296,-1.0291483792222087
232,robotD,0.05,0.0,,,robotD,5.0,0.12618147094452137,0.23685708297278865,0.6709017938355297,0.23203976938548723,0.5503672345410634,0.5136879301033863,-0.01645700210042564,1.3955349496516751
232,robotE,0.05,0.0,,,,,0.16805890737524765,-0.09317694938151988,0.807782361958771,,,-0.4117294796544162,-0.4856582147477573,-0.8213237836762599
233,robotA,0.05,0.0,,,robotA,4.0,0.06546191380391289,0.384314895906392,0.4382911253296242,0.3610880639506593,0.3714938015427606,0.33236234671963094,0.5463285453537272,3.0219962500570543
233,robotB,0.05,0.0,,,robotB,5.0,0.18100725482377505,-0.13174731300585302,0.8676675629772893,-0.06579545417515521,0.7173206601174777,0.1807995310675368,-0.4566907936140314,0.05010505950943351
233,robotC,0.05,0.0,,,robotE,3.0,0.10594154407240682,-0.12470828997741264,0.5116067705575229,-0.05183526037447573,0.557344374495827,-0.21814596947972928,-0.1372458034436143,-1.0272451701085774
233,robotD,0.05,0.0,,,robotD,4.0,0.12889852409626798,0.18657776575830973,0.6709824729663912,0.1902694717802797,0.5480447265744687,0.5225741689466376,0.03367392925307527,1.39521030719529
233,robotE,0.05,0.0,,,,,0.20905439667764958,-0.14237759945215245,0.8077652412694112,,,-0.3809362312127996,-0.5188269827855941,-0.8227396181712392
234,robotA,0.0,0.0,,,robotA,3.0,0.0720551468647526,0.3342705180423524,0.43837252327962495,0.29966623795979064,0.34871080923893855,0.30288002693079585,0.5498713941752478,3.0216697823111773
234,robotB,0.05,0.0,,,robotA,4.0,0.18999538856733544,-0.18202481083567576,0.8676169818526897,-0.11540607497644703,0.14577496974358134,0.2317416463880103,-0.4541453287623394,0.04974487892118094
234,robotC,0.05,0.0,,,robotE,4.0,0.13100915559215798,-0.1746025034364758,0.5116103294098514,-0.09231676990945509,0.5479042161497073,-0.192553448942463,-0.179616605040505,-1.0276566959250515
234,robotD,0.05,0.0,,,robotD,4.0,0.13426315599439453,0.13641751567914112,0.6710348151249538,0.15116242279173064,0.5494962862042064,0.528666541083955,0.021336313798412606,1.4086962226509432
234,robotE,0.05,0.0,,,,,0.2527361262310311,-0.1913273355756045,0.8076817256591668,,,-0.34550907947943965,-0.5130044978265849,-0.7411182979720147
235,robotA,0.0,0.0,,,robotA,3.0,0.08999917402441211,0.3061902953505502,0.43847320671270523,0.27020848772816636,0.3462482887736606,0.3031037913131537,0.549849679888813,3.021662030321679
235,robotB,0.0,0.0,,,robotA,4.0,0.7311796098949872,-0.23233788595076116,0.8675440280360889,-0.11587079733468118,0.13245716665489862,0.1762181438453948,-0.4690382337428579,0.019570067593959753
235,robotC,0.05,0.0,,,robotE,4.0,0.13751726797427746,-0.22493539201721974,0.5115270246508141,-0.14034511302794314,0.5440545798972785,-0.16634697192991593,-0.22304255681686266,-1.0279433295427598
235,robotD,0.0,0.0,,,robotD,4.0,0.1378875820393136,0.08611021151339762,0.6710742245336893,0.10551539905127756,0.5474309719783556,0.5316489810505086,0.06051561413922617,1.5047702056400298
235,robotE,0.0,0.5,,,robotE,3.0,0.3006433900951471,-0.2430301110365009,0.8075961994830532,-0.15075021388868132,0.6017653242698572,-0.33059693938760526,-0.5273223883788277,-0.46058772919810775
236,robotA,0.0,0.0,,,robotA,3.0,0.09902966418909163,0.30628232750770795,0.4384738409431338,0.2723458012121051,0.35017102457798455,0.3027473819253369,0.5498880860669899,3.021667163102028
236,robotB,0.0,0.0,,,robotA,4.0,0.7452968839757204,-0.2389016436505903,0.867529174092748,-0.11031440534469424,0.12096261078049972,0.17621519268891425,-0.46903833715952903,0.019565914850966173
236,robotC,0.0,0.0,,,robotA,3.0,0.13848351339311937,-0.2749369407220744,0.5114551412570879,0.16317545595321165,0.3406906461066125,-0.15621038070801985,-0.23983110714925046,-1.0281554865235016
236,robotD,0.0,0.0,,,robotD,4.0,0.1130319593672909,0.11031874661900237,0.6603608249427181,0.1377525005684148,0.5379303812772285,0.5316047955200585,0.060669446233585986,1.5194341038598205
236,robotE,0.0,0.0,,,,,0.286213275608323,-0.007948488477730043,0.849809083219969,,,-0.29336467116219644,-0.5340675662491903,-0.35946560451989773
237,robotA,0.0,0.0,,,robotA,3.0,0.09452774633576033,0.30609626918865795,0.4384682540853792,0.26984289758147184,0.35098153603499976,0.3031005904090676,0.5498487589711604,3.021661572936637
237,robotB,0.0,0.0,,,robotA,4.0,0.7575598715485925,-0.23890917013916868,0.8675283114714529,-0.10368771724425253,0.1147120191710859,0.17620569008406742,-0.4690385585375666,0.01956433382636115
237,robotC,0.0,0.0,,,robotE,3.0,0.4865904921155942,-0.2924893411741524,0.511394775160875,-0.19949231699963998,0.5358818302305244,-0.15627879023704205,-0.2397225478666453,-1.0281613155604814
237,robotD,0.0,0.0,,,robotD,4.0,0.12096986405028791,0.12321623888526155,0.65802369959521,0.12604866344385576,0.541410048276246,0.5316011635697369,0.06060414318451954,1.5194335938704255
237,robotE,0.0,0.0,,,,,0.30457229488240356,0.029664963088523948,0.8471520531820327,,,-0.294245442431987,-0.5289307976361038,-0.36724474883460384
238,robotA,0.0,0.0,,,robotA,3.0,0.09476706539344769,0.3062634998771263,0.4384706005614179,0.27020798019037456,0.3514559005593074,0.30278456792553626,0.5498811192326364,3.0216656712188925
238,robotB,0.0,0.0,,,robotA,4.0,0.7648629461701566,-0.2389038767290224,0.8675280103922349,-0.10486409105354019,0.11714485224139569,0.1762283036519971,-0.46903778614208846,0.019564119584946634
238,robotC,0.0,0.0,,,robotA,4.0,0.09618867033907033,-0.29251211648908093,0.5113955645997152,0.15736659823478044,0.34082817935984233,-0.15622624153120573,-0.23980372149436588,-1.0281643955736313
238,robotD,0.0,0.0,,,robotD,4.0,0.11664800268472894,0.12322761220575895,0.6580239333853897,0.12982252934901328,0.5413656499460998,0.5316007913904666,0.060593331459548,1.519438312330331
238,robotE,0.0,0.0,,,robotC,3.0,0.30538290957471353,0.03098130699948757,0.8471881752352689,-0.10401537472005717,0.16762428969398832,-0.2933121803482023,-0.5293981753203878,-0.3672900297440547
239,robotA,0.0,0.0,,,robotA,3.0,0.09412929976840355,0.3061152930103319,0.43846733636483654,0.26927614612835826,0.35025725206003805,0.3029913591976764,0.5498577263825285,3.0216633897668954
239,robotB,0.0,0.0,,,robotA,4.0,0.7622626976701017,-0.23891701255144515,0.8675275775870537,-0.10467990574085378,0.1169349535486063,0.17620133022196124,-0.4690386573074199,0.019562550005703908
239,robotC,0.0,0.0,,,robotE,3.0,0.4811490864953543,-0.29253537867500334,0.5113938693680685,-0.19401451746804296,0.5358468536090285,-0.15617747806361415,-0.23988764903134294,-1.0281635682993582
239,robotD,0.0,0.0,,,robotD,4.0,0.11684311326375166,0.12325022766910425,0.6580237742572431,0.12979864220224455,0.5409288733278075,0.5316041171675755,0.06067006564164526,1.519443334857648
239,robotE,0.0,0.0,,,robotE,3.0,0.6928265970544434,0.030472700116545057,0.847272471706406,0.038339511380128186,0.6271646118484375,-0.29154614129943573,-0.5300725001281659,-0.3682882897562372
240,robotA,0.0,0.0,,,robotA,3.0,0.09562611256136475,0.3061982449958466,0.43846786377324537,0.2677287983406749,0.3482246899651519,0.3029200505808107,0.5498657743330252,3.021663521359624
240,robotB,0.0,0.0,,,robotA,4.0,0.7624993757876546,-0.23890395063274142,0.8675275220232904,-0.10457493276724816,0.1158242186951673,0.1762252023961354,-0.4690377170184752,0.01956257126986235
240,robotC,0.0,0.0,,,robotE,4.0,0.10158739374616206,-0.29261471064527594,0.5113928054053036,-0.19527116332197036,0.5385007343924444,-0.1562861359018342,-0.23970402104551095,-1.0281673449789235
240,robotD,0.0,0.0,,,robotD,4.0,0.11728074174225461,0.12320086512198733,0.658023884840735,0.12694567444533275,0.5392413953690443,0.5316000998781848,0.060558481934556735,1.5194295574399326
240,robotE,0.0,0.0,,,,,0.22028038484636697,0.029543045614483125,0.8472692918034477,,,-0.2916117186727505,-0.5300488458022012,-0.36821857479556275
241,robotA,0.0,0.0,,,robotA,3.0,0.09809771652149232,0.30619088733727473,0.43846785977178443,0.26937260230237153,0.35041584170333556,0.3028454056063184,0.5498724267650966,3.0216647465701745
241,robotB,0.0,0.0,,,robotA,4.0,0.763612832046354,-0.23891556782500267,0.8675270529575722,-0.1027765634920148,0.11386487658077117,0.17620944401982272,-0.4690379169739646,0.01956158019546317
241,robotC,0.0,0.0,,,robotE,4.0,0.10092444564441026,-0.29248640248821345,0.5113909390689511,-0.19488063597819302,0.5376466407329124,-0.15614582984747144,-0.23992902377789635,-1.0281650319857072
241,robotD,0.0,0.0,,,robotD,4.0,0.11884111863522291,0.12325977311374207,0.6580253404535754,0.12713155151502184,0.5397039882392574,0.5316048563592445,0.060675189560605136,1.5194387028946281
241,robotE,0.0,0.0,,,,,0.22027482153857217,0.029663693797721824,0.8472685127523667,,,-0.2935037904317352,-0.529317700399504,-0.3671513003693524
242,robotA,0.0,0.0,,,robotA,3.0,0.09541429113040412,0.3061291582060249,0.43846606913074826,0.26883217908787976,0.3497054454118617,0.30322896977266595,0.5498329646809739,3.0216557993710116
242,robotB,0.0,0.0,,,robotE,4.0,0.7658580450834538,-0.2389097457136904,0.8675268047138364,-0.5672196589313405,0.26121166907761156,0.17621365208062037,-0.46903786375779666,0.019560859321399126
242,robotC,0.0,0.0,,,robotE,3.0,0.10120941846098455,-0.29262438664576423,0.5113882022674142,-0.1975795207396306,0.5385655111025194,-0.15628037691129493,-0.23971253279701496,-1.0281709329687914
242,robotD,0.0,0.0,,,robotA,4.0,0.11838615782099206,0.12320164311689825,0.6580249001001757,-0.09576029539863683,0.3561377594956777,0.5316013502564771,0.060580817688699495,1.5194276630787251
242,robotE,0.0,0.0,,,robotC,3.0,0.2202319274684252,0.03075910145802233,0.8472660413346418,-0.10389257190472731,0.1656776782507609,-0.2936511712694672,-0.52926661149488,-0.36705349485619326
243,robotA,0.0,0.0,,,robotA,3.0,0.09636506826757084,0.3063360859104233,0.438473025953744,0.26967672379839175,0.35072771013127735,0.3025529160462598,0.5499067644971403,3.021664882547167
243,robotB,0.0,0.0,,,robotE,4.0,0.6894961943074839,-0.2389101355252129,0.8675266522384639,-0.5737483866030011,0.26408280864551115,0.1762210666813411,-0.46903754441810286,0.0195603396935029
243,robotC,0.0,0.0,,,robotE,4.0,0.09874932503206643,-0.2925154924126794,0.5113884899857236,-0.19434213074047252,0.5368130493147162,-0.15620933110512902,-0.23982355410256875,-1.028170210796768
243,robotD,0.0,0.0,,,robotD,4.0,0.37295760863511673,0.12323969881947903,0.6580257857095211,0.13098360297733436,0.5408285857810365,0.5316032758196203,0.06063492826012268,1.5194318522258439
243,robotE,0.0,0.0,,,robotC,2.0,0.6947455828353355,0.030680185507093755,0.8472652352320993,-0.10537307345346554,0.1713717391766218,-0.2918252747197342,-0.5299585558549085,-0.36807407308863294
244,robotA,0.05,0.0,,,robotA,3.0,0.0949520205749338,0.3059804512126524,0.4384655331444665,0.2700791583756724,0.35136637054342046,0.28361799291162065,0.5521923844757249,3.021517411186657
244,robotB,0.0,0.0,,,robotA,4.0,0.690113418220439,-0.238916242452938,0.8675262320513596,-0.10319289146029079,0.11437272812943299,0.1762048049386141,-0.46903777010950476,0.01955932386507024
244,robotC,0.0,0.0,,,robotE,3.0,0.10144404798535012,-0.2925476042961226,0.511385115160237,-0.19987090538923413,0.5366014726521205,-0.15617047813289925,-0.23988395833198536,-1.028170780041972
244,robotD,0.0,0.0,,,robotA,4.0,0.11745359227900963,0.12322526079794158,0.6580256611108898,-0.09579525009336934,0.3567828259490305,0.5316031764560198,0.060632917854875484,1.5194306641925188
244,robotE,0.0,0.0,,,,,0.6892603092114079,0.029727719769404956,0.8472619296105094,,,-0.2918258229248913,-0.529955411052187,-0.36806244062342675
245,robotA,0.05,0.0,,,robotA,3.0,0.08824744744227342,0.2839400834180163,0.43851846023177704,0.25405330316655506,0.34855962424040116,0.23410752763499637,0.5581712895034685,3.0211497319338276
245,robotB,0.05,0.0,,,robotA,4.0,0.7652831815261188,-0.238907572944288,0.8675260147560239,-0.10369647345987787,0.11065346183288233,0.21799279260555052,-0.46822571805867674,0.019291841061819755
245,robotC,0.0,0.0,,,robotA,4.0,0.09612406705953755,-0.29262787760479886,0.5113828213506053,0.14570333566724403,0.3381085970704777,-0.15624727920386589,-0.23975532199757157,-1.0281739151432248
245,robotD,0.05,0.0,,,robotD,4.0,0.37244031294805496,0.12321291989456504,0.6580255987874526,0.1287007856581156,0.5396572214376631,0.5316012721048554,0.0605867362523283,1.5194254665274656
245,robotE,0.0,0.0,,,,,0.6892689917836539,0.029791652198622752,0.8472580017784372,,,-0.2937357443726282,-0.5292226382807943,-0.3669669964057507
246,robotA,0.05,0.0,,,robotA,4.0,0.0923757768383751,0.23345220447023712,0.43860893783577426,0.1431457918736819,0.4533666891369517,0.2205370959419773,0.5608596856287672,3.1175410204626965
246,robotB,0.05,0.0,,,robotA,4.0,0.777715360483168,-0.28284835858301033,0.8674531605565882,-0.12220754933996743,0.11614387642166721,0.2672645093623721,-0.46728325697882755,0.01895234944618594
246,robotC,0.05,0.0,,,robotC,4.0,0.4712179514469121,-0.29250033707749196,0.5113826544444791,-0.2106750677567671,0.41786193079210554,-0.14069840193022481,-0.26554260640415295,-1.0283775929224497
246,robotD,0.05,0.0,,,robotD,4.0,0.11866664017564699,0.12015105824746693,0.6580154642929036,0.1297406555798424,0.5393108177144754,0.5341928832400111,0.11088691737148151,1.5191385147077963
246,robotE,0.05,0.0,,,robotE,3.0,0.6894835816294934,0.03087538593531576,0.8472592791200787,0.04250021085640368,0.6279960505714621,-0.29351799307319265,-0.5293014472260217,-0.36708528913039606
247,robotA,0.05,0.0,,,robotA,3.0,0.08945487671221575,0.22613132603765532,0.4199664483127043,0.2145678348283048,0.3234424896772324,0.17085655359275634,0.5619480725108793,3.1228390122990675
247,robotB,0.05,0.0,,,robotD,4.0,0.7802545785124417,-0.3331363233547131,0.8673470843369852,-0.07791230239283327,0.2695834774349313,0.3165751624537648,-0.46635693470054385,0.018619664861738373
247,robotC,0.05,0.0,,,robotE,4.0,0.14812216263105055,-0.32559591477540584,0.5113144534066291,0.2616989333338048,0.049542940070539436,-0.1154378616554488,-0.3074703082499478,-1.0286451591925612
247,robotD,0.05,0.0,,,robotD,4.0,0.13296981243911515,0.06990300499964629,0.6580560348524125,0.0921866464875957,0.543987264878759,0.5367416807813649,0.16001300927522616,1.5187856176110084
247,robotE,0.05,0.0,,,robotE,3.0,0.21972289535558384,0.028211998191818143,0.8472538844618215,-0.12926808816091825,-0.6771548402612658,-0.24700098690460062,-0.5471920242302536,-0.3680945865872184
248,robotA,0.05,0.0,,,robotA,3.0,0.10015507049355975,0.18048337218653607,0.41761938467803283,0.1683820018786931,0.3321781598409172,0.12188482821754672,0.5628610640635497,3.1226592755027887
248,robotB,0.05,0.0,,,robotD,4.0,0.671213022420147,-0.3834420921049034,0.8672275764310537,-0.08468947070608068,0.25335502390450926,0.3588884409474896,-0.46484792543597875,0.12489671990574071
248,robotC,0.05,0.0,,,robotB,4.0,0.7868560433677977,-0.3754807014873489,0.5112187418553058,0.6096665355106523,0.6979595203205016,-0.08983013657505372,-0.34998913498413314,-1.0289977975707822
248,robotD,0.05,0.0,,,robotD,4.0,0.1351518987026452,0.019726187967899177,0.658072836595981,0.0480919224590249,0.5438354681072891,0.5393161813457098,0.2093446784851636,1.5184599223612743
248,robotE,0.0,0.5,,,,,1.528125914439715,-0.022728006061132948,0.8472525925756336,,,-0.20093971592474147,-0.5649118110243015,-0.3679517024179436
249,robotA,0.05,0.0,,,robotA,3.0,0.09344355730876061,0.13060488593536315,0.41764504181001577,0.12696262070917577,0.335594736823402,0.07061233010378232,0.5638424544780555,3.122221275097948
249,robotB,0.05,0.0,,,robotC,4.0,0.6976733939289101,-0.31831364388656636,0.9107498141957152,-0.3644417050057668,-0.023984353177216994,0.4079093555999742,-0.45923721312439314,0.109260595788469
249,robotC,0.05,0.0,,,robotA,4.0,1.0522357816033734,-0.42584136015634133,0.5110811157420795,0.010697584505782046,0.2956762916125493,-0.0946411095352977,-0.32960962133730587,-1.0261496654483604
249,robotD,0.05,0.0,,,robotD,4.0,0.13868221531066777,-0.03053943059566393,0.6580714832700358,0.005081488216958263,0.547179933388027,0.5319739837285317,0.1962081615087798,1.4873318567047393
249,robotE,0.0,0.5,,,robotC,3.0,1.5256978736507074,-0.06850520905463117,0.8473325733256765,-0.07248050963443178,0.6133702339252738,-0.19441193241311205,-0.5658842277667677,-0.05783324004439902
250,robotA,0.05,0.0,,,robotA,4.0,0.09446784294248599,0.0802282599582572,0.4176926836638024,0.08886142027144504,0.3605599003329522,0.021626065450113793,0.5647953581661092,3.1220370449939265
250,robotB,0.05,0.0,,,robotA,4.0,0.9253153754535065,-0.3949256204448818,0.9008287495360635,-0.12874037327953644,0.0869302188807829,0.42740954236850903,-0.455702972815269,0.12127642438926055
250,robotC,0.05,0.0,,,robotA,4.0,0.5320344396914769,-0.47585052561300545,0.5109240129887812,-0.028190252859717043,0.2900093736844956,-0.09518225709113401,-0.31761019125564305,-1.0237291491865768
250,robotD,0.05,0.0,,,robotD,3.0,0.1402134345630006,-0.08075124739120161,0.6580517004433626,-0.0309685307166226,0.5142714032892359,0.5360942635213108,0.2453663898803674,1.4870136280209174
250,robotE,0.0,0.5,,,,,0.3538004892473826,0.21329656623660662,0.821951750599897,,,-0.2110389731488839,-0.5502137474465715,0.4049143500234015
251,robotA,0.05,0.0,,,robotA,4.0,0.08178856687278047,0.03034626375560785,0.4177031075323242,0.04559847736326865,0.36242283422608174,-0.02794864506514967,0.5657762844750532,3.1216069569895613
251,robotB,0.05,0.0,,,robotD,5.0,0.8731432857328603,-0.444827433742482,0.9008516939803588,-0.1560425192837069,0.4473491807527599,0.4484131075229493,-0.45067442126657664,0.13317512978639864
251,robotC,0.05,0.0,,,robotA,4.0,0.544664377646529,-0.5261049011114071,0.5107813993885607,-0.07195881771671792,0.2851778015167835,-0.06962838697093163,-0.3595889884981849,-1.0241241755129564
251,robotD,0.05,0.0,,,robotD,3.0,0.17510950380561763,-0.1309695058219146,0.6580182060399071,-0.0740867931191202,0.5209187703103381,0.5402286804808727,0.29449643254545854,1.4866579011683254
251,robotE,0.0,0.5,,,robotE,3.0,0.6552163833780366,0.5827198850673398,0.6179475507852804,0.22120749041796547,0.3253540661482948,-0.224865179045472,-0.5569357630887701,0.9108289044606356
252,robotA,0.05,0.0,,,robotA,4.0,0.08580652954322227,-0.02002539860916553,0.4177063526977425,-0.0007825265641609396,0.3638691974877092,-0.05744393791206896,0.5703658046059964,-3.1412584653904116
252,robotB,0.05,0.0,,,robotD,4.0,0.5661335174160739,-0.49513221149428505,0.9006982076387029,-0.17646813543339052,0.46185928876446414,0.4972581751051611,-0.44413928131410096,0.13285444319983677
252,robotC,0.05,0.0,,,robotD,4.0,0.5523994026854059,-0.5762898047311756,0.5105560516302675,0.2309586260698968,0.5067082056578697,-0.052796676241195634,-0.3869985693241953,-0.8946091206545698
252,robotD,0.05,0.0,,,robotE,4.0,0.17395202806069354,-0.18122421729983876,0.6579621225983974,-0.5868713671674005,0.13937520008449075,0.5445195563411237,0.34526635593238897,1.486319688501946
252,robotE,0.05,0.0,,,,,0.5864937881946752,0.8054482539772814,0.27399558304600663,,,-0.2047412073990708,-0.5528620401095764,1.3860553433790523
253,robotA,0.05,0.0,,,robotA,4.0,0.08761046879326159,-0.0699074240476004,0.4176961683302064,-0.06149459971499891,0.36862708333675076,-0.10709321765879654,0.5703542576574768,3.141525959532217
253,robotB,0.0,0.5,,,robotD,4.0,0.5731997597347027,-0.5454242241570131,0.9005270094297613,-0.1278653779100367,0.5817335681044554,0.5074663963101352,-0.4426968209774236,0.4930479595998345
253,robotC,0.0,0.5,,,robotC,4.0,0.7427585816449849,-0.5045304450731513,0.6103717809213444,-0.4732485818220423,0.5015771164742099,-0.03128430549497084,-0.40805393177017946,-0.7227852372808108
253,robotD,0.05,0.0,,,robotD,4.0,0.6286599191844764,-0.23141217040263282,0.6578942965740786,-0.1759039153796172,0.5709864898016842,0.5486922953503945,0.3944537385044238,1.4859802612767887
253,robotE,0.05,0.0,,,robotD,5.0,0.7683072271175269,0.8397583181996132,-0.13037707025963297,0.2342256205995581,-0.673917851736011,-0.19265352108920802,-0.5062332213317222,1.4107841654420095
254,robotA,0.0,0.0,,,robotB,4.0,0.07654709180964796,-0.12027704565397063,0.4176585152345298,-0.5626964691407517,0.7011899063584582,-0.1379856532838859,0.570361844587312,3.14154086999822
254,robotB,0.0,0.5,,,robotB,3.0,0.4629158914874826,-0.16702391018055288,1.042990255798054,-0.1721910317818991,0.8709352890252129,0.4505356651763393,-0.44082897901007834,0.9899420070407672
254,robotC,0.05,0.0,,,robotC,4.0,0.18021170796353694,-0.43916053387493775,0.6785354863646759,-0.3765937805858659,0.6022072227772826,-0.029941628881170263,-0.356256167417066,-0.4739641407168586
254,robotD,0.0,0.5,,,robotD,4.0,0.13683987062767053,-0.2816747013965547,0.657806366666126,-0.22663523138566127,0.5746897617656275,0.5327207268823028,0.3725755516981503,1.4909051203055255
254,robotE,0.05,0.0,,,,,0.7699584655999179,0.7886330627149949,-0.13962539729181966,,,-0.18304743689792596,-0.45631880071024566,1.4020106347655708
255,robotA,0.0,0.0,,,robotA,4.0,0.5027154184955053,-0.14756368445820414,0.4176629004580948,-0.11327771538527448,0.37145498421733203,-0.13832273037847725,0.570359012870014,3.1414807517001284
255,robotB,0.0,0.0,,,robotB,3.0,0.5238978807569542,0.33516114673138325,1.001559775318764,0.24922770395802862,0.8722495327531381,0.4606486256276717,-0.4444956105142399,1.1290067465743139
255,robotC,0.05,0.0,,,robotC,4.0,0.16583864116980945,-0.3141658361629064,0.7558470830355263,-0.22501186623397,0.6430342221286209,0.0016333868823171609,-0.3816228455966646,-0.47521472963627875
255,robotD,0.0,0.0,,,robotE,4.0,0.11500038082452724,-0.2871472826561281,0.6724822933865376,-0.5548147880313838,0.10265499416878704,0.5328058304675126,0.37081231449886715,2.0106512862542716
255,robotE,0.05,0.0,,,,,0.7346384430557141,0.7380313688388509,-0.13924654143745946,,,-0.1748556863457674,-0.4082474331048908,1.4019283528225008
256,robotA,0.0,0.0,,,robotB,4.0,0.05763518471387673,-0.1477340010961199,0.417656487353218,-0.5928258933448722,0.7105704195360552,-0.138061593170389,0.570362250788494,3.1414595519396977
256,robotB,0.0,0.0,,,robotB,3.0,0.20284336747836715,0.42968939376210713,0.9648724793863588,0.3824553647251879,0.8219239249290378,0.4626733662688912,-0.4784476974900714,1.1067347891261319
256,robotC,0.0,0.0,,,robotD,4.0,0.17000319635824945,-0.34470560484212454,0.7637590982313707,0.4476900084870343,0.4883084833707889,0.02016700237263331,-0.39114369343131994,-0.4753391939339461
256,robotD,0.0,0.0,,,robotE,4.0,0.8964580351126419,0.09032678385730687,0.7250932328230394,-0.4405884390926763,0.31000479979479295,0.5012298681595593,0.3277922510195994,2.0709726624524474
256,robotE,0.0,0.0,,,,,0.7015532977955082,0.6883879696409084,-0.13920896798617505,,,-0.1665367535356275,-0.3595746123626475,1.4013967432606373
257,robotA,0.0,0.0,,,robotB,4.0,0.5328976300261525,-0.14765076056355483,0.41765578138933074,-0.4839832350044608,0.5690783406140947,-0.1382284961597349,0.5703599441574287,3.141465630157904
257,robotB,0.0,0.0,,,robotB,4.0,0.15013794102407235,0.43401010815811,0.9629328245223379,0.40020338409954026,0.8254165728208052,0.46264919728050424,-0.47849152751439356,1.106731416389953
257,robotC,0.0,0.0,,,robotC,4.0,0.8550414669553003,-0.36180330374856595,0.7636564226383797,-0.2902081243147143,0.6965615654105514,0.02028295612527255,-0.3911848990098775,-0.4752697885439655
257,robotD,0.0,0.0,,,robotE,4.0,0.6725010469826529,0.08827867987255296,0.7254048824502765,-0.40267881534258854,0.3139459158996857,0.5012530074738435,0.327745768854369,2.07010030023109
257,robotE,0.0,0.0,,,,,0.6725955295535794,0.6417424912296738,-0.1388339830506457,,,-0.16614291016842972,-0.3572136471059661,1.4013763418695993
258,robotA,0.0,0.0,,,robotA,4.0,0.36881485329488395,-0.14768648947824486,0.4176554395739869,-0.12087747630300184,0.386416276747956,-0.13822534985534074,0.5703599839982203,3.1414660906798764
258,robotB,0.0,0.0,,,robotB,4.0,0.1416117780291368,0.4340536576726147,0.9629231350482186,0.3918277493978991,0.8232409868181741,0.46267053157651905,-0.4784485887269742,1.1067306492012003
258,robotC,0.0,0.0,,,robotC,4.0,0.0981416754245893,-0.3618309602140774,0.7636581959733326,-0.2889290931808905,0.6933408741537137,0.02036701544259956,-0.3912275756762116,-0.475259649239342
258,robotD,0.0,0.0,,,robotB,5.0,0.6401631384143524,0.08768451080836465,0.7254707051295535,-0.8075504694430627,0.5360788793174396,0.5012172152438022,0.32780810290261075,2.0701281295739267
258,robotE,0.0,0.0,,,,,0.6720698262880308,0.6408824241583013,-0.13884019800133143,,,-0.1661414803213731,-0.3571974459226021,1.4013675889720951
259,robotA,0.0,0.0,,,robotA,4.0,0.04119431181040728,-0.14773094326784209,0.41765507694100584,-0.12001020045520655,0.3886584264268974,-0.1379299465389479,0.5703632199534177,3.1414532945721017
259,robotB,0.0,0.0,,,robotB,4.0,0.14591935903322495,0.4340303989653494,0.9629241844840143,0.4058288963415209,0.8254431603916565,0.46265676011797163,-0.4784778204778574,1.1067246453435704
259,robotC,0.0,0.0,,,robotC,4.0,0.10133601586214581,-0.3618955698488346,0.7636607247897853,-0.2885521935946375,0.6930814641030362,0.020178291012201893,-0.39113543257045813,-0.4752672345940284
259,robotD,0.0,0.0,,,robotE,4.0,0.9150244474112323,0.08765993106574127,0.7254675753399258,-0.3987164743707263,0.313640988800705,0.5012540054657632,0.3277433072546252,2.0701216788212773
259,robotE,0.0,0.0,,,,,0.6721217259347892,0.6409627945931399,-0.13883609558535076,,,-0.1664166609744485,-0.3588636884462862,1.4012733096008836
260,robotA,0.0,0.0,,,robotB,4.0,0.03998680861192732,-0.1475424587216773,0.4176570404923188,-0.48126115096602584,0.5657550065834382,-0.13851638793498025,0.5703560193909162,3.141482672404627
260,robotB,0.0,0.0,,,robotB,4.0,0.14034773744289694,0.43403693438189206,0.9629269557831618,0.4003309300317705,0.8257336129655081,0.4626614958607468,-0.478468883928484,1.1067209156900106
260,robotC,0.0,0.0,,,robotC,4.0,0.10167371431092737,-0.36173634017185063,0.7636620908468182,-0.2906810881363429,0.6977760816266565,0.0204437594560418,-0.3912653762268875,-0.47524171277700356
260,robotD,0.0,0.0,,,robotC,4.0,0.6373348707598767,0.08769282610953548,0.7254682947103681,-0.5726691921961974,0.38302591116921525,0.5012267958617861,0.3277925294147713,2.0701250236441395
260,robotE,0.0,0.0,,,,,0.6726040337566681,0.6417432628061546,-0.13882388100178816,,,-0.16618936010517646,-0.3575021525116276,1.40133725966163
261,robotA,0.0,0.0,,,robotA,4.0,0.36481061611821286,-0.14786523923961092,0.4176538530542959,-0.12270931460281205,0.38853186736976464,-0.13800169300989373,0.5703602698069414,3.1414821694762662
261,robotB,0.0,0.0,,,robotB,4.0,0.14127438064825504,0.43403378159047923,0.962928978865234,0.3955252497271248,0.8216365256776057,0.462666082922112,-0.4784598600420415,1.1067180492736541
261,robotC,0.0,0.0,,,robotC,4.0,0.09702530648079048,-0.3619062662664438,0.7636614676999484,-0.2895852460479543,0.695424155628882,0.020133909495091973,-0.39110977640126754,-0.4752587747500172
261,robotD,0.0,0.0,,,robotE,4.0,0.7438547599943184,0.08767371252099637,0.7254688292677856,-0.399973165476894,0.31465027945749335,0.5012394077731257,0.3277708360362459,2.070120408848246
261,robotE,0.0,0.0,,,robotE,4.0,0.6721438434852592,0.6409853204449878,-0.1388254364311475,0.5430939842609811,-0.11833743625762908,-0.16614573916179443,-0.3572071269773615,1.4013274859359623
262,robotA,0.0,0.0,,,robotA,4.0,0.038284975496249464,-0.14755883454464244,0.4176564395968205,-0.11995058492493624,0.3888590720226535,-0.13843570574077915,0.5703539962872292,3.1414969776712085
262,robotB,0.0,0.0,,,robotB,4.0,0.14644397987502317,0.4340198917356367,0.9629305516598557,0.40612479897088055,0.8260668764905352,0.4626543292262808,-0.47848474142262726,1.106714765210821
262,robotC,0.0,0.0,,,robotC,4.0,0.09930891776869671,-0.3617343459082689,0.7636646753934333,-0.29020336778937644,0.6966999596785811,0.02041319450330898,-0.3912492182204311,-0.4752340189241663
262,robotD,0.0,0.0,,,robotE,4.0,0.6376289378390652,0.08767263803077686,0.7254692574650004,-0.39713803649414287,0.3123635919634099,0.501244123793125,0.32776308934386217,2.0701179412595065
262,robotE,0.0,0.0,,,,,0.0999574916023977,0.6409308278914541,-0.1388179673999062,,,-0.1664016288330718,-0.358764984650847,1.4012419801108178
263,robotA,0.0,0.0,,,robotB,4.0,0.04007844455506375,-0.14782718261954017,0.4176545060170652,-0.48034321014324105,0.5650103888613546,-0.13800705803375962,0.5703590533467467,3.141497315668614
263,robotB,0.0,0.0,,,robotB,4.0,0.13968190154993412,0.43403498355285497,0.9629319750993682,0.39842013331003817,0.8185269931189921,0.4626701607633137,-0.4784524022691335,1.106714090681181
263,robotC,0.0,0.0,,,robotC,4.0,0.09807365368952331,-0.3618561826943751,0.7636649928242653,-0.2891905946524825,0.6941634875064431,0.02023200781211035,-0.3911590413062025,-0.475248196125326
263,robotD,0.0,0.0,,,robotE,4.0,0.6369550686146188,0.08768669195508413,0.7254698036305635,-0.3993796097783151,0.3144476896921993,0.501226626081382,0.3277942392204802,2.070120098889998
263,robotE,0.0,0.0,,,,,0.1007177118275752,0.6417109653286112,-0.13880078204684862,,,-0.16621411276514902,-0.35762038371778776,1.4012950598859863
264,robotA,0.05,0.0,,,robotA,4.0,0.3639449490459477,-0.14756230804927478,0.41765776032157087,-0.12008163796574238,0.3891054740734502,-0.15650206092275423,0.5703558372084461,3.141430835567936
264,robotB,0.0,0.0,,,robotB,4.0,0.14872777428455294,0.43401534041604706,0.9629324364884069,0.4030351681591733,0.825604022449198,0.46265518462624233,-0.47848283171509826,1.10671183114694
264,robotC,0.0,0.0,,,robotC,4.0,0.10051421579542795,-0.3618030537721465,0.7636655619903389,-0.28957544891379206,0.6948519046557906,0.020271588354203816,-0.39117882615823885,-0.47524364825795085
264,robotD,0.0,0.0,,,robotD,4.0,0.6372973678292372,0.08766130727171802,0.725469684433523,0.050547008529597495,0.6716840284914025,0.5012517376066943,0.3277496707669991,2.0701141990688865
264,robotE,0.0,0.0,,,robotE,4.0,0.10006151762732667,0.6410391378211913,-0.13880824972340639,0.5431099029398431,-0.11819077218478248,-0.1661743921917,-0.3573778816338969,1.4012984793266505
265,robotA,0.05,0.0,,,robotA,4.0,0.05806213149036779,-0.1706488652525839,0.4176390794840124,-0.08935610201048716,0.3718054697838354,-0.20525229959981509,0.5703728148303956,3.141153372073192
265,robotB,0.05,0.0,,,robotB,4.0,0.1407831849185262,0.43402836225608205,0.9629332876313699,0.40259006925374197,0.8279986247431963,0.4660846597825786,-0.46243631613296704,1.3511130729390057
265,robotC,0.0,0.0,,,robotC,4.0,0.09973919211333424,-0.36177332332497636,0.7636659539039452,-0.2881898772237783,0.6915286594503983,0.020368860935798098,-0.3912271952599099,-0.4752343525035317
265,robotD,0.0,0.5,,,robotE,4.0,0.06536330613172607,0.08768745969323383,0.7254701668156146,-0.4088526278853135,0.3779156571275602,0.5012190390159494,0.3277921465263112,2.0719464641067975
265,robotE,0.0,0.0,,,,,0.10004299694972964,0.6410062678094035,-0.1388039471951857,,,-0.16640903339339314,-0.3587942029791301,1.4012260598345487
266,robotA,0.05,0.0,,,robotB,4.0,0.1388341035726364,-0.22042688728293525,0.4175805455662012,-0.5616233983229325,0.6573881411560896,-0.2566593824557434,0.5704005999902737,3.1408191744288336
266,robotB,0.0,0.5,,,robotB,3.0,0.20835509445814404,0.6101100063957243,0.8466351768720054,0.5649113498512845,0.6510445757317179,0.48392155392590114,-0.41706321093101323,1.30318106793309
266,robotC,0.05,0.0,,,robotC,4.0,0.10311038586668213,-0.36186442465137864,0.7636661166755762,-0.26769174831622167,0.6561423033184709,0.04036448356103013,-0.4004219707656703,-0.35584735541059714
266,robotD,0.0,0.5,,,robotE,4.0,0.6077836936277218,0.08995694502444673,0.7251764067284026,-0.4157863428657164,0.3842323776434575,0.5021103114172143,0.3263837949952858,2.567266458031538
266,robotE,0.05,0.0,,,,,0.10072094316012892,0.641700279151326,-0.13879771542108474,,,-0.16621351516460672,-0.3575789609935117,1.4012731982206974
267,robotA,0.05,0.0,,,robotA,4.0,0.37700605338852966,-0.27078153498173957,0.4175036380721727,-0.22010990101065314,0.3764386099617468,-0.30020482616705,0.5789122903610082,-3.138015042486308
267,robotB,0.05,0.0,,,robotB,4.0,0.2017335939395958,0.5538403663301681,0.8524741570936939,0.4960024308451732,0.7205766142014642,0.486281999446237,-0.38719138515407375,1.4705310347275535
267,robotC,0.0,0.5,,,robotC,4.0,0.1485035661284415,-0.2906497389671422,0.8028605360577479,-0.2446560572013325,0.6743478501359019,0.051025261997198534,-0.4057537419210674,-0.14530405534866647
267,robotD,0.05,0.0,,,robotE,4.0,0.8654345912606766,0.4233687777634038,0.595882360569186,-0.13472050625777118,0.5232134659052681,0.4716719454373435,0.3122266849471001,2.6112339799865887
267,robotE,0.05,0.0,,,,,0.09732005964809969,0.638222376989872,-0.13880172291472778,,,-0.15801778943058764,-0.30971511841963206,1.4011099690492703
268,robotA,0.05,0.0,,,robotA,4.0,0.10865087588013857,-0.3207490787344649,0.4173869766763829,-0.2654724236997752,0.37870871378866267,-0.34983512228353436,0.5787391644422646,-3.1382926757638088
268,robotB,0.05,0.0,,,,,0.15351830896469185,0.645349337380923,0.7561205686182224,,,0.49181867605633933,-0.3664009355591724,1.4642951058602942
268,robotC,0.0,0.5,,,robotD,4.0,0.2185180667690227,-0.12025092724346062,0.8539961430435611,0.4430116767543358,0.4670450905508055,0.01174230792133795,-0.41032670213230876,0.262937360032005
268,robotD,0.0,0.5,,,robotD,4.0,0.5826510254152877,0.4475955520178231,0.5429675969127546,0.4088501049250027,0.4772773671793133,0.4247539218390788,0.330970898099067,2.613818288140275
268,robotE,0.05,0.0,,,,,0.04972928654826661,0.5884120632014499,-0.13870214016040286,,,-0.14985611174190971,-0.2621869765603923,1.4006053413944997
269,robotA,0.05,0.0,,,robotA,4.0,0.1123442618016889,-0.37098187738350935,0.41729612550707634,-0.310387455473898,0.3822511932495644,-0.40060780016929015,0.5785837469389672,-3.138726925217875
269,robotB,0.05,0.0,,,robotA,5.0,0.12199010119767287,0.6168131291195881,0.737498788194979,0.4218342933914911,0.29905450342407486,0.4970442277688788,-0.3174920536409298,1.4641222488164074
269,robotC,0.0,0.5,,,,,0.4202206459411333,0.23213957321756218,0.8305259665610292,,,0.059081522738042416,-0.42802266330724886,0.496252060391116
269,robotD,0.05,0.0,,,robotE,4.0,0.06220861801482112,0.40363245692006616,0.5392667880881306,-0.13703051432839541,0.4562865107551922,0.39412805841793197,0.34133060851173885,2.771929051654149
269,robotE,0.05,0.0,,,robotB,2.0,0.020630415231385972,0.538977956674548,-0.13840317067383162,-0.2611392849749349,-0.3238520639802012,-0.14129775011393947,-0.2421644095399853,1.4453245040297693
270,robotA,0.0,0.5,,,robotA,4.0,0.11609226411943292,-0.42111819343620605,0.4171240689368209,-0.353156972550183,0.3832216919188555,-0.44994117922164567,0.5784484577905172,-3.138967282613747
270,robotB,0.05,0.0,,,robotB,3.0,0.46189317652830075,0.5666542783357336,0.7376573744636445,0.4838069136435642,0.6009245021402875,0.5015267903688078,-0.27537496059922795,1.475513716529355
270,robotC,0.05,0.0,,,robotC,4.0,0.3230658652701863,0.3451962520951005,0.774947178886542,-0.16857210629152375,0.7178631272256899,0.06732153561734326,-0.4374348276415621,1.0209345911682126
270,robotD,0.05,0.0,,,robotA,4.0,0.5884004646295463,0.4512609504443872,0.46761167087591055,0.08126217029820117,0.4153315944790926,0.37299258041395256,0.3392441007079289,2.782957771555409
270,robotE,0.05,0.0,,,,,0.7722174459695983,0.48845558120375504,-0.1383060576681243,,,-0.13501535187417707,-0.19238336884861296,1.4450929142691311
271,robotA,0.05,0.0,,,robotA,4.0,0.12031176905087727,-0.4685079481254112,0.4174134190760898,-0.412600005418351,0.38860377841329957,-0.4937861149325271,0.5737677824991992,-3.0476274984487737
271,robotB,0.05,0.0,,,robotB,3.0,0.13480185139973888,0.5665790963956507,0.7073214236335924,0.19212166342502449,0.5251684498564007,0.5015408583387917,-0.22785486477491382,1.5656120612393294
271,robotC,0.05,0.0,,,,,0.8597630209104907,0.6685709206807746,0.5219447653583275,,,0.09305746519676134,-0.40901421704087865,1.1769835641010027
271,robotD,0.05,0.0,,,robotC,4.0,0.33428496841567923,0.4130377979073588,0.45621402387389753,0.3191182387408904,0.5448307292882102,0.32688095955096375,0.3565328632021362,2.7826089286559608
271,robotE,0.05,0.0,,,robotA,4.0,0.7243315166085814,0.438999174685703,-0.1382118655949456,-0.19977219106508984,-0.19852340445792693,-0.12879443646278033,-0.14327282094535307,1.4446111317802384
272,robotA,0.05,0.0,,,robotD,4.0,0.09010126673131191,-0.47014439150628146,0.45793545873586367,-0.38197479687621927,0.1614300306730498,-0.5213439701984772,0.5627194921674268,-3.0222654955349055
272,robotB,0.05,0.0,,,robotB,4.0,0.3912744854246954,0.5527429844863934,0.6769840806073655,0.4906771442617042,0.578127954793038,0.5015736297716775,-0.1734906046601856,1.5702685451864014
272,robotC,0.05,0.0,,,robotC,4.0,0.8998188318897319,0.686771703820076,0.43846932499097124,0.608213661195468,0.34826193673757505,0.11178118791684137,-0.3643483987148915,1.1729175978434443
272,robotD,0.05,0.0,,,robotC,4.0,0.09872403472577886,0.3628973342740199,0.4563444262417052,0.10334768065265548,0.5812031563948964,0.29010583402334433,0.3681915037922616,2.925364101268983
272,robotE,0.05,0.0,,,robotB,4.0,0.5916913282361507,0.3888162536935264,-0.13800670753473362,0.08295232250199142,-0.5250812540898202,-0.12189895320532823,-0.08898844855311966,1.444386582474805
273,robotA,0.0,0.5,,,robotA,4.0,0.3300867042436864,-0.5138995886733344,0.4640074284207115,-0.43820412581994717,0.42709914001927796,-0.529157302298404,0.5617428103288993,-2.6296307606582725
273,robotB,0.05,0.0,,,robotB,4.0,0.09988648124423202,0.5023192416127603,0.6773336537453808,0.4532842742951043,0.5677616116191357,0.5053789277620578,-0.15253051361483377,1.5951592742440655
273,robotC,0.05,0.0,,,,,0.0947154390871113,0.6371516645394772,0.43844844550649464,,,0.12047226481650898,-0.33783831804282355,1.4358210887833769
273,robotD,0.05,0.0,,,robotC,4.0,0.32890325264263914,0.3818838956089042,0.4062891016229767,0.1660418977906025,0.514104490441707,0.24064133805716417,0.3811054604118499,2.887175047380681
273,robotE,0.05,0.0,,,robotE,4.0,0.4640358526302565,0.338759601718253,-0.13792249023930014,0.2133536633685622,-0.08572864975644579,-0.11578489952536061,-0.040976101174216954,1.4439744680613618
274,robotA,0.0,0.0,,,robotA,4.0,0.24487041607063706,-0.30077727543292915,0.6297697630984778,-0.2866398808327392,0.5553881079845017,-0.49998678674113756,0.5684926981745813,-2.3631532794766104
274,robotB,0.05,0.0,,,robotB,4.0,0.10971835218821561,0.4520817774528354,0.6774733740160714,0.4080628186515838,0.572470496388548,0.5048880826265708,-0.11109144043082349,1.6032143300760517
274,robotC,0.05,0.0,,,,,0.1271863728039354,0.7015622773317554,0.2618766990377126,,,0.11492803517420709,-0.31211137001316236,1.3517714371662921
274,robotD,0.05,0.0,,,robotC,3.0,0.18086916580126292,0.31918736859819,0.41787497361465914,0.12842295146080296,0.4894533419508309,0.1929796433965018,0.39350529596705985,2.88683906226679
274,robotE,0.05,0.0,,,robotE,2.0,0.09203946012675564,0.2892499900717554,-0.13779600818172796,0.18432931208832642,-0.0843577694459971,-0.11895883678046137,-0.027926592251015875,1.4473449718803602
275,robotA,0.0,0.0,,,robotA,4.0,0.2151190065623327,-0.11693744333353098,0.6875897331303079,-0.052480392280745275,0.6223332644288948,-0.4889905331062202,0.5732213905485715,-2.3483294553733107
275,robotB,0.0,0.0,,,robotB,4.0,0.10532551864575636,0.40190372572648536,0.677615778985237,0.36916186971702114,0.5722038940674787,0.5046394599022045,-0.10349439711281026,1.6032840307618161
275,robotC,0.05,0.0,,,,,0.052714189936445215,0.6346814747770574,0.30267421180129583,,,0.12616616950723786,-0.26198162579840173,1.3491641227086528
275,robotD,0.0,0.0,,,robotD,4.0,0.15779082873158218,0.2690882582581285,0.4179605654247105,0.23769329905335773,0.3353344010090246,0.22908368028144518,0.3674072239064152,2.8193702296870997
275,robotE,0.05,0.0,,,robotE,4.0,0.07626876238311828,0.2388180293127401,-0.13772352448319714,0.06069173528830637,-0.230503696044273,-0.1129790024067859,0.020149603204832695,1.4471173060308755
276,robotA,0.0,0.0,,,robotA,4.0,0.09034084014000109,-0.11456831778706447,0.6879576265478746,-0.07651424391752612,0.6154230339898314,-0.4885941146367613,0.5736382514578493,-2.34831626139831
276,robotB,0.0,0.0,,,robotB,4.0,0.1083862293367577,0.3944995477698523,0.6775868945027069,0.3548344170955768,0.5695445887230086,0.5046429763550149,-0.10356230411909705,1.6032480963138875
276,robotC,0.0,0.0,,,robotA,4.0,0.051026448929812306,0.5835442398960665,0.3035951913542434,0.40410590526036827,0.04538755078194557,0.13000680038584378,-0.24492964590700128,1.3489742196176457
276,robotD,0.0,0.0,,,robotD,4.0,0.08400169384768205,0.22273741020355367,0.4179939797521564,0.19424234513530447,0.33227869645100266,0.22909109984627188,0.36740446559553386,2.819436324370815
276,robotE,0.0,0.0,,,robotD,4.0,0.15819941395692344,0.18879043911521706,-0.1376717152715919,-0.1830729934013165,-0.2078909558864602,-0.10695164636854548,0.0685855094242406,1.4466825577961215
277,robotA,0.0,0.0,,,robotA,4.0,0.08177834049300316,-0.11426322876089128,0.6879675797330157,-0.07515276967574609,0.613130493968617,-0.4889698605271906,0.5732350564591518,-2.3483054973579933
277,robotB,0.0,0.0,,,robotB,4.0,0.11510786638178994,0.39450158525493284,0.6776016878566858,0.3580240938181744,0.5753435274037741,0.504642709817884,-0.10355139078025068,1.603241011800707
277,robotC,0.0,0.0,,,,,0.3056374344257025,0.5674837964327341,0.30369338888553205,,,0.13001297781243948,-0.24487286965327604,1.348988786614087
277,robotD,0.0,0.0,,,robotD,4.0,0.09033562590625731,0.22269128297252744,0.41801773798873554,0.19656448024261877,0.34137127568806563,0.22901110805458305,0.3674306372551511,2.819417253811615
277,robotE,0.0,0.0,,,robotD,4.0,0.3326290253947007,0.1420443732353863,-0.13760037012816542,-0.1978276868061383,-0.21112059835957953,-0.10697369399958936,0.0683999012984726,1.4466527979929413
278,robotA,0.0,0.0,,,robotA,3.0,0.08456580087990091,-0.11455599012290693,0.6879553621399107,-0.07262687123524,0.5834070324355884,-0.48860194420002323,0.5736225540674034,-2.3483485608053316
278,robotB,0.0,0.0,,,robotB,4.0,0.10857014177063365,0.39449500370910123,0.6776047048653278,0.3585682129971496,0.5762168861589448,0.504640756282067,-0.10350567155739059,1.6032395762580405
278,robotC,0.0,0.0,,,robotA,3.0,0.3056235964781919,0.5674770857975162,0.30368125975327004,0.41949765991934523,0.09688276826592723,0.13003465779825402,-0.2447597426862168,1.3489929225926967
278,robotD,0.0,0.0,,,robotD,4.0,0.08096448225912724,0.22263933473693479,0.41802210314993177,0.18995456402326233,0.32919403342614456,0.22907122239588032,0.367411997077172,2.8194115311055103
278,robotE,0.0,0.0,,,robotD,4.0,0.34783363064710854,0.14214684302069422,-0.1375981277932738,-0.19993674439369294,-0.20962845599862012,-0.10698416546809783,0.06830472769052803,1.446635013121554
279,robotA,0.0,0.0,,,robotA,4.0,0.11254913072072485,-0.11429817042702026,0.6879575448669485,-0.07518561062815012,0.6138547321033043,-0.48894973084021787,0.5732580018000345,-2.34833628550885
279,robotB,0.0,0.0,,,robotB,4.0,0.10755650159226271,0.39446749628473005,0.6776054579715729,0.3569733653720912,0.5735878103217831,0.5046445175075921,-0.10358595747801509,1.6032358677824168
279,robotC,0.0,0.0,,,,,0.2542398241779724,0.5673955447752224,0.3036776034364509,,,0.1299845602203682,-0.2449930195004305,1.3489851201133163
279,robotD,0.0,0.0,,,robotD,4.0,0.0946613672707296,0.2226664579497515,0.418023681907415,0.19650204868548465,0.34128619150729117,0.22904008749539576,0.36742190708531464,2.8194109844181714
279,robotE,0.0,0.0,,,robotD,4.0,0.3495287896494943,0.14208916716428957,-0.13759616728882304,-0.19812600305639713,-0.2114806879665606,-0.10694089096810375,0.06869871825101954,1.4466252151533865
280,robotA,0.0,0.0,,,robotA,3.0,0.08390741768612651,-0.11455755704969327,0.6879513216181614,-0.07282933270209137,0.5853370425901072,-0.4886209918028327,0.5735960188302147,-2.3483708062074005
280,robotB,0.0,0.0,,,robotB,4.0,0.11058463496132301,0.3945098520011058,0.6776069127072529,0.3605579445554954,0.5756132208061187,0.5046402758754525,-0.10349154899543898,1.6032366160136509
280,robotC,0.0,0.0,,,,,0.25431743132362705,0.5675254438939443,0.30368008702663357,,,0.13004100386292705,-0.24472587436668763,1.3489918247761115
280,robotD,0.0,0.0,,,robotD,4.0,0.0810713437926621,0.22265350196054418,0.4180238242304237,0.18805456021662004,0.32593959258335464,0.22904096356831435,0.3674217754451643,2.8194098794683256
280,robotE,0.0,0.0,,,robotD,4.0,0.3479904328017312,0.14193067140399213,-0.13759699912743314,-0.20118416015549728,-0.20904599922851957,-0.10701094136479927,0.06809062859426776,1.44658502995495
281,robotA,0.0,0.0,,,robotA,4.0,0.11069175556980433,-0.11433875751326746,0.6879510397004948,-0.07507091674723224,0.6120996010889064,-0.4888977478502604,0.5733121011123316,-2.348365770903072
281,robotB,0.0,0.0,,,robotB,4.0,0.10748055337512942,0.3944603079197571,0.677606843705502,0.35708391450954163,0.5736222609700277,0.5046441129721285,-0.10357684252870582,1.6032333255280593
281,robotC,0.0,0.0,,,robotA,3.0,0.2542356075228337,0.5673872635282501,0.3036783419054646,0.41788631350456135,0.0982224297091711,0.12996446182075744,-0.24507993546956258,1.3489814722750308
281,robotD,0.0,0.0,,,robotD,4.0,0.09836797589205809,0.22264788913966277,0.4180241204646588,0.19637329467944825,0.3409862214683875,0.22906969213830677,0.367412530455383,2.81940806681497
281,robotE,0.0,0.0,,,robotD,4.0,0.35074886751251305,0.14220915320954686,-0.13759111557815595,-0.19646748683477408,-0.2096343274557119,-0.10693704304701848,0.06874912081030596,1.446591472160636
282,robotA,0.0,0.0,,,robotA,3.0,0.0855000685059157,-0.11453423314702907,0.6879475303503292,-0.07229167615180232,0.5814717682332499,-0.4886952327291674,0.573516692845262,-2.34838981169799
282,robotB,0.0,0.0,,,robotB,4.0,0.11051249025230016,0.3945006350430225,0.6776078346150489,0.3603715187046219,0.5753801939117498,0.5046417371826639,-0.10352367873714204,1.6032332727438008
282,robotC,0.0,0.0,,,,,0.2541892222138187,0.5675485356135945,0.30368137929047434,,,0.13009270991924987,-0.24447753863013566,1.34898626311432
282,robotD,0.0,0.0,,,robotD,4.0,0.08140197901738394,0.2226671081290041,0.41802463761401293,0.189156833190819,0.32788045691501455,0.22902192698338877,0.3674280320285226,2.819408008927274
282,robotE,0.0,0.0,,,robotD,4.0,0.3459460357402814,0.1418947808005264,-0.1375952027725692,-0.20195489046834406,-0.2099129307430893,-0.10701867299698614,0.06805400531028091,1.4465527438831747
283,robotA,0.0,0.0,,,robotA,4.0,0.11450273933766753,-0.1144144782020765,0.6879449895767559,-0.07531555364468798,0.6140227283390242,-0.4887878557534232,0.5734113216713425,-2.3483981884971676
283,robotB,0.0,0.0,,,robotB,4.0,0.1077664640914949,0.39447548869467175,0.6776080277619357,0.3578295944050503,0.5750331325691913,0.504642156296234,-0.10353669187891569,1.6032318527558853
283,robotC,0.0,0.0,,,robotA,3.0,0.25402350238975624,0.5672635949041915,0.3036837826883,0.41800541504301714,0.09817866990539827,0.12995260756633764,-0.24513143409176785,1.3489632946175365
283,robotD,0.0,0.0,,,robotD,4.0,0.09616177195785158,0.22263971420538714,0.4180246917003746,0.1971278144577254,0.342279950788816,0.22907399256991265,0.36741131012758255,2.819405575118559
283,robotE,0.0,0.0,,,robotD,4.0,0.3517093356777224,0.14223819069805282,-0.13759018411350563,-0.19708635832400714,-0.2102283392335787,-0.10694015087960379,0.06871425146323135,1.4465638752862893
284,robotA,0.0,0.5,,,robotA,3.0,0.08364988572874511,-0.11447786776895476,0.6879390089195861,-0.07223255241895787,0.5812601999735248,-0.4883159833920797,0.573710706013335,-2.1637294844935355
284,robotB,0.0,0.0,,,robotB,4.0,0.10892590127584821,0.39447866118231806,0.6776084603683808,0.35676194175260206,0.573539852015271,0.5046431947436401,-0.10356137386007087,1.6032301468136176
284,robotC,0.0,0.0,,,,,0.25418018710491314,0.5675797019372446,0.3036904705806198,,,0.13008650268969396,-0.24451812442076398,1.3489789289758067
284,robotD,0.0,0.0,,,robotD,4.0,0.07993464509978744,0.22266621981207482,0.4180251640975519,0.18926637300064328,0.3281776808389222,0.22903292055653565,0.36742433505415373,2.8194053905267844
284,robotE,0.0,0.0,,,robotE,4.0,0.3466905695818718,0.14190957478518726,-0.1375915140522065,0.09213131778237711,-0.08823392927544135,-0.10701898423473241,0.06807407739001296,1.4465285819159215
285,robotA,0.05,0.0,,,robotA,3.0,0.15538935833699072,0.032082368972720064,0.6964307251066064,-0.019346035399861482,0.5876542680581607,-0.5135653179292766,0.5498449067560585,-1.8075870443702187
285,robotB,0.05,0.0,,,robotB,4.0,0.11069840860859206,0.3944944712746679,0.6776090303743858,0.3575404512249189,0.5747112629552498,0.5032917132535679,-0.06175324690406146,1.6029710356922182
285,robotC,0.0,0.0,,,,,0.2539998935210911,0.5672778322612156,0.3036870428894732,,,0.12995334026034233,-0.24512772061942084,1.3489617315211202
285,robotD,0.05,0.0,,,robotD,4.0,0.09584802871401282,0.22264678268112584,0.41802528992188764,0.19707596929675203,0.3423261067180981,0.22905446638299856,0.3674175057749073,2.8194035723999087
285,robotE,0.0,0.0,,,robotD,4.0,0.07032894617229458,0.14223374870839264,-0.13758883870712155,-0.19826194275840997,-0.21153909595629264,-0.10694819047516727,0.0686713537805123,1.4465368659939295
286,robotA,0.05,0.0,,,robotA,3.0,0.2511317727991409,0.22309608448628218,0.6531446170750353,0.23293298829878223,0.5428208133384903,-0.5477933887441988,0.492950500383865,-1.8150077883565159
286,robotB,0.05,0.0,,,robotB,4.0,0.10317466052854204,0.35149611861401403,0.6777087222368682,0.3276611971063601,0.5772768986618603,0.5017170142234088,-0.01254852971708547,1.6026231949934044
286,robotC,0.05,0.0,,,,,0.2541785265710998,0.5675769411828107,0.30369042610943725,,,0.13704835552650674,-0.21365573883408606,1.3488495479656826
286,robotD,0.05,0.0,,,robotD,4.0,0.07921740084884672,0.22042948373287308,0.41802293598279555,0.1880266348509431,0.3259161032259023,0.1813573619179458,0.38334757512444895,2.819100669146413
286,robotE,0.05,0.0,,,robotE,4.0,0.34814017907476164,0.14193379386902497,-0.13759016042153302,0.0911747052834802,-0.08848004662359994,-0.10688573128772821,0.06915853973645557,1.446509334128017
287,robotA,0.05,0.0,,,robotA,3.0,0.13269071604577953,0.16399552388109295,0.6561982896042879,0.17127163035115528,0.5450920710451091,-0.5544904957023351,0.46513501042572347,-1.6497766048557307
287,robotB,0.05,0.0,,,robotB,4.0,0.1039473015244479,0.30129322249716933,0.6778242576984037,0.3975830812792689,0.5188541939979312,0.5001538967449698,0.03679305923260078,1.6023029496337375
287,robotC,0.05,0.0,,,,,0.235830311160094,0.5335540644440218,0.30376185327278965,,,0.14778256611630985,-0.1661448258658132,1.3484527123963472
287,robotD,0.05,0.0,,,robotD,4.0,0.09385520978163804,0.1703307548098574,0.4180879874028399,0.15082153578783816,0.32416267016603106,0.13460669745728784,0.39897870347427666,2.818745298494783
287,robotE,0.05,0.0,,,robotD,4.0,0.0685967351627931,0.13907118121856737,-0.13758645830266672,-0.16391838202689668,-0.21703545762725227,-0.1004957803710673,0.12026425770952338,1.44619403505918
288,robotA,0.05,0.0,,,robotA,3.0,0.1144462046357232,0.26059712340907976,0.6166384898617105,0.1846782727588899,0.5263905411548397,-0.5404754545510678,0.42323427859982926,-1.6087582129401008
288,robotB,0.05,0.0,,,robotA,4.0,0.2162784428607945,0.2510356420874296,0.6779146004874285,0.05487377249210606,0.3104086107459343,0.49936726640966095,0.053487437820777924,1.6034792021547468
288,robotC,0.05,0.0,,,,,0.21604330851486364,0.48377377939529953,0.3039679636125151,,,0.15912004760624038,-0.11601316228935549,1.3481855069800026
288,robotD,0.05,0.0,,,robotD,4.0,0.09884640217306158,0.12018271270281376,0.4181407194250107,0.1097313524000863,0.3182091196069023,0.08786339043643676,0.4146252504121418,2.8184280666320114
288,robotE,0.05,0.0,,,robotE,4.0,0.2649754463490332,0.08885429010895524,-0.1375498401284211,0.06018663391261511,-0.0979007742640026,-0.09442926827218048,0.16862223286218014,1.4458593847907966
289,robotA,0.05,0.0,,,robotA,3.0,0.09284411809654497,0.21847288831737594,0.6128657065168056,0.2143376532053233,0.4941334826826093,-0.5310334621510456,0.377736054861894,-1.6147215139831723
289,robotB,0.05,0.0,,,robotA,4.0,0.3955017085496861,0.20081608170255819,0.6779986593708142,0.057270419093919556,0.30619146230300004,0.49745670821652693,0.07846389623298457,1.7359218171066355
289,robotC,0.05,0.0,,,robotB,3.0,0.20648881859819154,0.4335131659422518,0.30408433245046806,0.2653009438172407,0.27642930760882517,0.16118617920017808,-0.14958655656224412,1.33520232555681
289,robotD,0.05,0.0,,,robotD,4.0,0.10755134729498746,0.0700484242292124,0.4181719002642663,0.07048000390497375,0.3128335462591126,0.0395124351131492,0.4308278798217724,2.8180601051087337
289,robotE,0.05,0.0,,,robotE,4.0,0.044838739025694886,0.03920700210363242,-0.13752863777661067,0.025877873789966133,-0.08645162330843055,-0.10648154513765368,0.19599524201105034,1.4522403588401789
290,robotA,0.05,0.0,,,robotC,4.0,0.12922541994123032,0.16564866289377903,0.6138355769893911,0.01657989210095588,0.22425510455685688,-0.5331943794742247,0.3284506220122431,-1.615007575537573
290,robotB,0.05,0.0,,,robotA,5.0,0.3945696000439879,0.2568586844169279,0.6465584607388428,0.08465857841173903,0.29941193169532326,0.49026717930614344,0.12722413682667302,1.7140706372534014
290,robotC,0.05,0.0,,,robotD,3.0,0.12144206217303638,0.38350958418968534,0.3042661861360179,0.18532222905633644,0.010526162729445038,0.1727330877182657,-0.10150136808060312,1.3349777746012337
290,robotD,0.05,0.0,,,robotD,5.0,0.11686880701688981,0.019896912548965227,0.41818851255126577,0.03590355801137695,0.34473001292760524,0.03600157079018265,0.4306151366945148,2.83045952739527
290,robotE,0.0,0.5,,,robotE,4.0,0.06297232583590391,-0.010956922715476667,-0.1375271711526375,-0.010457028117953172,-0.09418561858116513,-0.1031625157199429,0.22531066453339135,1.618252758091076
291,robotA,0.05,0.0,,,robotA,3.0,0.40196675037268936,0.11547712443772867,0.6138659435248024,0.09592363225198922,0.3182807914248172,-0.5353807643100653,0.27916173313482173,-1.6153517204834775
291,robotB,0.05,0.0,,,robotA,3.0,0.36921205768572146,0.18413661796547381,0.6549701733197724,0.09307250785352561,0.29000455447823326,0.48299935445099956,0.17768650947969464,1.713436118284755
291,robotC,0.05,0.0,,,robotD,4.0,0.32902798769319686,0.3334043433275736,0.3043477142167292,0.1824607512249993,0.018583057375975362,0.18466073157393428,-0.05191536344501432,1.3345205749502176
291,robotD,0.05,0.0,,,robotD,5.0,0.09884774789386255,-0.030239047576420493,0.41818770816605977,-0.0018070425265703793,0.3058347312146932,0.024273083989710634,0.4321460662423394,2.8405068683507366
291,robotE,0.0,0.5,,,robotB,4.0,0.06276840671395639,-0.06325378710645264,-0.1281322696931518,-0.08209394645458802,-0.3313919203949597,-0.10994251998911142,0.220473469609331,2.1095551181267695
292,robotA,0.05,0.0,,,robotC,3.0,0.3034024995811823,0.05884505309837206,0.6194090958401581,-0.02066243190851353,0.18349097505496006,-0.5376562606924431,0.22834955368168258,-1.6156175250710438
292,robotB,0.05,0.0,,,robotA,3.0,0.36150407452837324,0.13946966802051314,0.6485188490733785,0.08299232704101107,0.2889874840214873,0.47598919922579336,0.22653546809530747,1.7131277754415117
292,robotC,0.05,0.0,,,robotC,5.0,0.2998577020636065,0.2893939775885528,0.29872574706526145,0.23780945765279277,0.21769748372001957,0.19617020046407158,-0.004148108971821218,1.3342656006223261
292,robotD,0.05,0.0,,,robotD,4.0,0.1357134684275309,-0.08623994523392035,0.41208552157900813,-0.04343456966332565,0.30099072506721525,-0.014725579172166534,0.4435143424644641,2.9587955269478945
292,robotE,0.05,0.0,,,robotD,4.0,0.2401151441246541,-0.11304573903190533,-0.09328003708323973,0.14781394108768914,0.07509502489155954,-0.12427817617745227,0.23366771764126143,2.427867319818145
293,robotA,0.05,0.0,,,robotC,3.0,0.4436762410269095,5.402871862218843e-05,0.6266832979925901,-0.03404362980069656,0.16627806570168843,-0.5398793264997207,0.1789444061513742,-1.6159566398777094
293,robotB,0.05,0.0,,,robotB,3.0,0.35127705520066704,0.0966444146826671,0.6399991505134673,0.08827066303842573,0.4458353050016849,0.4687740744938,0.2769435837377745,1.7127974893557685
293,robotC,0.05,0.0,,,robotC,4.0,0.07417876844950932,0.2478189037892763,0.29119782845884884,0.19633622101069959,0.20299241457280445,0.2077910657293604,0.04403322044640971,1.3338726011555717
293,robotD,0.05,0.0,,,robotD,4.0,0.12097771581172148,-0.07666360352793881,0.41731543882764555,-0.06126521444666812,0.2940167606562818,-0.06313586795332048,0.45275349440838675,2.9497915779183677
293,robotE,0.05,0.0,,,robotD,4.0,0.33733732226118446,-0.15799934591600234,-0.0672942390377973,0.16078603441822167,0.03241178062654708,-0.1400605914883728,0.25534417087433,2.5115242468818413
294,robotA,0.0,0.0,,,robotB,3.0,0.4606819207494797,-0.05024207093691224,0.6266751145738402,-0.1413598094510165,0.19035531341969308,-0.5412785324837441,0.18260604281688508,-1.5995509530112546
294,robotB,0.05,0.0,,,robotB,3.0,0.1986334128673164,0.04648017081157971,0.6400228109508466,0.05725169163696949,0.4543873368778384,0.4762704051089217,0.26027607240846146,1.6881869268944656
294,robotC,0.05,0.0,,,robotC,4.0,0.08830050798954422,0.19755145875769903,0.2912845597977894,0.1640450613711668,0.20709767087311437,0.2130427419297914,0.04596950854238128,1.3301457479534018
294,robotD,0.05,0.0,,,robotD,4.0,0.1436038077790721,-0.13909145049935265,0.4147028434932043,-0.07830444055151849,0.3009505217984301,-0.11319319699244401,0.46250302943903165,2.948882628168128
294,robotE,0.0,0.5,,,robotD,3.0,0.3631419373797331,-0.19579830048041422,-0.03628813777808758,0.1502405272801001,0.042701417836893935,-0.15673251064727384,0.2643662036184518,2.8026840626286775
295,robotA,0.0,0.0,,,robotB,3.0,0.4410235714793784,-0.07702132504294204,0.6266606537772211,-0.15581686499024777,0.16727571469022778,-0.5412797932037605,0.18253018307822438,-1.599538556733971
295,robotB,0.0,0.0,,,robotB,4.0,0.19541248800582475,-0.003762879986609135,0.6400301727703602,0.02059777806573269,0.5281727746246332,0.4751984667126844,0.26937137838783737,1.688223092805453
295,robotC,0.05,0.0,,,robotC,4.0,0.08582409325527848,0.14762558541816553,0.2913364730519176,0.12614386446944437,0.2067354468190963,0.22042768687536912,0.06175199983182168,1.3275250136298877
295,robotD,0.0,0.0,,,robotD,4.0,0.15882266644278478,-0.18919473042532473,0.41465181021548947,-0.11414378392285814,0.297651204957428,-0.16158969615113744,0.4719512964213831,2.9485889287013105
295,robotE,0.0,0.5,,,robotE,4.0,0.3670683795849086,-0.2161696277287295,0.020728853182397106,-0.13834870322781861,0.01828169947559168,-0.1725348169858569,0.2590005499683142,3.0457068524621445
296,robotA,0.0,0.0,,,robotB,3.0,0.46609038008882947,-0.07704360200120881,0.6266611905701354,-0.147969228309558,0.15135658690971257,-0.5412796911515925,0.18253685435002098,-1.599534957602156
296,robotB,0.0,0.0,,,robotB,3.0,0.1773329269476144,-0.010716621308731083,0.6400310339553636,0.012453141519686468,0.46421826686979945,0.475195997267582,0.2693915342954757,1.6881998598692394
296,robotC,0.0,0.0,,,robotC,5.0,0.08238930261354875,0.09691447083861311,0.2913711187259829,0.08765741504575447,0.20950351766674327,0.2254655433636606,0.08203506749004037,1.3273556915366043
296,robotD,0.0,0.0,,,robotB,4.0,0.2718511135480688,-0.23681967862596912,0.41462044156298655,-0.3444041297588024,0.16496344924798648,-0.09387957360669542,0.47669908434614516,2.9545210852447905
296,robotE,0.0,0.0,,,robotD,4.0,0.3944721254140268,-0.22492716903787568,0.07035136278428694,0.15940733426128317,-0.018503841353954595,-0.16194359414989426,0.26198946711371224,-2.703412999494494
297,robotA,0.0,0.0,,,robotB,3.0,0.4805660605193814,-0.07705280295783391,0.6266613303516975,-0.14908566435638215,0.1483650647224527,-0.5412788230822769,0.18258443877374717,-1.5995351607723565
297,robotB,0.0,0.0,,,robotB,4.0,0.1773356410864302,-0.01073959425944402,0.6400307425551576,0.014750116309243876,0.5299781279263118,0.4751963021665837,0.2693887058191353,1.6881968715939555
297,robotC,0.0,0.0,,,robotC,5.0,0.08228120248298285,0.07952595639671815,0.29138193767033543,0.07299091182039658,0.2087356976371505,0.2254978211254347,0.08218727245512514,1.3273445761648448
297,robotD,0.0,0.0,,,robotB,4.0,0.27181839168329724,-0.2368772587185217,0.41460961897943105,-0.3459891742247331,0.15830263968803912,-0.09393080813341605,0.47670880746050426,2.9545090496585327
297,robotE,0.0,0.0,,,robotE,4.0,0.3684404528857838,-0.15244151339269912,0.17770692170343946,-0.09701857668256637,0.10717415671288262,-0.1762031088192467,0.28153264816038054,-2.6751864564208314
298,robotA,0.0,0.0,,,robotC,4.0,0.48369548760490677,-0.07701891951905597,0.6266617394107682,-0.07156085382137409,0.09523220167150319,-0.5412801777251228,0.18249960155126382,-1.5995299772582914
298,robotB,0.0,0.0,,,robotB,4.0,0.11296646503315466,-0.010742247165199047,0.640030668226724,0.01619880642155239,0.5282087188118725,0.47519691600295744,0.26938253250164196,1.6881968459550034
298,robotC,0.0,0.0,,,robotC,5.0,0.08290215175665828,0.07949891692138818,0.29138200811432463,0.07339752723840112,0.20772932492067325,0.225490767567264,0.08214781578701684,1.3273408498197152
298,robotD,0.0,0.0,,,robotB,4.0,0.2785482889437987,-0.23691474082298986,0.41460698466019646,-0.3467014121367246,0.15862840395905498,-0.09387301077627914,0.4766988746396449,2.954505607900235
298,robotE,0.0,0.0,,,robotC,4.0,0.09000297218497219,-0.14967088971454373,0.18016914924327163,-0.1056644739349046,0.14828973691653166,-0.18932057729164561,0.27359909438366603,-2.6591790699434092
299,robotA,0.0,0.0,,,robotC,4.0,0.531457538196424,-0.07706360702063157,0.626661251134394,-0.08795656908391615,0.09461951446504653,-0.5412785038901955,0.18259421801352277,-1.599532753844316
299,robotB,0.0,0.0,,,robotB,4.0,0.11502036077237343,-0.010737019052856489,0.6400306518045513,0.016362565350495496,0.529616203973506,0.4751952077194743,0.269396416827662,1.68819755769603
299,robotC,0.0,0.0,,,robotC,5.0,0.08387248921235001,0.07946507087495729,0.29138205566447056,0.07342378800816429,0.2096820568000042,0.22547012074164674,0.08205547491308131,1.3273161586987485
299,robotD,0.0,0.0,,,robotB,4.0,0.2785400964433656,-0.23688608376492157,0.4146072682843591,-0.3476686740993011,0.1590643112509868,-0.09392521768818331,0.4767079743293552,2.954508182080276
299,robotE,0.0,0.0,,,robotC,4.0,0.05495865761546467,-0.1508436475856638,0.17958344738890003,-0.10712058621044318,0.15064085218395193,-0.1885915584085213,0.27399849142642496,-2.6591793432068687
300,robotA,0.0,0.0,,,robotB,4.0,0.5321546798727547,-0.07701675408599447,0.6266617343670814,-0.15084087584253522,0.14741838849339006,-0.5412796401004467,0.18251439659447524,-1.5995276767566993
300,robotB,0.0,0.0,,,robotB,4.0,0.11369320096841685,-0.010744990675021106,0.6400305343512621,0.016226612898199426,0.528372502959944,0.4751975339582746,0.2693788327379714,1.688197134552606
300,robotC,0.0,0.0,,,robotC,5.0,0.0819322768654012,0.07955030259772863,0.2913849564507058,0.07374707959797638,0.20881702519602652,0.22551585196227564,0.0822585362305171,1.3273221752004334
300,robotD,0.0,0.0,,,robotB,4.0,0.2785139452025781,-0.23690847028755177,0.41460725269896426,-0.3468183726026786,0.15866411722394688,-0.09389233657405296,0.47670216616155126,2.9545077243460174
300,robotE,0.0,0.0,,,robotC,4.0,0.05206787406342031,-0.15039262481831497,0.17959934289398466,-0.10544626666235478,0.14801630177056901,-0.18902952576361606,0.2737513634902493,-2.6591729147254632
