[INFO] [launch]: All log files can be found below /home/phlinke/.ros/log/2024-10-16-16-56-45-804032-pinky-88764
[INFO] [launch]: Default logging verbosity is set to INFO
[INFO] [gzserver-1]: process started with pid [88767]
[INFO] [ros2-2]: process started with pid [88769]
[INFO] [command_node-3]: process started with pid [88771]
[INFO] [nav2_gazebo_spawner-4]: process started with pid [88773]
[INFO] [robot_state_publisher-5]: process started with pid [88775]
[INFO] [map_server-6]: process started with pid [88777]
[INFO] [amcl-7]: process started with pid [88779]
[INFO] [lifecycle_manager-8]: process started with pid [88781]
[INFO] [static_transform_publisher-9]: process started with pid [88783]
[INFO] [local_tf_pub-10]: process started with pid [88785]
[INFO] [global_to_local_tf_pub-11]: process started with pid [88787]
[INFO] [ccr_goal_provider-12]: process started with pid [88789]
[INFO] [dwa-13]: process started with pid [88791]
[INFO] [ccr_local_planner-14]: process started with pid [88793]
[INFO] [ccr_centralized_planner-15]: process started with pid [88796]
[robot_state_publisher-5] [WARN] [1729090606.307906143] [robotA.robot_state_publisher]: No robot_description parameter, but command-line argument available.  Assuming argument is name of URDF file.  This backwards compatibility fallback will be removed in the future.
[static_transform_publisher-9] [INFO] [1729090606.310864542] [robotA.world_map_tf_static_pub]: Spinning until stopped - publishing transform
[static_transform_publisher-9] translation: ('0.000000', '0.000000', '0.000000')
[static_transform_publisher-9] rotation: ('0.000000', '0.000000', '0.000000', '1.000000')
[static_transform_publisher-9] from 'world' to 'map'
[lifecycle_manager-8] [INFO] [1729090606.312356190] [robotA.lifecycle_manager_localization]: Creating
[lifecycle_manager-8] [INFO] [1729090606.313743793] [robotA.lifecycle_manager_localization]: [34m[1mCreating and initializing lifecycle service clients[0m[0m
[amcl-7] [INFO] [1729090606.314966911] [robotA.amcl]: 
[amcl-7] 	amcl lifecycle node launched. 
[amcl-7] 	Waiting on external lifecycle transitions to activate
[amcl-7] 	See https://design.ros2.org/articles/node_lifecycle.html for more information.
[amcl-7] [INFO] [1729090606.317099882] [robotA.amcl]: Creating
[map_server-6] [INFO] [1729090606.327210939] [robotA.map_server]: 
[map_server-6] 	map_server lifecycle node launched. 
[map_server-6] 	Waiting on external lifecycle transitions to activate
[map_server-6] 	See https://design.ros2.org/articles/node_lifecycle.html for more information.
[map_server-6] [INFO] [1729090606.327286950] [robotA.map_server]: Creating
[lifecycle_manager-8] [INFO] [1729090606.327473979] [robotA.lifecycle_manager_localization]: [34m[1mStarting managed nodes bringup...[0m[0m
[lifecycle_manager-8] [INFO] [1729090606.327563195] [robotA.lifecycle_manager_localization]: [34m[1mConfiguring map_server[0m[0m
[map_server-6] [INFO] [1729090606.344772519] [robotA.map_server]: Configuring
[map_server-6] [INFO] [map_io]: Loading yaml file: /home/phlinke/ros/driving_swarm_infrastructure/install/driving_swarm_bringup/share/driving_swarm_bringup/maps/icra2024.yaml
[map_server-6] [DEBUG] [map_io]: resolution: 0.05
[map_server-6] [DEBUG] [map_io]: origin[0]: -3.68
[map_server-6] [DEBUG] [map_io]: origin[1]: -3.7
[map_server-6] [DEBUG] [map_io]: origin[2]: 0
[map_server-6] [DEBUG] [map_io]: free_thresh: 0.25
[map_server-6] [DEBUG] [map_io]: occupied_thresh: 0.65
[map_server-6] [DEBUG] [map_io]: mode: trinary
[map_server-6] [DEBUG] [map_io]: negate: 0
[map_server-6] [INFO] [map_io]: Loading image_file: /home/phlinke/ros/driving_swarm_infrastructure/install/driving_swarm_bringup/share/driving_swarm_bringup/maps/icra2024.pgm
[map_server-6] [DEBUG] [map_io]: Read map /home/phlinke/ros/driving_swarm_infrastructure/install/driving_swarm_bringup/share/driving_swarm_bringup/maps/icra2024.pgm: 154 X 132 map @ 0.05 m/cell
[robot_state_publisher-5] [INFO] [1729090606.350799291] [robotA.robot_state_publisher]: got segment base_footprint
[robot_state_publisher-5] [INFO] [1729090606.350856517] [robotA.robot_state_publisher]: got segment base_link
[robot_state_publisher-5] [INFO] [1729090606.350872567] [robotA.robot_state_publisher]: got segment base_scan
[robot_state_publisher-5] [INFO] [1729090606.350888266] [robotA.robot_state_publisher]: got segment caster_back_link
[robot_state_publisher-5] [INFO] [1729090606.350902833] [robotA.robot_state_publisher]: got segment imu_link
[robot_state_publisher-5] [INFO] [1729090606.350916118] [robotA.robot_state_publisher]: got segment wheel_left_link
[robot_state_publisher-5] [INFO] [1729090606.350929763] [robotA.robot_state_publisher]: got segment wheel_right_link
[lifecycle_manager-8] [INFO] [1729090606.351118685] [robotA.lifecycle_manager_localization]: [34m[1mConfiguring amcl[0m[0m
[amcl-7] [INFO] [1729090606.351302257] [robotA.amcl]: Configuring
[amcl-7] [INFO] [1729090606.351425056] [robotA.amcl]: initTransforms
[amcl-7] [INFO] [1729090606.355532754] [robotA.amcl]: initPubSub
[amcl-7] [INFO] [1729090606.356988144] [robotA.amcl]: Subscribed to map topic.
[lifecycle_manager-8] [INFO] [1729090606.359103423] [robotA.lifecycle_manager_localization]: [34m[1mActivating map_server[0m[0m
[map_server-6] [INFO] [1729090606.359254615] [robotA.map_server]: Activating
[map_server-6] [INFO] [1729090606.359427306] [robotA.map_server]: Creating bond (map_server) to lifecycle manager.
[amcl-7] [INFO] [1729090606.359480986] [robotA.amcl]: Received a 154 X 132 map @ 0.050 m/pix
[lifecycle_manager-8] [INFO] [1729090606.461257073] [robotA.lifecycle_manager_localization]: Server map_server connected with bond.
[lifecycle_manager-8] [INFO] [1729090606.461338044] [robotA.lifecycle_manager_localization]: [34m[1mActivating amcl[0m[0m
[amcl-7] [INFO] [1729090606.461503772] [robotA.amcl]: Activating
[amcl-7] [INFO] [1729090606.461569404] [robotA.amcl]: Creating bond (amcl) to lifecycle manager.
[lifecycle_manager-8] [INFO] [1729090606.563199249] [robotA.lifecycle_manager_localization]: Server amcl connected with bond.
[lifecycle_manager-8] [INFO] [1729090606.563278606] [robotA.lifecycle_manager_localization]: [34m[1mManaged nodes are active[0m[0m
[lifecycle_manager-8] [INFO] [1729090606.563302130] [robotA.lifecycle_manager_localization]: [34m[1mCreating bond timer...[0m[0m
[ccr_goal_provider-12] /usr/lib/python3/dist-packages/scipy/__init__.py:146: UserWarning: A NumPy version >=1.17.3 and <1.25.0 is required for this version of SciPy (detected version 1.26.4
[ccr_goal_provider-12]   warnings.warn(f"A NumPy version >={np_minversion} and <{np_maxversion}"
[ccr_centralized_planner-15] /usr/lib/python3/dist-packages/scipy/__init__.py:146: UserWarning: A NumPy version >=1.17.3 and <1.25.0 is required for this version of SciPy (detected version 1.26.4
[ccr_centralized_planner-15]   warnings.warn(f"A NumPy version >={np_minversion} and <{np_maxversion}"
[local_tf_pub-10] [INFO] [1729090606.847003912] [robotA.local_tf_pub]: starting node [32mlocal_tf_pub[0m
[ccr_local_planner-14] /usr/lib/python3/dist-packages/scipy/__init__.py:146: UserWarning: A NumPy version >=1.17.3 and <1.25.0 is required for this version of SciPy (detected version 1.26.4
[ccr_local_planner-14]   warnings.warn(f"A NumPy version >={np_minversion} and <{np_maxversion}"
[gzserver-1] Gazebo multi-robot simulator, version 11.10.2
[gzserver-1] Copyright (C) 2012 Open Source Robotics Foundation.
[gzserver-1] Released under the Apache 2 License.
[gzserver-1] http://gazebosim.org
[gzserver-1] 
[command_node-3] [INFO] [1729090606.918020755] [command_node]: starting node [32mcommand_node[0m
[command_node-3] [INFO] [1729090606.921844966] [command_node]: subscribing /robotA/status
[command_node-3] [INFO] [1729090606.922474859] [command_node]: [32mready[0m
[nav2_gazebo_spawner-4] [INFO] [1729090606.931340837] [spawner_robotA]: starting node [32mspawner_robotA[0m
[nav2_gazebo_spawner-4] [INFO] [1729090606.934298594] [spawner_robotA]: Creating Service client to connect to `/spawn_entity`
[nav2_gazebo_spawner-4] [INFO] [1729090606.935118170] [spawner_robotA]: args=Namespace(robot_name='robotA', robot_namespace='robotA', x=2.5, y=1.0, z=0.0, yaw=0.0, turtlebot_type='burger', sdf=None)
[nav2_gazebo_spawner-4] [INFO] [1729090606.937623966] [spawner_robotA]: Connecting to `/spawn_entity` service...
[global_to_local_tf_pub-11] [INFO] [1729090606.967425888] [robotA.global_to_local_tf_pub]: starting node [32mlocal_to_global_tf_pub[0m
[dwa-13] [INFO] [1729090606.968688118] [robotA.trajectory_follower]: starting node [32mtrajectory_follower[0m
[dwa-13] [INFO] [1729090606.986691590] [robotA.trajectory_follower]: waiting for tf [33mrobotA[0m
[ros2-2] stdin is not a terminal device. Keyboard handling disabled.[INFO] [1729090607.027041131] [rosbag2_recorder]: Press SPACE for pausing/resuming
[ros2-2] [INFO] [1729090607.098071710] [rosbag2_storage]: Opened database 'rosbag_1 robots_2024-10-16_14:56:45/rosbag_1 robots_2024-10-16_14:56:45_0.db3' for READ_WRITE.
[ros2-2] [INFO] [1729090607.098230987] [rosbag2_recorder]: Event publisher thread: Starting
[ros2-2] [INFO] [1729090607.098703406] [rosbag2_recorder]: Listening for topics...
[ros2-2] [INFO] [1729090607.107147068] [rosbag2_recorder]: Subscribed to topic '/robotA/cmd_vel'
[ros2-2] [INFO] [1729090607.110108602] [rosbag2_recorder]: Subscribed to topic '/tf'
[ros2-2] [INFO] [1729090607.112922802] [rosbag2_recorder]: Subscribed to topic '/command'
[ros2-2] [INFO] [1729090607.229638016] [rosbag2_recorder]: Subscribed to topic '/clock'
[gzserver-1] Failed to create secure directory (/run/user/10543/pulse): No such file or directory
[gzserver-1] ALSA lib pcm_dmix.c:1032:(snd_pcm_dmix_open) unable to open slave
[gzserver-1] AL lib: (EE) ALCplaybackAlsa_open: Could not open playback device 'default': No such file or directory
[gzserver-1] [1;31m[Err] [OpenAL.cc:84] [0m[1;31mUnable to open audio device[[0m[1;31mdefault[0m[1;31m]
[gzserver-1]  Audio will be disabled.
[gzserver-1] [1;32m[Msg] [0m[1;32mWaiting for master.[0m[1;32m
[gzserver-1] [0m[1;32m[0m[1;32m[0m[1;32m[Msg] [0m[1;32mConnected to gazebo master @ [0m[1;32mhttp://127.0.0.1:1286[0m[1;32m
[gzserver-1] [0m[1;32m[0m[1;32m[0m[1;32m[Msg] [0m[1;32mPublicized address: [0m[1;32m10.61.10.110[0m[1;32m
[gzserver-1] [0m[1;32m[0m[1;32m[0m[1;32m[Msg] [0m[1;32mLoading world file [[0m[1;32m/home/phlinke/ros/driving_swarm_infrastructure/src/driving_swarm_bringup/worlds/icra2024.world[0m[1;32m][0m[1;32m
[nav2_gazebo_spawner-4] [INFO] [1729090608.190947712] [spawner_robotA]: ...connected!
[nav2_gazebo_spawner-4] [INFO] [1729090608.192400427] [spawner_robotA]: spawning `robotA` on namespace `robotA` at 2.5, 1.0, 0.0
[nav2_gazebo_spawner-4] [INFO] [1729090608.193761742] [spawner_robotA]: sdf: /opt/ros/humble/share/turtlebot3_gazebo/models/turtlebot3_burger/model.sdf
[nav2_gazebo_spawner-4] [INFO] [1729090608.196163393] [spawner_robotA]: Sending service request to `/spawn_entity`
[gzserver-1] [0m[INFO] [1729090608.236662643] [gazebo_ros_state]: Publishing states of gazebo models at [/model_states]
[gzserver-1] [INFO] [1729090608.237106018] [gazebo_ros_state]: Publishing states of gazebo links at [/link_states]
[gzserver-1] [INFO] [1729090608.300342534] [robotA.turtlebot3_imu]: <initial_orientation_as_reference> is unset, using default value of false to comply with REP 145 (world as orientation reference)
[nav2_gazebo_spawner-4] [INFO] [1729090608.370617867] [spawner_robotA]: lifecycle_msgs.srv.GetState_Response(current_state=lifecycle_msgs.msg.State(id=3, label='active'))
[ros2-2] [INFO] [1729090608.409693275] [rosbag2_recorder]: Subscribed to topic '/robotA/scan'
[gzserver-1] [INFO] [1729090608.475818791] [robotA.turtlebot3_diff_drive]: Wheel pair 1 separation set to [0.160000m]
[gzserver-1] [INFO] [1729090608.475867061] [robotA.turtlebot3_diff_drive]: Wheel pair 1 diameter set to [0.066000m]
[gzserver-1] [INFO] [1729090608.476316538] [robotA.turtlebot3_diff_drive]: Subscribed to [/robotA/cmd_vel]
[gzserver-1] [INFO] [1729090608.477183292] [robotA.turtlebot3_diff_drive]: Advertise odometry on [/robotA/odom]
[gzserver-1] [INFO] [1729090608.478493511] [robotA.turtlebot3_diff_drive]: Publishing odom transforms between [odom] and [base_footprint]
[gzserver-1] [INFO] [1729090608.485722562] [robotA.turtlebot3_joint_state]: Going to publish joint [wheel_left_joint]
[gzserver-1] [INFO] [1729090608.485763227] [robotA.turtlebot3_joint_state]: Going to publish joint [wheel_right_joint]
[amcl-7] [INFO] [1729090608.486387941] [robotA.amcl]: Message Filter dropping message: frame 'base_scan' at time 115.501 for reason 'the timestamp on the message is earlier than all the data in the transform cache'
[command_node-3] [INFO] [1729090608.487570282] [command_node]: robotA: None
[amcl-7] [INFO] [1729090608.530992895] [robotA.amcl]: createLaserObject
[amcl-7] [WARN] [1729090608.547800901] [robotA.amcl]: AMCL cannot publish a pose or update the transform. Please set the initial pose...
[amcl-7] [WARN] [1729090609.023970899] [robotA.amcl]: AMCL cannot publish a pose or update the transform. Please set the initial pose...
[command_node-3] [INFO] [1729090609.489346186] [command_node]: robotA: None
[amcl-7] [WARN] [1729090609.515047622] [robotA.amcl]: AMCL cannot publish a pose or update the transform. Please set the initial pose...
[ccr_goal_provider-12] [INFO] [1729090609.854693382] [ccr_goal_provider]: starting node [32mccr_goal_provider[0m
[ccr_goal_provider-12] [INFO] [1729090609.856379892] [ccr_goal_provider]: loading graph from /home/phlinke/ros/driving_swarm_infrastructure/install/driving_swarm_bringup/share/driving_swarm_bringup/maps/icra2024.yaml
[ccr_goal_provider-12] [INFO] [1729090609.857305055] [ccr_goal_provider]: generating square graph with grid size 0.5 and working area (-2.25, 2.75)x(-1.75, 1.25)
[ccr_centralized_planner-15] [INFO] [1729090609.877269819] [ccr_centralized_planner]: starting node [32mccr_centralized_planner[0m
[ccr_centralized_planner-15] [INFO] [1729090609.878969193] [ccr_centralized_planner]: loading graph from /home/phlinke/ros/driving_swarm_infrastructure/install/driving_swarm_bringup/share/driving_swarm_bringup/maps/icra2024.yaml
[ccr_centralized_planner-15] [INFO] [1729090609.879662113] [ccr_centralized_planner]: generating square graph with grid size 0.5 and working area (-2.25, 2.75)x(-1.75, 1.25)
[amcl-7] [WARN] [1729090609.999599707] [robotA.amcl]: AMCL cannot publish a pose or update the transform. Please set the initial pose...
[ccr_local_planner-14] [INFO] [1729090610.006095412] [robotA.ccr_local_planner]: starting node [32mccr_local_planner[0m
[ccr_local_planner-14] [INFO] [1729090610.012118166] [robotA.ccr_local_planner]: loading graph from /home/phlinke/ros/driving_swarm_infrastructure/install/driving_swarm_bringup/share/driving_swarm_bringup/maps/icra2024.yaml
[ccr_local_planner-14] [INFO] [1729090610.017138424] [robotA.ccr_local_planner]: generating square graph with grid size 0.5 and working area (-2.25, 2.75)x(-1.75, 1.25)
[ros2-2] [INFO] [1729090610.035828836] [rosbag2_recorder]: Subscribed to topic '/robotA/status'
[amcl-7] [WARN] [1729090610.530958145] [robotA.amcl]: AMCL cannot publish a pose or update the transform. Please set the initial pose...
[ccr_goal_provider-12] [INFO] [1729090610.563937603] [ccr_goal_provider]: read waypoints from /home/phlinke/ros/driving_swarm_infrastructure/install/driving_swarm_bringup/share/driving_swarm_bringup/params/icra2024_waypoints.yaml
[ccr_goal_provider-12] [INFO] [1729090610.571655343] [ccr_goal_provider]: goals: {'robotA': [9, 1]}
[ccr_centralized_planner-15] [INFO] [1729090610.591851327] [ccr_centralized_planner]: Received goal 9 from robotA
[ros2-2] [INFO] [1729090610.680427807] [rosbag2_recorder]: Subscribed to topic '/robotA/nav/goal_completed'
[ros2-2] [INFO] [1729090610.682773925] [rosbag2_recorder]: Subscribed to topic '/robotA/nav/goal_node'
[ros2-2] [INFO] [1729090610.685128931] [rosbag2_recorder]: Subscribed to topic '/robotA/nav/plan'
[ccr_local_planner-14] [INFO] [1729090610.719039341] [robotA.ccr_local_planner]: graph generated /home/phlinke/ros/driving_swarm_infrastructure/install/driving_swarm_bringup/share/driving_swarm_bringup/maps/icra2024.yaml
[ccr_local_planner-14] [INFO] [1729090610.719347204] [robotA.ccr_local_planner]: waiting for tf [33mccr_local_planner[0m
[ros2-2] [INFO] [1729090610.796948127] [rosbag2_recorder]: Subscribed to topic '/robotA/nav/current_node'
[amcl-7] [WARN] [1729090611.016722937] [robotA.amcl]: AMCL cannot publish a pose or update the transform. Please set the initial pose...
[command_node-3] [INFO] [1729090611.493491970] [command_node]: robotA: None
[amcl-7] [WARN] [1729090611.509154103] [robotA.amcl]: AMCL cannot publish a pose or update the transform. Please set the initial pose...
[amcl-7] [WARN] [1729090612.034328406] [robotA.amcl]: AMCL cannot publish a pose or update the transform. Please set the initial pose...
[amcl-7] [WARN] [1729090612.525796598] [robotA.amcl]: AMCL cannot publish a pose or update the transform. Please set the initial pose...
[amcl-7] [WARN] [1729090613.011036003] [robotA.amcl]: AMCL cannot publish a pose or update the transform. Please set the initial pose...
[nav2_gazebo_spawner-4] [INFO] [1729090613.376294784] [spawner_robotA]: Sending initial pose
[amcl-7] [INFO] [1729090613.376695931] [robotA.amcl]: initialPoseReceived
[amcl-7] [WARN] [1729090613.376833958] [robotA.amcl]: Failed to transform initial pose in time (Lookup would require extrapolation into the future.  Requested time 1729090613.376527 but the latest data is at time 139.471000, when looking up transform from frame [odom] to frame [base_footprint])
[amcl-7] [INFO] [1729090613.376870095] [robotA.amcl]: Setting pose (139.105000): 2.500 1.000 0.000
[nav2_gazebo_spawner-4] [INFO] [1729090613.377113979] [spawner_robotA]: Done! Shutting down self.
[command_node-3] [INFO] [1729090613.497622986] [command_node]: robotA: None
[dwa-13] [INFO] [1729090613.586145134] [robotA.trajectory_follower]: tf available for [32mrobotA[0m
[ccr_local_planner-14] [INFO] [1729090613.586582419] [robotA.ccr_local_planner]: tf available for [32mccr_local_planner[0m
[nav2_gazebo_spawner-4] response: gazebo_msgs.srv.SpawnEntity_Response(success=True, status_message='SpawnEntity: Successfully spawned entity [robotA]')
[nav2_gazebo_spawner-4] response: lifecycle_msgs.srv.GetState_Response(current_state=lifecycle_msgs.msg.State(id=3, label='active'))
[dwa-13] [WARN] [1729090613.797947329] [robotA.trajectory_follower]: no trajectory
[INFO] [nav2_gazebo_spawner-4]: process has finished cleanly [pid 88773]
[ccr_local_planner-14] [INFO] [1729090613.838646751] [robotA.ccr_local_planner]: connected to trajectory follower service
[ccr_local_planner-14] [INFO] [1729090613.839561224] [robotA.ccr_local_planner]: setting state to [34mready[0m
[command_node-3] [INFO] [1729090613.840651955] [command_node]: [33mrobotA: ready[0m
[command_node-3] [INFO] [1729090613.841307105] [command_node]: {'robotA': 'ready'}
[command_node-3] [INFO] [1729090613.842113256] [command_node]: [32mgo[0m
[ccr_local_planner-14] [INFO] [1729090613.863015266] [robotA.ccr_local_planner]: going
[dwa-13] [WARN] [1729090613.998402907] [robotA.trajectory_follower]: no trajectory
[ccr_local_planner-14] [INFO] [1729090614.008110022] [robotA.ccr_local_planner]: new state 1
[ccr_centralized_planner-15] [INFO] [1729090614.008752167] [ccr_centralized_planner]: Received state 1 from robotA
[ccr_centralized_planner-15] [INFO] [1729090614.098869225] [ccr_centralized_planner]: 
[ccr_centralized_planner-15] 
[ccr_centralized_planner-15]  replaned due to new goal
[ccr_centralized_planner-15] 
[ccr_centralized_planner-15] [INFO] [1729090614.120703371] [ccr_centralized_planner]: Sent plan [1, 44, 45, 56, 55, 39, 53, 51, 32, 35, 10, 9] to robotA
[ccr_local_planner-14] [INFO] [1729090614.131699896] [robotA.ccr_local_planner]: setting state to [34mrunning[0m
[ccr_local_planner-14] [INFO] [1729090614.132158189] [robotA.ccr_local_planner]: new plan: [1, 44, 45], remainder: [56, 55, 39, 53, 51, 32, 35, 10, 9]
[command_node-3] [INFO] [1729090614.132699377] [command_node]: [33mrobotA: running[0m
[command_node-3] [INFO] [1729090614.133312809] [command_node]: {'robotA': 'running'}
[ccr_centralized_planner-15] [INFO] [1729090614.216586414] [ccr_centralized_planner]: Received state 1 from robotA
[ccr_centralized_planner-15] [INFO] [1729090614.298934386] [ccr_centralized_planner]: 
[ccr_centralized_planner-15] 
[ccr_centralized_planner-15]  did not replan 
[ccr_centralized_planner-15] 
[ccr_centralized_planner-15] [INFO] [1729090614.299636634] [ccr_centralized_planner]: Sent plan [1, 44, 45, 56, 55, 39, 53, 51, 32, 35, 10, 9] to robotA
[ccr_centralized_planner-15] [INFO] [1729090614.423563345] [ccr_centralized_planner]: Received state 1 from robotA
[ccr_centralized_planner-15] [INFO] [1729090614.499856292] [ccr_centralized_planner]: 
[ccr_centralized_planner-15] 
[ccr_centralized_planner-15]  did not replan 
[ccr_centralized_planner-15] 
[ccr_centralized_planner-15] [INFO] [1729090614.500706966] [ccr_centralized_planner]: Sent plan [1, 44, 45, 56, 55, 39, 53, 51, 32, 35, 10, 9] to robotA
[ccr_centralized_planner-15] [INFO] [1729090614.602263274] [ccr_centralized_planner]: Received state 1 from robotA
[ccr_centralized_planner-15] [INFO] [1729090614.800016009] [ccr_centralized_planner]: 
[ccr_centralized_planner-15] 
[ccr_centralized_planner-15]  did not replan 
[ccr_centralized_planner-15] 
[ccr_centralized_planner-15] [INFO] [1729090614.800855362] [ccr_centralized_planner]: Sent plan [1, 44, 45, 56, 55, 39, 53, 51, 32, 35, 10, 9] to robotA
[ccr_centralized_planner-15] [INFO] [1729090614.802419344] [ccr_centralized_planner]: Received state 1 from robotA
[ccr_centralized_planner-15] [INFO] [1729090615.000501151] [ccr_centralized_planner]: 
[ccr_centralized_planner-15] 
[ccr_centralized_planner-15]  did not replan 
[ccr_centralized_planner-15] 
[ccr_centralized_planner-15] [INFO] [1729090615.001257860] [ccr_centralized_planner]: Sent plan [1, 44, 45, 56, 55, 39, 53, 51, 32, 35, 10, 9] to robotA
[ccr_centralized_planner-15] [INFO] [1729090615.002290172] [ccr_centralized_planner]: Received state 1 from robotA
[ccr_centralized_planner-15] [INFO] [1729090615.200800398] [ccr_centralized_planner]: 
[ccr_centralized_planner-15] 
[ccr_centralized_planner-15]  did not replan 
[ccr_centralized_planner-15] 
[ccr_centralized_planner-15] [INFO] [1729090615.201654839] [ccr_centralized_planner]: Sent plan [1, 44, 45, 56, 55, 39, 53, 51, 32, 35, 10, 9] to robotA
[ccr_centralized_planner-15] [INFO] [1729090615.204069515] [ccr_centralized_planner]: Received state 1 from robotA
[ccr_centralized_planner-15] [INFO] [1729090615.401155959] [ccr_centralized_planner]: 
[ccr_centralized_planner-15] 
[ccr_centralized_planner-15]  did not replan 
[ccr_centralized_planner-15] 
[ccr_centralized_planner-15] [INFO] [1729090615.401828241] [ccr_centralized_planner]: Sent plan [1, 44, 45, 56, 55, 39, 53, 51, 32, 35, 10, 9] to robotA
[ccr_centralized_planner-15] [INFO] [1729090615.402672042] [ccr_centralized_planner]: Received state 1 from robotA
[ccr_centralized_planner-15] [INFO] [1729090615.601673022] [ccr_centralized_planner]: 
[ccr_centralized_planner-15] 
[ccr_centralized_planner-15]  did not replan 
[ccr_centralized_planner-15] 
[command_node-3] [INFO] [1729090615.602053200] [command_node]: robotA: running
[ccr_centralized_planner-15] [INFO] [1729090615.602380740] [ccr_centralized_planner]: Sent plan [1, 44, 45, 56, 55, 39, 53, 51, 32, 35, 10, 9] to robotA
[ccr_centralized_planner-15] [INFO] [1729090615.603642760] [ccr_centralized_planner]: Received state 1 from robotA
[ccr_centralized_planner-15] [INFO] [1729090615.801941611] [ccr_centralized_planner]: 
[ccr_centralized_planner-15] 
[ccr_centralized_planner-15]  did not replan 
[ccr_centralized_planner-15] 
[ccr_centralized_planner-15] [INFO] [1729090615.802637838] [ccr_centralized_planner]: Sent plan [1, 44, 45, 56, 55, 39, 53, 51, 32, 35, 10, 9] to robotA
[ccr_centralized_planner-15] [INFO] [1729090615.812047678] [ccr_centralized_planner]: Received state 1 from robotA
[ccr_centralized_planner-15] [INFO] [1729090616.002286413] [ccr_centralized_planner]: 
[ccr_centralized_planner-15] 
[ccr_centralized_planner-15]  did not replan 
[ccr_centralized_planner-15] 
[ccr_centralized_planner-15] [INFO] [1729090616.002879888] [ccr_centralized_planner]: Sent plan [1, 44, 45, 56, 55, 39, 53, 51, 32, 35, 10, 9] to robotA
[ccr_centralized_planner-15] [INFO] [1729090616.013328604] [ccr_centralized_planner]: Received state 1 from robotA
[ccr_centralized_planner-15] [INFO] [1729090616.203629814] [ccr_centralized_planner]: 
[ccr_centralized_planner-15] 
[ccr_centralized_planner-15]  did not replan 
[ccr_centralized_planner-15] 
[ccr_centralized_planner-15] [INFO] [1729090616.204487190] [ccr_centralized_planner]: Sent plan [1, 44, 45, 56, 55, 39, 53, 51, 32, 35, 10, 9] to robotA
[ccr_centralized_planner-15] [INFO] [1729090616.212014436] [ccr_centralized_planner]: Received state 1 from robotA
[ccr_centralized_planner-15] [INFO] [1729090616.403952624] [ccr_centralized_planner]: 
[ccr_centralized_planner-15] 
[ccr_centralized_planner-15]  did not replan 
[ccr_centralized_planner-15] 
[ccr_centralized_planner-15] [INFO] [1729090616.404709844] [ccr_centralized_planner]: Sent plan [1, 44, 45, 56, 55, 39, 53, 51, 32, 35, 10, 9] to robotA
[ccr_centralized_planner-15] [INFO] [1729090616.410050589] [ccr_centralized_planner]: Received state 1 from robotA
[ccr_centralized_planner-15] [INFO] [1729090616.604397071] [ccr_centralized_planner]: 
[ccr_centralized_planner-15] 
[ccr_centralized_planner-15]  did not replan 
[ccr_centralized_planner-15] 
[ccr_centralized_planner-15] [INFO] [1729090616.605235262] [ccr_centralized_planner]: Sent plan [1, 44, 45, 56, 55, 39, 53, 51, 32, 35, 10, 9] to robotA
[ccr_centralized_planner-15] [INFO] [1729090616.614493831] [ccr_centralized_planner]: Received state 1 from robotA
[ccr_centralized_planner-15] [INFO] [1729090616.804697791] [ccr_centralized_planner]: 
[ccr_centralized_planner-15] 
[ccr_centralized_planner-15]  did not replan 
[ccr_centralized_planner-15] 
[ccr_centralized_planner-15] [INFO] [1729090616.805394137] [ccr_centralized_planner]: Sent plan [1, 44, 45, 56, 55, 39, 53, 51, 32, 35, 10, 9] to robotA
[ccr_centralized_planner-15] [INFO] [1729090616.817345110] [ccr_centralized_planner]: Received state 1 from robotA
[ccr_centralized_planner-15] [INFO] [1729090617.005406800] [ccr_centralized_planner]: 
[ccr_centralized_planner-15] 
[ccr_centralized_planner-15]  did not replan 
[ccr_centralized_planner-15] 
[ccr_centralized_planner-15] [INFO] [1729090617.006186221] [ccr_centralized_planner]: Sent plan [1, 44, 45, 56, 55, 39, 53, 51, 32, 35, 10, 9] to robotA
[ccr_centralized_planner-15] [INFO] [1729090617.019443426] [ccr_centralized_planner]: Received state 1 from robotA
[ccr_centralized_planner-15] [INFO] [1729090617.205399997] [ccr_centralized_planner]: 
[ccr_centralized_planner-15] 
[ccr_centralized_planner-15]  did not replan 
[ccr_centralized_planner-15] 
[ccr_centralized_planner-15] [INFO] [1729090617.206095883] [ccr_centralized_planner]: Sent plan [1, 44, 45, 56, 55, 39, 53, 51, 32, 35, 10, 9] to robotA
[ccr_centralized_planner-15] [INFO] [1729090617.222177457] [ccr_centralized_planner]: Received state 1 from robotA
[ccr_centralized_planner-15] [INFO] [1729090617.406041771] [ccr_centralized_planner]: 
[ccr_centralized_planner-15] 
[ccr_centralized_planner-15]  did not replan 
[ccr_centralized_planner-15] 
[ccr_centralized_planner-15] [INFO] [1729090617.406767884] [ccr_centralized_planner]: Sent plan [1, 44, 45, 56, 55, 39, 53, 51, 32, 35, 10, 9] to robotA
[ccr_centralized_planner-15] [INFO] [1729090617.408313532] [ccr_centralized_planner]: Received state 1 from robotA
[ccr_centralized_planner-15] [INFO] [1729090617.606441575] [ccr_centralized_planner]: 
[ccr_centralized_planner-15] 
[ccr_centralized_planner-15]  did not replan 
[ccr_centralized_planner-15] 
[command_node-3] [INFO] [1729090617.606935445] [command_node]: robotA: running
[ccr_centralized_planner-15] [INFO] [1729090617.607166285] [ccr_centralized_planner]: Sent plan [1, 44, 45, 56, 55, 39, 53, 51, 32, 35, 10, 9] to robotA
[ccr_local_planner-14] [INFO] [1729090617.610097192] [robotA.ccr_local_planner]: new state 44
[ccr_centralized_planner-15] [INFO] [1729090617.610162844] [ccr_centralized_planner]: Received state 44 from robotA
[ccr_centralized_planner-15] [INFO] [1729090617.806842862] [ccr_centralized_planner]: 
[ccr_centralized_planner-15] 
[ccr_centralized_planner-15]  did not replan 
[ccr_centralized_planner-15] 
[ccr_centralized_planner-15] [INFO] [1729090617.807550960] [ccr_centralized_planner]: Sent plan [44, 45, 56, 55, 39, 53, 51, 32, 35, 10, 9] to robotA
[ccr_centralized_planner-15] [INFO] [1729090617.810027652] [ccr_centralized_planner]: Received state 44 from robotA
[ccr_local_planner-14] [INFO] [1729090617.836892985] [robotA.ccr_local_planner]: new plan: [44, 45, 56], remainder: [55, 39, 53, 51, 32, 35, 10, 9]
[ccr_centralized_planner-15] [INFO] [1729090618.007354464] [ccr_centralized_planner]: 
[ccr_centralized_planner-15] 
[ccr_centralized_planner-15]  did not replan 
[ccr_centralized_planner-15] 
[ccr_centralized_planner-15] [INFO] [1729090618.008074745] [ccr_centralized_planner]: Sent plan [44, 45, 56, 55, 39, 53, 51, 32, 35, 10, 9] to robotA
[ccr_centralized_planner-15] [INFO] [1729090618.010085459] [ccr_centralized_planner]: Received state 44 from robotA
[ccr_centralized_planner-15] [INFO] [1729090618.207576838] [ccr_centralized_planner]: 
[ccr_centralized_planner-15] 
[ccr_centralized_planner-15]  did not replan 
[ccr_centralized_planner-15] 
[ccr_centralized_planner-15] [INFO] [1729090618.208273024] [ccr_centralized_planner]: Sent plan [44, 45, 56, 55, 39, 53, 51, 32, 35, 10, 9] to robotA
[ccr_centralized_planner-15] [INFO] [1729090618.209484309] [ccr_centralized_planner]: Received state 44 from robotA
[ccr_centralized_planner-15] [INFO] [1729090618.407987191] [ccr_centralized_planner]: 
[ccr_centralized_planner-15] 
[ccr_centralized_planner-15]  did not replan 
[ccr_centralized_planner-15] 
[ccr_centralized_planner-15] [INFO] [1729090618.408887648] [ccr_centralized_planner]: Sent plan [44, 45, 56, 55, 39, 53, 51, 32, 35, 10, 9] to robotA
[ccr_centralized_planner-15] [INFO] [1729090618.410873004] [ccr_centralized_planner]: Received state 44 from robotA
[ccr_centralized_planner-15] [INFO] [1729090618.609130028] [ccr_centralized_planner]: 
[ccr_centralized_planner-15] 
[ccr_centralized_planner-15]  did not replan 
[ccr_centralized_planner-15] 
[ccr_centralized_planner-15] [INFO] [1729090618.610009566] [ccr_centralized_planner]: Sent plan [44, 45, 56, 55, 39, 53, 51, 32, 35, 10, 9] to robotA
[ccr_centralized_planner-15] [INFO] [1729090618.611088875] [ccr_centralized_planner]: Received state 44 from robotA
[ccr_centralized_planner-15] [INFO] [1729090618.809302148] [ccr_centralized_planner]: 
[ccr_centralized_planner-15] 
[ccr_centralized_planner-15]  did not replan 
[ccr_centralized_planner-15] 
[ccr_centralized_planner-15] [INFO] [1729090618.810116094] [ccr_centralized_planner]: Sent plan [44, 45, 56, 55, 39, 53, 51, 32, 35, 10, 9] to robotA
[ccr_centralized_planner-15] [INFO] [1729090618.811143768] [ccr_centralized_planner]: Received state 44 from robotA
[ccr_centralized_planner-15] [INFO] [1729090619.009741756] [ccr_centralized_planner]: 
[ccr_centralized_planner-15] 
[ccr_centralized_planner-15]  did not replan 
[ccr_centralized_planner-15] 
[ccr_centralized_planner-15] [INFO] [1729090619.010520346] [ccr_centralized_planner]: Sent plan [44, 45, 56, 55, 39, 53, 51, 32, 35, 10, 9] to robotA
[ccr_centralized_planner-15] [INFO] [1729090619.014196792] [ccr_centralized_planner]: Received state 44 from robotA
[ccr_centralized_planner-15] [INFO] [1729090619.210253659] [ccr_centralized_planner]: 
[ccr_centralized_planner-15] 
[ccr_centralized_planner-15]  did not replan 
[ccr_centralized_planner-15] 
[ccr_centralized_planner-15] [INFO] [1729090619.210855359] [ccr_centralized_planner]: Sent plan [44, 45, 56, 55, 39, 53, 51, 32, 35, 10, 9] to robotA
[ccr_centralized_planner-15] [INFO] [1729090619.219689980] [ccr_centralized_planner]: Received state 44 from robotA
[ccr_centralized_planner-15] [INFO] [1729090619.410935027] [ccr_centralized_planner]: 
[ccr_centralized_planner-15] 
[ccr_centralized_planner-15]  did not replan 
[ccr_centralized_planner-15] 
[ccr_centralized_planner-15] [INFO] [1729090619.411715520] [ccr_centralized_planner]: Sent plan [44, 45, 56, 55, 39, 53, 51, 32, 35, 10, 9] to robotA
[ccr_centralized_planner-15] [INFO] [1729090619.426633718] [ccr_centralized_planner]: Received state 44 from robotA
[ccr_centralized_planner-15] [INFO] [1729090619.611395364] [ccr_centralized_planner]: 
[ccr_centralized_planner-15] 
[ccr_centralized_planner-15]  did not replan 
[ccr_centralized_planner-15] 
[command_node-3] [INFO] [1729090619.611702405] [command_node]: robotA: running
[ccr_centralized_planner-15] [INFO] [1729090619.612140962] [ccr_centralized_planner]: Sent plan [44, 45, 56, 55, 39, 53, 51, 32, 35, 10, 9] to robotA
[ccr_centralized_planner-15] [INFO] [1729090619.614271168] [ccr_centralized_planner]: Received state 44 from robotA
[ccr_centralized_planner-15] [INFO] [1729090619.811847575] [ccr_centralized_planner]: 
[ccr_centralized_planner-15] 
[ccr_centralized_planner-15]  did not replan 
[ccr_centralized_planner-15] 
[ccr_centralized_planner-15] [INFO] [1729090619.812607660] [ccr_centralized_planner]: Sent plan [44, 45, 56, 55, 39, 53, 51, 32, 35, 10, 9] to robotA
[ccr_centralized_planner-15] [INFO] [1729090619.814260518] [ccr_centralized_planner]: Received state 44 from robotA
[ccr_centralized_planner-15] [INFO] [1729090620.012083915] [ccr_centralized_planner]: 
[ccr_centralized_planner-15] 
[ccr_centralized_planner-15]  did not replan 
[ccr_centralized_planner-15] 
[ccr_centralized_planner-15] [INFO] [1729090620.012814254] [ccr_centralized_planner]: Sent plan [44, 45, 56, 55, 39, 53, 51, 32, 35, 10, 9] to robotA
[ccr_centralized_planner-15] [INFO] [1729090620.113622810] [ccr_centralized_planner]: Received state 44 from robotA
[ccr_centralized_planner-15] [INFO] [1729090620.212688219] [ccr_centralized_planner]: 
[ccr_centralized_planner-15] 
[ccr_centralized_planner-15]  did not replan 
[ccr_centralized_planner-15] 
[ccr_centralized_planner-15] [INFO] [1729090620.213691527] [ccr_centralized_planner]: Sent plan [44, 45, 56, 55, 39, 53, 51, 32, 35, 10, 9] to robotA
[ccr_centralized_planner-15] [INFO] [1729090620.318490623] [ccr_centralized_planner]: Received state 44 from robotA
[ccr_centralized_planner-15] [INFO] [1729090620.412592741] [ccr_centralized_planner]: 
[ccr_centralized_planner-15] 
[ccr_centralized_planner-15]  did not replan 
[ccr_centralized_planner-15] 
[ccr_centralized_planner-15] [INFO] [1729090620.413283056] [ccr_centralized_planner]: Sent plan [44, 45, 56, 55, 39, 53, 51, 32, 35, 10, 9] to robotA
[ccr_local_planner-14] [INFO] [1729090620.519951773] [robotA.ccr_local_planner]: new state 45
[ccr_centralized_planner-15] [INFO] [1729090620.520462204] [ccr_centralized_planner]: Received state 45 from robotA
[ccr_centralized_planner-15] [INFO] [1729090620.613279790] [ccr_centralized_planner]: 
[ccr_centralized_planner-15] 
[ccr_centralized_planner-15]  did not replan 
[ccr_centralized_planner-15] 
[ccr_centralized_planner-15] [INFO] [1729090620.614081472] [ccr_centralized_planner]: Sent plan [45, 56, 55, 39, 53, 51, 32, 35, 10, 9] to robotA
[ccr_local_planner-14] [INFO] [1729090620.614327651] [robotA.ccr_local_planner]: new plan: [45, 56, 55], remainder: [39, 53, 51, 32, 35, 10, 9]
[ccr_centralized_planner-15] [INFO] [1729090620.724466328] [ccr_centralized_planner]: Received state 45 from robotA
[ccr_centralized_planner-15] [INFO] [1729090620.813294306] [ccr_centralized_planner]: 
[ccr_centralized_planner-15] 
[ccr_centralized_planner-15]  did not replan 
[ccr_centralized_planner-15] 
[ccr_centralized_planner-15] [INFO] [1729090620.813970976] [ccr_centralized_planner]: Sent plan [45, 56, 55, 39, 53, 51, 32, 35, 10, 9] to robotA
[ccr_centralized_planner-15] [INFO] [1729090620.916032254] [ccr_centralized_planner]: Received state 45 from robotA
[ccr_centralized_planner-15] [INFO] [1729090621.113843388] [ccr_centralized_planner]: 
[ccr_centralized_planner-15] 
[ccr_centralized_planner-15]  did not replan 
[ccr_centralized_planner-15] 
[ccr_centralized_planner-15] [INFO] [1729090621.114594606] [ccr_centralized_planner]: Sent plan [45, 56, 55, 39, 53, 51, 32, 35, 10, 9] to robotA
[ccr_centralized_planner-15] [INFO] [1729090621.116098266] [ccr_centralized_planner]: Received state 45 from robotA
[ccr_centralized_planner-15] [INFO] [1729090621.314287675] [ccr_centralized_planner]: 
[ccr_centralized_planner-15] 
[ccr_centralized_planner-15]  did not replan 
[ccr_centralized_planner-15] 
[ccr_centralized_planner-15] [INFO] [1729090621.315157214] [ccr_centralized_planner]: Sent plan [45, 56, 55, 39, 53, 51, 32, 35, 10, 9] to robotA
[ccr_centralized_planner-15] [INFO] [1729090621.316657036] [ccr_centralized_planner]: Received state 45 from robotA
[ccr_centralized_planner-15] [INFO] [1729090621.514521249] [ccr_centralized_planner]: 
[ccr_centralized_planner-15] 
[ccr_centralized_planner-15]  did not replan 
[ccr_centralized_planner-15] 
[ccr_centralized_planner-15] [INFO] [1729090621.515222745] [ccr_centralized_planner]: Sent plan [45, 56, 55, 39, 53, 51, 32, 35, 10, 9] to robotA
[ccr_centralized_planner-15] [INFO] [1729090621.516693694] [ccr_centralized_planner]: Received state 45 from robotA
[ccr_centralized_planner-15] [INFO] [1729090621.715290310] [ccr_centralized_planner]: 
[ccr_centralized_planner-15] 
[ccr_centralized_planner-15]  did not replan 
[ccr_centralized_planner-15] 
[command_node-3] [INFO] [1729090621.716049323] [command_node]: robotA: running
[ccr_centralized_planner-15] [INFO] [1729090621.716153578] [ccr_centralized_planner]: Sent plan [45, 56, 55, 39, 53, 51, 32, 35, 10, 9] to robotA
[ccr_centralized_planner-15] [INFO] [1729090621.717423522] [ccr_centralized_planner]: Received state 45 from robotA
[ccr_centralized_planner-15] [INFO] [1729090621.915732894] [ccr_centralized_planner]: 
[ccr_centralized_planner-15] 
[ccr_centralized_planner-15]  did not replan 
[ccr_centralized_planner-15] 
[ccr_centralized_planner-15] [INFO] [1729090621.916340004] [ccr_centralized_planner]: Sent plan [45, 56, 55, 39, 53, 51, 32, 35, 10, 9] to robotA
[ccr_centralized_planner-15] [INFO] [1729090621.919227671] [ccr_centralized_planner]: Received state 45 from robotA
[ccr_centralized_planner-15] [INFO] [1729090622.116385107] [ccr_centralized_planner]: 
[ccr_centralized_planner-15] 
[ccr_centralized_planner-15]  did not replan 
[ccr_centralized_planner-15] 
[ccr_centralized_planner-15] [INFO] [1729090622.117105900] [ccr_centralized_planner]: Sent plan [45, 56, 55, 39, 53, 51, 32, 35, 10, 9] to robotA
[ccr_local_planner-14] [INFO] [1729090622.118030692] [robotA.ccr_local_planner]: new state 56
[ccr_centralized_planner-15] [INFO] [1729090622.118257925] [ccr_centralized_planner]: Received state 56 from robotA
[ccr_centralized_planner-15] [INFO] [1729090622.316586031] [ccr_centralized_planner]: 
[ccr_centralized_planner-15] 
[ccr_centralized_planner-15]  did not replan 
[ccr_centralized_planner-15] 
[ccr_centralized_planner-15] [INFO] [1729090622.317119214] [ccr_centralized_planner]: Sent plan [56, 55, 39, 53, 51, 32, 35, 10, 9] to robotA
[ccr_centralized_planner-15] [INFO] [1729090622.319996201] [ccr_centralized_planner]: Received state 56 from robotA
[ccr_local_planner-14] [INFO] [1729090622.346685967] [robotA.ccr_local_planner]: new plan: [56, 55, 39], remainder: [53, 51, 32, 35, 10, 9]
[ccr_centralized_planner-15] [INFO] [1729090622.517515281] [ccr_centralized_planner]: 
[ccr_centralized_planner-15] 
[ccr_centralized_planner-15]  did not replan 
[ccr_centralized_planner-15] 
[ccr_centralized_planner-15] [INFO] [1729090622.518306474] [ccr_centralized_planner]: Sent plan [56, 55, 39, 53, 51, 32, 35, 10, 9] to robotA
[ccr_centralized_planner-15] [INFO] [1729090622.519898278] [ccr_centralized_planner]: Received state 56 from robotA
[ccr_centralized_planner-15] [INFO] [1729090622.717679316] [ccr_centralized_planner]: 
[ccr_centralized_planner-15] 
[ccr_centralized_planner-15]  did not replan 
[ccr_centralized_planner-15] 
[ccr_centralized_planner-15] [INFO] [1729090622.718374510] [ccr_centralized_planner]: Sent plan [56, 55, 39, 53, 51, 32, 35, 10, 9] to robotA
[ccr_centralized_planner-15] [INFO] [1729090622.723970790] [ccr_centralized_planner]: Received state 56 from robotA
[ccr_centralized_planner-15] [INFO] [1729090622.917779262] [ccr_centralized_planner]: 
[ccr_centralized_planner-15] 
[ccr_centralized_planner-15]  did not replan 
[ccr_centralized_planner-15] 
[ccr_centralized_planner-15] [INFO] [1729090622.918567599] [ccr_centralized_planner]: Sent plan [56, 55, 39, 53, 51, 32, 35, 10, 9] to robotA
[ccr_centralized_planner-15] [INFO] [1729090622.920897357] [ccr_centralized_planner]: Received state 56 from robotA
[ccr_centralized_planner-15] [INFO] [1729090623.118397392] [ccr_centralized_planner]: 
[ccr_centralized_planner-15] 
[ccr_centralized_planner-15]  did not replan 
[ccr_centralized_planner-15] 
[ccr_centralized_planner-15] [INFO] [1729090623.119328856] [ccr_centralized_planner]: Sent plan [56, 55, 39, 53, 51, 32, 35, 10, 9] to robotA
[ccr_centralized_planner-15] [INFO] [1729090623.121230537] [ccr_centralized_planner]: Received state 55 from robotA
[ccr_local_planner-14] [INFO] [1729090623.121232821] [robotA.ccr_local_planner]: new state 55
[ccr_centralized_planner-15] [INFO] [1729090623.318748575] [ccr_centralized_planner]: 
[ccr_centralized_planner-15] 
[ccr_centralized_planner-15]  did not replan 
[ccr_centralized_planner-15] 
[ccr_centralized_planner-15] [INFO] [1729090623.319542724] [ccr_centralized_planner]: Sent plan [55, 39, 53, 51, 32, 35, 10, 9] to robotA
[ccr_centralized_planner-15] [INFO] [1729090623.321566321] [ccr_centralized_planner]: Received state 55 from robotA
[ccr_local_planner-14] [INFO] [1729090623.341503404] [robotA.ccr_local_planner]: new plan: [55, 39, 53], remainder: [51, 32, 35, 10, 9]
[ccr_centralized_planner-15] [INFO] [1729090623.519297537] [ccr_centralized_planner]: 
[ccr_centralized_planner-15] 
[ccr_centralized_planner-15]  did not replan 
[ccr_centralized_planner-15] 
[ccr_centralized_planner-15] [INFO] [1729090623.520123605] [ccr_centralized_planner]: Sent plan [55, 39, 53, 51, 32, 35, 10, 9] to robotA
[ccr_centralized_planner-15] [INFO] [1729090623.521785830] [ccr_centralized_planner]: Received state 55 from robotA
[ccr_centralized_planner-15] [INFO] [1729090623.719432908] [ccr_centralized_planner]: 
[ccr_centralized_planner-15] 
[ccr_centralized_planner-15]  did not replan 
[ccr_centralized_planner-15] 
[command_node-3] [INFO] [1729090623.719924463] [command_node]: robotA: running
[ccr_centralized_planner-15] [INFO] [1729090623.720476100] [ccr_centralized_planner]: Sent plan [55, 39, 53, 51, 32, 35, 10, 9] to robotA
[ccr_centralized_planner-15] [INFO] [1729090623.722014525] [ccr_centralized_planner]: Received state 55 from robotA
[ccr_centralized_planner-15] [INFO] [1729090623.919828223] [ccr_centralized_planner]: 
[ccr_centralized_planner-15] 
[ccr_centralized_planner-15]  did not replan 
[ccr_centralized_planner-15] 
[ccr_centralized_planner-15] [INFO] [1729090623.920848894] [ccr_centralized_planner]: Sent plan [55, 39, 53, 51, 32, 35, 10, 9] to robotA
[ccr_centralized_planner-15] [INFO] [1729090623.921900071] [ccr_centralized_planner]: Received state 55 from robotA
[ccr_centralized_planner-15] [INFO] [1729090624.120475308] [ccr_centralized_planner]: 
[ccr_centralized_planner-15] 
[ccr_centralized_planner-15]  did not replan 
[ccr_centralized_planner-15] 
[ccr_centralized_planner-15] [INFO] [1729090624.121326042] [ccr_centralized_planner]: Sent plan [55, 39, 53, 51, 32, 35, 10, 9] to robotA
[ccr_centralized_planner-15] [INFO] [1729090624.122354898] [ccr_centralized_planner]: Received state 55 from robotA
[ccr_centralized_planner-15] [INFO] [1729090624.320687142] [ccr_centralized_planner]: 
[ccr_centralized_planner-15] 
[ccr_centralized_planner-15]  did not replan 
[ccr_centralized_planner-15] 
[ccr_centralized_planner-15] [INFO] [1729090624.321522457] [ccr_centralized_planner]: Sent plan [55, 39, 53, 51, 32, 35, 10, 9] to robotA
[ccr_centralized_planner-15] [INFO] [1729090624.322457598] [ccr_centralized_planner]: Received state 55 from robotA
[ccr_centralized_planner-15] [INFO] [1729090624.520885731] [ccr_centralized_planner]: 
[ccr_centralized_planner-15] 
[ccr_centralized_planner-15]  did not replan 
[ccr_centralized_planner-15] 
[ccr_centralized_planner-15] [INFO] [1729090624.522150596] [ccr_centralized_planner]: Sent plan [55, 39, 53, 51, 32, 35, 10, 9] to robotA
[ccr_centralized_planner-15] [INFO] [1729090624.523053157] [ccr_centralized_planner]: Received state 55 from robotA
[ccr_centralized_planner-15] [INFO] [1729090624.720816652] [ccr_centralized_planner]: 
[ccr_centralized_planner-15] 
[ccr_centralized_planner-15]  did not replan 
[ccr_centralized_planner-15] 
[ccr_centralized_planner-15] [INFO] [1729090624.721532465] [ccr_centralized_planner]: Sent plan [55, 39, 53, 51, 32, 35, 10, 9] to robotA
[ccr_centralized_planner-15] [INFO] [1729090624.722678349] [ccr_centralized_planner]: Received state 55 from robotA
[ccr_centralized_planner-15] [INFO] [1729090624.921306975] [ccr_centralized_planner]: 
[ccr_centralized_planner-15] 
[ccr_centralized_planner-15]  did not replan 
[ccr_centralized_planner-15] 
[ccr_centralized_planner-15] [INFO] [1729090624.922240843] [ccr_centralized_planner]: Sent plan [55, 39, 53, 51, 32, 35, 10, 9] to robotA
[ccr_centralized_planner-15] [INFO] [1729090624.925055804] [ccr_centralized_planner]: Received state 55 from robotA
[ccr_centralized_planner-15] [INFO] [1729090625.121201387] [ccr_centralized_planner]: 
[ccr_centralized_planner-15] 
[ccr_centralized_planner-15]  did not replan 
[ccr_centralized_planner-15] 
[ccr_centralized_planner-15] [INFO] [1729090625.121925095] [ccr_centralized_planner]: Sent plan [55, 39, 53, 51, 32, 35, 10, 9] to robotA
[ccr_centralized_planner-15] [INFO] [1729090625.123445886] [ccr_centralized_planner]: Received state 55 from robotA
[ccr_centralized_planner-15] [INFO] [1729090625.321462242] [ccr_centralized_planner]: 
[ccr_centralized_planner-15] 
[ccr_centralized_planner-15]  did not replan 
[ccr_centralized_planner-15] 
[ccr_centralized_planner-15] [INFO] [1729090625.322180039] [ccr_centralized_planner]: Sent plan [55, 39, 53, 51, 32, 35, 10, 9] to robotA
[ccr_centralized_planner-15] [INFO] [1729090625.324690333] [ccr_centralized_planner]: Received state 55 from robotA
[ccr_centralized_planner-15] [INFO] [1729090625.521531591] [ccr_centralized_planner]: 
[ccr_centralized_planner-15] 
[ccr_centralized_planner-15]  did not replan 
[ccr_centralized_planner-15] 
[ccr_centralized_planner-15] [INFO] [1729090625.522293019] [ccr_centralized_planner]: Sent plan [55, 39, 53, 51, 32, 35, 10, 9] to robotA
[ccr_centralized_planner-15] [INFO] [1729090625.623733801] [ccr_centralized_planner]: Received state 55 from robotA
[ccr_centralized_planner-15] [INFO] [1729090625.722079861] [ccr_centralized_planner]: 
[ccr_centralized_planner-15] 
[ccr_centralized_planner-15]  did not replan 
[ccr_centralized_planner-15] 
[command_node-3] [INFO] [1729090625.722155652] [command_node]: robotA: running
[ccr_centralized_planner-15] [INFO] [1729090625.722882065] [ccr_centralized_planner]: Sent plan [55, 39, 53, 51, 32, 35, 10, 9] to robotA
[ccr_local_planner-14] [INFO] [1729090625.825762468] [robotA.ccr_local_planner]: new state 39
[ccr_centralized_planner-15] [INFO] [1729090625.825907498] [ccr_centralized_planner]: Received state 39 from robotA
[ccr_centralized_planner-15] [INFO] [1729090625.922895509] [ccr_centralized_planner]: 
[ccr_centralized_planner-15] 
[ccr_centralized_planner-15]  did not replan 
[ccr_centralized_planner-15] 
[ccr_local_planner-14] [INFO] [1729090625.923906031] [robotA.ccr_local_planner]: new plan: [39, 53, 51], remainder: [32, 35, 10, 9]
[ccr_centralized_planner-15] [INFO] [1729090625.923956775] [ccr_centralized_planner]: Sent plan [39, 53, 51, 32, 35, 10, 9] to robotA
[ccr_centralized_planner-15] [INFO] [1729090626.025846795] [ccr_centralized_planner]: Received state 39 from robotA
[ccr_centralized_planner-15] [INFO] [1729090626.123497610] [ccr_centralized_planner]: 
[ccr_centralized_planner-15] 
[ccr_centralized_planner-15]  did not replan 
[ccr_centralized_planner-15] 
[ccr_centralized_planner-15] [INFO] [1729090626.124588201] [ccr_centralized_planner]: Sent plan [39, 53, 51, 32, 35, 10, 9] to robotA
[ccr_centralized_planner-15] [INFO] [1729090626.231388372] [ccr_centralized_planner]: Received state 39 from robotA
[ccr_centralized_planner-15] [INFO] [1729090626.323460641] [ccr_centralized_planner]: 
[ccr_centralized_planner-15] 
[ccr_centralized_planner-15]  did not replan 
[ccr_centralized_planner-15] 
[ccr_centralized_planner-15] [INFO] [1729090626.324249450] [ccr_centralized_planner]: Sent plan [39, 53, 51, 32, 35, 10, 9] to robotA
[ccr_centralized_planner-15] [INFO] [1729090626.425470182] [ccr_centralized_planner]: Received state 39 from robotA
[ccr_centralized_planner-15] [INFO] [1729090626.624137320] [ccr_centralized_planner]: 
[ccr_centralized_planner-15] 
[ccr_centralized_planner-15]  did not replan 
[ccr_centralized_planner-15] 
[ccr_centralized_planner-15] [INFO] [1729090626.624977043] [ccr_centralized_planner]: Sent plan [39, 53, 51, 32, 35, 10, 9] to robotA
[ccr_centralized_planner-15] [INFO] [1729090626.626580289] [ccr_centralized_planner]: Received state 39 from robotA
[ccr_centralized_planner-15] [INFO] [1729090626.824516405] [ccr_centralized_planner]: 
[ccr_centralized_planner-15] 
[ccr_centralized_planner-15]  did not replan 
[ccr_centralized_planner-15] 
[ccr_centralized_planner-15] [INFO] [1729090626.825272773] [ccr_centralized_planner]: Sent plan [39, 53, 51, 32, 35, 10, 9] to robotA
[ccr_centralized_planner-15] [INFO] [1729090626.826726931] [ccr_centralized_planner]: Received state 39 from robotA
[ccr_centralized_planner-15] [INFO] [1729090627.523434939] [ccr_centralized_planner]: 
[ccr_centralized_planner-15] 
[ccr_centralized_planner-15]  did not replan 
[ccr_centralized_planner-15] 
[ccr_local_planner-14] [INFO] [1729090627.523463763] [robotA.ccr_local_planner]: new state 53
[ccr_centralized_planner-15] [INFO] [1729090627.527668993] [ccr_centralized_planner]: Sent plan [39, 53, 51, 32, 35, 10, 9] to robotA
[ccr_centralized_planner-15] [INFO] [1729090627.528948746] [ccr_centralized_planner]: Received state 53 from robotA
[ccr_centralized_planner-15] [INFO] [1729090627.530039126] [ccr_centralized_planner]: 
[ccr_centralized_planner-15] 
[ccr_centralized_planner-15]  did not replan 
[ccr_centralized_planner-15] 
[ccr_centralized_planner-15] [INFO] [1729090627.530912102] [ccr_centralized_planner]: Sent plan [53, 51, 32, 35, 10, 9] to robotA
[ccr_centralized_planner-15] [INFO] [1729090627.551762946] [ccr_centralized_planner]: Received state 53 from robotA
[ccr_local_planner-14] [INFO] [1729090627.567919790] [robotA.ccr_local_planner]: new plan: [53, 51, 32], remainder: [35, 10, 9]
[ccr_centralized_planner-15] [INFO] [1729090627.795921338] [ccr_centralized_planner]: 
[ccr_centralized_planner-15] 
[ccr_centralized_planner-15]  did not replan 
[ccr_centralized_planner-15] 
[ccr_centralized_planner-15] [INFO] [1729090627.796685080] [ccr_centralized_planner]: Sent plan [53, 51, 32, 35, 10, 9] to robotA
[ccr_centralized_planner-15] [INFO] [1729090627.797727672] [ccr_centralized_planner]: Received state 53 from robotA
[ccr_centralized_planner-15] [INFO] [1729090627.826905842] [ccr_centralized_planner]: 
[ccr_centralized_planner-15] 
[ccr_centralized_planner-15]  did not replan 
[ccr_centralized_planner-15] 
[command_node-3] [INFO] [1729090627.827147852] [command_node]: robotA: running
[ccr_centralized_planner-15] [INFO] [1729090627.827631593] [ccr_centralized_planner]: Sent plan [53, 51, 32, 35, 10, 9] to robotA
[ccr_centralized_planner-15] [INFO] [1729090627.829248834] [ccr_centralized_planner]: Received state 53 from robotA
[ccr_centralized_planner-15] [INFO] [1729090628.027581800] [ccr_centralized_planner]: 
[ccr_centralized_planner-15] 
[ccr_centralized_planner-15]  did not replan 
[ccr_centralized_planner-15] 
[ccr_centralized_planner-15] [INFO] [1729090628.028470805] [ccr_centralized_planner]: Sent plan [53, 51, 32, 35, 10, 9] to robotA
[ccr_centralized_planner-15] [INFO] [1729090628.030899196] [ccr_centralized_planner]: Received state 53 from robotA
[ccr_centralized_planner-15] [INFO] [1729090628.227799905] [ccr_centralized_planner]: 
[ccr_centralized_planner-15] 
[ccr_centralized_planner-15]  did not replan 
[ccr_centralized_planner-15] 
[ccr_centralized_planner-15] [INFO] [1729090628.228745656] [ccr_centralized_planner]: Sent plan [53, 51, 32, 35, 10, 9] to robotA
[ccr_centralized_planner-15] [INFO] [1729090628.234075971] [ccr_centralized_planner]: Received state 53 from robotA
[ccr_centralized_planner-15] [INFO] [1729090628.429066012] [ccr_centralized_planner]: 
[ccr_centralized_planner-15] 
[ccr_centralized_planner-15]  did not replan 
[ccr_centralized_planner-15] 
[ccr_centralized_planner-15] [INFO] [1729090628.430081513] [ccr_centralized_planner]: Sent plan [53, 51, 32, 35, 10, 9] to robotA
[ccr_centralized_planner-15] [INFO] [1729090628.431431667] [ccr_centralized_planner]: Received state 53 from robotA
[ccr_centralized_planner-15] [INFO] [1729090628.629532670] [ccr_centralized_planner]: 
[ccr_centralized_planner-15] 
[ccr_centralized_planner-15]  did not replan 
[ccr_centralized_planner-15] 
[ccr_centralized_planner-15] [INFO] [1729090628.630670298] [ccr_centralized_planner]: Sent plan [53, 51, 32, 35, 10, 9] to robotA
[ccr_centralized_planner-15] [INFO] [1729090628.631771829] [ccr_centralized_planner]: Received state 53 from robotA
[ccr_centralized_planner-15] [INFO] [1729090628.830109574] [ccr_centralized_planner]: 
[ccr_centralized_planner-15] 
[ccr_centralized_planner-15]  did not replan 
[ccr_centralized_planner-15] 
[ccr_centralized_planner-15] [INFO] [1729090628.830833762] [ccr_centralized_planner]: Sent plan [53, 51, 32, 35, 10, 9] to robotA
[ccr_centralized_planner-15] [INFO] [1729090628.832139503] [ccr_centralized_planner]: Received state 53 from robotA
[ccr_centralized_planner-15] [INFO] [1729090629.030690755] [ccr_centralized_planner]: 
[ccr_centralized_planner-15] 
[ccr_centralized_planner-15]  did not replan 
[ccr_centralized_planner-15] 
[ccr_centralized_planner-15] [INFO] [1729090629.031485345] [ccr_centralized_planner]: Sent plan [53, 51, 32, 35, 10, 9] to robotA
[ccr_centralized_planner-15] [INFO] [1729090629.032854985] [ccr_centralized_planner]: Received state 53 from robotA
[ccr_centralized_planner-15] [INFO] [1729090629.231100148] [ccr_centralized_planner]: 
[ccr_centralized_planner-15] 
[ccr_centralized_planner-15]  did not replan 
[ccr_centralized_planner-15] 
[ccr_centralized_planner-15] [INFO] [1729090629.231803367] [ccr_centralized_planner]: Sent plan [53, 51, 32, 35, 10, 9] to robotA
[ccr_centralized_planner-15] [INFO] [1729090629.233266091] [ccr_centralized_planner]: Received state 53 from robotA
[ccr_centralized_planner-15] [INFO] [1729090629.431582976] [ccr_centralized_planner]: 
[ccr_centralized_planner-15] 
[ccr_centralized_planner-15]  did not replan 
[ccr_centralized_planner-15] 
[ccr_centralized_planner-15] [INFO] [1729090629.432276588] [ccr_centralized_planner]: Sent plan [53, 51, 32, 35, 10, 9] to robotA
[ccr_centralized_planner-15] [INFO] [1729090629.433367639] [ccr_centralized_planner]: Received state 53 from robotA
[ccr_centralized_planner-15] [INFO] [1729090629.631919171] [ccr_centralized_planner]: 
[ccr_centralized_planner-15] 
[ccr_centralized_planner-15]  did not replan 
[ccr_centralized_planner-15] 
[ccr_centralized_planner-15] [INFO] [1729090629.632643440] [ccr_centralized_planner]: Sent plan [53, 51, 32, 35, 10, 9] to robotA
[ccr_centralized_planner-15] [INFO] [1729090629.635023672] [ccr_centralized_planner]: Received state 51 from robotA
[ccr_local_planner-14] [INFO] [1729090629.635187908] [robotA.ccr_local_planner]: new state 51
[ccr_centralized_planner-15] [INFO] [1729090629.832156743] [ccr_centralized_planner]: 
[ccr_centralized_planner-15] 
[ccr_centralized_planner-15]  did not replan 
[ccr_centralized_planner-15] 
[command_node-3] [INFO] [1729090629.832457293] [command_node]: robotA: running
[ccr_centralized_planner-15] [INFO] [1729090629.832890369] [ccr_centralized_planner]: Sent plan [51, 32, 35, 10, 9] to robotA
[ccr_centralized_planner-15] [INFO] [1729090629.834820964] [ccr_centralized_planner]: Received state 51 from robotA
[ccr_local_planner-14] [INFO] [1729090629.859317126] [robotA.ccr_local_planner]: new plan: [51, 32, 35], remainder: [10, 9]
[ccr_centralized_planner-15] [INFO] [1729090630.032976319] [ccr_centralized_planner]: 
[ccr_centralized_planner-15] 
[ccr_centralized_planner-15]  did not replan 
[ccr_centralized_planner-15] 
[ccr_centralized_planner-15] [INFO] [1729090630.033745501] [ccr_centralized_planner]: Sent plan [51, 32, 35, 10, 9] to robotA
[ccr_centralized_planner-15] [INFO] [1729090630.036051484] [ccr_centralized_planner]: Received state 51 from robotA
[ccr_centralized_planner-15] [INFO] [1729090630.233346688] [ccr_centralized_planner]: 
[ccr_centralized_planner-15] 
[ccr_centralized_planner-15]  did not replan 
[ccr_centralized_planner-15] 
[ccr_centralized_planner-15] [INFO] [1729090630.234071247] [ccr_centralized_planner]: Sent plan [51, 32, 35, 10, 9] to robotA
[ccr_centralized_planner-15] [INFO] [1729090630.240183788] [ccr_centralized_planner]: Received state 32 from robotA
[ccr_local_planner-14] [INFO] [1729090630.240405421] [robotA.ccr_local_planner]: new state 32
[ccr_centralized_planner-15] [INFO] [1729090630.433797065] [ccr_centralized_planner]: 
[ccr_centralized_planner-15] 
[ccr_centralized_planner-15]  did not replan 
[ccr_centralized_planner-15] 
[ccr_centralized_planner-15] [INFO] [1729090630.434841500] [ccr_centralized_planner]: Sent plan [32, 35, 10, 9] to robotA
[ccr_centralized_planner-15] [INFO] [1729090630.436577112] [ccr_centralized_planner]: Received state 32 from robotA
[ccr_local_planner-14] [INFO] [1729090630.460564066] [robotA.ccr_local_planner]: new plan: [32, 35, 10], remainder: [9]
[ccr_centralized_planner-15] [INFO] [1729090630.633806913] [ccr_centralized_planner]: 
[ccr_centralized_planner-15] 
[ccr_centralized_planner-15]  did not replan 
[ccr_centralized_planner-15] 
[ccr_centralized_planner-15] [INFO] [1729090630.634499553] [ccr_centralized_planner]: Sent plan [32, 35, 10, 9] to robotA
[ccr_centralized_planner-15] [INFO] [1729090630.636280619] [ccr_centralized_planner]: Received state 32 from robotA
[ccr_centralized_planner-15] [INFO] [1729090630.834527014] [ccr_centralized_planner]: 
[ccr_centralized_planner-15] 
[ccr_centralized_planner-15]  did not replan 
[ccr_centralized_planner-15] 
[ccr_centralized_planner-15] [INFO] [1729090630.835252044] [ccr_centralized_planner]: Sent plan [32, 35, 10, 9] to robotA
[ccr_centralized_planner-15] [INFO] [1729090630.936001750] [ccr_centralized_planner]: Received state 32 from robotA
[ccr_centralized_planner-15] [INFO] [1729090631.034526823] [ccr_centralized_planner]: 
[ccr_centralized_planner-15] 
[ccr_centralized_planner-15]  did not replan 
[ccr_centralized_planner-15] 
[ccr_centralized_planner-15] [INFO] [1729090631.035212299] [ccr_centralized_planner]: Sent plan [32, 35, 10, 9] to robotA
[ccr_centralized_planner-15] [INFO] [1729090631.141261041] [ccr_centralized_planner]: Received state 32 from robotA
[ccr_centralized_planner-15] [INFO] [1729090631.234931917] [ccr_centralized_planner]: 
[ccr_centralized_planner-15] 
[ccr_centralized_planner-15]  did not replan 
[ccr_centralized_planner-15] 
[ccr_centralized_planner-15] [INFO] [1729090631.235624025] [ccr_centralized_planner]: Sent plan [32, 35, 10, 9] to robotA
[ccr_centralized_planner-15] [INFO] [1729090631.342487064] [ccr_centralized_planner]: Received state 32 from robotA
[ccr_centralized_planner-15] [INFO] [1729090631.435245009] [ccr_centralized_planner]: 
[ccr_centralized_planner-15] 
[ccr_centralized_planner-15]  did not replan 
[ccr_centralized_planner-15] 
[ccr_centralized_planner-15] [INFO] [1729090631.435966543] [ccr_centralized_planner]: Sent plan [32, 35, 10, 9] to robotA
[ccr_centralized_planner-15] [INFO] [1729090631.537758328] [ccr_centralized_planner]: Received state 32 from robotA
[ccr_centralized_planner-15] [INFO] [1729090631.735842015] [ccr_centralized_planner]: 
[ccr_centralized_planner-15] 
[ccr_centralized_planner-15]  did not replan 
[ccr_centralized_planner-15] 
[ccr_centralized_planner-15] [INFO] [1729090631.736592340] [ccr_centralized_planner]: Sent plan [32, 35, 10, 9] to robotA
[ccr_centralized_planner-15] [INFO] [1729090631.737485923] [ccr_centralized_planner]: Received state 32 from robotA
[ccr_centralized_planner-15] [INFO] [1729090631.935891106] [ccr_centralized_planner]: 
[ccr_centralized_planner-15] 
[ccr_centralized_planner-15]  did not replan 
[ccr_centralized_planner-15] 
[command_node-3] [INFO] [1729090631.936084808] [command_node]: robotA: running
[ccr_centralized_planner-15] [INFO] [1729090631.936571309] [ccr_centralized_planner]: Sent plan [32, 35, 10, 9] to robotA
[ccr_centralized_planner-15] [INFO] [1729090631.938407137] [ccr_centralized_planner]: Received state 32 from robotA
[ccr_centralized_planner-15] [INFO] [1729090632.136453348] [ccr_centralized_planner]: 
[ccr_centralized_planner-15] 
[ccr_centralized_planner-15]  did not replan 
[ccr_centralized_planner-15] 
[ccr_centralized_planner-15] [INFO] [1729090632.137491862] [ccr_centralized_planner]: Sent plan [32, 35, 10, 9] to robotA
[ccr_centralized_planner-15] [INFO] [1729090632.138753394] [ccr_centralized_planner]: Received state 32 from robotA
[ccr_centralized_planner-15] [INFO] [1729090632.336790738] [ccr_centralized_planner]: 
[ccr_centralized_planner-15] 
[ccr_centralized_planner-15]  did not replan 
[ccr_centralized_planner-15] 
[ccr_centralized_planner-15] [INFO] [1729090632.337485639] [ccr_centralized_planner]: Sent plan [32, 35, 10, 9] to robotA
[ccr_centralized_planner-15] [INFO] [1729090632.340504792] [ccr_centralized_planner]: Received state 32 from robotA
[ccr_centralized_planner-15] [INFO] [1729090632.537517107] [ccr_centralized_planner]: 
[ccr_centralized_planner-15] 
[ccr_centralized_planner-15]  did not replan 
[ccr_centralized_planner-15] 
[ccr_centralized_planner-15] [INFO] [1729090632.538521227] [ccr_centralized_planner]: Sent plan [32, 35, 10, 9] to robotA
[ccr_centralized_planner-15] [INFO] [1729090632.540370279] [ccr_centralized_planner]: Received state 32 from robotA
[ccr_centralized_planner-15] [INFO] [1729090632.737682245] [ccr_centralized_planner]: 
[ccr_centralized_planner-15] 
[ccr_centralized_planner-15]  did not replan 
[ccr_centralized_planner-15] 
[ccr_centralized_planner-15] [INFO] [1729090632.738376876] [ccr_centralized_planner]: Sent plan [32, 35, 10, 9] to robotA
[ccr_centralized_planner-15] [INFO] [1729090632.740425962] [ccr_centralized_planner]: Received state 32 from robotA
[ccr_centralized_planner-15] [INFO] [1729090632.937855238] [ccr_centralized_planner]: 
[ccr_centralized_planner-15] 
[ccr_centralized_planner-15]  did not replan 
[ccr_centralized_planner-15] 
[ccr_centralized_planner-15] [INFO] [1729090632.938551922] [ccr_centralized_planner]: Sent plan [32, 35, 10, 9] to robotA
[ccr_centralized_planner-15] [INFO] [1729090632.940420120] [ccr_centralized_planner]: Received state 32 from robotA
[ccr_centralized_planner-15] [INFO] [1729090633.138858696] [ccr_centralized_planner]: 
[ccr_centralized_planner-15] 
[ccr_centralized_planner-15]  did not replan 
[ccr_centralized_planner-15] 
[ccr_centralized_planner-15] [INFO] [1729090633.139872845] [ccr_centralized_planner]: Sent plan [32, 35, 10, 9] to robotA
[ccr_local_planner-14] [INFO] [1729090633.143214712] [robotA.ccr_local_planner]: new state 35
[ccr_centralized_planner-15] [INFO] [1729090633.143848318] [ccr_centralized_planner]: Received state 35 from robotA
[ccr_centralized_planner-15] [INFO] [1729090633.338902867] [ccr_centralized_planner]: 
[ccr_centralized_planner-15] 
[ccr_centralized_planner-15]  did not replan 
[ccr_centralized_planner-15] 
[ccr_centralized_planner-15] [INFO] [1729090633.339646269] [ccr_centralized_planner]: Sent plan [35, 10, 9] to robotA
[ccr_centralized_planner-15] [INFO] [1729090633.341448644] [ccr_centralized_planner]: Received state 35 from robotA
[ccr_local_planner-14] [INFO] [1729090633.369668371] [robotA.ccr_local_planner]: new plan: [35, 10, 9]
[ccr_centralized_planner-15] [INFO] [1729090633.539100736] [ccr_centralized_planner]: 
[ccr_centralized_planner-15] 
[ccr_centralized_planner-15]  did not replan 
[ccr_centralized_planner-15] 
[ccr_centralized_planner-15] [INFO] [1729090633.539931812] [ccr_centralized_planner]: Sent plan [35, 10, 9] to robotA
[ccr_centralized_planner-15] [INFO] [1729090633.541412535] [ccr_centralized_planner]: Received state 35 from robotA
[ccr_centralized_planner-15] [INFO] [1729090633.739881468] [ccr_centralized_planner]: 
[ccr_centralized_planner-15] 
[ccr_centralized_planner-15]  did not replan 
[ccr_centralized_planner-15] 
[ccr_centralized_planner-15] [INFO] [1729090633.740897560] [ccr_centralized_planner]: Sent plan [35, 10, 9] to robotA
[ccr_local_planner-14] [INFO] [1729090633.741724318] [robotA.ccr_local_planner]: new state 10
[ccr_centralized_planner-15] [INFO] [1729090633.742040129] [ccr_centralized_planner]: Received state 10 from robotA
[ccr_centralized_planner-15] [INFO] [1729090633.940234607] [ccr_centralized_planner]: 
[ccr_centralized_planner-15] 
[ccr_centralized_planner-15]  did not replan 
[ccr_centralized_planner-15] 
[command_node-3] [INFO] [1729090633.940429572] [command_node]: robotA: running
[ccr_centralized_planner-15] [INFO] [1729090633.941337993] [ccr_centralized_planner]: Sent plan [10, 9] to robotA
[ccr_centralized_planner-15] [INFO] [1729090633.942509467] [ccr_centralized_planner]: Received state 10 from robotA
[ccr_local_planner-14] [INFO] [1729090633.960080676] [robotA.ccr_local_planner]: new plan: [10, 9]
[ccr_centralized_planner-15] [INFO] [1729090634.140782462] [ccr_centralized_planner]: 
[ccr_centralized_planner-15] 
[ccr_centralized_planner-15]  did not replan 
[ccr_centralized_planner-15] 
[ccr_centralized_planner-15] [INFO] [1729090634.141444391] [ccr_centralized_planner]: Sent plan [10, 9] to robotA
[ccr_centralized_planner-15] [INFO] [1729090634.142497293] [ccr_centralized_planner]: Received state 10 from robotA
[ccr_centralized_planner-15] [INFO] [1729090634.341352609] [ccr_centralized_planner]: 
[ccr_centralized_planner-15] 
[ccr_centralized_planner-15]  did not replan 
[ccr_centralized_planner-15] 
[ccr_centralized_planner-15] [INFO] [1729090634.342125496] [ccr_centralized_planner]: Sent plan [10, 9] to robotA
[ccr_centralized_planner-15] [INFO] [1729090634.343239291] [ccr_centralized_planner]: Received state 10 from robotA
[ccr_centralized_planner-15] [INFO] [1729090634.541651256] [ccr_centralized_planner]: 
[ccr_centralized_planner-15] 
[ccr_centralized_planner-15]  did not replan 
[ccr_centralized_planner-15] 
[ccr_centralized_planner-15] [INFO] [1729090634.542566039] [ccr_centralized_planner]: Sent plan [10, 9] to robotA
[ccr_centralized_planner-15] [INFO] [1729090634.543754364] [ccr_centralized_planner]: Received state 10 from robotA
[ccr_centralized_planner-15] [INFO] [1729090634.742076071] [ccr_centralized_planner]: 
[ccr_centralized_planner-15] 
[ccr_centralized_planner-15]  did not replan 
[ccr_centralized_planner-15] 
[ccr_centralized_planner-15] [INFO] [1729090634.742792703] [ccr_centralized_planner]: Sent plan [10, 9] to robotA
[ccr_centralized_planner-15] [INFO] [1729090634.744518685] [ccr_centralized_planner]: Received state 10 from robotA
[ccr_centralized_planner-15] [INFO] [1729090634.942883872] [ccr_centralized_planner]: 
[ccr_centralized_planner-15] 
[ccr_centralized_planner-15]  did not replan 
[ccr_centralized_planner-15] 
[ccr_centralized_planner-15] [INFO] [1729090634.943766615] [ccr_centralized_planner]: Sent plan [10, 9] to robotA
[ccr_centralized_planner-15] [INFO] [1729090634.946332770] [ccr_centralized_planner]: Received state 10 from robotA
[ccr_centralized_planner-15] [INFO] [1729090635.143131645] [ccr_centralized_planner]: 
[ccr_centralized_planner-15] 
[ccr_centralized_planner-15]  did not replan 
[ccr_centralized_planner-15] 
[ccr_centralized_planner-15] [INFO] [1729090635.143973180] [ccr_centralized_planner]: Sent plan [10, 9] to robotA
[ccr_centralized_planner-15] [INFO] [1729090635.151873052] [ccr_centralized_planner]: Received state 10 from robotA
[ccr_centralized_planner-15] [INFO] [1729090635.343423871] [ccr_centralized_planner]: 
[ccr_centralized_planner-15] 
[ccr_centralized_planner-15]  did not replan 
[ccr_centralized_planner-15] 
[ccr_centralized_planner-15] [INFO] [1729090635.344191869] [ccr_centralized_planner]: Sent plan [10, 9] to robotA
[ccr_centralized_planner-15] [INFO] [1729090635.345573266] [ccr_centralized_planner]: Received state 10 from robotA
[ccr_centralized_planner-15] [INFO] [1729090635.543666725] [ccr_centralized_planner]: 
[ccr_centralized_planner-15] 
[ccr_centralized_planner-15]  did not replan 
[ccr_centralized_planner-15] 
[ccr_centralized_planner-15] [INFO] [1729090635.544381373] [ccr_centralized_planner]: Sent plan [10, 9] to robotA
[ccr_centralized_planner-15] [INFO] [1729090635.645781870] [ccr_centralized_planner]: Received state 10 from robotA
[ccr_centralized_planner-15] [INFO] [1729090635.744115944] [ccr_centralized_planner]: 
[ccr_centralized_planner-15] 
[ccr_centralized_planner-15]  did not replan 
[ccr_centralized_planner-15] 
[ccr_centralized_planner-15] [INFO] [1729090635.744824722] [ccr_centralized_planner]: Sent plan [10, 9] to robotA
[ccr_local_planner-14] [INFO] [1729090635.849986090] [robotA.ccr_local_planner]: new state 9
[ccr_goal_provider-12] [INFO] [1729090635.850254873] [ccr_goal_provider]: [32mgoal completed:[0m robotA reached goal 9, going to goal 1 within state 1
[ccr_centralized_planner-15] [INFO] [1729090635.850430893] [ccr_centralized_planner]: Received state 9 from robotA
[ccr_centralized_planner-15] [INFO] [1729090635.944466250] [ccr_centralized_planner]: 
[ccr_centralized_planner-15] 
[ccr_centralized_planner-15]  did not replan 
[ccr_centralized_planner-15] 
[command_node-3] [INFO] [1729090635.944657548] [command_node]: robotA: running
[ccr_centralized_planner-15] [INFO] [1729090635.945206806] [ccr_centralized_planner]: Sent plan [9] to robotA
[ccr_local_planner-14] [INFO] [1729090635.945629959] [robotA.ccr_local_planner]: new plan: [9]
[ccr_centralized_planner-15] [INFO] [1729090635.946023045] [ccr_centralized_planner]: Received goal 1 from robotA
[ccr_centralized_planner-15] [INFO] [1729090636.055671133] [ccr_centralized_planner]: Received state 9 from robotA
[ccr_centralized_planner-15] [INFO] [1729090636.144804852] [ccr_centralized_planner]: 
[ccr_centralized_planner-15] 
[ccr_centralized_planner-15]  replaned due to new goal
[ccr_centralized_planner-15] 
[ccr_centralized_planner-15] [INFO] [1729090636.167292928] [ccr_centralized_planner]: Sent plan [9, 11, 35, 50, 51, 53, 39, 55, 56, 57, 5, 1] to robotA
[ccr_local_planner-14] [INFO] [1729090636.175661357] [robotA.ccr_local_planner]: new plan: [9, 11, 35], remainder: [50, 51, 53, 39, 55, 56, 57, 5, 1]
[ccr_centralized_planner-15] [INFO] [1729090636.248207318] [ccr_centralized_planner]: Received state 9 from robotA
[ccr_centralized_planner-15] [INFO] [1729090636.445756277] [ccr_centralized_planner]: 
[ccr_centralized_planner-15] 
[ccr_centralized_planner-15]  did not replan 
[ccr_centralized_planner-15] 
[ccr_centralized_planner-15] [INFO] [1729090636.446564019] [ccr_centralized_planner]: Sent plan [9, 11, 35, 50, 51, 53, 39, 55, 56, 57, 5, 1] to robotA
[ccr_centralized_planner-15] [INFO] [1729090636.447442675] [ccr_centralized_planner]: Received state 9 from robotA
[ccr_centralized_planner-15] [INFO] [1729090636.646685877] [ccr_centralized_planner]: 
[ccr_centralized_planner-15] 
[ccr_centralized_planner-15]  did not replan 
[ccr_centralized_planner-15] 
[ccr_centralized_planner-15] [INFO] [1729090636.647450709] [ccr_centralized_planner]: Sent plan [9, 11, 35, 50, 51, 53, 39, 55, 56, 57, 5, 1] to robotA
[ccr_centralized_planner-15] [INFO] [1729090636.648719434] [ccr_centralized_planner]: Received state 9 from robotA
[ccr_centralized_planner-15] [INFO] [1729090636.846915836] [ccr_centralized_planner]: 
[ccr_centralized_planner-15] 
[ccr_centralized_planner-15]  did not replan 
[ccr_centralized_planner-15] 
[ccr_centralized_planner-15] [INFO] [1729090636.847835258] [ccr_centralized_planner]: Sent plan [9, 11, 35, 50, 51, 53, 39, 55, 56, 57, 5, 1] to robotA
[ccr_centralized_planner-15] [INFO] [1729090636.849686093] [ccr_centralized_planner]: Received state 9 from robotA
[ccr_centralized_planner-15] [INFO] [1729090637.047238048] [ccr_centralized_planner]: 
[ccr_centralized_planner-15] 
[ccr_centralized_planner-15]  did not replan 
[ccr_centralized_planner-15] 
[ccr_centralized_planner-15] [INFO] [1729090637.048142862] [ccr_centralized_planner]: Sent plan [9, 11, 35, 50, 51, 53, 39, 55, 56, 57, 5, 1] to robotA
[ccr_centralized_planner-15] [INFO] [1729090637.050694570] [ccr_centralized_planner]: Received state 9 from robotA
[ccr_centralized_planner-15] [INFO] [1729090637.248007117] [ccr_centralized_planner]: 
[ccr_centralized_planner-15] 
[ccr_centralized_planner-15]  did not replan 
[ccr_centralized_planner-15] 
[ccr_centralized_planner-15] [INFO] [1729090637.249056081] [ccr_centralized_planner]: Sent plan [9, 11, 35, 50, 51, 53, 39, 55, 56, 57, 5, 1] to robotA
[ccr_centralized_planner-15] [INFO] [1729090637.250341538] [ccr_centralized_planner]: Received state 9 from robotA
[ccr_centralized_planner-15] [INFO] [1729090637.448358654] [ccr_centralized_planner]: 
[ccr_centralized_planner-15] 
[ccr_centralized_planner-15]  did not replan 
[ccr_centralized_planner-15] 
[ccr_centralized_planner-15] [INFO] [1729090637.449383253] [ccr_centralized_planner]: Sent plan [9, 11, 35, 50, 51, 53, 39, 55, 56, 57, 5, 1] to robotA
[ccr_centralized_planner-15] [INFO] [1729090637.450430093] [ccr_centralized_planner]: Received state 9 from robotA
[ccr_centralized_planner-15] [INFO] [1729090637.648979776] [ccr_centralized_planner]: 
[ccr_centralized_planner-15] 
[ccr_centralized_planner-15]  did not replan 
[ccr_centralized_planner-15] 
[ccr_centralized_planner-15] [INFO] [1729090637.649960883] [ccr_centralized_planner]: Sent plan [9, 11, 35, 50, 51, 53, 39, 55, 56, 57, 5, 1] to robotA
[ccr_centralized_planner-15] [INFO] [1729090637.651065031] [ccr_centralized_planner]: Received state 9 from robotA
[ccr_centralized_planner-15] [INFO] [1729090637.849368423] [ccr_centralized_planner]: 
[ccr_centralized_planner-15] 
[ccr_centralized_planner-15]  did not replan 
[ccr_centralized_planner-15] 
[ccr_centralized_planner-15] [INFO] [1729090637.850341144] [ccr_centralized_planner]: Sent plan [9, 11, 35, 50, 51, 53, 39, 55, 56, 57, 5, 1] to robotA
[ccr_centralized_planner-15] [INFO] [1729090637.853782608] [ccr_centralized_planner]: Received state 9 from robotA
[ccr_centralized_planner-15] [INFO] [1729090638.049964287] [ccr_centralized_planner]: 
[ccr_centralized_planner-15] 
[ccr_centralized_planner-15]  did not replan 
[ccr_centralized_planner-15] 
[command_node-3] [INFO] [1729090638.050017898] [command_node]: robotA: running
[ccr_centralized_planner-15] [INFO] [1729090638.050703652] [ccr_centralized_planner]: Sent plan [9, 11, 35, 50, 51, 53, 39, 55, 56, 57, 5, 1] to robotA
[ccr_centralized_planner-15] [INFO] [1729090638.059041824] [ccr_centralized_planner]: Received state 9 from robotA
[ccr_centralized_planner-15] [INFO] [1729090638.250404510] [ccr_centralized_planner]: 
[ccr_centralized_planner-15] 
[ccr_centralized_planner-15]  did not replan 
[ccr_centralized_planner-15] 
[ccr_centralized_planner-15] [INFO] [1729090638.251195221] [ccr_centralized_planner]: Sent plan [9, 11, 35, 50, 51, 53, 39, 55, 56, 57, 5, 1] to robotA
[ccr_centralized_planner-15] [INFO] [1729090638.262295545] [ccr_centralized_planner]: Received state 9 from robotA
[ccr_centralized_planner-15] [INFO] [1729090638.450895950] [ccr_centralized_planner]: 
[ccr_centralized_planner-15] 
[ccr_centralized_planner-15]  did not replan 
[ccr_centralized_planner-15] 
[ccr_centralized_planner-15] [INFO] [1729090638.451686820] [ccr_centralized_planner]: Sent plan [9, 11, 35, 50, 51, 53, 39, 55, 56, 57, 5, 1] to robotA
[ccr_centralized_planner-15] [INFO] [1729090638.453152234] [ccr_centralized_planner]: Received state 9 from robotA
[ccr_centralized_planner-15] [INFO] [1729090638.651195770] [ccr_centralized_planner]: 
[ccr_centralized_planner-15] 
[ccr_centralized_planner-15]  did not replan 
[ccr_centralized_planner-15] 
[ccr_centralized_planner-15] [INFO] [1729090638.651975159] [ccr_centralized_planner]: Sent plan [9, 11, 35, 50, 51, 53, 39, 55, 56, 57, 5, 1] to robotA
[ccr_centralized_planner-15] [INFO] [1729090638.655440668] [ccr_centralized_planner]: Received state 11 from robotA
[ccr_local_planner-14] [INFO] [1729090638.655503916] [robotA.ccr_local_planner]: new state 11
[ccr_centralized_planner-15] [INFO] [1729090638.851814217] [ccr_centralized_planner]: 
[ccr_centralized_planner-15] 
[ccr_centralized_planner-15]  did not replan 
[ccr_centralized_planner-15] 
[ccr_centralized_planner-15] [INFO] [1729090638.852533614] [ccr_centralized_planner]: Sent plan [11, 35, 50, 51, 53, 39, 55, 56, 57, 5, 1] to robotA
[ccr_centralized_planner-15] [INFO] [1729090638.854247793] [ccr_centralized_planner]: Received state 11 from robotA
[ccr_local_planner-14] [INFO] [1729090638.882613183] [robotA.ccr_local_planner]: new plan: [11, 35, 50], remainder: [51, 53, 39, 55, 56, 57, 5, 1]
[ccr_centralized_planner-15] [INFO] [1729090639.052173408] [ccr_centralized_planner]: 
[ccr_centralized_planner-15] 
[ccr_centralized_planner-15]  did not replan 
[ccr_centralized_planner-15] 
[ccr_centralized_planner-15] [INFO] [1729090639.053033178] [ccr_centralized_planner]: Sent plan [11, 35, 50, 51, 53, 39, 55, 56, 57, 5, 1] to robotA
[ccr_centralized_planner-15] [INFO] [1729090639.054935990] [ccr_centralized_planner]: Received state 11 from robotA
[ccr_centralized_planner-15] [INFO] [1729090639.252391345] [ccr_centralized_planner]: 
[ccr_centralized_planner-15] 
[ccr_centralized_planner-15]  did not replan 
[ccr_centralized_planner-15] 
[ccr_centralized_planner-15] [INFO] [1729090639.253086096] [ccr_centralized_planner]: Sent plan [11, 35, 50, 51, 53, 39, 55, 56, 57, 5, 1] to robotA
[ccr_centralized_planner-15] [INFO] [1729090639.254710868] [ccr_centralized_planner]: Received state 11 from robotA
[ccr_centralized_planner-15] [INFO] [1729090639.453110521] [ccr_centralized_planner]: 
[ccr_centralized_planner-15] 
[ccr_centralized_planner-15]  did not replan 
[ccr_centralized_planner-15] 
[ccr_centralized_planner-15] [INFO] [1729090639.454024131] [ccr_centralized_planner]: Sent plan [11, 35, 50, 51, 53, 39, 55, 56, 57, 5, 1] to robotA
[ccr_centralized_planner-15] [INFO] [1729090639.455830954] [ccr_centralized_planner]: Received state 11 from robotA
[ccr_centralized_planner-15] [INFO] [1729090639.653776977] [ccr_centralized_planner]: 
[ccr_centralized_planner-15] 
[ccr_centralized_planner-15]  did not replan 
[ccr_centralized_planner-15] 
[ccr_centralized_planner-15] [INFO] [1729090639.654492697] [ccr_centralized_planner]: Sent plan [11, 35, 50, 51, 53, 39, 55, 56, 57, 5, 1] to robotA
[ccr_local_planner-14] [INFO] [1729090639.655419773] [robotA.ccr_local_planner]: new state 35
[ccr_centralized_planner-15] [INFO] [1729090639.655586976] [ccr_centralized_planner]: Received state 35 from robotA
[ccr_centralized_planner-15] [INFO] [1729090639.854702770] [ccr_centralized_planner]: 
[ccr_centralized_planner-15] 
[ccr_centralized_planner-15]  did not replan 
[ccr_centralized_planner-15] 
[ccr_centralized_planner-15] [INFO] [1729090639.855669941] [ccr_centralized_planner]: Sent plan [35, 50, 51, 53, 39, 55, 56, 57, 5, 1] to robotA
[ccr_centralized_planner-15] [INFO] [1729090639.856928908] [ccr_centralized_planner]: Received state 35 from robotA
[ccr_local_planner-14] [INFO] [1729090639.876132384] [robotA.ccr_local_planner]: new plan: [35, 50, 51], remainder: [53, 39, 55, 56, 57, 5, 1]
[ccr_centralized_planner-15] [INFO] [1729090640.054852228] [ccr_centralized_planner]: 
[ccr_centralized_planner-15] 
[ccr_centralized_planner-15]  did not replan 
[ccr_centralized_planner-15] 
[command_node-3] [INFO] [1729090640.055060288] [command_node]: robotA: running
[ccr_centralized_planner-15] [INFO] [1729090640.055519057] [ccr_centralized_planner]: Sent plan [35, 50, 51, 53, 39, 55, 56, 57, 5, 1] to robotA
[ccr_centralized_planner-15] [INFO] [1729090640.057148177] [ccr_centralized_planner]: Received state 35 from robotA
[ccr_centralized_planner-15] [INFO] [1729090640.255153862] [ccr_centralized_planner]: 
[ccr_centralized_planner-15] 
[ccr_centralized_planner-15]  did not replan 
[ccr_centralized_planner-15] 
[ccr_centralized_planner-15] [INFO] [1729090640.255837822] [ccr_centralized_planner]: Sent plan [35, 50, 51, 53, 39, 55, 56, 57, 5, 1] to robotA
[ccr_centralized_planner-15] [INFO] [1729090640.257773026] [ccr_centralized_planner]: Received state 35 from robotA
[ccr_centralized_planner-15] [INFO] [1729090640.455553940] [ccr_centralized_planner]: 
[ccr_centralized_planner-15] 
[ccr_centralized_planner-15]  did not replan 
[ccr_centralized_planner-15] 
[ccr_centralized_planner-15] [INFO] [1729090640.456211531] [ccr_centralized_planner]: Sent plan [35, 50, 51, 53, 39, 55, 56, 57, 5, 1] to robotA
[ccr_centralized_planner-15] [INFO] [1729090640.462492521] [ccr_centralized_planner]: Received state 35 from robotA
[ccr_centralized_planner-15] [INFO] [1729090640.655691777] [ccr_centralized_planner]: 
[ccr_centralized_planner-15] 
[ccr_centralized_planner-15]  did not replan 
[ccr_centralized_planner-15] 
[ccr_centralized_planner-15] [INFO] [1729090640.656361711] [ccr_centralized_planner]: Sent plan [35, 50, 51, 53, 39, 55, 56, 57, 5, 1] to robotA
[ccr_centralized_planner-15] [INFO] [1729090640.657746494] [ccr_centralized_planner]: Received state 35 from robotA
[ccr_centralized_planner-15] [INFO] [1729090640.856041621] [ccr_centralized_planner]: 
[ccr_centralized_planner-15] 
[ccr_centralized_planner-15]  did not replan 
[ccr_centralized_planner-15] 
[ccr_centralized_planner-15] [INFO] [1729090640.856885571] [ccr_centralized_planner]: Sent plan [35, 50, 51, 53, 39, 55, 56, 57, 5, 1] to robotA
[ccr_centralized_planner-15] [INFO] [1729090640.858686894] [ccr_centralized_planner]: Received state 35 from robotA
[ccr_centralized_planner-15] [INFO] [1729090641.056128513] [ccr_centralized_planner]: 
[ccr_centralized_planner-15] 
[ccr_centralized_planner-15]  did not replan 
[ccr_centralized_planner-15] 
[ccr_centralized_planner-15] [INFO] [1729090641.056873928] [ccr_centralized_planner]: Sent plan [35, 50, 51, 53, 39, 55, 56, 57, 5, 1] to robotA
[ccr_centralized_planner-15] [INFO] [1729090641.157375371] [ccr_centralized_planner]: Received state 35 from robotA
[ccr_centralized_planner-15] [INFO] [1729090641.256423884] [ccr_centralized_planner]: 
[ccr_centralized_planner-15] 
[ccr_centralized_planner-15]  did not replan 
[ccr_centralized_planner-15] 
[ccr_centralized_planner-15] [INFO] [1729090641.257102044] [ccr_centralized_planner]: Sent plan [35, 50, 51, 53, 39, 55, 56, 57, 5, 1] to robotA
[ccr_centralized_planner-15] [INFO] [1729090641.359534393] [ccr_centralized_planner]: Received state 35 from robotA
[ccr_centralized_planner-15] [INFO] [1729090641.457692709] [ccr_centralized_planner]: 
[ccr_centralized_planner-15] 
[ccr_centralized_planner-15]  did not replan 
[ccr_centralized_planner-15] 
[ccr_centralized_planner-15] [INFO] [1729090641.458425140] [ccr_centralized_planner]: Sent plan [35, 50, 51, 53, 39, 55, 56, 57, 5, 1] to robotA
[ccr_centralized_planner-15] [INFO] [1729090641.562110395] [ccr_centralized_planner]: Received state 35 from robotA
[ccr_centralized_planner-15] [INFO] [1729090641.657208061] [ccr_centralized_planner]: 
[ccr_centralized_planner-15] 
[ccr_centralized_planner-15]  did not replan 
[ccr_centralized_planner-15] 
[ccr_centralized_planner-15] [INFO] [1729090641.657899115] [ccr_centralized_planner]: Sent plan [35, 50, 51, 53, 39, 55, 56, 57, 5, 1] to robotA
[ccr_centralized_planner-15] [INFO] [1729090641.760372170] [ccr_centralized_planner]: Received state 50 from robotA
[ccr_local_planner-14] [INFO] [1729090641.760460365] [robotA.ccr_local_planner]: new state 50
[ccr_centralized_planner-15] [INFO] [1729090641.958347828] [ccr_centralized_planner]: 
[ccr_centralized_planner-15] 
[ccr_centralized_planner-15]  did not replan 
[ccr_centralized_planner-15] 
[ccr_centralized_planner-15] [INFO] [1729090641.959080961] [ccr_centralized_planner]: Sent plan [50, 51, 53, 39, 55, 56, 57, 5, 1] to robotA
[ccr_centralized_planner-15] [INFO] [1729090641.960168056] [ccr_centralized_planner]: Received state 50 from robotA
[ccr_local_planner-14] [INFO] [1729090641.989074038] [robotA.ccr_local_planner]: new plan: [50, 51, 53], remainder: [39, 55, 56, 57, 5, 1]
[command_node-3] [INFO] [1729090642.158865135] [command_node]: robotA: running
[ccr_centralized_planner-15] [INFO] [1729090642.158877378] [ccr_centralized_planner]: 
[ccr_centralized_planner-15] 
[ccr_centralized_planner-15]  did not replan 
[ccr_centralized_planner-15] 
[ccr_centralized_planner-15] [INFO] [1729090642.159591445] [ccr_centralized_planner]: Sent plan [50, 51, 53, 39, 55, 56, 57, 5, 1] to robotA
[ccr_centralized_planner-15] [INFO] [1729090642.161077848] [ccr_centralized_planner]: Received state 50 from robotA
[ccr_centralized_planner-15] [INFO] [1729090642.359075118] [ccr_centralized_planner]: 
[ccr_centralized_planner-15] 
[ccr_centralized_planner-15]  did not replan 
[ccr_centralized_planner-15] 
[ccr_centralized_planner-15] [INFO] [1729090642.359775890] [ccr_centralized_planner]: Sent plan [50, 51, 53, 39, 55, 56, 57, 5, 1] to robotA
[ccr_centralized_planner-15] [INFO] [1729090642.361898674] [ccr_centralized_planner]: Received state 50 from robotA
[ccr_centralized_planner-15] [INFO] [1729090642.559550897] [ccr_centralized_planner]: 
[ccr_centralized_planner-15] 
[ccr_centralized_planner-15]  did not replan 
[ccr_centralized_planner-15] 
[ccr_centralized_planner-15] [INFO] [1729090642.560230790] [ccr_centralized_planner]: Sent plan [50, 51, 53, 39, 55, 56, 57, 5, 1] to robotA
[ccr_centralized_planner-15] [INFO] [1729090642.562355118] [ccr_centralized_planner]: Received state 50 from robotA
[ccr_centralized_planner-15] [INFO] [1729090642.760346275] [ccr_centralized_planner]: 
[ccr_centralized_planner-15] 
[ccr_centralized_planner-15]  did not replan 
[ccr_centralized_planner-15] 
[ccr_centralized_planner-15] [INFO] [1729090642.761180758] [ccr_centralized_planner]: Sent plan [50, 51, 53, 39, 55, 56, 57, 5, 1] to robotA
[ccr_centralized_planner-15] [INFO] [1729090642.763857350] [ccr_centralized_planner]: Received state 50 from robotA
[ccr_centralized_planner-15] [INFO] [1729090642.960515171] [ccr_centralized_planner]: 
[ccr_centralized_planner-15] 
[ccr_centralized_planner-15]  did not replan 
[ccr_centralized_planner-15] 
[ccr_local_planner-14] [INFO] [1729090642.961273080] [robotA.ccr_local_planner]: new state 51
[ccr_centralized_planner-15] [INFO] [1729090642.961301854] [ccr_centralized_planner]: Sent plan [50, 51, 53, 39, 55, 56, 57, 5, 1] to robotA
[ccr_centralized_planner-15] [INFO] [1729090642.962115617] [ccr_centralized_planner]: Received state 51 from robotA
[ccr_centralized_planner-15] [INFO] [1729090643.160674147] [ccr_centralized_planner]: 
[ccr_centralized_planner-15] 
[ccr_centralized_planner-15]  did not replan 
[ccr_centralized_planner-15] 
[ccr_centralized_planner-15] [INFO] [1729090643.161464968] [ccr_centralized_planner]: Sent plan [51, 53, 39, 55, 56, 57, 5, 1] to robotA
[ccr_centralized_planner-15] [INFO] [1729090643.162982168] [ccr_centralized_planner]: Received state 51 from robotA
[ccr_local_planner-14] [INFO] [1729090643.178751103] [robotA.ccr_local_planner]: new plan: [51, 53, 39], remainder: [55, 56, 57, 5, 1]
[ccr_centralized_planner-15] [INFO] [1729090643.361497418] [ccr_centralized_planner]: 
[ccr_centralized_planner-15] 
[ccr_centralized_planner-15]  did not replan 
[ccr_centralized_planner-15] 
[ccr_centralized_planner-15] [INFO] [1729090643.362294711] [ccr_centralized_planner]: Sent plan [51, 53, 39, 55, 56, 57, 5, 1] to robotA
[ccr_centralized_planner-15] [INFO] [1729090643.368449204] [ccr_centralized_planner]: Received state 51 from robotA
[ccr_centralized_planner-15] [INFO] [1729090643.561485544] [ccr_centralized_planner]: 
[ccr_centralized_planner-15] 
[ccr_centralized_planner-15]  did not replan 
[ccr_centralized_planner-15] 
[ccr_centralized_planner-15] [INFO] [1729090643.562228375] [ccr_centralized_planner]: Sent plan [51, 53, 39, 55, 56, 57, 5, 1] to robotA
[ccr_centralized_planner-15] [INFO] [1729090643.570422697] [ccr_centralized_planner]: Received state 51 from robotA
[ccr_centralized_planner-15] [INFO] [1729090643.761536799] [ccr_centralized_planner]: 
[ccr_centralized_planner-15] 
[ccr_centralized_planner-15]  did not replan 
[ccr_centralized_planner-15] 
[ccr_centralized_planner-15] [INFO] [1729090643.762202535] [ccr_centralized_planner]: Sent plan [51, 53, 39, 55, 56, 57, 5, 1] to robotA
[ccr_centralized_planner-15] [INFO] [1729090643.764378670] [ccr_centralized_planner]: Received state 51 from robotA
[ccr_centralized_planner-15] [INFO] [1729090643.961811252] [ccr_centralized_planner]: 
[ccr_centralized_planner-15] 
[ccr_centralized_planner-15]  did not replan 
[ccr_centralized_planner-15] 
[ccr_centralized_planner-15] [INFO] [1729090643.962493850] [ccr_centralized_planner]: Sent plan [51, 53, 39, 55, 56, 57, 5, 1] to robotA
[ccr_centralized_planner-15] [INFO] [1729090643.964067066] [ccr_centralized_planner]: Received state 51 from robotA
[ccr_centralized_planner-15] [INFO] [1729090644.162154533] [ccr_centralized_planner]: 
[ccr_centralized_planner-15] 
[ccr_centralized_planner-15]  did not replan 
[ccr_centralized_planner-15] 
[command_node-3] [INFO] [1729090644.162283856] [command_node]: robotA: running
[ccr_centralized_planner-15] [INFO] [1729090644.162886694] [ccr_centralized_planner]: Sent plan [51, 53, 39, 55, 56, 57, 5, 1] to robotA
[ccr_centralized_planner-15] [INFO] [1729090644.165169098] [ccr_centralized_planner]: Received state 51 from robotA
[ccr_centralized_planner-15] [INFO] [1729090644.362564640] [ccr_centralized_planner]: 
[ccr_centralized_planner-15] 
[ccr_centralized_planner-15]  did not replan 
[ccr_centralized_planner-15] 
[ccr_centralized_planner-15] [INFO] [1729090644.363304886] [ccr_centralized_planner]: Sent plan [51, 53, 39, 55, 56, 57, 5, 1] to robotA
[ccr_centralized_planner-15] [INFO] [1729090644.364441634] [ccr_centralized_planner]: Received state 51 from robotA
[ccr_centralized_planner-15] [INFO] [1729090644.562790462] [ccr_centralized_planner]: 
[ccr_centralized_planner-15] 
[ccr_centralized_planner-15]  did not replan 
[ccr_centralized_planner-15] 
[ccr_centralized_planner-15] [INFO] [1729090644.563422886] [ccr_centralized_planner]: Sent plan [51, 53, 39, 55, 56, 57, 5, 1] to robotA
[ccr_centralized_planner-15] [INFO] [1729090644.565566440] [ccr_centralized_planner]: Received state 51 from robotA
[ccr_centralized_planner-15] [INFO] [1729090644.763201761] [ccr_centralized_planner]: 
[ccr_centralized_planner-15] 
[ccr_centralized_planner-15]  did not replan 
[ccr_centralized_planner-15] 
[ccr_centralized_planner-15] [INFO] [1729090644.764004013] [ccr_centralized_planner]: Sent plan [51, 53, 39, 55, 56, 57, 5, 1] to robotA
[ccr_centralized_planner-15] [INFO] [1729090644.764954713] [ccr_centralized_planner]: Received state 51 from robotA
[ccr_centralized_planner-15] [INFO] [1729090644.963537088] [ccr_centralized_planner]: 
[ccr_centralized_planner-15] 
[ccr_centralized_planner-15]  did not replan 
[ccr_centralized_planner-15] 
[ccr_centralized_planner-15] [INFO] [1729090644.964425061] [ccr_centralized_planner]: Sent plan [51, 53, 39, 55, 56, 57, 5, 1] to robotA
[ccr_centralized_planner-15] [INFO] [1729090644.965877660] [ccr_centralized_planner]: Received state 51 from robotA
[ccr_centralized_planner-15] [INFO] [1729090645.163394991] [ccr_centralized_planner]: 
[ccr_centralized_planner-15] 
[ccr_centralized_planner-15]  did not replan 
[ccr_centralized_planner-15] 
[ccr_centralized_planner-15] [INFO] [1729090645.164144083] [ccr_centralized_planner]: Sent plan [51, 53, 39, 55, 56, 57, 5, 1] to robotA
[ccr_centralized_planner-15] [INFO] [1729090645.173425130] [ccr_centralized_planner]: Received state 51 from robotA
[ccr_centralized_planner-15] [INFO] [1729090645.363739124] [ccr_centralized_planner]: 
[ccr_centralized_planner-15] 
[ccr_centralized_planner-15]  did not replan 
[ccr_centralized_planner-15] 
[ccr_centralized_planner-15] [INFO] [1729090645.364513854] [ccr_centralized_planner]: Sent plan [51, 53, 39, 55, 56, 57, 5, 1] to robotA
[ccr_local_planner-14] [INFO] [1729090645.365970892] [robotA.ccr_local_planner]: new state 53
[ccr_centralized_planner-15] [INFO] [1729090645.366064998] [ccr_centralized_planner]: Received state 53 from robotA
[ccr_centralized_planner-15] [INFO] [1729090645.564445916] [ccr_centralized_planner]: 
[ccr_centralized_planner-15] 
[ccr_centralized_planner-15]  did not replan 
[ccr_centralized_planner-15] 
[ccr_centralized_planner-15] [INFO] [1729090645.565130558] [ccr_centralized_planner]: Sent plan [53, 39, 55, 56, 57, 5, 1] to robotA
[ccr_centralized_planner-15] [INFO] [1729090645.567014996] [ccr_centralized_planner]: Received state 53 from robotA
[ccr_local_planner-14] [INFO] [1729090645.585922678] [robotA.ccr_local_planner]: new plan: [53, 39, 55], remainder: [56, 57, 5, 1]
[ccr_centralized_planner-15] [INFO] [1729090645.765034597] [ccr_centralized_planner]: 
[ccr_centralized_planner-15] 
[ccr_centralized_planner-15]  did not replan 
[ccr_centralized_planner-15] 
[ccr_centralized_planner-15] [INFO] [1729090645.765797445] [ccr_centralized_planner]: Sent plan [53, 39, 55, 56, 57, 5, 1] to robotA
[ccr_centralized_planner-15] [INFO] [1729090645.869635757] [ccr_centralized_planner]: Received state 53 from robotA
[ccr_centralized_planner-15] [INFO] [1729090645.965461445] [ccr_centralized_planner]: 
[ccr_centralized_planner-15] 
[ccr_centralized_planner-15]  did not replan 
[ccr_centralized_planner-15] 
[ccr_centralized_planner-15] [INFO] [1729090645.966072599] [ccr_centralized_planner]: Sent plan [53, 39, 55, 56, 57, 5, 1] to robotA
[ccr_centralized_planner-15] [INFO] [1729090646.075207778] [ccr_centralized_planner]: Received state 53 from robotA
[ccr_centralized_planner-15] [INFO] [1729090646.165929441] [ccr_centralized_planner]: 
[ccr_centralized_planner-15] 
[ccr_centralized_planner-15]  did not replan 
[ccr_centralized_planner-15] 
[command_node-3] [INFO] [1729090646.166436340] [command_node]: robotA: running
[ccr_centralized_planner-15] [INFO] [1729090646.166718157] [ccr_centralized_planner]: Sent plan [53, 39, 55, 56, 57, 5, 1] to robotA
[ccr_centralized_planner-15] [INFO] [1729090646.280776904] [ccr_centralized_planner]: Received state 53 from robotA
[ccr_centralized_planner-15] [INFO] [1729090646.366326944] [ccr_centralized_planner]: 
[ccr_centralized_planner-15] 
[ccr_centralized_planner-15]  did not replan 
[ccr_centralized_planner-15] 
[ccr_centralized_planner-15] [INFO] [1729090646.367130498] [ccr_centralized_planner]: Sent plan [53, 39, 55, 56, 57, 5, 1] to robotA
[ccr_centralized_planner-15] [INFO] [1729090646.468957463] [ccr_centralized_planner]: Received state 53 from robotA
[ccr_centralized_planner-15] [INFO] [1729090646.666544093] [ccr_centralized_planner]: 
[ccr_centralized_planner-15] 
[ccr_centralized_planner-15]  did not replan 
[ccr_centralized_planner-15] 
[ccr_centralized_planner-15] [INFO] [1729090646.667260064] [ccr_centralized_planner]: Sent plan [53, 39, 55, 56, 57, 5, 1] to robotA
[ccr_centralized_planner-15] [INFO] [1729090646.669874359] [ccr_centralized_planner]: Received state 53 from robotA
[ccr_centralized_planner-15] [INFO] [1729090646.866935325] [ccr_centralized_planner]: 
[ccr_centralized_planner-15] 
[ccr_centralized_planner-15]  did not replan 
[ccr_centralized_planner-15] 
[ccr_centralized_planner-15] [INFO] [1729090646.867630026] [ccr_centralized_planner]: Sent plan [53, 39, 55, 56, 57, 5, 1] to robotA
[ccr_centralized_planner-15] [INFO] [1729090646.868887320] [ccr_centralized_planner]: Received state 53 from robotA
[ccr_centralized_planner-15] [INFO] [1729090647.067075016] [ccr_centralized_planner]: 
[ccr_centralized_planner-15] 
[ccr_centralized_planner-15]  did not replan 
[ccr_centralized_planner-15] 
[ccr_centralized_planner-15] [INFO] [1729090647.067845498] [ccr_centralized_planner]: Sent plan [53, 39, 55, 56, 57, 5, 1] to robotA
[ccr_centralized_planner-15] [INFO] [1729090647.069969435] [ccr_centralized_planner]: Received state 53 from robotA
[ccr_centralized_planner-15] [INFO] [1729090647.267461508] [ccr_centralized_planner]: 
[ccr_centralized_planner-15] 
[ccr_centralized_planner-15]  did not replan 
[ccr_centralized_planner-15] 
[ccr_centralized_planner-15] [INFO] [1729090647.268192957] [ccr_centralized_planner]: Sent plan [53, 39, 55, 56, 57, 5, 1] to robotA
[ccr_centralized_planner-15] [INFO] [1729090647.269751686] [ccr_centralized_planner]: Received state 53 from robotA
[ccr_centralized_planner-15] [INFO] [1729090647.467718528] [ccr_centralized_planner]: 
[ccr_centralized_planner-15] 
[ccr_centralized_planner-15]  did not replan 
[ccr_centralized_planner-15] 
[ccr_centralized_planner-15] [INFO] [1729090647.468464615] [ccr_centralized_planner]: Sent plan [53, 39, 55, 56, 57, 5, 1] to robotA
[ccr_centralized_planner-15] [INFO] [1729090647.469299779] [ccr_centralized_planner]: Received state 53 from robotA
[ccr_centralized_planner-15] [INFO] [1729090647.667836177] [ccr_centralized_planner]: 
[ccr_centralized_planner-15] 
[ccr_centralized_planner-15]  did not replan 
[ccr_centralized_planner-15] 
[ccr_centralized_planner-15] [INFO] [1729090647.668599477] [ccr_centralized_planner]: Sent plan [53, 39, 55, 56, 57, 5, 1] to robotA
[ccr_centralized_planner-15] [INFO] [1729090647.669549686] [ccr_centralized_planner]: Received state 53 from robotA
[ccr_centralized_planner-15] [INFO] [1729090647.868273334] [ccr_centralized_planner]: 
[ccr_centralized_planner-15] 
[ccr_centralized_planner-15]  did not replan 
[ccr_centralized_planner-15] 
[ccr_centralized_planner-15] [INFO] [1729090647.868983645] [ccr_centralized_planner]: Sent plan [53, 39, 55, 56, 57, 5, 1] to robotA
[ccr_local_planner-14] [INFO] [1729090647.869747495] [robotA.ccr_local_planner]: new state 39
[ccr_centralized_planner-15] [INFO] [1729090647.870060731] [ccr_centralized_planner]: Received state 39 from robotA
[ccr_centralized_planner-15] [INFO] [1729090648.068579447] [ccr_centralized_planner]: 
[ccr_centralized_planner-15] 
[ccr_centralized_planner-15]  did not replan 
[ccr_centralized_planner-15] 
[ccr_centralized_planner-15] [INFO] [1729090648.069335873] [ccr_centralized_planner]: Sent plan [39, 55, 56, 57, 5, 1] to robotA
[ccr_local_planner-14] [INFO] [1729090648.072576681] [robotA.ccr_local_planner]: new plan: [39, 55, 56], remainder: [57, 5, 1]
[ccr_centralized_planner-15] [INFO] [1729090648.083602074] [ccr_centralized_planner]: Received state 39 from robotA
[ccr_centralized_planner-15] [INFO] [1729090648.268894435] [ccr_centralized_planner]: 
[ccr_centralized_planner-15] 
[ccr_centralized_planner-15]  did not replan 
[ccr_centralized_planner-15] 
[command_node-3] [INFO] [1729090648.268926175] [command_node]: robotA: running
[ccr_centralized_planner-15] [INFO] [1729090648.269607531] [ccr_centralized_planner]: Sent plan [39, 55, 56, 57, 5, 1] to robotA
[ccr_centralized_planner-15] [INFO] [1729090648.276392464] [ccr_centralized_planner]: Received state 39 from robotA
[ccr_centralized_planner-15] [INFO] [1729090648.469460414] [ccr_centralized_planner]: 
[ccr_centralized_planner-15] 
[ccr_centralized_planner-15]  did not replan 
[ccr_centralized_planner-15] 
[ccr_centralized_planner-15] [INFO] [1729090648.470251445] [ccr_centralized_planner]: Sent plan [39, 55, 56, 57, 5, 1] to robotA
[ccr_centralized_planner-15] [INFO] [1729090648.472120275] [ccr_centralized_planner]: Received state 39 from robotA
[ccr_centralized_planner-15] [INFO] [1729090648.670080184] [ccr_centralized_planner]: 
[ccr_centralized_planner-15] 
[ccr_centralized_planner-15]  did not replan 
[ccr_centralized_planner-15] 
[ccr_centralized_planner-15] [INFO] [1729090648.670938461] [ccr_centralized_planner]: Sent plan [39, 55, 56, 57, 5, 1] to robotA
[ccr_centralized_planner-15] [INFO] [1729090648.672869827] [ccr_centralized_planner]: Received state 39 from robotA
[ccr_centralized_planner-15] [INFO] [1729090648.870408276] [ccr_centralized_planner]: 
[ccr_centralized_planner-15] 
[ccr_centralized_planner-15]  did not replan 
[ccr_centralized_planner-15] 
[ccr_centralized_planner-15] [INFO] [1729090648.871334380] [ccr_centralized_planner]: Sent plan [39, 55, 56, 57, 5, 1] to robotA
[ccr_centralized_planner-15] [INFO] [1729090648.872754990] [ccr_centralized_planner]: Received state 39 from robotA
[ccr_centralized_planner-15] [INFO] [1729090649.070068459] [ccr_centralized_planner]: 
[ccr_centralized_planner-15] 
[ccr_centralized_planner-15]  did not replan 
[ccr_centralized_planner-15] 
[ccr_centralized_planner-15] [INFO] [1729090649.070786864] [ccr_centralized_planner]: Sent plan [39, 55, 56, 57, 5, 1] to robotA
[ccr_local_planner-14] [INFO] [1729090649.072590241] [robotA.ccr_local_planner]: new state 55
[ccr_centralized_planner-15] [INFO] [1729090649.072644423] [ccr_centralized_planner]: Received state 55 from robotA
[ccr_centralized_planner-15] [INFO] [1729090649.270846605] [ccr_centralized_planner]: 
[ccr_centralized_planner-15] 
[ccr_centralized_planner-15]  did not replan 
[ccr_centralized_planner-15] 
[ccr_centralized_planner-15] [INFO] [1729090649.271721483] [ccr_centralized_planner]: Sent plan [55, 56, 57, 5, 1] to robotA
[ccr_centralized_planner-15] [INFO] [1729090649.273904701] [ccr_centralized_planner]: Received state 55 from robotA
[ccr_local_planner-14] [INFO] [1729090649.295920482] [robotA.ccr_local_planner]: new plan: [55, 56, 57], remainder: [5, 1]
[ccr_centralized_planner-15] [INFO] [1729090649.471358532] [ccr_centralized_planner]: 
[ccr_centralized_planner-15] 
[ccr_centralized_planner-15]  did not replan 
[ccr_centralized_planner-15] 
[ccr_centralized_planner-15] [INFO] [1729090649.472102776] [ccr_centralized_planner]: Sent plan [55, 56, 57, 5, 1] to robotA
[ccr_centralized_planner-15] [INFO] [1729090649.472985629] [ccr_centralized_planner]: Received state 55 from robotA
[ccr_centralized_planner-15] [INFO] [1729090649.671548277] [ccr_centralized_planner]: 
[ccr_centralized_planner-15] 
[ccr_centralized_planner-15]  did not replan 
[ccr_centralized_planner-15] 
[ccr_centralized_planner-15] [INFO] [1729090649.672327897] [ccr_centralized_planner]: Sent plan [55, 56, 57, 5, 1] to robotA
[ccr_centralized_planner-15] [INFO] [1729090649.674033811] [ccr_centralized_planner]: Received state 55 from robotA
[ccr_centralized_planner-15] [INFO] [1729090649.871963774] [ccr_centralized_planner]: 
[ccr_centralized_planner-15] 
[ccr_centralized_planner-15]  did not replan 
[ccr_centralized_planner-15] 
[ccr_centralized_planner-15] [INFO] [1729090649.872581660] [ccr_centralized_planner]: Sent plan [55, 56, 57, 5, 1] to robotA
[ccr_centralized_planner-15] [INFO] [1729090649.873622269] [ccr_centralized_planner]: Received state 55 from robotA
[ccr_centralized_planner-15] [INFO] [1729090650.072770643] [ccr_centralized_planner]: 
[ccr_centralized_planner-15] 
[ccr_centralized_planner-15]  did not replan 
[ccr_centralized_planner-15] 
[ccr_centralized_planner-15] [INFO] [1729090650.073552677] [ccr_centralized_planner]: Sent plan [55, 56, 57, 5, 1] to robotA
[ccr_centralized_planner-15] [INFO] [1729090650.074631197] [ccr_centralized_planner]: Received state 55 from robotA
[command_node-3] [INFO] [1729090650.273159460] [command_node]: robotA: running
[ccr_centralized_planner-15] [INFO] [1729090650.273456476] [ccr_centralized_planner]: 
[ccr_centralized_planner-15] 
[ccr_centralized_planner-15]  did not replan 
[ccr_centralized_planner-15] 
[ccr_centralized_planner-15] [INFO] [1729090650.274506012] [ccr_centralized_planner]: Sent plan [55, 56, 57, 5, 1] to robotA
[ccr_centralized_planner-15] [INFO] [1729090650.277275928] [ccr_centralized_planner]: Received state 55 from robotA
[ccr_centralized_planner-15] [INFO] [1729090650.473439453] [ccr_centralized_planner]: 
[ccr_centralized_planner-15] 
[ccr_centralized_planner-15]  did not replan 
[ccr_centralized_planner-15] 
[ccr_centralized_planner-15] [INFO] [1729090650.474138652] [ccr_centralized_planner]: Sent plan [55, 56, 57, 5, 1] to robotA
[ccr_centralized_planner-15] [INFO] [1729090650.479357413] [ccr_centralized_planner]: Received state 55 from robotA
[ccr_centralized_planner-15] [INFO] [1729090650.673882732] [ccr_centralized_planner]: 
[ccr_centralized_planner-15] 
[ccr_centralized_planner-15]  did not replan 
[ccr_centralized_planner-15] 
[ccr_centralized_planner-15] [INFO] [1729090650.674576070] [ccr_centralized_planner]: Sent plan [55, 56, 57, 5, 1] to robotA
[ccr_centralized_planner-15] [INFO] [1729090650.676683156] [ccr_centralized_planner]: Received state 55 from robotA
[ccr_centralized_planner-15] [INFO] [1729090650.874585427] [ccr_centralized_planner]: 
[ccr_centralized_planner-15] 
[ccr_centralized_planner-15]  did not replan 
[ccr_centralized_planner-15] 
[ccr_centralized_planner-15] [INFO] [1729090650.875331113] [ccr_centralized_planner]: Sent plan [55, 56, 57, 5, 1] to robotA
[ccr_centralized_planner-15] [INFO] [1729090650.876497898] [ccr_centralized_planner]: Received state 55 from robotA
[ccr_centralized_planner-15] [INFO] [1729090651.074827579] [ccr_centralized_planner]: 
[ccr_centralized_planner-15] 
[ccr_centralized_planner-15]  did not replan 
[ccr_centralized_planner-15] 
[ccr_centralized_planner-15] [INFO] [1729090651.075621125] [ccr_centralized_planner]: Sent plan [55, 56, 57, 5, 1] to robotA
[ccr_centralized_planner-15] [INFO] [1729090651.176522387] [ccr_centralized_planner]: Received state 55 from robotA
[ccr_centralized_planner-15] [INFO] [1729090651.275404739] [ccr_centralized_planner]: 
[ccr_centralized_planner-15] 
[ccr_centralized_planner-15]  did not replan 
[ccr_centralized_planner-15] 
[ccr_centralized_planner-15] [INFO] [1729090651.276512764] [ccr_centralized_planner]: Sent plan [55, 56, 57, 5, 1] to robotA
[ccr_centralized_planner-15] [INFO] [1729090651.376767194] [ccr_centralized_planner]: Received state 55 from robotA
[ccr_centralized_planner-15] [INFO] [1729090651.475880969] [ccr_centralized_planner]: 
[ccr_centralized_planner-15] 
[ccr_centralized_planner-15]  did not replan 
[ccr_centralized_planner-15] 
[ccr_centralized_planner-15] [INFO] [1729090651.476997730] [ccr_centralized_planner]: Sent plan [55, 56, 57, 5, 1] to robotA
[ccr_local_planner-14] [INFO] [1729090651.581864337] [robotA.ccr_local_planner]: new state 56
[ccr_centralized_planner-15] [INFO] [1729090651.582136216] [ccr_centralized_planner]: Received state 56 from robotA
[ccr_centralized_planner-15] [INFO] [1729090651.675720317] [ccr_centralized_planner]: 
[ccr_centralized_planner-15] 
[ccr_centralized_planner-15]  did not replan 
[ccr_centralized_planner-15] 
[ccr_centralized_planner-15] [INFO] [1729090651.676457467] [ccr_centralized_planner]: Sent plan [56, 57, 5, 1] to robotA
[ccr_local_planner-14] [INFO] [1729090651.676864650] [robotA.ccr_local_planner]: new plan: [56, 57, 5], remainder: [1]
[ccr_centralized_planner-15] [INFO] [1729090651.783142298] [ccr_centralized_planner]: Received state 56 from robotA
[ccr_centralized_planner-15] [INFO] [1729090651.876360756] [ccr_centralized_planner]: 
[ccr_centralized_planner-15] 
[ccr_centralized_planner-15]  did not replan 
[ccr_centralized_planner-15] 
[ccr_centralized_planner-15] [INFO] [1729090651.877195148] [ccr_centralized_planner]: Sent plan [56, 57, 5, 1] to robotA
[ccr_centralized_planner-15] [INFO] [1729090651.978982920] [ccr_centralized_planner]: Received state 56 from robotA
[ccr_centralized_planner-15] [INFO] [1729090652.177003092] [ccr_centralized_planner]: 
[ccr_centralized_planner-15] 
[ccr_centralized_planner-15]  did not replan 
[ccr_centralized_planner-15] 
[ccr_centralized_planner-15] [INFO] [1729090652.177813759] [ccr_centralized_planner]: Sent plan [56, 57, 5, 1] to robotA
[ccr_centralized_planner-15] [INFO] [1729090652.179062748] [ccr_centralized_planner]: Received state 56 from robotA
[ccr_centralized_planner-15] [INFO] [1729090652.377392509] [ccr_centralized_planner]: 
[ccr_centralized_planner-15] 
[ccr_centralized_planner-15]  did not replan 
[ccr_centralized_planner-15] 
[command_node-3] [INFO] [1729090652.377533724] [command_node]: robotA: running
[ccr_centralized_planner-15] [INFO] [1729090652.378164745] [ccr_centralized_planner]: Sent plan [56, 57, 5, 1] to robotA
[ccr_centralized_planner-15] [INFO] [1729090652.380019738] [ccr_centralized_planner]: Received state 56 from robotA
[ccr_centralized_planner-15] [INFO] [1729090652.577897734] [ccr_centralized_planner]: 
[ccr_centralized_planner-15] 
[ccr_centralized_planner-15]  did not replan 
[ccr_centralized_planner-15] 
[ccr_centralized_planner-15] [INFO] [1729090652.578604528] [ccr_centralized_planner]: Sent plan [56, 57, 5, 1] to robotA
[ccr_centralized_planner-15] [INFO] [1729090652.580043242] [ccr_centralized_planner]: Received state 56 from robotA
[ccr_centralized_planner-15] [INFO] [1729090652.778398721] [ccr_centralized_planner]: 
[ccr_centralized_planner-15] 
[ccr_centralized_planner-15]  did not replan 
[ccr_centralized_planner-15] 
[ccr_centralized_planner-15] [INFO] [1729090652.779093532] [ccr_centralized_planner]: Sent plan [56, 57, 5, 1] to robotA
[ccr_centralized_planner-15] [INFO] [1729090652.780357970] [ccr_centralized_planner]: Received state 56 from robotA
[ccr_centralized_planner-15] [INFO] [1729090652.978546436] [ccr_centralized_planner]: 
[ccr_centralized_planner-15] 
[ccr_centralized_planner-15]  did not replan 
[ccr_centralized_planner-15] 
[ccr_centralized_planner-15] [INFO] [1729090652.979311990] [ccr_centralized_planner]: Sent plan [56, 57, 5, 1] to robotA
[ccr_centralized_planner-15] [INFO] [1729090652.980792933] [ccr_centralized_planner]: Received state 56 from robotA
[ccr_centralized_planner-15] [INFO] [1729090653.179066870] [ccr_centralized_planner]: 
[ccr_centralized_planner-15] 
[ccr_centralized_planner-15]  did not replan 
[ccr_centralized_planner-15] 
[ccr_centralized_planner-15] [INFO] [1729090653.179886585] [ccr_centralized_planner]: Sent plan [56, 57, 5, 1] to robotA
[ccr_centralized_planner-15] [INFO] [1729090653.181091231] [ccr_centralized_planner]: Received state 56 from robotA
[ccr_centralized_planner-15] [INFO] [1729090653.379247898] [ccr_centralized_planner]: 
[ccr_centralized_planner-15] 
[ccr_centralized_planner-15]  did not replan 
[ccr_centralized_planner-15] 
[ccr_centralized_planner-15] [INFO] [1729090653.380115562] [ccr_centralized_planner]: Sent plan [56, 57, 5, 1] to robotA
[ccr_centralized_planner-15] [INFO] [1729090653.381011480] [ccr_centralized_planner]: Received state 56 from robotA
[ccr_centralized_planner-15] [INFO] [1729090653.579495180] [ccr_centralized_planner]: 
[ccr_centralized_planner-15] 
[ccr_centralized_planner-15]  did not replan 
[ccr_centralized_planner-15] 
[ccr_centralized_planner-15] [INFO] [1729090653.580244162] [ccr_centralized_planner]: Sent plan [56, 57, 5, 1] to robotA
[ccr_centralized_planner-15] [INFO] [1729090653.581566438] [ccr_centralized_planner]: Received state 56 from robotA
[ccr_centralized_planner-15] [INFO] [1729090653.779953247] [ccr_centralized_planner]: 
[ccr_centralized_planner-15] 
[ccr_centralized_planner-15]  did not replan 
[ccr_centralized_planner-15] 
[ccr_centralized_planner-15] [INFO] [1729090653.780641155] [ccr_centralized_planner]: Sent plan [56, 57, 5, 1] to robotA
[ccr_centralized_planner-15] [INFO] [1729090653.782080540] [ccr_centralized_planner]: Received state 56 from robotA
[ccr_centralized_planner-15] [INFO] [1729090653.980610265] [ccr_centralized_planner]: 
[ccr_centralized_planner-15] 
[ccr_centralized_planner-15]  did not replan 
[ccr_centralized_planner-15] 
[ccr_centralized_planner-15] [INFO] [1729090653.981438296] [ccr_centralized_planner]: Sent plan [56, 57, 5, 1] to robotA
[ccr_centralized_planner-15] [INFO] [1729090653.984194276] [ccr_centralized_planner]: Received state 56 from robotA
[ccr_centralized_planner-15] [INFO] [1729090654.180922549] [ccr_centralized_planner]: 
[ccr_centralized_planner-15] 
[ccr_centralized_planner-15]  did not replan 
[ccr_centralized_planner-15] 
[ccr_centralized_planner-15] [INFO] [1729090654.181801976] [ccr_centralized_planner]: Sent plan [56, 57, 5, 1] to robotA
[ccr_centralized_planner-15] [INFO] [1729090654.188762799] [ccr_centralized_planner]: Received state 56 from robotA
[ccr_centralized_planner-15] [INFO] [1729090654.381382028] [ccr_centralized_planner]: 
[ccr_centralized_planner-15] 
[ccr_centralized_planner-15]  did not replan 
[ccr_centralized_planner-15] 
[command_node-3] [INFO] [1729090654.381527481] [command_node]: robotA: running
[ccr_centralized_planner-15] [INFO] [1729090654.382140769] [ccr_centralized_planner]: Sent plan [56, 57, 5, 1] to robotA
[ccr_centralized_planner-15] [INFO] [1729090654.383581166] [ccr_centralized_planner]: Received state 57 from robotA
[ccr_local_planner-14] [INFO] [1729090654.383654724] [robotA.ccr_local_planner]: new state 57
[ccr_centralized_planner-15] [INFO] [1729090654.582035320] [ccr_centralized_planner]: 
[ccr_centralized_planner-15] 
[ccr_centralized_planner-15]  did not replan 
[ccr_centralized_planner-15] 
[ccr_centralized_planner-15] [INFO] [1729090654.582985840] [ccr_centralized_planner]: Sent plan [57, 5, 1] to robotA
[ccr_centralized_planner-15] [INFO] [1729090654.584212957] [ccr_centralized_planner]: Received state 57 from robotA
[ccr_local_planner-14] [INFO] [1729090654.602906909] [robotA.ccr_local_planner]: new plan: [57, 5, 1]
[ccr_centralized_planner-15] [INFO] [1729090654.783559573] [ccr_centralized_planner]: 
[ccr_centralized_planner-15] 
[ccr_centralized_planner-15]  did not replan 
[ccr_centralized_planner-15] 
[ccr_centralized_planner-15] [INFO] [1729090654.784780219] [ccr_centralized_planner]: Sent plan [57, 5, 1] to robotA
[ccr_centralized_planner-15] [INFO] [1729090654.785965077] [ccr_centralized_planner]: Received state 57 from robotA
[ccr_centralized_planner-15] [INFO] [1729090654.982860984] [ccr_centralized_planner]: 
[ccr_centralized_planner-15] 
[ccr_centralized_planner-15]  did not replan 
[ccr_centralized_planner-15] 
[ccr_centralized_planner-15] [INFO] [1729090654.983775396] [ccr_centralized_planner]: Sent plan [57, 5, 1] to robotA
[ccr_centralized_planner-15] [INFO] [1729090654.984926391] [ccr_centralized_planner]: Received state 57 from robotA
[ccr_centralized_planner-15] [INFO] [1729090655.182971510] [ccr_centralized_planner]: 
[ccr_centralized_planner-15] 
[ccr_centralized_planner-15]  did not replan 
[ccr_centralized_planner-15] 
[ccr_centralized_planner-15] [INFO] [1729090655.183897233] [ccr_centralized_planner]: Sent plan [57, 5, 1] to robotA
[ccr_centralized_planner-15] [INFO] [1729090655.185045593] [ccr_centralized_planner]: Received state 57 from robotA
[ccr_centralized_planner-15] [INFO] [1729090655.383485902] [ccr_centralized_planner]: 
[ccr_centralized_planner-15] 
[ccr_centralized_planner-15]  did not replan 
[ccr_centralized_planner-15] 
[ccr_centralized_planner-15] [INFO] [1729090655.384168019] [ccr_centralized_planner]: Sent plan [57, 5, 1] to robotA
[ccr_centralized_planner-15] [INFO] [1729090655.385898028] [ccr_centralized_planner]: Received state 57 from robotA
[ccr_centralized_planner-15] [INFO] [1729090655.584068191] [ccr_centralized_planner]: 
[ccr_centralized_planner-15] 
[ccr_centralized_planner-15]  did not replan 
[ccr_centralized_planner-15] 
[ccr_centralized_planner-15] [INFO] [1729090655.584863119] [ccr_centralized_planner]: Sent plan [57, 5, 1] to robotA
[ccr_centralized_planner-15] [INFO] [1729090655.586022250] [ccr_centralized_planner]: Received state 57 from robotA
[ccr_centralized_planner-15] [INFO] [1729090655.784324249] [ccr_centralized_planner]: 
[ccr_centralized_planner-15] 
[ccr_centralized_planner-15]  did not replan 
[ccr_centralized_planner-15] 
[ccr_centralized_planner-15] [INFO] [1729090655.785078762] [ccr_centralized_planner]: Sent plan [57, 5, 1] to robotA
[ccr_centralized_planner-15] [INFO] [1729090655.786212655] [ccr_centralized_planner]: Received state 57 from robotA
[ccr_centralized_planner-15] [INFO] [1729090655.984164650] [ccr_centralized_planner]: 
[ccr_centralized_planner-15] 
[ccr_centralized_planner-15]  did not replan 
[ccr_centralized_planner-15] 
[ccr_centralized_planner-15] [INFO] [1729090655.984854732] [ccr_centralized_planner]: Sent plan [57, 5, 1] to robotA
[ccr_centralized_planner-15] [INFO] [1729090655.987503030] [ccr_centralized_planner]: Received state 57 from robotA
[ccr_centralized_planner-15] [INFO] [1729090656.184854219] [ccr_centralized_planner]: 
[ccr_centralized_planner-15] 
[ccr_centralized_planner-15]  did not replan 
[ccr_centralized_planner-15] 
[ccr_centralized_planner-15] [INFO] [1729090656.185555092] [ccr_centralized_planner]: Sent plan [57, 5, 1] to robotA
[ccr_centralized_planner-15] [INFO] [1729090656.190811554] [ccr_centralized_planner]: Received state 57 from robotA
[command_node-3] [INFO] [1729090656.385441178] [command_node]: robotA: running
[ccr_centralized_planner-15] [INFO] [1729090656.385515337] [ccr_centralized_planner]: 
[ccr_centralized_planner-15] 
[ccr_centralized_planner-15]  did not replan 
[ccr_centralized_planner-15] 
[ccr_centralized_planner-15] [INFO] [1729090656.386325293] [ccr_centralized_planner]: Sent plan [57, 5, 1] to robotA
[ccr_centralized_planner-15] [INFO] [1729090656.393308127] [ccr_centralized_planner]: Received state 57 from robotA
[ccr_centralized_planner-15] [INFO] [1729090656.586517832] [ccr_centralized_planner]: 
[ccr_centralized_planner-15] 
[ccr_centralized_planner-15]  did not replan 
[ccr_centralized_planner-15] 
[ccr_centralized_planner-15] [INFO] [1729090656.587615307] [ccr_centralized_planner]: Sent plan [57, 5, 1] to robotA
[ccr_centralized_planner-15] [INFO] [1729090656.599473911] [ccr_centralized_planner]: Received state 57 from robotA
[ccr_centralized_planner-15] [INFO] [1729090656.786712295] [ccr_centralized_planner]: 
[ccr_centralized_planner-15] 
[ccr_centralized_planner-15]  did not replan 
[ccr_centralized_planner-15] 
[ccr_centralized_planner-15] [INFO] [1729090656.787463972] [ccr_centralized_planner]: Sent plan [57, 5, 1] to robotA
[ccr_local_planner-14] [INFO] [1729090656.788987455] [robotA.ccr_local_planner]: new state 5
[ccr_centralized_planner-15] [INFO] [1729090656.789060161] [ccr_centralized_planner]: Received state 5 from robotA
[ccr_centralized_planner-15] [INFO] [1729090656.986938007] [ccr_centralized_planner]: 
[ccr_centralized_planner-15] 
[ccr_centralized_planner-15]  did not replan 
[ccr_centralized_planner-15] 
[ccr_centralized_planner-15] [INFO] [1729090656.987642135] [ccr_centralized_planner]: Sent plan [5, 1] to robotA
[ccr_local_planner-14] [INFO] [1729090656.988118658] [robotA.ccr_local_planner]: new plan: [5, 1]
[ccr_centralized_planner-15] [INFO] [1729090657.088104445] [ccr_centralized_planner]: Received state 5 from robotA
[ccr_centralized_planner-15] [INFO] [1729090657.187403627] [ccr_centralized_planner]: 
[ccr_centralized_planner-15] 
[ccr_centralized_planner-15]  did not replan 
[ccr_centralized_planner-15] 
[ccr_centralized_planner-15] [INFO] [1729090657.188164933] [ccr_centralized_planner]: Sent plan [5, 1] to robotA
[ccr_centralized_planner-15] [INFO] [1729090657.290373533] [ccr_centralized_planner]: Received state 5 from robotA
[ccr_centralized_planner-15] [INFO] [1729090657.387740918] [ccr_centralized_planner]: 
[ccr_centralized_planner-15] 
[ccr_centralized_planner-15]  did not replan 
[ccr_centralized_planner-15] 
[ccr_centralized_planner-15] [INFO] [1729090657.388480723] [ccr_centralized_planner]: Sent plan [5, 1] to robotA
[ccr_centralized_planner-15] [INFO] [1729090657.503167005] [ccr_centralized_planner]: Received state 5 from robotA
[ccr_centralized_planner-15] [INFO] [1729090657.588291598] [ccr_centralized_planner]: 
[ccr_centralized_planner-15] 
[ccr_centralized_planner-15]  did not replan 
[ccr_centralized_planner-15] 
[ccr_centralized_planner-15] [INFO] [1729090657.589141569] [ccr_centralized_planner]: Sent plan [5, 1] to robotA
[ccr_local_planner-14] [INFO] [1729090657.698366917] [robotA.ccr_local_planner]: new state 1
[ccr_goal_provider-12] [INFO] [1729090657.698711602] [ccr_goal_provider]: [32mgoal completed:[0m robotA reached goal 1, going to goal 0 within state 9
[ccr_centralized_planner-15] [INFO] [1729090657.698734024] [ccr_centralized_planner]: Received state 1 from robotA
[ccr_centralized_planner-15] [INFO] [1729090657.788795099] [ccr_centralized_planner]: 
[ccr_centralized_planner-15] 
[ccr_centralized_planner-15]  did not replan 
[ccr_centralized_planner-15] 
[ccr_centralized_planner-15] [INFO] [1729090657.789687059] [ccr_centralized_planner]: Sent plan [1] to robotA
[ccr_local_planner-14] [INFO] [1729090657.790058876] [robotA.ccr_local_planner]: new plan: [1]
[ccr_centralized_planner-15] [INFO] [1729090657.790700657] [ccr_centralized_planner]: Received goal 9 from robotA
[ccr_centralized_planner-15] [INFO] [1729090657.903865050] [ccr_centralized_planner]: Received state 1 from robotA
[ccr_centralized_planner-15] [INFO] [1729090657.988948216] [ccr_centralized_planner]: 
[ccr_centralized_planner-15] 
[ccr_centralized_planner-15]  replaned due to new goal
[ccr_centralized_planner-15] 
[ccr_centralized_planner-15] [INFO] [1729090658.012607945] [ccr_centralized_planner]: Sent plan [1, 44, 45, 56, 55, 39, 53, 51, 32, 35, 10, 9] to robotA
[ccr_local_planner-14] [INFO] [1729090658.023623589] [robotA.ccr_local_planner]: new plan: [1, 44, 45], remainder: [56, 55, 39, 53, 51, 32, 35, 10, 9]
[ccr_centralized_planner-15] [INFO] [1729090658.104077807] [ccr_centralized_planner]: Received state 1 from robotA
[ccr_centralized_planner-15] [INFO] [1729090658.189475952] [ccr_centralized_planner]: 
[ccr_centralized_planner-15] 
[ccr_centralized_planner-15]  did not replan 
[ccr_centralized_planner-15] 
[ccr_centralized_planner-15] [INFO] [1729090658.190282142] [ccr_centralized_planner]: Sent plan [1, 44, 45, 56, 55, 39, 53, 51, 32, 35, 10, 9] to robotA
[ccr_centralized_planner-15] [INFO] [1729090658.292560582] [ccr_centralized_planner]: Received state 1 from robotA
[ccr_centralized_planner-15] [INFO] [1729090658.489617951] [ccr_centralized_planner]: 
[ccr_centralized_planner-15] 
[ccr_centralized_planner-15]  did not replan 
[ccr_centralized_planner-15] 
[command_node-3] [INFO] [1729090658.490184713] [command_node]: robotA: running
[ccr_centralized_planner-15] [INFO] [1729090658.490384827] [ccr_centralized_planner]: Sent plan [1, 44, 45, 56, 55, 39, 53, 51, 32, 35, 10, 9] to robotA
[ccr_centralized_planner-15] [INFO] [1729090658.491497060] [ccr_centralized_planner]: Received state 1 from robotA
[ccr_centralized_planner-15] [INFO] [1729090658.689715863] [ccr_centralized_planner]: 
[ccr_centralized_planner-15] 
[ccr_centralized_planner-15]  did not replan 
[ccr_centralized_planner-15] 
[ccr_centralized_planner-15] [INFO] [1729090658.690503378] [ccr_centralized_planner]: Sent plan [1, 44, 45, 56, 55, 39, 53, 51, 32, 35, 10, 9] to robotA
[ccr_centralized_planner-15] [INFO] [1729090658.691325066] [ccr_centralized_planner]: Received state 1 from robotA
[ccr_centralized_planner-15] [INFO] [1729090658.890398321] [ccr_centralized_planner]: 
[ccr_centralized_planner-15] 
[ccr_centralized_planner-15]  did not replan 
[ccr_centralized_planner-15] 
[ccr_centralized_planner-15] [INFO] [1729090658.891001530] [ccr_centralized_planner]: Sent plan [1, 44, 45, 56, 55, 39, 53, 51, 32, 35, 10, 9] to robotA
[ccr_centralized_planner-15] [INFO] [1729090658.892908370] [ccr_centralized_planner]: Received state 1 from robotA
[ccr_centralized_planner-15] [INFO] [1729090659.090790874] [ccr_centralized_planner]: 
[ccr_centralized_planner-15] 
[ccr_centralized_planner-15]  did not replan 
[ccr_centralized_planner-15] 
[ccr_centralized_planner-15] [INFO] [1729090659.091493550] [ccr_centralized_planner]: Sent plan [1, 44, 45, 56, 55, 39, 53, 51, 32, 35, 10, 9] to robotA
[ccr_centralized_planner-15] [INFO] [1729090659.093642664] [ccr_centralized_planner]: Received state 1 from robotA
[ccr_centralized_planner-15] [INFO] [1729090659.291442282] [ccr_centralized_planner]: 
[ccr_centralized_planner-15] 
[ccr_centralized_planner-15]  did not replan 
[ccr_centralized_planner-15] 
[ccr_centralized_planner-15] [INFO] [1729090659.292299217] [ccr_centralized_planner]: Sent plan [1, 44, 45, 56, 55, 39, 53, 51, 32, 35, 10, 9] to robotA
[ccr_centralized_planner-15] [INFO] [1729090659.293271237] [ccr_centralized_planner]: Received state 1 from robotA
[ccr_centralized_planner-15] [INFO] [1729090659.491746532] [ccr_centralized_planner]: 
[ccr_centralized_planner-15] 
[ccr_centralized_planner-15]  did not replan 
[ccr_centralized_planner-15] 
[ccr_centralized_planner-15] [INFO] [1729090659.492613735] [ccr_centralized_planner]: Sent plan [1, 44, 45, 56, 55, 39, 53, 51, 32, 35, 10, 9] to robotA
[ccr_centralized_planner-15] [INFO] [1729090659.493564375] [ccr_centralized_planner]: Received state 1 from robotA
[ccr_centralized_planner-15] [INFO] [1729090659.692456289] [ccr_centralized_planner]: 
[ccr_centralized_planner-15] 
[ccr_centralized_planner-15]  did not replan 
[ccr_centralized_planner-15] 
[ccr_centralized_planner-15] [INFO] [1729090659.693470167] [ccr_centralized_planner]: Sent plan [1, 44, 45, 56, 55, 39, 53, 51, 32, 35, 10, 9] to robotA
[ccr_centralized_planner-15] [INFO] [1729090659.696409992] [ccr_centralized_planner]: Received state 1 from robotA
[ccr_centralized_planner-15] [INFO] [1729090659.892442994] [ccr_centralized_planner]: 
[ccr_centralized_planner-15] 
[ccr_centralized_planner-15]  did not replan 
[ccr_centralized_planner-15] 
[ccr_centralized_planner-15] [INFO] [1729090659.893188199] [ccr_centralized_planner]: Sent plan [1, 44, 45, 56, 55, 39, 53, 51, 32, 35, 10, 9] to robotA
[ccr_centralized_planner-15] [INFO] [1729090659.897662045] [ccr_centralized_planner]: Received state 1 from robotA
[ccr_centralized_planner-15] [INFO] [1729090660.093034339] [ccr_centralized_planner]: 
[ccr_centralized_planner-15] 
[ccr_centralized_planner-15]  did not replan 
[ccr_centralized_planner-15] 
[ccr_centralized_planner-15] [INFO] [1729090660.093763304] [ccr_centralized_planner]: Sent plan [1, 44, 45, 56, 55, 39, 53, 51, 32, 35, 10, 9] to robotA
[ccr_centralized_planner-15] [INFO] [1729090660.095968794] [ccr_centralized_planner]: Received state 1 from robotA
[ccr_centralized_planner-15] [INFO] [1729090660.293678704] [ccr_centralized_planner]: 
[ccr_centralized_planner-15] 
[ccr_centralized_planner-15]  did not replan 
[ccr_centralized_planner-15] 
[ccr_centralized_planner-15] [INFO] [1729090660.294615869] [ccr_centralized_planner]: Sent plan [1, 44, 45, 56, 55, 39, 53, 51, 32, 35, 10, 9] to robotA
[ccr_local_planner-14] [INFO] [1729090660.302988576] [robotA.ccr_local_planner]: new state 44
[ccr_centralized_planner-15] [INFO] [1729090660.303156791] [ccr_centralized_planner]: Received state 44 from robotA
[command_node-3] [INFO] [1729090660.493491293] [command_node]: robotA: running
[ccr_centralized_planner-15] [INFO] [1729090660.493556455] [ccr_centralized_planner]: 
[ccr_centralized_planner-15] 
[ccr_centralized_planner-15]  did not replan 
[ccr_centralized_planner-15] 
[ccr_centralized_planner-15] [INFO] [1729090660.494287975] [ccr_centralized_planner]: Sent plan [44, 45, 56, 55, 39, 53, 51, 32, 35, 10, 9] to robotA
[ccr_local_planner-14] [INFO] [1729090660.503249443] [robotA.ccr_local_planner]: new plan: [44, 45, 56], remainder: [55, 39, 53, 51, 32, 35, 10, 9]
[ccr_centralized_planner-15] [INFO] [1729090660.516159806] [ccr_centralized_planner]: Received state 44 from robotA
[ccr_centralized_planner-15] [INFO] [1729090660.694416213] [ccr_centralized_planner]: 
[ccr_centralized_planner-15] 
[ccr_centralized_planner-15]  did not replan 
[ccr_centralized_planner-15] 
[ccr_centralized_planner-15] [INFO] [1729090660.695319955] [ccr_centralized_planner]: Sent plan [44, 45, 56, 55, 39, 53, 51, 32, 35, 10, 9] to robotA
[ccr_centralized_planner-15] [INFO] [1729090660.708561759] [ccr_centralized_planner]: Received state 44 from robotA
[ccr_centralized_planner-15] [INFO] [1729090660.894731723] [ccr_centralized_planner]: 
[ccr_centralized_planner-15] 
[ccr_centralized_planner-15]  did not replan 
[ccr_centralized_planner-15] 
[ccr_centralized_planner-15] [INFO] [1729090660.895544404] [ccr_centralized_planner]: Sent plan [44, 45, 56, 55, 39, 53, 51, 32, 35, 10, 9] to robotA
[ccr_centralized_planner-15] [INFO] [1729090660.912340042] [ccr_centralized_planner]: Received state 44 from robotA
[ccr_centralized_planner-15] [INFO] [1729090661.095669318] [ccr_centralized_planner]: 
[ccr_centralized_planner-15] 
[ccr_centralized_planner-15]  did not replan 
[ccr_centralized_planner-15] 
[ccr_centralized_planner-15] [INFO] [1729090661.096552421] [ccr_centralized_planner]: Sent plan [44, 45, 56, 55, 39, 53, 51, 32, 35, 10, 9] to robotA
[ccr_centralized_planner-15] [INFO] [1729090661.098211057] [ccr_centralized_planner]: Received state 44 from robotA
[ccr_centralized_planner-15] [INFO] [1729090661.295753394] [ccr_centralized_planner]: 
[ccr_centralized_planner-15] 
[ccr_centralized_planner-15]  did not replan 
[ccr_centralized_planner-15] 
[ccr_centralized_planner-15] [INFO] [1729090661.296462121] [ccr_centralized_planner]: Sent plan [44, 45, 56, 55, 39, 53, 51, 32, 35, 10, 9] to robotA
[ccr_centralized_planner-15] [INFO] [1729090661.298733113] [ccr_centralized_planner]: Received state 44 from robotA
[ccr_centralized_planner-15] [INFO] [1729090661.496058615] [ccr_centralized_planner]: 
[ccr_centralized_planner-15] 
[ccr_centralized_planner-15]  did not replan 
[ccr_centralized_planner-15] 
[ccr_centralized_planner-15] [INFO] [1729090661.496681751] [ccr_centralized_planner]: Sent plan [44, 45, 56, 55, 39, 53, 51, 32, 35, 10, 9] to robotA
[ccr_centralized_planner-15] [INFO] [1729090661.497723792] [ccr_centralized_planner]: Received state 44 from robotA
[ccr_centralized_planner-15] [INFO] [1729090661.696919926] [ccr_centralized_planner]: 
[ccr_centralized_planner-15] 
[ccr_centralized_planner-15]  did not replan 
[ccr_centralized_planner-15] 
[ccr_centralized_planner-15] [INFO] [1729090661.697729431] [ccr_centralized_planner]: Sent plan [44, 45, 56, 55, 39, 53, 51, 32, 35, 10, 9] to robotA
[ccr_centralized_planner-15] [INFO] [1729090661.700634661] [ccr_centralized_planner]: Received state 44 from robotA
[ccr_centralized_planner-15] [INFO] [1729090661.897834286] [ccr_centralized_planner]: 
[ccr_centralized_planner-15] 
[ccr_centralized_planner-15]  did not replan 
[ccr_centralized_planner-15] 
[ccr_centralized_planner-15] [INFO] [1729090661.899077224] [ccr_centralized_planner]: Sent plan [44, 45, 56, 55, 39, 53, 51, 32, 35, 10, 9] to robotA
[ccr_centralized_planner-15] [INFO] [1729090661.900691837] [ccr_centralized_planner]: Received state 44 from robotA
[ccr_centralized_planner-15] [INFO] [1729090662.097857239] [ccr_centralized_planner]: 
[ccr_centralized_planner-15] 
[ccr_centralized_planner-15]  did not replan 
[ccr_centralized_planner-15] 
[ccr_centralized_planner-15] [INFO] [1729090662.098581024] [ccr_centralized_planner]: Sent plan [44, 45, 56, 55, 39, 53, 51, 32, 35, 10, 9] to robotA
[ccr_centralized_planner-15] [INFO] [1729090662.099402372] [ccr_centralized_planner]: Received state 44 from robotA
[ccr_centralized_planner-15] [INFO] [1729090662.298255784] [ccr_centralized_planner]: 
[ccr_centralized_planner-15] 
[ccr_centralized_planner-15]  did not replan 
[ccr_centralized_planner-15] 
[ccr_centralized_planner-15] [INFO] [1729090662.298987754] [ccr_centralized_planner]: Sent plan [44, 45, 56, 55, 39, 53, 51, 32, 35, 10, 9] to robotA
[ccr_centralized_planner-15] [INFO] [1729090662.300853788] [ccr_centralized_planner]: Received state 44 from robotA
[ccr_centralized_planner-15] [INFO] [1729090662.498602732] [ccr_centralized_planner]: 
[ccr_centralized_planner-15] 
[ccr_centralized_planner-15]  did not replan 
[ccr_centralized_planner-15] 
[command_node-3] [INFO] [1729090662.498769264] [command_node]: robotA: running
[ccr_centralized_planner-15] [INFO] [1729090662.499432956] [ccr_centralized_planner]: Sent plan [44, 45, 56, 55, 39, 53, 51, 32, 35, 10, 9] to robotA
[ccr_centralized_planner-15] [INFO] [1729090662.501220453] [ccr_centralized_planner]: Received state 44 from robotA
[ccr_centralized_planner-15] [INFO] [1729090662.698899988] [ccr_centralized_planner]: 
[ccr_centralized_planner-15] 
[ccr_centralized_planner-15]  did not replan 
[ccr_centralized_planner-15] 
[ccr_centralized_planner-15] [INFO] [1729090662.699505451] [ccr_centralized_planner]: Sent plan [44, 45, 56, 55, 39, 53, 51, 32, 35, 10, 9] to robotA
[ccr_centralized_planner-15] [INFO] [1729090662.700160187] [ccr_centralized_planner]: Received state 44 from robotA
[ccr_centralized_planner-15] [INFO] [1729090662.899680257] [ccr_centralized_planner]: 
[ccr_centralized_planner-15] 
[ccr_centralized_planner-15]  did not replan 
[ccr_centralized_planner-15] 
[ccr_centralized_planner-15] [INFO] [1729090662.900411286] [ccr_centralized_planner]: Sent plan [44, 45, 56, 55, 39, 53, 51, 32, 35, 10, 9] to robotA
[ccr_centralized_planner-15] [INFO] [1729090662.901638895] [ccr_centralized_planner]: Received state 44 from robotA
[ccr_centralized_planner-15] [INFO] [1729090663.100748928] [ccr_centralized_planner]: 
[ccr_centralized_planner-15] 
[ccr_centralized_planner-15]  did not replan 
[ccr_centralized_planner-15] 
[ccr_centralized_planner-15] [INFO] [1729090663.101590403] [ccr_centralized_planner]: Sent plan [44, 45, 56, 55, 39, 53, 51, 32, 35, 10, 9] to robotA
[ccr_centralized_planner-15] [INFO] [1729090663.104521241] [ccr_centralized_planner]: Received state 44 from robotA
[ccr_centralized_planner-15] [INFO] [1729090663.300729810] [ccr_centralized_planner]: 
[ccr_centralized_planner-15] 
[ccr_centralized_planner-15]  did not replan 
[ccr_centralized_planner-15] 
[ccr_centralized_planner-15] [INFO] [1729090663.301532183] [ccr_centralized_planner]: Sent plan [44, 45, 56, 55, 39, 53, 51, 32, 35, 10, 9] to robotA
[ccr_centralized_planner-15] [INFO] [1729090663.308247386] [ccr_centralized_planner]: Received state 44 from robotA
[ccr_centralized_planner-15] [INFO] [1729090663.501320615] [ccr_centralized_planner]: 
[ccr_centralized_planner-15] 
[ccr_centralized_planner-15]  did not replan 
[ccr_centralized_planner-15] 
[ccr_centralized_planner-15] [INFO] [1729090663.502206624] [ccr_centralized_planner]: Sent plan [44, 45, 56, 55, 39, 53, 51, 32, 35, 10, 9] to robotA
[ccr_local_planner-14] [INFO] [1729090663.511921935] [robotA.ccr_local_planner]: new state 45
[ccr_centralized_planner-15] [INFO] [1729090663.512148690] [ccr_centralized_planner]: Received state 45 from robotA
[ccr_centralized_planner-15] [INFO] [1729090663.701769315] [ccr_centralized_planner]: 
[ccr_centralized_planner-15] 
[ccr_centralized_planner-15]  did not replan 
[ccr_centralized_planner-15] 
[ccr_centralized_planner-15] [INFO] [1729090663.702627832] [ccr_centralized_planner]: Sent plan [45, 56, 55, 39, 53, 51, 32, 35, 10, 9] to robotA
[ccr_centralized_planner-15] [INFO] [1729090663.704248076] [ccr_centralized_planner]: Received state 45 from robotA
[ccr_local_planner-14] [INFO] [1729090663.735930245] [robotA.ccr_local_planner]: new plan: [45, 56, 55], remainder: [39, 53, 51, 32, 35, 10, 9]
[ccr_centralized_planner-15] [INFO] [1729090663.902153363] [ccr_centralized_planner]: 
[ccr_centralized_planner-15] 
[ccr_centralized_planner-15]  did not replan 
[ccr_centralized_planner-15] 
[ccr_centralized_planner-15] [INFO] [1729090663.903297655] [ccr_centralized_planner]: Sent plan [45, 56, 55, 39, 53, 51, 32, 35, 10, 9] to robotA
[ccr_centralized_planner-15] [INFO] [1729090664.002610433] [ccr_centralized_planner]: Received state 45 from robotA
[ccr_centralized_planner-15] [INFO] [1729090664.101783559] [ccr_centralized_planner]: 
[ccr_centralized_planner-15] 
[ccr_centralized_planner-15]  did not replan 
[ccr_centralized_planner-15] 
[ccr_centralized_planner-15] [INFO] [1729090664.102514467] [ccr_centralized_planner]: Sent plan [45, 56, 55, 39, 53, 51, 32, 35, 10, 9] to robotA
[ccr_centralized_planner-15] [INFO] [1729090664.204800632] [ccr_centralized_planner]: Received state 45 from robotA
[ccr_centralized_planner-15] [INFO] [1729090664.302214786] [ccr_centralized_planner]: 
[ccr_centralized_planner-15] 
[ccr_centralized_planner-15]  did not replan 
[ccr_centralized_planner-15] 
[ccr_centralized_planner-15] [INFO] [1729090664.302952347] [ccr_centralized_planner]: Sent plan [45, 56, 55, 39, 53, 51, 32, 35, 10, 9] to robotA
[ccr_local_planner-14] [INFO] [1729090664.405562929] [robotA.ccr_local_planner]: new state 56
[ccr_centralized_planner-15] [INFO] [1729090664.405946968] [ccr_centralized_planner]: Received state 56 from robotA
[ccr_centralized_planner-15] [INFO] [1729090664.502709350] [ccr_centralized_planner]: 
[ccr_centralized_planner-15] 
[ccr_centralized_planner-15]  did not replan 
[ccr_centralized_planner-15] 
[command_node-3] [INFO] [1729090664.502754214] [command_node]: robotA: running
[ccr_centralized_planner-15] [INFO] [1729090664.503494580] [ccr_centralized_planner]: Sent plan [56, 55, 39, 53, 51, 32, 35, 10, 9] to robotA
[ccr_local_planner-14] [INFO] [1729090664.504334453] [robotA.ccr_local_planner]: new plan: [56, 55, 39], remainder: [53, 51, 32, 35, 10, 9]
[ccr_centralized_planner-15] [INFO] [1729090664.608232676] [ccr_centralized_planner]: Received state 56 from robotA
[ccr_centralized_planner-15] [INFO] [1729090664.703117413] [ccr_centralized_planner]: 
[ccr_centralized_planner-15] 
[ccr_centralized_planner-15]  did not replan 
[ccr_centralized_planner-15] 
[ccr_centralized_planner-15] [INFO] [1729090664.703752322] [ccr_centralized_planner]: Sent plan [56, 55, 39, 53, 51, 32, 35, 10, 9] to robotA
[ccr_centralized_planner-15] [INFO] [1729090664.810902915] [ccr_centralized_planner]: Received state 56 from robotA
[ccr_centralized_planner-15] [INFO] [1729090664.903714099] [ccr_centralized_planner]: 
[ccr_centralized_planner-15] 
[ccr_centralized_planner-15]  did not replan 
[ccr_centralized_planner-15] 
[ccr_centralized_planner-15] [INFO] [1729090664.904461188] [ccr_centralized_planner]: Sent plan [56, 55, 39, 53, 51, 32, 35, 10, 9] to robotA
[ccr_centralized_planner-15] [INFO] [1729090665.015091656] [ccr_centralized_planner]: Received state 56 from robotA
[ccr_centralized_planner-15] [INFO] [1729090665.104430980] [ccr_centralized_planner]: 
[ccr_centralized_planner-15] 
[ccr_centralized_planner-15]  did not replan 
[ccr_centralized_planner-15] 
[ccr_centralized_planner-15] [INFO] [1729090665.105198427] [ccr_centralized_planner]: Sent plan [56, 55, 39, 53, 51, 32, 35, 10, 9] to robotA
[ccr_centralized_planner-15] [INFO] [1729090665.207203346] [ccr_centralized_planner]: Received state 56 from robotA
[ccr_centralized_planner-15] [INFO] [1729090665.405023192] [ccr_centralized_planner]: 
[ccr_centralized_planner-15] 
[ccr_centralized_planner-15]  did not replan 
[ccr_centralized_planner-15] 
[ccr_centralized_planner-15] [INFO] [1729090665.405753259] [ccr_centralized_planner]: Sent plan [56, 55, 39, 53, 51, 32, 35, 10, 9] to robotA
[ccr_centralized_planner-15] [INFO] [1729090665.407473310] [ccr_centralized_planner]: Received state 56 from robotA
[ccr_centralized_planner-15] [INFO] [1729090665.605375922] [ccr_centralized_planner]: 
[ccr_centralized_planner-15] 
[ccr_centralized_planner-15]  did not replan 
[ccr_centralized_planner-15] 
[ccr_centralized_planner-15] [INFO] [1729090665.606090500] [ccr_centralized_planner]: Sent plan [56, 55, 39, 53, 51, 32, 35, 10, 9] to robotA
[ccr_centralized_planner-15] [INFO] [1729090665.608154525] [ccr_centralized_planner]: Received state 56 from robotA
[ccr_centralized_planner-15] [INFO] [1729090665.806183864] [ccr_centralized_planner]: 
[ccr_centralized_planner-15] 
[ccr_centralized_planner-15]  did not replan 
[ccr_centralized_planner-15] 
[ccr_centralized_planner-15] [INFO] [1729090665.807151014] [ccr_centralized_planner]: Sent plan [56, 55, 39, 53, 51, 32, 35, 10, 9] to robotA
[ccr_centralized_planner-15] [INFO] [1729090665.808856828] [ccr_centralized_planner]: Received state 56 from robotA
[ccr_centralized_planner-15] [INFO] [1729090666.006181398] [ccr_centralized_planner]: 
[ccr_centralized_planner-15] 
[ccr_centralized_planner-15]  did not replan 
[ccr_centralized_planner-15] 
[ccr_centralized_planner-15] [INFO] [1729090666.007208441] [ccr_centralized_planner]: Sent plan [56, 55, 39, 53, 51, 32, 35, 10, 9] to robotA
[ccr_centralized_planner-15] [INFO] [1729090666.008544673] [ccr_centralized_planner]: Received state 56 from robotA
[ccr_centralized_planner-15] [INFO] [1729090666.206628023] [ccr_centralized_planner]: 
[ccr_centralized_planner-15] 
[ccr_centralized_planner-15]  did not replan 
[ccr_centralized_planner-15] 
[ccr_centralized_planner-15] [INFO] [1729090666.207671176] [ccr_centralized_planner]: Sent plan [56, 55, 39, 53, 51, 32, 35, 10, 9] to robotA
[ccr_centralized_planner-15] [INFO] [1729090666.209303042] [ccr_centralized_planner]: Received state 56 from robotA
[ccr_centralized_planner-15] [INFO] [1729090666.407209461] [ccr_centralized_planner]: 
[ccr_centralized_planner-15] 
[ccr_centralized_planner-15]  did not replan 
[ccr_centralized_planner-15] 
[ccr_centralized_planner-15] [INFO] [1729090666.408378750] [ccr_centralized_planner]: Sent plan [56, 55, 39, 53, 51, 32, 35, 10, 9] to robotA
[ccr_centralized_planner-15] [INFO] [1729090666.410444668] [ccr_centralized_planner]: Received state 55 from robotA
[ccr_local_planner-14] [INFO] [1729090666.410587385] [robotA.ccr_local_planner]: new state 55
[ccr_centralized_planner-15] [INFO] [1729090666.607673138] [ccr_centralized_planner]: 
[ccr_centralized_planner-15] 
[ccr_centralized_planner-15]  did not replan 
[ccr_centralized_planner-15] 
[command_node-3] [INFO] [1729090666.608166722] [command_node]: robotA: running
[ccr_centralized_planner-15] [INFO] [1729090666.608269755] [ccr_centralized_planner]: Sent plan [55, 39, 53, 51, 32, 35, 10, 9] to robotA
[ccr_centralized_planner-15] [INFO] [1729090666.609410882] [ccr_centralized_planner]: Received state 55 from robotA
[ccr_local_planner-14] [INFO] [1729090666.627979549] [robotA.ccr_local_planner]: new plan: [55, 39, 53], remainder: [51, 32, 35, 10, 9]
[ccr_centralized_planner-15] [INFO] [1729090666.807921111] [ccr_centralized_planner]: 
[ccr_centralized_planner-15] 
[ccr_centralized_planner-15]  did not replan 
[ccr_centralized_planner-15] 
[ccr_centralized_planner-15] [INFO] [1729090666.808523930] [ccr_centralized_planner]: Sent plan [55, 39, 53, 51, 32, 35, 10, 9] to robotA
[ccr_centralized_planner-15] [INFO] [1729090666.810950743] [ccr_centralized_planner]: Received state 55 from robotA
[ccr_centralized_planner-15] [INFO] [1729090667.008388805] [ccr_centralized_planner]: 
[ccr_centralized_planner-15] 
[ccr_centralized_planner-15]  did not replan 
[ccr_centralized_planner-15] 
[ccr_centralized_planner-15] [INFO] [1729090667.009265968] [ccr_centralized_planner]: Sent plan [55, 39, 53, 51, 32, 35, 10, 9] to robotA
[ccr_centralized_planner-15] [INFO] [1729090667.010306706] [ccr_centralized_planner]: Received state 55 from robotA
[ccr_centralized_planner-15] [INFO] [1729090667.208424161] [ccr_centralized_planner]: 
[ccr_centralized_planner-15] 
[ccr_centralized_planner-15]  did not replan 
[ccr_centralized_planner-15] 
[ccr_centralized_planner-15] [INFO] [1729090667.209251861] [ccr_centralized_planner]: Sent plan [55, 39, 53, 51, 32, 35, 10, 9] to robotA
[ccr_centralized_planner-15] [INFO] [1729090667.212383003] [ccr_centralized_planner]: Received state 55 from robotA
[ccr_centralized_planner-15] [INFO] [1729090667.409339213] [ccr_centralized_planner]: 
[ccr_centralized_planner-15] 
[ccr_centralized_planner-15]  did not replan 
[ccr_centralized_planner-15] 
[ccr_centralized_planner-15] [INFO] [1729090667.410251922] [ccr_centralized_planner]: Sent plan [55, 39, 53, 51, 32, 35, 10, 9] to robotA
[ccr_centralized_planner-15] [INFO] [1729090667.415816039] [ccr_centralized_planner]: Received state 55 from robotA
[ccr_centralized_planner-15] [INFO] [1729090667.609321519] [ccr_centralized_planner]: 
[ccr_centralized_planner-15] 
[ccr_centralized_planner-15]  did not replan 
[ccr_centralized_planner-15] 
[ccr_centralized_planner-15] [INFO] [1729090667.610141604] [ccr_centralized_planner]: Sent plan [55, 39, 53, 51, 32, 35, 10, 9] to robotA
[ccr_centralized_planner-15] [INFO] [1729090667.612143062] [ccr_centralized_planner]: Received state 55 from robotA
[ccr_centralized_planner-15] [INFO] [1729090667.809412608] [ccr_centralized_planner]: 
[ccr_centralized_planner-15] 
[ccr_centralized_planner-15]  did not replan 
[ccr_centralized_planner-15] 
[ccr_centralized_planner-15] [INFO] [1729090667.810111537] [ccr_centralized_planner]: Sent plan [55, 39, 53, 51, 32, 35, 10, 9] to robotA
[ccr_centralized_planner-15] [INFO] [1729090667.811434744] [ccr_centralized_planner]: Received state 55 from robotA
[ccr_centralized_planner-15] [INFO] [1729090668.010153284] [ccr_centralized_planner]: 
[ccr_centralized_planner-15] 
[ccr_centralized_planner-15]  did not replan 
[ccr_centralized_planner-15] 
[ccr_centralized_planner-15] [INFO] [1729090668.011226303] [ccr_centralized_planner]: Sent plan [55, 39, 53, 51, 32, 35, 10, 9] to robotA
[ccr_centralized_planner-15] [INFO] [1729090668.012662812] [ccr_centralized_planner]: Received state 55 from robotA
[ccr_centralized_planner-15] [INFO] [1729090668.210235897] [ccr_centralized_planner]: 
[ccr_centralized_planner-15] 
[ccr_centralized_planner-15]  did not replan 
[ccr_centralized_planner-15] 
[ccr_centralized_planner-15] [INFO] [1729090668.210933353] [ccr_centralized_planner]: Sent plan [55, 39, 53, 51, 32, 35, 10, 9] to robotA
[ccr_centralized_planner-15] [INFO] [1729090668.212603721] [ccr_centralized_planner]: Received state 55 from robotA
[ccr_centralized_planner-15] [INFO] [1729090668.410803830] [ccr_centralized_planner]: 
[ccr_centralized_planner-15] 
[ccr_centralized_planner-15]  did not replan 
[ccr_centralized_planner-15] 
[ccr_centralized_planner-15] [INFO] [1729090668.411522165] [ccr_centralized_planner]: Sent plan [55, 39, 53, 51, 32, 35, 10, 9] to robotA
[ccr_centralized_planner-15] [INFO] [1729090668.414842271] [ccr_centralized_planner]: Received state 55 from robotA
[ccr_centralized_planner-15] [INFO] [1729090668.611157100] [ccr_centralized_planner]: 
[ccr_centralized_planner-15] 
[ccr_centralized_planner-15]  did not replan 
[ccr_centralized_planner-15] 
[command_node-3] [INFO] [1729090668.611236378] [command_node]: robotA: running
[ccr_centralized_planner-15] [INFO] [1729090668.611968669] [ccr_centralized_planner]: Sent plan [55, 39, 53, 51, 32, 35, 10, 9] to robotA
[ccr_centralized_planner-15] [INFO] [1729090668.613351659] [ccr_centralized_planner]: Received state 55 from robotA
[ccr_centralized_planner-15] [INFO] [1729090668.811294045] [ccr_centralized_planner]: 
[ccr_centralized_planner-15] 
[ccr_centralized_planner-15]  did not replan 
[ccr_centralized_planner-15] 
[ccr_centralized_planner-15] [INFO] [1729090668.812016168] [ccr_centralized_planner]: Sent plan [55, 39, 53, 51, 32, 35, 10, 9] to robotA
[ccr_centralized_planner-15] [INFO] [1729090668.813510265] [ccr_centralized_planner]: Received state 55 from robotA
[ccr_centralized_planner-15] [INFO] [1729090669.011484150] [ccr_centralized_planner]: 
[ccr_centralized_planner-15] 
[ccr_centralized_planner-15]  did not replan 
[ccr_centralized_planner-15] 
[ccr_centralized_planner-15] [INFO] [1729090669.012192466] [ccr_centralized_planner]: Sent plan [55, 39, 53, 51, 32, 35, 10, 9] to robotA
[ccr_centralized_planner-15] [INFO] [1729090669.014113854] [ccr_centralized_planner]: Received state 39 from robotA
[ccr_local_planner-14] [INFO] [1729090669.014300453] [robotA.ccr_local_planner]: new state 39
[ccr_centralized_planner-15] [INFO] [1729090669.212109760] [ccr_centralized_planner]: 
[ccr_centralized_planner-15] 
[ccr_centralized_planner-15]  did not replan 
[ccr_centralized_planner-15] 
[ccr_centralized_planner-15] [INFO] [1729090669.212804170] [ccr_centralized_planner]: Sent plan [39, 53, 51, 32, 35, 10, 9] to robotA
[ccr_centralized_planner-15] [INFO] [1729090669.214288720] [ccr_centralized_planner]: Received state 39 from robotA
[ccr_local_planner-14] [INFO] [1729090669.242159694] [robotA.ccr_local_planner]: new plan: [39, 53, 51], remainder: [32, 35, 10, 9]
[ccr_centralized_planner-15] [INFO] [1729090669.412393561] [ccr_centralized_planner]: 
[ccr_centralized_planner-15] 
[ccr_centralized_planner-15]  did not replan 
[ccr_centralized_planner-15] 
[ccr_centralized_planner-15] [INFO] [1729090669.413068485] [ccr_centralized_planner]: Sent plan [39, 53, 51, 32, 35, 10, 9] to robotA
[ccr_centralized_planner-15] [INFO] [1729090669.415405079] [ccr_centralized_planner]: Received state 39 from robotA
[ccr_centralized_planner-15] [INFO] [1729090669.612917350] [ccr_centralized_planner]: 
[ccr_centralized_planner-15] 
[ccr_centralized_planner-15]  did not replan 
[ccr_centralized_planner-15] 
[ccr_centralized_planner-15] [INFO] [1729090669.613832143] [ccr_centralized_planner]: Sent plan [39, 53, 51, 32, 35, 10, 9] to robotA
[ccr_centralized_planner-15] [INFO] [1729090669.614912877] [ccr_centralized_planner]: Received state 39 from robotA
[ccr_centralized_planner-15] [INFO] [1729090669.813258378] [ccr_centralized_planner]: 
[ccr_centralized_planner-15] 
[ccr_centralized_planner-15]  did not replan 
[ccr_centralized_planner-15] 
[ccr_centralized_planner-15] [INFO] [1729090669.814002401] [ccr_centralized_planner]: Sent plan [39, 53, 51, 32, 35, 10, 9] to robotA
[ccr_centralized_planner-15] [INFO] [1729090669.817005534] [ccr_centralized_planner]: Received state 39 from robotA
[ccr_centralized_planner-15] [INFO] [1729090670.014025183] [ccr_centralized_planner]: 
[ccr_centralized_planner-15] 
[ccr_centralized_planner-15]  did not replan 
[ccr_centralized_planner-15] 
[ccr_centralized_planner-15] [INFO] [1729090670.015081069] [ccr_centralized_planner]: Sent plan [39, 53, 51, 32, 35, 10, 9] to robotA
[ccr_local_planner-14] [INFO] [1729090670.021426580] [robotA.ccr_local_planner]: new state 53
[ccr_centralized_planner-15] [INFO] [1729090670.021913432] [ccr_centralized_planner]: Received state 53 from robotA
[ccr_centralized_planner-15] [INFO] [1729090670.214045960] [ccr_centralized_planner]: 
[ccr_centralized_planner-15] 
[ccr_centralized_planner-15]  did not replan 
[ccr_centralized_planner-15] 
[ccr_centralized_planner-15] [INFO] [1729090670.214865374] [ccr_centralized_planner]: Sent plan [53, 51, 32, 35, 10, 9] to robotA
[ccr_centralized_planner-15] [INFO] [1729090670.217077306] [ccr_centralized_planner]: Received state 53 from robotA
[ccr_local_planner-14] [INFO] [1729090670.237032899] [robotA.ccr_local_planner]: new plan: [53, 51, 32], remainder: [35, 10, 9]
[ccr_centralized_planner-15] [INFO] [1729090670.414513044] [ccr_centralized_planner]: 
[ccr_centralized_planner-15] 
[ccr_centralized_planner-15]  did not replan 
[ccr_centralized_planner-15] 
[ccr_centralized_planner-15] [INFO] [1729090670.415097859] [ccr_centralized_planner]: Sent plan [53, 51, 32, 35, 10, 9] to robotA
[ccr_centralized_planner-15] [INFO] [1729090670.516011504] [ccr_centralized_planner]: Received state 53 from robotA
[ccr_centralized_planner-15] [INFO] [1729090670.615248249] [ccr_centralized_planner]: 
[ccr_centralized_planner-15] 
[ccr_centralized_planner-15]  did not replan 
[ccr_centralized_planner-15] 
[command_node-3] [INFO] [1729090670.615839466] [command_node]: robotA: running
[ccr_centralized_planner-15] [INFO] [1729090670.616170506] [ccr_centralized_planner]: Sent plan [53, 51, 32, 35, 10, 9] to robotA
[ccr_centralized_planner-15] [INFO] [1729090670.719845722] [ccr_centralized_planner]: Received state 53 from robotA
[ccr_centralized_planner-15] [INFO] [1729090670.815712788] [ccr_centralized_planner]: 
[ccr_centralized_planner-15] 
[ccr_centralized_planner-15]  did not replan 
[ccr_centralized_planner-15] 
[ccr_centralized_planner-15] [INFO] [1729090670.816736725] [ccr_centralized_planner]: Sent plan [53, 51, 32, 35, 10, 9] to robotA
[ccr_centralized_planner-15] [INFO] [1729090670.921698900] [ccr_centralized_planner]: Received state 53 from robotA
[ccr_centralized_planner-15] [INFO] [1729090671.015634410] [ccr_centralized_planner]: 
[ccr_centralized_planner-15] 
[ccr_centralized_planner-15]  did not replan 
[ccr_centralized_planner-15] 
[ccr_centralized_planner-15] [INFO] [1729090671.016371871] [ccr_centralized_planner]: Sent plan [53, 51, 32, 35, 10, 9] to robotA
[ccr_centralized_planner-15] [INFO] [1729090671.128799504] [ccr_centralized_planner]: Received state 53 from robotA
[ccr_centralized_planner-15] [INFO] [1729090671.216200168] [ccr_centralized_planner]: 
[ccr_centralized_planner-15] 
[ccr_centralized_planner-15]  did not replan 
[ccr_centralized_planner-15] 
[ccr_centralized_planner-15] [INFO] [1729090671.217174082] [ccr_centralized_planner]: Sent plan [53, 51, 32, 35, 10, 9] to robotA
[ccr_centralized_planner-15] [INFO] [1729090671.319099501] [ccr_centralized_planner]: Received state 53 from robotA
[ccr_centralized_planner-15] [INFO] [1729090671.516534357] [ccr_centralized_planner]: 
[ccr_centralized_planner-15] 
[ccr_centralized_planner-15]  did not replan 
[ccr_centralized_planner-15] 
[ccr_centralized_planner-15] [INFO] [1729090671.517242573] [ccr_centralized_planner]: Sent plan [53, 51, 32, 35, 10, 9] to robotA
[ccr_centralized_planner-15] [INFO] [1729090671.518742712] [ccr_centralized_planner]: Received state 53 from robotA
[ccr_centralized_planner-15] [INFO] [1729090671.717322572] [ccr_centralized_planner]: 
[ccr_centralized_planner-15] 
[ccr_centralized_planner-15]  did not replan 
[ccr_centralized_planner-15] 
[ccr_centralized_planner-15] [INFO] [1729090671.718137197] [ccr_centralized_planner]: Sent plan [53, 51, 32, 35, 10, 9] to robotA
[ccr_centralized_planner-15] [INFO] [1729090671.719477667] [ccr_centralized_planner]: Received state 53 from robotA
[ccr_centralized_planner-15] [INFO] [1729090671.917796929] [ccr_centralized_planner]: 
[ccr_centralized_planner-15] 
[ccr_centralized_planner-15]  did not replan 
[ccr_centralized_planner-15] 
[ccr_centralized_planner-15] [INFO] [1729090671.918516757] [ccr_centralized_planner]: Sent plan [53, 51, 32, 35, 10, 9] to robotA
[ccr_centralized_planner-15] [INFO] [1729090671.919956472] [ccr_centralized_planner]: Received state 53 from robotA
[ccr_centralized_planner-15] [INFO] [1729090672.118503982] [ccr_centralized_planner]: 
[ccr_centralized_planner-15] 
[ccr_centralized_planner-15]  did not replan 
[ccr_centralized_planner-15] 
[ccr_centralized_planner-15] [INFO] [1729090672.119193463] [ccr_centralized_planner]: Sent plan [53, 51, 32, 35, 10, 9] to robotA
[ccr_centralized_planner-15] [INFO] [1729090672.121271473] [ccr_centralized_planner]: Received state 53 from robotA
[ccr_centralized_planner-15] [INFO] [1729090672.318889683] [ccr_centralized_planner]: 
[ccr_centralized_planner-15] 
[ccr_centralized_planner-15]  did not replan 
[ccr_centralized_planner-15] 
[ccr_centralized_planner-15] [INFO] [1729090672.319610212] [ccr_centralized_planner]: Sent plan [53, 51, 32, 35, 10, 9] to robotA
[ccr_centralized_planner-15] [INFO] [1729090672.321226839] [ccr_centralized_planner]: Received state 53 from robotA
[ccr_centralized_planner-15] [INFO] [1729090672.519549177] [ccr_centralized_planner]: 
[ccr_centralized_planner-15] 
[ccr_centralized_planner-15]  did not replan 
[ccr_centralized_planner-15] 
[ccr_centralized_planner-15] [INFO] [1729090672.520158908] [ccr_centralized_planner]: Sent plan [53, 51, 32, 35, 10, 9] to robotA
[ccr_centralized_planner-15] [INFO] [1729090672.522371200] [ccr_centralized_planner]: Received state 53 from robotA
[command_node-3] [INFO] [1729090672.720068698] [command_node]: robotA: running
[ccr_centralized_planner-15] [INFO] [1729090672.720298308] [ccr_centralized_planner]: 
[ccr_centralized_planner-15] 
[ccr_centralized_planner-15]  did not replan 
[ccr_centralized_planner-15] 
[ccr_centralized_planner-15] [INFO] [1729090672.721051889] [ccr_centralized_planner]: Sent plan [53, 51, 32, 35, 10, 9] to robotA
[ccr_local_planner-14] [INFO] [1729090672.721666289] [robotA.ccr_local_planner]: new state 51
[ccr_centralized_planner-15] [INFO] [1729090672.721992390] [ccr_centralized_planner]: Received state 51 from robotA
[ccr_centralized_planner-15] [INFO] [1729090672.920587378] [ccr_centralized_planner]: 
[ccr_centralized_planner-15] 
[ccr_centralized_planner-15]  did not replan 
[ccr_centralized_planner-15] 
[ccr_centralized_planner-15] [INFO] [1729090672.921407574] [ccr_centralized_planner]: Sent plan [51, 32, 35, 10, 9] to robotA
[ccr_centralized_planner-15] [INFO] [1729090672.922341863] [ccr_centralized_planner]: Received state 51 from robotA
[ccr_local_planner-14] [INFO] [1729090672.937892038] [robotA.ccr_local_planner]: new plan: [51, 32, 35], remainder: [10, 9]
[ccr_centralized_planner-15] [INFO] [1729090673.121026109] [ccr_centralized_planner]: 
[ccr_centralized_planner-15] 
[ccr_centralized_planner-15]  did not replan 
[ccr_centralized_planner-15] 
[ccr_centralized_planner-15] [INFO] [1729090673.121821458] [ccr_centralized_planner]: Sent plan [51, 32, 35, 10, 9] to robotA
[ccr_centralized_planner-15] [INFO] [1729090673.122987942] [ccr_centralized_planner]: Received state 51 from robotA
[ccr_centralized_planner-15] [INFO] [1729090673.321618026] [ccr_centralized_planner]: 
[ccr_centralized_planner-15] 
[ccr_centralized_planner-15]  did not replan 
[ccr_centralized_planner-15] 
[ccr_centralized_planner-15] [INFO] [1729090673.322485540] [ccr_centralized_planner]: Sent plan [51, 32, 35, 10, 9] to robotA
[ccr_centralized_planner-15] [INFO] [1729090673.325428941] [ccr_centralized_planner]: Received state 51 from robotA
[ccr_centralized_planner-15] [INFO] [1729090673.521937353] [ccr_centralized_planner]: 
[ccr_centralized_planner-15] 
[ccr_centralized_planner-15]  did not replan 
[ccr_centralized_planner-15] 
[ccr_centralized_planner-15] [INFO] [1729090673.522739855] [ccr_centralized_planner]: Sent plan [51, 32, 35, 10, 9] to robotA
[ccr_centralized_planner-15] [INFO] [1729090673.531174648] [ccr_centralized_planner]: Received state 51 from robotA
[ccr_centralized_planner-15] [INFO] [1729090673.722186378] [ccr_centralized_planner]: 
[ccr_centralized_planner-15] 
[ccr_centralized_planner-15]  did not replan 
[ccr_centralized_planner-15] 
[ccr_centralized_planner-15] [INFO] [1729090673.723089228] [ccr_centralized_planner]: Sent plan [51, 32, 35, 10, 9] to robotA
[ccr_centralized_planner-15] [INFO] [1729090673.724800242] [ccr_centralized_planner]: Received state 51 from robotA
[ccr_centralized_planner-15] [INFO] [1729090673.922642350] [ccr_centralized_planner]: 
[ccr_centralized_planner-15] 
[ccr_centralized_planner-15]  did not replan 
[ccr_centralized_planner-15] 
[ccr_centralized_planner-15] [INFO] [1729090673.923674734] [ccr_centralized_planner]: Sent plan [51, 32, 35, 10, 9] to robotA
[ccr_local_planner-14] [INFO] [1729090673.924283223] [robotA.ccr_local_planner]: new state 32
[ccr_centralized_planner-15] [INFO] [1729090673.924980048] [ccr_centralized_planner]: Received state 32 from robotA
[ccr_centralized_planner-15] [INFO] [1729090674.122660173] [ccr_centralized_planner]: 
[ccr_centralized_planner-15] 
[ccr_centralized_planner-15]  did not replan 
[ccr_centralized_planner-15] 
[ccr_centralized_planner-15] [INFO] [1729090674.123660947] [ccr_centralized_planner]: Sent plan [32, 35, 10, 9] to robotA
[ccr_centralized_planner-15] [INFO] [1729090674.126236809] [ccr_centralized_planner]: Received state 32 from robotA
[ccr_local_planner-14] [INFO] [1729090674.144340566] [robotA.ccr_local_planner]: new plan: [32, 35, 10], remainder: [9]
[ccr_centralized_planner-15] [INFO] [1729090674.322791327] [ccr_centralized_planner]: 
[ccr_centralized_planner-15] 
[ccr_centralized_planner-15]  did not replan 
[ccr_centralized_planner-15] 
[ccr_centralized_planner-15] [INFO] [1729090674.323709336] [ccr_centralized_planner]: Sent plan [32, 35, 10, 9] to robotA
[ccr_centralized_planner-15] [INFO] [1729090674.325768351] [ccr_centralized_planner]: Received state 32 from robotA
[ccr_centralized_planner-15] [INFO] [1729090674.523370200] [ccr_centralized_planner]: 
[ccr_centralized_planner-15] 
[ccr_centralized_planner-15]  did not replan 
[ccr_centralized_planner-15] 
[ccr_centralized_planner-15] [INFO] [1729090674.524272009] [ccr_centralized_planner]: Sent plan [32, 35, 10, 9] to robotA
[ccr_centralized_planner-15] [INFO] [1729090674.526049948] [ccr_centralized_planner]: Received state 32 from robotA
[ccr_centralized_planner-15] [INFO] [1729090674.723656896] [ccr_centralized_planner]: 
[ccr_centralized_planner-15] 
[ccr_centralized_planner-15]  did not replan 
[ccr_centralized_planner-15] 
[command_node-3] [INFO] [1729090674.723935928] [command_node]: robotA: running
[ccr_centralized_planner-15] [INFO] [1729090674.724351216] [ccr_centralized_planner]: Sent plan [32, 35, 10, 9] to robotA
[ccr_centralized_planner-15] [INFO] [1729090674.725428723] [ccr_centralized_planner]: Received state 32 from robotA
[ccr_centralized_planner-15] [INFO] [1729090674.924284389] [ccr_centralized_planner]: 
[ccr_centralized_planner-15] 
[ccr_centralized_planner-15]  did not replan 
[ccr_centralized_planner-15] 
[ccr_centralized_planner-15] [INFO] [1729090674.924998987] [ccr_centralized_planner]: Sent plan [32, 35, 10, 9] to robotA
[ccr_centralized_planner-15] [INFO] [1729090674.926689733] [ccr_centralized_planner]: Received state 32 from robotA
[ccr_centralized_planner-15] [INFO] [1729090675.124758486] [ccr_centralized_planner]: 
[ccr_centralized_planner-15] 
[ccr_centralized_planner-15]  did not replan 
[ccr_centralized_planner-15] 
[ccr_centralized_planner-15] [INFO] [1729090675.125471982] [ccr_centralized_planner]: Sent plan [32, 35, 10, 9] to robotA
[ccr_centralized_planner-15] [INFO] [1729090675.128437735] [ccr_centralized_planner]: Received state 32 from robotA
[ccr_centralized_planner-15] [INFO] [1729090675.325339412] [ccr_centralized_planner]: 
[ccr_centralized_planner-15] 
[ccr_centralized_planner-15]  did not replan 
[ccr_centralized_planner-15] 
[ccr_centralized_planner-15] [INFO] [1729090675.326151433] [ccr_centralized_planner]: Sent plan [32, 35, 10, 9] to robotA
[ccr_centralized_planner-15] [INFO] [1729090675.327446007] [ccr_centralized_planner]: Received state 32 from robotA
[ccr_centralized_planner-15] [INFO] [1729090675.525863132] [ccr_centralized_planner]: 
[ccr_centralized_planner-15] 
[ccr_centralized_planner-15]  did not replan 
[ccr_centralized_planner-15] 
[ccr_centralized_planner-15] [INFO] [1729090675.526581577] [ccr_centralized_planner]: Sent plan [32, 35, 10, 9] to robotA
[ccr_centralized_planner-15] [INFO] [1729090675.528688482] [ccr_centralized_planner]: Received state 32 from robotA
[ccr_centralized_planner-15] [INFO] [1729090675.726325056] [ccr_centralized_planner]: 
[ccr_centralized_planner-15] 
[ccr_centralized_planner-15]  did not replan 
[ccr_centralized_planner-15] 
[ccr_centralized_planner-15] [INFO] [1729090675.727122118] [ccr_centralized_planner]: Sent plan [32, 35, 10, 9] to robotA
[ccr_centralized_planner-15] [INFO] [1729090675.732459952] [ccr_centralized_planner]: Received state 32 from robotA
[ccr_centralized_planner-15] [INFO] [1729090675.926620177] [ccr_centralized_planner]: 
[ccr_centralized_planner-15] 
[ccr_centralized_planner-15]  did not replan 
[ccr_centralized_planner-15] 
[ccr_centralized_planner-15] [INFO] [1729090675.927325177] [ccr_centralized_planner]: Sent plan [32, 35, 10, 9] to robotA
[ccr_local_planner-14] [INFO] [1729090675.934999677] [robotA.ccr_local_planner]: new state 35
[ccr_centralized_planner-15] [INFO] [1729090675.935041816] [ccr_centralized_planner]: Received state 35 from robotA
[ccr_centralized_planner-15] [INFO] [1729090676.127635568] [ccr_centralized_planner]: 
[ccr_centralized_planner-15] 
[ccr_centralized_planner-15]  did not replan 
[ccr_centralized_planner-15] 
[ccr_centralized_planner-15] [INFO] [1729090676.128764802] [ccr_centralized_planner]: Sent plan [35, 10, 9] to robotA
[ccr_centralized_planner-15] [INFO] [1729090676.130604767] [ccr_centralized_planner]: Received state 35 from robotA
[ccr_local_planner-14] [INFO] [1729090676.148857032] [robotA.ccr_local_planner]: new plan: [35, 10, 9]
[ccr_centralized_planner-15] [INFO] [1729090676.328107330] [ccr_centralized_planner]: 
[ccr_centralized_planner-15] 
[ccr_centralized_planner-15]  did not replan 
[ccr_centralized_planner-15] 
[ccr_centralized_planner-15] [INFO] [1729090676.328769890] [ccr_centralized_planner]: Sent plan [35, 10, 9] to robotA
[ccr_centralized_planner-15] [INFO] [1729090676.429262748] [ccr_centralized_planner]: Received state 35 from robotA
[ccr_centralized_planner-15] [INFO] [1729090676.528148014] [ccr_centralized_planner]: 
[ccr_centralized_planner-15] 
[ccr_centralized_planner-15]  did not replan 
[ccr_centralized_planner-15] 
[ccr_centralized_planner-15] [INFO] [1729090676.528994249] [ccr_centralized_planner]: Sent plan [35, 10, 9] to robotA
[ccr_centralized_planner-15] [INFO] [1729090676.631069138] [ccr_centralized_planner]: Received state 35 from robotA
[ccr_centralized_planner-15] [INFO] [1729090676.728912906] [ccr_centralized_planner]: 
[ccr_centralized_planner-15] 
[ccr_centralized_planner-15]  did not replan 
[ccr_centralized_planner-15] 
[command_node-3] [INFO] [1729090676.728963641] [command_node]: robotA: running
[ccr_centralized_planner-15] [INFO] [1729090676.729687356] [ccr_centralized_planner]: Sent plan [35, 10, 9] to robotA
[ccr_centralized_planner-15] [INFO] [1729090676.831858606] [ccr_centralized_planner]: Received state 35 from robotA
[ccr_centralized_planner-15] [INFO] [1729090676.928944724] [ccr_centralized_planner]: 
[ccr_centralized_planner-15] 
[ccr_centralized_planner-15]  did not replan 
[ccr_centralized_planner-15] 
[ccr_centralized_planner-15] [INFO] [1729090676.929687054] [ccr_centralized_planner]: Sent plan [35, 10, 9] to robotA
[ccr_centralized_planner-15] [INFO] [1729090677.035761522] [ccr_centralized_planner]: Received state 35 from robotA
[ccr_centralized_planner-15] [INFO] [1729090677.129023300] [ccr_centralized_planner]: 
[ccr_centralized_planner-15] 
[ccr_centralized_planner-15]  did not replan 
[ccr_centralized_planner-15] 
[ccr_centralized_planner-15] [INFO] [1729090677.129724543] [ccr_centralized_planner]: Sent plan [35, 10, 9] to robotA
[ccr_local_planner-14] [INFO] [1729090677.232523608] [robotA.ccr_local_planner]: new state 10
[ccr_centralized_planner-15] [INFO] [1729090677.232556360] [ccr_centralized_planner]: Received state 10 from robotA
[ccr_centralized_planner-15] [INFO] [1729090677.330037468] [ccr_centralized_planner]: 
[ccr_centralized_planner-15] 
[ccr_centralized_planner-15]  did not replan 
[ccr_centralized_planner-15] 
[ccr_centralized_planner-15] [INFO] [1729090677.330727210] [ccr_centralized_planner]: Sent plan [10, 9] to robotA
[ccr_local_planner-14] [INFO] [1729090677.331111669] [robotA.ccr_local_planner]: new plan: [10, 9]
[ccr_centralized_planner-15] [INFO] [1729090677.435452391] [ccr_centralized_planner]: Received state 10 from robotA
[ccr_centralized_planner-15] [INFO] [1729090677.631112805] [ccr_centralized_planner]: 
[ccr_centralized_planner-15] 
[ccr_centralized_planner-15]  did not replan 
[ccr_centralized_planner-15] 
[ccr_centralized_planner-15] [INFO] [1729090677.631912121] [ccr_centralized_planner]: Sent plan [10, 9] to robotA
[ccr_centralized_planner-15] [INFO] [1729090677.633164146] [ccr_centralized_planner]: Received state 10 from robotA
[ccr_centralized_planner-15] [INFO] [1729090677.831313589] [ccr_centralized_planner]: 
[ccr_centralized_planner-15] 
[ccr_centralized_planner-15]  did not replan 
[ccr_centralized_planner-15] 
[ccr_centralized_planner-15] [INFO] [1729090677.832094912] [ccr_centralized_planner]: Sent plan [10, 9] to robotA
[ccr_centralized_planner-15] [INFO] [1729090677.834862044] [ccr_centralized_planner]: Received state 10 from robotA
[ccr_centralized_planner-15] [INFO] [1729090678.032372742] [ccr_centralized_planner]: 
[ccr_centralized_planner-15] 
[ccr_centralized_planner-15]  did not replan 
[ccr_centralized_planner-15] 
[ccr_centralized_planner-15] [INFO] [1729090678.033263630] [ccr_centralized_planner]: Sent plan [10, 9] to robotA
[ccr_centralized_planner-15] [INFO] [1729090678.034690361] [ccr_centralized_planner]: Received state 10 from robotA
[ccr_centralized_planner-15] [INFO] [1729090678.231518371] [ccr_centralized_planner]: 
[ccr_centralized_planner-15] 
[ccr_centralized_planner-15]  did not replan 
[ccr_centralized_planner-15] 
[ccr_centralized_planner-15] [INFO] [1729090678.232226076] [ccr_centralized_planner]: Sent plan [10, 9] to robotA
[ccr_centralized_planner-15] [INFO] [1729090678.233725103] [ccr_centralized_planner]: Received state 10 from robotA
[ccr_centralized_planner-15] [INFO] [1729090678.432212960] [ccr_centralized_planner]: 
[ccr_centralized_planner-15] 
[ccr_centralized_planner-15]  did not replan 
[ccr_centralized_planner-15] 
[ccr_centralized_planner-15] [INFO] [1729090678.432874759] [ccr_centralized_planner]: Sent plan [10, 9] to robotA
[ccr_centralized_planner-15] [INFO] [1729090678.434113829] [ccr_centralized_planner]: Received state 10 from robotA
[ccr_centralized_planner-15] [INFO] [1729090678.633235253] [ccr_centralized_planner]: 
[ccr_centralized_planner-15] 
[ccr_centralized_planner-15]  did not replan 
[ccr_centralized_planner-15] 
[ccr_centralized_planner-15] [INFO] [1729090678.634030072] [ccr_centralized_planner]: Sent plan [10, 9] to robotA
[ccr_centralized_planner-15] [INFO] [1729090678.635525652] [ccr_centralized_planner]: Received state 10 from robotA
[ccr_centralized_planner-15] [INFO] [1729090678.833161003] [ccr_centralized_planner]: 
[ccr_centralized_planner-15] 
[ccr_centralized_planner-15]  did not replan 
[ccr_centralized_planner-15] 
[command_node-3] [INFO] [1729090678.833210856] [command_node]: robotA: running
[ccr_centralized_planner-15] [INFO] [1729090678.834021765] [ccr_centralized_planner]: Sent plan [10, 9] to robotA
[ccr_centralized_planner-15] [INFO] [1729090678.834971503] [ccr_centralized_planner]: Received state 10 from robotA
[ccr_centralized_planner-15] [INFO] [1729090679.033383018] [ccr_centralized_planner]: 
[ccr_centralized_planner-15] 
[ccr_centralized_planner-15]  did not replan 
[ccr_centralized_planner-15] 
[ccr_centralized_planner-15] [INFO] [1729090679.034194327] [ccr_centralized_planner]: Sent plan [10, 9] to robotA
[ccr_centralized_planner-15] [INFO] [1729090679.036859247] [ccr_centralized_planner]: Received state 10 from robotA
[ccr_centralized_planner-15] [INFO] [1729090679.234030519] [ccr_centralized_planner]: 
[ccr_centralized_planner-15] 
[ccr_centralized_planner-15]  did not replan 
[ccr_centralized_planner-15] 
[ccr_centralized_planner-15] [INFO] [1729090679.234740599] [ccr_centralized_planner]: Sent plan [10, 9] to robotA
[ccr_centralized_planner-15] [INFO] [1729090679.242198001] [ccr_centralized_planner]: Received state 10 from robotA
[ccr_centralized_planner-15] [INFO] [1729090679.434107221] [ccr_centralized_planner]: 
[ccr_centralized_planner-15] 
[ccr_centralized_planner-15]  did not replan 
[ccr_centralized_planner-15] 
[ccr_centralized_planner-15] [INFO] [1729090679.434922758] [ccr_centralized_planner]: Sent plan [10, 9] to robotA
[ccr_local_planner-14] [INFO] [1729090679.444669618] [robotA.ccr_local_planner]: new state 9
[ccr_centralized_planner-15] [INFO] [1729090679.444831301] [ccr_centralized_planner]: Received state 9 from robotA
[ccr_goal_provider-12] [INFO] [1729090679.444934755] [ccr_goal_provider]: [32mgoal completed:[0m robotA reached goal 9, going to goal 1 within state 1
[ccr_centralized_planner-15] [INFO] [1729090679.534393202] [ccr_centralized_planner]: Received goal 1 from robotA
[ccr_centralized_planner-15] [INFO] [1729090679.634513411] [ccr_centralized_planner]: 
[ccr_centralized_planner-15] 
[ccr_centralized_planner-15]  replaned due to new goal
[ccr_centralized_planner-15] 
[ccr_centralized_planner-15] [INFO] [1729090679.656980698] [ccr_centralized_planner]: Sent plan [9, 11, 35, 50, 51, 53, 39, 55, 56, 57, 5, 1] to robotA
[ccr_centralized_planner-15] [INFO] [1729090679.657451359] [ccr_centralized_planner]: Received state 9 from robotA
[ccr_local_planner-14] [INFO] [1729090679.663768026] [robotA.ccr_local_planner]: new plan: [9, 11, 35], remainder: [50, 51, 53, 39, 55, 56, 57, 5, 1]
[ccr_centralized_planner-15] [INFO] [1729090679.834715639] [ccr_centralized_planner]: 
[ccr_centralized_planner-15] 
[ccr_centralized_planner-15]  did not replan 
[ccr_centralized_planner-15] 
[ccr_centralized_planner-15] [INFO] [1729090679.835417913] [ccr_centralized_planner]: Sent plan [9, 11, 35, 50, 51, 53, 39, 55, 56, 57, 5, 1] to robotA
[ccr_centralized_planner-15] [INFO] [1729090679.837176566] [ccr_centralized_planner]: Received state 9 from robotA
[ccr_centralized_planner-15] [INFO] [1729090680.035261860] [ccr_centralized_planner]: 
[ccr_centralized_planner-15] 
[ccr_centralized_planner-15]  did not replan 
[ccr_centralized_planner-15] 
[ccr_centralized_planner-15] [INFO] [1729090680.036222669] [ccr_centralized_planner]: Sent plan [9, 11, 35, 50, 51, 53, 39, 55, 56, 57, 5, 1] to robotA
[ccr_centralized_planner-15] [INFO] [1729090680.037534816] [ccr_centralized_planner]: Received state 9 from robotA
[ccr_centralized_planner-15] [INFO] [1729090680.235927055] [ccr_centralized_planner]: 
[ccr_centralized_planner-15] 
[ccr_centralized_planner-15]  did not replan 
[ccr_centralized_planner-15] 
[ccr_centralized_planner-15] [INFO] [1729090680.236807123] [ccr_centralized_planner]: Sent plan [9, 11, 35, 50, 51, 53, 39, 55, 56, 57, 5, 1] to robotA
[ccr_centralized_planner-15] [INFO] [1729090680.238460378] [ccr_centralized_planner]: Received state 9 from robotA
[ccr_centralized_planner-15] [INFO] [1729090680.436326020] [ccr_centralized_planner]: 
[ccr_centralized_planner-15] 
[ccr_centralized_planner-15]  did not replan 
[ccr_centralized_planner-15] 
[ccr_centralized_planner-15] [INFO] [1729090680.436961390] [ccr_centralized_planner]: Sent plan [9, 11, 35, 50, 51, 53, 39, 55, 56, 57, 5, 1] to robotA
[ccr_centralized_planner-15] [INFO] [1729090680.439614107] [ccr_centralized_planner]: Received state 9 from robotA
[ccr_centralized_planner-15] [INFO] [1729090680.636719777] [ccr_centralized_planner]: 
[ccr_centralized_planner-15] 
[ccr_centralized_planner-15]  did not replan 
[ccr_centralized_planner-15] 
[ccr_centralized_planner-15] [INFO] [1729090680.637561082] [ccr_centralized_planner]: Sent plan [9, 11, 35, 50, 51, 53, 39, 55, 56, 57, 5, 1] to robotA
[ccr_centralized_planner-15] [INFO] [1729090680.638632478] [ccr_centralized_planner]: Received state 9 from robotA
[ccr_centralized_planner-15] [INFO] [1729090680.836945208] [ccr_centralized_planner]: 
[ccr_centralized_planner-15] 
[ccr_centralized_planner-15]  did not replan 
[ccr_centralized_planner-15] 
[command_node-3] [INFO] [1729090680.836997025] [command_node]: robotA: running
[ccr_centralized_planner-15] [INFO] [1729090680.837799497] [ccr_centralized_planner]: Sent plan [9, 11, 35, 50, 51, 53, 39, 55, 56, 57, 5, 1] to robotA
[ccr_centralized_planner-15] [INFO] [1729090680.840036506] [ccr_centralized_planner]: Received state 9 from robotA
[ccr_centralized_planner-15] [INFO] [1729090681.037481220] [ccr_centralized_planner]: 
[ccr_centralized_planner-15] 
[ccr_centralized_planner-15]  did not replan 
[ccr_centralized_planner-15] 
[ccr_centralized_planner-15] [INFO] [1729090681.038238468] [ccr_centralized_planner]: Sent plan [9, 11, 35, 50, 51, 53, 39, 55, 56, 57, 5, 1] to robotA
[ccr_centralized_planner-15] [INFO] [1729090681.039096114] [ccr_centralized_planner]: Received state 9 from robotA
[ccr_centralized_planner-15] [INFO] [1729090681.237720387] [ccr_centralized_planner]: 
[ccr_centralized_planner-15] 
[ccr_centralized_planner-15]  did not replan 
[ccr_centralized_planner-15] 
[ccr_centralized_planner-15] [INFO] [1729090681.238436778] [ccr_centralized_planner]: Sent plan [9, 11, 35, 50, 51, 53, 39, 55, 56, 57, 5, 1] to robotA
[ccr_centralized_planner-15] [INFO] [1729090681.242928979] [ccr_centralized_planner]: Received state 9 from robotA
[ccr_centralized_planner-15] [INFO] [1729090681.438044693] [ccr_centralized_planner]: 
[ccr_centralized_planner-15] 
[ccr_centralized_planner-15]  did not replan 
[ccr_centralized_planner-15] 
[ccr_centralized_planner-15] [INFO] [1729090681.438783286] [ccr_centralized_planner]: Sent plan [9, 11, 35, 50, 51, 53, 39, 55, 56, 57, 5, 1] to robotA
[ccr_centralized_planner-15] [INFO] [1729090681.443162826] [ccr_centralized_planner]: Received state 9 from robotA
[ccr_centralized_planner-15] [INFO] [1729090681.638600973] [ccr_centralized_planner]: 
[ccr_centralized_planner-15] 
[ccr_centralized_planner-15]  did not replan 
[ccr_centralized_planner-15] 
[ccr_centralized_planner-15] [INFO] [1729090681.639483906] [ccr_centralized_planner]: Sent plan [9, 11, 35, 50, 51, 53, 39, 55, 56, 57, 5, 1] to robotA
[ccr_centralized_planner-15] [INFO] [1729090681.649460316] [ccr_centralized_planner]: Received state 9 from robotA
[ccr_centralized_planner-15] [INFO] [1729090681.839717854] [ccr_centralized_planner]: 
[ccr_centralized_planner-15] 
[ccr_centralized_planner-15]  did not replan 
[ccr_centralized_planner-15] 
[ccr_centralized_planner-15] [INFO] [1729090681.840775374] [ccr_centralized_planner]: Sent plan [9, 11, 35, 50, 51, 53, 39, 55, 56, 57, 5, 1] to robotA
[ccr_centralized_planner-15] [INFO] [1729090681.842028109] [ccr_centralized_planner]: Received state 9 from robotA
[ccr_centralized_planner-15] [INFO] [1729090682.040112451] [ccr_centralized_planner]: 
[ccr_centralized_planner-15] 
[ccr_centralized_planner-15]  did not replan 
[ccr_centralized_planner-15] 
[ccr_centralized_planner-15] [INFO] [1729090682.040929140] [ccr_centralized_planner]: Sent plan [9, 11, 35, 50, 51, 53, 39, 55, 56, 57, 5, 1] to robotA
[ccr_local_planner-14] [INFO] [1729090682.042871126] [robotA.ccr_local_planner]: new state 11
[ccr_centralized_planner-15] [INFO] [1729090682.042944674] [ccr_centralized_planner]: Received state 11 from robotA
[ccr_centralized_planner-15] [INFO] [1729090682.240507620] [ccr_centralized_planner]: 
[ccr_centralized_planner-15] 
[ccr_centralized_planner-15]  did not replan 
[ccr_centralized_planner-15] 
[ccr_centralized_planner-15] [INFO] [1729090682.241346511] [ccr_centralized_planner]: Sent plan [11, 35, 50, 51, 53, 39, 55, 56, 57, 5, 1] to robotA
[ccr_local_planner-14] [INFO] [1729090682.241395323] [robotA.ccr_local_planner]: new plan: [11, 35, 50], remainder: [51, 53, 39, 55, 56, 57, 5, 1]
[ccr_centralized_planner-15] [INFO] [1729090682.342951700] [ccr_centralized_planner]: Received state 11 from robotA
[ccr_centralized_planner-15] [INFO] [1729090682.440885306] [ccr_centralized_planner]: 
[ccr_centralized_planner-15] 
[ccr_centralized_planner-15]  did not replan 
[ccr_centralized_planner-15] 
[ccr_centralized_planner-15] [INFO] [1729090682.441709399] [ccr_centralized_planner]: Sent plan [11, 35, 50, 51, 53, 39, 55, 56, 57, 5, 1] to robotA
[ccr_centralized_planner-15] [INFO] [1729090682.544427032] [ccr_centralized_planner]: Received state 11 from robotA
[ccr_centralized_planner-15] [INFO] [1729090682.641543888] [ccr_centralized_planner]: 
[ccr_centralized_planner-15] 
[ccr_centralized_planner-15]  did not replan 
[ccr_centralized_planner-15] 
[ccr_centralized_planner-15] [INFO] [1729090682.642256522] [ccr_centralized_planner]: Sent plan [11, 35, 50, 51, 53, 39, 55, 56, 57, 5, 1] to robotA
[ccr_centralized_planner-15] [INFO] [1729090682.748479538] [ccr_centralized_planner]: Received state 11 from robotA
[command_node-3] [INFO] [1729090682.842429836] [command_node]: robotA: running
[ccr_centralized_planner-15] [INFO] [1729090682.842429826] [ccr_centralized_planner]: 
[ccr_centralized_planner-15] 
[ccr_centralized_planner-15]  did not replan 
[ccr_centralized_planner-15] 
[ccr_centralized_planner-15] [INFO] [1729090682.843438475] [ccr_centralized_planner]: Sent plan [11, 35, 50, 51, 53, 39, 55, 56, 57, 5, 1] to robotA
[ccr_centralized_planner-15] [INFO] [1729090682.951688155] [ccr_centralized_planner]: Received state 11 from robotA
[ccr_centralized_planner-15] [INFO] [1729090683.042118201] [ccr_centralized_planner]: 
[ccr_centralized_planner-15] 
[ccr_centralized_planner-15]  did not replan 
[ccr_centralized_planner-15] 
[ccr_centralized_planner-15] [INFO] [1729090683.042798475] [ccr_centralized_planner]: Sent plan [11, 35, 50, 51, 53, 39, 55, 56, 57, 5, 1] to robotA
[ccr_centralized_planner-15] [INFO] [1729090683.144357108] [ccr_centralized_planner]: Received state 11 from robotA
[ccr_centralized_planner-15] [INFO] [1729090683.342834656] [ccr_centralized_planner]: 
[ccr_centralized_planner-15] 
[ccr_centralized_planner-15]  did not replan 
[ccr_centralized_planner-15] 
[ccr_centralized_planner-15] [INFO] [1729090683.343567328] [ccr_centralized_planner]: Sent plan [11, 35, 50, 51, 53, 39, 55, 56, 57, 5, 1] to robotA
[ccr_centralized_planner-15] [INFO] [1729090683.346287851] [ccr_centralized_planner]: Received state 11 from robotA
[ccr_centralized_planner-15] [INFO] [1729090683.543327157] [ccr_centralized_planner]: 
[ccr_centralized_planner-15] 
[ccr_centralized_planner-15]  did not replan 
[ccr_centralized_planner-15] 
[ccr_centralized_planner-15] [INFO] [1729090683.544020785] [ccr_centralized_planner]: Sent plan [11, 35, 50, 51, 53, 39, 55, 56, 57, 5, 1] to robotA
[ccr_centralized_planner-15] [INFO] [1729090683.546889978] [ccr_centralized_planner]: Received state 35 from robotA
[ccr_local_planner-14] [INFO] [1729090683.547078972] [robotA.ccr_local_planner]: new state 35
[ccr_centralized_planner-15] [INFO] [1729090683.743605608] [ccr_centralized_planner]: 
[ccr_centralized_planner-15] 
[ccr_centralized_planner-15]  did not replan 
[ccr_centralized_planner-15] 
[ccr_centralized_planner-15] [INFO] [1729090683.744216491] [ccr_centralized_planner]: Sent plan [35, 50, 51, 53, 39, 55, 56, 57, 5, 1] to robotA
[ccr_centralized_planner-15] [INFO] [1729090683.746013155] [ccr_centralized_planner]: Received state 35 from robotA
[ccr_local_planner-14] [INFO] [1729090683.765746493] [robotA.ccr_local_planner]: new plan: [35, 50, 51], remainder: [53, 39, 55, 56, 57, 5, 1]
[ccr_centralized_planner-15] [INFO] [1729090683.944214065] [ccr_centralized_planner]: 
[ccr_centralized_planner-15] 
[ccr_centralized_planner-15]  did not replan 
[ccr_centralized_planner-15] 
[ccr_centralized_planner-15] [INFO] [1729090683.944976172] [ccr_centralized_planner]: Sent plan [35, 50, 51, 53, 39, 55, 56, 57, 5, 1] to robotA
[ccr_centralized_planner-15] [INFO] [1729090683.946408905] [ccr_centralized_planner]: Received state 35 from robotA
[ccr_centralized_planner-15] [INFO] [1729090684.144741352] [ccr_centralized_planner]: 
[ccr_centralized_planner-15] 
[ccr_centralized_planner-15]  did not replan 
[ccr_centralized_planner-15] 
[ccr_centralized_planner-15] [INFO] [1729090684.145462142] [ccr_centralized_planner]: Sent plan [35, 50, 51, 53, 39, 55, 56, 57, 5, 1] to robotA
[ccr_centralized_planner-15] [INFO] [1729090684.147221556] [ccr_centralized_planner]: Received state 35 from robotA
[ccr_centralized_planner-15] [INFO] [1729090684.345284417] [ccr_centralized_planner]: 
[ccr_centralized_planner-15] 
[ccr_centralized_planner-15]  did not replan 
[ccr_centralized_planner-15] 
[ccr_centralized_planner-15] [INFO] [1729090684.346021317] [ccr_centralized_planner]: Sent plan [35, 50, 51, 53, 39, 55, 56, 57, 5, 1] to robotA
[ccr_centralized_planner-15] [INFO] [1729090684.347161923] [ccr_centralized_planner]: Received state 35 from robotA
[ccr_centralized_planner-15] [INFO] [1729090684.545345871] [ccr_centralized_planner]: 
[ccr_centralized_planner-15] 
[ccr_centralized_planner-15]  did not replan 
[ccr_centralized_planner-15] 
[ccr_centralized_planner-15] [INFO] [1729090684.546048667] [ccr_centralized_planner]: Sent plan [35, 50, 51, 53, 39, 55, 56, 57, 5, 1] to robotA
[ccr_centralized_planner-15] [INFO] [1729090684.547624988] [ccr_centralized_planner]: Received state 35 from robotA
[ccr_centralized_planner-15] [INFO] [1729090684.745679706] [ccr_centralized_planner]: 
[ccr_centralized_planner-15] 
[ccr_centralized_planner-15]  did not replan 
[ccr_centralized_planner-15] 
[ccr_centralized_planner-15] [INFO] [1729090684.746276573] [ccr_centralized_planner]: Sent plan [35, 50, 51, 53, 39, 55, 56, 57, 5, 1] to robotA
[ccr_centralized_planner-15] [INFO] [1729090684.747957510] [ccr_centralized_planner]: Received state 35 from robotA
[command_node-3] [INFO] [1729090684.946479111] [command_node]: robotA: running
[ccr_centralized_planner-15] [INFO] [1729090684.946855065] [ccr_centralized_planner]: 
[ccr_centralized_planner-15] 
[ccr_centralized_planner-15]  did not replan 
[ccr_centralized_planner-15] 
[ccr_centralized_planner-15] [INFO] [1729090684.947922904] [ccr_centralized_planner]: Sent plan [35, 50, 51, 53, 39, 55, 56, 57, 5, 1] to robotA
[ccr_centralized_planner-15] [INFO] [1729090684.949905226] [ccr_centralized_planner]: Received state 35 from robotA
[ccr_centralized_planner-15] [INFO] [1729090685.146853180] [ccr_centralized_planner]: 
[ccr_centralized_planner-15] 
[ccr_centralized_planner-15]  did not replan 
[ccr_centralized_planner-15] 
[ccr_centralized_planner-15] [INFO] [1729090685.147608013] [ccr_centralized_planner]: Sent plan [35, 50, 51, 53, 39, 55, 56, 57, 5, 1] to robotA
[ccr_centralized_planner-15] [INFO] [1729090685.153124663] [ccr_centralized_planner]: Received state 35 from robotA
[ccr_centralized_planner-15] [INFO] [1729090685.347991621] [ccr_centralized_planner]: 
[ccr_centralized_planner-15] 
[ccr_centralized_planner-15]  did not replan 
[ccr_centralized_planner-15] 
[ccr_centralized_planner-15] [INFO] [1729090685.348847954] [ccr_centralized_planner]: Sent plan [35, 50, 51, 53, 39, 55, 56, 57, 5, 1] to robotA
[ccr_centralized_planner-15] [INFO] [1729090685.350408977] [ccr_centralized_planner]: Received state 35 from robotA
[ccr_centralized_planner-15] [INFO] [1729090685.547892784] [ccr_centralized_planner]: 
[ccr_centralized_planner-15] 
[ccr_centralized_planner-15]  did not replan 
[ccr_centralized_planner-15] 
[ccr_centralized_planner-15] [INFO] [1729090685.548622651] [ccr_centralized_planner]: Sent plan [35, 50, 51, 53, 39, 55, 56, 57, 5, 1] to robotA
[ccr_centralized_planner-15] [INFO] [1729090685.550798495] [ccr_centralized_planner]: Received state 50 from robotA
[ccr_local_planner-14] [INFO] [1729090685.551050036] [robotA.ccr_local_planner]: new state 50
[ccr_centralized_planner-15] [INFO] [1729090685.748861397] [ccr_centralized_planner]: 
[ccr_centralized_planner-15] 
[ccr_centralized_planner-15]  did not replan 
[ccr_centralized_planner-15] 
[ccr_centralized_planner-15] [INFO] [1729090685.749674670] [ccr_centralized_planner]: Sent plan [50, 51, 53, 39, 55, 56, 57, 5, 1] to robotA
[ccr_centralized_planner-15] [INFO] [1729090685.750881750] [ccr_centralized_planner]: Received state 50 from robotA
[ccr_local_planner-14] [INFO] [1729090685.770791498] [robotA.ccr_local_planner]: new plan: [50, 51, 53], remainder: [39, 55, 56, 57, 5, 1]
[ccr_centralized_planner-15] [INFO] [1729090685.948893907] [ccr_centralized_planner]: 
[ccr_centralized_planner-15] 
[ccr_centralized_planner-15]  did not replan 
[ccr_centralized_planner-15] 
[ccr_centralized_planner-15] [INFO] [1729090685.949584480] [ccr_centralized_planner]: Sent plan [50, 51, 53, 39, 55, 56, 57, 5, 1] to robotA
[ccr_centralized_planner-15] [INFO] [1729090685.951465001] [ccr_centralized_planner]: Received state 50 from robotA
[ccr_centralized_planner-15] [INFO] [1729090686.149777290] [ccr_centralized_planner]: 
[ccr_centralized_planner-15] 
[ccr_centralized_planner-15]  did not replan 
[ccr_centralized_planner-15] 
[ccr_centralized_planner-15] [INFO] [1729090686.150898288] [ccr_centralized_planner]: Sent plan [50, 51, 53, 39, 55, 56, 57, 5, 1] to robotA
[ccr_centralized_planner-15] [INFO] [1729090686.153373002] [ccr_centralized_planner]: Received state 50 from robotA
[ccr_centralized_planner-15] [INFO] [1729090686.349404681] [ccr_centralized_planner]: 
[ccr_centralized_planner-15] 
[ccr_centralized_planner-15]  did not replan 
[ccr_centralized_planner-15] 
[ccr_centralized_planner-15] [INFO] [1729090686.350262688] [ccr_centralized_planner]: Sent plan [50, 51, 53, 39, 55, 56, 57, 5, 1] to robotA
[ccr_centralized_planner-15] [INFO] [1729090686.351362818] [ccr_centralized_planner]: Received state 50 from robotA
[ccr_centralized_planner-15] [INFO] [1729090686.549762570] [ccr_centralized_planner]: 
[ccr_centralized_planner-15] 
[ccr_centralized_planner-15]  did not replan 
[ccr_centralized_planner-15] 
[ccr_centralized_planner-15] [INFO] [1729090686.550482438] [ccr_centralized_planner]: Sent plan [50, 51, 53, 39, 55, 56, 57, 5, 1] to robotA
[ccr_centralized_planner-15] [INFO] [1729090686.552164227] [ccr_centralized_planner]: Received state 50 from robotA
[ccr_centralized_planner-15] [INFO] [1729090686.750534203] [ccr_centralized_planner]: 
[ccr_centralized_planner-15] 
[ccr_centralized_planner-15]  did not replan 
[ccr_centralized_planner-15] 
[ccr_centralized_planner-15] [INFO] [1729090686.751394334] [ccr_centralized_planner]: Sent plan [50, 51, 53, 39, 55, 56, 57, 5, 1] to robotA
[ccr_local_planner-14] [INFO] [1729090686.751423679] [robotA.ccr_local_planner]: new state 51
[ccr_centralized_planner-15] [INFO] [1729090686.752400918] [ccr_centralized_planner]: Received state 51 from robotA
[command_node-3] [INFO] [1729090686.950875512] [command_node]: robotA: running
[ccr_centralized_planner-15] [INFO] [1729090686.951344961] [ccr_centralized_planner]: 
[ccr_centralized_planner-15] 
[ccr_centralized_planner-15]  did not replan 
[ccr_centralized_planner-15] 
[ccr_centralized_planner-15] [INFO] [1729090686.952148696] [ccr_centralized_planner]: Sent plan [51, 53, 39, 55, 56, 57, 5, 1] to robotA
[ccr_centralized_planner-15] [INFO] [1729090686.954436299] [ccr_centralized_planner]: Received state 51 from robotA
[ccr_local_planner-14] [INFO] [1729090686.974565127] [robotA.ccr_local_planner]: new plan: [51, 53, 39], remainder: [55, 56, 57, 5, 1]
[ccr_centralized_planner-15] [INFO] [1729090687.151675889] [ccr_centralized_planner]: 
[ccr_centralized_planner-15] 
[ccr_centralized_planner-15]  did not replan 
[ccr_centralized_planner-15] 
[ccr_centralized_planner-15] [INFO] [1729090687.152411807] [ccr_centralized_planner]: Sent plan [51, 53, 39, 55, 56, 57, 5, 1] to robotA
[ccr_centralized_planner-15] [INFO] [1729090687.156284919] [ccr_centralized_planner]: Received state 51 from robotA
[ccr_centralized_planner-15] [INFO] [1729090687.351811382] [ccr_centralized_planner]: 
[ccr_centralized_planner-15] 
[ccr_centralized_planner-15]  did not replan 
[ccr_centralized_planner-15] 
[ccr_centralized_planner-15] [INFO] [1729090687.352492427] [ccr_centralized_planner]: Sent plan [51, 53, 39, 55, 56, 57, 5, 1] to robotA
[ccr_centralized_planner-15] [INFO] [1729090687.360136509] [ccr_centralized_planner]: Received state 51 from robotA
[ccr_centralized_planner-15] [INFO] [1729090687.552104580] [ccr_centralized_planner]: 
[ccr_centralized_planner-15] 
[ccr_centralized_planner-15]  did not replan 
[ccr_centralized_planner-15] 
[ccr_centralized_planner-15] [INFO] [1729090687.552882546] [ccr_centralized_planner]: Sent plan [51, 53, 39, 55, 56, 57, 5, 1] to robotA
[ccr_centralized_planner-15] [INFO] [1729090687.555538359] [ccr_centralized_planner]: Received state 51 from robotA
[ccr_centralized_planner-15] [INFO] [1729090687.753507665] [ccr_centralized_planner]: 
[ccr_centralized_planner-15] 
[ccr_centralized_planner-15]  did not replan 
[ccr_centralized_planner-15] 
[ccr_centralized_planner-15] [INFO] [1729090687.754534498] [ccr_centralized_planner]: Sent plan [51, 53, 39, 55, 56, 57, 5, 1] to robotA
[ccr_centralized_planner-15] [INFO] [1729090687.854959148] [ccr_centralized_planner]: Received state 51 from robotA
[ccr_centralized_planner-15] [INFO] [1729090687.953931498] [ccr_centralized_planner]: 
[ccr_centralized_planner-15] 
[ccr_centralized_planner-15]  did not replan 
[ccr_centralized_planner-15] 
[ccr_centralized_planner-15] [INFO] [1729090687.955155049] [ccr_centralized_planner]: Sent plan [51, 53, 39, 55, 56, 57, 5, 1] to robotA
[ccr_centralized_planner-15] [INFO] [1729090688.056040070] [ccr_centralized_planner]: Received state 51 from robotA
[ccr_centralized_planner-15] [INFO] [1729090688.154340613] [ccr_centralized_planner]: 
[ccr_centralized_planner-15] 
[ccr_centralized_planner-15]  did not replan 
[ccr_centralized_planner-15] 
[ccr_centralized_planner-15] [INFO] [1729090688.155180886] [ccr_centralized_planner]: Sent plan [51, 53, 39, 55, 56, 57, 5, 1] to robotA
[ccr_centralized_planner-15] [INFO] [1729090688.260793800] [ccr_centralized_planner]: Received state 51 from robotA
[ccr_centralized_planner-15] [INFO] [1729090688.354510059] [ccr_centralized_planner]: 
[ccr_centralized_planner-15] 
[ccr_centralized_planner-15]  did not replan 
[ccr_centralized_planner-15] 
[ccr_centralized_planner-15] [INFO] [1729090688.355343219] [ccr_centralized_planner]: Sent plan [51, 53, 39, 55, 56, 57, 5, 1] to robotA
[ccr_centralized_planner-15] [INFO] [1729090688.457310196] [ccr_centralized_planner]: Received state 51 from robotA
[ccr_centralized_planner-15] [INFO] [1729090688.555895843] [ccr_centralized_planner]: 
[ccr_centralized_planner-15] 
[ccr_centralized_planner-15]  did not replan 
[ccr_centralized_planner-15] 
[ccr_centralized_planner-15] [INFO] [1729090688.557152876] [ccr_centralized_planner]: Sent plan [51, 53, 39, 55, 56, 57, 5, 1] to robotA
[ccr_centralized_planner-15] [INFO] [1729090688.658482120] [ccr_centralized_planner]: Received state 51 from robotA
[ccr_centralized_planner-15] [INFO] [1729090688.855716931] [ccr_centralized_planner]: 
[ccr_centralized_planner-15] 
[ccr_centralized_planner-15]  did not replan 
[ccr_centralized_planner-15] 
[ccr_centralized_planner-15] [INFO] [1729090688.856701344] [ccr_centralized_planner]: Sent plan [51, 53, 39, 55, 56, 57, 5, 1] to robotA
[ccr_centralized_planner-15] [INFO] [1729090688.857811002] [ccr_centralized_planner]: Received state 51 from robotA
[ccr_centralized_planner-15] [INFO] [1729090689.056092974] [ccr_centralized_planner]: 
[ccr_centralized_planner-15] 
[ccr_centralized_planner-15]  did not replan 
[ccr_centralized_planner-15] 
[command_node-3] [INFO] [1729090689.056261970] [command_node]: robotA: running
[ccr_centralized_planner-15] [INFO] [1729090689.056955819] [ccr_centralized_planner]: Sent plan [51, 53, 39, 55, 56, 57, 5, 1] to robotA
[ccr_local_planner-14] [INFO] [1729090689.058752964] [robotA.ccr_local_planner]: new state 53
[ccr_centralized_planner-15] [INFO] [1729090689.058869743] [ccr_centralized_planner]: Received state 53 from robotA
[ccr_centralized_planner-15] [INFO] [1729090689.256456855] [ccr_centralized_planner]: 
[ccr_centralized_planner-15] 
[ccr_centralized_planner-15]  did not replan 
[ccr_centralized_planner-15] 
[ccr_centralized_planner-15] [INFO] [1729090689.257271831] [ccr_centralized_planner]: Sent plan [53, 39, 55, 56, 57, 5, 1] to robotA
[ccr_centralized_planner-15] [INFO] [1729090689.259791889] [ccr_centralized_planner]: Received state 53 from robotA
[ccr_local_planner-14] [INFO] [1729090689.325017153] [robotA.ccr_local_planner]: new plan: [53, 39, 55], remainder: [56, 57, 5, 1]
[ccr_centralized_planner-15] [INFO] [1729090689.457026680] [ccr_centralized_planner]: 
[ccr_centralized_planner-15] 
[ccr_centralized_planner-15]  did not replan 
[ccr_centralized_planner-15] 
[ccr_centralized_planner-15] [INFO] [1729090689.457880198] [ccr_centralized_planner]: Sent plan [53, 39, 55, 56, 57, 5, 1] to robotA
[ccr_centralized_planner-15] [INFO] [1729090689.459785726] [ccr_centralized_planner]: Received state 53 from robotA
[ccr_centralized_planner-15] [INFO] [1729090689.657470911] [ccr_centralized_planner]: 
[ccr_centralized_planner-15] 
[ccr_centralized_planner-15]  did not replan 
[ccr_centralized_planner-15] 
[ccr_centralized_planner-15] [INFO] [1729090689.658452488] [ccr_centralized_planner]: Sent plan [53, 39, 55, 56, 57, 5, 1] to robotA
[ccr_centralized_planner-15] [INFO] [1729090689.659440458] [ccr_centralized_planner]: Received state 53 from robotA
[ccr_centralized_planner-15] [INFO] [1729090689.857569144] [ccr_centralized_planner]: 
[ccr_centralized_planner-15] 
[ccr_centralized_planner-15]  did not replan 
[ccr_centralized_planner-15] 
[ccr_centralized_planner-15] [INFO] [1729090689.858311764] [ccr_centralized_planner]: Sent plan [53, 39, 55, 56, 57, 5, 1] to robotA
[ccr_centralized_planner-15] [INFO] [1729090689.859401765] [ccr_centralized_planner]: Received state 53 from robotA
[ccr_centralized_planner-15] [INFO] [1729090690.058374901] [ccr_centralized_planner]: 
[ccr_centralized_planner-15] 
[ccr_centralized_planner-15]  did not replan 
[ccr_centralized_planner-15] 
[ccr_centralized_planner-15] [INFO] [1729090690.059183054] [ccr_centralized_planner]: Sent plan [53, 39, 55, 56, 57, 5, 1] to robotA
[ccr_centralized_planner-15] [INFO] [1729090690.062027901] [ccr_centralized_planner]: Received state 53 from robotA
[ccr_centralized_planner-15] [INFO] [1729090690.259087625] [ccr_centralized_planner]: 
[ccr_centralized_planner-15] 
[ccr_centralized_planner-15]  did not replan 
[ccr_centralized_planner-15] 
[ccr_centralized_planner-15] [INFO] [1729090690.259915485] [ccr_centralized_planner]: Sent plan [53, 39, 55, 56, 57, 5, 1] to robotA
[ccr_centralized_planner-15] [INFO] [1729090690.267598750] [ccr_centralized_planner]: Received state 53 from robotA
[ccr_centralized_planner-15] [INFO] [1729090690.460032863] [ccr_centralized_planner]: 
[ccr_centralized_planner-15] 
[ccr_centralized_planner-15]  did not replan 
[ccr_centralized_planner-15] 
[ccr_centralized_planner-15] [INFO] [1729090690.460896480] [ccr_centralized_planner]: Sent plan [53, 39, 55, 56, 57, 5, 1] to robotA
[ccr_centralized_planner-15] [INFO] [1729090690.462364960] [ccr_centralized_planner]: Received state 53 from robotA
[ccr_centralized_planner-15] [INFO] [1729090690.660375494] [ccr_centralized_planner]: 
[ccr_centralized_planner-15] 
[ccr_centralized_planner-15]  did not replan 
[ccr_centralized_planner-15] 
[ccr_centralized_planner-15] [INFO] [1729090690.661117012] [ccr_centralized_planner]: Sent plan [53, 39, 55, 56, 57, 5, 1] to robotA
[ccr_centralized_planner-15] [INFO] [1729090690.662369307] [ccr_centralized_planner]: Received state 53 from robotA
[ccr_centralized_planner-15] [INFO] [1729090690.860534761] [ccr_centralized_planner]: 
[ccr_centralized_planner-15] 
[ccr_centralized_planner-15]  did not replan 
[ccr_centralized_planner-15] 
[ccr_centralized_planner-15] [INFO] [1729090690.861383470] [ccr_centralized_planner]: Sent plan [53, 39, 55, 56, 57, 5, 1] to robotA
[ccr_centralized_planner-15] [INFO] [1729090690.863841693] [ccr_centralized_planner]: Received state 53 from robotA
[command_node-3] [INFO] [1729090691.060865499] [command_node]: robotA: running
[ccr_centralized_planner-15] [INFO] [1729090691.061100699] [ccr_centralized_planner]: 
[ccr_centralized_planner-15] 
[ccr_centralized_planner-15]  did not replan 
[ccr_centralized_planner-15] 
[ccr_centralized_planner-15] [INFO] [1729090691.061961862] [ccr_centralized_planner]: Sent plan [53, 39, 55, 56, 57, 5, 1] to robotA
[ccr_centralized_planner-15] [INFO] [1729090691.063325385] [ccr_centralized_planner]: Received state 53 from robotA
[ccr_centralized_planner-15] [INFO] [1729090691.261353692] [ccr_centralized_planner]: 
[ccr_centralized_planner-15] 
[ccr_centralized_planner-15]  did not replan 
[ccr_centralized_planner-15] 
[ccr_centralized_planner-15] [INFO] [1729090691.262081003] [ccr_centralized_planner]: Sent plan [53, 39, 55, 56, 57, 5, 1] to robotA
[ccr_centralized_planner-15] [INFO] [1729090691.263239753] [ccr_centralized_planner]: Received state 53 from robotA
[ccr_centralized_planner-15] [INFO] [1729090691.462083488] [ccr_centralized_planner]: 
[ccr_centralized_planner-15] 
[ccr_centralized_planner-15]  did not replan 
[ccr_centralized_planner-15] 
[ccr_centralized_planner-15] [INFO] [1729090691.462810819] [ccr_centralized_planner]: Sent plan [53, 39, 55, 56, 57, 5, 1] to robotA
[ccr_centralized_planner-15] [INFO] [1729090691.465251168] [ccr_centralized_planner]: Received state 53 from robotA
[ccr_centralized_planner-15] [INFO] [1729090691.661749060] [ccr_centralized_planner]: 
[ccr_centralized_planner-15] 
[ccr_centralized_planner-15]  did not replan 
[ccr_centralized_planner-15] 
[ccr_centralized_planner-15] [INFO] [1729090691.662164838] [ccr_centralized_planner]: Sent plan [53, 39, 55, 56, 57, 5, 1] to robotA
[ccr_centralized_planner-15] [INFO] [1729090691.664069084] [ccr_centralized_planner]: Received state 39 from robotA
[ccr_local_planner-14] [INFO] [1729090691.664439467] [robotA.ccr_local_planner]: new state 39
[ccr_centralized_planner-15] [INFO] [1729090691.862892931] [ccr_centralized_planner]: 
[ccr_centralized_planner-15] 
[ccr_centralized_planner-15]  did not replan 
[ccr_centralized_planner-15] 
[ccr_centralized_planner-15] [INFO] [1729090691.863581921] [ccr_centralized_planner]: Sent plan [39, 55, 56, 57, 5, 1] to robotA
[ccr_centralized_planner-15] [INFO] [1729090691.864443224] [ccr_centralized_planner]: Received state 39 from robotA
[ccr_local_planner-14] [INFO] [1729090691.887225450] [robotA.ccr_local_planner]: new plan: [39, 55, 56], remainder: [57, 5, 1]
[ccr_centralized_planner-15] [INFO] [1729090692.063450995] [ccr_centralized_planner]: 
[ccr_centralized_planner-15] 
[ccr_centralized_planner-15]  did not replan 
[ccr_centralized_planner-15] 
[ccr_centralized_planner-15] [INFO] [1729090692.064109488] [ccr_centralized_planner]: Sent plan [39, 55, 56, 57, 5, 1] to robotA
[ccr_centralized_planner-15] [INFO] [1729090692.064877105] [ccr_centralized_planner]: Received state 39 from robotA
[ccr_centralized_planner-15] [INFO] [1729090692.264086774] [ccr_centralized_planner]: 
[ccr_centralized_planner-15] 
[ccr_centralized_planner-15]  did not replan 
[ccr_centralized_planner-15] 
[ccr_centralized_planner-15] [INFO] [1729090692.264939089] [ccr_centralized_planner]: Sent plan [39, 55, 56, 57, 5, 1] to robotA
[ccr_centralized_planner-15] [INFO] [1729090692.265774594] [ccr_centralized_planner]: Received state 39 from robotA
[ccr_centralized_planner-15] [INFO] [1729090692.464375894] [ccr_centralized_planner]: 
[ccr_centralized_planner-15] 
[ccr_centralized_planner-15]  did not replan 
[ccr_centralized_planner-15] 
[ccr_centralized_planner-15] [INFO] [1729090692.465207852] [ccr_centralized_planner]: Sent plan [39, 55, 56, 57, 5, 1] to robotA
[ccr_local_planner-14] [INFO] [1729090692.470730182] [robotA.ccr_local_planner]: new state 55
[ccr_centralized_planner-15] [INFO] [1729090692.470842131] [ccr_centralized_planner]: Received state 55 from robotA
[ccr_centralized_planner-15] [INFO] [1729090692.664403695] [ccr_centralized_planner]: 
[ccr_centralized_planner-15] 
[ccr_centralized_planner-15]  did not replan 
[ccr_centralized_planner-15] 
[ccr_centralized_planner-15] [INFO] [1729090692.665078709] [ccr_centralized_planner]: Sent plan [55, 56, 57, 5, 1] to robotA
[ccr_centralized_planner-15] [INFO] [1729090692.666716145] [ccr_centralized_planner]: Received state 55 from robotA
[ccr_local_planner-14] [INFO] [1729090692.686109686] [robotA.ccr_local_planner]: new plan: [55, 56, 57], remainder: [5, 1]
[ccr_centralized_planner-15] [INFO] [1729090692.864497529] [ccr_centralized_planner]: 
[ccr_centralized_planner-15] 
[ccr_centralized_planner-15]  did not replan 
[ccr_centralized_planner-15] 
[ccr_centralized_planner-15] [INFO] [1729090692.865180147] [ccr_centralized_planner]: Sent plan [55, 56, 57, 5, 1] to robotA
[ccr_centralized_planner-15] [INFO] [1729090692.966682575] [ccr_centralized_planner]: Received state 55 from robotA
[ccr_centralized_planner-15] [INFO] [1729090693.064924238] [ccr_centralized_planner]: 
[ccr_centralized_planner-15] 
[ccr_centralized_planner-15]  did not replan 
[ccr_centralized_planner-15] 
[command_node-3] [INFO] [1729090693.065124392] [command_node]: robotA: running
[ccr_centralized_planner-15] [INFO] [1729090693.065625621] [ccr_centralized_planner]: Sent plan [55, 56, 57, 5, 1] to robotA
[ccr_centralized_planner-15] [INFO] [1729090693.166821233] [ccr_centralized_planner]: Received state 55 from robotA
[ccr_centralized_planner-15] [INFO] [1729090693.265315068] [ccr_centralized_planner]: 
[ccr_centralized_planner-15] 
[ccr_centralized_planner-15]  did not replan 
[ccr_centralized_planner-15] 
[ccr_centralized_planner-15] [INFO] [1729090693.265983820] [ccr_centralized_planner]: Sent plan [55, 56, 57, 5, 1] to robotA
[ccr_centralized_planner-15] [INFO] [1729090693.370863471] [ccr_centralized_planner]: Received state 55 from robotA
[ccr_centralized_planner-15] [INFO] [1729090693.465943814] [ccr_centralized_planner]: 
[ccr_centralized_planner-15] 
[ccr_centralized_planner-15]  did not replan 
[ccr_centralized_planner-15] 
[ccr_centralized_planner-15] [INFO] [1729090693.466798354] [ccr_centralized_planner]: Sent plan [55, 56, 57, 5, 1] to robotA
[ccr_centralized_planner-15] [INFO] [1729090693.572994891] [ccr_centralized_planner]: Received state 55 from robotA
[ccr_centralized_planner-15] [INFO] [1729090693.666064620] [ccr_centralized_planner]: 
[ccr_centralized_planner-15] 
[ccr_centralized_planner-15]  did not replan 
[ccr_centralized_planner-15] 
[ccr_centralized_planner-15] [INFO] [1729090693.666999330] [ccr_centralized_planner]: Sent plan [55, 56, 57, 5, 1] to robotA
[ccr_centralized_planner-15] [INFO] [1729090693.768776482] [ccr_centralized_planner]: Received state 55 from robotA
[ccr_centralized_planner-15] [INFO] [1729090693.966390733] [ccr_centralized_planner]: 
[ccr_centralized_planner-15] 
[ccr_centralized_planner-15]  did not replan 
[ccr_centralized_planner-15] 
[ccr_centralized_planner-15] [INFO] [1729090693.967221158] [ccr_centralized_planner]: Sent plan [55, 56, 57, 5, 1] to robotA
[ccr_centralized_planner-15] [INFO] [1729090693.968430442] [ccr_centralized_planner]: Received state 55 from robotA
[ccr_centralized_planner-15] [INFO] [1729090694.166841486] [ccr_centralized_planner]: 
[ccr_centralized_planner-15] 
[ccr_centralized_planner-15]  did not replan 
[ccr_centralized_planner-15] 
[ccr_centralized_planner-15] [INFO] [1729090694.167619613] [ccr_centralized_planner]: Sent plan [55, 56, 57, 5, 1] to robotA
[ccr_centralized_planner-15] [INFO] [1729090694.169097801] [ccr_centralized_planner]: Received state 55 from robotA
[ccr_centralized_planner-15] [INFO] [1729090694.367574277] [ccr_centralized_planner]: 
[ccr_centralized_planner-15] 
[ccr_centralized_planner-15]  did not replan 
[ccr_centralized_planner-15] 
[ccr_centralized_planner-15] [INFO] [1729090694.368577275] [ccr_centralized_planner]: Sent plan [55, 56, 57, 5, 1] to robotA
[ccr_centralized_planner-15] [INFO] [1729090694.369593979] [ccr_centralized_planner]: Received state 55 from robotA
[ccr_centralized_planner-15] [INFO] [1729090694.567825947] [ccr_centralized_planner]: 
[ccr_centralized_planner-15] 
[ccr_centralized_planner-15]  did not replan 
[ccr_centralized_planner-15] 
[ccr_centralized_planner-15] [INFO] [1729090694.568626917] [ccr_centralized_planner]: Sent plan [55, 56, 57, 5, 1] to robotA
[ccr_centralized_planner-15] [INFO] [1729090694.570007642] [ccr_centralized_planner]: Received state 55 from robotA
[ccr_centralized_planner-15] [INFO] [1729090694.768246794] [ccr_centralized_planner]: 
[ccr_centralized_planner-15] 
[ccr_centralized_planner-15]  did not replan 
[ccr_centralized_planner-15] 
[ccr_centralized_planner-15] [INFO] [1729090694.769077830] [ccr_centralized_planner]: Sent plan [55, 56, 57, 5, 1] to robotA
[ccr_centralized_planner-15] [INFO] [1729090694.770583579] [ccr_centralized_planner]: Received state 55 from robotA
[ccr_centralized_planner-15] [INFO] [1729090694.969586993] [ccr_centralized_planner]: 
[ccr_centralized_planner-15] 
[ccr_centralized_planner-15]  did not replan 
[ccr_centralized_planner-15] 
[ccr_centralized_planner-15] [INFO] [1729090694.970856389] [ccr_centralized_planner]: Sent plan [55, 56, 57, 5, 1] to robotA
[ccr_centralized_planner-15] [INFO] [1729090694.973051930] [ccr_centralized_planner]: Received state 55 from robotA
[command_node-3] [INFO] [1729090695.169568316] [command_node]: robotA: running
[ccr_centralized_planner-15] [INFO] [1729090695.170863331] [ccr_centralized_planner]: 
[ccr_centralized_planner-15] 
[ccr_centralized_planner-15]  did not replan 
[ccr_centralized_planner-15] 
[ccr_centralized_planner-15] [INFO] [1729090695.172899784] [ccr_centralized_planner]: Sent plan [55, 56, 57, 5, 1] to robotA
[ccr_local_planner-14] [INFO] [1729090695.173538890] [robotA.ccr_local_planner]: new state 56
[ccr_centralized_planner-15] [INFO] [1729090695.175019803] [ccr_centralized_planner]: Received state 56 from robotA
[ccr_centralized_planner-15] [INFO] [1729090695.369353864] [ccr_centralized_planner]: 
[ccr_centralized_planner-15] 
[ccr_centralized_planner-15]  did not replan 
[ccr_centralized_planner-15] 
[ccr_centralized_planner-15] [INFO] [1729090695.369945562] [ccr_centralized_planner]: Sent plan [56, 57, 5, 1] to robotA
[ccr_centralized_planner-15] [INFO] [1729090695.371325415] [ccr_centralized_planner]: Received state 56 from robotA
[ccr_local_planner-14] [INFO] [1729090695.388976804] [robotA.ccr_local_planner]: new plan: [56, 57, 5], remainder: [1]
[ccr_centralized_planner-15] [INFO] [1729090695.569902680] [ccr_centralized_planner]: 
[ccr_centralized_planner-15] 
[ccr_centralized_planner-15]  did not replan 
[ccr_centralized_planner-15] 
[ccr_centralized_planner-15] [INFO] [1729090695.570620895] [ccr_centralized_planner]: Sent plan [56, 57, 5, 1] to robotA
[ccr_centralized_planner-15] [INFO] [1729090695.574426881] [ccr_centralized_planner]: Received state 56 from robotA
[ccr_centralized_planner-15] [INFO] [1729090695.770107543] [ccr_centralized_planner]: 
[ccr_centralized_planner-15] 
[ccr_centralized_planner-15]  did not replan 
[ccr_centralized_planner-15] 
[ccr_centralized_planner-15] [INFO] [1729090695.770939290] [ccr_centralized_planner]: Sent plan [56, 57, 5, 1] to robotA
[ccr_centralized_planner-15] [INFO] [1729090695.773452535] [ccr_centralized_planner]: Received state 56 from robotA
[ccr_centralized_planner-15] [INFO] [1729090695.970348483] [ccr_centralized_planner]: 
[ccr_centralized_planner-15] 
[ccr_centralized_planner-15]  did not replan 
[ccr_centralized_planner-15] 
[ccr_centralized_planner-15] [INFO] [1729090695.971034648] [ccr_centralized_planner]: Sent plan [56, 57, 5, 1] to robotA
[ccr_centralized_planner-15] [INFO] [1729090695.972115501] [ccr_centralized_planner]: Received state 56 from robotA
[ccr_centralized_planner-15] [INFO] [1729090696.170499935] [ccr_centralized_planner]: 
[ccr_centralized_planner-15] 
[ccr_centralized_planner-15]  did not replan 
[ccr_centralized_planner-15] 
[ccr_centralized_planner-15] [INFO] [1729090696.171216687] [ccr_centralized_planner]: Sent plan [56, 57, 5, 1] to robotA
[ccr_centralized_planner-15] [INFO] [1729090696.172685858] [ccr_centralized_planner]: Received state 56 from robotA
[ccr_centralized_planner-15] [INFO] [1729090696.370515854] [ccr_centralized_planner]: 
[ccr_centralized_planner-15] 
[ccr_centralized_planner-15]  did not replan 
[ccr_centralized_planner-15] 
[ccr_centralized_planner-15] [INFO] [1729090696.371194935] [ccr_centralized_planner]: Sent plan [56, 57, 5, 1] to robotA
[ccr_centralized_planner-15] [INFO] [1729090696.373054918] [ccr_centralized_planner]: Received state 56 from robotA
[ccr_centralized_planner-15] [INFO] [1729090696.570954945] [ccr_centralized_planner]: 
[ccr_centralized_planner-15] 
[ccr_centralized_planner-15]  did not replan 
[ccr_centralized_planner-15] 
[ccr_centralized_planner-15] [INFO] [1729090696.571666487] [ccr_centralized_planner]: Sent plan [56, 57, 5, 1] to robotA
[ccr_centralized_planner-15] [INFO] [1729090696.572924413] [ccr_centralized_planner]: Received state 56 from robotA
[ccr_centralized_planner-15] [INFO] [1729090696.771435303] [ccr_centralized_planner]: 
[ccr_centralized_planner-15] 
[ccr_centralized_planner-15]  did not replan 
[ccr_centralized_planner-15] 
[ccr_centralized_planner-15] [INFO] [1729090696.772140504] [ccr_centralized_planner]: Sent plan [56, 57, 5, 1] to robotA
[ccr_centralized_planner-15] [INFO] [1729090696.773412696] [ccr_centralized_planner]: Received state 56 from robotA
[ccr_centralized_planner-15] [INFO] [1729090696.971562700] [ccr_centralized_planner]: 
[ccr_centralized_planner-15] 
[ccr_centralized_planner-15]  did not replan 
[ccr_centralized_planner-15] 
[ccr_centralized_planner-15] [INFO] [1729090696.972381463] [ccr_centralized_planner]: Sent plan [56, 57, 5, 1] to robotA
[ccr_centralized_planner-15] [INFO] [1729090696.973339117] [ccr_centralized_planner]: Received state 56 from robotA
[command_node-3] [INFO] [1729090697.172233706] [command_node]: robotA: running
[ccr_centralized_planner-15] [INFO] [1729090697.172344113] [ccr_centralized_planner]: 
[ccr_centralized_planner-15] 
[ccr_centralized_planner-15]  did not replan 
[ccr_centralized_planner-15] 
[ccr_centralized_planner-15] [INFO] [1729090697.173200787] [ccr_centralized_planner]: Sent plan [56, 57, 5, 1] to robotA
[ccr_centralized_planner-15] [INFO] [1729090697.174207291] [ccr_centralized_planner]: Received state 56 from robotA
[ccr_centralized_planner-15] [INFO] [1729090697.372641839] [ccr_centralized_planner]: 
[ccr_centralized_planner-15] 
[ccr_centralized_planner-15]  did not replan 
[ccr_centralized_planner-15] 
[ccr_centralized_planner-15] [INFO] [1729090697.373341329] [ccr_centralized_planner]: Sent plan [56, 57, 5, 1] to robotA
[ccr_centralized_planner-15] [INFO] [1729090697.374444073] [ccr_centralized_planner]: Received state 56 from robotA
[ccr_centralized_planner-15] [INFO] [1729090697.573219620] [ccr_centralized_planner]: 
[ccr_centralized_planner-15] 
[ccr_centralized_planner-15]  did not replan 
[ccr_centralized_planner-15] 
[ccr_centralized_planner-15] [INFO] [1729090697.574266570] [ccr_centralized_planner]: Sent plan [56, 57, 5, 1] to robotA
[ccr_centralized_planner-15] [INFO] [1729090697.577473074] [ccr_centralized_planner]: Received state 56 from robotA
[ccr_centralized_planner-15] [INFO] [1729090697.773419473] [ccr_centralized_planner]: 
[ccr_centralized_planner-15] 
[ccr_centralized_planner-15]  did not replan 
[ccr_centralized_planner-15] 
[ccr_centralized_planner-15] [INFO] [1729090697.774167043] [ccr_centralized_planner]: Sent plan [56, 57, 5, 1] to robotA
[ccr_centralized_planner-15] [INFO] [1729090697.783077706] [ccr_centralized_planner]: Received state 56 from robotA
[ccr_centralized_planner-15] [INFO] [1729090697.973712841] [ccr_centralized_planner]: 
[ccr_centralized_planner-15] 
[ccr_centralized_planner-15]  did not replan 
[ccr_centralized_planner-15] 
[ccr_centralized_planner-15] [INFO] [1729090697.974612255] [ccr_centralized_planner]: Sent plan [56, 57, 5, 1] to robotA
[ccr_local_planner-14] [INFO] [1729090697.975854080] [robotA.ccr_local_planner]: new state 57
[ccr_centralized_planner-15] [INFO] [1729090697.976094901] [ccr_centralized_planner]: Received state 57 from robotA
[ccr_centralized_planner-15] [INFO] [1729090698.173917613] [ccr_centralized_planner]: 
[ccr_centralized_planner-15] 
[ccr_centralized_planner-15]  did not replan 
[ccr_centralized_planner-15] 
[ccr_centralized_planner-15] [INFO] [1729090698.174625869] [ccr_centralized_planner]: Sent plan [57, 5, 1] to robotA
[ccr_centralized_planner-15] [INFO] [1729090698.177119619] [ccr_centralized_planner]: Received state 57 from robotA
[ccr_local_planner-14] [INFO] [1729090698.195306160] [robotA.ccr_local_planner]: new plan: [57, 5, 1]
[ccr_centralized_planner-15] [INFO] [1729090698.374780798] [ccr_centralized_planner]: 
[ccr_centralized_planner-15] 
[ccr_centralized_planner-15]  did not replan 
[ccr_centralized_planner-15] 
[ccr_centralized_planner-15] [INFO] [1729090698.375641480] [ccr_centralized_planner]: Sent plan [57, 5, 1] to robotA
[ccr_centralized_planner-15] [INFO] [1729090698.477082162] [ccr_centralized_planner]: Received state 57 from robotA
[ccr_centralized_planner-15] [INFO] [1729090698.575281294] [ccr_centralized_planner]: 
[ccr_centralized_planner-15] 
[ccr_centralized_planner-15]  did not replan 
[ccr_centralized_planner-15] 
[ccr_centralized_planner-15] [INFO] [1729090698.576019166] [ccr_centralized_planner]: Sent plan [57, 5, 1] to robotA
[ccr_centralized_planner-15] [INFO] [1729090698.679827851] [ccr_centralized_planner]: Received state 57 from robotA
[ccr_centralized_planner-15] [INFO] [1729090698.775409083] [ccr_centralized_planner]: 
[ccr_centralized_planner-15] 
[ccr_centralized_planner-15]  did not replan 
[ccr_centralized_planner-15] 
[ccr_centralized_planner-15] [INFO] [1729090698.776359603] [ccr_centralized_planner]: Sent plan [57, 5, 1] to robotA
[ccr_centralized_planner-15] [INFO] [1729090698.885309144] [ccr_centralized_planner]: Received state 57 from robotA
[ccr_centralized_planner-15] [INFO] [1729090698.975559102] [ccr_centralized_planner]: 
[ccr_centralized_planner-15] 
[ccr_centralized_planner-15]  did not replan 
[ccr_centralized_planner-15] 
[ccr_centralized_planner-15] [INFO] [1729090698.976326880] [ccr_centralized_planner]: Sent plan [57, 5, 1] to robotA
[ccr_centralized_planner-15] [INFO] [1729090699.079032550] [ccr_centralized_planner]: Received state 57 from robotA
[command_node-3] [INFO] [1729090699.276300303] [command_node]: robotA: running
[ccr_centralized_planner-15] [INFO] [1729090699.276360907] [ccr_centralized_planner]: 
[ccr_centralized_planner-15] 
[ccr_centralized_planner-15]  did not replan 
[ccr_centralized_planner-15] 
[ccr_centralized_planner-15] [INFO] [1729090699.277226117] [ccr_centralized_planner]: Sent plan [57, 5, 1] to robotA
[ccr_centralized_planner-15] [INFO] [1729090699.278677675] [ccr_centralized_planner]: Received state 57 from robotA
[ccr_centralized_planner-15] [INFO] [1729090699.477105430] [ccr_centralized_planner]: 
[ccr_centralized_planner-15] 
[ccr_centralized_planner-15]  did not replan 
[ccr_centralized_planner-15] 
[ccr_centralized_planner-15] [INFO] [1729090699.477891101] [ccr_centralized_planner]: Sent plan [57, 5, 1] to robotA
[ccr_centralized_planner-15] [INFO] [1729090699.479138477] [ccr_centralized_planner]: Received state 57 from robotA
[ccr_centralized_planner-15] [INFO] [1729090699.677135305] [ccr_centralized_planner]: 
[ccr_centralized_planner-15] 
[ccr_centralized_planner-15]  did not replan 
[ccr_centralized_planner-15] 
[ccr_centralized_planner-15] [INFO] [1729090699.677910055] [ccr_centralized_planner]: Sent plan [57, 5, 1] to robotA
[ccr_centralized_planner-15] [INFO] [1729090699.678833785] [ccr_centralized_planner]: Received state 57 from robotA
[ccr_centralized_planner-15] [INFO] [1729090699.877279283] [ccr_centralized_planner]: 
[ccr_centralized_planner-15] 
[ccr_centralized_planner-15]  did not replan 
[ccr_centralized_planner-15] 
[ccr_centralized_planner-15] [INFO] [1729090699.877962142] [ccr_centralized_planner]: Sent plan [57, 5, 1] to robotA
[ccr_centralized_planner-15] [INFO] [1729090699.879016085] [ccr_centralized_planner]: Received state 57 from robotA
[ccr_centralized_planner-15] [INFO] [1729090700.077524711] [ccr_centralized_planner]: 
[ccr_centralized_planner-15] 
[ccr_centralized_planner-15]  did not replan 
[ccr_centralized_planner-15] 
[ccr_centralized_planner-15] [INFO] [1729090700.078239730] [ccr_centralized_planner]: Sent plan [57, 5, 1] to robotA
[ccr_centralized_planner-15] [INFO] [1729090700.079045930] [ccr_centralized_planner]: Received state 57 from robotA
[ccr_centralized_planner-15] [INFO] [1729090700.278199795] [ccr_centralized_planner]: 
[ccr_centralized_planner-15] 
[ccr_centralized_planner-15]  did not replan 
[ccr_centralized_planner-15] 
[ccr_centralized_planner-15] [INFO] [1729090700.278866182] [ccr_centralized_planner]: Sent plan [57, 5, 1] to robotA
[ccr_centralized_planner-15] [INFO] [1729090700.279649228] [ccr_centralized_planner]: Received state 57 from robotA
[ccr_centralized_planner-15] [INFO] [1729090700.478049873] [ccr_centralized_planner]: 
[ccr_centralized_planner-15] 
[ccr_centralized_planner-15]  did not replan 
[ccr_centralized_planner-15] 
[ccr_centralized_planner-15] [INFO] [1729090700.478715379] [ccr_centralized_planner]: Sent plan [57, 5, 1] to robotA
[ccr_local_planner-14] [INFO] [1729090700.481585813] [robotA.ccr_local_planner]: new state 5
[ccr_centralized_planner-15] [INFO] [1729090700.481620208] [ccr_centralized_planner]: Received state 5 from robotA
[ccr_centralized_planner-15] [INFO] [1729090700.678727431] [ccr_centralized_planner]: 
[ccr_centralized_planner-15] 
[ccr_centralized_planner-15]  did not replan 
[ccr_centralized_planner-15] 
[ccr_centralized_planner-15] [INFO] [1729090700.679449843] [ccr_centralized_planner]: Sent plan [5, 1] to robotA
[ccr_local_planner-14] [INFO] [1729090700.684937558] [robotA.ccr_local_planner]: new plan: [5, 1]
[ccr_centralized_planner-15] [INFO] [1729090700.694187787] [ccr_centralized_planner]: Received state 5 from robotA
[ccr_centralized_planner-15] [INFO] [1729090700.878954965] [ccr_centralized_planner]: 
[ccr_centralized_planner-15] 
[ccr_centralized_planner-15]  did not replan 
[ccr_centralized_planner-15] 
[ccr_centralized_planner-15] [INFO] [1729090700.879747479] [ccr_centralized_planner]: Sent plan [5, 1] to robotA
[ccr_centralized_planner-15] [INFO] [1729090700.889306266] [ccr_centralized_planner]: Received state 5 from robotA
[ccr_centralized_planner-15] [INFO] [1729090701.079166871] [ccr_centralized_planner]: 
[ccr_centralized_planner-15] 
[ccr_centralized_planner-15]  did not replan 
[ccr_centralized_planner-15] 
[ccr_centralized_planner-15] [INFO] [1729090701.079864316] [ccr_centralized_planner]: Sent plan [5, 1] to robotA
[ccr_centralized_planner-15] [INFO] [1729090701.089742162] [ccr_centralized_planner]: Received state 5 from robotA
[ccr_centralized_planner-15] [INFO] [1729090701.280445554] [ccr_centralized_planner]: 
[ccr_centralized_planner-15] 
[ccr_centralized_planner-15]  did not replan 
[ccr_centralized_planner-15] 
[command_node-3] [INFO] [1729090701.280854730] [command_node]: robotA: running
[ccr_centralized_planner-15] [INFO] [1729090701.281112813] [ccr_centralized_planner]: Sent plan [5, 1] to robotA
[ccr_centralized_planner-15] [INFO] [1729090701.282898647] [ccr_centralized_planner]: Received state 5 from robotA
[ccr_centralized_planner-15] [INFO] [1729090701.480478865] [ccr_centralized_planner]: 
[ccr_centralized_planner-15] 
[ccr_centralized_planner-15]  did not replan 
[ccr_centralized_planner-15] 
[ccr_centralized_planner-15] [INFO] [1729090701.481049754] [ccr_centralized_planner]: Sent plan [5, 1] to robotA
[ccr_centralized_planner-15] [INFO] [1729090701.483120992] [ccr_centralized_planner]: Received state 1 from robotA
[ccr_local_planner-14] [INFO] [1729090701.483147993] [robotA.ccr_local_planner]: new state 1
[ccr_goal_provider-12] [INFO] [1729090701.483654170] [ccr_goal_provider]: [32mgoal completed:[0m robotA reached goal 1, going to goal 0 within state 9
[ccr_centralized_planner-15] [INFO] [1729090701.581487088] [ccr_centralized_planner]: Received goal 9 from robotA
[ccr_centralized_planner-15] [INFO] [1729090701.681315150] [ccr_centralized_planner]: 
[ccr_centralized_planner-15] 
[ccr_centralized_planner-15]  replaned due to new goal
[ccr_centralized_planner-15] 
[ccr_centralized_planner-15] [INFO] [1729090701.705239325] [ccr_centralized_planner]: Sent plan [1, 44, 45, 56, 55, 39, 53, 51, 32, 35, 10, 9] to robotA
[ccr_centralized_planner-15] [INFO] [1729090701.705758907] [ccr_centralized_planner]: Received state 1 from robotA
[ccr_local_planner-14] [INFO] [1729090701.715437829] [robotA.ccr_local_planner]: new plan: [1, 44, 45], remainder: [56, 55, 39, 53, 51, 32, 35, 10, 9]
[ccr_centralized_planner-15] [INFO] [1729090701.881982268] [ccr_centralized_planner]: 
[ccr_centralized_planner-15] 
[ccr_centralized_planner-15]  did not replan 
[ccr_centralized_planner-15] 
[ccr_centralized_planner-15] [INFO] [1729090701.882776505] [ccr_centralized_planner]: Sent plan [1, 44, 45, 56, 55, 39, 53, 51, 32, 35, 10, 9] to robotA
[ccr_centralized_planner-15] [INFO] [1729090701.884026686] [ccr_centralized_planner]: Received state 1 from robotA
[ccr_centralized_planner-15] [INFO] [1729090702.081998237] [ccr_centralized_planner]: 
[ccr_centralized_planner-15] 
[ccr_centralized_planner-15]  did not replan 
[ccr_centralized_planner-15] 
[ccr_centralized_planner-15] [INFO] [1729090702.082893453] [ccr_centralized_planner]: Sent plan [1, 44, 45, 56, 55, 39, 53, 51, 32, 35, 10, 9] to robotA
[ccr_centralized_planner-15] [INFO] [1729090702.083825999] [ccr_centralized_planner]: Received state 1 from robotA
[ccr_centralized_planner-15] [INFO] [1729090702.282552484] [ccr_centralized_planner]: 
[ccr_centralized_planner-15] 
[ccr_centralized_planner-15]  did not replan 
[ccr_centralized_planner-15] 
[ccr_centralized_planner-15] [INFO] [1729090702.283330701] [ccr_centralized_planner]: Sent plan [1, 44, 45, 56, 55, 39, 53, 51, 32, 35, 10, 9] to robotA
[ccr_centralized_planner-15] [INFO] [1729090702.284280319] [ccr_centralized_planner]: Received state 1 from robotA
[ccr_centralized_planner-15] [INFO] [1729090702.483169558] [ccr_centralized_planner]: 
[ccr_centralized_planner-15] 
[ccr_centralized_planner-15]  did not replan 
[ccr_centralized_planner-15] 
[ccr_centralized_planner-15] [INFO] [1729090702.483940191] [ccr_centralized_planner]: Sent plan [1, 44, 45, 56, 55, 39, 53, 51, 32, 35, 10, 9] to robotA
[ccr_centralized_planner-15] [INFO] [1729090702.484893546] [ccr_centralized_planner]: Received state 1 from robotA
[ccr_centralized_planner-15] [INFO] [1729090702.683280374] [ccr_centralized_planner]: 
[ccr_centralized_planner-15] 
[ccr_centralized_planner-15]  did not replan 
[ccr_centralized_planner-15] 
[ccr_centralized_planner-15] [INFO] [1729090702.684038443] [ccr_centralized_planner]: Sent plan [1, 44, 45, 56, 55, 39, 53, 51, 32, 35, 10, 9] to robotA
[ccr_centralized_planner-15] [INFO] [1729090702.685021354] [ccr_centralized_planner]: Received state 1 from robotA
[ccr_centralized_planner-15] [INFO] [1729090702.883556971] [ccr_centralized_planner]: 
[ccr_centralized_planner-15] 
[ccr_centralized_planner-15]  did not replan 
[ccr_centralized_planner-15] 
[ccr_centralized_planner-15] [INFO] [1729090702.884391163] [ccr_centralized_planner]: Sent plan [1, 44, 45, 56, 55, 39, 53, 51, 32, 35, 10, 9] to robotA
[ccr_centralized_planner-15] [INFO] [1729090702.888168315] [ccr_centralized_planner]: Received state 1 from robotA
[ccr_centralized_planner-15] [INFO] [1729090703.083985903] [ccr_centralized_planner]: 
[ccr_centralized_planner-15] 
[ccr_centralized_planner-15]  did not replan 
[ccr_centralized_planner-15] 
[ccr_centralized_planner-15] [INFO] [1729090703.084744764] [ccr_centralized_planner]: Sent plan [1, 44, 45, 56, 55, 39, 53, 51, 32, 35, 10, 9] to robotA
[ccr_centralized_planner-15] [INFO] [1729090703.087560856] [ccr_centralized_planner]: Received state 1 from robotA
[ccr_centralized_planner-15] [INFO] [1729090703.284352478] [ccr_centralized_planner]: 
[ccr_centralized_planner-15] 
[ccr_centralized_planner-15]  did not replan 
[ccr_centralized_planner-15] 
[command_node-3] [INFO] [1729090703.284432538] [command_node]: robotA: running
[ccr_centralized_planner-15] [INFO] [1729090703.285405570] [ccr_centralized_planner]: Sent plan [1, 44, 45, 56, 55, 39, 53, 51, 32, 35, 10, 9] to robotA
[ccr_centralized_planner-15] [INFO] [1729090703.292988277] [ccr_centralized_planner]: Received state 1 from robotA
[ccr_centralized_planner-15] [INFO] [1729090703.484495335] [ccr_centralized_planner]: 
[ccr_centralized_planner-15] 
[ccr_centralized_planner-15]  did not replan 
[ccr_centralized_planner-15] 
[ccr_centralized_planner-15] [INFO] [1729090703.485271267] [ccr_centralized_planner]: Sent plan [1, 44, 45, 56, 55, 39, 53, 51, 32, 35, 10, 9] to robotA
[ccr_centralized_planner-15] [INFO] [1729090703.491291028] [ccr_centralized_planner]: Received state 1 from robotA
[ccr_centralized_planner-15] [INFO] [1729090703.684712740] [ccr_centralized_planner]: 
[ccr_centralized_planner-15] 
[ccr_centralized_planner-15]  did not replan 
[ccr_centralized_planner-15] 
[ccr_centralized_planner-15] [INFO] [1729090703.685406119] [ccr_centralized_planner]: Sent plan [1, 44, 45, 56, 55, 39, 53, 51, 32, 35, 10, 9] to robotA
[ccr_centralized_planner-15] [INFO] [1729090703.697309055] [ccr_centralized_planner]: Received state 1 from robotA
[ccr_centralized_planner-15] [INFO] [1729090703.884973568] [ccr_centralized_planner]: 
[ccr_centralized_planner-15] 
[ccr_centralized_planner-15]  did not replan 
[ccr_centralized_planner-15] 
[ccr_centralized_planner-15] [INFO] [1729090703.885646248] [ccr_centralized_planner]: Sent plan [1, 44, 45, 56, 55, 39, 53, 51, 32, 35, 10, 9] to robotA
[ccr_centralized_planner-15] [INFO] [1729090703.901896543] [ccr_centralized_planner]: Received state 1 from robotA
[ccr_centralized_planner-15] [INFO] [1729090704.085625117] [ccr_centralized_planner]: 
[ccr_centralized_planner-15] 
[ccr_centralized_planner-15]  did not replan 
[ccr_centralized_planner-15] 
[ccr_centralized_planner-15] [INFO] [1729090704.086873634] [ccr_centralized_planner]: Sent plan [1, 44, 45, 56, 55, 39, 53, 51, 32, 35, 10, 9] to robotA
[ccr_local_planner-14] [INFO] [1729090704.088825889] [robotA.ccr_local_planner]: new state 44
[ccr_centralized_planner-15] [INFO] [1729090704.088943470] [ccr_centralized_planner]: Received state 44 from robotA
[ccr_centralized_planner-15] [INFO] [1729090704.285859504] [ccr_centralized_planner]: 
[ccr_centralized_planner-15] 
[ccr_centralized_planner-15]  did not replan 
[ccr_centralized_planner-15] 
[ccr_centralized_planner-15] [INFO] [1729090704.287062186] [ccr_centralized_planner]: Sent plan [44, 45, 56, 55, 39, 53, 51, 32, 35, 10, 9] to robotA
[ccr_centralized_planner-15] [INFO] [1729090704.288329178] [ccr_centralized_planner]: Received state 44 from robotA
[ccr_local_planner-14] [INFO] [1729090704.317797734] [robotA.ccr_local_planner]: new plan: [44, 45, 56], remainder: [55, 39, 53, 51, 32, 35, 10, 9]
[ccr_centralized_planner-15] [INFO] [1729090704.485959441] [ccr_centralized_planner]: 
[ccr_centralized_planner-15] 
[ccr_centralized_planner-15]  did not replan 
[ccr_centralized_planner-15] 
[ccr_centralized_planner-15] [INFO] [1729090704.486742126] [ccr_centralized_planner]: Sent plan [44, 45, 56, 55, 39, 53, 51, 32, 35, 10, 9] to robotA
[ccr_centralized_planner-15] [INFO] [1729090704.589154918] [ccr_centralized_planner]: Received state 44 from robotA
[ccr_centralized_planner-15] [INFO] [1729090704.686605990] [ccr_centralized_planner]: 
[ccr_centralized_planner-15] 
[ccr_centralized_planner-15]  did not replan 
[ccr_centralized_planner-15] 
[ccr_centralized_planner-15] [INFO] [1729090704.687375390] [ccr_centralized_planner]: Sent plan [44, 45, 56, 55, 39, 53, 51, 32, 35, 10, 9] to robotA
[ccr_centralized_planner-15] [INFO] [1729090704.798734062] [ccr_centralized_planner]: Received state 44 from robotA
[ccr_centralized_planner-15] [INFO] [1729090704.887267677] [ccr_centralized_planner]: 
[ccr_centralized_planner-15] 
[ccr_centralized_planner-15]  did not replan 
[ccr_centralized_planner-15] 
[ccr_centralized_planner-15] [INFO] [1729090704.888124151] [ccr_centralized_planner]: Sent plan [44, 45, 56, 55, 39, 53, 51, 32, 35, 10, 9] to robotA
[ccr_centralized_planner-15] [INFO] [1729090705.000479620] [ccr_centralized_planner]: Received state 44 from robotA
[ccr_centralized_planner-15] [INFO] [1729090705.087563962] [ccr_centralized_planner]: 
[ccr_centralized_planner-15] 
[ccr_centralized_planner-15]  did not replan 
[ccr_centralized_planner-15] 
[ccr_centralized_planner-15] [INFO] [1729090705.088291604] [ccr_centralized_planner]: Sent plan [44, 45, 56, 55, 39, 53, 51, 32, 35, 10, 9] to robotA
[ccr_centralized_planner-15] [INFO] [1729090705.206338508] [ccr_centralized_planner]: Received state 44 from robotA
[command_node-3] [INFO] [1729090705.288451021] [command_node]: robotA: running
[ccr_centralized_planner-15] [INFO] [1729090705.288455139] [ccr_centralized_planner]: 
[ccr_centralized_planner-15] 
[ccr_centralized_planner-15]  did not replan 
[ccr_centralized_planner-15] 
[ccr_centralized_planner-15] [INFO] [1729090705.289321030] [ccr_centralized_planner]: Sent plan [44, 45, 56, 55, 39, 53, 51, 32, 35, 10, 9] to robotA
[ccr_centralized_planner-15] [INFO] [1729090705.390824019] [ccr_centralized_planner]: Received state 44 from robotA
[ccr_centralized_planner-15] [INFO] [1729090705.588605614] [ccr_centralized_planner]: 
[ccr_centralized_planner-15] 
[ccr_centralized_planner-15]  did not replan 
[ccr_centralized_planner-15] 
[ccr_centralized_planner-15] [INFO] [1729090705.589392116] [ccr_centralized_planner]: Sent plan [44, 45, 56, 55, 39, 53, 51, 32, 35, 10, 9] to robotA
[ccr_centralized_planner-15] [INFO] [1729090705.590996871] [ccr_centralized_planner]: Received state 44 from robotA
[ccr_centralized_planner-15] [INFO] [1729090705.788969494] [ccr_centralized_planner]: 
[ccr_centralized_planner-15] 
[ccr_centralized_planner-15]  did not replan 
[ccr_centralized_planner-15] 
[ccr_centralized_planner-15] [INFO] [1729090705.789673513] [ccr_centralized_planner]: Sent plan [44, 45, 56, 55, 39, 53, 51, 32, 35, 10, 9] to robotA
[ccr_centralized_planner-15] [INFO] [1729090705.791148915] [ccr_centralized_planner]: Received state 44 from robotA
[ccr_centralized_planner-15] [INFO] [1729090705.988830292] [ccr_centralized_planner]: 
[ccr_centralized_planner-15] 
[ccr_centralized_planner-15]  did not replan 
[ccr_centralized_planner-15] 
[ccr_centralized_planner-15] [INFO] [1729090705.989501670] [ccr_centralized_planner]: Sent plan [44, 45, 56, 55, 39, 53, 51, 32, 35, 10, 9] to robotA
[ccr_centralized_planner-15] [INFO] [1729090705.991379736] [ccr_centralized_planner]: Received state 44 from robotA
[ccr_centralized_planner-15] [INFO] [1729090706.189447657] [ccr_centralized_planner]: 
[ccr_centralized_planner-15] 
[ccr_centralized_planner-15]  did not replan 
[ccr_centralized_planner-15] 
[ccr_centralized_planner-15] [INFO] [1729090706.190353243] [ccr_centralized_planner]: Sent plan [44, 45, 56, 55, 39, 53, 51, 32, 35, 10, 9] to robotA
[ccr_centralized_planner-15] [INFO] [1729090706.191344268] [ccr_centralized_planner]: Received state 44 from robotA
[ccr_centralized_planner-15] [INFO] [1729090706.389459529] [ccr_centralized_planner]: 
[ccr_centralized_planner-15] 
[ccr_centralized_planner-15]  did not replan 
[ccr_centralized_planner-15] 
[ccr_centralized_planner-15] [INFO] [1729090706.390307767] [ccr_centralized_planner]: Sent plan [44, 45, 56, 55, 39, 53, 51, 32, 35, 10, 9] to robotA
[ccr_centralized_planner-15] [INFO] [1729090706.392051011] [ccr_centralized_planner]: Received state 44 from robotA
[ccr_centralized_planner-15] [INFO] [1729090706.589770329] [ccr_centralized_planner]: 
[ccr_centralized_planner-15] 
[ccr_centralized_planner-15]  did not replan 
[ccr_centralized_planner-15] 
[ccr_centralized_planner-15] [INFO] [1729090706.590553886] [ccr_centralized_planner]: Sent plan [44, 45, 56, 55, 39, 53, 51, 32, 35, 10, 9] to robotA
[ccr_centralized_planner-15] [INFO] [1729090706.591479730] [ccr_centralized_planner]: Received state 44 from robotA
[ccr_centralized_planner-15] [INFO] [1729090706.790358199] [ccr_centralized_planner]: 
[ccr_centralized_planner-15] 
[ccr_centralized_planner-15]  did not replan 
[ccr_centralized_planner-15] 
[ccr_centralized_planner-15] [INFO] [1729090706.791141666] [ccr_centralized_planner]: Sent plan [44, 45, 56, 55, 39, 53, 51, 32, 35, 10, 9] to robotA
[ccr_centralized_planner-15] [INFO] [1729090706.792570311] [ccr_centralized_planner]: Received state 44 from robotA
[ccr_centralized_planner-15] [INFO] [1729090706.990642320] [ccr_centralized_planner]: 
[ccr_centralized_planner-15] 
[ccr_centralized_planner-15]  did not replan 
[ccr_centralized_planner-15] 
[ccr_centralized_planner-15] [INFO] [1729090706.991351959] [ccr_centralized_planner]: Sent plan [44, 45, 56, 55, 39, 53, 51, 32, 35, 10, 9] to robotA
[ccr_local_planner-14] [INFO] [1729090706.994848856] [robotA.ccr_local_planner]: new state 45
[ccr_centralized_planner-15] [INFO] [1729090706.995083966] [ccr_centralized_planner]: Received state 45 from robotA
[ccr_centralized_planner-15] [INFO] [1729090707.191289370] [ccr_centralized_planner]: 
[ccr_centralized_planner-15] 
[ccr_centralized_planner-15]  did not replan 
[ccr_centralized_planner-15] 
[ccr_centralized_planner-15] [INFO] [1729090707.192105408] [ccr_centralized_planner]: Sent plan [45, 56, 55, 39, 53, 51, 32, 35, 10, 9] to robotA
[ccr_local_planner-14] [INFO] [1729090707.197992080] [robotA.ccr_local_planner]: new plan: [45, 56, 55], remainder: [39, 53, 51, 32, 35, 10, 9]
[ccr_centralized_planner-15] [INFO] [1729090707.202996781] [ccr_centralized_planner]: Received state 45 from robotA
[ccr_centralized_planner-15] [INFO] [1729090707.391322792] [ccr_centralized_planner]: 
[ccr_centralized_planner-15] 
[ccr_centralized_planner-15]  did not replan 
[ccr_centralized_planner-15] 
[command_node-3] [INFO] [1729090707.391360482] [command_node]: robotA: running
[ccr_centralized_planner-15] [INFO] [1729090707.392378068] [ccr_centralized_planner]: Sent plan [45, 56, 55, 39, 53, 51, 32, 35, 10, 9] to robotA
[ccr_centralized_planner-15] [INFO] [1729090707.404536773] [ccr_centralized_planner]: Received state 45 from robotA
[ccr_centralized_planner-15] [INFO] [1729090707.591316098] [ccr_centralized_planner]: 
[ccr_centralized_planner-15] 
[ccr_centralized_planner-15]  did not replan 
[ccr_centralized_planner-15] 
[ccr_centralized_planner-15] [INFO] [1729090707.592118270] [ccr_centralized_planner]: Sent plan [45, 56, 55, 39, 53, 51, 32, 35, 10, 9] to robotA
[ccr_centralized_planner-15] [INFO] [1729090707.593088807] [ccr_centralized_planner]: Received state 45 from robotA
[ccr_centralized_planner-15] [INFO] [1729090707.791838345] [ccr_centralized_planner]: 
[ccr_centralized_planner-15] 
[ccr_centralized_planner-15]  did not replan 
[ccr_centralized_planner-15] 
[ccr_centralized_planner-15] [INFO] [1729090707.792649403] [ccr_centralized_planner]: Sent plan [45, 56, 55, 39, 53, 51, 32, 35, 10, 9] to robotA
[ccr_centralized_planner-15] [INFO] [1729090707.793489386] [ccr_centralized_planner]: Received state 45 from robotA
[ccr_centralized_planner-15] [INFO] [1729090707.992340705] [ccr_centralized_planner]: 
[ccr_centralized_planner-15] 
[ccr_centralized_planner-15]  did not replan 
[ccr_centralized_planner-15] 
[ccr_centralized_planner-15] [INFO] [1729090707.993043060] [ccr_centralized_planner]: Sent plan [45, 56, 55, 39, 53, 51, 32, 35, 10, 9] to robotA
[ccr_centralized_planner-15] [INFO] [1729090707.994520836] [ccr_centralized_planner]: Received state 45 from robotA
[ccr_centralized_planner-15] [INFO] [1729090708.192751833] [ccr_centralized_planner]: 
[ccr_centralized_planner-15] 
[ccr_centralized_planner-15]  did not replan 
[ccr_centralized_planner-15] 
[ccr_centralized_planner-15] [INFO] [1729090708.193317863] [ccr_centralized_planner]: Sent plan [45, 56, 55, 39, 53, 51, 32, 35, 10, 9] to robotA
[ccr_local_planner-14] [INFO] [1729090708.194487382] [robotA.ccr_local_planner]: new state 56
[ccr_centralized_planner-15] [INFO] [1729090708.194676937] [ccr_centralized_planner]: Received state 56 from robotA
[ccr_centralized_planner-15] [INFO] [1729090708.393252209] [ccr_centralized_planner]: 
[ccr_centralized_planner-15] 
[ccr_centralized_planner-15]  did not replan 
[ccr_centralized_planner-15] 
[ccr_centralized_planner-15] [INFO] [1729090708.393991583] [ccr_centralized_planner]: Sent plan [56, 55, 39, 53, 51, 32, 35, 10, 9] to robotA
[ccr_centralized_planner-15] [INFO] [1729090708.395940693] [ccr_centralized_planner]: Received state 56 from robotA
[ccr_local_planner-14] [INFO] [1729090708.414185964] [robotA.ccr_local_planner]: new plan: [56, 55, 39], remainder: [53, 51, 32, 35, 10, 9]
[ccr_centralized_planner-15] [INFO] [1729090708.593538203] [ccr_centralized_planner]: 
[ccr_centralized_planner-15] 
[ccr_centralized_planner-15]  did not replan 
[ccr_centralized_planner-15] 
[ccr_centralized_planner-15] [INFO] [1729090708.594207496] [ccr_centralized_planner]: Sent plan [56, 55, 39, 53, 51, 32, 35, 10, 9] to robotA
[ccr_centralized_planner-15] [INFO] [1729090708.596962535] [ccr_centralized_planner]: Received state 56 from robotA
[ccr_centralized_planner-15] [INFO] [1729090708.793917763] [ccr_centralized_planner]: 
[ccr_centralized_planner-15] 
[ccr_centralized_planner-15]  did not replan 
[ccr_centralized_planner-15] 
[ccr_centralized_planner-15] [INFO] [1729090708.794736596] [ccr_centralized_planner]: Sent plan [56, 55, 39, 53, 51, 32, 35, 10, 9] to robotA
[ccr_centralized_planner-15] [INFO] [1729090708.795986035] [ccr_centralized_planner]: Received state 56 from robotA
[ccr_centralized_planner-15] [INFO] [1729090708.994212924] [ccr_centralized_planner]: 
[ccr_centralized_planner-15] 
[ccr_centralized_planner-15]  did not replan 
[ccr_centralized_planner-15] 
[ccr_centralized_planner-15] [INFO] [1729090708.994905551] [ccr_centralized_planner]: Sent plan [56, 55, 39, 53, 51, 32, 35, 10, 9] to robotA
[ccr_centralized_planner-15] [INFO] [1729090708.996533940] [ccr_centralized_planner]: Received state 56 from robotA
[ccr_centralized_planner-15] [INFO] [1729090709.194894249] [ccr_centralized_planner]: 
[ccr_centralized_planner-15] 
[ccr_centralized_planner-15]  did not replan 
[ccr_centralized_planner-15] 
[ccr_centralized_planner-15] [INFO] [1729090709.195704917] [ccr_centralized_planner]: Sent plan [56, 55, 39, 53, 51, 32, 35, 10, 9] to robotA
[ccr_centralized_planner-15] [INFO] [1729090709.196698617] [ccr_centralized_planner]: Received state 56 from robotA
[command_node-3] [INFO] [1729090709.395539716] [command_node]: robotA: running
[ccr_centralized_planner-15] [INFO] [1729090709.395570514] [ccr_centralized_planner]: 
[ccr_centralized_planner-15] 
[ccr_centralized_planner-15]  did not replan 
[ccr_centralized_planner-15] 
[ccr_centralized_planner-15] [INFO] [1729090709.396415265] [ccr_centralized_planner]: Sent plan [56, 55, 39, 53, 51, 32, 35, 10, 9] to robotA
[ccr_centralized_planner-15] [INFO] [1729090709.397259917] [ccr_centralized_planner]: Received state 56 from robotA
[ccr_centralized_planner-15] [INFO] [1729090709.595584980] [ccr_centralized_planner]: 
[ccr_centralized_planner-15] 
[ccr_centralized_planner-15]  did not replan 
[ccr_centralized_planner-15] 
[ccr_centralized_planner-15] [INFO] [1729090709.596424081] [ccr_centralized_planner]: Sent plan [56, 55, 39, 53, 51, 32, 35, 10, 9] to robotA
[ccr_local_planner-14] [INFO] [1729090709.597291175] [robotA.ccr_local_planner]: new state 55
[ccr_centralized_planner-15] [INFO] [1729090709.597615853] [ccr_centralized_planner]: Received state 55 from robotA
[ccr_centralized_planner-15] [INFO] [1729090709.795588806] [ccr_centralized_planner]: 
[ccr_centralized_planner-15] 
[ccr_centralized_planner-15]  did not replan 
[ccr_centralized_planner-15] 
[ccr_centralized_planner-15] [INFO] [1729090709.796334953] [ccr_centralized_planner]: Sent plan [55, 39, 53, 51, 32, 35, 10, 9] to robotA
[ccr_local_planner-14] [INFO] [1729090709.799758062] [robotA.ccr_local_planner]: new plan: [55, 39, 53], remainder: [51, 32, 35, 10, 9]
[ccr_centralized_planner-15] [INFO] [1729090709.811043192] [ccr_centralized_planner]: Received state 55 from robotA
[ccr_centralized_planner-15] [INFO] [1729090709.996191723] [ccr_centralized_planner]: 
[ccr_centralized_planner-15] 
[ccr_centralized_planner-15]  did not replan 
[ccr_centralized_planner-15] 
[ccr_centralized_planner-15] [INFO] [1729090709.996917492] [ccr_centralized_planner]: Sent plan [55, 39, 53, 51, 32, 35, 10, 9] to robotA
[ccr_centralized_planner-15] [INFO] [1729090709.998113933] [ccr_centralized_planner]: Received state 55 from robotA
[ccr_centralized_planner-15] [INFO] [1729090710.196183968] [ccr_centralized_planner]: 
[ccr_centralized_planner-15] 
[ccr_centralized_planner-15]  did not replan 
[ccr_centralized_planner-15] 
[ccr_centralized_planner-15] [INFO] [1729090710.196953770] [ccr_centralized_planner]: Sent plan [55, 39, 53, 51, 32, 35, 10, 9] to robotA
[ccr_centralized_planner-15] [INFO] [1729090710.198354843] [ccr_centralized_planner]: Received state 55 from robotA
[ccr_centralized_planner-15] [INFO] [1729090710.396581181] [ccr_centralized_planner]: 
[ccr_centralized_planner-15] 
[ccr_centralized_planner-15]  did not replan 
[ccr_centralized_planner-15] 
[ccr_centralized_planner-15] [INFO] [1729090710.397269119] [ccr_centralized_planner]: Sent plan [55, 39, 53, 51, 32, 35, 10, 9] to robotA
[ccr_centralized_planner-15] [INFO] [1729090710.497859649] [ccr_centralized_planner]: Received state 55 from robotA
[ccr_centralized_planner-15] [INFO] [1729090710.597223723] [ccr_centralized_planner]: 
[ccr_centralized_planner-15] 
[ccr_centralized_planner-15]  did not replan 
[ccr_centralized_planner-15] 
[ccr_centralized_planner-15] [INFO] [1729090710.597911220] [ccr_centralized_planner]: Sent plan [55, 39, 53, 51, 32, 35, 10, 9] to robotA
[ccr_centralized_planner-15] [INFO] [1729090710.698918651] [ccr_centralized_planner]: Received state 55 from robotA
[ccr_centralized_planner-15] [INFO] [1729090710.797648687] [ccr_centralized_planner]: 
[ccr_centralized_planner-15] 
[ccr_centralized_planner-15]  did not replan 
[ccr_centralized_planner-15] 
[ccr_centralized_planner-15] [INFO] [1729090710.798446692] [ccr_centralized_planner]: Sent plan [55, 39, 53, 51, 32, 35, 10, 9] to robotA
[ccr_centralized_planner-15] [INFO] [1729090710.901247540] [ccr_centralized_planner]: Received state 55 from robotA
[ccr_centralized_planner-15] [INFO] [1729090710.998084893] [ccr_centralized_planner]: 
[ccr_centralized_planner-15] 
[ccr_centralized_planner-15]  did not replan 
[ccr_centralized_planner-15] 
[ccr_centralized_planner-15] [INFO] [1729090710.998777700] [ccr_centralized_planner]: Sent plan [55, 39, 53, 51, 32, 35, 10, 9] to robotA
[ccr_centralized_planner-15] [INFO] [1729090711.103609571] [ccr_centralized_planner]: Received state 55 from robotA
[ccr_centralized_planner-15] [INFO] [1729090711.198503165] [ccr_centralized_planner]: 
[ccr_centralized_planner-15] 
[ccr_centralized_planner-15]  did not replan 
[ccr_centralized_planner-15] 
[ccr_centralized_planner-15] [INFO] [1729090711.199407168] [ccr_centralized_planner]: Sent plan [55, 39, 53, 51, 32, 35, 10, 9] to robotA
[ccr_centralized_planner-15] [INFO] [1729090711.301489661] [ccr_centralized_planner]: Received state 55 from robotA
[ccr_centralized_planner-15] [INFO] [1729090711.498796818] [ccr_centralized_planner]: 
[ccr_centralized_planner-15] 
[ccr_centralized_planner-15]  did not replan 
[ccr_centralized_planner-15] 
[command_node-3] [INFO] [1729090711.498804322] [command_node]: robotA: running
[ccr_centralized_planner-15] [INFO] [1729090711.499583902] [ccr_centralized_planner]: Sent plan [55, 39, 53, 51, 32, 35, 10, 9] to robotA
[ccr_centralized_planner-15] [INFO] [1729090711.500908432] [ccr_centralized_planner]: Received state 55 from robotA
[ccr_centralized_planner-15] [INFO] [1729090711.698908045] [ccr_centralized_planner]: 
[ccr_centralized_planner-15] 
[ccr_centralized_planner-15]  did not replan 
[ccr_centralized_planner-15] 
[ccr_centralized_planner-15] [INFO] [1729090711.699668639] [ccr_centralized_planner]: Sent plan [55, 39, 53, 51, 32, 35, 10, 9] to robotA
[ccr_centralized_planner-15] [INFO] [1729090711.701033926] [ccr_centralized_planner]: Received state 55 from robotA
[ccr_centralized_planner-15] [INFO] [1729090711.899554003] [ccr_centralized_planner]: 
[ccr_centralized_planner-15] 
[ccr_centralized_planner-15]  did not replan 
[ccr_centralized_planner-15] 
[ccr_centralized_planner-15] [INFO] [1729090711.900300531] [ccr_centralized_planner]: Sent plan [55, 39, 53, 51, 32, 35, 10, 9] to robotA
[ccr_centralized_planner-15] [INFO] [1729090711.901451286] [ccr_centralized_planner]: Received state 55 from robotA
[ccr_centralized_planner-15] [INFO] [1729090712.099802338] [ccr_centralized_planner]: 
[ccr_centralized_planner-15] 
[ccr_centralized_planner-15]  did not replan 
[ccr_centralized_planner-15] 
[ccr_centralized_planner-15] [INFO] [1729090712.100655495] [ccr_centralized_planner]: Sent plan [55, 39, 53, 51, 32, 35, 10, 9] to robotA
[ccr_centralized_planner-15] [INFO] [1729090712.102095161] [ccr_centralized_planner]: Received state 55 from robotA
[ccr_centralized_planner-15] [INFO] [1729090712.300691722] [ccr_centralized_planner]: 
[ccr_centralized_planner-15] 
[ccr_centralized_planner-15]  did not replan 
[ccr_centralized_planner-15] 
[ccr_centralized_planner-15] [INFO] [1729090712.301438620] [ccr_centralized_planner]: Sent plan [55, 39, 53, 51, 32, 35, 10, 9] to robotA
[ccr_centralized_planner-15] [INFO] [1729090712.302536255] [ccr_centralized_planner]: Received state 39 from robotA
[ccr_local_planner-14] [INFO] [1729090712.302600966] [robotA.ccr_local_planner]: new state 39
[ccr_centralized_planner-15] [INFO] [1729090712.501240037] [ccr_centralized_planner]: 
[ccr_centralized_planner-15] 
[ccr_centralized_planner-15]  did not replan 
[ccr_centralized_planner-15] 
[ccr_centralized_planner-15] [INFO] [1729090712.502294722] [ccr_centralized_planner]: Sent plan [39, 53, 51, 32, 35, 10, 9] to robotA
[ccr_centralized_planner-15] [INFO] [1729090712.503644029] [ccr_centralized_planner]: Received state 39 from robotA
[ccr_local_planner-14] [INFO] [1729090712.527792984] [robotA.ccr_local_planner]: new plan: [39, 53, 51], remainder: [32, 35, 10, 9]
[ccr_centralized_planner-15] [INFO] [1729090712.701350663] [ccr_centralized_planner]: 
[ccr_centralized_planner-15] 
[ccr_centralized_planner-15]  did not replan 
[ccr_centralized_planner-15] 
[ccr_centralized_planner-15] [INFO] [1729090712.702054852] [ccr_centralized_planner]: Sent plan [39, 53, 51, 32, 35, 10, 9] to robotA
[ccr_centralized_planner-15] [INFO] [1729090712.703140815] [ccr_centralized_planner]: Received state 39 from robotA
[ccr_centralized_planner-15] [INFO] [1729090712.901351153] [ccr_centralized_planner]: 
[ccr_centralized_planner-15] 
[ccr_centralized_planner-15]  did not replan 
[ccr_centralized_planner-15] 
[ccr_centralized_planner-15] [INFO] [1729090712.902148616] [ccr_centralized_planner]: Sent plan [39, 53, 51, 32, 35, 10, 9] to robotA
[ccr_centralized_planner-15] [INFO] [1729090712.903025348] [ccr_centralized_planner]: Received state 39 from robotA
[ccr_centralized_planner-15] [INFO] [1729090713.101871426] [ccr_centralized_planner]: 
[ccr_centralized_planner-15] 
[ccr_centralized_planner-15]  did not replan 
[ccr_centralized_planner-15] 
[ccr_centralized_planner-15] [INFO] [1729090713.102690590] [ccr_centralized_planner]: Sent plan [39, 53, 51, 32, 35, 10, 9] to robotA
[ccr_centralized_planner-15] [INFO] [1729090713.103356667] [ccr_centralized_planner]: Received state 39 from robotA
[ccr_centralized_planner-15] [INFO] [1729090713.301991260] [ccr_centralized_planner]: 
[ccr_centralized_planner-15] 
[ccr_centralized_planner-15]  did not replan 
[ccr_centralized_planner-15] 
[ccr_centralized_planner-15] [INFO] [1729090713.302700598] [ccr_centralized_planner]: Sent plan [39, 53, 51, 32, 35, 10, 9] to robotA
[ccr_local_planner-14] [INFO] [1729090713.307905343] [robotA.ccr_local_planner]: new state 53
[ccr_centralized_planner-15] [INFO] [1729090713.308199914] [ccr_centralized_planner]: Received state 53 from robotA
[ccr_centralized_planner-15] [INFO] [1729090713.502720874] [ccr_centralized_planner]: 
[ccr_centralized_planner-15] 
[ccr_centralized_planner-15]  did not replan 
[ccr_centralized_planner-15] 
[command_node-3] [INFO] [1729090713.502806324] [command_node]: robotA: running
[ccr_centralized_planner-15] [INFO] [1729090713.503447364] [ccr_centralized_planner]: Sent plan [53, 51, 32, 35, 10, 9] to robotA
[ccr_local_planner-14] [INFO] [1729090713.515186254] [robotA.ccr_local_planner]: new plan: [53, 51, 32], remainder: [35, 10, 9]
[ccr_centralized_planner-15] [INFO] [1729090713.527806523] [ccr_centralized_planner]: Received state 53 from robotA
[ccr_centralized_planner-15] [INFO] [1729090713.703087119] [ccr_centralized_planner]: 
[ccr_centralized_planner-15] 
[ccr_centralized_planner-15]  did not replan 
[ccr_centralized_planner-15] 
[ccr_centralized_planner-15] [INFO] [1729090713.703980021] [ccr_centralized_planner]: Sent plan [53, 51, 32, 35, 10, 9] to robotA
[ccr_centralized_planner-15] [INFO] [1729090713.705395241] [ccr_centralized_planner]: Received state 53 from robotA
[ccr_centralized_planner-15] [INFO] [1729090713.903745551] [ccr_centralized_planner]: 
[ccr_centralized_planner-15] 
[ccr_centralized_planner-15]  did not replan 
[ccr_centralized_planner-15] 
[ccr_centralized_planner-15] [INFO] [1729090713.904741766] [ccr_centralized_planner]: Sent plan [53, 51, 32, 35, 10, 9] to robotA
[ccr_centralized_planner-15] [INFO] [1729090713.906333136] [ccr_centralized_planner]: Received state 53 from robotA
[ccr_centralized_planner-15] [INFO] [1729090714.104144957] [ccr_centralized_planner]: 
[ccr_centralized_planner-15] 
[ccr_centralized_planner-15]  did not replan 
[ccr_centralized_planner-15] 
[ccr_centralized_planner-15] [INFO] [1729090714.104955435] [ccr_centralized_planner]: Sent plan [53, 51, 32, 35, 10, 9] to robotA
[ccr_centralized_planner-15] [INFO] [1729090714.107536007] [ccr_centralized_planner]: Received state 53 from robotA
[ccr_centralized_planner-15] [INFO] [1729090714.304149435] [ccr_centralized_planner]: 
[ccr_centralized_planner-15] 
[ccr_centralized_planner-15]  did not replan 
[ccr_centralized_planner-15] 
[ccr_centralized_planner-15] [INFO] [1729090714.304919717] [ccr_centralized_planner]: Sent plan [53, 51, 32, 35, 10, 9] to robotA
[ccr_centralized_planner-15] [INFO] [1729090714.305977678] [ccr_centralized_planner]: Received state 53 from robotA
[ccr_centralized_planner-15] [INFO] [1729090714.504807676] [ccr_centralized_planner]: 
[ccr_centralized_planner-15] 
[ccr_centralized_planner-15]  did not replan 
[ccr_centralized_planner-15] 
[ccr_centralized_planner-15] [INFO] [1729090714.505554104] [ccr_centralized_planner]: Sent plan [53, 51, 32, 35, 10, 9] to robotA
[ccr_centralized_planner-15] [INFO] [1729090714.506893121] [ccr_centralized_planner]: Received state 53 from robotA
[ccr_centralized_planner-15] [INFO] [1729090714.705545396] [ccr_centralized_planner]: 
[ccr_centralized_planner-15] 
[ccr_centralized_planner-15]  did not replan 
[ccr_centralized_planner-15] 
[ccr_centralized_planner-15] [INFO] [1729090714.706233284] [ccr_centralized_planner]: Sent plan [53, 51, 32, 35, 10, 9] to robotA
[ccr_centralized_planner-15] [INFO] [1729090714.707460753] [ccr_centralized_planner]: Received state 53 from robotA
[ccr_centralized_planner-15] [INFO] [1729090714.905800333] [ccr_centralized_planner]: 
[ccr_centralized_planner-15] 
[ccr_centralized_planner-15]  did not replan 
[ccr_centralized_planner-15] 
[ccr_centralized_planner-15] [INFO] [1729090714.906703353] [ccr_centralized_planner]: Sent plan [53, 51, 32, 35, 10, 9] to robotA
[ccr_centralized_planner-15] [INFO] [1729090714.907874416] [ccr_centralized_planner]: Received state 53 from robotA
[ccr_centralized_planner-15] [INFO] [1729090715.106211171] [ccr_centralized_planner]: 
[ccr_centralized_planner-15] 
[ccr_centralized_planner-15]  did not replan 
[ccr_centralized_planner-15] 
[ccr_centralized_planner-15] [INFO] [1729090715.107440262] [ccr_centralized_planner]: Sent plan [53, 51, 32, 35, 10, 9] to robotA
[ccr_centralized_planner-15] [INFO] [1729090715.108644757] [ccr_centralized_planner]: Received state 53 from robotA
[ccr_centralized_planner-15] [INFO] [1729090715.306377341] [ccr_centralized_planner]: 
[ccr_centralized_planner-15] 
[ccr_centralized_planner-15]  did not replan 
[ccr_centralized_planner-15] 
[ccr_centralized_planner-15] [INFO] [1729090715.307093943] [ccr_centralized_planner]: Sent plan [53, 51, 32, 35, 10, 9] to robotA
[ccr_centralized_planner-15] [INFO] [1729090715.312542885] [ccr_centralized_planner]: Received state 53 from robotA
[command_node-3] [INFO] [1729090715.507130079] [command_node]: robotA: running
[ccr_centralized_planner-15] [INFO] [1729090715.507469625] [ccr_centralized_planner]: 
[ccr_centralized_planner-15] 
[ccr_centralized_planner-15]  did not replan 
[ccr_centralized_planner-15] 
[ccr_centralized_planner-15] [INFO] [1729090715.508287847] [ccr_centralized_planner]: Sent plan [53, 51, 32, 35, 10, 9] to robotA
[ccr_centralized_planner-15] [INFO] [1729090715.517945489] [ccr_centralized_planner]: Received state 53 from robotA
[ccr_centralized_planner-15] [INFO] [1729090715.707704814] [ccr_centralized_planner]: 
[ccr_centralized_planner-15] 
[ccr_centralized_planner-15]  did not replan 
[ccr_centralized_planner-15] 
[ccr_centralized_planner-15] [INFO] [1729090715.708472511] [ccr_centralized_planner]: Sent plan [53, 51, 32, 35, 10, 9] to robotA
[ccr_local_planner-14] [INFO] [1729090715.716576515] [robotA.ccr_local_planner]: new state 51
[ccr_centralized_planner-15] [INFO] [1729090715.716718281] [ccr_centralized_planner]: Received state 51 from robotA
[ccr_centralized_planner-15] [INFO] [1729090715.908754028] [ccr_centralized_planner]: 
[ccr_centralized_planner-15] 
[ccr_centralized_planner-15]  did not replan 
[ccr_centralized_planner-15] 
[ccr_centralized_planner-15] [INFO] [1729090715.909514662] [ccr_centralized_planner]: Sent plan [51, 32, 35, 10, 9] to robotA
[ccr_centralized_planner-15] [INFO] [1729090715.910791122] [ccr_centralized_planner]: Received state 51 from robotA
[ccr_local_planner-14] [INFO] [1729090715.938451311] [robotA.ccr_local_planner]: new plan: [51, 32, 35], remainder: [10, 9]
[ccr_centralized_planner-15] [INFO] [1729090716.108632419] [ccr_centralized_planner]: 
[ccr_centralized_planner-15] 
[ccr_centralized_planner-15]  did not replan 
[ccr_centralized_planner-15] 
[ccr_centralized_planner-15] [INFO] [1729090716.109401318] [ccr_centralized_planner]: Sent plan [51, 32, 35, 10, 9] to robotA
[ccr_centralized_planner-15] [INFO] [1729090716.209724137] [ccr_centralized_planner]: Received state 51 from robotA
[ccr_centralized_planner-15] [INFO] [1729090716.308903595] [ccr_centralized_planner]: 
[ccr_centralized_planner-15] 
[ccr_centralized_planner-15]  did not replan 
[ccr_centralized_planner-15] 
[ccr_centralized_planner-15] [INFO] [1729090716.309751853] [ccr_centralized_planner]: Sent plan [51, 32, 35, 10, 9] to robotA
[ccr_centralized_planner-15] [INFO] [1729090716.413061735] [ccr_centralized_planner]: Received state 51 from robotA
[ccr_centralized_planner-15] [INFO] [1729090716.509630515] [ccr_centralized_planner]: 
[ccr_centralized_planner-15] 
[ccr_centralized_planner-15]  did not replan 
[ccr_centralized_planner-15] 
[ccr_centralized_planner-15] [INFO] [1729090716.510640306] [ccr_centralized_planner]: Sent plan [51, 32, 35, 10, 9] to robotA
[ccr_centralized_planner-15] [INFO] [1729090716.617949907] [ccr_centralized_planner]: Received state 51 from robotA
[ccr_centralized_planner-15] [INFO] [1729090716.709676971] [ccr_centralized_planner]: 
[ccr_centralized_planner-15] 
[ccr_centralized_planner-15]  did not replan 
[ccr_centralized_planner-15] 
[ccr_centralized_planner-15] [INFO] [1729090716.710328832] [ccr_centralized_planner]: Sent plan [51, 32, 35, 10, 9] to robotA
[ccr_centralized_planner-15] [INFO] [1729090716.820612811] [ccr_centralized_planner]: Received state 51 from robotA
[ccr_centralized_planner-15] [INFO] [1729090716.910109480] [ccr_centralized_planner]: 
[ccr_centralized_planner-15] 
[ccr_centralized_planner-15]  did not replan 
[ccr_centralized_planner-15] 
[ccr_centralized_planner-15] [INFO] [1729090716.910682724] [ccr_centralized_planner]: Sent plan [51, 32, 35, 10, 9] to robotA
[ccr_local_planner-14] [INFO] [1729090717.013261907] [robotA.ccr_local_planner]: new state 32
[ccr_centralized_planner-15] [INFO] [1729090717.013441443] [ccr_centralized_planner]: Received state 32 from robotA
[ccr_centralized_planner-15] [INFO] [1729090717.210945629] [ccr_centralized_planner]: 
[ccr_centralized_planner-15] 
[ccr_centralized_planner-15]  did not replan 
[ccr_centralized_planner-15] 
[ccr_centralized_planner-15] [INFO] [1729090717.211745276] [ccr_centralized_planner]: Sent plan [32, 35, 10, 9] to robotA
[ccr_centralized_planner-15] [INFO] [1729090717.213206422] [ccr_centralized_planner]: Received state 32 from robotA
[ccr_local_planner-14] [INFO] [1729090717.233742563] [robotA.ccr_local_planner]: new plan: [32, 35, 10], remainder: [9]
[ccr_centralized_planner-15] [INFO] [1729090717.411737230] [ccr_centralized_planner]: 
[ccr_centralized_planner-15] 
[ccr_centralized_planner-15]  did not replan 
[ccr_centralized_planner-15] 
[ccr_centralized_planner-15] [INFO] [1729090717.412816360] [ccr_centralized_planner]: Sent plan [32, 35, 10, 9] to robotA
[ccr_centralized_planner-15] [INFO] [1729090717.414528676] [ccr_centralized_planner]: Received state 32 from robotA
[ccr_centralized_planner-15] [INFO] [1729090717.612017323] [ccr_centralized_planner]: 
[ccr_centralized_planner-15] 
[ccr_centralized_planner-15]  did not replan 
[ccr_centralized_planner-15] 
[command_node-3] [INFO] [1729090717.612181290] [command_node]: robotA: running
[ccr_centralized_planner-15] [INFO] [1729090717.612795500] [ccr_centralized_planner]: Sent plan [32, 35, 10, 9] to robotA
[ccr_centralized_planner-15] [INFO] [1729090717.613659678] [ccr_centralized_planner]: Received state 32 from robotA
[ccr_centralized_planner-15] [INFO] [1729090717.812456414] [ccr_centralized_planner]: 
[ccr_centralized_planner-15] 
[ccr_centralized_planner-15]  did not replan 
[ccr_centralized_planner-15] 
[ccr_centralized_planner-15] [INFO] [1729090717.813151476] [ccr_centralized_planner]: Sent plan [32, 35, 10, 9] to robotA
[ccr_centralized_planner-15] [INFO] [1729090717.814205599] [ccr_centralized_planner]: Received state 32 from robotA
[ccr_centralized_planner-15] [INFO] [1729090718.013409798] [ccr_centralized_planner]: 
[ccr_centralized_planner-15] 
[ccr_centralized_planner-15]  did not replan 
[ccr_centralized_planner-15] 
[ccr_centralized_planner-15] [INFO] [1729090718.014110410] [ccr_centralized_planner]: Sent plan [32, 35, 10, 9] to robotA
[ccr_centralized_planner-15] [INFO] [1729090718.015507255] [ccr_centralized_planner]: Received state 32 from robotA
[ccr_centralized_planner-15] [INFO] [1729090718.213748281] [ccr_centralized_planner]: 
[ccr_centralized_planner-15] 
[ccr_centralized_planner-15]  did not replan 
[ccr_centralized_planner-15] 
[ccr_centralized_planner-15] [INFO] [1729090718.214442782] [ccr_centralized_planner]: Sent plan [32, 35, 10, 9] to robotA
[ccr_centralized_planner-15] [INFO] [1729090718.216826425] [ccr_centralized_planner]: Received state 32 from robotA
[ccr_centralized_planner-15] [INFO] [1729090718.414453220] [ccr_centralized_planner]: 
[ccr_centralized_planner-15] 
[ccr_centralized_planner-15]  did not replan 
[ccr_centralized_planner-15] 
[ccr_centralized_planner-15] [INFO] [1729090718.415269067] [ccr_centralized_planner]: Sent plan [32, 35, 10, 9] to robotA
[ccr_centralized_planner-15] [INFO] [1729090718.416826143] [ccr_centralized_planner]: Received state 32 from robotA
[ccr_centralized_planner-15] [INFO] [1729090718.614817541] [ccr_centralized_planner]: 
[ccr_centralized_planner-15] 
[ccr_centralized_planner-15]  did not replan 
[ccr_centralized_planner-15] 
[ccr_centralized_planner-15] [INFO] [1729090718.615593083] [ccr_centralized_planner]: Sent plan [32, 35, 10, 9] to robotA
[ccr_centralized_planner-15] [INFO] [1729090718.617372865] [ccr_centralized_planner]: Received state 32 from robotA
[ccr_centralized_planner-15] [INFO] [1729090718.814853016] [ccr_centralized_planner]: 
[ccr_centralized_planner-15] 
[ccr_centralized_planner-15]  did not replan 
[ccr_centralized_planner-15] 
[ccr_centralized_planner-15] [INFO] [1729090718.815655910] [ccr_centralized_planner]: Sent plan [32, 35, 10, 9] to robotA
[ccr_local_planner-14] [INFO] [1729090718.818231292] [robotA.ccr_local_planner]: new state 35
[ccr_centralized_planner-15] [INFO] [1729090718.818407682] [ccr_centralized_planner]: Received state 35 from robotA
[ccr_centralized_planner-15] [INFO] [1729090719.015287318] [ccr_centralized_planner]: 
[ccr_centralized_planner-15] 
[ccr_centralized_planner-15]  did not replan 
[ccr_centralized_planner-15] 
[ccr_centralized_planner-15] [INFO] [1729090719.016027103] [ccr_centralized_planner]: Sent plan [35, 10, 9] to robotA
[ccr_local_planner-14] [INFO] [1729090719.021701367] [robotA.ccr_local_planner]: new plan: [35, 10, 9]
[ccr_centralized_planner-15] [INFO] [1729090719.034013300] [ccr_centralized_planner]: Received state 35 from robotA
[ccr_centralized_planner-15] [INFO] [1729090719.215494485] [ccr_centralized_planner]: 
[ccr_centralized_planner-15] 
[ccr_centralized_planner-15]  did not replan 
[ccr_centralized_planner-15] 
[ccr_centralized_planner-15] [INFO] [1729090719.216198723] [ccr_centralized_planner]: Sent plan [35, 10, 9] to robotA
[ccr_centralized_planner-15] [INFO] [1729090719.218903939] [ccr_centralized_planner]: Received state 35 from robotA
[ccr_centralized_planner-15] [INFO] [1729090719.416194875] [ccr_centralized_planner]: 
[ccr_centralized_planner-15] 
[ccr_centralized_planner-15]  did not replan 
[ccr_centralized_planner-15] 
[ccr_centralized_planner-15] [INFO] [1729090719.416862816] [ccr_centralized_planner]: Sent plan [35, 10, 9] to robotA
[ccr_centralized_planner-15] [INFO] [1729090719.419615971] [ccr_centralized_planner]: Received state 35 from robotA
[command_node-3] [INFO] [1729090719.616774880] [command_node]: robotA: running
[ccr_centralized_planner-15] [INFO] [1729090719.616866011] [ccr_centralized_planner]: 
[ccr_centralized_planner-15] 
[ccr_centralized_planner-15]  did not replan 
[ccr_centralized_planner-15] 
[ccr_centralized_planner-15] [INFO] [1729090719.617582793] [ccr_centralized_planner]: Sent plan [35, 10, 9] to robotA
[ccr_centralized_planner-15] [INFO] [1729090719.619056973] [ccr_centralized_planner]: Received state 35 from robotA
[ccr_centralized_planner-15] [INFO] [1729090719.817477796] [ccr_centralized_planner]: 
[ccr_centralized_planner-15] 
[ccr_centralized_planner-15]  did not replan 
[ccr_centralized_planner-15] 
[ccr_centralized_planner-15] [INFO] [1729090719.818164111] [ccr_centralized_planner]: Sent plan [35, 10, 9] to robotA
[ccr_centralized_planner-15] [INFO] [1729090719.819089523] [ccr_centralized_planner]: Received state 35 from robotA
[ccr_centralized_planner-15] [INFO] [1729090720.017953144] [ccr_centralized_planner]: 
[ccr_centralized_planner-15] 
[ccr_centralized_planner-15]  did not replan 
[ccr_centralized_planner-15] 
[ccr_centralized_planner-15] [INFO] [1729090720.018640271] [ccr_centralized_planner]: Sent plan [35, 10, 9] to robotA
[ccr_centralized_planner-15] [INFO] [1729090720.021365193] [ccr_centralized_planner]: Received state 35 from robotA
[ccr_centralized_planner-15] [INFO] [1729090720.218918971] [ccr_centralized_planner]: 
[ccr_centralized_planner-15] 
[ccr_centralized_planner-15]  did not replan 
[ccr_centralized_planner-15] 
[ccr_centralized_planner-15] [INFO] [1729090720.219871174] [ccr_centralized_planner]: Sent plan [35, 10, 9] to robotA
[ccr_centralized_planner-15] [INFO] [1729090720.220701178] [ccr_centralized_planner]: Received state 35 from robotA
[ccr_centralized_planner-15] [INFO] [1729090720.418854640] [ccr_centralized_planner]: 
[ccr_centralized_planner-15] 
[ccr_centralized_planner-15]  did not replan 
[ccr_centralized_planner-15] 
[ccr_centralized_planner-15] [INFO] [1729090720.419533671] [ccr_centralized_planner]: Sent plan [35, 10, 9] to robotA
[ccr_centralized_planner-15] [INFO] [1729090720.420613273] [ccr_centralized_planner]: Received state 35 from robotA
[ccr_centralized_planner-15] [INFO] [1729090720.618979412] [ccr_centralized_planner]: 
[ccr_centralized_planner-15] 
[ccr_centralized_planner-15]  did not replan 
[ccr_centralized_planner-15] 
[ccr_centralized_planner-15] [INFO] [1729090720.619818293] [ccr_centralized_planner]: Sent plan [35, 10, 9] to robotA
[ccr_centralized_planner-15] [INFO] [1729090720.621193728] [ccr_centralized_planner]: Received state 35 from robotA
[ccr_centralized_planner-15] [INFO] [1729090720.819732751] [ccr_centralized_planner]: 
[ccr_centralized_planner-15] 
[ccr_centralized_planner-15]  did not replan 
[ccr_centralized_planner-15] 
[ccr_centralized_planner-15] [INFO] [1729090720.820523602] [ccr_centralized_planner]: Sent plan [35, 10, 9] to robotA
[ccr_centralized_planner-15] [INFO] [1729090720.822966256] [ccr_centralized_planner]: Received state 35 from robotA
[ccr_centralized_planner-15] [INFO] [1729090721.020264356] [ccr_centralized_planner]: 
[ccr_centralized_planner-15] 
[ccr_centralized_planner-15]  did not replan 
[ccr_centralized_planner-15] 
[ccr_centralized_planner-15] [INFO] [1729090721.021157278] [ccr_centralized_planner]: Sent plan [35, 10, 9] to robotA
[ccr_local_planner-14] [INFO] [1729090721.027482922] [robotA.ccr_local_planner]: new state 10
[ccr_centralized_planner-15] [INFO] [1729090721.027679950] [ccr_centralized_planner]: Received state 10 from robotA
[ccr_centralized_planner-15] [INFO] [1729090721.221371658] [ccr_centralized_planner]: 
[ccr_centralized_planner-15] 
[ccr_centralized_planner-15]  did not replan 
[ccr_centralized_planner-15] 
[ccr_centralized_planner-15] [INFO] [1729090721.222120730] [ccr_centralized_planner]: Sent plan [10, 9] to robotA
[ccr_centralized_planner-15] [INFO] [1729090721.224567622] [ccr_centralized_planner]: Received state 10 from robotA
[ccr_local_planner-14] [INFO] [1729090721.250345096] [robotA.ccr_local_planner]: new plan: [10, 9]
[ccr_centralized_planner-15] [INFO] [1729090721.421196640] [ccr_centralized_planner]: 
[ccr_centralized_planner-15] 
[ccr_centralized_planner-15]  did not replan 
[ccr_centralized_planner-15] 
[ccr_centralized_planner-15] [INFO] [1729090721.421786204] [ccr_centralized_planner]: Sent plan [10, 9] to robotA
[ccr_centralized_planner-15] [INFO] [1729090721.424457054] [ccr_centralized_planner]: Received state 10 from robotA
[ccr_centralized_planner-15] [INFO] [1729090721.621627906] [ccr_centralized_planner]: 
[ccr_centralized_planner-15] 
[ccr_centralized_planner-15]  did not replan 
[ccr_centralized_planner-15] 
[command_node-3] [INFO] [1729090721.622014800] [command_node]: robotA: running
[ccr_centralized_planner-15] [INFO] [1729090721.622366038] [ccr_centralized_planner]: Sent plan [10, 9] to robotA
[ccr_centralized_planner-15] [INFO] [1729090721.723087373] [ccr_centralized_planner]: Received state 10 from robotA
[ccr_centralized_planner-15] [INFO] [1729090721.822002856] [ccr_centralized_planner]: 
[ccr_centralized_planner-15] 
[ccr_centralized_planner-15]  did not replan 
[ccr_centralized_planner-15] 
[ccr_centralized_planner-15] [INFO] [1729090721.822715962] [ccr_centralized_planner]: Sent plan [10, 9] to robotA
[ccr_centralized_planner-15] [INFO] [1729090721.928321171] [ccr_centralized_planner]: Received state 10 from robotA
[ccr_centralized_planner-15] [INFO] [1729090722.022582130] [ccr_centralized_planner]: 
[ccr_centralized_planner-15] 
[ccr_centralized_planner-15]  did not replan 
[ccr_centralized_planner-15] 
[ccr_centralized_planner-15] [INFO] [1729090722.023598754] [ccr_centralized_planner]: Sent plan [10, 9] to robotA
[ccr_centralized_planner-15] [INFO] [1729090722.133405921] [ccr_centralized_planner]: Received state 10 from robotA
[ccr_centralized_planner-15] [INFO] [1729090722.222484476] [ccr_centralized_planner]: 
[ccr_centralized_planner-15] 
[ccr_centralized_planner-15]  did not replan 
[ccr_centralized_planner-15] 
[ccr_centralized_planner-15] [INFO] [1729090722.223177323] [ccr_centralized_planner]: Sent plan [10, 9] to robotA
[ccr_local_planner-14] [INFO] [1729090722.336568641] [robotA.ccr_local_planner]: new state 9
[ccr_centralized_planner-15] [INFO] [1729090722.336707882] [ccr_centralized_planner]: Received state 9 from robotA
[ccr_goal_provider-12] [INFO] [1729090722.336783433] [ccr_goal_provider]: [32mgoal completed:[0m robotA reached goal 9, going to goal 1 within state 1
[ccr_centralized_planner-15] [INFO] [1729090722.423231103] [ccr_centralized_planner]: 
[ccr_centralized_planner-15] 
[ccr_centralized_planner-15]  did not replan 
[ccr_centralized_planner-15] 
[ccr_centralized_planner-15] [INFO] [1729090722.423913541] [ccr_centralized_planner]: Sent plan [9] to robotA
[ccr_local_planner-14] [INFO] [1729090722.424220826] [robotA.ccr_local_planner]: new plan: [9]
[ccr_centralized_planner-15] [INFO] [1729090722.424763252] [ccr_centralized_planner]: Received goal 1 from robotA
[ccr_centralized_planner-15] [INFO] [1729090722.525760273] [ccr_centralized_planner]: Received state 9 from robotA
[ccr_centralized_planner-15] [INFO] [1729090722.724101346] [ccr_centralized_planner]: 
[ccr_centralized_planner-15] 
[ccr_centralized_planner-15]  replaned due to new goal
[ccr_centralized_planner-15] 
[ccr_centralized_planner-15] [INFO] [1729090722.746056003] [ccr_centralized_planner]: Sent plan [9, 11, 35, 50, 51, 53, 39, 55, 56, 57, 5, 1] to robotA
[ccr_centralized_planner-15] [INFO] [1729090722.746510203] [ccr_centralized_planner]: Received state 9 from robotA
[ccr_local_planner-14] [INFO] [1729090722.753554282] [robotA.ccr_local_planner]: new plan: [9, 11, 35], remainder: [50, 51, 53, 39, 55, 56, 57, 5, 1]
[ccr_centralized_planner-15] [INFO] [1729090722.924441883] [ccr_centralized_planner]: 
[ccr_centralized_planner-15] 
[ccr_centralized_planner-15]  did not replan 
[ccr_centralized_planner-15] 
[ccr_centralized_planner-15] [INFO] [1729090722.925148175] [ccr_centralized_planner]: Sent plan [9, 11, 35, 50, 51, 53, 39, 55, 56, 57, 5, 1] to robotA
[ccr_centralized_planner-15] [INFO] [1729090722.927102374] [ccr_centralized_planner]: Received state 9 from robotA
[ccr_centralized_planner-15] [INFO] [1729090723.125212764] [ccr_centralized_planner]: 
[ccr_centralized_planner-15] 
[ccr_centralized_planner-15]  did not replan 
[ccr_centralized_planner-15] 
[ccr_centralized_planner-15] [INFO] [1729090723.126000069] [ccr_centralized_planner]: Sent plan [9, 11, 35, 50, 51, 53, 39, 55, 56, 57, 5, 1] to robotA
[ccr_centralized_planner-15] [INFO] [1729090723.127595957] [ccr_centralized_planner]: Received state 9 from robotA
[ccr_centralized_planner-15] [INFO] [1729090723.325374597] [ccr_centralized_planner]: 
[ccr_centralized_planner-15] 
[ccr_centralized_planner-15]  did not replan 
[ccr_centralized_planner-15] 
[ccr_centralized_planner-15] [INFO] [1729090723.326098352] [ccr_centralized_planner]: Sent plan [9, 11, 35, 50, 51, 53, 39, 55, 56, 57, 5, 1] to robotA
[ccr_centralized_planner-15] [INFO] [1729090723.329077600] [ccr_centralized_planner]: Received state 9 from robotA
[ccr_centralized_planner-15] [INFO] [1729090723.525915458] [ccr_centralized_planner]: 
[ccr_centralized_planner-15] 
[ccr_centralized_planner-15]  did not replan 
[ccr_centralized_planner-15] 
[ccr_centralized_planner-15] [INFO] [1729090723.526759318] [ccr_centralized_planner]: Sent plan [9, 11, 35, 50, 51, 53, 39, 55, 56, 57, 5, 1] to robotA
[ccr_centralized_planner-15] [INFO] [1729090723.527739563] [ccr_centralized_planner]: Received state 9 from robotA
[command_node-3] [INFO] [1729090723.726312079] [command_node]: robotA: running
[ccr_centralized_planner-15] [INFO] [1729090723.726320605] [ccr_centralized_planner]: 
[ccr_centralized_planner-15] 
[ccr_centralized_planner-15]  did not replan 
[ccr_centralized_planner-15] 
[ccr_centralized_planner-15] [INFO] [1729090723.727080999] [ccr_centralized_planner]: Sent plan [9, 11, 35, 50, 51, 53, 39, 55, 56, 57, 5, 1] to robotA
[ccr_centralized_planner-15] [INFO] [1729090723.727924118] [ccr_centralized_planner]: Received state 9 from robotA
[ccr_centralized_planner-15] [INFO] [1729090723.926513175] [ccr_centralized_planner]: 
[ccr_centralized_planner-15] 
[ccr_centralized_planner-15]  did not replan 
[ccr_centralized_planner-15] 
[ccr_centralized_planner-15] [INFO] [1729090723.927298275] [ccr_centralized_planner]: Sent plan [9, 11, 35, 50, 51, 53, 39, 55, 56, 57, 5, 1] to robotA
[ccr_centralized_planner-15] [INFO] [1729090723.928152765] [ccr_centralized_planner]: Received state 9 from robotA
[ccr_centralized_planner-15] [INFO] [1729090724.127069205] [ccr_centralized_planner]: 
[ccr_centralized_planner-15] 
[ccr_centralized_planner-15]  did not replan 
[ccr_centralized_planner-15] 
[ccr_centralized_planner-15] [INFO] [1729090724.127884271] [ccr_centralized_planner]: Sent plan [9, 11, 35, 50, 51, 53, 39, 55, 56, 57, 5, 1] to robotA
[ccr_centralized_planner-15] [INFO] [1729090724.133583001] [ccr_centralized_planner]: Received state 9 from robotA
[ccr_centralized_planner-15] [INFO] [1729090724.327308642] [ccr_centralized_planner]: 
[ccr_centralized_planner-15] 
[ccr_centralized_planner-15]  did not replan 
[ccr_centralized_planner-15] 
[ccr_centralized_planner-15] [INFO] [1729090724.327996830] [ccr_centralized_planner]: Sent plan [9, 11, 35, 50, 51, 53, 39, 55, 56, 57, 5, 1] to robotA
[ccr_centralized_planner-15] [INFO] [1729090724.334463048] [ccr_centralized_planner]: Received state 9 from robotA
[ccr_centralized_planner-15] [INFO] [1729090724.527894578] [ccr_centralized_planner]: 
[ccr_centralized_planner-15] 
[ccr_centralized_planner-15]  did not replan 
[ccr_centralized_planner-15] 
[ccr_centralized_planner-15] [INFO] [1729090724.529123489] [ccr_centralized_planner]: Sent plan [9, 11, 35, 50, 51, 53, 39, 55, 56, 57, 5, 1] to robotA
[ccr_centralized_planner-15] [INFO] [1729090724.537781199] [ccr_centralized_planner]: Received state 9 from robotA
[ccr_centralized_planner-15] [INFO] [1729090724.727885270] [ccr_centralized_planner]: 
[ccr_centralized_planner-15] 
[ccr_centralized_planner-15]  did not replan 
[ccr_centralized_planner-15] 
[ccr_centralized_planner-15] [INFO] [1729090724.728617180] [ccr_centralized_planner]: Sent plan [9, 11, 35, 50, 51, 53, 39, 55, 56, 57, 5, 1] to robotA
[ccr_centralized_planner-15] [INFO] [1729090724.742054490] [ccr_centralized_planner]: Received state 9 from robotA
[ccr_centralized_planner-15] [INFO] [1729090724.928508977] [ccr_centralized_planner]: 
[ccr_centralized_planner-15] 
[ccr_centralized_planner-15]  did not replan 
[ccr_centralized_planner-15] 
[ccr_centralized_planner-15] [INFO] [1729090724.929191144] [ccr_centralized_planner]: Sent plan [9, 11, 35, 50, 51, 53, 39, 55, 56, 57, 5, 1] to robotA
[ccr_centralized_planner-15] [INFO] [1729090724.931163938] [ccr_centralized_planner]: Received state 9 from robotA
[ccr_centralized_planner-15] [INFO] [1729090725.128882104] [ccr_centralized_planner]: 
[ccr_centralized_planner-15] 
[ccr_centralized_planner-15]  did not replan 
[ccr_centralized_planner-15] 
[ccr_centralized_planner-15] [INFO] [1729090725.129559312] [ccr_centralized_planner]: Sent plan [9, 11, 35, 50, 51, 53, 39, 55, 56, 57, 5, 1] to robotA
[ccr_centralized_planner-15] [INFO] [1729090725.131493343] [ccr_centralized_planner]: Received state 9 from robotA
[ccr_centralized_planner-15] [INFO] [1729090725.329703441] [ccr_centralized_planner]: 
[ccr_centralized_planner-15] 
[ccr_centralized_planner-15]  did not replan 
[ccr_centralized_planner-15] 
[ccr_centralized_planner-15] [INFO] [1729090725.330393553] [ccr_centralized_planner]: Sent plan [9, 11, 35, 50, 51, 53, 39, 55, 56, 57, 5, 1] to robotA
[ccr_centralized_planner-15] [INFO] [1729090725.331840862] [ccr_centralized_planner]: Received state 9 from robotA
[ccr_centralized_planner-15] [INFO] [1729090725.530249112] [ccr_centralized_planner]: 
[ccr_centralized_planner-15] 
[ccr_centralized_planner-15]  did not replan 
[ccr_centralized_planner-15] 
[ccr_centralized_planner-15] [INFO] [1729090725.531265645] [ccr_centralized_planner]: Sent plan [9, 11, 35, 50, 51, 53, 39, 55, 56, 57, 5, 1] to robotA
[ccr_centralized_planner-15] [INFO] [1729090725.532680193] [ccr_centralized_planner]: Received state 9 from robotA
[ccr_centralized_planner-15] [INFO] [1729090725.730646825] [ccr_centralized_planner]: 
[ccr_centralized_planner-15] 
[ccr_centralized_planner-15]  did not replan 
[ccr_centralized_planner-15] 
[command_node-3] [INFO] [1729090725.730743907] [command_node]: robotA: running
[ccr_centralized_planner-15] [INFO] [1729090725.731307572] [ccr_centralized_planner]: Sent plan [9, 11, 35, 50, 51, 53, 39, 55, 56, 57, 5, 1] to robotA
[ccr_local_planner-14] [INFO] [1729090725.734143872] [robotA.ccr_local_planner]: new state 11
[ccr_centralized_planner-15] [INFO] [1729090725.734246765] [ccr_centralized_planner]: Received state 11 from robotA
[ccr_centralized_planner-15] [INFO] [1729090725.931535718] [ccr_centralized_planner]: 
[ccr_centralized_planner-15] 
[ccr_centralized_planner-15]  did not replan 
[ccr_centralized_planner-15] 
[ccr_centralized_planner-15] [INFO] [1729090725.932411417] [ccr_centralized_planner]: Sent plan [11, 35, 50, 51, 53, 39, 55, 56, 57, 5, 1] to robotA
[ccr_centralized_planner-15] [INFO] [1729090725.933818973] [ccr_centralized_planner]: Received state 11 from robotA
[ccr_local_planner-14] [INFO] [1729090725.959200106] [robotA.ccr_local_planner]: new plan: [11, 35, 50], remainder: [51, 53, 39, 55, 56, 57, 5, 1]
[ccr_centralized_planner-15] [INFO] [1729090726.131578137] [ccr_centralized_planner]: 
[ccr_centralized_planner-15] 
[ccr_centralized_planner-15]  did not replan 
[ccr_centralized_planner-15] 
[ccr_centralized_planner-15] [INFO] [1729090726.132150869] [ccr_centralized_planner]: Sent plan [11, 35, 50, 51, 53, 39, 55, 56, 57, 5, 1] to robotA
[ccr_centralized_planner-15] [INFO] [1729090726.134238588] [ccr_centralized_planner]: Received state 11 from robotA
[ccr_centralized_planner-15] [INFO] [1729090726.331497494] [ccr_centralized_planner]: 
[ccr_centralized_planner-15] 
[ccr_centralized_planner-15]  did not replan 
[ccr_centralized_planner-15] 
[ccr_centralized_planner-15] [INFO] [1729090726.331912341] [ccr_centralized_planner]: Sent plan [11, 35, 50, 51, 53, 39, 55, 56, 57, 5, 1] to robotA
[ccr_centralized_planner-15] [INFO] [1729090726.333958332] [ccr_centralized_planner]: Received state 11 from robotA
[ccr_centralized_planner-15] [INFO] [1729090726.532444787] [ccr_centralized_planner]: 
[ccr_centralized_planner-15] 
[ccr_centralized_planner-15]  did not replan 
[ccr_centralized_planner-15] 
[ccr_centralized_planner-15] [INFO] [1729090726.533138196] [ccr_centralized_planner]: Sent plan [11, 35, 50, 51, 53, 39, 55, 56, 57, 5, 1] to robotA
[ccr_local_planner-14] [INFO] [1729090726.535249689] [robotA.ccr_local_planner]: new state 35
[ccr_centralized_planner-15] [INFO] [1729090726.535585167] [ccr_centralized_planner]: Received state 35 from robotA
[ccr_centralized_planner-15] [INFO] [1729090726.732718539] [ccr_centralized_planner]: 
[ccr_centralized_planner-15] 
[ccr_centralized_planner-15]  did not replan 
[ccr_centralized_planner-15] 
[ccr_centralized_planner-15] [INFO] [1729090726.733500913] [ccr_centralized_planner]: Sent plan [35, 50, 51, 53, 39, 55, 56, 57, 5, 1] to robotA
[ccr_local_planner-14] [INFO] [1729090726.736526268] [robotA.ccr_local_planner]: new plan: [35, 50, 51], remainder: [53, 39, 55, 56, 57, 5, 1]
[ccr_centralized_planner-15] [INFO] [1729090726.755207115] [ccr_centralized_planner]: Received state 35 from robotA
[ccr_centralized_planner-15] [INFO] [1729090726.933089522] [ccr_centralized_planner]: 
[ccr_centralized_planner-15] 
[ccr_centralized_planner-15]  did not replan 
[ccr_centralized_planner-15] 
[ccr_centralized_planner-15] [INFO] [1729090726.933978646] [ccr_centralized_planner]: Sent plan [35, 50, 51, 53, 39, 55, 56, 57, 5, 1] to robotA
[ccr_centralized_planner-15] [INFO] [1729090726.940292509] [ccr_centralized_planner]: Received state 35 from robotA
[ccr_centralized_planner-15] [INFO] [1729090727.133413888] [ccr_centralized_planner]: 
[ccr_centralized_planner-15] 
[ccr_centralized_planner-15]  did not replan 
[ccr_centralized_planner-15] 
[ccr_centralized_planner-15] [INFO] [1729090727.134129959] [ccr_centralized_planner]: Sent plan [35, 50, 51, 53, 39, 55, 56, 57, 5, 1] to robotA
[ccr_centralized_planner-15] [INFO] [1729090727.136872494] [ccr_centralized_planner]: Received state 35 from robotA
[ccr_centralized_planner-15] [INFO] [1729090727.333904786] [ccr_centralized_planner]: 
[ccr_centralized_planner-15] 
[ccr_centralized_planner-15]  did not replan 
[ccr_centralized_planner-15] 
[ccr_centralized_planner-15] [INFO] [1729090727.334761460] [ccr_centralized_planner]: Sent plan [35, 50, 51, 53, 39, 55, 56, 57, 5, 1] to robotA
[ccr_centralized_planner-15] [INFO] [1729090727.436033867] [ccr_centralized_planner]: Received state 35 from robotA
[ccr_centralized_planner-15] [INFO] [1729090727.533830546] [ccr_centralized_planner]: 
[ccr_centralized_planner-15] 
[ccr_centralized_planner-15]  did not replan 
[ccr_centralized_planner-15] 
[ccr_centralized_planner-15] [INFO] [1729090727.534642686] [ccr_centralized_planner]: Sent plan [35, 50, 51, 53, 39, 55, 56, 57, 5, 1] to robotA
[ccr_centralized_planner-15] [INFO] [1729090727.635283601] [ccr_centralized_planner]: Received state 35 from robotA
[command_node-3] [INFO] [1729090727.734380695] [command_node]: robotA: running
[ccr_centralized_planner-15] [INFO] [1729090727.734405802] [ccr_centralized_planner]: 
[ccr_centralized_planner-15] 
[ccr_centralized_planner-15]  did not replan 
[ccr_centralized_planner-15] 
[ccr_centralized_planner-15] [INFO] [1729090727.735269139] [ccr_centralized_planner]: Sent plan [35, 50, 51, 53, 39, 55, 56, 57, 5, 1] to robotA
[ccr_centralized_planner-15] [INFO] [1729090727.839137917] [ccr_centralized_planner]: Received state 35 from robotA
[ccr_centralized_planner-15] [INFO] [1729090727.934498525] [ccr_centralized_planner]: 
[ccr_centralized_planner-15] 
[ccr_centralized_planner-15]  did not replan 
[ccr_centralized_planner-15] 
[ccr_centralized_planner-15] [INFO] [1729090727.935226948] [ccr_centralized_planner]: Sent plan [35, 50, 51, 53, 39, 55, 56, 57, 5, 1] to robotA
[ccr_centralized_planner-15] [INFO] [1729090728.037917701] [ccr_centralized_planner]: Received state 35 from robotA
[ccr_centralized_planner-15] [INFO] [1729090728.135620685] [ccr_centralized_planner]: 
[ccr_centralized_planner-15] 
[ccr_centralized_planner-15]  did not replan 
[ccr_centralized_planner-15] 
[ccr_centralized_planner-15] [INFO] [1729090728.136439638] [ccr_centralized_planner]: Sent plan [35, 50, 51, 53, 39, 55, 56, 57, 5, 1] to robotA
[ccr_centralized_planner-15] [INFO] [1729090728.237726401] [ccr_centralized_planner]: Received state 35 from robotA
[ccr_centralized_planner-15] [INFO] [1729090728.435720235] [ccr_centralized_planner]: 
[ccr_centralized_planner-15] 
[ccr_centralized_planner-15]  did not replan 
[ccr_centralized_planner-15] 
[ccr_centralized_planner-15] [INFO] [1729090728.436277268] [ccr_centralized_planner]: Sent plan [35, 50, 51, 53, 39, 55, 56, 57, 5, 1] to robotA
[ccr_centralized_planner-15] [INFO] [1729090728.438101072] [ccr_centralized_planner]: Received state 35 from robotA
[ccr_centralized_planner-15] [INFO] [1729090728.636022790] [ccr_centralized_planner]: 
[ccr_centralized_planner-15] 
[ccr_centralized_planner-15]  did not replan 
[ccr_centralized_planner-15] 
[ccr_centralized_planner-15] [INFO] [1729090728.636785979] [ccr_centralized_planner]: Sent plan [35, 50, 51, 53, 39, 55, 56, 57, 5, 1] to robotA
[ccr_centralized_planner-15] [INFO] [1729090728.638046399] [ccr_centralized_planner]: Received state 35 from robotA
[ccr_centralized_planner-15] [INFO] [1729090728.836361062] [ccr_centralized_planner]: 
[ccr_centralized_planner-15] 
[ccr_centralized_planner-15]  did not replan 
[ccr_centralized_planner-15] 
[ccr_centralized_planner-15] [INFO] [1729090728.837072013] [ccr_centralized_planner]: Sent plan [35, 50, 51, 53, 39, 55, 56, 57, 5, 1] to robotA
[ccr_centralized_planner-15] [INFO] [1729090728.838644507] [ccr_centralized_planner]: Received state 35 from robotA
[ccr_centralized_planner-15] [INFO] [1729090729.036859905] [ccr_centralized_planner]: 
[ccr_centralized_planner-15] 
[ccr_centralized_planner-15]  did not replan 
[ccr_centralized_planner-15] 
[ccr_centralized_planner-15] [INFO] [1729090729.037563843] [ccr_centralized_planner]: Sent plan [35, 50, 51, 53, 39, 55, 56, 57, 5, 1] to robotA
[ccr_local_planner-14] [INFO] [1729090729.038811078] [robotA.ccr_local_planner]: new state 50
[ccr_centralized_planner-15] [INFO] [1729090729.038843028] [ccr_centralized_planner]: Received state 50 from robotA
[ccr_centralized_planner-15] [INFO] [1729090729.237182568] [ccr_centralized_planner]: 
[ccr_centralized_planner-15] 
[ccr_centralized_planner-15]  did not replan 
[ccr_centralized_planner-15] 
[ccr_centralized_planner-15] [INFO] [1729090729.237869264] [ccr_centralized_planner]: Sent plan [50, 51, 53, 39, 55, 56, 57, 5, 1] to robotA
[ccr_centralized_planner-15] [INFO] [1729090729.239261591] [ccr_centralized_planner]: Received state 50 from robotA
[ccr_local_planner-14] [INFO] [1729090729.269441878] [robotA.ccr_local_planner]: new plan: [50, 51, 53], remainder: [39, 55, 56, 57, 5, 1]
[ccr_centralized_planner-15] [INFO] [1729090729.437647918] [ccr_centralized_planner]: 
[ccr_centralized_planner-15] 
[ccr_centralized_planner-15]  did not replan 
[ccr_centralized_planner-15] 
[ccr_centralized_planner-15] [INFO] [1729090729.438444249] [ccr_centralized_planner]: Sent plan [50, 51, 53, 39, 55, 56, 57, 5, 1] to robotA
[ccr_centralized_planner-15] [INFO] [1729090729.439948767] [ccr_centralized_planner]: Received state 50 from robotA
[ccr_centralized_planner-15] [INFO] [1729090729.637721766] [ccr_centralized_planner]: 
[ccr_centralized_planner-15] 
[ccr_centralized_planner-15]  did not replan 
[ccr_centralized_planner-15] 
[ccr_centralized_planner-15] [INFO] [1729090729.638572599] [ccr_centralized_planner]: Sent plan [50, 51, 53, 39, 55, 56, 57, 5, 1] to robotA
[ccr_centralized_planner-15] [INFO] [1729090729.639489085] [ccr_centralized_planner]: Received state 50 from robotA
[ccr_centralized_planner-15] [INFO] [1729090729.838006718] [ccr_centralized_planner]: 
[ccr_centralized_planner-15] 
[ccr_centralized_planner-15]  did not replan 
[ccr_centralized_planner-15] 
[command_node-3] [INFO] [1729090729.838072872] [command_node]: robotA: running
[ccr_centralized_planner-15] [INFO] [1729090729.838623362] [ccr_centralized_planner]: Sent plan [50, 51, 53, 39, 55, 56, 57, 5, 1] to robotA
[ccr_centralized_planner-15] [INFO] [1729090729.839318143] [ccr_centralized_planner]: Received state 50 from robotA
[ccr_centralized_planner-15] [INFO] [1729090730.038600338] [ccr_centralized_planner]: 
[ccr_centralized_planner-15] 
[ccr_centralized_planner-15]  did not replan 
[ccr_centralized_planner-15] 
[ccr_centralized_planner-15] [INFO] [1729090730.039478953] [ccr_centralized_planner]: Sent plan [50, 51, 53, 39, 55, 56, 57, 5, 1] to robotA
[ccr_centralized_planner-15] [INFO] [1729090730.043701289] [ccr_centralized_planner]: Received state 50 from robotA
[ccr_centralized_planner-15] [INFO] [1729090730.238702268] [ccr_centralized_planner]: 
[ccr_centralized_planner-15] 
[ccr_centralized_planner-15]  did not replan 
[ccr_centralized_planner-15] 
[ccr_centralized_planner-15] [INFO] [1729090730.239550556] [ccr_centralized_planner]: Sent plan [50, 51, 53, 39, 55, 56, 57, 5, 1] to robotA
[ccr_local_planner-14] [INFO] [1729090730.247495892] [robotA.ccr_local_planner]: new state 51
[ccr_centralized_planner-15] [INFO] [1729090730.247660941] [ccr_centralized_planner]: Received state 51 from robotA
[ccr_centralized_planner-15] [INFO] [1729090730.439292181] [ccr_centralized_planner]: 
[ccr_centralized_planner-15] 
[ccr_centralized_planner-15]  did not replan 
[ccr_centralized_planner-15] 
[ccr_centralized_planner-15] [INFO] [1729090730.440157892] [ccr_centralized_planner]: Sent plan [51, 53, 39, 55, 56, 57, 5, 1] to robotA
[ccr_centralized_planner-15] [INFO] [1729090730.441050644] [ccr_centralized_planner]: Received state 51 from robotA
[ccr_local_planner-14] [INFO] [1729090730.466116155] [robotA.ccr_local_planner]: new plan: [51, 53, 39], remainder: [55, 56, 57, 5, 1]
[ccr_centralized_planner-15] [INFO] [1729090730.639684324] [ccr_centralized_planner]: 
[ccr_centralized_planner-15] 
[ccr_centralized_planner-15]  did not replan 
[ccr_centralized_planner-15] 
[ccr_centralized_planner-15] [INFO] [1729090730.640449477] [ccr_centralized_planner]: Sent plan [51, 53, 39, 55, 56, 57, 5, 1] to robotA
[ccr_centralized_planner-15] [INFO] [1729090730.641907326] [ccr_centralized_planner]: Received state 51 from robotA
[ccr_centralized_planner-15] [INFO] [1729090730.840292697] [ccr_centralized_planner]: 
[ccr_centralized_planner-15] 
[ccr_centralized_planner-15]  did not replan 
[ccr_centralized_planner-15] 
[ccr_centralized_planner-15] [INFO] [1729090730.841039826] [ccr_centralized_planner]: Sent plan [51, 53, 39, 55, 56, 57, 5, 1] to robotA
[ccr_centralized_planner-15] [INFO] [1729090730.842848712] [ccr_centralized_planner]: Received state 51 from robotA
[ccr_centralized_planner-15] [INFO] [1729090731.040913261] [ccr_centralized_planner]: 
[ccr_centralized_planner-15] 
[ccr_centralized_planner-15]  did not replan 
[ccr_centralized_planner-15] 
[ccr_centralized_planner-15] [INFO] [1729090731.041732896] [ccr_centralized_planner]: Sent plan [51, 53, 39, 55, 56, 57, 5, 1] to robotA
[ccr_centralized_planner-15] [INFO] [1729090731.042990451] [ccr_centralized_planner]: Received state 51 from robotA
[ccr_centralized_planner-15] [INFO] [1729090731.240972456] [ccr_centralized_planner]: 
[ccr_centralized_planner-15] 
[ccr_centralized_planner-15]  did not replan 
[ccr_centralized_planner-15] 
[ccr_centralized_planner-15] [INFO] [1729090731.241727359] [ccr_centralized_planner]: Sent plan [51, 53, 39, 55, 56, 57, 5, 1] to robotA
[ccr_centralized_planner-15] [INFO] [1729090731.242580406] [ccr_centralized_planner]: Received state 51 from robotA
[ccr_centralized_planner-15] [INFO] [1729090731.441865661] [ccr_centralized_planner]: 
[ccr_centralized_planner-15] 
[ccr_centralized_planner-15]  did not replan 
[ccr_centralized_planner-15] 
[ccr_centralized_planner-15] [INFO] [1729090731.442822002] [ccr_centralized_planner]: Sent plan [51, 53, 39, 55, 56, 57, 5, 1] to robotA
[ccr_centralized_planner-15] [INFO] [1729090731.443766760] [ccr_centralized_planner]: Received state 51 from robotA
[ccr_centralized_planner-15] [INFO] [1729090731.641478239] [ccr_centralized_planner]: 
[ccr_centralized_planner-15] 
[ccr_centralized_planner-15]  did not replan 
[ccr_centralized_planner-15] 
[ccr_centralized_planner-15] [INFO] [1729090731.641887836] [ccr_centralized_planner]: Sent plan [51, 53, 39, 55, 56, 57, 5, 1] to robotA
[ccr_centralized_planner-15] [INFO] [1729090731.642563411] [ccr_centralized_planner]: Received state 51 from robotA
[ccr_centralized_planner-15] [INFO] [1729090731.842318676] [ccr_centralized_planner]: 
[ccr_centralized_planner-15] 
[ccr_centralized_planner-15]  did not replan 
[ccr_centralized_planner-15] 
[command_node-3] [INFO] [1729090731.842410247] [command_node]: robotA: running
[ccr_centralized_planner-15] [INFO] [1729090731.843073799] [ccr_centralized_planner]: Sent plan [51, 53, 39, 55, 56, 57, 5, 1] to robotA
[ccr_centralized_planner-15] [INFO] [1729090731.843926205] [ccr_centralized_planner]: Received state 51 from robotA
[ccr_centralized_planner-15] [INFO] [1729090732.042334319] [ccr_centralized_planner]: 
[ccr_centralized_planner-15] 
[ccr_centralized_planner-15]  did not replan 
[ccr_centralized_planner-15] 
[ccr_centralized_planner-15] [INFO] [1729090732.043124137] [ccr_centralized_planner]: Sent plan [51, 53, 39, 55, 56, 57, 5, 1] to robotA
[ccr_centralized_planner-15] [INFO] [1729090732.047420221] [ccr_centralized_planner]: Received state 51 from robotA
[ccr_centralized_planner-15] [INFO] [1729090732.242514308] [ccr_centralized_planner]: 
[ccr_centralized_planner-15] 
[ccr_centralized_planner-15]  did not replan 
[ccr_centralized_planner-15] 
[ccr_centralized_planner-15] [INFO] [1729090732.243221422] [ccr_centralized_planner]: Sent plan [51, 53, 39, 55, 56, 57, 5, 1] to robotA
[ccr_centralized_planner-15] [INFO] [1729090732.254130167] [ccr_centralized_planner]: Received state 51 from robotA
[ccr_centralized_planner-15] [INFO] [1729090732.442835273] [ccr_centralized_planner]: 
[ccr_centralized_planner-15] 
[ccr_centralized_planner-15]  did not replan 
[ccr_centralized_planner-15] 
[ccr_centralized_planner-15] [INFO] [1729090732.443572343] [ccr_centralized_planner]: Sent plan [51, 53, 39, 55, 56, 57, 5, 1] to robotA
[ccr_local_planner-14] [INFO] [1729090732.444936136] [robotA.ccr_local_planner]: new state 53
[ccr_centralized_planner-15] [INFO] [1729090732.444960943] [ccr_centralized_planner]: Received state 53 from robotA
[ccr_centralized_planner-15] [INFO] [1729090732.643317328] [ccr_centralized_planner]: 
[ccr_centralized_planner-15] 
[ccr_centralized_planner-15]  did not replan 
[ccr_centralized_planner-15] 
[ccr_centralized_planner-15] [INFO] [1729090732.644060830] [ccr_centralized_planner]: Sent plan [53, 39, 55, 56, 57, 5, 1] to robotA
[ccr_centralized_planner-15] [INFO] [1729090732.645462374] [ccr_centralized_planner]: Received state 53 from robotA
[ccr_local_planner-14] [INFO] [1729090732.663263393] [robotA.ccr_local_planner]: new plan: [53, 39, 55], remainder: [56, 57, 5, 1]
[ccr_centralized_planner-15] [INFO] [1729090732.843441434] [ccr_centralized_planner]: 
[ccr_centralized_planner-15] 
[ccr_centralized_planner-15]  did not replan 
[ccr_centralized_planner-15] 
[ccr_centralized_planner-15] [INFO] [1729090732.844164969] [ccr_centralized_planner]: Sent plan [53, 39, 55, 56, 57, 5, 1] to robotA
[ccr_centralized_planner-15] [INFO] [1729090732.946163131] [ccr_centralized_planner]: Received state 53 from robotA
[ccr_centralized_planner-15] [INFO] [1729090733.043706744] [ccr_centralized_planner]: 
[ccr_centralized_planner-15] 
[ccr_centralized_planner-15]  did not replan 
[ccr_centralized_planner-15] 
[ccr_centralized_planner-15] [INFO] [1729090733.044294394] [ccr_centralized_planner]: Sent plan [53, 39, 55, 56, 57, 5, 1] to robotA
[ccr_centralized_planner-15] [INFO] [1729090733.152474151] [ccr_centralized_planner]: Received state 53 from robotA
[ccr_centralized_planner-15] [INFO] [1729090733.244184121] [ccr_centralized_planner]: 
[ccr_centralized_planner-15] 
[ccr_centralized_planner-15]  did not replan 
[ccr_centralized_planner-15] 
[ccr_centralized_planner-15] [INFO] [1729090733.245010528] [ccr_centralized_planner]: Sent plan [53, 39, 55, 56, 57, 5, 1] to robotA
[ccr_centralized_planner-15] [INFO] [1729090733.353142806] [ccr_centralized_planner]: Received state 53 from robotA
[ccr_centralized_planner-15] [INFO] [1729090733.444649205] [ccr_centralized_planner]: 
[ccr_centralized_planner-15] 
[ccr_centralized_planner-15]  did not replan 
[ccr_centralized_planner-15] 
[ccr_centralized_planner-15] [INFO] [1729090733.445370074] [ccr_centralized_planner]: Sent plan [53, 39, 55, 56, 57, 5, 1] to robotA
[ccr_centralized_planner-15] [INFO] [1729090733.546655913] [ccr_centralized_planner]: Received state 53 from robotA
[ccr_centralized_planner-15] [INFO] [1729090733.745092109] [ccr_centralized_planner]: 
[ccr_centralized_planner-15] 
[ccr_centralized_planner-15]  did not replan 
[ccr_centralized_planner-15] 
[ccr_centralized_planner-15] [INFO] [1729090733.745840320] [ccr_centralized_planner]: Sent plan [53, 39, 55, 56, 57, 5, 1] to robotA
[ccr_centralized_planner-15] [INFO] [1729090733.747514084] [ccr_centralized_planner]: Received state 53 from robotA
[ccr_centralized_planner-15] [INFO] [1729090733.945577180] [ccr_centralized_planner]: 
[ccr_centralized_planner-15] 
[ccr_centralized_planner-15]  did not replan 
[ccr_centralized_planner-15] 
[command_node-3] [INFO] [1729090733.945791141] [command_node]: robotA: running
[ccr_centralized_planner-15] [INFO] [1729090733.946330000] [ccr_centralized_planner]: Sent plan [53, 39, 55, 56, 57, 5, 1] to robotA
[ccr_centralized_planner-15] [INFO] [1729090733.948042005] [ccr_centralized_planner]: Received state 53 from robotA
[ccr_centralized_planner-15] [INFO] [1729090734.146045130] [ccr_centralized_planner]: 
[ccr_centralized_planner-15] 
[ccr_centralized_planner-15]  did not replan 
[ccr_centralized_planner-15] 
[ccr_centralized_planner-15] [INFO] [1729090734.146748356] [ccr_centralized_planner]: Sent plan [53, 39, 55, 56, 57, 5, 1] to robotA
[ccr_centralized_planner-15] [INFO] [1729090734.148437970] [ccr_centralized_planner]: Received state 53 from robotA
[ccr_centralized_planner-15] [INFO] [1729090734.346585364] [ccr_centralized_planner]: 
[ccr_centralized_planner-15] 
[ccr_centralized_planner-15]  did not replan 
[ccr_centralized_planner-15] 
[ccr_centralized_planner-15] [INFO] [1729090734.347649166] [ccr_centralized_planner]: Sent plan [53, 39, 55, 56, 57, 5, 1] to robotA
[ccr_centralized_planner-15] [INFO] [1729090734.348980228] [ccr_centralized_planner]: Received state 53 from robotA
[ccr_centralized_planner-15] [INFO] [1729090734.546730660] [ccr_centralized_planner]: 
[ccr_centralized_planner-15] 
[ccr_centralized_planner-15]  did not replan 
[ccr_centralized_planner-15] 
[ccr_centralized_planner-15] [INFO] [1729090734.547415402] [ccr_centralized_planner]: Sent plan [53, 39, 55, 56, 57, 5, 1] to robotA
[ccr_centralized_planner-15] [INFO] [1729090734.548999508] [ccr_centralized_planner]: Received state 53 from robotA
[ccr_centralized_planner-15] [INFO] [1729090734.747784015] [ccr_centralized_planner]: 
[ccr_centralized_planner-15] 
[ccr_centralized_planner-15]  did not replan 
[ccr_centralized_planner-15] 
[ccr_centralized_planner-15] [INFO] [1729090734.748589624] [ccr_centralized_planner]: Sent plan [53, 39, 55, 56, 57, 5, 1] to robotA
[ccr_centralized_planner-15] [INFO] [1729090734.750076418] [ccr_centralized_planner]: Received state 53 from robotA
[ccr_centralized_planner-15] [INFO] [1729090734.948178507] [ccr_centralized_planner]: 
[ccr_centralized_planner-15] 
[ccr_centralized_planner-15]  did not replan 
[ccr_centralized_planner-15] 
[ccr_centralized_planner-15] [INFO] [1729090734.948961683] [ccr_centralized_planner]: Sent plan [53, 39, 55, 56, 57, 5, 1] to robotA
[ccr_centralized_planner-15] [INFO] [1729090734.950864306] [ccr_centralized_planner]: Received state 53 from robotA
[ccr_centralized_planner-15] [INFO] [1729090735.148673588] [ccr_centralized_planner]: 
[ccr_centralized_planner-15] 
[ccr_centralized_planner-15]  did not replan 
[ccr_centralized_planner-15] 
[ccr_centralized_planner-15] [INFO] [1729090735.149351717] [ccr_centralized_planner]: Sent plan [53, 39, 55, 56, 57, 5, 1] to robotA
[ccr_local_planner-14] [INFO] [1729090735.149496558] [robotA.ccr_local_planner]: new state 39
[ccr_centralized_planner-15] [INFO] [1729090735.150133311] [ccr_centralized_planner]: Received state 39 from robotA
[ccr_centralized_planner-15] [INFO] [1729090735.349225163] [ccr_centralized_planner]: 
[ccr_centralized_planner-15] 
[ccr_centralized_planner-15]  did not replan 
[ccr_centralized_planner-15] 
[ccr_centralized_planner-15] [INFO] [1729090735.349980868] [ccr_centralized_planner]: Sent plan [39, 55, 56, 57, 5, 1] to robotA
[ccr_centralized_planner-15] [INFO] [1729090735.351851721] [ccr_centralized_planner]: Received state 39 from robotA
[ccr_local_planner-14] [INFO] [1729090735.375336131] [robotA.ccr_local_planner]: new plan: [39, 55, 56], remainder: [57, 5, 1]
[ccr_centralized_planner-15] [INFO] [1729090735.549475045] [ccr_centralized_planner]: 
[ccr_centralized_planner-15] 
[ccr_centralized_planner-15]  did not replan 
[ccr_centralized_planner-15] 
[ccr_centralized_planner-15] [INFO] [1729090735.550027789] [ccr_centralized_planner]: Sent plan [39, 55, 56, 57, 5, 1] to robotA
[ccr_centralized_planner-15] [INFO] [1729090735.552405231] [ccr_centralized_planner]: Received state 39 from robotA
[ccr_centralized_planner-15] [INFO] [1729090735.750187311] [ccr_centralized_planner]: 
[ccr_centralized_planner-15] 
[ccr_centralized_planner-15]  did not replan 
[ccr_centralized_planner-15] 
[ccr_centralized_planner-15] [INFO] [1729090735.751088608] [ccr_centralized_planner]: Sent plan [39, 55, 56, 57, 5, 1] to robotA
[ccr_centralized_planner-15] [INFO] [1729090735.755449203] [ccr_centralized_planner]: Received state 39 from robotA
[ccr_centralized_planner-15] [INFO] [1729090735.950714912] [ccr_centralized_planner]: 
[ccr_centralized_planner-15] 
[ccr_centralized_planner-15]  did not replan 
[ccr_centralized_planner-15] 
[command_node-3] [INFO] [1729090735.950806374] [command_node]: robotA: running
[ccr_centralized_planner-15] [INFO] [1729090735.951865737] [ccr_centralized_planner]: Sent plan [39, 55, 56, 57, 5, 1] to robotA
[ccr_centralized_planner-15] [INFO] [1729090735.953739525] [ccr_centralized_planner]: Received state 39 from robotA
[ccr_centralized_planner-15] [INFO] [1729090736.151004057] [ccr_centralized_planner]: 
[ccr_centralized_planner-15] 
[ccr_centralized_planner-15]  did not replan 
[ccr_centralized_planner-15] 
[ccr_centralized_planner-15] [INFO] [1729090736.151737460] [ccr_centralized_planner]: Sent plan [39, 55, 56, 57, 5, 1] to robotA
[ccr_local_planner-14] [INFO] [1729090736.153402888] [robotA.ccr_local_planner]: new state 55
[ccr_centralized_planner-15] [INFO] [1729090736.153532601] [ccr_centralized_planner]: Received state 55 from robotA
[ccr_centralized_planner-15] [INFO] [1729090736.351610866] [ccr_centralized_planner]: 
[ccr_centralized_planner-15] 
[ccr_centralized_planner-15]  did not replan 
[ccr_centralized_planner-15] 
[ccr_centralized_planner-15] [INFO] [1729090736.352332618] [ccr_centralized_planner]: Sent plan [55, 56, 57, 5, 1] to robotA
[ccr_centralized_planner-15] [INFO] [1729090736.353716509] [ccr_centralized_planner]: Received state 55 from robotA
[ccr_local_planner-14] [INFO] [1729090736.417784614] [robotA.ccr_local_planner]: new plan: [55, 56, 57], remainder: [5, 1]
[ccr_centralized_planner-15] [INFO] [1729090736.552166409] [ccr_centralized_planner]: 
[ccr_centralized_planner-15] 
[ccr_centralized_planner-15]  did not replan 
[ccr_centralized_planner-15] 
[ccr_centralized_planner-15] [INFO] [1729090736.553138099] [ccr_centralized_planner]: Sent plan [55, 56, 57, 5, 1] to robotA
[ccr_centralized_planner-15] [INFO] [1729090736.554286399] [ccr_centralized_planner]: Received state 55 from robotA
[ccr_centralized_planner-15] [INFO] [1729090736.752417874] [ccr_centralized_planner]: 
[ccr_centralized_planner-15] 
[ccr_centralized_planner-15]  did not replan 
[ccr_centralized_planner-15] 
[ccr_centralized_planner-15] [INFO] [1729090736.753337105] [ccr_centralized_planner]: Sent plan [55, 56, 57, 5, 1] to robotA
[ccr_centralized_planner-15] [INFO] [1729090736.754996071] [ccr_centralized_planner]: Received state 55 from robotA
[ccr_centralized_planner-15] [INFO] [1729090736.952818326] [ccr_centralized_planner]: 
[ccr_centralized_planner-15] 
[ccr_centralized_planner-15]  did not replan 
[ccr_centralized_planner-15] 
[ccr_centralized_planner-15] [INFO] [1729090736.953758056] [ccr_centralized_planner]: Sent plan [55, 56, 57, 5, 1] to robotA
[ccr_centralized_planner-15] [INFO] [1729090736.954885817] [ccr_centralized_planner]: Received state 55 from robotA
[ccr_centralized_planner-15] [INFO] [1729090737.153337402] [ccr_centralized_planner]: 
[ccr_centralized_planner-15] 
[ccr_centralized_planner-15]  did not replan 
[ccr_centralized_planner-15] 
[ccr_centralized_planner-15] [INFO] [1729090737.154116220] [ccr_centralized_planner]: Sent plan [55, 56, 57, 5, 1] to robotA
[ccr_centralized_planner-15] [INFO] [1729090737.155576153] [ccr_centralized_planner]: Received state 55 from robotA
[ccr_centralized_planner-15] [INFO] [1729090737.353775184] [ccr_centralized_planner]: 
[ccr_centralized_planner-15] 
[ccr_centralized_planner-15]  did not replan 
[ccr_centralized_planner-15] 
[ccr_centralized_planner-15] [INFO] [1729090737.354549113] [ccr_centralized_planner]: Sent plan [55, 56, 57, 5, 1] to robotA
[ccr_centralized_planner-15] [INFO] [1729090737.355449810] [ccr_centralized_planner]: Received state 55 from robotA
[ccr_centralized_planner-15] [INFO] [1729090737.554055282] [ccr_centralized_planner]: 
[ccr_centralized_planner-15] 
[ccr_centralized_planner-15]  did not replan 
[ccr_centralized_planner-15] 
[ccr_centralized_planner-15] [INFO] [1729090737.554676065] [ccr_centralized_planner]: Sent plan [55, 56, 57, 5, 1] to robotA
[ccr_centralized_planner-15] [INFO] [1729090737.556904206] [ccr_centralized_planner]: Received state 55 from robotA
[ccr_centralized_planner-15] [INFO] [1729090737.754398237] [ccr_centralized_planner]: 
[ccr_centralized_planner-15] 
[ccr_centralized_planner-15]  did not replan 
[ccr_centralized_planner-15] 
[ccr_centralized_planner-15] [INFO] [1729090737.755118746] [ccr_centralized_planner]: Sent plan [55, 56, 57, 5, 1] to robotA
[ccr_centralized_planner-15] [INFO] [1729090737.756779776] [ccr_centralized_planner]: Received state 55 from robotA
[ccr_centralized_planner-15] [INFO] [1729090737.954556227] [ccr_centralized_planner]: 
[ccr_centralized_planner-15] 
[ccr_centralized_planner-15]  did not replan 
[ccr_centralized_planner-15] 
[command_node-3] [INFO] [1729090737.954686370] [command_node]: robotA: running
[ccr_centralized_planner-15] [INFO] [1729090737.955264152] [ccr_centralized_planner]: Sent plan [55, 56, 57, 5, 1] to robotA
[ccr_centralized_planner-15] [INFO] [1729090737.958367513] [ccr_centralized_planner]: Received state 55 from robotA
[ccr_centralized_planner-15] [INFO] [1729090738.155197290] [ccr_centralized_planner]: 
[ccr_centralized_planner-15] 
[ccr_centralized_planner-15]  did not replan 
[ccr_centralized_planner-15] 
[ccr_centralized_planner-15] [INFO] [1729090738.155897360] [ccr_centralized_planner]: Sent plan [55, 56, 57, 5, 1] to robotA
[ccr_centralized_planner-15] [INFO] [1729090738.160348945] [ccr_centralized_planner]: Received state 55 from robotA
[ccr_centralized_planner-15] [INFO] [1729090738.355413168] [ccr_centralized_planner]: 
[ccr_centralized_planner-15] 
[ccr_centralized_planner-15]  did not replan 
[ccr_centralized_planner-15] 
[ccr_centralized_planner-15] [INFO] [1729090738.356143886] [ccr_centralized_planner]: Sent plan [55, 56, 57, 5, 1] to robotA
[ccr_centralized_planner-15] [INFO] [1729090738.365249394] [ccr_centralized_planner]: Received state 55 from robotA
[ccr_centralized_planner-15] [INFO] [1729090738.555767945] [ccr_centralized_planner]: 
[ccr_centralized_planner-15] 
[ccr_centralized_planner-15]  did not replan 
[ccr_centralized_planner-15] 
[ccr_centralized_planner-15] [INFO] [1729090738.556490588] [ccr_centralized_planner]: Sent plan [55, 56, 57, 5, 1] to robotA
[ccr_centralized_planner-15] [INFO] [1729090738.558658527] [ccr_centralized_planner]: Received state 55 from robotA
[ccr_centralized_planner-15] [INFO] [1729090738.756218973] [ccr_centralized_planner]: 
[ccr_centralized_planner-15] 
[ccr_centralized_planner-15]  did not replan 
[ccr_centralized_planner-15] 
[ccr_centralized_planner-15] [INFO] [1729090738.757245144] [ccr_centralized_planner]: Sent plan [55, 56, 57, 5, 1] to robotA
[ccr_local_planner-14] [INFO] [1729090738.856976583] [robotA.ccr_local_planner]: new state 56
[ccr_centralized_planner-15] [INFO] [1729090738.857342428] [ccr_centralized_planner]: Received state 56 from robotA
[ccr_centralized_planner-15] [INFO] [1729090738.956939635] [ccr_centralized_planner]: 
[ccr_centralized_planner-15] 
[ccr_centralized_planner-15]  did not replan 
[ccr_centralized_planner-15] 
[ccr_centralized_planner-15] [INFO] [1729090738.957925260] [ccr_centralized_planner]: Sent plan [56, 57, 5, 1] to robotA
[ccr_local_planner-14] [INFO] [1729090738.958233798] [robotA.ccr_local_planner]: new plan: [56, 57, 5], remainder: [1]
[ccr_centralized_planner-15] [INFO] [1729090739.058732283] [ccr_centralized_planner]: Received state 56 from robotA
[ccr_centralized_planner-15] [INFO] [1729090739.157080001] [ccr_centralized_planner]: 
[ccr_centralized_planner-15] 
[ccr_centralized_planner-15]  did not replan 
[ccr_centralized_planner-15] 
[ccr_centralized_planner-15] [INFO] [1729090739.157787546] [ccr_centralized_planner]: Sent plan [56, 57, 5, 1] to robotA
[ccr_centralized_planner-15] [INFO] [1729090739.258812977] [ccr_centralized_planner]: Received state 56 from robotA
[ccr_centralized_planner-15] [INFO] [1729090739.357454455] [ccr_centralized_planner]: 
[ccr_centralized_planner-15] 
[ccr_centralized_planner-15]  did not replan 
[ccr_centralized_planner-15] 
[ccr_centralized_planner-15] [INFO] [1729090739.358160397] [ccr_centralized_planner]: Sent plan [56, 57, 5, 1] to robotA
[ccr_centralized_planner-15] [INFO] [1729090739.462930931] [ccr_centralized_planner]: Received state 56 from robotA
[ccr_centralized_planner-15] [INFO] [1729090739.557978700] [ccr_centralized_planner]: 
[ccr_centralized_planner-15] 
[ccr_centralized_planner-15]  did not replan 
[ccr_centralized_planner-15] 
[ccr_centralized_planner-15] [INFO] [1729090739.558688780] [ccr_centralized_planner]: Sent plan [56, 57, 5, 1] to robotA
[ccr_centralized_planner-15] [INFO] [1729090739.666900045] [ccr_centralized_planner]: Received state 56 from robotA
[ccr_centralized_planner-15] [INFO] [1729090739.758680848] [ccr_centralized_planner]: 
[ccr_centralized_planner-15] 
[ccr_centralized_planner-15]  did not replan 
[ccr_centralized_planner-15] 
[ccr_centralized_planner-15] [INFO] [1729090739.759463483] [ccr_centralized_planner]: Sent plan [56, 57, 5, 1] to robotA
[ccr_centralized_planner-15] [INFO] [1729090739.861482345] [ccr_centralized_planner]: Received state 56 from robotA
[ccr_centralized_planner-15] [INFO] [1729090739.959013975] [ccr_centralized_planner]: 
[ccr_centralized_planner-15] 
[ccr_centralized_planner-15]  did not replan 
[ccr_centralized_planner-15] 
[command_node-3] [INFO] [1729090739.959148597] [command_node]: robotA: running
[ccr_centralized_planner-15] [INFO] [1729090739.960011503] [ccr_centralized_planner]: Sent plan [56, 57, 5, 1] to robotA
[ccr_centralized_planner-15] [INFO] [1729090740.062081700] [ccr_centralized_planner]: Received state 56 from robotA
[ccr_centralized_planner-15] [INFO] [1729090740.259564210] [ccr_centralized_planner]: 
[ccr_centralized_planner-15] 
[ccr_centralized_planner-15]  did not replan 
[ccr_centralized_planner-15] 
[ccr_centralized_planner-15] [INFO] [1729090740.260182468] [ccr_centralized_planner]: Sent plan [56, 57, 5, 1] to robotA
[ccr_centralized_planner-15] [INFO] [1729090740.262230252] [ccr_centralized_planner]: Received state 56 from robotA
[ccr_centralized_planner-15] [INFO] [1729090740.460297877] [ccr_centralized_planner]: 
[ccr_centralized_planner-15] 
[ccr_centralized_planner-15]  did not replan 
[ccr_centralized_planner-15] 
[ccr_centralized_planner-15] [INFO] [1729090740.460989762] [ccr_centralized_planner]: Sent plan [56, 57, 5, 1] to robotA
[ccr_centralized_planner-15] [INFO] [1729090740.462503076] [ccr_centralized_planner]: Received state 56 from robotA
[ccr_centralized_planner-15] [INFO] [1729090740.661310316] [ccr_centralized_planner]: 
[ccr_centralized_planner-15] 
[ccr_centralized_planner-15]  did not replan 
[ccr_centralized_planner-15] 
[ccr_centralized_planner-15] [INFO] [1729090740.662164686] [ccr_centralized_planner]: Sent plan [56, 57, 5, 1] to robotA
[ccr_centralized_planner-15] [INFO] [1729090740.663357579] [ccr_centralized_planner]: Received state 56 from robotA
[ccr_centralized_planner-15] [INFO] [1729090740.861457344] [ccr_centralized_planner]: 
[ccr_centralized_planner-15] 
[ccr_centralized_planner-15]  did not replan 
[ccr_centralized_planner-15] 
[ccr_centralized_planner-15] [INFO] [1729090740.862173916] [ccr_centralized_planner]: Sent plan [56, 57, 5, 1] to robotA
[ccr_centralized_planner-15] [INFO] [1729090740.863948418] [ccr_centralized_planner]: Received state 56 from robotA
[ccr_centralized_planner-15] [INFO] [1729090741.061995565] [ccr_centralized_planner]: 
[ccr_centralized_planner-15] 
[ccr_centralized_planner-15]  did not replan 
[ccr_centralized_planner-15] 
[ccr_centralized_planner-15] [INFO] [1729090741.062864532] [ccr_centralized_planner]: Sent plan [56, 57, 5, 1] to robotA
[ccr_centralized_planner-15] [INFO] [1729090741.064599721] [ccr_centralized_planner]: Received state 56 from robotA
[ccr_centralized_planner-15] [INFO] [1729090741.262446072] [ccr_centralized_planner]: 
[ccr_centralized_planner-15] 
[ccr_centralized_planner-15]  did not replan 
[ccr_centralized_planner-15] 
[ccr_centralized_planner-15] [INFO] [1729090741.263275324] [ccr_centralized_planner]: Sent plan [56, 57, 5, 1] to robotA
[ccr_centralized_planner-15] [INFO] [1729090741.264354455] [ccr_centralized_planner]: Received state 56 from robotA
[ccr_centralized_planner-15] [INFO] [1729090741.462553757] [ccr_centralized_planner]: 
[ccr_centralized_planner-15] 
[ccr_centralized_planner-15]  did not replan 
[ccr_centralized_planner-15] 
[ccr_centralized_planner-15] [INFO] [1729090741.463283653] [ccr_centralized_planner]: Sent plan [56, 57, 5, 1] to robotA
[ccr_local_planner-14] [INFO] [1729090741.465648211] [robotA.ccr_local_planner]: new state 57
[ccr_centralized_planner-15] [INFO] [1729090741.465678638] [ccr_centralized_planner]: Received state 57 from robotA
[ccr_centralized_planner-15] [INFO] [1729090741.662903865] [ccr_centralized_planner]: 
[ccr_centralized_planner-15] 
[ccr_centralized_planner-15]  did not replan 
[ccr_centralized_planner-15] 
[ccr_centralized_planner-15] [INFO] [1729090741.663712850] [ccr_centralized_planner]: Sent plan [57, 5, 1] to robotA
[ccr_centralized_planner-15] [INFO] [1729090741.665383788] [ccr_centralized_planner]: Received state 57 from robotA
[ccr_local_planner-14] [INFO] [1729090741.687392996] [robotA.ccr_local_planner]: new plan: [57, 5, 1]
[ccr_centralized_planner-15] [INFO] [1729090741.863178864] [ccr_centralized_planner]: 
[ccr_centralized_planner-15] 
[ccr_centralized_planner-15]  did not replan 
[ccr_centralized_planner-15] 
[ccr_centralized_planner-15] [INFO] [1729090741.864195307] [ccr_centralized_planner]: Sent plan [57, 5, 1] to robotA
[ccr_centralized_planner-15] [INFO] [1729090741.865899037] [ccr_centralized_planner]: Received state 57 from robotA
[command_node-3] [INFO] [1729090742.063807564] [command_node]: robotA: running
[ccr_centralized_planner-15] [INFO] [1729090742.063823263] [ccr_centralized_planner]: 
[ccr_centralized_planner-15] 
[ccr_centralized_planner-15]  did not replan 
[ccr_centralized_planner-15] 
[ccr_centralized_planner-15] [INFO] [1729090742.064850156] [ccr_centralized_planner]: Sent plan [57, 5, 1] to robotA
[ccr_centralized_planner-15] [INFO] [1729090742.070227404] [ccr_centralized_planner]: Received state 57 from robotA
[ccr_centralized_planner-15] [INFO] [1729090742.264153735] [ccr_centralized_planner]: 
[ccr_centralized_planner-15] 
[ccr_centralized_planner-15]  did not replan 
[ccr_centralized_planner-15] 
[ccr_centralized_planner-15] [INFO] [1729090742.264927564] [ccr_centralized_planner]: Sent plan [57, 5, 1] to robotA
[ccr_centralized_planner-15] [INFO] [1729090742.277717952] [ccr_centralized_planner]: Received state 57 from robotA
[ccr_centralized_planner-15] [INFO] [1729090742.464659525] [ccr_centralized_planner]: 
[ccr_centralized_planner-15] 
[ccr_centralized_planner-15]  did not replan 
[ccr_centralized_planner-15] 
[ccr_centralized_planner-15] [INFO] [1729090742.465464673] [ccr_centralized_planner]: Sent plan [57, 5, 1] to robotA
[ccr_centralized_planner-15] [INFO] [1729090742.466718099] [ccr_centralized_planner]: Received state 57 from robotA
[ccr_centralized_planner-15] [INFO] [1729090742.664884440] [ccr_centralized_planner]: 
[ccr_centralized_planner-15] 
[ccr_centralized_planner-15]  did not replan 
[ccr_centralized_planner-15] 
[ccr_centralized_planner-15] [INFO] [1729090742.665710086] [ccr_centralized_planner]: Sent plan [57, 5, 1] to robotA
[ccr_centralized_planner-15] [INFO] [1729090742.666692455] [ccr_centralized_planner]: Received state 57 from robotA
[ccr_centralized_planner-15] [INFO] [1729090742.865302385] [ccr_centralized_planner]: 
[ccr_centralized_planner-15] 
[ccr_centralized_planner-15]  did not replan 
[ccr_centralized_planner-15] 
[ccr_centralized_planner-15] [INFO] [1729090742.866180860] [ccr_centralized_planner]: Sent plan [57, 5, 1] to robotA
[ccr_centralized_planner-15] [INFO] [1729090742.867662714] [ccr_centralized_planner]: Received state 57 from robotA
[ccr_centralized_planner-15] [INFO] [1729090743.065372921] [ccr_centralized_planner]: 
[ccr_centralized_planner-15] 
[ccr_centralized_planner-15]  did not replan 
[ccr_centralized_planner-15] 
[ccr_centralized_planner-15] [INFO] [1729090743.066071349] [ccr_centralized_planner]: Sent plan [57, 5, 1] to robotA
[ccr_centralized_planner-15] [INFO] [1729090743.067637240] [ccr_centralized_planner]: Received state 57 from robotA
[ccr_centralized_planner-15] [INFO] [1729090743.266173943] [ccr_centralized_planner]: 
[ccr_centralized_planner-15] 
[ccr_centralized_planner-15]  did not replan 
[ccr_centralized_planner-15] 
[ccr_centralized_planner-15] [INFO] [1729090743.266924519] [ccr_centralized_planner]: Sent plan [57, 5, 1] to robotA
[ccr_centralized_planner-15] [INFO] [1729090743.268486543] [ccr_centralized_planner]: Received state 57 from robotA
[ccr_centralized_planner-15] [INFO] [1729090743.466755456] [ccr_centralized_planner]: 
[ccr_centralized_planner-15] 
[ccr_centralized_planner-15]  did not replan 
[ccr_centralized_planner-15] 
[ccr_centralized_planner-15] [INFO] [1729090743.467473420] [ccr_centralized_planner]: Sent plan [57, 5, 1] to robotA
[ccr_centralized_planner-15] [INFO] [1729090743.468572839] [ccr_centralized_planner]: Received state 57 from robotA
[ccr_centralized_planner-15] [INFO] [1729090743.666975130] [ccr_centralized_planner]: 
[ccr_centralized_planner-15] 
[ccr_centralized_planner-15]  did not replan 
[ccr_centralized_planner-15] 
[ccr_centralized_planner-15] [INFO] [1729090743.667954894] [ccr_centralized_planner]: Sent plan [57, 5, 1] to robotA
[ccr_centralized_planner-15] [INFO] [1729090743.668827899] [ccr_centralized_planner]: Received state 57 from robotA
[ccr_centralized_planner-15] [INFO] [1729090743.867283751] [ccr_centralized_planner]: 
[ccr_centralized_planner-15] 
[ccr_centralized_planner-15]  did not replan 
[ccr_centralized_planner-15] 
[ccr_centralized_planner-15] [INFO] [1729090743.868062770] [ccr_centralized_planner]: Sent plan [57, 5, 1] to robotA
[ccr_local_planner-14] [INFO] [1729090743.869075616] [robotA.ccr_local_planner]: new state 5
[ccr_centralized_planner-15] [INFO] [1729090743.869518486] [ccr_centralized_planner]: Received state 5 from robotA
[ccr_centralized_planner-15] [INFO] [1729090744.067431922] [ccr_centralized_planner]: 
[ccr_centralized_planner-15] 
[ccr_centralized_planner-15]  did not replan 
[ccr_centralized_planner-15] 
[command_node-3] [INFO] [1729090744.067616748] [command_node]: robotA: running
[ccr_centralized_planner-15] [INFO] [1729090744.068112736] [ccr_centralized_planner]: Sent plan [5, 1] to robotA
[ccr_local_planner-14] [INFO] [1729090744.068666173] [robotA.ccr_local_planner]: new plan: [5, 1]
[ccr_centralized_planner-15] [INFO] [1729090744.079828732] [ccr_centralized_planner]: Received state 5 from robotA
[ccr_centralized_planner-15] [INFO] [1729090744.268261298] [ccr_centralized_planner]: 
[ccr_centralized_planner-15] 
[ccr_centralized_planner-15]  did not replan 
[ccr_centralized_planner-15] 
[ccr_centralized_planner-15] [INFO] [1729090744.269182603] [ccr_centralized_planner]: Sent plan [5, 1] to robotA
[ccr_centralized_planner-15] [INFO] [1729090744.278346891] [ccr_centralized_planner]: Received state 5 from robotA
[ccr_centralized_planner-15] [INFO] [1729090744.468460855] [ccr_centralized_planner]: 
[ccr_centralized_planner-15] 
[ccr_centralized_planner-15]  did not replan 
[ccr_centralized_planner-15] 
[ccr_centralized_planner-15] [INFO] [1729090744.469292672] [ccr_centralized_planner]: Sent plan [5, 1] to robotA
[ccr_centralized_planner-15] [INFO] [1729090744.481367520] [ccr_centralized_planner]: Received state 5 from robotA
[ccr_centralized_planner-15] [INFO] [1729090744.668632209] [ccr_centralized_planner]: 
[ccr_centralized_planner-15] 
[ccr_centralized_planner-15]  did not replan 
[ccr_centralized_planner-15] 
[ccr_centralized_planner-15] [INFO] [1729090744.669421116] [ccr_centralized_planner]: Sent plan [5, 1] to robotA
[ccr_local_planner-14] [INFO] [1729090744.682647720] [robotA.ccr_local_planner]: new state 1
[ccr_centralized_planner-15] [INFO] [1729090744.683017272] [ccr_centralized_planner]: Received state 1 from robotA
[ccr_goal_provider-12] [INFO] [1729090744.683098494] [ccr_goal_provider]: [32mgoal completed:[0m robotA reached goal 1, going to goal 0 within state 9
[ccr_centralized_planner-15] [INFO] [1729090744.768757074] [ccr_centralized_planner]: Received goal 9 from robotA
[ccr_centralized_planner-15] [INFO] [1729090744.868567911] [ccr_centralized_planner]: 
[ccr_centralized_planner-15] 
[ccr_centralized_planner-15]  replaned due to new goal
[ccr_centralized_planner-15] 
[ccr_centralized_planner-15] [INFO] [1729090744.890132136] [ccr_centralized_planner]: Sent plan [1, 44, 45, 56, 55, 39, 53, 51, 32, 35, 10, 9] to robotA
[ccr_centralized_planner-15] [INFO] [1729090744.890586517] [ccr_centralized_planner]: Received state 1 from robotA
[ccr_local_planner-14] [INFO] [1729090744.900989866] [robotA.ccr_local_planner]: new plan: [1, 44, 45], remainder: [56, 55, 39, 53, 51, 32, 35, 10, 9]
[ccr_centralized_planner-15] [INFO] [1729090745.069066288] [ccr_centralized_planner]: 
[ccr_centralized_planner-15] 
[ccr_centralized_planner-15]  did not replan 
[ccr_centralized_planner-15] 
[ccr_centralized_planner-15] [INFO] [1729090745.069873119] [ccr_centralized_planner]: Sent plan [1, 44, 45, 56, 55, 39, 53, 51, 32, 35, 10, 9] to robotA
[ccr_centralized_planner-15] [INFO] [1729090745.071790759] [ccr_centralized_planner]: Received state 1 from robotA
[ccr_centralized_planner-15] [INFO] [1729090745.269306471] [ccr_centralized_planner]: 
[ccr_centralized_planner-15] 
[ccr_centralized_planner-15]  did not replan 
[ccr_centralized_planner-15] 
[ccr_centralized_planner-15] [INFO] [1729090745.270088685] [ccr_centralized_planner]: Sent plan [1, 44, 45, 56, 55, 39, 53, 51, 32, 35, 10, 9] to robotA
[ccr_centralized_planner-15] [INFO] [1729090745.375825098] [ccr_centralized_planner]: Received state 1 from robotA
[ccr_centralized_planner-15] [INFO] [1729090745.469747009] [ccr_centralized_planner]: 
[ccr_centralized_planner-15] 
[ccr_centralized_planner-15]  did not replan 
[ccr_centralized_planner-15] 
[ccr_centralized_planner-15] [INFO] [1729090745.470446920] [ccr_centralized_planner]: Sent plan [1, 44, 45, 56, 55, 39, 53, 51, 32, 35, 10, 9] to robotA
[ccr_centralized_planner-15] [INFO] [1729090745.578913052] [ccr_centralized_planner]: Received state 1 from robotA
[ccr_centralized_planner-15] [INFO] [1729090745.669818205] [ccr_centralized_planner]: 
[ccr_centralized_planner-15] 
[ccr_centralized_planner-15]  did not replan 
[ccr_centralized_planner-15] 
[ccr_centralized_planner-15] [INFO] [1729090745.670513687] [ccr_centralized_planner]: Sent plan [1, 44, 45, 56, 55, 39, 53, 51, 32, 35, 10, 9] to robotA
[ccr_centralized_planner-15] [INFO] [1729090745.784281908] [ccr_centralized_planner]: Received state 1 from robotA
[ccr_centralized_planner-15] [INFO] [1729090745.870558645] [ccr_centralized_planner]: 
[ccr_centralized_planner-15] 
[ccr_centralized_planner-15]  did not replan 
[ccr_centralized_planner-15] 
[ccr_centralized_planner-15] [INFO] [1729090745.871266140] [ccr_centralized_planner]: Sent plan [1, 44, 45, 56, 55, 39, 53, 51, 32, 35, 10, 9] to robotA
[ccr_centralized_planner-15] [INFO] [1729090745.985764987] [ccr_centralized_planner]: Received state 1 from robotA
[ccr_centralized_planner-15] [INFO] [1729090746.071073973] [ccr_centralized_planner]: 
[ccr_centralized_planner-15] 
[ccr_centralized_planner-15]  did not replan 
[ccr_centralized_planner-15] 
[command_node-3] [INFO] [1729090746.071080345] [command_node]: robotA: running
[ccr_centralized_planner-15] [INFO] [1729090746.071808338] [ccr_centralized_planner]: Sent plan [1, 44, 45, 56, 55, 39, 53, 51, 32, 35, 10, 9] to robotA
[ccr_centralized_planner-15] [INFO] [1729090746.191730821] [ccr_centralized_planner]: Received state 1 from robotA
[ccr_centralized_planner-15] [INFO] [1729090746.271572099] [ccr_centralized_planner]: 
[ccr_centralized_planner-15] 
[ccr_centralized_planner-15]  did not replan 
[ccr_centralized_planner-15] 
[ccr_centralized_planner-15] [INFO] [1729090746.272465041] [ccr_centralized_planner]: Sent plan [1, 44, 45, 56, 55, 39, 53, 51, 32, 35, 10, 9] to robotA
[ccr_centralized_planner-15] [INFO] [1729090746.374916673] [ccr_centralized_planner]: Received state 1 from robotA
[ccr_centralized_planner-15] [INFO] [1729090746.472890220] [ccr_centralized_planner]: 
[ccr_centralized_planner-15] 
[ccr_centralized_planner-15]  did not replan 
[ccr_centralized_planner-15] 
[ccr_centralized_planner-15] [INFO] [1729090746.473665301] [ccr_centralized_planner]: Sent plan [1, 44, 45, 56, 55, 39, 53, 51, 32, 35, 10, 9] to robotA
[ccr_centralized_planner-15] [INFO] [1729090746.575697318] [ccr_centralized_planner]: Received state 1 from robotA
[ccr_centralized_planner-15] [INFO] [1729090746.773236463] [ccr_centralized_planner]: 
[ccr_centralized_planner-15] 
[ccr_centralized_planner-15]  did not replan 
[ccr_centralized_planner-15] 
[ccr_centralized_planner-15] [INFO] [1729090746.773978522] [ccr_centralized_planner]: Sent plan [1, 44, 45, 56, 55, 39, 53, 51, 32, 35, 10, 9] to robotA
[ccr_centralized_planner-15] [INFO] [1729090746.775730002] [ccr_centralized_planner]: Received state 1 from robotA
[ccr_centralized_planner-15] [INFO] [1729090746.974498670] [ccr_centralized_planner]: 
[ccr_centralized_planner-15] 
[ccr_centralized_planner-15]  did not replan 
[ccr_centralized_planner-15] 
[ccr_centralized_planner-15] [INFO] [1729090746.975385019] [ccr_centralized_planner]: Sent plan [1, 44, 45, 56, 55, 39, 53, 51, 32, 35, 10, 9] to robotA
[ccr_centralized_planner-15] [INFO] [1729090746.976597149] [ccr_centralized_planner]: Received state 1 from robotA
[ccr_centralized_planner-15] [INFO] [1729090747.175011573] [ccr_centralized_planner]: 
[ccr_centralized_planner-15] 
[ccr_centralized_planner-15]  did not replan 
[ccr_centralized_planner-15] 
[ccr_centralized_planner-15] [INFO] [1729090747.175837359] [ccr_centralized_planner]: Sent plan [1, 44, 45, 56, 55, 39, 53, 51, 32, 35, 10, 9] to robotA
[ccr_local_planner-14] [INFO] [1729090747.177318973] [robotA.ccr_local_planner]: new state 44
[ccr_centralized_planner-15] [INFO] [1729090747.177374287] [ccr_centralized_planner]: Received state 44 from robotA
[ccr_centralized_planner-15] [INFO] [1729090747.374830939] [ccr_centralized_planner]: 
[ccr_centralized_planner-15] 
[ccr_centralized_planner-15]  did not replan 
[ccr_centralized_planner-15] 
[ccr_centralized_planner-15] [INFO] [1729090747.375644261] [ccr_centralized_planner]: Sent plan [44, 45, 56, 55, 39, 53, 51, 32, 35, 10, 9] to robotA
[ccr_centralized_planner-15] [INFO] [1729090747.378448652] [ccr_centralized_planner]: Received state 44 from robotA
[ccr_local_planner-14] [INFO] [1729090747.409840156] [robotA.ccr_local_planner]: new plan: [44, 45, 56], remainder: [55, 39, 53, 51, 32, 35, 10, 9]
[ccr_centralized_planner-15] [INFO] [1729090747.575074638] [ccr_centralized_planner]: 
[ccr_centralized_planner-15] 
[ccr_centralized_planner-15]  did not replan 
[ccr_centralized_planner-15] 
[ccr_centralized_planner-15] [INFO] [1729090747.575914590] [ccr_centralized_planner]: Sent plan [44, 45, 56, 55, 39, 53, 51, 32, 35, 10, 9] to robotA
[ccr_centralized_planner-15] [INFO] [1729090747.576879677] [ccr_centralized_planner]: Received state 44 from robotA
[ccr_centralized_planner-15] [INFO] [1729090747.775051087] [ccr_centralized_planner]: 
[ccr_centralized_planner-15] 
[ccr_centralized_planner-15]  did not replan 
[ccr_centralized_planner-15] 
[ccr_centralized_planner-15] [INFO] [1729090747.775773119] [ccr_centralized_planner]: Sent plan [44, 45, 56, 55, 39, 53, 51, 32, 35, 10, 9] to robotA
[ccr_centralized_planner-15] [INFO] [1729090747.776637838] [ccr_centralized_planner]: Received state 44 from robotA
[ccr_centralized_planner-15] [INFO] [1729090747.975258108] [ccr_centralized_planner]: 
[ccr_centralized_planner-15] 
[ccr_centralized_planner-15]  did not replan 
[ccr_centralized_planner-15] 
[ccr_centralized_planner-15] [INFO] [1729090747.975935826] [ccr_centralized_planner]: Sent plan [44, 45, 56, 55, 39, 53, 51, 32, 35, 10, 9] to robotA
[ccr_centralized_planner-15] [INFO] [1729090747.978198593] [ccr_centralized_planner]: Received state 44 from robotA
[ccr_centralized_planner-15] [INFO] [1729090748.175769148] [ccr_centralized_planner]: 
[ccr_centralized_planner-15] 
[ccr_centralized_planner-15]  did not replan 
[ccr_centralized_planner-15] 
[command_node-3] [INFO] [1729090748.175908669] [command_node]: robotA: running
[ccr_centralized_planner-15] [INFO] [1729090748.176518802] [ccr_centralized_planner]: Sent plan [44, 45, 56, 55, 39, 53, 51, 32, 35, 10, 9] to robotA
[ccr_centralized_planner-15] [INFO] [1729090748.177615385] [ccr_centralized_planner]: Received state 44 from robotA
[ccr_centralized_planner-15] [INFO] [1729090748.376347193] [ccr_centralized_planner]: 
[ccr_centralized_planner-15] 
[ccr_centralized_planner-15]  did not replan 
[ccr_centralized_planner-15] 
[ccr_centralized_planner-15] [INFO] [1729090748.377248080] [ccr_centralized_planner]: Sent plan [44, 45, 56, 55, 39, 53, 51, 32, 35, 10, 9] to robotA
[ccr_centralized_planner-15] [INFO] [1729090748.379877964] [ccr_centralized_planner]: Received state 44 from robotA
[ccr_centralized_planner-15] [INFO] [1729090748.576398954] [ccr_centralized_planner]: 
[ccr_centralized_planner-15] 
[ccr_centralized_planner-15]  did not replan 
[ccr_centralized_planner-15] 
[ccr_centralized_planner-15] [INFO] [1729090748.577098223] [ccr_centralized_planner]: Sent plan [44, 45, 56, 55, 39, 53, 51, 32, 35, 10, 9] to robotA
[ccr_centralized_planner-15] [INFO] [1729090748.581381362] [ccr_centralized_planner]: Received state 44 from robotA
[ccr_centralized_planner-15] [INFO] [1729090748.777218140] [ccr_centralized_planner]: 
[ccr_centralized_planner-15] 
[ccr_centralized_planner-15]  did not replan 
[ccr_centralized_planner-15] 
[ccr_centralized_planner-15] [INFO] [1729090748.778027165] [ccr_centralized_planner]: Sent plan [44, 45, 56, 55, 39, 53, 51, 32, 35, 10, 9] to robotA
[ccr_centralized_planner-15] [INFO] [1729090748.785319959] [ccr_centralized_planner]: Received state 44 from robotA
[ccr_centralized_planner-15] [INFO] [1729090748.977209297] [ccr_centralized_planner]: 
[ccr_centralized_planner-15] 
[ccr_centralized_planner-15]  did not replan 
[ccr_centralized_planner-15] 
[ccr_centralized_planner-15] [INFO] [1729090748.977993305] [ccr_centralized_planner]: Sent plan [44, 45, 56, 55, 39, 53, 51, 32, 35, 10, 9] to robotA
[ccr_centralized_planner-15] [INFO] [1729090748.991090898] [ccr_centralized_planner]: Received state 44 from robotA
[ccr_centralized_planner-15] [INFO] [1729090749.178245650] [ccr_centralized_planner]: 
[ccr_centralized_planner-15] 
[ccr_centralized_planner-15]  did not replan 
[ccr_centralized_planner-15] 
[ccr_centralized_planner-15] [INFO] [1729090749.179334038] [ccr_centralized_planner]: Sent plan [44, 45, 56, 55, 39, 53, 51, 32, 35, 10, 9] to robotA
[ccr_centralized_planner-15] [INFO] [1729090749.181077613] [ccr_centralized_planner]: Received state 44 from robotA
[ccr_centralized_planner-15] [INFO] [1729090749.378403229] [ccr_centralized_planner]: 
[ccr_centralized_planner-15] 
[ccr_centralized_planner-15]  did not replan 
[ccr_centralized_planner-15] 
[ccr_centralized_planner-15] [INFO] [1729090749.379479815] [ccr_centralized_planner]: Sent plan [44, 45, 56, 55, 39, 53, 51, 32, 35, 10, 9] to robotA
[ccr_centralized_planner-15] [INFO] [1729090749.380908069] [ccr_centralized_planner]: Received state 44 from robotA
[ccr_centralized_planner-15] [INFO] [1729090749.579043441] [ccr_centralized_planner]: 
[ccr_centralized_planner-15] 
[ccr_centralized_planner-15]  did not replan 
[ccr_centralized_planner-15] 
[ccr_centralized_planner-15] [INFO] [1729090749.580123833] [ccr_centralized_planner]: Sent plan [44, 45, 56, 55, 39, 53, 51, 32, 35, 10, 9] to robotA
[ccr_centralized_planner-15] [INFO] [1729090749.581864242] [ccr_centralized_planner]: Received state 44 from robotA
[ccr_centralized_planner-15] [INFO] [1729090749.778563856] [ccr_centralized_planner]: 
[ccr_centralized_planner-15] 
[ccr_centralized_planner-15]  did not replan 
[ccr_centralized_planner-15] 
[ccr_centralized_planner-15] [INFO] [1729090749.779358494] [ccr_centralized_planner]: Sent plan [44, 45, 56, 55, 39, 53, 51, 32, 35, 10, 9] to robotA
[ccr_centralized_planner-15] [INFO] [1729090749.781579392] [ccr_centralized_planner]: Received state 44 from robotA
[ccr_centralized_planner-15] [INFO] [1729090749.978879680] [ccr_centralized_planner]: 
[ccr_centralized_planner-15] 
[ccr_centralized_planner-15]  did not replan 
[ccr_centralized_planner-15] 
[ccr_centralized_planner-15] [INFO] [1729090749.979587466] [ccr_centralized_planner]: Sent plan [44, 45, 56, 55, 39, 53, 51, 32, 35, 10, 9] to robotA
[ccr_centralized_planner-15] [INFO] [1729090749.981362269] [ccr_centralized_planner]: Received state 45 from robotA
[ccr_local_planner-14] [INFO] [1729090749.981433011] [robotA.ccr_local_planner]: new state 45
[ccr_centralized_planner-15] [INFO] [1729090750.179404907] [ccr_centralized_planner]: 
[ccr_centralized_planner-15] 
[ccr_centralized_planner-15]  did not replan 
[ccr_centralized_planner-15] 
[command_node-3] [INFO] [1729090750.179436486] [command_node]: robotA: running
[ccr_centralized_planner-15] [INFO] [1729090750.180183866] [ccr_centralized_planner]: Sent plan [45, 56, 55, 39, 53, 51, 32, 35, 10, 9] to robotA
[ccr_centralized_planner-15] [INFO] [1729090750.182137433] [ccr_centralized_planner]: Received state 45 from robotA
[ccr_local_planner-14] [INFO] [1729090750.209685702] [robotA.ccr_local_planner]: new plan: [45, 56, 55], remainder: [39, 53, 51, 32, 35, 10, 9]
[ccr_centralized_planner-15] [INFO] [1729090750.380402899] [ccr_centralized_planner]: 
[ccr_centralized_planner-15] 
[ccr_centralized_planner-15]  did not replan 
[ccr_centralized_planner-15] 
[ccr_centralized_planner-15] [INFO] [1729090750.381164905] [ccr_centralized_planner]: Sent plan [45, 56, 55, 39, 53, 51, 32, 35, 10, 9] to robotA
[ccr_centralized_planner-15] [INFO] [1729090750.382271567] [ccr_centralized_planner]: Received state 45 from robotA
[ccr_centralized_planner-15] [INFO] [1729090750.580701151] [ccr_centralized_planner]: 
[ccr_centralized_planner-15] 
[ccr_centralized_planner-15]  did not replan 
[ccr_centralized_planner-15] 
[ccr_centralized_planner-15] [INFO] [1729090750.581480219] [ccr_centralized_planner]: Sent plan [45, 56, 55, 39, 53, 51, 32, 35, 10, 9] to robotA
[ccr_centralized_planner-15] [INFO] [1729090750.582428184] [ccr_centralized_planner]: Received state 45 from robotA
[ccr_centralized_planner-15] [INFO] [1729090750.780882433] [ccr_centralized_planner]: 
[ccr_centralized_planner-15] 
[ccr_centralized_planner-15]  did not replan 
[ccr_centralized_planner-15] 
[ccr_centralized_planner-15] [INFO] [1729090750.781511641] [ccr_centralized_planner]: Sent plan [45, 56, 55, 39, 53, 51, 32, 35, 10, 9] to robotA
[ccr_centralized_planner-15] [INFO] [1729090750.782768534] [ccr_centralized_planner]: Received state 45 from robotA
[ccr_centralized_planner-15] [INFO] [1729090750.981717861] [ccr_centralized_planner]: 
[ccr_centralized_planner-15] 
[ccr_centralized_planner-15]  did not replan 
[ccr_centralized_planner-15] 
[ccr_centralized_planner-15] [INFO] [1729090750.982564446] [ccr_centralized_planner]: Sent plan [45, 56, 55, 39, 53, 51, 32, 35, 10, 9] to robotA
[ccr_centralized_planner-15] [INFO] [1729090750.989134216] [ccr_centralized_planner]: Received state 45 from robotA
[ccr_centralized_planner-15] [INFO] [1729090751.182096352] [ccr_centralized_planner]: 
[ccr_centralized_planner-15] 
[ccr_centralized_planner-15]  did not replan 
[ccr_centralized_planner-15] 
[ccr_centralized_planner-15] [INFO] [1729090751.182973074] [ccr_centralized_planner]: Sent plan [45, 56, 55, 39, 53, 51, 32, 35, 10, 9] to robotA
[ccr_centralized_planner-15] [INFO] [1729090751.192750620] [ccr_centralized_planner]: Received state 45 from robotA
[ccr_centralized_planner-15] [INFO] [1729090751.383338952] [ccr_centralized_planner]: 
[ccr_centralized_planner-15] 
[ccr_centralized_planner-15]  did not replan 
[ccr_centralized_planner-15] 
[ccr_centralized_planner-15] [INFO] [1729090751.385450736] [ccr_centralized_planner]: Sent plan [45, 56, 55, 39, 53, 51, 32, 35, 10, 9] to robotA
[ccr_centralized_planner-15] [INFO] [1729090751.387463204] [ccr_centralized_planner]: Received state 45 from robotA
[ccr_centralized_planner-15] [INFO] [1729090751.582718734] [ccr_centralized_planner]: 
[ccr_centralized_planner-15] 
[ccr_centralized_planner-15]  did not replan 
[ccr_centralized_planner-15] 
[ccr_centralized_planner-15] [INFO] [1729090751.583877293] [ccr_centralized_planner]: Sent plan [45, 56, 55, 39, 53, 51, 32, 35, 10, 9] to robotA
[ccr_local_planner-14] [INFO] [1729090751.585909157] [robotA.ccr_local_planner]: new state 56
[ccr_centralized_planner-15] [INFO] [1729090751.585936238] [ccr_centralized_planner]: Received state 56 from robotA
[ccr_centralized_planner-15] [INFO] [1729090751.782720361] [ccr_centralized_planner]: 
[ccr_centralized_planner-15] 
[ccr_centralized_planner-15]  did not replan 
[ccr_centralized_planner-15] 
[ccr_centralized_planner-15] [INFO] [1729090751.783444657] [ccr_centralized_planner]: Sent plan [56, 55, 39, 53, 51, 32, 35, 10, 9] to robotA
[ccr_local_planner-14] [INFO] [1729090751.784119109] [robotA.ccr_local_planner]: new plan: [56, 55, 39], remainder: [53, 51, 32, 35, 10, 9]
[ccr_local_planner-14] [INFO] [1729090751.884509492] [robotA.ccr_local_planner]: new state 45
[ccr_centralized_planner-15] [INFO] [1729090751.884547643] [ccr_centralized_planner]: Received state 45 from robotA
[ccr_centralized_planner-15] [INFO] [1729090751.983276565] [ccr_centralized_planner]: plan progressed far more than expected (current state not first or second step in plan)
[ccr_local_planner-14] [INFO] [1729090752.086896585] [robotA.ccr_local_planner]: new state 56
[command_node-3] [INFO] [1729090752.183521076] [command_node]: robotA: running
[INFO] [ccr_centralized_planner-15]: process has finished cleanly [pid 88796]
[ccr_local_planner-14] [INFO] [1729090752.688604301] [robotA.ccr_local_planner]: new state 55
[command_node-3] [INFO] [1729090754.287302981] [command_node]: robotA: running
[ccr_local_planner-14] [INFO] [1729090755.491818915] [robotA.ccr_local_planner]: new state 39
[command_node-3] [INFO] [1729090756.291111614] [command_node]: robotA: running
[ccr_local_planner-14] [WARN] [1729090756.494948691] [robotA.ccr_local_planner]: trajectory has only one point
[ccr_local_planner-14] [INFO] [1729090756.495416047] [robotA.ccr_local_planner]: path: [56, 55, 39]
[ccr_local_planner-14] [INFO] [1729090756.495876459] [robotA.ccr_local_planner]: wps: [(0.5914504074079517, 0.5189673070568455, -2.901543729787356), (0.5914504074079517, 0.5189673070568455, nan), (0.5, 0.5, nan)]
[ccr_local_planner-14] [INFO] [1729090756.496378158] [robotA.ccr_local_planner]: result_path: [<POINT (0.591 0.519)>, <POINT (0.5 0.5)>]
[ccr_local_planner-14] [INFO] [1729090756.496838560] [robotA.ccr_local_planner]: [31msending single point trajectory[0m
[ccr_local_planner-14] [INFO] [1729090756.512800516] [robotA.ccr_local_planner]: empty trajectory for plan [56, 55, 39]
[ccr_local_planner-14] [WARN] [1729090756.696178737] [robotA.ccr_local_planner]: trajectory has only one point
[ccr_local_planner-14] [INFO] [1729090756.696693261] [robotA.ccr_local_planner]: path: [56, 55, 39]
[ccr_local_planner-14] [INFO] [1729090756.697181064] [robotA.ccr_local_planner]: wps: [(0.5702315244982488, 0.5138096440862883, -2.9032967583287195), (0.5702315244982488, 0.5138096440862883, nan), (0.5, 0.5, nan)]
[ccr_local_planner-14] [INFO] [1729090756.697674257] [robotA.ccr_local_planner]: result_path: [<POINT (0.57 0.514)>, <POINT (0.5 0.5)>]
[ccr_local_planner-14] [INFO] [1729090756.698199591] [robotA.ccr_local_planner]: [31msending single point trajectory[0m
[ccr_local_planner-14] [INFO] [1729090756.717865102] [robotA.ccr_local_planner]: empty trajectory for plan [56, 55, 39]
[ccr_local_planner-14] [INFO] [1729090756.718609896] [robotA.ccr_local_planner]: empty trajectory for plan [56, 55, 39]
[ccr_local_planner-14] [WARN] [1729090756.895488719] [robotA.ccr_local_planner]: trajectory has only one point
[ccr_local_planner-14] [INFO] [1729090756.895755498] [robotA.ccr_local_planner]: path: [56, 55, 39]
[ccr_local_planner-14] [INFO] [1729090756.896002571] [robotA.ccr_local_planner]: wps: [(0.5663768773017019, 0.5128732137087784, -2.903200306298446), (0.5663768773017019, 0.5128732137087784, nan), (0.5, 0.5, nan)]
[ccr_local_planner-14] [INFO] [1729090756.896249203] [robotA.ccr_local_planner]: result_path: [<POINT (0.566 0.513)>, <POINT (0.5 0.5)>]
[ccr_local_planner-14] [INFO] [1729090756.896510121] [robotA.ccr_local_planner]: [31msending single point trajectory[0m
[ccr_local_planner-14] [INFO] [1729090756.910025035] [robotA.ccr_local_planner]: empty trajectory for plan [56, 55, 39]
[ccr_local_planner-14] [INFO] [1729090756.910729214] [robotA.ccr_local_planner]: empty trajectory for plan [56, 55, 39]
[ccr_local_planner-14] [WARN] [1729090757.098246736] [robotA.ccr_local_planner]: trajectory has only one point
[ccr_local_planner-14] [INFO] [1729090757.099972457] [robotA.ccr_local_planner]: path: [56, 55, 39]
[ccr_local_planner-14] [INFO] [1729090757.100237563] [robotA.ccr_local_planner]: wps: [(0.5628091988107174, 0.5120084865285199, -2.903173957991372), (0.5628091988107174, 0.5120084865285199, nan), (0.5, 0.5, nan)]
[ccr_local_planner-14] [INFO] [1729090757.100521805] [robotA.ccr_local_planner]: result_path: [<POINT (0.563 0.512)>, <POINT (0.5 0.5)>]
[ccr_local_planner-14] [INFO] [1729090757.100794035] [robotA.ccr_local_planner]: [31msending single point trajectory[0m
[ccr_local_planner-14] [INFO] [1729090757.114215254] [robotA.ccr_local_planner]: empty trajectory for plan [56, 55, 39]
[ccr_local_planner-14] [INFO] [1729090757.114943367] [robotA.ccr_local_planner]: empty trajectory for plan [56, 55, 39]
[ccr_local_planner-14] [WARN] [1729090757.299345837] [robotA.ccr_local_planner]: trajectory has only one point
[ccr_local_planner-14] [INFO] [1729090757.299634978] [robotA.ccr_local_planner]: path: [56, 55, 39]
[ccr_local_planner-14] [INFO] [1729090757.299904543] [robotA.ccr_local_planner]: wps: [(0.5584129864711873, 0.510934728191414, -2.903289975744972), (0.5584129864711873, 0.510934728191414, nan), (0.5, 0.5, nan)]
[ccr_local_planner-14] [INFO] [1729090757.300255560] [robotA.ccr_local_planner]: result_path: [<POINT (0.558 0.511)>, <POINT (0.5 0.5)>]
[ccr_local_planner-14] [INFO] [1729090757.300575860] [robotA.ccr_local_planner]: [31msending single point trajectory[0m
[ccr_local_planner-14] [INFO] [1729090757.315151520] [robotA.ccr_local_planner]: empty trajectory for plan [56, 55, 39]
[ccr_local_planner-14] [INFO] [1729090757.316061274] [robotA.ccr_local_planner]: empty trajectory for plan [56, 55, 39]
[ccr_local_planner-14] [WARN] [1729090757.498209743] [robotA.ccr_local_planner]: trajectory has only one point
[ccr_local_planner-14] [INFO] [1729090757.498743803] [robotA.ccr_local_planner]: path: [56, 55, 39]
[ccr_local_planner-14] [INFO] [1729090757.499253798] [robotA.ccr_local_planner]: wps: [(0.5545619791296396, 0.5100067519282185, -2.9032146032409325), (0.5545619791296396, 0.5100067519282185, nan), (0.5, 0.5, nan)]
[ccr_local_planner-14] [INFO] [1729090757.499759995] [robotA.ccr_local_planner]: result_path: [<POINT (0.555 0.51)>, <POINT (0.5 0.5)>]
[ccr_local_planner-14] [INFO] [1729090757.500263328] [robotA.ccr_local_planner]: [31msending single point trajectory[0m
[ccr_local_planner-14] [INFO] [1729090757.516223040] [robotA.ccr_local_planner]: empty trajectory for plan [56, 55, 39]
[ccr_local_planner-14] [INFO] [1729090757.521732355] [robotA.ccr_local_planner]: empty trajectory for plan [56, 55, 39]
[ccr_local_planner-14] [WARN] [1729090757.698716836] [robotA.ccr_local_planner]: trajectory has only one point
[ccr_local_planner-14] [INFO] [1729090757.699284218] [robotA.ccr_local_planner]: path: [56, 55, 39]
[ccr_local_planner-14] [INFO] [1729090757.699816835] [robotA.ccr_local_planner]: wps: [(0.5504245372422313, 0.5090044753125748, -2.90320222678784), (0.5504245372422313, 0.5090044753125748, nan), (0.5, 0.5, nan)]
[ccr_local_planner-14] [INFO] [1729090757.700377886] [robotA.ccr_local_planner]: result_path: [<POINT (0.55 0.509)>, <POINT (0.5 0.5)>]
[ccr_local_planner-14] [INFO] [1729090757.700908860] [robotA.ccr_local_planner]: [31msending single point trajectory[0m
[ccr_local_planner-14] [INFO] [1729090757.714907269] [robotA.ccr_local_planner]: empty trajectory for plan [56, 55, 39]
[ccr_local_planner-14] [INFO] [1729090757.718827018] [robotA.ccr_local_planner]: empty trajectory for plan [56, 55, 39]
[ccr_local_planner-14] [WARN] [1729090757.995785452] [robotA.ccr_local_planner]: trajectory has only one point
[ccr_local_planner-14] [INFO] [1729090757.996063062] [robotA.ccr_local_planner]: path: [56, 55, 39]
[ccr_local_planner-14] [INFO] [1729090757.996324151] [robotA.ccr_local_planner]: wps: [(0.545720831317342, 0.5078549104024718, -2.903199856786331), (0.545720831317342, 0.5078549104024718, nan), (0.5, 0.5, nan)]
[ccr_local_planner-14] [INFO] [1729090757.996605768] [robotA.ccr_local_planner]: result_path: [<POINT (0.546 0.508)>, <POINT (0.5 0.5)>]
[ccr_local_planner-14] [INFO] [1729090757.996852590] [robotA.ccr_local_planner]: [31msending single point trajectory[0m
[ccr_local_planner-14] [INFO] [1729090758.015126585] [robotA.ccr_local_planner]: empty trajectory for plan [56, 55, 39]
[ccr_local_planner-14] [INFO] [1729090758.015856311] [robotA.ccr_local_planner]: empty trajectory for plan [56, 55, 39]
[ccr_local_planner-14] [WARN] [1729090758.200512506] [robotA.ccr_local_planner]: trajectory has only one point
[ccr_local_planner-14] [INFO] [1729090758.201139870] [robotA.ccr_local_planner]: path: [56, 55, 39]
[ccr_local_planner-14] [INFO] [1729090758.201743811] [robotA.ccr_local_planner]: wps: [(0.5415922232881769, 0.506851603209912, -2.9031516783796065), (0.5415922232881769, 0.506851603209912, nan), (0.5, 0.5, nan)]
[ccr_local_planner-14] [INFO] [1729090758.202376315] [robotA.ccr_local_planner]: result_path: [<POINT (0.542 0.507)>, <POINT (0.5 0.5)>]
[ccr_local_planner-14] [INFO] [1729090758.202949949] [robotA.ccr_local_planner]: [31msending single point trajectory[0m
[ccr_local_planner-14] [INFO] [1729090758.217499721] [robotA.ccr_local_planner]: empty trajectory for plan [56, 55, 39]
[ccr_local_planner-14] [INFO] [1729090758.218218527] [robotA.ccr_local_planner]: empty trajectory for plan [56, 55, 39]
[command_node-3] [INFO] [1729090758.294967575] [command_node]: robotA: running
[ccr_local_planner-14] [WARN] [1729090758.399804043] [robotA.ccr_local_planner]: trajectory has only one point
[ccr_local_planner-14] [INFO] [1729090758.400259385] [robotA.ccr_local_planner]: path: [56, 55, 39]
[ccr_local_planner-14] [INFO] [1729090758.400746217] [robotA.ccr_local_planner]: wps: [(0.5374604689805151, 0.5058474975598417, -2.9031849001099275), (0.5374604689805151, 0.5058474975598417, nan), (0.5, 0.5, nan)]
[ccr_local_planner-14] [INFO] [1729090758.401125217] [robotA.ccr_local_planner]: result_path: [<POINT (0.537 0.506)>, <POINT (0.5 0.5)>]
[ccr_local_planner-14] [INFO] [1729090758.401421271] [robotA.ccr_local_planner]: [31msending single point trajectory[0m
[ccr_local_planner-14] [INFO] [1729090758.415671542] [robotA.ccr_local_planner]: empty trajectory for plan [56, 55, 39]
[ccr_local_planner-14] [INFO] [1729090758.416431765] [robotA.ccr_local_planner]: empty trajectory for plan [56, 55, 39]
[ccr_local_planner-14] [WARN] [1729090758.604594725] [robotA.ccr_local_planner]: trajectory has only one point
[ccr_local_planner-14] [INFO] [1729090758.605027305] [robotA.ccr_local_planner]: path: [56, 55, 39]
[ccr_local_planner-14] [INFO] [1729090758.605437754] [robotA.ccr_local_planner]: wps: [(0.533604876009442, 0.5049105423662207, -2.903191319063714), (0.533604876009442, 0.5049105423662207, nan), (0.5, 0.5, nan)]
[ccr_local_planner-14] [INFO] [1729090758.605843584] [robotA.ccr_local_planner]: result_path: [<POINT (0.534 0.505)>, <POINT (0.5 0.5)>]
[ccr_local_planner-14] [INFO] [1729090758.606247690] [robotA.ccr_local_planner]: [31msending single point trajectory[0m
[ccr_local_planner-14] [INFO] [1729090758.621711623] [robotA.ccr_local_planner]: empty trajectory for plan [56, 55, 39]
[ccr_local_planner-14] [INFO] [1729090758.622506171] [robotA.ccr_local_planner]: empty trajectory for plan [56, 55, 39]
[ccr_local_planner-14] [WARN] [1729090758.802754884] [robotA.ccr_local_planner]: trajectory has only one point
[ccr_local_planner-14] [INFO] [1729090758.803041240] [robotA.ccr_local_planner]: path: [56, 55, 39]
[ccr_local_planner-14] [INFO] [1729090758.803301598] [robotA.ccr_local_planner]: wps: [(0.5297505095444697, 0.5039743690241948, -2.9031627059049887), (0.5297505095444697, 0.5039743690241948, nan), (0.5, 0.5, nan)]
[ccr_local_planner-14] [INFO] [1729090758.803561254] [robotA.ccr_local_planner]: result_path: [<POINT (0.53 0.504)>, <POINT (0.5 0.5)>]
[ccr_local_planner-14] [INFO] [1729090758.803838784] [robotA.ccr_local_planner]: [31msending single point trajectory[0m
[ccr_local_planner-14] [INFO] [1729090758.818420535] [robotA.ccr_local_planner]: empty trajectory for plan [56, 55, 39]
[ccr_local_planner-14] [INFO] [1729090758.823056746] [robotA.ccr_local_planner]: empty trajectory for plan [56, 55, 39]
[ccr_local_planner-14] [WARN] [1729090759.001561873] [robotA.ccr_local_planner]: trajectory has only one point
[ccr_local_planner-14] [INFO] [1729090759.002113256] [robotA.ccr_local_planner]: path: [56, 55, 39]
[ccr_local_planner-14] [INFO] [1729090759.002671491] [robotA.ccr_local_planner]: wps: [(0.5258965356992732, 0.5030380737642803, -2.90316838608763), (0.5258965356992732, 0.5030380737642803, nan), (0.5, 0.5, nan)]
[ccr_local_planner-14] [INFO] [1729090759.003217293] [robotA.ccr_local_planner]: result_path: [<POINT (0.526 0.503)>, <POINT (0.5 0.5)>]
[ccr_local_planner-14] [INFO] [1729090759.003679248] [robotA.ccr_local_planner]: [31msending single point trajectory[0m
[ccr_local_planner-14] [INFO] [1729090759.017966929] [robotA.ccr_local_planner]: empty trajectory for plan [56, 55, 39]
[ccr_local_planner-14] [INFO] [1729090759.022135513] [robotA.ccr_local_planner]: empty trajectory for plan [56, 55, 39]
[ccr_local_planner-14] [WARN] [1729090759.202983819] [robotA.ccr_local_planner]: trajectory has only one point
[ccr_local_planner-14] [INFO] [1729090759.203507089] [robotA.ccr_local_planner]: path: [56, 55, 39]
[ccr_local_planner-14] [INFO] [1729090759.204000493] [robotA.ccr_local_planner]: wps: [(0.5220425871658545, 0.5021018593345287, -2.903157619460505), (0.5220425871658545, 0.5021018593345287, nan), (0.5, 0.5, nan)]
[ccr_local_planner-14] [INFO] [1729090759.204638157] [robotA.ccr_local_planner]: result_path: [<POINT (0.522 0.502)>, <POINT (0.5 0.5)>]
[ccr_local_planner-14] [INFO] [1729090759.205330733] [robotA.ccr_local_planner]: [31msending single point trajectory[0m
[ccr_local_planner-14] [INFO] [1729090759.219630236] [robotA.ccr_local_planner]: empty trajectory for plan [56, 55, 39]
[ccr_local_planner-14] [INFO] [1729090759.223794303] [robotA.ccr_local_planner]: empty trajectory for plan [56, 55, 39]
[ccr_local_planner-14] [WARN] [1729090759.402086692] [robotA.ccr_local_planner]: trajectory has only one point
[ccr_local_planner-14] [INFO] [1729090759.402757328] [robotA.ccr_local_planner]: path: [56, 55, 39]
[ccr_local_planner-14] [INFO] [1729090759.403324510] [robotA.ccr_local_planner]: wps: [(0.518188304939083, 0.5011650466255466, -2.903158037533304), (0.518188304939083, 0.5011650466255466, nan), (0.5, 0.5, nan)]
[ccr_local_planner-14] [INFO] [1729090759.403863720] [robotA.ccr_local_planner]: result_path: [<POINT (0.518 0.501)>, <POINT (0.5 0.5)>]
[ccr_local_planner-14] [INFO] [1729090759.404419560] [robotA.ccr_local_planner]: [31msending single point trajectory[0m
[ccr_local_planner-14] [INFO] [1729090759.420749866] [robotA.ccr_local_planner]: empty trajectory for plan [56, 55, 39]
[ccr_local_planner-14] [INFO] [1729090759.425141047] [robotA.ccr_local_planner]: empty trajectory for plan [56, 55, 39]
[ccr_local_planner-14] [WARN] [1729090759.600507680] [robotA.ccr_local_planner]: trajectory has only one point
[ccr_local_planner-14] [INFO] [1729090759.600929389] [robotA.ccr_local_planner]: path: [56, 55, 39]
[ccr_local_planner-14] [INFO] [1729090759.601324699] [robotA.ccr_local_planner]: wps: [(0.5143337564112342, 0.5002287050602738, -2.903150694844326), (0.5143337564112342, 0.5002287050602738, nan), (0.5, 0.5, nan)]
[ccr_local_planner-14] [INFO] [1729090759.601726291] [robotA.ccr_local_planner]: result_path: [<POINT (0.514 0.5)>, <POINT (0.5 0.5)>]
[ccr_local_planner-14] [INFO] [1729090759.602123224] [robotA.ccr_local_planner]: [31msending single point trajectory[0m
[ccr_local_planner-14] [INFO] [1729090759.625036004] [robotA.ccr_local_planner]: empty trajectory for plan [56, 55, 39]
[ccr_local_planner-14] [INFO] [1729090759.629905331] [robotA.ccr_local_planner]: empty trajectory for plan [56, 55, 39]
[ccr_local_planner-14] [WARN] [1729090759.801308973] [robotA.ccr_local_planner]: trajectory has only one point
[ccr_local_planner-14] [INFO] [1729090759.801727977] [robotA.ccr_local_planner]: path: [56, 55, 39]
[ccr_local_planner-14] [INFO] [1729090759.802122155] [robotA.ccr_local_planner]: wps: [(0.5104789850537318, 0.49929199626342846, -2.9031646792649908), (0.5104789850537318, 0.49929199626342846, nan), (0.5, 0.5, nan)]
[ccr_local_planner-14] [INFO] [1729090759.802517155] [robotA.ccr_local_planner]: result_path: [<POINT (0.51 0.499)>, <POINT (0.5 0.5)>]
[ccr_local_planner-14] [INFO] [1729090759.802908858] [robotA.ccr_local_planner]: [31msending single point trajectory[0m
[ccr_local_planner-14] [INFO] [1729090759.821096992] [robotA.ccr_local_planner]: empty trajectory for plan [56, 55, 39]
[ccr_local_planner-14] [INFO] [1729090759.825739314] [robotA.ccr_local_planner]: empty trajectory for plan [56, 55, 39]
[ccr_local_planner-14] [WARN] [1729090760.002202469] [robotA.ccr_local_planner]: trajectory has only one point
[ccr_local_planner-14] [INFO] [1729090760.002733523] [robotA.ccr_local_planner]: path: [56, 55, 39]
[ccr_local_planner-14] [INFO] [1729090760.003244911] [robotA.ccr_local_planner]: wps: [(0.506623957169102, 0.49835575372680474, -2.903165486656749), (0.506623957169102, 0.49835575372680474, nan), (0.5, 0.5, nan)]
[ccr_local_planner-14] [INFO] [1729090760.003747582] [robotA.ccr_local_planner]: result_path: [<POINT (0.507 0.498)>, <POINT (0.5 0.5)>]
[ccr_local_planner-14] [INFO] [1729090760.004261314] [robotA.ccr_local_planner]: [31msending single point trajectory[0m
[ccr_local_planner-14] [INFO] [1729090760.019212297] [robotA.ccr_local_planner]: empty trajectory for plan [56, 55, 39]
[ccr_local_planner-14] [INFO] [1729090760.023579594] [robotA.ccr_local_planner]: empty trajectory for plan [56, 55, 39]
[ccr_local_planner-14] [WARN] [1729090760.201783217] [robotA.ccr_local_planner]: trajectory has only one point
[ccr_local_planner-14] [INFO] [1729090760.202218021] [robotA.ccr_local_planner]: path: [56, 55, 39]
[ccr_local_planner-14] [INFO] [1729090760.202613391] [robotA.ccr_local_planner]: wps: [(0.5027697203202421, 0.49741930511385657, -2.9031641150184764), (0.5027697203202421, 0.49741930511385657, nan), (0.5, 0.5, nan)]
[ccr_local_planner-14] [INFO] [1729090760.203004454] [robotA.ccr_local_planner]: result_path: [<POINT (0.503 0.497)>, <POINT (0.5 0.5)>]
[ccr_local_planner-14] [INFO] [1729090760.203394163] [robotA.ccr_local_planner]: [31msending single point trajectory[0m
[ccr_local_planner-14] [INFO] [1729090760.220168129] [robotA.ccr_local_planner]: empty trajectory for plan [56, 55, 39]
[ccr_local_planner-14] [INFO] [1729090760.220914757] [robotA.ccr_local_planner]: empty trajectory for plan [56, 55, 39]
[command_node-3] [INFO] [1729090760.398231491] [command_node]: robotA: running
[ccr_local_planner-14] [WARN] [1729090760.404857166] [robotA.ccr_local_planner]: trajectory has only one point
[ccr_local_planner-14] [INFO] [1729090760.405301558] [robotA.ccr_local_planner]: path: [56, 55, 39]
[ccr_local_planner-14] [INFO] [1729090760.405704913] [robotA.ccr_local_planner]: wps: [(0.4956166755402099, 0.495680795646119, -2.903194004699697), (0.4956166755402099, 0.495680795646119, nan), (0.5, 0.5, nan)]
[ccr_local_planner-14] [INFO] [1729090760.406105293] [robotA.ccr_local_planner]: result_path: [<POINT (0.496 0.496)>, <POINT (0.5 0.5)>]
[ccr_local_planner-14] [INFO] [1729090760.406507356] [robotA.ccr_local_planner]: [31msending single point trajectory[0m
[ccr_local_planner-14] [INFO] [1729090760.421849811] [robotA.ccr_local_planner]: empty trajectory for plan [56, 55, 39]
[ccr_local_planner-14] [INFO] [1729090760.422614423] [robotA.ccr_local_planner]: empty trajectory for plan [56, 55, 39]
[ccr_local_planner-14] [WARN] [1729090760.605448125] [robotA.ccr_local_planner]: trajectory has only one point
[ccr_local_planner-14] [INFO] [1729090760.606078095] [robotA.ccr_local_planner]: path: [56, 55, 39]
[ccr_local_planner-14] [INFO] [1729090760.606671987] [robotA.ccr_local_planner]: wps: [(0.49149171156949645, 0.4946744175626794, -2.9033399087232703), (0.49149171156949645, 0.4946744175626794, nan), (0.5, 0.5, nan)]
[ccr_local_planner-14] [INFO] [1729090760.607267822] [robotA.ccr_local_planner]: result_path: [<POINT (0.491 0.495)>, <POINT (0.5 0.5)>]
[ccr_local_planner-14] [INFO] [1729090760.607854801] [robotA.ccr_local_planner]: [31msending single point trajectory[0m
[ccr_local_planner-14] [INFO] [1729090760.624757819] [robotA.ccr_local_planner]: empty trajectory for plan [56, 55, 39]
[ccr_local_planner-14] [INFO] [1729090760.625534834] [robotA.ccr_local_planner]: empty trajectory for plan [56, 55, 39]
[ccr_local_planner-14] [WARN] [1729090760.803438767] [robotA.ccr_local_planner]: trajectory has only one point
[ccr_local_planner-14] [INFO] [1729090760.803877939] [robotA.ccr_local_planner]: path: [56, 55, 39]
[ccr_local_planner-14] [INFO] [1729090760.804319265] [robotA.ccr_local_planner]: wps: [(0.49383078945635694, 0.4804158583197833, -2.8839509930089675), (0.49383078945635694, 0.4804158583197833, nan), (0.5, 0.5, nan)]
[ccr_local_planner-14] [INFO] [1729090760.804731076] [robotA.ccr_local_planner]: result_path: [<POINT (0.494 0.48)>, <POINT (0.5 0.5)>]
[ccr_local_planner-14] [INFO] [1729090760.805137367] [robotA.ccr_local_planner]: [31msending single point trajectory[0m
[ccr_local_planner-14] [INFO] [1729090760.820934765] [robotA.ccr_local_planner]: empty trajectory for plan [56, 55, 39]
[ccr_local_planner-14] [INFO] [1729090760.821703895] [robotA.ccr_local_planner]: empty trajectory for plan [56, 55, 39]
[ccr_local_planner-14] [WARN] [1729090761.006050219] [robotA.ccr_local_planner]: trajectory has only one point
[ccr_local_planner-14] [INFO] [1729090761.006496164] [robotA.ccr_local_planner]: path: [56, 55, 39]
[ccr_local_planner-14] [INFO] [1729090761.006927021] [robotA.ccr_local_planner]: wps: [(0.4900041694394227, 0.47940558113865783, -2.883993961754696), (0.4900041694394227, 0.47940558113865783, nan), (0.5, 0.5, nan)]
[ccr_local_planner-14] [INFO] [1729090761.007389406] [robotA.ccr_local_planner]: result_path: [<POINT (0.49 0.479)>, <POINT (0.5 0.5)>]
[ccr_local_planner-14] [INFO] [1729090761.007843146] [robotA.ccr_local_planner]: [31msending single point trajectory[0m
[ccr_local_planner-14] [INFO] [1729090761.024416386] [robotA.ccr_local_planner]: empty trajectory for plan [56, 55, 39]
[ccr_local_planner-14] [INFO] [1729090761.025178794] [robotA.ccr_local_planner]: empty trajectory for plan [56, 55, 39]
[ccr_local_planner-14] [WARN] [1729090761.205433758] [robotA.ccr_local_planner]: trajectory has only one point
[ccr_local_planner-14] [INFO] [1729090761.205902296] [robotA.ccr_local_planner]: path: [56, 55, 39]
[ccr_local_planner-14] [INFO] [1729090761.206349884] [robotA.ccr_local_planner]: wps: [(0.4861756371390866, 0.4784011792209324, -2.883944272334696), (0.4861756371390866, 0.4784011792209324, nan), (0.5, 0.5, nan)]
[ccr_local_planner-14] [INFO] [1729090761.206764540] [robotA.ccr_local_planner]: result_path: [<POINT (0.486 0.478)>, <POINT (0.5 0.5)>]
[ccr_local_planner-14] [INFO] [1729090761.207169017] [robotA.ccr_local_planner]: [31msending single point trajectory[0m
[ccr_local_planner-14] [INFO] [1729090761.222910069] [robotA.ccr_local_planner]: empty trajectory for plan [56, 55, 39]
[ccr_local_planner-14] [INFO] [1729090761.227130642] [robotA.ccr_local_planner]: empty trajectory for plan [56, 55, 39]
[ccr_local_planner-14] [WARN] [1729090761.405565758] [robotA.ccr_local_planner]: trajectory has only one point
[ccr_local_planner-14] [INFO] [1729090761.405997737] [robotA.ccr_local_planner]: path: [56, 55, 39]
[ccr_local_planner-14] [INFO] [1729090761.406513132] [robotA.ccr_local_planner]: wps: [(0.48233386499688446, 0.4773951238398718, -2.8839186713170215), (0.48233386499688446, 0.4773951238398718, nan), (0.5, 0.5, nan)]
[ccr_local_planner-14] [INFO] [1729090761.406996587] [robotA.ccr_local_planner]: result_path: [<POINT (0.482 0.477)>, <POINT (0.5 0.5)>]
[ccr_local_planner-14] [INFO] [1729090761.407565132] [robotA.ccr_local_planner]: [31msending single point trajectory[0m
[ccr_local_planner-14] [INFO] [1729090761.423609061] [robotA.ccr_local_planner]: empty trajectory for plan [56, 55, 39]
[ccr_local_planner-14] [INFO] [1729090761.427696133] [robotA.ccr_local_planner]: empty trajectory for plan [56, 55, 39]
[ccr_local_planner-14] [WARN] [1729090761.606210249] [robotA.ccr_local_planner]: trajectory has only one point
[ccr_local_planner-14] [INFO] [1729090761.606763655] [robotA.ccr_local_planner]: path: [56, 55, 39]
[ccr_local_planner-14] [INFO] [1729090761.607262499] [robotA.ccr_local_planner]: wps: [(0.48176941335504264, 0.47724207947035313, -2.88394446334524), (0.48176941335504264, 0.47724207947035313, nan), (0.5, 0.5, nan)]
[ccr_local_planner-14] [INFO] [1729090761.607754290] [robotA.ccr_local_planner]: result_path: [<POINT (0.482 0.477)>, <POINT (0.5 0.5)>]
[ccr_local_planner-14] [INFO] [1729090761.608243826] [robotA.ccr_local_planner]: [31msending single point trajectory[0m
[ccr_local_planner-14] [INFO] [1729090761.622957575] [robotA.ccr_local_planner]: empty trajectory for plan [56, 55, 39]
[ccr_local_planner-14] [INFO] [1729090761.627343707] [robotA.ccr_local_planner]: empty trajectory for plan [56, 55, 39]
[ccr_local_planner-14] [WARN] [1729090761.807377337] [robotA.ccr_local_planner]: trajectory has only one point
[ccr_local_planner-14] [INFO] [1729090761.808016964] [robotA.ccr_local_planner]: path: [56, 55, 39]
[ccr_local_planner-14] [INFO] [1729090761.808821010] [robotA.ccr_local_planner]: wps: [(0.4779269036674314, 0.47622621956469025, -2.884053998395889), (0.4779269036674314, 0.47622621956469025, nan), (0.5, 0.5, nan)]
[ccr_local_planner-14] [INFO] [1729090761.809428327] [robotA.ccr_local_planner]: result_path: [<POINT (0.478 0.476)>, <POINT (0.5 0.5)>]
[ccr_local_planner-14] [INFO] [1729090761.810046334] [robotA.ccr_local_planner]: [31msending single point trajectory[0m
[ccr_local_planner-14] [INFO] [1729090761.826082599] [robotA.ccr_local_planner]: empty trajectory for plan [56, 55, 39]
[ccr_local_planner-14] [INFO] [1729090761.830581142] [robotA.ccr_local_planner]: empty trajectory for plan [56, 55, 39]
[ccr_local_planner-14] [WARN] [1729090762.007559952] [robotA.ccr_local_planner]: trajectory has only one point
[ccr_local_planner-14] [INFO] [1729090762.008193198] [robotA.ccr_local_planner]: path: [56, 55, 39]
[ccr_local_planner-14] [INFO] [1729090762.008796427] [robotA.ccr_local_planner]: wps: [(0.4740848981612341, 0.47521381636545057, -2.883968083271203), (0.4740848981612341, 0.47521381636545057, nan), (0.5, 0.5, nan)]
[ccr_local_planner-14] [INFO] [1729090762.009389888] [robotA.ccr_local_planner]: result_path: [<POINT (0.474 0.475)>, <POINT (0.5 0.5)>]
[ccr_local_planner-14] [INFO] [1729090762.009965115] [robotA.ccr_local_planner]: [31msending single point trajectory[0m
[ccr_local_planner-14] [INFO] [1729090762.025725123] [robotA.ccr_local_planner]: empty trajectory for plan [56, 55, 39]
[ccr_local_planner-14] [INFO] [1729090762.030043478] [robotA.ccr_local_planner]: empty trajectory for plan [56, 55, 39]
[ccr_local_planner-14] [WARN] [1729090762.206562417] [robotA.ccr_local_planner]: trajectory has only one point
[ccr_local_planner-14] [INFO] [1729090762.206990098] [robotA.ccr_local_planner]: path: [56, 55, 39]
[ccr_local_planner-14] [INFO] [1729090762.207386981] [robotA.ccr_local_planner]: wps: [(0.4702500819837745, 0.47420423779625187, -2.8839228494770217), (0.4702500819837745, 0.47420423779625187, nan), (0.5, 0.5, nan)]
[ccr_local_planner-14] [INFO] [1729090762.207784746] [robotA.ccr_local_planner]: result_path: [<POINT (0.47 0.474)>, <POINT (0.5 0.5)>]
[ccr_local_planner-14] [INFO] [1729090762.208176800] [robotA.ccr_local_planner]: [31msending single point trajectory[0m
[ccr_local_planner-14] [INFO] [1729090762.225239577] [robotA.ccr_local_planner]: empty trajectory for plan [56, 55, 39]
[ccr_local_planner-14] [INFO] [1729090762.229210031] [robotA.ccr_local_planner]: empty trajectory for plan [56, 55, 39]
[command_node-3] [INFO] [1729090762.402743340] [command_node]: robotA: running
[ccr_local_planner-14] [WARN] [1729090762.406136684] [robotA.ccr_local_planner]: trajectory has only one point
[ccr_local_planner-14] [INFO] [1729090762.406556650] [robotA.ccr_local_planner]: path: [56, 55, 39]
[ccr_local_planner-14] [INFO] [1729090762.406953754] [robotA.ccr_local_planner]: wps: [(0.4664172938833667, 0.4731945026600115, -2.8839666601139915), (0.4664172938833667, 0.4731945026600115, nan), (0.5, 0.5, nan)]
[ccr_local_planner-14] [INFO] [1729090762.407354454] [robotA.ccr_local_planner]: result_path: [<POINT (0.466 0.473)>, <POINT (0.5 0.5)>]
[ccr_local_planner-14] [INFO] [1729090762.407765674] [robotA.ccr_local_planner]: [31msending single point trajectory[0m
[ccr_local_planner-14] [INFO] [1729090762.423162161] [robotA.ccr_local_planner]: empty trajectory for plan [56, 55, 39]
[ccr_local_planner-14] [INFO] [1729090762.423883461] [robotA.ccr_local_planner]: empty trajectory for plan [56, 55, 39]
[ccr_local_planner-14] [WARN] [1729090762.608818488] [robotA.ccr_local_planner]: trajectory has only one point
[ccr_local_planner-14] [INFO] [1729090762.609482541] [robotA.ccr_local_planner]: path: [56, 55, 39]
[ccr_local_planner-14] [INFO] [1729090762.610072736] [robotA.ccr_local_planner]: wps: [(0.46230818957072695, 0.47211221498455624, -2.884003066630456), (0.46230818957072695, 0.47211221498455624, nan), (0.5, 0.5, nan)]
[ccr_local_planner-14] [INFO] [1729090762.610655507] [robotA.ccr_local_planner]: result_path: [<POINT (0.462 0.472)>, <POINT (0.5 0.5)>]
[ccr_local_planner-14] [INFO] [1729090762.611226997] [robotA.ccr_local_planner]: [31msending single point trajectory[0m
[ccr_local_planner-14] [INFO] [1729090762.625886515] [robotA.ccr_local_planner]: empty trajectory for plan [56, 55, 39]
[ccr_local_planner-14] [INFO] [1729090762.626628454] [robotA.ccr_local_planner]: empty trajectory for plan [56, 55, 39]
[ccr_local_planner-14] [WARN] [1729090762.807182118] [robotA.ccr_local_planner]: trajectory has only one point
[ccr_local_planner-14] [INFO] [1729090762.807607254] [robotA.ccr_local_planner]: path: [56, 55, 39]
[ccr_local_planner-14] [INFO] [1729090762.808016099] [robotA.ccr_local_planner]: wps: [(0.4581996209616629, 0.4710287732358833, -2.8838880447575828), (0.4581996209616629, 0.4710287732358833, nan), (0.5, 0.5, nan)]
[ccr_local_planner-14] [INFO] [1729090762.808435474] [robotA.ccr_local_planner]: result_path: [<POINT (0.458 0.471)>, <POINT (0.5 0.5)>]
[ccr_local_planner-14] [INFO] [1729090762.808844069] [robotA.ccr_local_planner]: [31msending single point trajectory[0m
[ccr_local_planner-14] [INFO] [1729090762.823782649] [robotA.ccr_local_planner]: empty trajectory for plan [56, 55, 39]
[ccr_local_planner-14] [INFO] [1729090762.824504160] [robotA.ccr_local_planner]: empty trajectory for plan [56, 55, 39]
[ccr_local_planner-14] [WARN] [1729090763.012540122] [robotA.ccr_local_planner]: trajectory has only one point
[ccr_local_planner-14] [INFO] [1729090763.012985095] [robotA.ccr_local_planner]: path: [56, 55, 39]
[ccr_local_planner-14] [INFO] [1729090763.013388771] [robotA.ccr_local_planner]: wps: [(0.454363816896179, 0.4700181556029688, -2.8838824615005434), (0.454363816896179, 0.4700181556029688, nan), (0.5, 0.5, nan)]
[ccr_local_planner-14] [INFO] [1729090763.013807746] [robotA.ccr_local_planner]: result_path: [<POINT (0.454 0.47)>, <POINT (0.5 0.5)>]
[ccr_local_planner-14] [INFO] [1729090763.014241307] [robotA.ccr_local_planner]: [31msending single point trajectory[0m
[ccr_local_planner-14] [INFO] [1729090763.029962062] [robotA.ccr_local_planner]: empty trajectory for plan [56, 55, 39]
[ccr_local_planner-14] [INFO] [1729090763.030715773] [robotA.ccr_local_planner]: empty trajectory for plan [56, 55, 39]
[ccr_local_planner-14] [WARN] [1729090763.212691499] [robotA.ccr_local_planner]: trajectory has only one point
[ccr_local_planner-14] [INFO] [1729090763.213131132] [robotA.ccr_local_planner]: path: [56, 55, 39]
[ccr_local_planner-14] [INFO] [1729090763.213553724] [robotA.ccr_local_planner]: wps: [(0.45052699587203193, 0.4690069068295911, -2.883927394191552), (0.45052699587203193, 0.4690069068295911, nan), (0.5, 0.5, nan)]
[ccr_local_planner-14] [INFO] [1729090763.213963220] [robotA.ccr_local_planner]: result_path: [<POINT (0.451 0.469)>, <POINT (0.5 0.5)>]
[ccr_local_planner-14] [INFO] [1729090763.214362528] [robotA.ccr_local_planner]: [31msending single point trajectory[0m
[ccr_local_planner-14] [INFO] [1729090763.229213413] [robotA.ccr_local_planner]: empty trajectory for plan [56, 55, 39]
[ccr_local_planner-14] [INFO] [1729090763.229977544] [robotA.ccr_local_planner]: empty trajectory for plan [56, 55, 39]
[ccr_local_planner-14] [WARN] [1729090763.410720782] [robotA.ccr_local_planner]: trajectory has only one point
[ccr_local_planner-14] [INFO] [1729090763.411356953] [robotA.ccr_local_planner]: path: [56, 55, 39]
[ccr_local_planner-14] [INFO] [1729090763.411921160] [robotA.ccr_local_planner]: wps: [(0.4466897078694727, 0.4679964433538487, -2.883901393743696), (0.4466897078694727, 0.4679964433538487, nan), (0.5, 0.5, nan)]
[ccr_local_planner-14] [INFO] [1729090763.412479555] [robotA.ccr_local_planner]: result_path: [<POINT (0.447 0.468)>, <POINT (0.5 0.5)>]
[ccr_local_planner-14] [INFO] [1729090763.413000140] [robotA.ccr_local_planner]: [31msending single point trajectory[0m
[ccr_local_planner-14] [INFO] [1729090763.429074547] [robotA.ccr_local_planner]: empty trajectory for plan [56, 55, 39]
[ccr_local_planner-14] [INFO] [1729090763.433280021] [robotA.ccr_local_planner]: empty trajectory for plan [56, 55, 39]
[ccr_local_planner-14] [WARN] [1729090763.709981593] [robotA.ccr_local_planner]: trajectory has only one point
[ccr_local_planner-14] [INFO] [1729090763.710401900] [robotA.ccr_local_planner]: path: [56, 55, 39]
[ccr_local_planner-14] [INFO] [1729090763.710796329] [robotA.ccr_local_planner]: wps: [(0.43932763883560283, 0.4660596035074873, -2.88383033360705), (0.43932763883560283, 0.4660596035074873, nan), (0.5, 0.5, nan)]
[ccr_local_planner-14] [INFO] [1729090763.711216205] [robotA.ccr_local_planner]: result_path: [<POINT (0.439 0.466)>, <POINT (0.5 0.5)>]
[ccr_local_planner-14] [INFO] [1729090763.711604472] [robotA.ccr_local_planner]: [31msending single point trajectory[0m
[ccr_local_planner-14] [INFO] [1729090763.728502139] [robotA.ccr_local_planner]: empty trajectory for plan [56, 55, 39]
[ccr_local_planner-14] [INFO] [1729090763.729213081] [robotA.ccr_local_planner]: empty trajectory for plan [56, 55, 39]
[ccr_local_planner-14] [WARN] [1729090763.910818925] [robotA.ccr_local_planner]: trajectory has only one point
[ccr_local_planner-14] [INFO] [1729090763.911420651] [robotA.ccr_local_planner]: path: [56, 55, 39]
[ccr_local_planner-14] [INFO] [1729090763.912001188] [robotA.ccr_local_planner]: wps: [(0.435217947622894, 0.4649763009663871, -2.883810081453665), (0.435217947622894, 0.4649763009663871, nan), (0.5, 0.5, nan)]
[ccr_local_planner-14] [INFO] [1729090763.912606291] [robotA.ccr_local_planner]: result_path: [<POINT (0.435 0.465)>, <POINT (0.5 0.5)>]
[ccr_local_planner-14] [INFO] [1729090763.913193571] [robotA.ccr_local_planner]: [31msending single point trajectory[0m
[ccr_local_planner-14] [INFO] [1729090763.928921849] [robotA.ccr_local_planner]: empty trajectory for plan [56, 55, 39]
[ccr_local_planner-14] [INFO] [1729090763.929612502] [robotA.ccr_local_planner]: empty trajectory for plan [56, 55, 39]
[ccr_local_planner-14] [WARN] [1729090764.111283347] [robotA.ccr_local_planner]: trajectory has only one point
[ccr_local_planner-14] [INFO] [1729090764.111699516] [robotA.ccr_local_planner]: path: [56, 55, 39]
[ccr_local_planner-14] [INFO] [1729090764.112091430] [robotA.ccr_local_planner]: wps: [(0.4311073897825588, 0.4638913676855635, -2.8838075925180013), (0.4311073897825588, 0.4638913676855635, nan), (0.5, 0.5, nan)]
[ccr_local_planner-14] [INFO] [1729090764.112504774] [robotA.ccr_local_planner]: result_path: [<POINT (0.431 0.464)>, <POINT (0.5 0.5)>]
[ccr_local_planner-14] [INFO] [1729090764.112898581] [robotA.ccr_local_planner]: [31msending single point trajectory[0m
[ccr_local_planner-14] [INFO] [1729090764.129057586] [robotA.ccr_local_planner]: empty trajectory for plan [56, 55, 39]
[ccr_local_planner-14] [INFO] [1729090764.129734123] [robotA.ccr_local_planner]: empty trajectory for plan [56, 55, 39]
[ccr_local_planner-14] [WARN] [1729090764.315533308] [robotA.ccr_local_planner]: trajectory has only one point
[ccr_local_planner-14] [INFO] [1729090764.315953785] [robotA.ccr_local_planner]: path: [56, 55, 39]
[ccr_local_planner-14] [INFO] [1729090764.316378300] [robotA.ccr_local_planner]: wps: [(0.42671971991391777, 0.4627326914144798, -2.8838585139017607), (0.42671971991391777, 0.4627326914144798, nan), (0.5, 0.5, nan)]
[ccr_local_planner-14] [INFO] [1729090764.316785773] [robotA.ccr_local_planner]: result_path: [<POINT (0.427 0.463)>, <POINT (0.5 0.5)>]
[ccr_local_planner-14] [INFO] [1729090764.317194328] [robotA.ccr_local_planner]: [31msending single point trajectory[0m
[ccr_local_planner-14] [INFO] [1729090764.332092001] [robotA.ccr_local_planner]: empty trajectory for plan [56, 55, 39]
[ccr_local_planner-14] [INFO] [1729090764.332846884] [robotA.ccr_local_planner]: empty trajectory for plan [56, 55, 39]
[command_node-3] [INFO] [1729090764.406536835] [command_node]: robotA: running
[ccr_local_planner-14] [WARN] [1729090764.510459952] [robotA.ccr_local_planner]: trajectory has only one point
[ccr_local_planner-14] [INFO] [1729090764.510901408] [robotA.ccr_local_planner]: path: [56, 55, 39]
[ccr_local_planner-14] [INFO] [1729090764.511307859] [robotA.ccr_local_planner]: wps: [(0.422885567214346, 0.46172401914391514, -2.8838559473358916), (0.422885567214346, 0.46172401914391514, nan), (0.5, 0.5, nan)]
[ccr_local_planner-14] [INFO] [1729090764.511713960] [robotA.ccr_local_planner]: result_path: [<POINT (0.423 0.462)>, <POINT (0.5 0.5)>]
[ccr_local_planner-14] [INFO] [1729090764.512115582] [robotA.ccr_local_planner]: [31msending single point trajectory[0m
[ccr_local_planner-14] [INFO] [1729090764.527302166] [robotA.ccr_local_planner]: empty trajectory for plan [56, 55, 39]
[ccr_local_planner-14] [INFO] [1729090764.531027110] [robotA.ccr_local_planner]: empty trajectory for plan [56, 55, 39]
[ccr_local_planner-14] [WARN] [1729090764.712058989] [robotA.ccr_local_planner]: trajectory has only one point
[ccr_local_planner-14] [INFO] [1729090764.712680293] [robotA.ccr_local_planner]: path: [56, 55, 39]
[ccr_local_planner-14] [INFO] [1729090764.713260529] [robotA.ccr_local_planner]: wps: [(0.41932753365979913, 0.460788399890778, -2.883811936691832), (0.41932753365979913, 0.460788399890778, nan), (0.5, 0.5, nan)]
[ccr_local_planner-14] [INFO] [1729090764.713839062] [robotA.ccr_local_planner]: result_path: [<POINT (0.419 0.461)>, <POINT (0.5 0.5)>]
[ccr_local_planner-14] [INFO] [1729090764.714434798] [robotA.ccr_local_planner]: [31msending single point trajectory[0m
[ccr_local_planner-14] [INFO] [1729090764.729823660] [robotA.ccr_local_planner]: empty trajectory for plan [56, 55, 39]
[ccr_local_planner-14] [INFO] [1729090764.733954334] [robotA.ccr_local_planner]: empty trajectory for plan [56, 55, 39]
[ccr_local_planner-14] [WARN] [1729090764.912591760] [robotA.ccr_local_planner]: trajectory has only one point
[ccr_local_planner-14] [INFO] [1729090764.913138994] [robotA.ccr_local_planner]: path: [56, 55, 39]
[ccr_local_planner-14] [INFO] [1729090764.913558460] [robotA.ccr_local_planner]: wps: [(0.415216868769558, 0.4597052362103759, -2.883829886865907), (0.415216868769558, 0.4597052362103759, nan), (0.5, 0.5, nan)]
[ccr_local_planner-14] [INFO] [1729090764.913965011] [robotA.ccr_local_planner]: result_path: [<POINT (0.415 0.46)>, <POINT (0.5 0.5)>]
[ccr_local_planner-14] [INFO] [1729090764.914370189] [robotA.ccr_local_planner]: [31msending single point trajectory[0m
[ccr_local_planner-14] [INFO] [1729090764.930544863] [robotA.ccr_local_planner]: empty trajectory for plan [56, 55, 39]
[ccr_local_planner-14] [INFO] [1729090764.934353224] [robotA.ccr_local_planner]: empty trajectory for plan [56, 55, 39]
[ccr_local_planner-14] [WARN] [1729090765.111187254] [robotA.ccr_local_planner]: trajectory has only one point
[ccr_local_planner-14] [INFO] [1729090765.111616357] [robotA.ccr_local_planner]: path: [56, 55, 39]
[ccr_local_planner-14] [INFO] [1729090765.112020584] [robotA.ccr_local_planner]: wps: [(0.4111064147294826, 0.45862154728543675, -2.8838333877564994), (0.4111064147294826, 0.45862154728543675, nan), (0.5, 0.5, nan)]
[ccr_local_planner-14] [INFO] [1729090765.112448325] [robotA.ccr_local_planner]: result_path: [<POINT (0.411 0.459)>, <POINT (0.5 0.5)>]
[ccr_local_planner-14] [INFO] [1729090765.112855748] [robotA.ccr_local_planner]: [31msending single point trajectory[0m
[ccr_local_planner-14] [INFO] [1729090765.128086254] [robotA.ccr_local_planner]: empty trajectory for plan [56, 55, 39]
[ccr_local_planner-14] [INFO] [1729090765.132094609] [robotA.ccr_local_planner]: empty trajectory for plan [56, 55, 39]
[ccr_local_planner-14] [INFO] [1729090765.329282937] [robotA.ccr_local_planner]: empty trajectory for plan [56, 55, 39]
[command_node-3] [INFO] [1729090766.509367088] [command_node]: robotA: running
[ccr_local_planner-14] [WARN] [1729090768.116583004] [robotA.ccr_local_planner]: trajectory has only one point
[ccr_local_planner-14] [INFO] [1729090768.116908463] [robotA.ccr_local_planner]: path: [56, 55, 39]
[ccr_local_planner-14] [INFO] [1729090768.117191413] [robotA.ccr_local_planner]: wps: [(0.4085749518944417, 0.5351230073406349, -0.13336239734499072), (0.4085749518944417, 0.5351230073406349, nan), (0.5, 0.5, nan)]
[ccr_local_planner-14] [INFO] [1729090768.117464985] [robotA.ccr_local_planner]: result_path: [<POINT (0.409 0.535)>, <POINT (0.5 0.5)>]
[ccr_local_planner-14] [INFO] [1729090768.117748526] [robotA.ccr_local_planner]: [31msending single point trajectory[0m
[ccr_local_planner-14] [INFO] [1729090768.134679476] [robotA.ccr_local_planner]: empty trajectory for plan [56, 55, 39]
[ccr_local_planner-14] [WARN] [1729090768.318655047] [robotA.ccr_local_planner]: trajectory has only one point
[ccr_local_planner-14] [INFO] [1729090768.319078440] [robotA.ccr_local_planner]: path: [56, 55, 39]
[ccr_local_planner-14] [INFO] [1729090768.319471025] [robotA.ccr_local_planner]: wps: [(0.4304879226024865, 0.5316192268448379, -0.17556168069702113), (0.4304879226024865, 0.5316192268448379, nan), (0.5, 0.5, nan)]
[ccr_local_planner-14] [INFO] [1729090768.319863920] [robotA.ccr_local_planner]: result_path: [<POINT (0.43 0.532)>, <POINT (0.5 0.5)>]
[ccr_local_planner-14] [INFO] [1729090768.320252027] [robotA.ccr_local_planner]: [31msending single point trajectory[0m
[ccr_local_planner-14] [INFO] [1729090768.335918119] [robotA.ccr_local_planner]: empty trajectory for plan [56, 55, 39]
[ccr_local_planner-14] [INFO] [1729090768.336648276] [robotA.ccr_local_planner]: empty trajectory for plan [56, 55, 39]
[command_node-3] [INFO] [1729090768.512470751] [command_node]: robotA: running
[ccr_local_planner-14] [INFO] [1729090768.519824770] [robotA.ccr_local_planner]: empty trajectory for plan [56, 55, 39]
[ccr_local_planner-14] [WARN] [1729090768.523389424] [robotA.ccr_local_planner]: trajectory has only one point
[ccr_local_planner-14] [INFO] [1729090768.523654530] [robotA.ccr_local_planner]: path: [56, 55, 39]
[ccr_local_planner-14] [INFO] [1729090768.523913455] [robotA.ccr_local_planner]: wps: [(0.4346738743564604, 0.5256779721768577, -0.15544825581708613), (0.4346738743564604, 0.5256779721768577, nan), (0.5, 0.5, nan)]
[ccr_local_planner-14] [INFO] [1729090768.524171909] [robotA.ccr_local_planner]: result_path: [<POINT (0.435 0.526)>, <POINT (0.5 0.5)>]
[ccr_local_planner-14] [INFO] [1729090768.524454057] [robotA.ccr_local_planner]: [31msending single point trajectory[0m
[ccr_local_planner-14] [INFO] [1729090768.539563758] [robotA.ccr_local_planner]: empty trajectory for plan [56, 55, 39]
[ccr_local_planner-14] [WARN] [1729090768.719914271] [robotA.ccr_local_planner]: trajectory has only one point
[ccr_local_planner-14] [INFO] [1729090768.720393949] [robotA.ccr_local_planner]: path: [56, 55, 39]
[ccr_local_planner-14] [INFO] [1729090768.720822862] [robotA.ccr_local_planner]: wps: [(0.43885506941554775, 0.5250323215959081, -0.15491464139831873), (0.43885506941554775, 0.5250323215959081, nan), (0.5, 0.5, nan)]
[ccr_local_planner-14] [INFO] [1729090768.721246545] [robotA.ccr_local_planner]: result_path: [<POINT (0.439 0.525)>, <POINT (0.5 0.5)>]
[ccr_local_planner-14] [INFO] [1729090768.721659599] [robotA.ccr_local_planner]: [31msending single point trajectory[0m
[ccr_local_planner-14] [INFO] [1729090768.738963006] [robotA.ccr_local_planner]: empty trajectory for plan [56, 55, 39]
[ccr_local_planner-14] [INFO] [1729090768.743398661] [robotA.ccr_local_planner]: empty trajectory for plan [56, 55, 39]
[ccr_local_planner-14] [WARN] [1729090768.917997174] [robotA.ccr_local_planner]: trajectory has only one point
[ccr_local_planner-14] [INFO] [1729090768.918460091] [robotA.ccr_local_planner]: path: [56, 55, 39]
[ccr_local_planner-14] [INFO] [1729090768.918856163] [robotA.ccr_local_planner]: wps: [(0.44306254283992036, 0.5243728816872393, -0.1549401605384014), (0.44306254283992036, 0.5243728816872393, nan), (0.5, 0.5, nan)]
[ccr_local_planner-14] [INFO] [1729090768.919257264] [robotA.ccr_local_planner]: result_path: [<POINT (0.443 0.524)>, <POINT (0.5 0.5)>]
[ccr_local_planner-14] [INFO] [1729090768.919648657] [robotA.ccr_local_planner]: [31msending single point trajectory[0m
[ccr_local_planner-14] [INFO] [1729090768.936504596] [robotA.ccr_local_planner]: empty trajectory for plan [56, 55, 39]
[ccr_local_planner-14] [INFO] [1729090768.943271236] [robotA.ccr_local_planner]: empty trajectory for plan [56, 55, 39]
[ccr_local_planner-14] [WARN] [1729090769.216282840] [robotA.ccr_local_planner]: trajectory has only one point
[ccr_local_planner-14] [INFO] [1729090769.216613749] [robotA.ccr_local_planner]: path: [56, 55, 39]
[ccr_local_planner-14] [INFO] [1729090769.216910124] [robotA.ccr_local_planner]: wps: [(0.4472743495656754, 0.5237132439574593, -0.1549072572806084), (0.4472743495656754, 0.5237132439574593, nan), (0.5, 0.5, nan)]
[ccr_local_planner-14] [INFO] [1729090769.217193695] [robotA.ccr_local_planner]: result_path: [<POINT (0.447 0.524)>, <POINT (0.5 0.5)>]
[ccr_local_planner-14] [INFO] [1729090769.217480662] [robotA.ccr_local_planner]: [31msending single point trajectory[0m
[ccr_local_planner-14] [INFO] [1729090769.232147333] [robotA.ccr_local_planner]: empty trajectory for plan [56, 55, 39]
[ccr_local_planner-14] [INFO] [1729090769.232972949] [robotA.ccr_local_planner]: empty trajectory for plan [56, 55, 39]
[ccr_local_planner-14] [WARN] [1729090769.416344328] [robotA.ccr_local_planner]: trajectory has only one point
[ccr_local_planner-14] [INFO] [1729090769.416640913] [robotA.ccr_local_planner]: path: [56, 55, 39]
[ccr_local_planner-14] [INFO] [1729090769.416902042] [robotA.ccr_local_planner]: wps: [(0.45119937325509746, 0.5231023196491652, -0.15505453058556398), (0.45119937325509746, 0.5231023196491652, nan), (0.5, 0.5, nan)]
[ccr_local_planner-14] [INFO] [1729090769.417160175] [robotA.ccr_local_planner]: result_path: [<POINT (0.451 0.523)>, <POINT (0.5 0.5)>]
[ccr_local_planner-14] [INFO] [1729090769.417417116] [robotA.ccr_local_planner]: [31msending single point trajectory[0m
[ccr_local_planner-14] [INFO] [1729090769.431300080] [robotA.ccr_local_planner]: empty trajectory for plan [56, 55, 39]
[ccr_local_planner-14] [INFO] [1729090769.432032542] [robotA.ccr_local_planner]: empty trajectory for plan [56, 55, 39]
[ccr_local_planner-14] [WARN] [1729090769.619381518] [robotA.ccr_local_planner]: trajectory has only one point
[ccr_local_planner-14] [INFO] [1729090769.619799551] [robotA.ccr_local_planner]: path: [56, 55, 39]
[ccr_local_planner-14] [INFO] [1729090769.620185884] [robotA.ccr_local_planner]: wps: [(0.4551178487729112, 0.5224884071006646, -0.15498267623511458), (0.4551178487729112, 0.5224884071006646, nan), (0.5, 0.5, nan)]
[ccr_local_planner-14] [INFO] [1729090769.620614476] [robotA.ccr_local_planner]: result_path: [<POINT (0.455 0.522)>, <POINT (0.5 0.5)>]
[ccr_local_planner-14] [INFO] [1729090769.621004517] [robotA.ccr_local_planner]: [31msending single point trajectory[0m
[ccr_local_planner-14] [INFO] [1729090769.639084889] [robotA.ccr_local_planner]: empty trajectory for plan [56, 55, 39]
[ccr_local_planner-14] [INFO] [1729090769.639801200] [robotA.ccr_local_planner]: empty trajectory for plan [56, 55, 39]
[ccr_local_planner-14] [WARN] [1729090769.823033950] [robotA.ccr_local_planner]: trajectory has only one point
[ccr_local_planner-14] [INFO] [1729090769.823319114] [robotA.ccr_local_planner]: path: [56, 55, 39]
[ccr_local_planner-14] [INFO] [1729090769.823581595] [robotA.ccr_local_planner]: wps: [(0.45903707911850106, 0.521875516615878, -0.15491533759628898), (0.45903707911850106, 0.521875516615878, nan), (0.5, 0.5, nan)]
[ccr_local_planner-14] [INFO] [1729090769.823842814] [robotA.ccr_local_planner]: result_path: [<POINT (0.459 0.522)>, <POINT (0.5 0.5)>]
[ccr_local_planner-14] [INFO] [1729090769.824103683] [robotA.ccr_local_planner]: [31msending single point trajectory[0m
[ccr_local_planner-14] [INFO] [1729090769.838324248] [robotA.ccr_local_planner]: empty trajectory for plan [56, 55, 39]
[ccr_local_planner-14] [INFO] [1729090769.839127953] [robotA.ccr_local_planner]: empty trajectory for plan [56, 55, 39]
[ccr_local_planner-14] [WARN] [1729090770.019377918] [robotA.ccr_local_planner]: trajectory has only one point
[ccr_local_planner-14] [INFO] [1729090770.019902600] [robotA.ccr_local_planner]: path: [56, 55, 39]
[ccr_local_planner-14] [INFO] [1729090770.020429647] [robotA.ccr_local_planner]: wps: [(0.4629611747217855, 0.5212625272876625, -0.15497735583806246), (0.4629611747217855, 0.5212625272876625, nan), (0.5, 0.5, nan)]
[ccr_local_planner-14] [INFO] [1729090770.020934712] [robotA.ccr_local_planner]: result_path: [<POINT (0.463 0.521)>, <POINT (0.5 0.5)>]
[ccr_local_planner-14] [INFO] [1729090770.021204447] [robotA.ccr_local_planner]: [31msending single point trajectory[0m
[ccr_local_planner-14] [INFO] [1729090770.034872709] [robotA.ccr_local_planner]: empty trajectory for plan [56, 55, 39]
[ccr_local_planner-14] [INFO] [1729090770.038910208] [robotA.ccr_local_planner]: empty trajectory for plan [56, 55, 39]
[ccr_local_planner-14] [WARN] [1729090770.219286831] [robotA.ccr_local_planner]: trajectory has only one point
[ccr_local_planner-14] [INFO] [1729090770.219728457] [robotA.ccr_local_planner]: path: [56, 55, 39]
[ccr_local_planner-14] [INFO] [1729090770.220122084] [robotA.ccr_local_planner]: wps: [(0.46688123562207506, 0.5206503008687701, -0.15500448440142905), (0.46688123562207506, 0.5206503008687701, nan), (0.5, 0.5, nan)]
[ccr_local_planner-14] [INFO] [1729090770.220536120] [robotA.ccr_local_planner]: result_path: [<POINT (0.467 0.521)>, <POINT (0.5 0.5)>]
[ccr_local_planner-14] [INFO] [1729090770.220949013] [robotA.ccr_local_planner]: [31msending single point trajectory[0m
[ccr_local_planner-14] [INFO] [1729090770.236044506] [robotA.ccr_local_planner]: empty trajectory for plan [56, 55, 39]
[ccr_local_planner-14] [INFO] [1729090770.240179458] [robotA.ccr_local_planner]: empty trajectory for plan [56, 55, 39]
[ccr_local_planner-14] [WARN] [1729090770.422091565] [robotA.ccr_local_planner]: trajectory has only one point
[ccr_local_planner-14] [INFO] [1729090770.422627398] [robotA.ccr_local_planner]: path: [56, 55, 39]
[ccr_local_planner-14] [INFO] [1729090770.423140439] [robotA.ccr_local_planner]: wps: [(0.4705051771933114, 0.5200809367864767, -0.15483813716049366), (0.4705051771933114, 0.5200809367864767, nan), (0.5, 0.5, nan)]
[ccr_local_planner-14] [INFO] [1729090770.423673216] [robotA.ccr_local_planner]: result_path: [<POINT (0.471 0.52)>, <POINT (0.5 0.5)>]
[ccr_local_planner-14] [INFO] [1729090770.424186537] [robotA.ccr_local_planner]: [31msending single point trajectory[0m
[ccr_local_planner-14] [INFO] [1729090770.441731827] [robotA.ccr_local_planner]: empty trajectory for plan [56, 55, 39]
[ccr_local_planner-14] [INFO] [1729090770.445928825] [robotA.ccr_local_planner]: empty trajectory for plan [56, 55, 39]
[command_node-3] [INFO] [1729090770.615936274] [command_node]: robotA: running
[ccr_local_planner-14] [WARN] [1729090770.620597962] [robotA.ccr_local_planner]: trajectory has only one point
[ccr_local_planner-14] [INFO] [1729090770.621120330] [robotA.ccr_local_planner]: path: [56, 55, 39]
[ccr_local_planner-14] [INFO] [1729090770.621610638] [robotA.ccr_local_planner]: wps: [(0.4741312731692576, 0.5195197967388566, -0.15494021249293788), (0.4741312731692576, 0.5195197967388566, nan), (0.5, 0.5, nan)]
[ccr_local_planner-14] [INFO] [1729090770.622105374] [robotA.ccr_local_planner]: result_path: [<POINT (0.474 0.52)>, <POINT (0.5 0.5)>]
[ccr_local_planner-14] [INFO] [1729090770.622595772] [robotA.ccr_local_planner]: [31msending single point trajectory[0m
[ccr_local_planner-14] [INFO] [1729090770.639837935] [robotA.ccr_local_planner]: empty trajectory for plan [56, 55, 39]
[ccr_local_planner-14] [INFO] [1729090770.643825190] [robotA.ccr_local_planner]: empty trajectory for plan [56, 55, 39]
[ccr_local_planner-14] [WARN] [1729090770.821548975] [robotA.ccr_local_planner]: trajectory has only one point
[ccr_local_planner-14] [INFO] [1729090770.822048340] [robotA.ccr_local_planner]: path: [56, 55, 39]
[ccr_local_planner-14] [INFO] [1729090770.822522237] [robotA.ccr_local_planner]: wps: [(0.47804094972013267, 0.5189112706775206, -0.15498060924843013), (0.47804094972013267, 0.5189112706775206, nan), (0.5, 0.5, nan)]
[ccr_local_planner-14] [INFO] [1729090770.822995974] [robotA.ccr_local_planner]: result_path: [<POINT (0.478 0.519)>, <POINT (0.5 0.5)>]
[ccr_local_planner-14] [INFO] [1729090770.823414338] [robotA.ccr_local_planner]: [31msending single point trajectory[0m
[ccr_local_planner-14] [INFO] [1729090770.840102022] [robotA.ccr_local_planner]: empty trajectory for plan [56, 55, 39]
[ccr_local_planner-14] [INFO] [1729090770.844118342] [robotA.ccr_local_planner]: empty trajectory for plan [56, 55, 39]
[ccr_local_planner-14] [WARN] [1729090771.022179149] [robotA.ccr_local_planner]: trajectory has only one point
[ccr_local_planner-14] [INFO] [1729090771.022810381] [robotA.ccr_local_planner]: path: [56, 55, 39]
[ccr_local_planner-14] [INFO] [1729090771.023332648] [robotA.ccr_local_planner]: wps: [(0.4819707630742595, 0.5182986097849912, -0.15497218779462912), (0.4819707630742595, 0.5182986097849912, nan), (0.5, 0.5, nan)]
[ccr_local_planner-14] [INFO] [1729090771.023844587] [robotA.ccr_local_planner]: result_path: [<POINT (0.482 0.518)>, <POINT (0.5 0.5)>]
[ccr_local_planner-14] [INFO] [1729090771.024394456] [robotA.ccr_local_planner]: [31msending single point trajectory[0m
[ccr_local_planner-14] [INFO] [1729090771.039229332] [robotA.ccr_local_planner]: empty trajectory for plan [56, 55, 39]
[ccr_local_planner-14] [INFO] [1729090771.043423334] [robotA.ccr_local_planner]: empty trajectory for plan [56, 55, 39]
[ccr_local_planner-14] [WARN] [1729090771.221934153] [robotA.ccr_local_planner]: trajectory has only one point
[ccr_local_planner-14] [INFO] [1729090771.222468243] [robotA.ccr_local_planner]: path: [56, 55, 39]
[ccr_local_planner-14] [INFO] [1729090771.222971786] [robotA.ccr_local_planner]: wps: [(0.48617212311888564, 0.5176436433404542, -0.15497413295342174), (0.48617212311888564, 0.5176436433404542, nan), (0.5, 0.5, nan)]
[ccr_local_planner-14] [INFO] [1729090771.223592438] [robotA.ccr_local_planner]: result_path: [<POINT (0.486 0.518)>, <POINT (0.5 0.5)>]
[ccr_local_planner-14] [INFO] [1729090771.224234540] [robotA.ccr_local_planner]: [31msending single point trajectory[0m
[ccr_local_planner-14] [INFO] [1729090771.286317850] [robotA.ccr_local_planner]: empty trajectory for plan [56, 55, 39]
[ccr_local_planner-14] [INFO] [1729090771.290488759] [robotA.ccr_local_planner]: empty trajectory for plan [56, 55, 39]
[ccr_local_planner-14] [WARN] [1729090771.419801974] [robotA.ccr_local_planner]: trajectory has only one point
[ccr_local_planner-14] [INFO] [1729090771.420104651] [robotA.ccr_local_planner]: path: [56, 55, 39]
[ccr_local_planner-14] [INFO] [1729090771.420400204] [robotA.ccr_local_planner]: wps: [(0.4903666328552867, 0.5169859963891791, -0.15508038820156958), (0.4903666328552867, 0.5169859963891791, nan), (0.5, 0.5, nan)]
[ccr_local_planner-14] [INFO] [1729090771.420677163] [robotA.ccr_local_planner]: result_path: [<POINT (0.49 0.517)>, <POINT (0.5 0.5)>]
[ccr_local_planner-14] [INFO] [1729090771.420973468] [robotA.ccr_local_planner]: [31msending single point trajectory[0m
[ccr_local_planner-14] [INFO] [1729090771.436763972] [robotA.ccr_local_planner]: empty trajectory for plan [56, 55, 39]
[ccr_local_planner-14] [INFO] [1729090771.437435760] [robotA.ccr_local_planner]: empty trajectory for plan [56, 55, 39]
[ccr_local_planner-14] [WARN] [1729090771.623946918] [robotA.ccr_local_planner]: trajectory has only one point
[ccr_local_planner-14] [INFO] [1729090771.624563172] [robotA.ccr_local_planner]: path: [56, 55, 39]
[ccr_local_planner-14] [INFO] [1729090771.625141214] [robotA.ccr_local_planner]: wps: [(0.49427707598798076, 0.5163720036190771, -0.15510186554408914), (0.49427707598798076, 0.5163720036190771, nan), (0.5, 0.5, nan)]
[ccr_local_planner-14] [INFO] [1729090771.625745836] [robotA.ccr_local_planner]: result_path: [<POINT (0.494 0.516)>, <POINT (0.5 0.5)>]
[ccr_local_planner-14] [INFO] [1729090771.626385063] [robotA.ccr_local_planner]: [31msending single point trajectory[0m
[ccr_local_planner-14] [INFO] [1729090771.641240326] [robotA.ccr_local_planner]: empty trajectory for plan [56, 55, 39]
[ccr_local_planner-14] [INFO] [1729090771.642016540] [robotA.ccr_local_planner]: empty trajectory for plan [56, 55, 39]
[ccr_local_planner-14] [WARN] [1729090771.822470387] [robotA.ccr_local_planner]: trajectory has only one point
[ccr_local_planner-14] [INFO] [1729090771.822847563] [robotA.ccr_local_planner]: path: [56, 55, 39]
[ccr_local_planner-14] [INFO] [1729090771.823241571] [robotA.ccr_local_planner]: wps: [(0.4984841272555468, 0.5157175191746459, -0.15505810391727973), (0.4984841272555468, 0.5157175191746459, nan), (0.5, 0.5, nan)]
[ccr_local_planner-14] [INFO] [1729090771.823612024] [robotA.ccr_local_planner]: result_path: [<POINT (0.498 0.516)>, <POINT (0.5 0.5)>]
[ccr_local_planner-14] [INFO] [1729090771.823972439] [robotA.ccr_local_planner]: [31msending single point trajectory[0m
[ccr_local_planner-14] [INFO] [1729090771.837370494] [robotA.ccr_local_planner]: empty trajectory for plan [56, 55, 39]
[ccr_local_planner-14] [INFO] [1729090771.838184599] [robotA.ccr_local_planner]: empty trajectory for plan [56, 55, 39]
[ccr_local_planner-14] [WARN] [1729090772.023815689] [robotA.ccr_local_planner]: trajectory has only one point
[ccr_local_planner-14] [INFO] [1729090772.024250803] [robotA.ccr_local_planner]: path: [56, 55, 39]
[ccr_local_planner-14] [INFO] [1729090772.024673144] [robotA.ccr_local_planner]: wps: [(0.5026789821056217, 0.5150635287162395, -0.15504688479290826), (0.5026789821056217, 0.5150635287162395, nan), (0.5, 0.5, nan)]
[ccr_local_planner-14] [INFO] [1729090772.025083142] [robotA.ccr_local_planner]: result_path: [<POINT (0.503 0.515)>, <POINT (0.5 0.5)>]
[ccr_local_planner-14] [INFO] [1729090772.025489112] [robotA.ccr_local_planner]: [31msending single point trajectory[0m
[ccr_local_planner-14] [INFO] [1729090772.044922998] [robotA.ccr_local_planner]: empty trajectory for plan [56, 55, 39]
[ccr_local_planner-14] [INFO] [1729090772.045627066] [robotA.ccr_local_planner]: empty trajectory for plan [56, 55, 39]
[ccr_local_planner-14] [WARN] [1729090772.226524804] [robotA.ccr_local_planner]: trajectory has only one point
[ccr_local_planner-14] [INFO] [1729090772.226797645] [robotA.ccr_local_planner]: path: [56, 55, 39]
[ccr_local_planner-14] [INFO] [1729090772.227055929] [robotA.ccr_local_planner]: wps: [(0.507155073451788, 0.5143654536309321, -0.15506638799111624), (0.507155073451788, 0.5143654536309321, nan), (0.5, 0.5, nan)]
[ccr_local_planner-14] [INFO] [1729090772.227312770] [robotA.ccr_local_planner]: result_path: [<POINT (0.507 0.514)>, <POINT (0.5 0.5)>]
[ccr_local_planner-14] [INFO] [1729090772.227565232] [robotA.ccr_local_planner]: [31msending single point trajectory[0m
[ccr_local_planner-14] [INFO] [1729090772.240956585] [robotA.ccr_local_planner]: empty trajectory for plan [56, 55, 39]
[ccr_local_planner-14] [INFO] [1729090772.241675581] [robotA.ccr_local_planner]: empty trajectory for plan [56, 55, 39]
[ccr_local_planner-14] [WARN] [1729090772.424615402] [robotA.ccr_local_planner]: trajectory has only one point
[ccr_local_planner-14] [INFO] [1729090772.425134474] [robotA.ccr_local_planner]: path: [56, 55, 39]
[ccr_local_planner-14] [INFO] [1729090772.425592001] [robotA.ccr_local_planner]: wps: [(0.511075092277155, 0.5137552135492139, -0.1550622170211416), (0.511075092277155, 0.5137552135492139, nan), (0.5, 0.5, nan)]
[ccr_local_planner-14] [INFO] [1729090772.426001147] [robotA.ccr_local_planner]: result_path: [<POINT (0.511 0.514)>, <POINT (0.5 0.5)>]
[ccr_local_planner-14] [INFO] [1729090772.426396267] [robotA.ccr_local_planner]: [31msending single point trajectory[0m
[ccr_local_planner-14] [INFO] [1729090772.443790123] [robotA.ccr_local_planner]: empty trajectory for plan [56, 55, 39]
[ccr_local_planner-14] [INFO] [1729090772.447740820] [robotA.ccr_local_planner]: empty trajectory for plan [56, 55, 39]
[command_node-3] [INFO] [1729090772.620620847] [command_node]: robotA: running
[ccr_local_planner-14] [WARN] [1729090772.624941516] [robotA.ccr_local_planner]: trajectory has only one point
[ccr_local_planner-14] [INFO] [1729090772.625402680] [robotA.ccr_local_planner]: path: [56, 55, 39]
[ccr_local_planner-14] [INFO] [1729090772.625893769] [robotA.ccr_local_planner]: wps: [(0.5152750601800998, 0.5130992903881769, -0.15508100591142213), (0.5152750601800998, 0.5130992903881769, nan), (0.5, 0.5, nan)]
[ccr_local_planner-14] [INFO] [1729090772.626365803] [robotA.ccr_local_planner]: result_path: [<POINT (0.515 0.513)>, <POINT (0.5 0.5)>]
[ccr_local_planner-14] [INFO] [1729090772.626855871] [robotA.ccr_local_planner]: [31msending single point trajectory[0m
[ccr_local_planner-14] [INFO] [1729090772.644115756] [robotA.ccr_local_planner]: empty trajectory for plan [56, 55, 39]
[ccr_local_planner-14] [INFO] [1729090772.648026258] [robotA.ccr_local_planner]: empty trajectory for plan [56, 55, 39]
[ccr_local_planner-14] [WARN] [1729090772.825675353] [robotA.ccr_local_planner]: trajectory has only one point
[ccr_local_planner-14] [INFO] [1729090772.826182853] [robotA.ccr_local_planner]: path: [56, 55, 39]
[ccr_local_planner-14] [INFO] [1729090772.826573214] [robotA.ccr_local_planner]: wps: [(0.5161444199515729, 0.5129618583094504, -0.15504577924112775), (0.5161444199515729, 0.5129618583094504, nan), (0.5, 0.5, nan)]
[ccr_local_planner-14] [INFO] [1729090772.826961972] [robotA.ccr_local_planner]: result_path: [<POINT (0.516 0.513)>, <POINT (0.5 0.5)>]
[ccr_local_planner-14] [INFO] [1729090772.827352894] [robotA.ccr_local_planner]: [31msending single point trajectory[0m
[ccr_local_planner-14] [INFO] [1729090772.845675760] [robotA.ccr_local_planner]: empty trajectory for plan [56, 55, 39]
[ccr_local_planner-14] [INFO] [1729090772.849720584] [robotA.ccr_local_planner]: empty trajectory for plan [56, 55, 39]
[ccr_local_planner-14] [WARN] [1729090773.026099561] [robotA.ccr_local_planner]: trajectory has only one point
[ccr_local_planner-14] [INFO] [1729090773.026620717] [robotA.ccr_local_planner]: path: [56, 55, 39]
[ccr_local_planner-14] [INFO] [1729090773.027132014] [robotA.ccr_local_planner]: wps: [(0.5200574558042278, 0.5123438530215334, -0.15490913755287636), (0.5200574558042278, 0.5123438530215334, nan), (0.5, 0.5, nan)]
[ccr_local_planner-14] [INFO] [1729090773.027629876] [robotA.ccr_local_planner]: result_path: [<POINT (0.52 0.512)>, <POINT (0.5 0.5)>]
[ccr_local_planner-14] [INFO] [1729090773.028146183] [robotA.ccr_local_planner]: [31msending single point trajectory[0m
[ccr_local_planner-14] [INFO] [1729090773.041593190] [robotA.ccr_local_planner]: empty trajectory for plan [56, 55, 39]
[ccr_local_planner-14] [INFO] [1729090773.045599952] [robotA.ccr_local_planner]: empty trajectory for plan [56, 55, 39]
[ccr_local_planner-14] [WARN] [1729090773.225324282] [robotA.ccr_local_planner]: trajectory has only one point
[ccr_local_planner-14] [INFO] [1729090773.225737456] [robotA.ccr_local_planner]: path: [56, 55, 39]
[ccr_local_planner-14] [INFO] [1729090773.226125613] [robotA.ccr_local_planner]: wps: [(0.5239840199028707, 0.5117307009838972, -0.15492237019648997), (0.5239840199028707, 0.5117307009838972, nan), (0.5, 0.5, nan)]
[ccr_local_planner-14] [INFO] [1729090773.226519640] [robotA.ccr_local_planner]: result_path: [<POINT (0.524 0.512)>, <POINT (0.5 0.5)>]
[ccr_local_planner-14] [INFO] [1729090773.226907647] [robotA.ccr_local_planner]: [31msending single point trajectory[0m
[ccr_local_planner-14] [INFO] [1729090773.240814595] [robotA.ccr_local_planner]: empty trajectory for plan [56, 55, 39]
[ccr_local_planner-14] [INFO] [1729090773.245222949] [robotA.ccr_local_planner]: empty trajectory for plan [56, 55, 39]
[ccr_local_planner-14] [WARN] [1729090773.426052680] [robotA.ccr_local_planner]: trajectory has only one point
[ccr_local_planner-14] [INFO] [1729090773.426635992] [robotA.ccr_local_planner]: path: [56, 55, 39]
[ccr_local_planner-14] [INFO] [1729090773.427051690] [robotA.ccr_local_planner]: wps: [(0.5279075998190214, 0.5111178692118993, -0.1549631082159845), (0.5279075998190214, 0.5111178692118993, nan), (0.5, 0.5, nan)]
[ccr_local_planner-14] [INFO] [1729090773.427665580] [robotA.ccr_local_planner]: result_path: [<POINT (0.528 0.511)>, <POINT (0.5 0.5)>]
[ccr_local_planner-14] [INFO] [1729090773.428228263] [robotA.ccr_local_planner]: [31msending single point trajectory[0m
[ccr_local_planner-14] [INFO] [1729090773.445347596] [robotA.ccr_local_planner]: empty trajectory for plan [56, 55, 39]
[ccr_local_planner-14] [INFO] [1729090773.449218423] [robotA.ccr_local_planner]: empty trajectory for plan [56, 55, 39]
[ccr_local_planner-14] [WARN] [1729090773.627581916] [robotA.ccr_local_planner]: trajectory has only one point
[ccr_local_planner-14] [INFO] [1729090773.628031638] [robotA.ccr_local_planner]: path: [56, 55, 39]
[ccr_local_planner-14] [INFO] [1729090773.628450091] [robotA.ccr_local_planner]: wps: [(0.5321046515486149, 0.5104617880109763, -0.1549789635201904), (0.5321046515486149, 0.5104617880109763, nan), (0.5, 0.5, nan)]
[ccr_local_planner-14] [INFO] [1729090773.628843217] [robotA.ccr_local_planner]: result_path: [<POINT (0.532 0.51)>, <POINT (0.5 0.5)>]
[ccr_local_planner-14] [INFO] [1729090773.629253966] [robotA.ccr_local_planner]: [31msending single point trajectory[0m
[ccr_local_planner-14] [INFO] [1729090773.645596154] [robotA.ccr_local_planner]: empty trajectory for plan [56, 55, 39]
[ccr_local_planner-14] [INFO] [1729090773.649342609] [robotA.ccr_local_planner]: empty trajectory for plan [56, 55, 39]
[ccr_local_planner-14] [WARN] [1729090773.828185469] [robotA.ccr_local_planner]: trajectory has only one point
[ccr_local_planner-14] [INFO] [1729090773.828821410] [robotA.ccr_local_planner]: path: [56, 55, 39]
[ccr_local_planner-14] [INFO] [1729090773.829412016] [robotA.ccr_local_planner]: wps: [(0.5363012240884502, 0.509806472975835, -0.15494052101386444), (0.5363012240884502, 0.509806472975835, nan), (0.5, 0.5, nan)]
[ccr_local_planner-14] [INFO] [1729090773.829988575] [robotA.ccr_local_planner]: result_path: [<POINT (0.536 0.51)>, <POINT (0.5 0.5)>]
[ccr_local_planner-14] [INFO] [1729090773.830439800] [robotA.ccr_local_planner]: [31msending single point trajectory[0m
[ccr_local_planner-14] [INFO] [1729090773.846518404] [robotA.ccr_local_planner]: empty trajectory for plan [56, 55, 39]
[ccr_local_planner-14] [INFO] [1729090773.850391706] [robotA.ccr_local_planner]: empty trajectory for plan [56, 55, 39]
[ccr_local_planner-14] [WARN] [1729090774.025559756] [robotA.ccr_local_planner]: trajectory has only one point
[ccr_local_planner-14] [INFO] [1729090774.025841383] [robotA.ccr_local_planner]: path: [56, 55, 39]
[ccr_local_planner-14] [INFO] [1729090774.026106109] [robotA.ccr_local_planner]: wps: [(0.5405006766384473, 0.5091506056100017, -0.1549779676287694), (0.5405006766384473, 0.5091506056100017, nan), (0.5, 0.5, nan)]
[ccr_local_planner-14] [INFO] [1729090774.026377307] [robotA.ccr_local_planner]: result_path: [<POINT (0.541 0.509)>, <POINT (0.5 0.5)>]
[ccr_local_planner-14] [INFO] [1729090774.026640980] [robotA.ccr_local_planner]: [31msending single point trajectory[0m
[ccr_local_planner-14] [INFO] [1729090774.043329156] [robotA.ccr_local_planner]: empty trajectory for plan [56, 55, 39]
[ccr_local_planner-14] [INFO] [1729090774.044036921] [robotA.ccr_local_planner]: empty trajectory for plan [56, 55, 39]
[ccr_local_planner-14] [WARN] [1729090774.226267264] [robotA.ccr_local_planner]: trajectory has only one point
[ccr_local_planner-14] [INFO] [1729090774.226563860] [robotA.ccr_local_planner]: path: [56, 55, 39]
[ccr_local_planner-14] [INFO] [1729090774.226829166] [robotA.ccr_local_planner]: wps: [(0.5444201551737697, 0.508538137062593, -0.1550480634089998), (0.5444201551737697, 0.508538137062593, nan), (0.5, 0.5, nan)]
[ccr_local_planner-14] [INFO] [1729090774.227092059] [robotA.ccr_local_planner]: result_path: [<POINT (0.544 0.509)>, <POINT (0.5 0.5)>]
[ccr_local_planner-14] [INFO] [1729090774.227352346] [robotA.ccr_local_planner]: [31msending single point trajectory[0m
[ccr_local_planner-14] [INFO] [1729090774.241410718] [robotA.ccr_local_planner]: empty trajectory for plan [56, 55, 39]
[ccr_local_planner-14] [INFO] [1729090774.242147637] [robotA.ccr_local_planner]: empty trajectory for plan [56, 55, 39]
[ccr_local_planner-14] [WARN] [1729090774.427770852] [robotA.ccr_local_planner]: trajectory has only one point
[ccr_local_planner-14] [INFO] [1729090774.428059212] [robotA.ccr_local_planner]: path: [56, 55, 39]
[ccr_local_planner-14] [INFO] [1729090774.428318438] [robotA.ccr_local_planner]: wps: [(0.5486181935699646, 0.5078823483919859, -0.15503918799698088), (0.5486181935699646, 0.5078823483919859, nan), (0.5, 0.5, nan)]
[ccr_local_planner-14] [INFO] [1729090774.428566422] [robotA.ccr_local_planner]: result_path: [<POINT (0.549 0.508)>, <POINT (0.5 0.5)>]
[ccr_local_planner-14] [INFO] [1729090774.428811451] [robotA.ccr_local_planner]: [31msending single point trajectory[0m
[ccr_local_planner-14] [INFO] [1729090774.442258848] [robotA.ccr_local_planner]: empty trajectory for plan [56, 55, 39]
[ccr_local_planner-14] [INFO] [1729090774.443017308] [robotA.ccr_local_planner]: empty trajectory for plan [56, 55, 39]
[command_node-3] [INFO] [1729090774.625413262] [command_node]: robotA: running
[ccr_local_planner-14] [WARN] [1729090774.628038387] [robotA.ccr_local_planner]: trajectory has only one point
[ccr_local_planner-14] [INFO] [1729090774.628314484] [robotA.ccr_local_planner]: path: [56, 55, 39]
[ccr_local_planner-14] [INFO] [1729090774.628563169] [robotA.ccr_local_planner]: wps: [(0.5528184909512076, 0.5072263484029005, -0.15504091308223142), (0.5528184909512076, 0.5072263484029005, nan), (0.5, 0.5, nan)]
[ccr_local_planner-14] [INFO] [1729090774.628811615] [robotA.ccr_local_planner]: result_path: [<POINT (0.553 0.507)>, <POINT (0.5 0.5)>]
[ccr_local_planner-14] [INFO] [1729090774.629062404] [robotA.ccr_local_planner]: [31msending single point trajectory[0m
[ccr_local_planner-14] [INFO] [1729090774.642666956] [robotA.ccr_local_planner]: empty trajectory for plan [56, 55, 39]
[ccr_local_planner-14] [INFO] [1729090774.643381754] [robotA.ccr_local_planner]: empty trajectory for plan [56, 55, 39]
[ccr_local_planner-14] [WARN] [1729090774.833949487] [robotA.ccr_local_planner]: trajectory has only one point
[ccr_local_planner-14] [INFO] [1729090774.834225664] [robotA.ccr_local_planner]: path: [56, 55, 39]
[ccr_local_planner-14] [INFO] [1729090774.834492644] [robotA.ccr_local_planner]: wps: [(0.5570178906092583, 0.5065703278716972, -0.15503356214269834), (0.5570178906092583, 0.5065703278716972, nan), (0.5, 0.5, nan)]
[ccr_local_planner-14] [INFO] [1729090774.834757059] [robotA.ccr_local_planner]: result_path: [<POINT (0.557 0.507)>, <POINT (0.5 0.5)>]
[ccr_local_planner-14] [INFO] [1729090774.835017597] [robotA.ccr_local_planner]: [31msending single point trajectory[0m
[ccr_local_planner-14] [INFO] [1729090774.849094052] [robotA.ccr_local_planner]: empty trajectory for plan [56, 55, 39]
[ccr_local_planner-14] [INFO] [1729090774.849806927] [robotA.ccr_local_planner]: empty trajectory for plan [56, 55, 39]
[ccr_local_planner-14] [WARN] [1729090775.030303023] [robotA.ccr_local_planner]: trajectory has only one point
[ccr_local_planner-14] [INFO] [1729090775.030799914] [robotA.ccr_local_planner]: path: [56, 55, 39]
[ccr_local_planner-14] [INFO] [1729090775.031285513] [robotA.ccr_local_planner]: wps: [(0.5612168427424423, 0.5059143902271238, -0.15503127037897554), (0.5612168427424423, 0.5059143902271238, nan), (0.5, 0.5, nan)]
[ccr_local_planner-14] [INFO] [1729090775.031779037] [robotA.ccr_local_planner]: result_path: [<POINT (0.561 0.506)>, <POINT (0.5 0.5)>]
[ccr_local_planner-14] [INFO] [1729090775.032285365] [robotA.ccr_local_planner]: [31msending single point trajectory[0m
[ccr_local_planner-14] [INFO] [1729090775.050500058] [robotA.ccr_local_planner]: empty trajectory for plan [56, 55, 39]
[ccr_local_planner-14] [INFO] [1729090775.051184470] [robotA.ccr_local_planner]: empty trajectory for plan [56, 55, 39]
[ccr_local_planner-14] [WARN] [1729090775.231919823] [robotA.ccr_local_planner]: trajectory has only one point
[ccr_local_planner-14] [INFO] [1729090775.232524906] [robotA.ccr_local_planner]: path: [56, 55, 39]
[ccr_local_planner-14] [INFO] [1729090775.232976822] [robotA.ccr_local_planner]: wps: [(0.5654154481197545, 0.5052588018284945, -0.15502522551131626), (0.5654154481197545, 0.5052588018284945, nan), (0.5, 0.5, nan)]
[ccr_local_planner-14] [INFO] [1729090775.233254863] [robotA.ccr_local_planner]: result_path: [<POINT (0.565 0.505)>, <POINT (0.5 0.5)>]
[ccr_local_planner-14] [INFO] [1729090775.233509229] [robotA.ccr_local_planner]: [31msending single point trajectory[0m
[ccr_local_planner-14] [INFO] [1729090775.247753069] [robotA.ccr_local_planner]: empty trajectory for plan [56, 55, 39]
[ccr_local_planner-14] [INFO] [1729090775.252047790] [robotA.ccr_local_planner]: empty trajectory for plan [56, 55, 39]
[ccr_local_planner-14] [WARN] [1729090775.432711820] [robotA.ccr_local_planner]: trajectory has only one point
[ccr_local_planner-14] [INFO] [1729090775.433390130] [robotA.ccr_local_planner]: path: [56, 55, 39]
[ccr_local_planner-14] [INFO] [1729090775.434009910] [robotA.ccr_local_planner]: wps: [(0.5696142694705375, 0.5046028499864305, -0.15502670928050605), (0.5696142694705375, 0.5046028499864305, nan), (0.5, 0.5, nan)]
[ccr_local_planner-14] [INFO] [1729090775.434602550] [robotA.ccr_local_planner]: result_path: [<POINT (0.57 0.505)>, <POINT (0.5 0.5)>]
[ccr_local_planner-14] [INFO] [1729090775.435185642] [robotA.ccr_local_planner]: [31msending single point trajectory[0m
[ccr_local_planner-14] [INFO] [1729090775.450204201] [robotA.ccr_local_planner]: empty trajectory for plan [56, 55, 39]
[ccr_local_planner-14] [INFO] [1729090775.454252861] [robotA.ccr_local_planner]: empty trajectory for plan [56, 55, 39]
[ccr_local_planner-14] [WARN] [1729090775.731016110] [robotA.ccr_local_planner]: trajectory has only one point
[ccr_local_planner-14] [INFO] [1729090775.731441506] [robotA.ccr_local_planner]: path: [56, 55, 39]
[ccr_local_planner-14] [INFO] [1729090775.731836646] [robotA.ccr_local_planner]: wps: [(0.5740849275047741, 0.5039048825269882, -0.15490279434696103), (0.5740849275047741, 0.5039048825269882, nan), (0.5, 0.5, nan)]
[ccr_local_planner-14] [INFO] [1729090775.732230434] [robotA.ccr_local_planner]: result_path: [<POINT (0.574 0.504)>, <POINT (0.5 0.5)>]
[ccr_local_planner-14] [INFO] [1729090775.732631154] [robotA.ccr_local_planner]: [31msending single point trajectory[0m
[ccr_local_planner-14] [INFO] [1729090775.747380299] [robotA.ccr_local_planner]: empty trajectory for plan [56, 55, 39]
[ccr_local_planner-14] [INFO] [1729090775.748071553] [robotA.ccr_local_planner]: empty trajectory for plan [56, 55, 39]
[ccr_local_planner-14] [WARN] [1729090775.931147709] [robotA.ccr_local_planner]: trajectory has only one point
[ccr_local_planner-14] [INFO] [1729090775.931442341] [robotA.ccr_local_planner]: path: [56, 55, 39]
[ccr_local_planner-14] [INFO] [1729090775.931701306] [robotA.ccr_local_planner]: wps: [(0.5780114302617805, 0.5032915291465846, -0.15492419188318296), (0.5780114302617805, 0.5032915291465846, nan), (0.5, 0.5, nan)]
[ccr_local_planner-14] [INFO] [1729090775.931969438] [robotA.ccr_local_planner]: result_path: [<POINT (0.578 0.503)>, <POINT (0.5 0.5)>]
[ccr_local_planner-14] [INFO] [1729090775.932237439] [robotA.ccr_local_planner]: [31msending single point trajectory[0m
[ccr_local_planner-14] [INFO] [1729090775.946687995] [robotA.ccr_local_planner]: empty trajectory for plan [56, 55, 39]
[ccr_local_planner-14] [INFO] [1729090775.947434323] [robotA.ccr_local_planner]: empty trajectory for plan [56, 55, 39]
[ccr_local_planner-14] [WARN] [1729090776.136651678] [robotA.ccr_local_planner]: trajectory has only one point
[ccr_local_planner-14] [INFO] [1729090776.137070252] [robotA.ccr_local_planner]: path: [56, 55, 39]
[ccr_local_planner-14] [INFO] [1729090776.137485168] [robotA.ccr_local_planner]: wps: [(0.5819351924567846, 0.5026785807235682, -0.15496289389414167), (0.5819351924567846, 0.5026785807235682, nan), (0.5, 0.5, nan)]
[ccr_local_planner-14] [INFO] [1729090776.137944889] [robotA.ccr_local_planner]: result_path: [<POINT (0.582 0.503)>, <POINT (0.5 0.5)>]
[ccr_local_planner-14] [INFO] [1729090776.138375786] [robotA.ccr_local_planner]: [31msending single point trajectory[0m
[ccr_local_planner-14] [INFO] [1729090776.154960127] [robotA.ccr_local_planner]: empty trajectory for plan [56, 55, 39]
[ccr_local_planner-14] [INFO] [1729090776.155835997] [robotA.ccr_local_planner]: empty trajectory for plan [56, 55, 39]
[ccr_local_planner-14] [WARN] [1729090776.337158139] [robotA.ccr_local_planner]: trajectory has only one point
[ccr_local_planner-14] [INFO] [1729090776.337593714] [robotA.ccr_local_planner]: path: [56, 55, 39]
[ccr_local_planner-14] [INFO] [1729090776.338022888] [robotA.ccr_local_planner]: wps: [(0.5858524735363644, 0.5020663477294163, -0.15497552560468125), (0.5858524735363644, 0.5020663477294163, nan), (0.5, 0.5, nan)]
[ccr_local_planner-14] [INFO] [1729090776.338439869] [robotA.ccr_local_planner]: result_path: [<POINT (0.586 0.502)>, <POINT (0.5 0.5)>]
[ccr_local_planner-14] [INFO] [1729090776.338854355] [robotA.ccr_local_planner]: [31msending single point trajectory[0m
[ccr_local_planner-14] [INFO] [1729090776.359263307] [robotA.ccr_local_planner]: empty trajectory for plan [56, 55, 39]
[ccr_local_planner-14] [INFO] [1729090776.360351003] [robotA.ccr_local_planner]: empty trajectory for plan [56, 55, 39]
[ccr_local_planner-14] [WARN] [1729090776.533201364] [robotA.ccr_local_planner]: trajectory has only one point
[ccr_local_planner-14] [INFO] [1729090776.533795076] [robotA.ccr_local_planner]: path: [56, 55, 39]
[ccr_local_planner-14] [INFO] [1729090776.534239007] [robotA.ccr_local_planner]: wps: [(0.5897690734147708, 0.5014551044457978, -0.15490210480643568), (0.5897690734147708, 0.5014551044457978, nan), (0.5, 0.5, nan)]
[ccr_local_planner-14] [INFO] [1729090776.534852025] [robotA.ccr_local_planner]: result_path: [<POINT (0.59 0.501)>, <POINT (0.5 0.5)>]
[ccr_local_planner-14] [INFO] [1729090776.535344266] [robotA.ccr_local_planner]: [31msending single point trajectory[0m
[ccr_local_planner-14] [INFO] [1729090776.550252549] [robotA.ccr_local_planner]: empty trajectory for plan [56, 55, 39]
[ccr_local_planner-14] [INFO] [1729090776.554707570] [robotA.ccr_local_planner]: empty trajectory for plan [56, 55, 39]
[command_node-3] [INFO] [1729090776.730021333] [command_node]: robotA: running
[ccr_local_planner-14] [WARN] [1729090776.735386899] [robotA.ccr_local_planner]: trajectory has only one point
[ccr_local_planner-14] [INFO] [1729090776.735841871] [robotA.ccr_local_planner]: path: [56, 55, 39]
[ccr_local_planner-14] [INFO] [1729090776.736516043] [robotA.ccr_local_planner]: wps: [(0.5973186660585762, 0.5002756599366914, -0.1549104711572382), (0.5973186660585762, 0.5002756599366914, nan), (0.5, 0.5, nan)]
[ccr_local_planner-14] [INFO] [1729090776.737405008] [robotA.ccr_local_planner]: result_path: [<POINT (0.597 0.5)>, <POINT (0.5 0.5)>]
[ccr_local_planner-14] [INFO] [1729090776.738128492] [robotA.ccr_local_planner]: [31msending single point trajectory[0m
[ccr_local_planner-14] [INFO] [1729090776.753505032] [robotA.ccr_local_planner]: empty trajectory for plan [56, 55, 39]
[ccr_local_planner-14] [INFO] [1729090776.757721867] [robotA.ccr_local_planner]: empty trajectory for plan [56, 55, 39]
[ccr_local_planner-14] [INFO] [1729090776.955661072] [robotA.ccr_local_planner]: empty trajectory for plan [56, 55, 39]
[ccr_local_planner-14] [WARN] [1729090777.936857291] [robotA.ccr_local_planner]: trajectory has only one point
[ccr_local_planner-14] [INFO] [1729090777.937300371] [robotA.ccr_local_planner]: path: [56, 55, 39]
[ccr_local_planner-14] [INFO] [1729090777.937820064] [robotA.ccr_local_planner]: wps: [(0.5978148139464877, 0.5095294674745687, -1.2646808783220735), (0.5978148139464877, 0.5095294674745687, nan), (0.5, 0.5, nan)]
[ccr_local_planner-14] [INFO] [1729090777.938295394] [robotA.ccr_local_planner]: result_path: [<POINT (0.598 0.51)>, <POINT (0.5 0.5)>]
[ccr_local_planner-14] [INFO] [1729090777.938846816] [robotA.ccr_local_planner]: [31msending single point trajectory[0m
[ccr_local_planner-14] [INFO] [1729090777.956424788] [robotA.ccr_local_planner]: empty trajectory for plan [56, 55, 39]
[ccr_local_planner-14] [INFO] [1729090778.153943916] [robotA.ccr_local_planner]: empty trajectory for plan [56, 55, 39]
[ccr_local_planner-14] [WARN] [1729090778.338077122] [robotA.ccr_local_planner]: trajectory has only one point
[ccr_local_planner-14] [INFO] [1729090778.338366463] [robotA.ccr_local_planner]: path: [56, 55, 39]
[ccr_local_planner-14] [INFO] [1729090778.338619477] [robotA.ccr_local_planner]: wps: [(0.5908490937376962, 0.5067538714734668, -1.8031441120564964), (0.5908490937376962, 0.5067538714734668, nan), (0.5, 0.5, nan)]
[ccr_local_planner-14] [INFO] [1729090778.338869455] [robotA.ccr_local_planner]: result_path: [<POINT (0.591 0.507)>, <POINT (0.5 0.5)>]
[ccr_local_planner-14] [INFO] [1729090778.339113151] [robotA.ccr_local_planner]: [31msending single point trajectory[0m
[ccr_local_planner-14] [INFO] [1729090778.353637355] [robotA.ccr_local_planner]: empty trajectory for plan [56, 55, 39]
[ccr_local_planner-14] [WARN] [1729090778.540445610] [robotA.ccr_local_planner]: trajectory has only one point
[ccr_local_planner-14] [INFO] [1729090778.540865877] [robotA.ccr_local_planner]: path: [56, 55, 39]
[ccr_local_planner-14] [INFO] [1729090778.541259153] [robotA.ccr_local_planner]: wps: [(0.5929051133125518, 0.5012083717648445, -2.078596947917182), (0.5929051133125518, 0.5012083717648445, nan), (0.5, 0.5, nan)]
[ccr_local_planner-14] [INFO] [1729090778.541650185] [robotA.ccr_local_planner]: result_path: [<POINT (0.593 0.501)>, <POINT (0.5 0.5)>]
[ccr_local_planner-14] [INFO] [1729090778.542038823] [robotA.ccr_local_planner]: [31msending single point trajectory[0m
[ccr_local_planner-14] [INFO] [1729090778.557952348] [robotA.ccr_local_planner]: empty trajectory for plan [56, 55, 39]
[ccr_local_planner-14] [INFO] [1729090778.558645085] [robotA.ccr_local_planner]: empty trajectory for plan [56, 55, 39]
[command_node-3] [INFO] [1729090778.735106186] [command_node]: robotA: running
[ccr_local_planner-14] [WARN] [1729090778.740570356] [robotA.ccr_local_planner]: trajectory has only one point
[ccr_local_planner-14] [INFO] [1729090778.741043302] [robotA.ccr_local_planner]: path: [56, 55, 39]
[ccr_local_planner-14] [INFO] [1729090778.741534261] [robotA.ccr_local_planner]: wps: [(0.5939943691886143, 0.4835311699427348, -2.242119975096503), (0.5939943691886143, 0.4835311699427348, nan), (0.5, 0.5, nan)]
[ccr_local_planner-14] [INFO] [1729090778.741978843] [robotA.ccr_local_planner]: result_path: [<POINT (0.594 0.484)>, <POINT (0.5 0.5)>]
[ccr_local_planner-14] [INFO] [1729090778.742415361] [robotA.ccr_local_planner]: [31msending single point trajectory[0m
[ccr_local_planner-14] [INFO] [1729090778.761999248] [robotA.ccr_local_planner]: empty trajectory for plan [56, 55, 39]
[ccr_local_planner-14] [INFO] [1729090778.762771734] [robotA.ccr_local_planner]: empty trajectory for plan [56, 55, 39]
[ccr_local_planner-14] [WARN] [1729090778.939793034] [robotA.ccr_local_planner]: trajectory has only one point
[ccr_local_planner-14] [INFO] [1729090778.940243828] [robotA.ccr_local_planner]: path: [56, 55, 39]
[ccr_local_planner-14] [INFO] [1729090778.940691186] [robotA.ccr_local_planner]: wps: [(0.5911813418899563, 0.47943884299108663, -2.268925079200925), (0.5911813418899563, 0.47943884299108663, nan), (0.5, 0.5, nan)]
[ccr_local_planner-14] [INFO] [1729090778.941111563] [robotA.ccr_local_planner]: result_path: [<POINT (0.591 0.479)>, <POINT (0.5 0.5)>]
[ccr_local_planner-14] [INFO] [1729090778.941531239] [robotA.ccr_local_planner]: [31msending single point trajectory[0m
[ccr_local_planner-14] [INFO] [1729090778.959735292] [robotA.ccr_local_planner]: empty trajectory for plan [56, 55, 39]
[ccr_local_planner-14] [INFO] [1729090778.964452965] [robotA.ccr_local_planner]: empty trajectory for plan [56, 55, 39]
[ccr_local_planner-14] [WARN] [1729090779.140594818] [robotA.ccr_local_planner]: trajectory has only one point
[ccr_local_planner-14] [INFO] [1729090779.141127065] [robotA.ccr_local_planner]: path: [56, 55, 39]
[ccr_local_planner-14] [INFO] [1729090779.141629646] [robotA.ccr_local_planner]: wps: [(0.5884420124754578, 0.47617194304584676, -2.2681614110806856), (0.5884420124754578, 0.47617194304584676, nan), (0.5, 0.5, nan)]
[ccr_local_planner-14] [INFO] [1729090779.142141033] [robotA.ccr_local_planner]: result_path: [<POINT (0.588 0.476)>, <POINT (0.5 0.5)>]
[ccr_local_planner-14] [INFO] [1729090779.142642683] [robotA.ccr_local_planner]: [31msending single point trajectory[0m
[ccr_local_planner-14] [INFO] [1729090779.157076437] [robotA.ccr_local_planner]: empty trajectory for plan [56, 55, 39]
[ccr_local_planner-14] [INFO] [1729090779.161215757] [robotA.ccr_local_planner]: empty trajectory for plan [56, 55, 39]
[ccr_local_planner-14] [WARN] [1729090779.340540029] [robotA.ccr_local_planner]: trajectory has only one point
[ccr_local_planner-14] [INFO] [1729090779.341146315] [robotA.ccr_local_planner]: path: [56, 55, 39]
[ccr_local_planner-14] [INFO] [1729090779.341765915] [robotA.ccr_local_planner]: wps: [(0.5857197399607063, 0.4729173063268759, -2.2679118583556623), (0.5857197399607063, 0.4729173063268759, nan), (0.5, 0.5, nan)]
[ccr_local_planner-14] [INFO] [1729090779.342365968] [robotA.ccr_local_planner]: result_path: [<POINT (0.586 0.473)>, <POINT (0.5 0.5)>]
[ccr_local_planner-14] [INFO] [1729090779.342934923] [robotA.ccr_local_planner]: [31msending single point trajectory[0m
[ccr_local_planner-14] [INFO] [1729090779.358615282] [robotA.ccr_local_planner]: empty trajectory for plan [56, 55, 39]
[ccr_local_planner-14] [INFO] [1729090779.363964107] [robotA.ccr_local_planner]: empty trajectory for plan [56, 55, 39]
[ccr_local_planner-14] [WARN] [1729090779.539754311] [robotA.ccr_local_planner]: trajectory has only one point
[ccr_local_planner-14] [INFO] [1729090779.540178716] [robotA.ccr_local_planner]: path: [56, 55, 39]
[ccr_local_planner-14] [INFO] [1729090779.540588713] [robotA.ccr_local_planner]: wps: [(0.5829992912173417, 0.4696683587541687, -2.2679209731260666), (0.5829992912173417, 0.4696683587541687, nan), (0.5, 0.5, nan)]
[ccr_local_planner-14] [INFO] [1729090779.540987961] [robotA.ccr_local_planner]: result_path: [<POINT (0.583 0.47)>, <POINT (0.5 0.5)>]
[ccr_local_planner-14] [INFO] [1729090779.541381999] [robotA.ccr_local_planner]: [31msending single point trajectory[0m
[ccr_local_planner-14] [INFO] [1729090779.556656688] [robotA.ccr_local_planner]: empty trajectory for plan [56, 55, 39]
[ccr_local_planner-14] [INFO] [1729090779.560974933] [robotA.ccr_local_planner]: empty trajectory for plan [56, 55, 39]
[ccr_local_planner-14] [WARN] [1729090779.742172492] [robotA.ccr_local_planner]: trajectory has only one point
[ccr_local_planner-14] [INFO] [1729090779.742836385] [robotA.ccr_local_planner]: path: [56, 55, 39]
[ccr_local_planner-14] [INFO] [1729090779.743506149] [robotA.ccr_local_planner]: wps: [(0.5802720497612756, 0.4664120680985746, -2.2679397133735497), (0.5802720497612756, 0.4664120680985746, nan), (0.5, 0.5, nan)]
[ccr_local_planner-14] [INFO] [1729090779.744095242] [robotA.ccr_local_planner]: result_path: [<POINT (0.58 0.466)>, <POINT (0.5 0.5)>]
[ccr_local_planner-14] [INFO] [1729090779.744710073] [robotA.ccr_local_planner]: [31msending single point trajectory[0m
[ccr_local_planner-14] [INFO] [1729090779.758830832] [robotA.ccr_local_planner]: empty trajectory for plan [56, 55, 39]
[ccr_local_planner-14] [INFO] [1729090779.762923014] [robotA.ccr_local_planner]: empty trajectory for plan [56, 55, 39]
[ccr_local_planner-14] [WARN] [1729090779.941398606] [robotA.ccr_local_planner]: trajectory has only one point
[ccr_local_planner-14] [INFO] [1729090779.941874487] [robotA.ccr_local_planner]: path: [56, 55, 39]
[ccr_local_planner-14] [INFO] [1729090779.942289514] [robotA.ccr_local_planner]: wps: [(0.5777219256133754, 0.4633671099684772, -2.267944705682551), (0.5777219256133754, 0.4633671099684772, nan), (0.5, 0.5, nan)]
[ccr_local_planner-14] [INFO] [1729090779.942728406] [robotA.ccr_local_planner]: result_path: [<POINT (0.578 0.463)>, <POINT (0.5 0.5)>]
[ccr_local_planner-14] [INFO] [1729090779.943182767] [robotA.ccr_local_planner]: [31msending single point trajectory[0m
[ccr_local_planner-14] [INFO] [1729090779.960593355] [robotA.ccr_local_planner]: empty trajectory for plan [56, 55, 39]
[ccr_local_planner-14] [INFO] [1729090779.964539143] [robotA.ccr_local_planner]: empty trajectory for plan [56, 55, 39]
[ccr_local_planner-14] [WARN] [1729090780.141755608] [robotA.ccr_local_planner]: trajectory has only one point
[ccr_local_planner-14] [INFO] [1729090780.142203136] [robotA.ccr_local_planner]: path: [56, 55, 39]
[ccr_local_planner-14] [INFO] [1729090780.142622772] [robotA.ccr_local_planner]: wps: [(0.5753574576978842, 0.46054314782913963, -2.2679415873552617), (0.5753574576978842, 0.46054314782913963, nan), (0.5, 0.5, nan)]
[ccr_local_planner-14] [INFO] [1729090780.143029614] [robotA.ccr_local_planner]: result_path: [<POINT (0.575 0.461)>, <POINT (0.5 0.5)>]
[ccr_local_planner-14] [INFO] [1729090780.143441405] [robotA.ccr_local_planner]: [31msending single point trajectory[0m
[ccr_local_planner-14] [INFO] [1729090780.159518716] [robotA.ccr_local_planner]: empty trajectory for plan [56, 55, 39]
[ccr_local_planner-14] [INFO] [1729090780.160385639] [robotA.ccr_local_planner]: empty trajectory for plan [56, 55, 39]
[ccr_local_planner-14] [WARN] [1729090780.340599527] [robotA.ccr_local_planner]: trajectory has only one point
[ccr_local_planner-14] [INFO] [1729090780.341040713] [robotA.ccr_local_planner]: path: [56, 55, 39]
[ccr_local_planner-14] [INFO] [1729090780.341513818] [robotA.ccr_local_planner]: wps: [(0.5728152453280351, 0.45750642205462083, -2.267955583674026), (0.5728152453280351, 0.45750642205462083, nan), (0.5, 0.5, nan)]
[ccr_local_planner-14] [INFO] [1729090780.341997764] [robotA.ccr_local_planner]: result_path: [<POINT (0.573 0.458)>, <POINT (0.5 0.5)>]
[ccr_local_planner-14] [INFO] [1729090780.342513861] [robotA.ccr_local_planner]: [31msending single point trajectory[0m
[ccr_local_planner-14] [INFO] [1729090780.357425179] [robotA.ccr_local_planner]: empty trajectory for plan [56, 55, 39]
[ccr_local_planner-14] [INFO] [1729090780.358167128] [robotA.ccr_local_planner]: empty trajectory for plan [56, 55, 39]
[ccr_local_planner-14] [WARN] [1729090780.539823948] [robotA.ccr_local_planner]: trajectory has only one point
[ccr_local_planner-14] [INFO] [1729090780.540122237] [robotA.ccr_local_planner]: path: [56, 55, 39]
[ccr_local_planner-14] [INFO] [1729090780.540420315] [robotA.ccr_local_planner]: wps: [(0.5702668849114426, 0.45446468095954684, -2.2679528128607096), (0.5702668849114426, 0.45446468095954684, nan), (0.5, 0.5, nan)]
[ccr_local_planner-14] [INFO] [1729090780.540758578] [robotA.ccr_local_planner]: result_path: [<POINT (0.57 0.454)>, <POINT (0.5 0.5)>]
[ccr_local_planner-14] [INFO] [1729090780.541171080] [robotA.ccr_local_planner]: [31msending single point trajectory[0m
[ccr_local_planner-14] [INFO] [1729090780.559036550] [robotA.ccr_local_planner]: empty trajectory for plan [56, 55, 39]
[ccr_local_planner-14] [INFO] [1729090780.559807063] [robotA.ccr_local_planner]: empty trajectory for plan [56, 55, 39]
[command_node-3] [INFO] [1729090780.738337077] [command_node]: robotA: running
[ccr_local_planner-14] [WARN] [1729090780.741894948] [robotA.ccr_local_planner]: trajectory has only one point
[ccr_local_planner-14] [INFO] [1729090780.742309815] [robotA.ccr_local_planner]: path: [56, 55, 39]
[ccr_local_planner-14] [INFO] [1729090780.742697301] [robotA.ccr_local_planner]: wps: [(0.5677207652854087, 0.4514232403463882, -2.267948466392302), (0.5677207652854087, 0.4514232403463882, nan), (0.5, 0.5, nan)]
[ccr_local_planner-14] [INFO] [1729090780.743084726] [robotA.ccr_local_planner]: result_path: [<POINT (0.568 0.451)>, <POINT (0.5 0.5)>]
[ccr_local_planner-14] [INFO] [1729090780.743471801] [robotA.ccr_local_planner]: [31msending single point trajectory[0m
[ccr_local_planner-14] [INFO] [1729090780.759827003] [robotA.ccr_local_planner]: empty trajectory for plan [56, 55, 39]
[ccr_local_planner-14] [INFO] [1729090780.760684970] [robotA.ccr_local_planner]: empty trajectory for plan [56, 55, 39]
[ccr_local_planner-14] [WARN] [1729090780.946807850] [robotA.ccr_local_planner]: trajectory has only one point
[ccr_local_planner-14] [INFO] [1729090780.947178214] [robotA.ccr_local_planner]: path: [56, 55, 39]
[ccr_local_planner-14] [INFO] [1729090780.947499105] [robotA.ccr_local_planner]: wps: [(0.5649929888689992, 0.4481657633375322, -2.267950063045899), (0.5649929888689992, 0.4481657633375322, nan), (0.5, 0.5, nan)]
[ccr_local_planner-14] [INFO] [1729090780.947782726] [robotA.ccr_local_planner]: result_path: [<POINT (0.565 0.448)>, <POINT (0.5 0.5)>]
[ccr_local_planner-14] [INFO] [1729090780.948170983] [robotA.ccr_local_planner]: [31msending single point trajectory[0m
[ccr_local_planner-14] [INFO] [1729090780.963000027] [robotA.ccr_local_planner]: empty trajectory for plan [56, 55, 39]
[ccr_local_planner-14] [INFO] [1729090780.963786810] [robotA.ccr_local_planner]: empty trajectory for plan [56, 55, 39]
[ccr_local_planner-14] [WARN] [1729090781.144982015] [robotA.ccr_local_planner]: trajectory has only one point
[ccr_local_planner-14] [INFO] [1729090781.145586496] [robotA.ccr_local_planner]: path: [56, 55, 39]
[ccr_local_planner-14] [INFO] [1729090781.146048892] [robotA.ccr_local_planner]: wps: [(0.5624453349640695, 0.44512402878872254, -2.267945946542523), (0.5624453349640695, 0.44512402878872254, nan), (0.5, 0.5, nan)]
[ccr_local_planner-14] [INFO] [1729090781.146614050] [robotA.ccr_local_planner]: result_path: [<POINT (0.562 0.445)>, <POINT (0.5 0.5)>]
[ccr_local_planner-14] [INFO] [1729090781.147117403] [robotA.ccr_local_planner]: [31msending single point trajectory[0m
[ccr_local_planner-14] [INFO] [1729090781.169611780] [robotA.ccr_local_planner]: empty trajectory for plan [56, 55, 39]
[ccr_local_planner-14] [INFO] [1729090781.170615700] [robotA.ccr_local_planner]: empty trajectory for plan [56, 55, 39]
[ccr_local_planner-14] [WARN] [1729090781.343421226] [robotA.ccr_local_planner]: trajectory has only one point
[ccr_local_planner-14] [INFO] [1729090781.343871920] [robotA.ccr_local_planner]: path: [56, 55, 39]
[ccr_local_planner-14] [INFO] [1729090781.344297366] [robotA.ccr_local_planner]: wps: [(0.5597167478203219, 0.44186552969066567, -2.26794671366395), (0.5597167478203219, 0.44186552969066567, nan), (0.5, 0.5, nan)]
[ccr_local_planner-14] [INFO] [1729090781.344752098] [robotA.ccr_local_planner]: result_path: [<POINT (0.56 0.442)>, <POINT (0.5 0.5)>]
[ccr_local_planner-14] [INFO] [1729090781.345152417] [robotA.ccr_local_planner]: [31msending single point trajectory[0m
[ccr_local_planner-14] [INFO] [1729090781.363952216] [robotA.ccr_local_planner]: empty trajectory for plan [56, 55, 39]
[ccr_local_planner-14] [INFO] [1729090781.368089032] [robotA.ccr_local_planner]: empty trajectory for plan [56, 55, 39]
[ccr_local_planner-14] [WARN] [1729090781.644825520] [robotA.ccr_local_planner]: trajectory has only one point
[ccr_local_planner-14] [INFO] [1729090781.645348109] [robotA.ccr_local_planner]: path: [56, 55, 39]
[ccr_local_planner-14] [INFO] [1729090781.645922003] [robotA.ccr_local_planner]: wps: [(0.5567794420030132, 0.4383629340783828, -2.2679382495645606), (0.5567794420030132, 0.4383629340783828, nan), (0.5, 0.5, nan)]
[ccr_local_planner-14] [INFO] [1729090781.646521235] [robotA.ccr_local_planner]: result_path: [<POINT (0.557 0.438)>, <POINT (0.5 0.5)>]
[ccr_local_planner-14] [INFO] [1729090781.647096963] [robotA.ccr_local_planner]: [31msending single point trajectory[0m
[ccr_local_planner-14] [INFO] [1729090781.661376018] [robotA.ccr_local_planner]: empty trajectory for plan [56, 55, 39]
[ccr_local_planner-14] [INFO] [1729090781.662079896] [robotA.ccr_local_planner]: empty trajectory for plan [56, 55, 39]
[ccr_local_planner-14] [WARN] [1729090781.846061337] [robotA.ccr_local_planner]: trajectory has only one point
[ccr_local_planner-14] [INFO] [1729090781.846656982] [robotA.ccr_local_planner]: path: [56, 55, 39]
[ccr_local_planner-14] [INFO] [1729090781.847224715] [robotA.ccr_local_planner]: wps: [(0.5540507171642932, 0.43510419767878844, -2.2679393998382964), (0.5540507171642932, 0.43510419767878844, nan), (0.5, 0.5, nan)]
[ccr_local_planner-14] [INFO] [1729090781.847850657] [robotA.ccr_local_planner]: result_path: [<POINT (0.554 0.435)>, <POINT (0.5 0.5)>]
[ccr_local_planner-14] [INFO] [1729090781.848484123] [robotA.ccr_local_planner]: [31msending single point trajectory[0m
[ccr_local_planner-14] [INFO] [1729090781.861994308] [robotA.ccr_local_planner]: empty trajectory for plan [56, 55, 39]
[ccr_local_planner-14] [INFO] [1729090781.862696162] [robotA.ccr_local_planner]: empty trajectory for plan [56, 55, 39]
[ccr_local_planner-14] [WARN] [1729090782.045523454] [robotA.ccr_local_planner]: trajectory has only one point
[ccr_local_planner-14] [INFO] [1729090782.045811002] [robotA.ccr_local_planner]: path: [56, 55, 39]
[ccr_local_planner-14] [INFO] [1729090782.046058265] [robotA.ccr_local_planner]: wps: [(0.5513219862891677, 0.4318456320010078, -2.267938792789727), (0.5513219862891677, 0.4318456320010078, nan), (0.5, 0.5, nan)]
[ccr_local_planner-14] [INFO] [1729090782.046306450] [robotA.ccr_local_planner]: result_path: [<POINT (0.551 0.432)>, <POINT (0.5 0.5)>]
[ccr_local_planner-14] [INFO] [1729090782.046552771] [robotA.ccr_local_planner]: [31msending single point trajectory[0m
[ccr_local_planner-14] [INFO] [1729090782.062590598] [robotA.ccr_local_planner]: empty trajectory for plan [56, 55, 39]
[ccr_local_planner-14] [INFO] [1729090782.063290559] [robotA.ccr_local_planner]: empty trajectory for plan [56, 55, 39]
[ccr_local_planner-14] [WARN] [1729090782.248030039] [robotA.ccr_local_planner]: trajectory has only one point
[ccr_local_planner-14] [INFO] [1729090782.248474552] [robotA.ccr_local_planner]: path: [56, 55, 39]
[ccr_local_planner-14] [INFO] [1729090782.248874611] [robotA.ccr_local_planner]: wps: [(0.5485926300165045, 0.42858649974376684, -2.267942782519869), (0.5485926300165045, 0.42858649974376684, nan), (0.5, 0.5, nan)]
[ccr_local_planner-14] [INFO] [1729090782.249266064] [robotA.ccr_local_planner]: result_path: [<POINT (0.549 0.429)>, <POINT (0.5 0.5)>]
[ccr_local_planner-14] [INFO] [1729090782.249690859] [robotA.ccr_local_planner]: [31msending single point trajectory[0m
[ccr_local_planner-14] [INFO] [1729090782.266306619] [robotA.ccr_local_planner]: empty trajectory for plan [56, 55, 39]
[ccr_local_planner-14] [INFO] [1729090782.267044711] [robotA.ccr_local_planner]: empty trajectory for plan [56, 55, 39]
[ccr_local_planner-14] [WARN] [1729090782.449784318] [robotA.ccr_local_planner]: trajectory has only one point
[ccr_local_planner-14] [INFO] [1729090782.450454963] [robotA.ccr_local_planner]: path: [56, 55, 39]
[ccr_local_planner-14] [INFO] [1729090782.451116562] [robotA.ccr_local_planner]: wps: [(0.5460462244225166, 0.4255455858606886, -2.2679355694287318), (0.5460462244225166, 0.4255455858606886, nan), (0.5, 0.5, nan)]
[ccr_local_planner-14] [INFO] [1729090782.451809249] [robotA.ccr_local_planner]: result_path: [<POINT (0.546 0.426)>, <POINT (0.5 0.5)>]
[ccr_local_planner-14] [INFO] [1729090782.452506675] [robotA.ccr_local_planner]: [31msending single point trajectory[0m
[ccr_local_planner-14] [INFO] [1729090782.471822089] [robotA.ccr_local_planner]: empty trajectory for plan [56, 55, 39]
[ccr_local_planner-14] [INFO] [1729090782.472580229] [robotA.ccr_local_planner]: empty trajectory for plan [56, 55, 39]
[ccr_local_planner-14] [WARN] [1729090782.647900493] [robotA.ccr_local_planner]: trajectory has only one point
[ccr_local_planner-14] [INFO] [1729090782.648655858] [robotA.ccr_local_planner]: path: [56, 55, 39]
[ccr_local_planner-14] [INFO] [1729090782.649185088] [robotA.ccr_local_planner]: wps: [(0.5434991478360791, 0.42250443386083963, -2.2679360779286677), (0.5434991478360791, 0.42250443386083963, nan), (0.5, 0.5, nan)]
[ccr_local_planner-14] [INFO] [1729090782.649971691] [robotA.ccr_local_planner]: result_path: [<POINT (0.543 0.423)>, <POINT (0.5 0.5)>]
[ccr_local_planner-14] [INFO] [1729090782.650652155] [robotA.ccr_local_planner]: [31msending single point trajectory[0m
[ccr_local_planner-14] [INFO] [1729090782.665921624] [robotA.ccr_local_planner]: empty trajectory for plan [56, 55, 39]
[ccr_local_planner-14] [INFO] [1729090782.669996033] [robotA.ccr_local_planner]: empty trajectory for plan [56, 55, 39]
[command_node-3] [INFO] [1729090782.843680245] [command_node]: robotA: running
[ccr_local_planner-14] [WARN] [1729090782.848114508] [robotA.ccr_local_planner]: trajectory has only one point
[ccr_local_planner-14] [INFO] [1729090782.848550985] [robotA.ccr_local_planner]: path: [56, 55, 39]
[ccr_local_planner-14] [INFO] [1729090782.848960101] [robotA.ccr_local_planner]: wps: [(0.5409526745698371, 0.419463335863945, -2.2679396046076223), (0.5409526745698371, 0.419463335863945, nan), (0.5, 0.5, nan)]
[ccr_local_planner-14] [INFO] [1729090782.849362294] [robotA.ccr_local_planner]: result_path: [<POINT (0.541 0.419)>, <POINT (0.5 0.5)>]
[ccr_local_planner-14] [INFO] [1729090782.849760550] [robotA.ccr_local_planner]: [31msending single point trajectory[0m
[ccr_local_planner-14] [INFO] [1729090782.866002840] [robotA.ccr_local_planner]: empty trajectory for plan [56, 55, 39]
[ccr_local_planner-14] [INFO] [1729090782.870369596] [robotA.ccr_local_planner]: empty trajectory for plan [56, 55, 39]
[ccr_local_planner-14] [WARN] [1729090783.048734642] [robotA.ccr_local_planner]: trajectory has only one point
[ccr_local_planner-14] [INFO] [1729090783.049264083] [robotA.ccr_local_planner]: path: [56, 55, 39]
[ccr_local_planner-14] [INFO] [1729090783.049802090] [robotA.ccr_local_planner]: wps: [(0.5384120727870639, 0.4164295114244522, -2.2678781890568596), (0.5384120727870639, 0.4164295114244522, nan), (0.5, 0.5, nan)]
[ccr_local_planner-14] [INFO] [1729090783.050346539] [robotA.ccr_local_planner]: result_path: [<POINT (0.538 0.416)>, <POINT (0.5 0.5)>]
[ccr_local_planner-14] [INFO] [1729090783.050881742] [robotA.ccr_local_planner]: [31msending single point trajectory[0m
[ccr_local_planner-14] [INFO] [1729090783.066319446] [robotA.ccr_local_planner]: empty trajectory for plan [56, 55, 39]
[ccr_local_planner-14] [INFO] [1729090783.070348940] [robotA.ccr_local_planner]: empty trajectory for plan [56, 55, 39]
[ccr_local_planner-14] [WARN] [1729090783.249476324] [robotA.ccr_local_planner]: trajectory has only one point
[ccr_local_planner-14] [INFO] [1729090783.250103598] [robotA.ccr_local_planner]: path: [56, 55, 39]
[ccr_local_planner-14] [INFO] [1729090783.250678254] [robotA.ccr_local_planner]: wps: [(0.5356895657503288, 0.413176306133143, -2.2679197771917012), (0.5356895657503288, 0.413176306133143, nan), (0.5, 0.5, nan)]
[ccr_local_planner-14] [INFO] [1729090783.251235768] [robotA.ccr_local_planner]: result_path: [<POINT (0.536 0.413)>, <POINT (0.5 0.5)>]
[ccr_local_planner-14] [INFO] [1729090783.251757856] [robotA.ccr_local_planner]: [31msending single point trajectory[0m
[ccr_local_planner-14] [INFO] [1729090783.266952765] [robotA.ccr_local_planner]: empty trajectory for plan [56, 55, 39]
[ccr_local_planner-14] [INFO] [1729090783.271265410] [robotA.ccr_local_planner]: empty trajectory for plan [56, 55, 39]
[ccr_local_planner-14] [WARN] [1729090783.447674463] [robotA.ccr_local_planner]: trajectory has only one point
[ccr_local_planner-14] [INFO] [1729090783.448095331] [robotA.ccr_local_planner]: path: [56, 55, 39]
[ccr_local_planner-14] [INFO] [1729090783.448535906] [robotA.ccr_local_planner]: wps: [(0.5329665362625546, 0.4099222364190392, -2.2679159450277706), (0.5329665362625546, 0.4099222364190392, nan), (0.5, 0.5, nan)]
[ccr_local_planner-14] [INFO] [1729090783.448944731] [robotA.ccr_local_planner]: result_path: [<POINT (0.533 0.41)>, <POINT (0.5 0.5)>]
[ccr_local_planner-14] [INFO] [1729090783.449353186] [robotA.ccr_local_planner]: [31msending single point trajectory[0m
[ccr_local_planner-14] [INFO] [1729090783.467326478] [robotA.ccr_local_planner]: empty trajectory for plan [56, 55, 39]
[ccr_local_planner-14] [INFO] [1729090783.471448656] [robotA.ccr_local_planner]: empty trajectory for plan [56, 55, 39]
[ccr_local_planner-14] [WARN] [1729090783.649016209] [robotA.ccr_local_planner]: trajectory has only one point
[ccr_local_planner-14] [INFO] [1729090783.649571178] [robotA.ccr_local_planner]: path: [56, 55, 39]
[ccr_local_planner-14] [INFO] [1729090783.650076364] [robotA.ccr_local_planner]: wps: [(0.5304287434868733, 0.40689132370333686, -2.2679300217204332), (0.5304287434868733, 0.40689132370333686, nan), (0.5, 0.5, nan)]
[ccr_local_planner-14] [INFO] [1729090783.650575949] [robotA.ccr_local_planner]: result_path: [<POINT (0.53 0.407)>, <POINT (0.5 0.5)>]
[ccr_local_planner-14] [INFO] [1729090783.651065766] [robotA.ccr_local_planner]: [31msending single point trajectory[0m
[ccr_local_planner-14] [INFO] [1729090783.665676161] [robotA.ccr_local_planner]: empty trajectory for plan [56, 55, 39]
[ccr_local_planner-14] [INFO] [1729090783.669661884] [robotA.ccr_local_planner]: empty trajectory for plan [56, 55, 39]
[ccr_local_planner-14] [INFO] [1729090783.866350998] [robotA.ccr_local_planner]: empty trajectory for plan [56, 55, 39]
[command_node-3] [INFO] [1729090784.847652415] [command_node]: robotA: running
[ccr_local_planner-14] [WARN] [1729090785.052398534] [robotA.ccr_local_planner]: trajectory has only one point
[ccr_local_planner-14] [INFO] [1729090785.052956498] [robotA.ccr_local_planner]: path: [56, 55, 39]
[ccr_local_planner-14] [INFO] [1729090785.053394468] [robotA.ccr_local_planner]: wps: [(0.5210881984850705, 0.40316000451440565, 2.5796227348997074), (0.5210881984850705, 0.40316000451440565, nan), (0.5, 0.5, nan)]
[ccr_local_planner-14] [INFO] [1729090785.053800238] [robotA.ccr_local_planner]: result_path: [<POINT (0.521 0.403)>, <POINT (0.5 0.5)>]
[ccr_local_planner-14] [INFO] [1729090785.054210476] [robotA.ccr_local_planner]: [31msending single point trajectory[0m
[ccr_local_planner-14] [INFO] [1729090785.074913379] [robotA.ccr_local_planner]: empty trajectory for plan [56, 55, 39]
[ccr_local_planner-14] [INFO] [1729090785.268560267] [robotA.ccr_local_planner]: empty trajectory for plan [56, 55, 39]
[ccr_local_planner-14] [WARN] [1729090785.452909567] [robotA.ccr_local_planner]: trajectory has only one point
[ccr_local_planner-14] [INFO] [1729090785.453703664] [robotA.ccr_local_planner]: path: [56, 55, 39]
[ccr_local_planner-14] [INFO] [1729090785.454457575] [robotA.ccr_local_planner]: wps: [(0.5180128545867416, 0.41076500424209406, 2.097761792257765), (0.5180128545867416, 0.41076500424209406, nan), (0.5, 0.5, nan)]
[ccr_local_planner-14] [INFO] [1729090785.455125065] [robotA.ccr_local_planner]: result_path: [<POINT (0.518 0.411)>, <POINT (0.5 0.5)>]
[ccr_local_planner-14] [INFO] [1729090785.455705411] [robotA.ccr_local_planner]: [31msending single point trajectory[0m
[ccr_local_planner-14] [INFO] [1729090785.476108954] [robotA.ccr_local_planner]: empty trajectory for plan [56, 55, 39]
[ccr_local_planner-14] [WARN] [1729090785.651971975] [robotA.ccr_local_planner]: trajectory has only one point
[ccr_local_planner-14] [INFO] [1729090785.652392733] [robotA.ccr_local_planner]: path: [56, 55, 39]
[ccr_local_planner-14] [INFO] [1729090785.652783064] [robotA.ccr_local_planner]: wps: [(0.5054768193522317, 0.42957649102498596, 1.978703301329997), (0.5054768193522317, 0.42957649102498596, nan), (0.5, 0.5, nan)]
[ccr_local_planner-14] [INFO] [1729090785.653177011] [robotA.ccr_local_planner]: result_path: [<POINT (0.505 0.43)>, <POINT (0.5 0.5)>]
[ccr_local_planner-14] [INFO] [1729090785.653567021] [robotA.ccr_local_planner]: [31msending single point trajectory[0m
[ccr_local_planner-14] [INFO] [1729090785.670318425] [robotA.ccr_local_planner]: empty trajectory for plan [56, 55, 39]
[ccr_local_planner-14] [INFO] [1729090785.674284361] [robotA.ccr_local_planner]: empty trajectory for plan [56, 55, 39]
[ccr_local_planner-14] [WARN] [1729090785.852136426] [robotA.ccr_local_planner]: trajectory has only one point
[ccr_local_planner-14] [INFO] [1729090785.852751257] [robotA.ccr_local_planner]: path: [56, 55, 39]
[ccr_local_planner-14] [INFO] [1729090785.853362922] [robotA.ccr_local_planner]: wps: [(0.49973057033094814, 0.43658323948070205, 1.9851262252083117), (0.49973057033094814, 0.43658323948070205, nan), (0.5, 0.5, nan)]
[ccr_local_planner-14] [INFO] [1729090785.853941145] [robotA.ccr_local_planner]: result_path: [<POINT (0.5 0.437)>, <POINT (0.5 0.5)>]
[ccr_local_planner-14] [INFO] [1729090785.854517824] [robotA.ccr_local_planner]: [31msending single point trajectory[0m
[ccr_local_planner-14] [INFO] [1729090785.871534495] [robotA.ccr_local_planner]: empty trajectory for plan [56, 55, 39]
[ccr_local_planner-14] [INFO] [1729090785.875904808] [robotA.ccr_local_planner]: empty trajectory for plan [56, 55, 39]
[ccr_local_planner-14] [WARN] [1729090786.054258232] [robotA.ccr_local_planner]: trajectory has only one point
[ccr_local_planner-14] [INFO] [1729090786.055059552] [robotA.ccr_local_planner]: path: [56, 55, 39]
[ccr_local_planner-14] [INFO] [1729090786.055809116] [robotA.ccr_local_planner]: wps: [(0.4981432042904169, 0.44020563104437493, 1.985777654780273), (0.4981432042904169, 0.44020563104437493, nan), (0.5, 0.5, nan)]
[ccr_local_planner-14] [INFO] [1729090786.056592272] [robotA.ccr_local_planner]: result_path: [<POINT (0.498 0.44)>, <POINT (0.5 0.5)>]
[ccr_local_planner-14] [INFO] [1729090786.057239574] [robotA.ccr_local_planner]: [31msending single point trajectory[0m
[ccr_local_planner-14] [INFO] [1729090786.071892459] [robotA.ccr_local_planner]: empty trajectory for plan [56, 55, 39]
[ccr_local_planner-14] [INFO] [1729090786.072829723] [robotA.ccr_local_planner]: empty trajectory for plan [56, 55, 39]
[ccr_local_planner-14] [WARN] [1729090786.253815716] [robotA.ccr_local_planner]: trajectory has only one point
[ccr_local_planner-14] [INFO] [1729090786.254250861] [robotA.ccr_local_planner]: path: [56, 55, 39]
[ccr_local_planner-14] [INFO] [1729090786.254658675] [robotA.ccr_local_planner]: wps: [(0.49653916879039184, 0.44383900526101033, 1.9858938364036058), (0.49653916879039184, 0.44383900526101033, nan), (0.5, 0.5, nan)]
[ccr_local_planner-14] [INFO] [1729090786.255127723] [robotA.ccr_local_planner]: result_path: [<POINT (0.497 0.444)>, <POINT (0.5 0.5)>]
[ccr_local_planner-14] [INFO] [1729090786.255607852] [robotA.ccr_local_planner]: [31msending single point trajectory[0m
[ccr_local_planner-14] [INFO] [1729090786.273999477] [robotA.ccr_local_planner]: empty trajectory for plan [56, 55, 39]
[ccr_local_planner-14] [INFO] [1729090786.274777594] [robotA.ccr_local_planner]: empty trajectory for plan [56, 55, 39]
[ccr_local_planner-14] [WARN] [1729090786.451751305] [robotA.ccr_local_planner]: trajectory has only one point
[ccr_local_planner-14] [INFO] [1729090786.452037501] [robotA.ccr_local_planner]: path: [56, 55, 39]
[ccr_local_planner-14] [INFO] [1729090786.452295223] [robotA.ccr_local_planner]: wps: [(0.4949400625866077, 0.4474712778399869, 1.9859175964584896), (0.4949400625866077, 0.4474712778399869, nan), (0.5, 0.5, nan)]
[ccr_local_planner-14] [INFO] [1729090786.452573955] [robotA.ccr_local_planner]: result_path: [<POINT (0.495 0.447)>, <POINT (0.5 0.5)>]
[ccr_local_planner-14] [INFO] [1729090786.452831387] [robotA.ccr_local_planner]: [31msending single point trajectory[0m
[ccr_local_planner-14] [INFO] [1729090786.469269484] [robotA.ccr_local_planner]: empty trajectory for plan [56, 55, 39]
[ccr_local_planner-14] [INFO] [1729090786.470198954] [robotA.ccr_local_planner]: empty trajectory for plan [56, 55, 39]
[ccr_local_planner-14] [WARN] [1729090786.653806736] [robotA.ccr_local_planner]: trajectory has only one point
[ccr_local_planner-14] [INFO] [1729090786.654094254] [robotA.ccr_local_planner]: path: [56, 55, 39]
[ccr_local_planner-14] [INFO] [1729090786.654384077] [robotA.ccr_local_planner]: wps: [(0.4933452953513568, 0.4510930005917373, 1.9859281866758647), (0.4933452953513568, 0.4510930005917373, nan), (0.5, 0.5, nan)]
[ccr_local_planner-14] [INFO] [1729090786.654659653] [robotA.ccr_local_planner]: result_path: [<POINT (0.493 0.451)>, <POINT (0.5 0.5)>]
[ccr_local_planner-14] [INFO] [1729090786.654930600] [robotA.ccr_local_planner]: [31msending single point trajectory[0m
[ccr_local_planner-14] [INFO] [1729090786.669202031] [robotA.ccr_local_planner]: empty trajectory for plan [56, 55, 39]
[ccr_local_planner-14] [INFO] [1729090786.669926618] [robotA.ccr_local_planner]: empty trajectory for plan [56, 55, 39]
[command_node-3] [INFO] [1729090786.850540714] [command_node]: robotA: running
[ccr_local_planner-14] [WARN] [1729090786.855340171] [robotA.ccr_local_planner]: trajectory has only one point
[ccr_local_planner-14] [INFO] [1729090786.855612931] [robotA.ccr_local_planner]: path: [56, 55, 39]
[ccr_local_planner-14] [INFO] [1729090786.855861176] [robotA.ccr_local_planner]: wps: [(0.4917522481736153, 0.45471729309618864, 1.9859765202909587), (0.4917522481736153, 0.45471729309618864, nan), (0.5, 0.5, nan)]
[ccr_local_planner-14] [INFO] [1729090786.856109551] [robotA.ccr_local_planner]: result_path: [<POINT (0.492 0.455)>, <POINT (0.5 0.5)>]
[ccr_local_planner-14] [INFO] [1729090786.856364779] [robotA.ccr_local_planner]: [31msending single point trajectory[0m
[ccr_local_planner-14] [INFO] [1729090786.872527210] [robotA.ccr_local_planner]: empty trajectory for plan [56, 55, 39]
[ccr_local_planner-14] [INFO] [1729090786.873310136] [robotA.ccr_local_planner]: empty trajectory for plan [56, 55, 39]
[ccr_local_planner-14] [WARN] [1729090787.059725464] [robotA.ccr_local_planner]: trajectory has only one point
[ccr_local_planner-14] [INFO] [1729090787.060168253] [robotA.ccr_local_planner]: path: [56, 55, 39]
[ccr_local_planner-14] [INFO] [1729090787.060602726] [robotA.ccr_local_planner]: wps: [(0.4900413316247021, 0.4586074454731825, 1.9860044624252904), (0.4900413316247021, 0.4586074454731825, nan), (0.5, 0.5, nan)]
[ccr_local_planner-14] [INFO] [1729090787.061010811] [robotA.ccr_local_planner]: result_path: [<POINT (0.49 0.459)>, <POINT (0.5 0.5)>]
[ccr_local_planner-14] [INFO] [1729090787.061411861] [robotA.ccr_local_planner]: [31msending single point trajectory[0m
[ccr_local_planner-14] [INFO] [1729090787.079822132] [robotA.ccr_local_planner]: empty trajectory for plan [56, 55, 39]
[ccr_local_planner-14] [INFO] [1729090787.080628672] [robotA.ccr_local_planner]: empty trajectory for plan [56, 55, 39]
[ccr_local_planner-14] [WARN] [1729090787.256927148] [robotA.ccr_local_planner]: trajectory has only one point
[ccr_local_planner-14] [INFO] [1729090787.257460587] [robotA.ccr_local_planner]: path: [56, 55, 39]
[ccr_local_planner-14] [INFO] [1729090787.257874181] [robotA.ccr_local_planner]: wps: [(0.48855380485113215, 0.461983483231124, 1.985992957499681), (0.48855380485113215, 0.461983483231124, nan), (0.5, 0.5, nan)]
[ccr_local_planner-14] [INFO] [1729090787.258296312] [robotA.ccr_local_planner]: result_path: [<POINT (0.489 0.462)>, <POINT (0.5 0.5)>]
[ccr_local_planner-14] [INFO] [1729090787.258719765] [robotA.ccr_local_planner]: [31msending single point trajectory[0m
[ccr_local_planner-14] [INFO] [1729090787.276107069] [robotA.ccr_local_planner]: empty trajectory for plan [56, 55, 39]
[ccr_local_planner-14] [INFO] [1729090787.279976394] [robotA.ccr_local_planner]: empty trajectory for plan [56, 55, 39]
[ccr_local_planner-14] [WARN] [1729090787.456749318] [robotA.ccr_local_planner]: trajectory has only one point
[ccr_local_planner-14] [INFO] [1729090787.457170867] [robotA.ccr_local_planner]: path: [56, 55, 39]
[ccr_local_planner-14] [INFO] [1729090787.457582378] [robotA.ccr_local_planner]: wps: [(0.48683971852085106, 0.4658681508591101, 1.986048288835049), (0.48683971852085106, 0.4658681508591101, nan), (0.5, 0.5, nan)]
[ccr_local_planner-14] [INFO] [1729090787.457987386] [robotA.ccr_local_planner]: result_path: [<POINT (0.487 0.466)>, <POINT (0.5 0.5)>]
[ccr_local_planner-14] [INFO] [1729090787.458375593] [robotA.ccr_local_planner]: [31msending single point trajectory[0m
[ccr_local_planner-14] [INFO] [1729090787.474968631] [robotA.ccr_local_planner]: empty trajectory for plan [56, 55, 39]
[ccr_local_planner-14] [INFO] [1729090787.479395069] [robotA.ccr_local_planner]: empty trajectory for plan [56, 55, 39]
[ccr_local_planner-14] [WARN] [1729090787.754991532] [robotA.ccr_local_planner]: trajectory has only one point
[ccr_local_planner-14] [INFO] [1729090787.755271156] [robotA.ccr_local_planner]: path: [56, 55, 39]
[ccr_local_planner-14] [INFO] [1729090787.755518749] [robotA.ccr_local_planner]: wps: [(0.4848799391916283, 0.4703071353210107, 1.9859710387259606), (0.4848799391916283, 0.4703071353210107, nan), (0.5, 0.5, nan)]
[ccr_local_planner-14] [INFO] [1729090787.755760151] [robotA.ccr_local_planner]: result_path: [<POINT (0.485 0.47)>, <POINT (0.5 0.5)>]
[ccr_local_planner-14] [INFO] [1729090787.756004949] [robotA.ccr_local_planner]: [31msending single point trajectory[0m
[ccr_local_planner-14] [INFO] [1729090787.769513452] [robotA.ccr_local_planner]: empty trajectory for plan [56, 55, 39]
[ccr_local_planner-14] [INFO] [1729090787.770188415] [robotA.ccr_local_planner]: empty trajectory for plan [56, 55, 39]
[ccr_local_planner-14] [WARN] [1729090787.956699273] [robotA.ccr_local_planner]: trajectory has only one point
[ccr_local_planner-14] [INFO] [1729090787.956948039] [robotA.ccr_local_planner]: path: [56, 55, 39]
[ccr_local_planner-14] [INFO] [1729090787.957184632] [robotA.ccr_local_planner]: wps: [(0.48316565117735494, 0.4741966327509414, 1.9859735505544502), (0.48316565117735494, 0.4741966327509414, nan), (0.5, 0.5, nan)]
[ccr_local_planner-14] [INFO] [1729090787.957422006] [robotA.ccr_local_planner]: result_path: [<POINT (0.483 0.474)>, <POINT (0.5 0.5)>]
[ccr_local_planner-14] [INFO] [1729090787.957659220] [robotA.ccr_local_planner]: [31msending single point trajectory[0m
[ccr_local_planner-14] [INFO] [1729090787.970512676] [robotA.ccr_local_planner]: empty trajectory for plan [56, 55, 39]
[ccr_local_planner-14] [INFO] [1729090787.971179454] [robotA.ccr_local_planner]: empty trajectory for plan [56, 55, 39]
[ccr_local_planner-14] [WARN] [1729090788.158166794] [robotA.ccr_local_planner]: trajectory has only one point
[ccr_local_planner-14] [INFO] [1729090788.158474760] [robotA.ccr_local_planner]: path: [56, 55, 39]
[ccr_local_planner-14] [INFO] [1729090788.158761577] [robotA.ccr_local_planner]: wps: [(0.4814514859515274, 0.47808668722764375, 1.9859728401294154), (0.4814514859515274, 0.47808668722764375, nan), (0.5, 0.5, nan)]
[ccr_local_planner-14] [INFO] [1729090788.159058012] [robotA.ccr_local_planner]: result_path: [<POINT (0.481 0.478)>, <POINT (0.5 0.5)>]
[ccr_local_planner-14] [INFO] [1729090788.159359076] [robotA.ccr_local_planner]: [31msending single point trajectory[0m
[ccr_local_planner-14] [INFO] [1729090788.174121466] [robotA.ccr_local_planner]: empty trajectory for plan [56, 55, 39]
[ccr_local_planner-14] [INFO] [1729090788.174907738] [robotA.ccr_local_planner]: empty trajectory for plan [56, 55, 39]
[ccr_local_planner-14] [WARN] [1729090788.361958056] [robotA.ccr_local_planner]: trajectory has only one point
[ccr_local_planner-14] [INFO] [1729090788.362556386] [robotA.ccr_local_planner]: path: [56, 55, 39]
[ccr_local_planner-14] [INFO] [1729090788.363014463] [robotA.ccr_local_planner]: wps: [(0.47973752761929483, 0.48197540558373747, 1.9859804685737952), (0.47973752761929483, 0.48197540558373747, nan), (0.5, 0.5, nan)]
[ccr_local_planner-14] [INFO] [1729090788.363633092] [robotA.ccr_local_planner]: result_path: [<POINT (0.48 0.482)>, <POINT (0.5 0.5)>]
[ccr_local_planner-14] [INFO] [1729090788.364234678] [robotA.ccr_local_planner]: [31msending single point trajectory[0m
[ccr_local_planner-14] [INFO] [1729090788.380468202] [robotA.ccr_local_planner]: empty trajectory for plan [56, 55, 39]
[ccr_local_planner-14] [INFO] [1729090788.381428470] [robotA.ccr_local_planner]: empty trajectory for plan [56, 55, 39]
[ccr_local_planner-14] [WARN] [1729090788.562135961] [robotA.ccr_local_planner]: trajectory has only one point
[ccr_local_planner-14] [INFO] [1729090788.562793122] [robotA.ccr_local_planner]: path: [56, 55, 39]
[ccr_local_planner-14] [INFO] [1729090788.563202829] [robotA.ccr_local_planner]: wps: [(0.4781382988759689, 0.48560390093573963, 1.9859556915995427), (0.4781382988759689, 0.48560390093573963, nan), (0.5, 0.5, nan)]
[ccr_local_planner-14] [INFO] [1729090788.563622685] [robotA.ccr_local_planner]: result_path: [<POINT (0.478 0.486)>, <POINT (0.5 0.5)>]
[ccr_local_planner-14] [INFO] [1729090788.564029547] [robotA.ccr_local_planner]: [31msending single point trajectory[0m
[ccr_local_planner-14] [INFO] [1729090788.582872426] [robotA.ccr_local_planner]: empty trajectory for plan [56, 55, 39]
[ccr_local_planner-14] [INFO] [1729090788.587356994] [robotA.ccr_local_planner]: empty trajectory for plan [56, 55, 39]
[ccr_local_planner-14] [WARN] [1729090788.757590354] [robotA.ccr_local_planner]: trajectory has only one point
[ccr_local_planner-14] [INFO] [1729090788.758070844] [robotA.ccr_local_planner]: path: [56, 55, 39]
[ccr_local_planner-14] [INFO] [1729090788.758619521] [robotA.ccr_local_planner]: wps: [(0.4765384552669551, 0.4892334374708803, 1.9859675412959903), (0.4765384552669551, 0.4892334374708803, nan), (0.5, 0.5, nan)]
[ccr_local_planner-14] [INFO] [1729090788.759168148] [robotA.ccr_local_planner]: result_path: [<POINT (0.477 0.489)>, <POINT (0.5 0.5)>]
[ccr_local_planner-14] [INFO] [1729090788.759669036] [robotA.ccr_local_planner]: [31msending single point trajectory[0m
[ccr_local_planner-14] [INFO] [1729090788.777140067] [robotA.ccr_local_planner]: empty trajectory for plan [56, 55, 39]
[ccr_local_planner-14] [INFO] [1729090788.781304595] [robotA.ccr_local_planner]: empty trajectory for plan [56, 55, 39]
[command_node-3] [INFO] [1729090788.954780125] [command_node]: robotA: running
[ccr_local_planner-14] [WARN] [1729090788.959519128] [robotA.ccr_local_planner]: trajectory has only one point
[ccr_local_planner-14] [INFO] [1729090788.960072905] [robotA.ccr_local_planner]: path: [56, 55, 39]
[ccr_local_planner-14] [INFO] [1729090788.960627744] [robotA.ccr_local_planner]: wps: [(0.47493892697521406, 0.49284890093750905, 1.9857636552057978), (0.47493892697521406, 0.49284890093750905, nan), (0.5, 0.5, nan)]
[ccr_local_planner-14] [INFO] [1729090788.961146235] [robotA.ccr_local_planner]: result_path: [<POINT (0.475 0.493)>, <POINT (0.5 0.5)>]
[ccr_local_planner-14] [INFO] [1729090788.961646321] [robotA.ccr_local_planner]: [31msending single point trajectory[0m
[ccr_local_planner-14] [INFO] [1729090789.023761340] [robotA.ccr_local_planner]: empty trajectory for plan [56, 55, 39]
[ccr_local_planner-14] [INFO] [1729090789.028174513] [robotA.ccr_local_planner]: empty trajectory for plan [56, 55, 39]
[ccr_local_planner-14] [WARN] [1729090789.160176122] [robotA.ccr_local_planner]: trajectory has only one point
[ccr_local_planner-14] [INFO] [1729090789.160747492] [robotA.ccr_local_planner]: path: [56, 55, 39]
[ccr_local_planner-14] [INFO] [1729090789.161175754] [robotA.ccr_local_planner]: wps: [(0.47322680387643956, 0.49674239091177413, 1.9859128680301241), (0.47322680387643956, 0.49674239091177413, nan), (0.5, 0.5, nan)]
[ccr_local_planner-14] [INFO] [1729090789.161584769] [robotA.ccr_local_planner]: result_path: [<POINT (0.473 0.497)>, <POINT (0.5 0.5)>]
[ccr_local_planner-14] [INFO] [1729090789.161988535] [robotA.ccr_local_planner]: [31msending single point trajectory[0m
[ccr_local_planner-14] [INFO] [1729090789.179473202] [robotA.ccr_local_planner]: empty trajectory for plan [56, 55, 39]
[ccr_local_planner-14] [INFO] [1729090789.185548607] [robotA.ccr_local_planner]: empty trajectory for plan [56, 55, 39]
[ccr_local_planner-14] [WARN] [1729090789.360804742] [robotA.ccr_local_planner]: trajectory has only one point
[ccr_local_planner-14] [INFO] [1729090789.361225981] [robotA.ccr_local_planner]: path: [56, 55, 39]
[ccr_local_planner-14] [INFO] [1729090789.361614538] [robotA.ccr_local_planner]: wps: [(0.47151733425047154, 0.5006237050113553, 1.9858953404169126), (0.47151733425047154, 0.5006237050113553, nan), (0.5, 0.5, nan)]
[ccr_local_planner-14] [INFO] [1729090789.362008055] [robotA.ccr_local_planner]: result_path: [<POINT (0.472 0.501)>, <POINT (0.5 0.5)>]
[ccr_local_planner-14] [INFO] [1729090789.362398255] [robotA.ccr_local_planner]: [31msending single point trajectory[0m
[ccr_local_planner-14] [INFO] [1729090789.379237964] [robotA.ccr_local_planner]: empty trajectory for plan [56, 55, 39]
[ccr_local_planner-14] [INFO] [1729090789.383858876] [robotA.ccr_local_planner]: empty trajectory for plan [56, 55, 39]
[ccr_local_planner-14] [WARN] [1729090789.562303141] [robotA.ccr_local_planner]: trajectory has only one point
[ccr_local_planner-14] [INFO] [1729090789.562890431] [robotA.ccr_local_planner]: path: [56, 55, 39]
[ccr_local_planner-14] [INFO] [1729090789.563471899] [robotA.ccr_local_planner]: wps: [(0.469806013257098, 0.5045016561370612, 1.985908126823458), (0.469806013257098, 0.5045016561370612, nan), (0.5, 0.5, nan)]
[ccr_local_planner-14] [INFO] [1729090789.564087091] [robotA.ccr_local_planner]: result_path: [<POINT (0.47 0.505)>, <POINT (0.5 0.5)>]
[ccr_local_planner-14] [INFO] [1729090789.564682836] [robotA.ccr_local_planner]: [31msending single point trajectory[0m
[ccr_local_planner-14] [INFO] [1729090789.582441807] [robotA.ccr_local_planner]: empty trajectory for plan [56, 55, 39]
[ccr_local_planner-14] [INFO] [1729090789.587058891] [robotA.ccr_local_planner]: empty trajectory for plan [56, 55, 39]
[ccr_local_planner-14] [WARN] [1729090789.760355187] [robotA.ccr_local_planner]: trajectory has only one point
[ccr_local_planner-14] [INFO] [1729090789.760810489] [robotA.ccr_local_planner]: path: [56, 55, 39]
[ccr_local_planner-14] [INFO] [1729090789.761211921] [robotA.ccr_local_planner]: wps: [(0.46810052106222816, 0.5083865783125808, 1.9859549795166125), (0.46810052106222816, 0.5083865783125808, nan), (0.5, 0.5, nan)]
[ccr_local_planner-14] [INFO] [1729090789.761621127] [robotA.ccr_local_planner]: result_path: [<POINT (0.468 0.508)>, <POINT (0.5 0.5)>]
[ccr_local_planner-14] [INFO] [1729090789.762041885] [robotA.ccr_local_planner]: [31msending single point trajectory[0m
[ccr_local_planner-14] [INFO] [1729090789.778690917] [robotA.ccr_local_planner]: empty trajectory for plan [56, 55, 39]
[ccr_local_planner-14] [INFO] [1729090789.782970800] [robotA.ccr_local_planner]: empty trajectory for plan [56, 55, 39]
[ccr_local_planner-14] [WARN] [1729090789.963073199] [robotA.ccr_local_planner]: trajectory has only one point
[ccr_local_planner-14] [INFO] [1729090789.963680536] [robotA.ccr_local_planner]: path: [56, 55, 39]
[ccr_local_planner-14] [INFO] [1729090789.964256224] [robotA.ccr_local_planner]: wps: [(0.46638602613714936, 0.5122825479290514, 1.9859610294846666), (0.46638602613714936, 0.5122825479290514, nan), (0.5, 0.5, nan)]
[ccr_local_planner-14] [INFO] [1729090789.964879341] [robotA.ccr_local_planner]: result_path: [<POINT (0.466 0.512)>, <POINT (0.5 0.5)>]
[ccr_local_planner-14] [INFO] [1729090789.965414673] [robotA.ccr_local_planner]: [31msending single point trajectory[0m
[ccr_local_planner-14] [INFO] [1729090789.983331829] [robotA.ccr_local_planner]: empty trajectory for plan [56, 55, 39]
[ccr_local_planner-14] [INFO] [1729090789.987768396] [robotA.ccr_local_planner]: empty trajectory for plan [56, 55, 39]
[ccr_local_planner-14] [WARN] [1729090790.161020759] [robotA.ccr_local_planner]: trajectory has only one point
[ccr_local_planner-14] [INFO] [1729090790.161439353] [robotA.ccr_local_planner]: path: [56, 55, 39]
[ccr_local_planner-14] [INFO] [1729090790.161828982] [robotA.ccr_local_planner]: wps: [(0.46478695987306085, 0.5159102758123311, 1.986025557515365), (0.46478695987306085, 0.5159102758123311, nan), (0.5, 0.5, nan)]
[ccr_local_planner-14] [INFO] [1729090790.162219594] [robotA.ccr_local_planner]: result_path: [<POINT (0.465 0.516)>, <POINT (0.5 0.5)>]
[ccr_local_planner-14] [INFO] [1729090790.162610736] [robotA.ccr_local_planner]: [31msending single point trajectory[0m
[ccr_local_planner-14] [INFO] [1729090790.178293780] [robotA.ccr_local_planner]: empty trajectory for plan [56, 55, 39]
[ccr_local_planner-14] [INFO] [1729090790.178991826] [robotA.ccr_local_planner]: empty trajectory for plan [56, 55, 39]
[ccr_local_planner-14] [WARN] [1729090790.363874816] [robotA.ccr_local_planner]: trajectory has only one point
[ccr_local_planner-14] [INFO] [1729090790.364512260] [robotA.ccr_local_planner]: path: [56, 55, 39]
[ccr_local_planner-14] [INFO] [1729090790.365106132] [robotA.ccr_local_planner]: wps: [(0.4631843032910377, 0.5195346669673648, 1.9860641182562644), (0.4631843032910377, 0.5195346669673648, nan), (0.5, 0.5, nan)]
[ccr_local_planner-14] [INFO] [1729090790.365698812] [robotA.ccr_local_planner]: result_path: [<POINT (0.463 0.52)>, <POINT (0.5 0.5)>]
[ccr_local_planner-14] [INFO] [1729090790.366280831] [robotA.ccr_local_planner]: [31msending single point trajectory[0m
[ccr_local_planner-14] [INFO] [1729090790.381432710] [robotA.ccr_local_planner]: empty trajectory for plan [56, 55, 39]
[ccr_local_planner-14] [INFO] [1729090790.382136979] [robotA.ccr_local_planner]: empty trajectory for plan [56, 55, 39]
[ccr_local_planner-14] [WARN] [1729090790.563428403] [robotA.ccr_local_planner]: trajectory has only one point
[ccr_local_planner-14] [INFO] [1729090790.563720771] [robotA.ccr_local_planner]: path: [56, 55, 39]
[ccr_local_planner-14] [INFO] [1729090790.563989975] [robotA.ccr_local_planner]: wps: [(0.4614657167750466, 0.5234275518675785, 1.9859570843662964), (0.4614657167750466, 0.5234275518675785, nan), (0.5, 0.5, nan)]
[ccr_local_planner-14] [INFO] [1729090790.564278024] [robotA.ccr_local_planner]: result_path: [<POINT (0.461 0.523)>, <POINT (0.5 0.5)>]
[ccr_local_planner-14] [INFO] [1729090790.564565192] [robotA.ccr_local_planner]: [31msending single point trajectory[0m
[ccr_local_planner-14] [INFO] [1729090790.578736976] [robotA.ccr_local_planner]: empty trajectory for plan [56, 55, 39]
[ccr_local_planner-14] [INFO] [1729090790.579456222] [robotA.ccr_local_planner]: empty trajectory for plan [56, 55, 39]
[ccr_local_planner-14] [WARN] [1729090790.767630465] [robotA.ccr_local_planner]: trajectory has only one point
[ccr_local_planner-14] [INFO] [1729090790.768159225] [robotA.ccr_local_planner]: path: [56, 55, 39]
[ccr_local_planner-14] [INFO] [1729090790.768664471] [robotA.ccr_local_planner]: wps: [(0.4598676663625737, 0.5270581062205764, 1.9860076436315746), (0.4598676663625737, 0.5270581062205764, nan), (0.5, 0.5, nan)]
[ccr_local_planner-14] [INFO] [1729090790.769167492] [robotA.ccr_local_planner]: result_path: [<POINT (0.46 0.527)>, <POINT (0.5 0.5)>]
[ccr_local_planner-14] [INFO] [1729090790.769660505] [robotA.ccr_local_planner]: [31msending single point trajectory[0m
[ccr_local_planner-14] [INFO] [1729090790.785487318] [robotA.ccr_local_planner]: empty trajectory for plan [56, 55, 39]
[ccr_local_planner-14] [INFO] [1729090790.786235158] [robotA.ccr_local_planner]: empty trajectory for plan [56, 55, 39]
[command_node-3] [INFO] [1729090790.959296924] [command_node]: robotA: running
[ccr_local_planner-14] [WARN] [1729090790.962942370] [robotA.ccr_local_planner]: trajectory has only one point
[ccr_local_planner-14] [INFO] [1729090790.963390098] [robotA.ccr_local_planner]: path: [56, 55, 39]
[ccr_local_planner-14] [INFO] [1729090790.963818961] [robotA.ccr_local_planner]: wps: [(0.4581548474639818, 0.5309456922755323, 1.9859580423770697), (0.4581548474639818, 0.5309456922755323, nan), (0.5, 0.5, nan)]
[ccr_local_planner-14] [INFO] [1729090790.964254456] [robotA.ccr_local_planner]: result_path: [<POINT (0.458 0.531)>, <POINT (0.5 0.5)>]
[ccr_local_planner-14] [INFO] [1729090790.964674583] [robotA.ccr_local_planner]: [31msending single point trajectory[0m
[ccr_local_planner-14] [INFO] [1729090790.984213576] [robotA.ccr_local_planner]: empty trajectory for plan [56, 55, 39]
[ccr_local_planner-14] [INFO] [1729090790.985052367] [robotA.ccr_local_planner]: empty trajectory for plan [56, 55, 39]
[ccr_local_planner-14] [WARN] [1729090791.166065571] [robotA.ccr_local_planner]: trajectory has only one point
[ccr_local_planner-14] [INFO] [1729090791.166744753] [robotA.ccr_local_planner]: path: [56, 55, 39]
[ccr_local_planner-14] [INFO] [1729090791.167421971] [robotA.ccr_local_planner]: wps: [(0.456560032675646, 0.5345711064846835, 1.9860262033339504), (0.456560032675646, 0.5345711064846835, nan), (0.5, 0.5, nan)]
[ccr_local_planner-14] [INFO] [1729090791.168128273] [robotA.ccr_local_planner]: result_path: [<POINT (0.457 0.535)>, <POINT (0.5 0.5)>]
[ccr_local_planner-14] [INFO] [1729090791.168757782] [robotA.ccr_local_planner]: [31msending single point trajectory[0m
[ccr_local_planner-14] [INFO] [1729090791.183336137] [robotA.ccr_local_planner]: empty trajectory for plan [56, 55, 39]
[ccr_local_planner-14] [INFO] [1729090791.187968189] [robotA.ccr_local_planner]: empty trajectory for plan [56, 55, 39]
[ccr_local_planner-14] [WARN] [1729090791.366502151] [robotA.ccr_local_planner]: trajectory has only one point
[ccr_local_planner-14] [INFO] [1729090791.367109619] [robotA.ccr_local_planner]: path: [56, 55, 39]
[ccr_local_planner-14] [INFO] [1729090791.367682401] [robotA.ccr_local_planner]: wps: [(0.45484415385424454, 0.5384623414337381, 1.9859958821264847), (0.45484415385424454, 0.5384623414337381, nan), (0.5, 0.5, nan)]
[ccr_local_planner-14] [INFO] [1729090791.368254953] [robotA.ccr_local_planner]: result_path: [<POINT (0.455 0.538)>, <POINT (0.5 0.5)>]
[ccr_local_planner-14] [INFO] [1729090791.368865166] [robotA.ccr_local_planner]: [31msending single point trajectory[0m
[ccr_local_planner-14] [INFO] [1729090791.382821587] [robotA.ccr_local_planner]: empty trajectory for plan [56, 55, 39]
[ccr_local_planner-14] [INFO] [1729090791.386914240] [robotA.ccr_local_planner]: empty trajectory for plan [56, 55, 39]
[ccr_local_planner-14] [WARN] [1729090791.565277161] [robotA.ccr_local_planner]: trajectory has only one point
[ccr_local_planner-14] [INFO] [1729090791.565744376] [robotA.ccr_local_planner]: path: [56, 55, 39]
[ccr_local_planner-14] [INFO] [1729090791.566315856] [robotA.ccr_local_planner]: wps: [(0.45313204911478244, 0.5423507749936562, 1.9860163225081777), (0.45313204911478244, 0.5423507749936562, nan), (0.5, 0.5, nan)]
[ccr_local_planner-14] [INFO] [1729090791.566752083] [robotA.ccr_local_planner]: result_path: [<POINT (0.453 0.542)>, <POINT (0.5 0.5)>]
[ccr_local_planner-14] [INFO] [1729090791.567266356] [robotA.ccr_local_planner]: [31msending single point trajectory[0m
[ccr_local_planner-14] [INFO] [1729090791.583922581] [robotA.ccr_local_planner]: empty trajectory for plan [56, 55, 39]
[ccr_local_planner-14] [INFO] [1729090791.588263789] [robotA.ccr_local_planner]: empty trajectory for plan [56, 55, 39]
[ccr_local_planner-14] [WARN] [1729090791.766224217] [robotA.ccr_local_planner]: trajectory has only one point
[ccr_local_planner-14] [INFO] [1729090791.766673428] [robotA.ccr_local_planner]: path: [56, 55, 39]
[ccr_local_planner-14] [INFO] [1729090791.767282389] [robotA.ccr_local_planner]: wps: [(0.4515315429863054, 0.5459791878845381, 1.9860392158183149), (0.4515315429863054, 0.5459791878845381, nan), (0.5, 0.5, nan)]
[ccr_local_planner-14] [INFO] [1729090791.767743893] [robotA.ccr_local_planner]: result_path: [<POINT (0.452 0.546)>, <POINT (0.5 0.5)>]
[ccr_local_planner-14] [INFO] [1729090791.768247375] [robotA.ccr_local_planner]: [31msending single point trajectory[0m
[ccr_local_planner-14] [INFO] [1729090791.785399119] [robotA.ccr_local_planner]: empty trajectory for plan [56, 55, 39]
[ccr_local_planner-14] [INFO] [1729090791.790301368] [robotA.ccr_local_planner]: empty trajectory for plan [56, 55, 39]
[ccr_local_planner-14] [WARN] [1729090791.965828520] [robotA.ccr_local_planner]: trajectory has only one point
[ccr_local_planner-14] [INFO] [1729090791.966380183] [robotA.ccr_local_planner]: path: [56, 55, 39]
[ccr_local_planner-14] [INFO] [1729090791.966933038] [robotA.ccr_local_planner]: wps: [(0.450045081805383, 0.5493504867304647, 1.9860301062063395), (0.450045081805383, 0.5493504867304647, nan), (0.5, 0.5, nan)]
[ccr_local_planner-14] [INFO] [1729090791.967529675] [robotA.ccr_local_planner]: result_path: [<POINT (0.45 0.549)>, <POINT (0.5 0.5)>]
[ccr_local_planner-14] [INFO] [1729090791.968112967] [robotA.ccr_local_planner]: [31msending single point trajectory[0m
[ccr_local_planner-14] [INFO] [1729090791.982566699] [robotA.ccr_local_planner]: empty trajectory for plan [56, 55, 39]
[ccr_local_planner-14] [INFO] [1729090791.986679429] [robotA.ccr_local_planner]: empty trajectory for plan [56, 55, 39]
[ccr_local_planner-14] [WARN] [1729090792.167087280] [robotA.ccr_local_planner]: trajectory has only one point
[ccr_local_planner-14] [INFO] [1729090792.167699376] [robotA.ccr_local_planner]: path: [56, 55, 39]
[ccr_local_planner-14] [INFO] [1729090792.168328203] [robotA.ccr_local_planner]: wps: [(0.4484447937213763, 0.5529813141834032, 1.986015887661811), (0.4484447937213763, 0.5529813141834032, nan), (0.5, 0.5, nan)]
[ccr_local_planner-14] [INFO] [1729090792.168934538] [robotA.ccr_local_planner]: result_path: [<POINT (0.448 0.553)>, <POINT (0.5 0.5)>]
[ccr_local_planner-14] [INFO] [1729090792.169509635] [robotA.ccr_local_planner]: [31msending single point trajectory[0m
[ccr_local_planner-14] [INFO] [1729090792.187946726] [robotA.ccr_local_planner]: empty trajectory for plan [56, 55, 39]
[ccr_local_planner-14] [INFO] [1729090792.191896601] [robotA.ccr_local_planner]: empty trajectory for plan [56, 55, 39]
[ccr_local_planner-14] [WARN] [1729090792.365968899] [robotA.ccr_local_planner]: trajectory has only one point
[ccr_local_planner-14] [INFO] [1729090792.366388325] [robotA.ccr_local_planner]: path: [56, 55, 39]
[ccr_local_planner-14] [INFO] [1729090792.366780058] [robotA.ccr_local_planner]: wps: [(0.4468462463308063, 0.5566106633708877, 1.9860133154612962), (0.4468462463308063, 0.5566106633708877, nan), (0.5, 0.5, nan)]
[ccr_local_planner-14] [INFO] [1729090792.367170018] [robotA.ccr_local_planner]: result_path: [<POINT (0.447 0.557)>, <POINT (0.5 0.5)>]
[ccr_local_planner-14] [INFO] [1729090792.367558055] [robotA.ccr_local_planner]: [31msending single point trajectory[0m
[ccr_local_planner-14] [INFO] [1729090792.384451034] [robotA.ccr_local_planner]: empty trajectory for plan [56, 55, 39]
[ccr_local_planner-14] [INFO] [1729090792.388183873] [robotA.ccr_local_planner]: empty trajectory for plan [56, 55, 39]
[ccr_local_planner-14] [WARN] [1729090792.567463280] [robotA.ccr_local_planner]: trajectory has only one point
[ccr_local_planner-14] [INFO] [1729090792.568008381] [robotA.ccr_local_planner]: path: [56, 55, 39]
[ccr_local_planner-14] [INFO] [1729090792.568537662] [robotA.ccr_local_planner]: wps: [(0.44524699163291637, 0.5602402889834376, 1.986015890619506), (0.44524699163291637, 0.5602402889834376, nan), (0.5, 0.5, nan)]
[ccr_local_planner-14] [INFO] [1729090792.569054179] [robotA.ccr_local_planner]: result_path: [<POINT (0.445 0.56)>, <POINT (0.5 0.5)>]
[ccr_local_planner-14] [INFO] [1729090792.569567079] [robotA.ccr_local_planner]: [31msending single point trajectory[0m
[ccr_local_planner-14] [INFO] [1729090792.584702398] [robotA.ccr_local_planner]: empty trajectory for plan [56, 55, 39]
[ccr_local_planner-14] [INFO] [1729090792.585410023] [robotA.ccr_local_planner]: empty trajectory for plan [56, 55, 39]
[ccr_local_planner-14] [WARN] [1729090792.766653027] [robotA.ccr_local_planner]: trajectory has only one point
[ccr_local_planner-14] [INFO] [1729090792.767071701] [robotA.ccr_local_planner]: path: [56, 55, 39]
[ccr_local_planner-14] [INFO] [1729090792.767463244] [robotA.ccr_local_planner]: wps: [(0.44500551606304495, 0.5607906370911596, 1.9859598297804997), (0.44500551606304495, 0.5607906370911596, nan), (0.5, 0.5, nan)]
[ccr_local_planner-14] [INFO] [1729090792.767854466] [robotA.ccr_local_planner]: result_path: [<POINT (0.445 0.561)>, <POINT (0.5 0.5)>]
[ccr_local_planner-14] [INFO] [1729090792.768242593] [robotA.ccr_local_planner]: [31msending single point trajectory[0m
[ccr_local_planner-14] [INFO] [1729090792.782786894] [robotA.ccr_local_planner]: empty trajectory for plan [56, 55, 39]
[ccr_local_planner-14] [INFO] [1729090792.783477768] [robotA.ccr_local_planner]: empty trajectory for plan [56, 55, 39]
[command_node-3] [INFO] [1729090792.963895797] [command_node]: robotA: running
[ccr_local_planner-14] [WARN] [1729090792.966284019] [robotA.ccr_local_planner]: trajectory has only one point
[ccr_local_planner-14] [INFO] [1729090792.966548343] [robotA.ccr_local_planner]: path: [56, 55, 39]
[ccr_local_planner-14] [INFO] [1729090792.966789826] [robotA.ccr_local_planner]: wps: [(0.44328887418747404, 0.5646743044336291, 1.9858195526852402), (0.44328887418747404, 0.5646743044336291, nan), (0.5, 0.5, nan)]
[ccr_local_planner-14] [INFO] [1729090792.967029124] [robotA.ccr_local_planner]: result_path: [<POINT (0.443 0.565)>, <POINT (0.5 0.5)>]
[ccr_local_planner-14] [INFO] [1729090792.967278781] [robotA.ccr_local_planner]: [31msending single point trajectory[0m
[ccr_local_planner-14] [INFO] [1729090792.980593430] [robotA.ccr_local_planner]: empty trajectory for plan [56, 55, 39]
[ccr_local_planner-14] [INFO] [1729090792.981306986] [robotA.ccr_local_planner]: empty trajectory for plan [56, 55, 39]
[ccr_local_planner-14] [WARN] [1729090793.168543583] [robotA.ccr_local_planner]: trajectory has only one point
[ccr_local_planner-14] [INFO] [1729090793.168839156] [robotA.ccr_local_planner]: path: [56, 55, 39]
[ccr_local_planner-14] [INFO] [1729090793.169113830] [robotA.ccr_local_planner]: wps: [(0.44157446888240354, 0.5685678396103442, 1.9858942852968815), (0.44157446888240354, 0.5685678396103442, nan), (0.5, 0.5, nan)]
[ccr_local_planner-14] [INFO] [1729090793.169415856] [robotA.ccr_local_planner]: result_path: [<POINT (0.442 0.569)>, <POINT (0.5 0.5)>]
[ccr_local_planner-14] [INFO] [1729090793.169696451] [robotA.ccr_local_planner]: [31msending single point trajectory[0m
[ccr_local_planner-14] [INFO] [1729090793.184289314] [robotA.ccr_local_planner]: empty trajectory for plan [56, 55, 39]
[ccr_local_planner-14] [INFO] [1729090793.185087929] [robotA.ccr_local_planner]: empty trajectory for plan [56, 55, 39]
[ccr_local_planner-14] [WARN] [1729090793.370912190] [robotA.ccr_local_planner]: trajectory has only one point
[ccr_local_planner-14] [INFO] [1729090793.371176605] [robotA.ccr_local_planner]: path: [56, 55, 39]
[ccr_local_planner-14] [INFO] [1729090793.371420482] [robotA.ccr_local_planner]: wps: [(0.4398581735389133, 0.5724624344342636, 1.9859086728822937), (0.4398581735389133, 0.5724624344342636, nan), (0.5, 0.5, nan)]
[ccr_local_planner-14] [INFO] [1729090793.371695397] [robotA.ccr_local_planner]: result_path: [<POINT (0.44 0.572)>, <POINT (0.5 0.5)>]
[ccr_local_planner-14] [INFO] [1729090793.371965793] [robotA.ccr_local_planner]: [31msending single point trajectory[0m
[ccr_local_planner-14] [INFO] [1729090793.385745814] [robotA.ccr_local_planner]: empty trajectory for plan [56, 55, 39]
[ccr_local_planner-14] [INFO] [1729090793.386523530] [robotA.ccr_local_planner]: empty trajectory for plan [56, 55, 39]
[ccr_local_planner-14] [WARN] [1729090793.574476658] [robotA.ccr_local_planner]: trajectory has only one point
[ccr_local_planner-14] [INFO] [1729090793.574891394] [robotA.ccr_local_planner]: path: [56, 55, 39]
[ccr_local_planner-14] [INFO] [1729090793.575292445] [robotA.ccr_local_planner]: wps: [(0.4381449855811366, 0.5763518961169535, 1.9859402000791435), (0.4381449855811366, 0.5763518961169535, nan), (0.5, 0.5, nan)]
[ccr_local_planner-14] [INFO] [1729090793.575698255] [robotA.ccr_local_planner]: result_path: [<POINT (0.438 0.576)>, <POINT (0.5 0.5)>]
[ccr_local_planner-14] [INFO] [1729090793.576103704] [robotA.ccr_local_planner]: [31msending single point trajectory[0m
[ccr_local_planner-14] [INFO] [1729090793.591305036] [robotA.ccr_local_planner]: empty trajectory for plan [56, 55, 39]
[ccr_local_planner-14] [INFO] [1729090793.591941327] [robotA.ccr_local_planner]: empty trajectory for plan [56, 55, 39]
[ccr_local_planner-14] [INFO] [1729090793.788000803] [robotA.ccr_local_planner]: empty trajectory for plan [56, 55, 39]
[ccr_local_planner-14] [WARN] [1729090794.674888286] [robotA.ccr_local_planner]: trajectory has only one point
[ccr_local_planner-14] [INFO] [1729090794.675177358] [robotA.ccr_local_planner]: path: [56, 55, 39]
[ccr_local_planner-14] [INFO] [1729090794.675443576] [robotA.ccr_local_planner]: wps: [(0.4423595175177256, 0.5769007479152483, 1.0040868894140853), (0.4423595175177256, 0.5769007479152483, nan), (0.5, 0.5, nan)]
[ccr_local_planner-14] [INFO] [1729090794.675700808] [robotA.ccr_local_planner]: result_path: [<POINT (0.442 0.577)>, <POINT (0.5 0.5)>]
[ccr_local_planner-14] [INFO] [1729090794.675959161] [robotA.ccr_local_planner]: [31msending single point trajectory[0m
[ccr_local_planner-14] [INFO] [1729090794.690568835] [robotA.ccr_local_planner]: empty trajectory for plan [56, 55, 39]
[ccr_local_planner-14] [INFO] [1729090794.888678398] [robotA.ccr_local_planner]: empty trajectory for plan [56, 55, 39]
[command_node-3] [INFO] [1729090794.968103618] [command_node]: robotA: running
[ccr_local_planner-14] [WARN] [1729090795.673133578] [robotA.ccr_local_planner]: trajectory has only one point
[ccr_local_planner-14] [INFO] [1729090795.673572460] [robotA.ccr_local_planner]: path: [56, 55, 39]
[ccr_local_planner-14] [INFO] [1729090795.673977398] [robotA.ccr_local_planner]: wps: [(0.48958726447156575, 0.5878623313560456, -0.4753161440526871), (0.48958726447156575, 0.5878623313560456, nan), (0.5, 0.5, nan)]
[ccr_local_planner-14] [INFO] [1729090795.674383378] [robotA.ccr_local_planner]: result_path: [<POINT (0.49 0.588)>, <POINT (0.5 0.5)>]
[ccr_local_planner-14] [INFO] [1729090795.674782856] [robotA.ccr_local_planner]: [31msending single point trajectory[0m
[ccr_local_planner-14] [INFO] [1729090795.695848958] [robotA.ccr_local_planner]: empty trajectory for plan [56, 55, 39]
[ccr_local_planner-14] [WARN] [1729090795.874857069] [robotA.ccr_local_planner]: trajectory has only one point
[ccr_local_planner-14] [INFO] [1729090795.875336657] [robotA.ccr_local_planner]: path: [56, 55, 39]
[ccr_local_planner-14] [INFO] [1729090795.875774276] [robotA.ccr_local_planner]: wps: [(0.49550198646878724, 0.5847933190446547, -0.7290996774944697), (0.49550198646878724, 0.5847933190446547, nan), (0.5, 0.5, nan)]
[ccr_local_planner-14] [INFO] [1729090795.876185386] [robotA.ccr_local_planner]: result_path: [<POINT (0.496 0.585)>, <POINT (0.5 0.5)>]
[ccr_local_planner-14] [INFO] [1729090795.876600072] [robotA.ccr_local_planner]: [31msending single point trajectory[0m
[ccr_local_planner-14] [INFO] [1729090795.892652618] [robotA.ccr_local_planner]: empty trajectory for plan [56, 55, 39]
[ccr_local_planner-14] [INFO] [1729090795.896953250] [robotA.ccr_local_planner]: empty trajectory for plan [56, 55, 39]
[ccr_local_planner-14] [WARN] [1729090796.073058957] [robotA.ccr_local_planner]: trajectory has only one point
[ccr_local_planner-14] [INFO] [1729090796.073496376] [robotA.ccr_local_planner]: path: [56, 55, 39]
[ccr_local_planner-14] [INFO] [1729090796.073920690] [robotA.ccr_local_planner]: wps: [(0.48998947435633544, 0.5873892062831965, -0.8189977571621937), (0.48998947435633544, 0.5873892062831965, nan), (0.5, 0.5, nan)]
[ccr_local_planner-14] [INFO] [1729090796.074345455] [robotA.ccr_local_planner]: result_path: [<POINT (0.49 0.587)>, <POINT (0.5 0.5)>]
[ccr_local_planner-14] [INFO] [1729090796.074757046] [robotA.ccr_local_planner]: [31msending single point trajectory[0m
[ccr_local_planner-14] [INFO] [1729090796.089684725] [robotA.ccr_local_planner]: empty trajectory for plan [56, 55, 39]
[ccr_local_planner-14] [INFO] [1729090796.090443736] [robotA.ccr_local_planner]: empty trajectory for plan [56, 55, 39]
[ccr_local_planner-14] [WARN] [1729090796.272841083] [robotA.ccr_local_planner]: trajectory has only one point
[ccr_local_planner-14] [INFO] [1729090796.273263865] [robotA.ccr_local_planner]: path: [56, 55, 39]
[ccr_local_planner-14] [INFO] [1729090796.273656740] [robotA.ccr_local_planner]: wps: [(0.4937814395730385, 0.5845097989732998, -0.8029137506327413), (0.4937814395730385, 0.5845097989732998, nan), (0.5, 0.5, nan)]
[ccr_local_planner-14] [INFO] [1729090796.274051780] [robotA.ccr_local_planner]: result_path: [<POINT (0.494 0.585)>, <POINT (0.5 0.5)>]
[ccr_local_planner-14] [INFO] [1729090796.274457650] [robotA.ccr_local_planner]: [31msending single point trajectory[0m
[ccr_local_planner-14] [INFO] [1729090796.289846633] [robotA.ccr_local_planner]: empty trajectory for plan [56, 55, 39]
[ccr_local_planner-14] [INFO] [1729090796.290567082] [robotA.ccr_local_planner]: empty trajectory for plan [56, 55, 39]
[ccr_local_planner-14] [WARN] [1729090796.474361664] [robotA.ccr_local_planner]: trajectory has only one point
[ccr_local_planner-14] [INFO] [1729090796.474827656] [robotA.ccr_local_planner]: path: [56, 55, 39]
[ccr_local_planner-14] [INFO] [1729090796.475220903] [robotA.ccr_local_planner]: wps: [(0.49673231422734226, 0.5814619442308676, -0.8018644088362055), (0.49673231422734226, 0.5814619442308676, nan), (0.5, 0.5, nan)]
[ccr_local_planner-14] [INFO] [1729090796.475614299] [robotA.ccr_local_planner]: result_path: [<POINT (0.497 0.581)>, <POINT (0.5 0.5)>]
[ccr_local_planner-14] [INFO] [1729090796.476028976] [robotA.ccr_local_planner]: [31msending single point trajectory[0m
[ccr_local_planner-14] [INFO] [1729090796.493531696] [robotA.ccr_local_planner]: empty trajectory for plan [56, 55, 39]
[ccr_local_planner-14] [INFO] [1729090796.494302980] [robotA.ccr_local_planner]: empty trajectory for plan [56, 55, 39]
[ccr_local_planner-14] [WARN] [1729090796.674643145] [robotA.ccr_local_planner]: trajectory has only one point
[ccr_local_planner-14] [INFO] [1729090796.674963906] [robotA.ccr_local_planner]: path: [56, 55, 39]
[ccr_local_planner-14] [INFO] [1729090796.675241425] [robotA.ccr_local_planner]: wps: [(0.4996921229839871, 0.5784035545656651, -0.801782395846321), (0.4996921229839871, 0.5784035545656651, nan), (0.5, 0.5, nan)]
[ccr_local_planner-14] [INFO] [1729090796.675522061] [robotA.ccr_local_planner]: result_path: [<POINT (0.5 0.578)>, <POINT (0.5 0.5)>]
[ccr_local_planner-14] [INFO] [1729090796.675795222] [robotA.ccr_local_planner]: [31msending single point trajectory[0m
[ccr_local_planner-14] [INFO] [1729090796.690235960] [robotA.ccr_local_planner]: empty trajectory for plan [56, 55, 39]
[ccr_local_planner-14] [INFO] [1729090796.690970335] [robotA.ccr_local_planner]: empty trajectory for plan [56, 55, 39]
[ccr_local_planner-14] [WARN] [1729090796.875902457] [robotA.ccr_local_planner]: trajectory has only one point
[ccr_local_planner-14] [INFO] [1729090796.876191558] [robotA.ccr_local_planner]: path: [56, 55, 39]
[ccr_local_planner-14] [INFO] [1729090796.876499294] [robotA.ccr_local_planner]: wps: [(0.5026507908612409, 0.5753460875275933, -0.8018017789169878), (0.5026507908612409, 0.5753460875275933, nan), (0.5, 0.5, nan)]
[ccr_local_planner-14] [INFO] [1729090796.876774690] [robotA.ccr_local_planner]: result_path: [<POINT (0.503 0.575)>, <POINT (0.5 0.5)>]
[ccr_local_planner-14] [INFO] [1729090796.877042281] [robotA.ccr_local_planner]: [31msending single point trajectory[0m
[ccr_local_planner-14] [INFO] [1729090796.891713300] [robotA.ccr_local_planner]: empty trajectory for plan [56, 55, 39]
[ccr_local_planner-14] [INFO] [1729090796.892468755] [robotA.ccr_local_planner]: empty trajectory for plan [56, 55, 39]
[command_node-3] [INFO] [1729090797.071542638] [command_node]: robotA: running
[ccr_local_planner-14] [INFO] [1729090797.076929614] [robotA.ccr_local_planner]: empty trajectory for plan [56, 55, 39]
[ccr_local_planner-14] [WARN] [1729090797.079806821] [robotA.ccr_local_planner]: trajectory has only one point
[ccr_local_planner-14] [INFO] [1729090797.080068952] [robotA.ccr_local_planner]: path: [56, 55, 39]
[ccr_local_planner-14] [INFO] [1729090797.080337705] [robotA.ccr_local_planner]: wps: [(0.505605937472431, 0.5722915509925094, -0.8018035472711936), (0.505605937472431, 0.5722915509925094, nan), (0.5, 0.5, nan)]
[ccr_local_planner-14] [INFO] [1729090797.080596610] [robotA.ccr_local_planner]: result_path: [<POINT (0.506 0.572)>, <POINT (0.5 0.5)>]
[ccr_local_planner-14] [INFO] [1729090797.080853571] [robotA.ccr_local_planner]: [31msending single point trajectory[0m
[ccr_local_planner-14] [INFO] [1729090797.095178502] [robotA.ccr_local_planner]: empty trajectory for plan [56, 55, 39]
[ccr_local_planner-14] [WARN] [1729090797.282576111] [robotA.ccr_local_planner]: trajectory has only one point
[ccr_local_planner-14] [INFO] [1729090797.282853430] [robotA.ccr_local_planner]: path: [56, 55, 39]
[ccr_local_planner-14] [INFO] [1729090797.283108107] [robotA.ccr_local_planner]: wps: [(0.5085596975239247, 0.5692391005180921, -0.801798516087349), (0.5085596975239247, 0.5692391005180921, nan), (0.5, 0.5, nan)]
[ccr_local_planner-14] [INFO] [1729090797.283366410] [robotA.ccr_local_planner]: result_path: [<POINT (0.509 0.569)>, <POINT (0.5 0.5)>]
[ccr_local_planner-14] [INFO] [1729090797.283620656] [robotA.ccr_local_planner]: [31msending single point trajectory[0m
[ccr_local_planner-14] [INFO] [1729090797.297729042] [robotA.ccr_local_planner]: empty trajectory for plan [56, 55, 39]
[ccr_local_planner-14] [INFO] [1729090797.298492351] [robotA.ccr_local_planner]: empty trajectory for plan [56, 55, 39]
[command_node-3] [INFO] [1729090797.372229400] [command_node]: run timer is due with status go
[command_node-3] [INFO] [1729090797.372917128] [command_node]: [32mstop[0m
[ccr_local_planner-14] [INFO] [1729090797.373031001] [robotA.ccr_local_planner]: setting state to [34mstopped[0m
[command_node-3] [INFO] [1729090797.373401384] [command_node]: exiting
[INFO] [command_node-3]: process has finished cleanly [pid 88771]
[INFO] [ccr_local_planner-14]: sending signal 'SIGINT' to process[ccr_local_planner-14]
[INFO] [dwa-13]: sending signal 'SIGINT' to process[dwa-13]
[INFO] [ccr_goal_provider-12]: sending signal 'SIGINT' to process[ccr_goal_provider-12]
[INFO] [global_to_local_tf_pub-11]: sending signal 'SIGINT' to process[global_to_local_tf_pub-11]
[INFO] [local_tf_pub-10]: sending signal 'SIGINT' to process[local_tf_pub-10]
[INFO] [static_transform_publisher-9]: sending signal 'SIGINT' to process[static_transform_publisher-9]
[INFO] [lifecycle_manager-8]: sending signal 'SIGINT' to process[lifecycle_manager-8]
[INFO] [amcl-7]: sending signal 'SIGINT' to process[amcl-7]
[INFO] [map_server-6]: sending signal 'SIGINT' to process[map_server-6]
[INFO] [robot_state_publisher-5]: sending signal 'SIGINT' to process[robot_state_publisher-5]
[INFO] [ros2-2]: sending signal 'SIGINT' to process[ros2-2]
[INFO] [lifecycle_manager-8]: process has finished cleanly [pid 88781]
[ERROR] [ccr_local_planner-14]: process has died [pid 88793, exit code -2, cmd '/home/phlinke/ros/driving_swarm_infrastructure/install/ccr/lib/ccr/ccr_local_planner --ros-args -r __ns:=/robotA --params-file /tmp/launch_params_2p3hgcbd --params-file /tmp/launch_params_h08acmvi --params-file /tmp/launch_params_2xqjmb21 --params-file /tmp/launch_params_bijl_pxn -r /tf:=tf -r /tf_static:=tf_static'].
[INFO] [gzserver-1]: sending signal 'SIGINT' to process[gzserver-1]
[dwa-13] [INFO] [1729090797.602383462] [robotA.trajectory_follower]: Shutting down after user interrupt
[dwa-13] Failed to publish log message to rosout: publisher's context is invalid, at ./src/rcl/publisher.c:389
[global_to_local_tf_pub-11] [INFO] [1729090797.606173809] [robotA.global_to_local_tf_pub]: got keyboard interrupt, shutting down
[global_to_local_tf_pub-11] Failed to publish log message to rosout: publisher's context is invalid, at ./src/rcl/publisher.c:389
[local_tf_pub-10] [INFO] [1729090797.607340063] [robotA.local_tf_pub]: got keyboard interrupt, shutting down
[local_tf_pub-10] Failed to publish log message to rosout: publisher's context is invalid, at ./src/rcl/publisher.c:389
[static_transform_publisher-9] [INFO] [1729090797.608242493] [rclcpp]: signal_handler(signum=2)
[lifecycle_manager-8] [INFO] [1729090797.609997188] [rclcpp]: signal_handler(signum=2)
[amcl-7] [INFO] [1729090797.611771440] [rclcpp]: signal_handler(signum=2)
[map_server-6] [INFO] [1729090797.613862645] [rclcpp]: signal_handler(signum=2)
[amcl-7] Warning: class_loader.ClassLoader: SEVERE WARNING!!! Attempting to unload library while objects created by this loader exist in the heap! You should delete your objects before attempting to unload the library or destroying the ClassLoader. The library will NOT be unloaded.
[amcl-7]          at line 127 in ./src/class_loader.cpp
[robot_state_publisher-5] [INFO] [1729090797.616441614] [rclcpp]: signal_handler(signum=2)
[ros2-2] [INFO] [1729090797.618078419] [rclcpp]: signal_handler(signum=2)
[map_server-6] [INFO] [1729090797.621136404] [robotA.map_server]: Destroying
[ros2-2] [INFO] [1729090797.672458906] [rosbag2_recorder]: Event publisher thread: Exiting
[ros2-2] [INFO] [1729090797.673620982] [rosbag2_cpp]: Writing remaining messages from cache to the bag. It may take a while
[amcl-7] [INFO] [1729090797.704144251] [robotA.amcl]: Destroying
[INFO] [static_transform_publisher-9]: process has finished cleanly [pid 88783]
[INFO] [map_server-6]: process has finished cleanly [pid 88777]
[INFO] [local_tf_pub-10]: process has finished cleanly [pid 88785]
[INFO] [global_to_local_tf_pub-11]: process has finished cleanly [pid 88787]
[INFO] [ros2-2]: process has finished cleanly [pid 88769]
[INFO] [amcl-7]: process has finished cleanly [pid 88779]
[INFO] [robot_state_publisher-5]: process has finished cleanly [pid 88775]
[INFO] [dwa-13]: process has finished cleanly [pid 88791]
[INFO] [ccr_goal_provider-12]: process has finished cleanly [pid 88789]
[INFO] [gzserver-1]: process has finished cleanly [pid 88767]
[gzserver-1] [0m[1;32m[0m[1;32m[0m[1;36m[0m[1;32m[0m
[gzserver-1] [1;33m[0m[1;31m[0m
