t,robot,cmd_vel_x,cmd_vel_rot,command,status,identify_as,num_detections,sunburstError,real_waldo_pos_0,real_waldo_pos_1,sunburstRobotCalc/waldoPosition_0,sunburstRobotCalc/waldoPosition_1,x,y,theta
0,robotA,,,,,,,,,,,,,,
0,robotB,,,,,,,,,,,,,,
0,robotC,,,,,,,,,,,,,,
0,robotD,,,,,,,,,,,,,,
1,robotA,,,,,,,,,,,,,,
1,robotB,,,,,,,,,,,,,,
1,robotC,,,,,,,,,,,,,,
1,robotD,,,,,,,,,,,,,,
2,robotA,,,,,,,,,,,,,,
2,robotB,,,,,,,,,,,,,,
2,robotC,,,,,,,,,,,,,,
2,robotD,,,,,,,,,,,,,,
3,robotA,,,,,,,,,,,,,,
3,robotB,,,,,,,,,,,,,,
3,robotC,,,,,,,,,,,,,,
3,robotD,,,,,,,,,,,,,,
4,robotA,,,,,,,,,,,,,,
4,robotB,,,,,,,,,,,,,,
4,robotC,,,,,,,,,,,,,,
4,robotD,,,,,,,,,,,,,,
5,robotA,,,,ready,,,,,,,,-0.6565980585640452,0.5832789102783685,2.877019652966162
5,robotB,,,,ready,,,,,,,,-0.06560388281058231,0.7724644622172602,-1.3441938627758359
5,robotC,,,,,,,,,,,,,,
5,robotD,,,,,,,,,,,,,,
6,robotA,0.0,0.5,go,running,,,,,,,,-0.6562759359696584,0.5831945152898779,2.8770034395962707
6,robotB,0.05,0.0,go,running,,,,,,,,-0.0656859104434555,0.7728031142199878,-1.3442066486255477
6,robotC,0.05,0.0,go,running,,,,,,,,-0.36650743590978874,0.04391167220074901,-2.0399202738959534
6,robotD,0.05,0.0,go,running,,,,,,,,0.3284069665589014,0.1492555911428396,0.9750373171254334
7,robotA,0.0,0.5,,,,,,,,,,-0.6549817657585616,0.5829006188917434,-2.9608247398472503
7,robotB,0.05,0.0,,,,,,,,,,-0.05506114760082042,0.726696178758695,-1.3445421310700088
7,robotC,0.05,0.0,,,,,,,,,,-0.3884289477043003,0.0006820814336050145,-2.0403086751033466
7,robotD,0.05,0.0,,,,,,,,,,0.3548297956513095,0.18822529932491464,0.97463809097186
8,robotA,0.0,0.5,,,,,,,,,,-0.6498083238357809,0.5822632876526085,-2.4728976716362117
8,robotB,0.05,0.0,,,,,,,,,,-0.043730547828514515,0.6774261049472532,-1.3448874943047961
8,robotC,0.05,0.0,,,,,,,,,,-0.4106980224528017,-0.043197937807206724,-2.0404896470548706
8,robotD,0.05,0.0,,,,,,,,,,0.38329597124546005,0.23015589722430418,0.9744047664118488
9,robotA,0.0,0.5,,,,,,,,,,-0.6307326141672478,0.5810768943659871,-1.9828486735984634
9,robotB,0.05,0.0,,,,,,,,,,-0.03261595764338139,0.6290400524722571,-1.3451998987039098
9,robotC,0.05,0.0,,,,,,,,,,-0.43386016102947167,-0.08881815537064705,-2.0409152177354097
9,robotD,0.05,0.0,,,,,,,,,,0.4111818011652226,0.2712226639317364,0.974017228349151
10,robotA,0.05,0.0,,,,,,,,,,-0.6210702842531084,0.5640656908263235,-1.5305502876464143
10,robotB,0.05,0.0,,,,,,,,,,-0.021657850005958615,0.581244765736583,-1.3455855608651166
10,robotC,0.05,0.0,,,,,,,,,,-0.45605843207575697,-0.1324864462070008,-2.041107714141968
10,robotD,0.05,0.0,,,,,,,,,,0.4396240494155293,0.31306623132917555,0.9736846952299453
11,robotA,0.05,0.0,,,,,,,,,,-0.6083878456734269,0.5156100458504341,-1.5403207303822117
11,robotB,0.05,0.0,,,,,,,,,,-0.010255798116767963,0.5314466970151203,-1.345873473241854
11,robotC,0.05,0.0,,,,,,,,,,-0.4785496408496067,-0.1767179963731141,-2.041489548972529
11,robotD,0.05,0.0,,,,,,,,,,0.46754014207308464,0.3541192599536474,0.9734048566390252
12,robotA,0.05,0.0,,,,,,,,,,-0.6067585168085275,0.46402066902648736,-1.5406108065735173
12,robotB,0.05,0.0,,,,,,,,,,0.0007459311649893182,0.4833191275798798,-1.3462613715075429
12,robotC,0.05,0.0,,,,,,,,,,-0.5015347851354696,-0.22187256244966008,-2.0418257302355736
12,robotD,0.05,0.0,,,,,,,,,,0.49511791089123525,0.3946351970396364,0.9730371609997378
13,robotA,0.05,0.0,,,,,,,,,,-0.6052982741987062,0.4153381907825612,-1.5409707483786421
13,robotB,0.05,0.0,,,,,,,,,,0.01036301210601142,0.43470942096814286,-1.3505912029245268
13,robotC,0.05,0.0,,,,,,,,,,-0.5147309973398704,-0.2609620928414004,-2.029042950813907
13,robotD,0.05,0.0,,,,,,,,,,0.5213456096342857,0.43471914013077306,0.9678187586339158
14,robotA,0.05,0.0,,,,,,,,,,-0.6036138991384986,0.35880263141692276,-1.541275227520951
14,robotB,0.05,0.0,,,,,,,,,,0.021261142382883083,0.38599483692232484,-1.3509350736379921
14,robotC,0.05,0.0,,,,,,,,,,-0.5372625449625338,-0.3066164877621656,-2.0294318076409557
14,robotD,0.05,0.0,,,,,,,,,,0.5465613334670211,0.47262585682454356,0.9616961166248366
15,robotA,0.0,0.0,,,,,,,,,,-0.6032578395857849,0.3465686178869699,-1.5413993765658178
15,robotB,0.0,0.0,,,,,,,,,,0.031281018081326745,0.3411197182994773,-1.351219572192512
15,robotC,0.05,0.0,,,,,,,,,,-0.5597408084585488,-0.3521230119387637,-2.0297044759562493
15,robotD,0.05,0.0,,,,,,,,,,0.5689864709264244,0.5083729996947786,1.1098139175432002
16,robotA,0.0,0.0,,,,,,,,,,-0.6032457692255413,0.34631679685295685,-1.5413697541916198
16,robotB,0.0,0.0,,,,,,,,,,0.03140056516045798,0.3406087813082317,-1.3512115147471173
16,robotC,0.0,0.0,,,,,,,,,,-0.5730721128466603,-0.379062357951205,-1.899786212745294
16,robotD,0.0,0.0,,,,,,,,,,0.5758292702187201,0.5213031913278627,1.0743615065525338
17,robotA,0.0,0.0,,,,,,,,,,-0.6032507552823403,0.3464144059553263,-1.5413741009453066
17,robotB,0.0,0.0,,,,,,,,,,0.03129027606959413,0.341083382247523,-1.351237873246538
17,robotC,0.0,0.0,,,,,,,,,,-0.5730047201262108,-0.3787991111506334,-1.8872930309159996
17,robotD,0.0,0.0,,,,,,,,,,0.5757490956498607,0.5211248632290532,1.0744572054831663
18,robotA,0.0,0.0,,,robotA,2.0,,,,0.30516510659877244,0.46858124505312454,-0.6032535997256717,0.34646712312583217,-1.5413745919422661
18,robotB,0.0,0.0,,,robotB,3.0,,,,0.2343394689659357,-0.08211701627998418,0.031403866614153515,0.34059615631786233,-1.351236882218026
18,robotC,0.0,0.0,,,robotC,3.0,,,,-0.4428328443731791,0.347899755901433,-0.5730716493737463,-0.379062722603389,-1.887006716580476
18,robotD,0.0,0.0,,,,,,,,,,0.575833060503493,0.5212886259060374,1.074474795817174
19,robotA,0.0,0.0,,,robotA,2.0,0.1797444629561177,0.38151082767473166,0.6313061750324458,0.3055634476134795,0.46962485214516864,-0.6032450046026915,0.3462753810490485,-1.5413643447530125
19,robotB,0.0,0.0,,,robotB,3.0,0.09358995172901438,0.32427686553936963,-0.1080080139863707,0.2339814391356078,-0.08118003941974324,0.03129698383519674,0.3410670962971333,-1.3512591373772884
19,robotC,0.0,0.0,,,robotC,3.0,0.1351158458719061,-0.5512789528662609,0.42849586845276766,-0.4421893386702323,0.34721545938785076,-0.5730074151402995,-0.3788821326802915,-1.8870224391823107
19,robotD,0.0,0.0,,,,,,,,,,0.5758125763736974,0.52125384288755,1.0744692485487826
20,robotA,0.0,0.0,,,robotA,2.0,0.17857226240899088,0.3813836251325558,0.6313015467639085,0.3037226242210073,0.4713182018193198,-0.6032572684528158,0.3465729930923769,-1.541375974047122
20,robotB,0.0,0.0,,,robotB,3.0,0.09441836946648823,0.32450949214918334,-0.10800353863743536,0.23411068845835378,-0.08200746805128316,0.03140019820641836,0.3406459028353246,-1.3512532507328998
20,robotC,0.0,0.0,,,robotC,3.0,0.1359405295838719,-0.5511449847631875,0.42850810830526653,-0.44441560076821157,0.3491113028876147,-0.5730583511367974,-0.37903594660483814,-1.8869950392536665
20,robotD,0.0,0.0,,,,,,,,,,0.5757561356314307,0.5211487931093063,1.0744542148672502
21,robotA,0.0,0.0,,,robotA,2.0,0.17790945649147524,0.38154235066279785,0.6313052790650056,0.30741597566450873,0.4728448582709788,-0.6032446392478935,0.34627010029896477,-1.5413606104484963
21,robotB,0.0,0.0,,,robotB,3.0,0.09386913460127838,0.32430736523406034,-0.10800696668898066,0.23379342507797202,-0.08197018571242598,0.03131936137029071,0.34098968499914184,-1.3512659598767274
21,robotC,0.0,0.0,,,robotC,3.0,0.13311838179987104,-0.5512649370517867,0.42850729087678013,-0.4427506428562913,0.34765926173475303,-0.5730026668768002,-0.3788559495827706,-1.8870305887041792
21,robotD,0.0,0.0,,,,,,,,,,0.5758632945113359,0.5213525405965215,1.074481024215835
22,robotA,0.0,0.0,,,robotA,2.0,0.1748771098720861,0.3814013346682299,0.6313004363056575,0.3042812720436291,0.4721609281495548,-0.6032545483540221,0.3465056621729209,-1.541369908016725
22,robotB,0.0,0.0,,,robotB,3.0,0.09432836056078893,0.3244579594094124,-0.10800442894224299,0.23233148280974356,-0.08143684435357344,0.031378818222595146,0.3407484377491868,-1.3512756793056284
22,robotC,0.0,0.0,,,robotC,3.0,0.13521875064583133,-0.5511372675250726,0.42850757723438615,-0.4427568495598458,0.347791132885659,-0.5730630980538391,-0.37904985956022696,-1.8869902730492862
22,robotD,0.0,0.0,,,,,,,,,,0.575674987170298,0.5209977401129317,1.0744310488974202
23,robotA,0.0,0.0,,,robotA,2.0,0.1768838275326325,0.38149352530735964,0.6313028660180237,0.30549976015435437,0.4694894789007716,-0.6032493083121218,0.3464248844720299,-1.5413616031452888
23,robotB,0.0,0.0,,,robotB,3.0,0.09580282737144644,0.3243779389951928,-0.10800057218050581,0.23286648463482776,-0.0823895583603184,0.03135387099378475,0.3408442000295816,-1.3512856809841352
23,robotC,0.0,0.0,,,robotC,3.0,0.13524197389113038,-0.5512705761712641,0.42850769028791413,-0.44019463413294674,0.34561826863196965,-0.5729869950817021,-0.37880637830462793,-1.887039444630983
23,robotD,0.0,0.0,,,,,,,,,,0.5759668077851768,0.5215451095309714,1.0744982132033523
24,robotA,0.0,0.0,,,robotA,2.0,0.1787730552103727,0.38150929687968804,0.6312991065378536,0.3067279686626144,0.4710030346399021,-0.6032434985248452,0.34625796782210533,-1.541357786177291
24,robotB,0.0,0.0,,,robotB,3.0,0.09503385359962152,0.32438506491779384,-0.10799781470440757,0.2350104400957439,-0.0815260712774284,0.031338612195189436,0.34091467983593354,-1.3513019888410904
24,robotC,0.0,0.0,,,robotC,3.0,0.13846135994323822,-0.5511039654842608,0.42850776384418204,-0.44217871780273177,0.3473729264068194,-0.5730760318656695,-0.37909126100663093,-1.886980453069801
24,robotD,0.0,0.0,,,,,,,,,,0.5756758194362162,0.5209971026643617,1.0744127075734369
25,robotA,0.05,0.0,,,robotA,2.0,0.17681520372626922,0.3813591568873346,0.6312958979025205,0.30630406164340995,0.4706001694795209,-0.6022614497994744,0.3129253415155253,-1.5415435385423715
25,robotB,0.05,0.0,,,robotB,3.0,0.0932830648588948,0.3244595969480592,-0.107994515279271,0.23297773100653416,-0.0816259440030168,0.03234383067942152,0.33631944691196947,-1.3512811188620897
25,robotC,0.0,0.0,,,robotC,3.0,0.13596646090201395,-0.5512838349570842,0.4285083188133021,-0.44463065117638695,0.34914242537220497,-0.5729614838500078,-0.3787265487235083,-1.8870542357523734
25,robotD,0.0,0.0,,,,,,,,,,0.5759443525083194,0.5214999394383573,1.0744764575886618
26,robotA,0.05,0.0,,,robotA,3.0,0.16512649986125935,0.3440287238327275,0.6313596507524224,0.27532241146408043,0.4693373751073395,-0.6004053915844973,0.2800734992044158,-1.5461317407133401
26,robotB,0.05,0.0,,,robotB,3.0,0.08815982818658397,0.3171025097222116,-0.10799215176838016,0.2277937052371062,-0.08150773650857586,0.04297587447295512,0.2887268458116886,-1.3516524775556893
26,robotC,0.05,0.0,,,robotC,3.0,0.13277576883341183,-0.5510752362741798,0.42850838213366765,-0.4456479485100254,0.3478720785557705,-0.5744839267120727,-0.3834017478183398,-1.8865173257396946
26,robotD,0.05,0.0,,,,,,,,,,0.5813368929856221,0.5386036510135739,1.2842782366667844
27,robotA,0.05,0.0,,,robotA,3.0,0.16320868243199027,0.2937502602920857,0.6315023787571974,0.25252768339952153,0.5199742308187248,-0.5991931129157805,0.23070686736734142,-1.5463510017764155
27,robotB,0.05,0.0,,,robotB,3.0,0.047652472701841524,0.2674769476235238,-0.1078895186375486,0.18630624627357031,-0.07048395343256394,0.05382182015473735,0.2399936464014016,-1.351991343584981
27,robotC,0.05,0.0,,,robotC,3.0,0.13943946734470872,-0.5592290116747137,0.42875908087230585,-0.44667321578509644,0.3490032092772906,-0.5818104703793568,-0.4118710993072202,-1.6452322291554984
27,robotD,0.0,0.5,,,,,,,,,,0.5724818306203526,0.550454419901673,1.3745582377871455
28,robotA,0.05,0.0,,,robotA,3.0,0.11194460929807987,0.2436331493407922,0.6315649240452563,0.20301868947274124,0.4974883232925451,-0.598004557851909,0.18156500249362378,-1.5468136440038152
28,robotB,0.05,0.0,,,robotB,3.0,0.04845595176365993,0.21720515816432165,-0.10781003687684887,0.156051138931587,-0.080939177585642,0.06836223593589418,0.1973952144706679,-1.3540635419927378
28,robotC,0.05,0.0,,,robotC,3.0,0.2109236573461778,-0.46276601881068413,0.5593120557842016,-0.4037573080386282,0.42904369475871706,-0.5717810095499913,-0.44017524805018987,-1.7132801738002443
28,robotD,0.0,0.5,,,,,,,,,,0.5724950482185088,0.5483991660575745,1.8883023053827612
29,robotA,0.05,0.0,,,robotA,2.0,0.13452878340316882,0.1933265998550436,0.631667520498294,0.16449779361342173,0.48405509074971753,-0.5967802510669115,0.13051117955505032,-1.546967778680693
29,robotB,0.05,0.0,,,robotB,3.0,0.029180490385667966,0.16755766993558102,-0.10775523179580097,0.12124536328464629,-0.08200402261776049,0.07907727554869713,0.1487158536026297,-1.3543596700186833
29,robotC,0.05,0.0,,,robotC,3.0,0.1757579985448091,-0.5510973062073123,0.5248653989396035,-0.4426874818290992,0.4383904304375288,-0.5790002507824328,-0.49045884531441863,-1.7134963095164757
29,robotD,0.0,0.5,,,,,,,,,,0.5673700951164313,0.5327885575845768,2.383070763478343
30,robotA,0.05,0.0,,,robotA,3.0,0.14915167031125134,0.14327405612777025,0.631689008681121,0.12622880140916706,0.5080816832093432,-0.5956154150202531,0.08125270018064476,-1.547400056770393
30,robotB,0.05,0.0,,,robotB,3.0,0.02600450589606507,0.11733531748835808,-0.10771289013014643,0.08537811643091442,-0.08125133484442384,0.089543147467976,0.10107484149144254,-1.3546991597785734
30,robotC,0.05,0.0,,,,,0.18046073622766082,-0.6011522870813885,0.5247326728000214,,,-0.5860011717563295,-0.5391672020393539,-1.7137406143627731
30,robotD,0.05,0.0,,,,,,,,,,0.5577155449745925,0.5462370208448138,2.707785619074621
31,robotA,0.05,0.0,,,robotA,3.0,0.1280552027668075,0.09295287948550643,0.6317378515786513,0.08597163906593155,0.5110876170725945,-0.5933697114520088,0.03776416174645045,-1.5519419070867444
31,robotB,0.05,0.0,,,robotB,3.0,0.031848598591804465,0.06760680964364055,-0.1076807481435208,0.04869474928575224,-0.0813941483466021,0.09662948477651472,0.07052875300579088,-1.4970583915872604
31,robotC,0.0,0.5,,,,,0.22561619605248537,-0.6511897930275957,0.5245847118376241,,,-0.5887431113963065,-0.5588196151421639,-1.4289770724688258
31,robotD,0.0,0.5,,,,,,,,,,0.5293711619061198,0.5423117465577688,2.847974656535777
32,robotA,0.05,0.0,,,robotA,3.0,0.12804774272554037,0.04307975558762765,0.6317379827943351,0.046953463252197736,0.4966505002205052,-0.591351406728942,-0.006300324323438966,-1.5578720450146588
32,robotB,0.05,0.0,,,,,0.019572172242335848,0.055732994891499285,-0.09965703489492311,,,0.09888569103123693,0.04692224498319042,-1.7964703451972561
32,robotC,0.0,0.5,,,,,0.27281029985143107,-0.4653131598359132,0.7102608745828233,,,-0.5942292439313154,-0.5501120225654568,-0.9440502529612516
32,robotD,0.05,0.0,,,,,,,,,,0.4935967319567636,0.5437234249990347,3.006087090025956
33,robotA,0.05,0.0,,,robotA,3.0,0.14140880243137732,-0.0066981235755183095,0.6274861094251264,0.012881512448970395,0.501163120280568,-0.5907267166565217,-0.055353574510840005,-1.5581301422748268
33,robotB,0.05,0.0,,,,,0.015922343904290464,0.06237024750271086,-0.08954901094044491,,,0.09226476440313704,0.03802648980782937,-2.08385147790511
33,robotC,0.0,0.5,,,,,0.5281385645862171,-0.09852459662067188,0.838992791698918,,,-0.60027950226189,-0.5251572405806118,-0.45764359484403494
33,robotD,0.05,0.0,,,,,,,,,,0.4427129184314603,0.548273964663519,3.0034826497944183
34,robotA,0.05,0.0,,,robotA,3.0,0.13768096200745458,-0.05580764244243667,0.6204855712259054,-0.030605869071240337,0.49009547042225476,-0.5900843775408485,-0.10666181959402318,-1.5585397058629449
34,robotB,0.05,0.0,,,,,0.018030802452885016,0.06665898867485712,-0.0829420308569681,,,0.0849629511590463,0.02447374016936056,-2.298069744941125
34,robotC,0.0,0.5,,,,,0.8191860253632809,0.30041358536444335,0.7831607135048314,,,-0.5583496304235263,-0.527729072009109,-0.31669991291735305
34,robotD,0.05,0.0,,,,,,,,,,0.394100909019633,0.5550478755294229,3.003027106510708
35,robotA,0.0,0.0,,,robotA,3.0,0.14101261030171133,-0.10323056708992133,0.6109681699941503,-0.05926567747021741,0.48795533960246024,-0.5898961175686072,-0.12230538044927818,-1.5585991432513697
35,robotB,0.0,0.0,,,robotB,3.0,0.02088919220478614,0.06875298998860493,-0.07556102475156991,0.046593058871761586,-0.05687271734094006,0.06851898811221377,0.015582173894857276,-2.4793172187214396
35,robotC,0.05,0.0,,,,,0.8360961308522538,0.3375217497329147,0.7389404179795691,,,-0.5186259504765544,-0.5326251479143466,-0.22632799696579523
35,robotD,0.05,0.0,,,,,,,,,,0.343528358983355,0.5621040053911953,3.0028261606859115
36,robotA,0.0,0.0,,,robotA,3.0,0.12238835037608611,-0.11240883318752894,0.5982037559547381,-0.06622188590627023,0.4794714029774067,-0.5898883509739561,-0.12262435482257782,-1.5585884428072523
36,robotB,0.0,0.0,,,,,0.025599165507924515,0.06786786615525531,-0.07110998708455014,,,0.06363582448309142,0.009905610901410258,-2.553371391717774
36,robotC,0.0,0.0,,,,,0.8350856878999755,0.3513088166539038,0.6971141907121996,,,-0.47328785212233054,-0.546321293307497,-0.20400037902824206
36,robotD,0.0,0.0,,,robotA,2.0,,,,0.33175883895013447,0.3377798248075806,0.32926320888953575,0.5640945816662737,3.0025978077942503
37,robotA,0.0,0.0,,,robotA,3.0,0.1267333770547988,-0.11270893463408435,0.597370949881929,-0.06732760286516058,0.47272850525030335,-0.5898945520267864,-0.1223904663072551,-1.5586014483136341
37,robotB,0.0,0.0,,,,,0.02786375666276631,0.07201934730076809,-0.06826976924425364,,,0.06143802495303063,0.007220377869948273,-2.5550012695667808
37,robotC,0.0,0.0,,,robotC,3.0,0.8015169696338628,0.3173931860090746,0.6927658046185333,0.2894851222575047,0.5761553356639322,-0.47310217743311433,-0.5463550776453459,-0.20413219706494792
37,robotD,0.0,0.0,,,robotD,3.0,0.3357857535062158,0.3003346989895851,0.672091947958203,0.2829678873477553,0.5720266555745479,0.32950140484868184,0.5640633167781333,3.0025999118795657
38,robotA,0.0,0.0,,,robotA,3.0,0.13262287050457516,-0.1126364140080585,0.5973717457958321,-0.06702850046720357,0.47202749838560526,-0.5898917434798454,-0.12250621011813843,-1.5585958450805266
38,robotB,0.0,0.0,,,,,0.028231941188689606,0.07241163291929432,-0.06829391418863066,,,0.0619042006805073,0.0074499897904818126,-2.5548136099114167
38,robotC,0.0,0.0,,,robotC,3.0,0.11987314868898098,0.3172114056942088,0.6927779105943378,0.2877243518337135,0.5727767138780476,-0.4733682625681685,-0.5462838149989983,-0.20413333866406588
38,robotD,0.0,0.0,,,robotD,3.0,0.10157320213922874,0.30045297645389285,0.6720835746344862,0.27765814522735255,0.5739660182744983,0.32919954993216016,0.5641003124833054,3.0026292250451005
39,robotA,0.0,0.0,,,robotA,3.0,0.13338862432478174,-0.1126511012319874,0.5973714388004291,-0.07046148099903836,0.47575685141321966,-0.5898903702649887,-0.12254854208980422,-1.5585939485980338
39,robotB,0.0,0.0,,,,,0.02833419577825566,0.07250533708417403,-0.0683348501373727,,,0.0609967369544123,0.006859001884635167,-2.5552756350924426
39,robotC,0.0,0.0,,,robotC,3.0,0.12360078259908935,0.3173590355588908,0.6927722928783426,0.291330604859587,0.5733088128934485,-0.4730445295914701,-0.5463434267777253,-0.20416303991132517
39,robotD,0.0,0.0,,,robotD,3.0,0.10068974124018261,0.3002933782268101,0.6720785568109932,0.2833118571020651,0.5727087474184847,0.32950898907777937,0.5640609054271061,3.002604695896795
40,robotA,0.0,0.0,,,robotA,3.0,0.12874368665058517,-0.11271103252798213,0.5973706345464944,-0.06886996782739618,0.47478113656365606,-0.5899002720145576,-0.12219842880431626,-1.5586149699022163
40,robotB,0.0,0.0,,,,,0.027892249249275542,0.07202813001911278,-0.06831975730386909,,,0.06174671809498845,0.0073516559694727125,-2.554906265981262
40,robotC,0.0,0.0,,,robotC,3.0,0.12222469217783906,0.31716526682343327,0.6927719688001184,0.28789907308387713,0.5729174282813614,-0.4733961324692522,-0.5462773076462251,-0.2041515393679561
40,robotD,0.0,0.0,,,,,0.10083696261723026,0.30043249851701775,0.6720816645911696,,,0.3292820424217803,0.5640898687551307,3.002624891971854
41,robotA,0.0,0.0,,,robotA,3.0,0.13012852207786968,-0.11251156922174896,0.5973733177413603,-0.06751147912801955,0.4754141930583505,-0.5898861189009045,-0.12283452739029947,-1.558582704630361
41,robotB,0.0,0.0,,,,,0.028382915926968993,0.07256058841518737,-0.06833034911756382,,,0.06158548922211054,0.007253807776965191,-2.5549806937495196
41,robotC,0.0,0.0,,,robotC,3.0,0.123421839754954,0.3173390385512952,0.6927766747405927,0.2888194722699346,0.5748538887480134,-0.47309119366417474,-0.5463401581979483,-0.20417079298856117
41,robotD,0.0,0.0,,,robotD,3.0,0.10082006120874823,0.3003481425440421,0.6720790131948989,0.2811911865648534,0.5749935227877453,0.329372509409514,0.5640784253557193,3.0026187625705525
42,robotA,0.0,0.0,,,robotA,3.0,0.13011238456136104,-0.11285281382961211,0.5973707262319433,-0.07225286945408056,0.47800815559897714,-0.58989906499755,-0.12226774504063458,-1.5586142271524488
42,robotB,0.0,0.0,,,,,0.028165078443651986,0.07232484577443445,-0.06832465108736491,,,0.061143805817530116,0.006957334155244584,-2.555211088839145
42,robotC,0.0,0.0,,,robotC,3.0,0.12128857028631031,0.3172014355214917,0.6927749701714997,0.2861846505397109,0.5758269445521998,-0.47328036027355197,-0.546299689588181,-0.20416621612344993
42,robotD,0.0,0.0,,,robotD,3.0,0.09895946722293725,0.3003596804498403,0.6720787688101395,0.2811246169519876,0.5746147038009531,0.3295311651111785,0.5640542777038186,3.0026117124928526
43,robotA,0.0,0.0,,,robotA,3.0,0.12597921256553463,-0.1125391850480469,0.5973721986542267,-0.06601092652182249,0.4747109827834589,-0.5898821933322848,-0.12277137831617628,-1.5585850968095156
43,robotB,0.0,0.0,,,,,0.027995516085982098,0.0721390859311042,-0.06832476617090136,,,0.06214848313514259,0.007629086484777309,-2.554724075512858
43,robotC,0.0,0.0,,,robotC,3.0,0.12100889715293361,0.317264248383125,0.6927765567279608,0.2862914446763041,0.5698736035524503,-0.47329165231143716,-0.5462956686937143,-0.20417806451303255
43,robotD,0.0,0.0,,,robotD,3.0,0.09937380070965614,0.30049812040527824,0.6720817219733985,0.2774188436719791,0.5735863712985653,0.3290625711558035,0.5641156685353845,3.0026493700637187
44,robotA,0.0,0.0,,,robotA,3.0,0.131286574266359,-0.11282448163317711,0.5973676403297673,-0.07015125892637168,0.4729758236532415,-0.5898965024688035,-0.12228527293716175,-1.5586119889911372
44,robotB,0.0,0.0,,,,,0.028533193095227546,0.07272758091733739,-0.0683239122855235,,,0.06128536219738625,0.007046335120862227,-2.5551560012117664
44,robotC,0.0,0.0,,,robotC,3.0,0.12675908405758052,0.31731072830472523,0.6927787272629626,0.28938641680277744,0.5756264168045784,-0.47301092806967665,-0.5463481938871786,-0.20419470781353805
44,robotD,0.0,0.0,,,robotD,3.0,0.10108857326144612,0.3002099171330756,0.6720722414248207,0.27755971449637923,0.5740180823690232,0.3293957356773759,0.5640708435906069,3.0026425867399964
45,robotA,0.05,0.0,,,robotA,3.0,0.1314201498038675,-0.11254834935842827,0.5973693222669832,-0.06728812332398348,0.47344951129889845,-0.5894809350844485,-0.15608115509724604,-1.5588103036774068
45,robotB,0.05,0.0,,,,,0.028026521581882256,0.07217147045801751,-0.06832831739959262,,,0.05920437652051726,0.005656434181994838,-2.554999126551845
45,robotC,0.0,0.0,,,robotC,3.0,0.1203870645873393,0.3171057239963632,0.6927788189509443,0.28595453459920445,0.5755971160245866,-0.4731362678113166,-0.5463235965229414,-0.20420418684724662
45,robotD,0.0,0.0,,,robotD,3.0,0.10068818307186668,0.3004530433242579,0.6720691185975729,0.28325344644477035,0.5724640829485488,0.329169660590519,0.5640980122383709,3.002664164185493
46,robotA,0.0,0.5,,,robotA,3.0,0.14679226031238782,-0.1499776236657592,0.5947360077477913,-0.09760867044550153,0.4740691458973619,-0.5880514070802962,-0.17447871357610734,-1.3508912344550792
46,robotB,0.05,0.0,,,,,0.02482494808850782,0.06818835921636998,-0.06911694253583352,,,0.029926472905232464,-0.013530821181150371,-2.7054233887022954
46,robotC,0.0,0.5,,,robotC,3.0,0.11937739628637818,0.3148942241867589,0.6914135963315402,0.28508318962042484,0.57452929695248,-0.4732494069954523,-0.5462793582186858,-0.19978943972577173
46,robotD,0.05,0.0,,,robotD,3.0,0.10260280069663293,0.3027222799339243,0.6732028502298918,0.2803343699710348,0.5719748472006797,0.2964060256401787,0.5686831511178804,3.002513558262769
47,robotA,0.0,0.5,,,robotA,3.0,0.13699166801946297,-0.03758457377952608,0.5972106292658368,-0.03717144733059935,0.4746409358864702,-0.586458963116611,-0.17291117781597565,-1.0525659648268337
47,robotB,0.05,0.0,,,,,0.022298989402699917,0.06603185167295107,-0.0677987533473857,,,-0.007972648111549532,-0.027002732664215753,-2.83386657343759
47,robotC,0.05,0.0,,,robotC,3.0,0.10625856048666309,0.3088723575233963,0.6780906660395197,0.2719365708804961,0.5659753505967816,-0.4343236448152398,-0.5483711362547488,-0.06503167116024354
47,robotD,0.05,0.0,,,robotD,3.0,0.1067198180413878,0.28580902237654393,0.6785541498059501,0.2760273129016047,0.5768461548379841,0.24739685003431536,0.5755521968338537,3.0020933083556067
48,robotA,0.05,0.0,,,robotA,3.0,0.16534578060738148,0.10878144913489127,0.5523389357191436,0.10039631025384166,0.4252594917045805,-0.5801719307414775,-0.18779573857207946,-0.6578301789755464
48,robotB,0.05,0.0,,,robotB,3.0,0.021353306357946696,0.06463879929956931,-0.06828827448146162,0.04077712294530786,-0.0461357971921848,-0.04980300916187954,-0.03873116641255239,-2.9183913669437325
48,robotC,0.05,0.0,,,robotC,3.0,0.07508458412296416,0.31275422955484367,0.6289960893520751,0.2869686525481385,0.513923503181688,-0.3852606341590714,-0.5512943183600482,-0.05921422444843851
48,robotD,0.0,0.5,,,robotD,3.0,0.10981551696980994,0.26958183193080726,0.6864723539985941,0.260810694103827,0.5830833789051312,0.21364268658118948,0.5794961659559679,2.9912193704909744
49,robotA,0.0,0.5,,,robotA,3.0,0.16521622791986984,0.263490721953142,0.4516529537838438,0.219580482078691,0.3381723574812229,-0.5516854945716758,-0.20476391124154214,-0.6055066672939521
49,robotB,0.05,0.0,,,,,0.0330810259291456,0.06354233270746631,-0.07013787004037292,,,-0.09616345692294949,-0.04875809596598345,-2.9308765108533636
49,robotC,0.05,0.0,,,robotC,3.0,0.12301732415372596,0.22912107127246276,0.6224910829764727,0.22165902794785586,0.49829984269555244,-0.33441160633059663,-0.5543111269392954,-0.05939527099781683
49,robotD,0.05,0.0,,,robotD,3.0,0.11067601265824024,0.2574624588327018,0.6937087335870311,0.24786230584866875,0.5847580193839472,0.17456081735034262,0.5810848149236412,3.079599793355332
50,robotA,0.0,0.5,,,robotA,3.0,0.06817162293183474,0.2059570722253902,0.4049688609610401,0.17356351959820734,0.29671026504634496,-0.537144083193747,-0.21183870147590023,-0.320155888629052
50,robotB,0.05,0.0,,,robotB,3.0,0.036177865435418156,0.06245440379728756,-0.07510014497230265,0.03160286480904451,-0.044294059326244424,-0.14319012612456553,-0.058795614245986116,-2.9325945787636996
50,robotC,0.05,0.0,,,robotC,3.0,0.14618712192420202,0.13246855867349505,0.61412615579884,0.14336297291575104,0.4841355570569416,-0.285146094826293,-0.557248147264095,-0.05983381384774473
50,robotD,0.05,0.0,,,,,0.11723926882178592,0.32566257889276506,0.6724630002466726,,,0.12398197675586059,0.5833729216089927,3.098463107119499
51,robotA,0.0,0.5,,,,,0.07762100313062782,0.2497188120847917,0.3117233111492424,,,-0.5241922393825239,-0.20883644753626518,-0.1450256331597166
51,robotB,0.0,0.5,,,robotB,3.0,0.04676323321153464,0.06134687563904371,-0.08037859618264964,0.03486848406325505,-0.05158283001976313,-0.18164690648078344,-0.06701976370289311,-2.918532898031797
51,robotC,0.05,0.0,,,robotB,2.0,0.1627741080646703,0.03502056124939341,0.6056153170606824,0.04773209304298416,0.008714141414435996,-0.242784154380023,-0.5590834083901871,-0.0637762769409022
51,robotD,0.05,0.0,,,,,0.12295366331776424,0.3326105389186906,0.6738385465196091,,,0.07441698417593845,0.5855133460344792,3.098129476988252
52,robotA,0.0,0.5,,,robotA,3.0,0.09943458641213977,0.256751913617796,0.24224074994482267,0.18926543180403096,0.1711434788901092,-0.5205977577786707,-0.21761571418117281,0.4089439034416414
52,robotB,0.0,0.5,,,robotB,3.0,0.04376087848326863,0.06095925634930232,-0.08671523795239752,0.03566845354848605,-0.05348035557389633,-0.16553003513188744,-0.06051784232796899,-2.650112705982991
52,robotC,0.05,0.0,,,,,0.5985689126391964,-0.05047449160746358,0.5991717689452897,,,-0.19168403597280345,-0.5623547202635976,-0.06423076799518183
52,robotD,0.05,0.0,,,,,0.11695387670756266,0.3179796234357125,0.6783623518228115,,,0.025564670486250496,0.5876480057627311,3.0978665339502744
53,robotA,0.0,0.5,,,robotA,3.0,0.18902867594427106,0.347897171254394,0.06834361717718482,0.24812689667628102,0.06971317591770036,-0.5150414644493698,-0.20698002269867705,0.6939283910429039
53,robotB,0.05,0.0,,,robotB,3.0,0.0507450058309033,0.05406688049356957,-0.10077256954961157,0.030793526426955667,-0.06120822645665817,-0.1606723279897131,-0.05983062429112522,-2.750997281962238
53,robotC,0.05,0.0,,,,,0.6088200300139831,-0.1011334485159013,0.5990537720361715,,,-0.14280634935190817,-0.5655056633025893,-0.06449156221864101
53,robotD,0.05,0.0,,,,,0.09594563013906471,0.26827790974329985,0.6785064436928375,,,-0.004730480789858545,0.5894952761044878,3.09315108867826
54,robotA,0.0,0.5,,,,,0.12389093489469706,0.3343610847464124,-0.019239781070627338,,,-0.5036726238673161,-0.2029496350260564,1.0763012768354312
54,robotB,0.0,0.5,,,robotB,2.0,0.05201994938788204,0.07100870633375006,-0.09420541481236462,0.03582508771870744,-0.059865303611229624,-0.18072887348971076,-0.0663072833661088,-2.928121394974596
54,robotC,0.05,0.0,,,,,0.6229046824862718,-0.15116526452449963,0.5990107487365479,,,-0.10161274470164747,-0.564605474535739,0.042192719497499004
54,robotD,0.05,0.0,,,,,0.09849159258943911,0.21792730373456587,0.6785902604273791,,,-0.053611378854706175,0.5918762479085512,3.092792788146492
55,robotA,0.0,0.0,,,robotB,4.0,0.22166608083815378,0.2875593455326753,-0.1484173661238367,0.054966488157965995,-0.06412393475276494,-0.5070555446588396,-0.20521631638280577,1.283489694342304
55,robotB,0.0,0.0,,,robotB,3.0,0.04224304466634436,0.07013536694722793,-0.08450834648226566,0.0381762705718239,-0.052330755897905194,-0.17420405092772426,-0.0641609184775533,-2.75525278645368
55,robotC,0.05,0.0,,,robotC,3.0,0.6291796002401265,-0.13444526845937196,0.6109419872621394,-0.03714420264170927,0.30764575304778047,-0.052875312735464905,-0.5626533433105341,0.04450522668458644
55,robotD,0.05,0.0,,,robotD,3.0,0.12190598441180246,0.1703349792330985,0.6788355547643626,0.16122498037670116,0.5271668016230912,-0.10477792557241536,0.5943817665395514,3.092551261432669
56,robotA,0.0,0.0,,,robotB,2.0,0.2404243645771624,0.2630228782181083,-0.1846080151844727,-0.050014599933919456,-0.0016394396554862962,-0.5062138289163522,-0.20237596514316758,1.3027075848633196
56,robotB,0.0,0.0,,,,,0.0489980353024911,0.05689879300010416,-0.0976107141291879,,,-0.17429503240978503,-0.06410818303907014,-2.7447813655676025
56,robotC,0.0,0.0,,,robotC,3.0,0.3362067439951262,-0.18021961151712157,0.6118897375124497,-0.07477131686671909,0.3152357946888734,-0.007849277517469559,-0.560636232299388,0.044460225641954204
56,robotD,0.0,0.0,,,robotD,3.0,0.15728391607207073,0.12291467001302814,0.6797136808924007,0.12491997477028205,0.5234941188758153,-0.12068780324649728,0.5951637627202065,3.0925809303386966
57,robotA,0.0,0.0,,,robotA,3.0,0.36145594874103004,0.26158062512389196,-0.18483010153935517,0.17834903178317194,-0.1206918969706265,-0.5063373140126328,-0.2028685323952521,1.3027079697735178
57,robotB,0.0,0.0,,,robotB,3.0,0.049241333791905706,0.06067274661257384,-0.09613278232767027,0.033415316160222114,-0.057915375102114794,-0.1730329852549253,-0.06363938993444629,-2.744812817199134
57,robotC,0.0,0.0,,,robotC,3.0,0.33106357193730046,-0.22251887646447605,0.6115021398865542,-0.10453055441453894,0.32984415382032334,-0.03689563292881208,-0.5777844490880205,0.002980937459583488
57,robotD,0.0,0.0,,,robotD,3.0,0.15721517866219306,0.11109634403641666,0.680100375567938,0.10884585162511912,0.5280300476128588,-0.12050579177295452,0.595153650096085,3.092523209287799
58,robotA,0.0,0.0,,,,,0.10530249175988565,0.26186993259656477,-0.18482358880984268,,,-0.5062208760181328,-0.2024016250634062,1.3027037592116735
58,robotB,0.0,0.0,,,robotB,3.0,0.04724932543637766,0.06106197307420094,-0.09623196570818869,0.032764817612435944,-0.0581732239620101,-0.17499960293953015,-0.06447778388903659,-2.7446159319522887
58,robotC,0.0,0.0,,,,,0.3053986226144776,-0.22260816177933535,0.6114928664639729,,,-0.036945925233126835,-0.5777866743385919,0.0029751281319952004
58,robotD,0.0,0.0,,,robotD,3.0,0.1520947535200122,0.11124190017730198,0.6801059266984286,0.10360375404657561,0.5248010833741391,-0.12100082492787166,0.5951775652444924,3.0925290882294414
59,robotA,0.0,0.0,,,robotA,3.0,0.10509029825808744,0.26159588423212254,-0.18483184041709694,0.17864795102500797,-0.11967670005336434,-0.5063439432874698,-0.2028644088247632,1.3026977833198046
59,robotB,0.0,0.0,,,robotB,2.0,0.04682687641945115,0.06003895921014886,-0.09623734821714641,0.025788146247343314,-0.043007166322798385,-0.17522152711988956,-0.06457659043644672,-2.744597963751006
59,robotC,0.0,0.0,,,,,0.3053777369968532,-0.22255440191199674,0.6114927534532987,,,-0.036724351274304734,-0.5777810849067458,0.0029857412846164403
59,robotD,0.0,0.0,,,robotD,3.0,0.15547604152269995,0.11092022670170261,0.6801048782906031,0.10816277031805512,0.5262455799886514,-0.12061261306689629,0.5951580646591935,3.092519671736556
60,robotA,0.0,0.0,,,,,0.10568834836447259,0.261867072440914,-0.1848273317523341,,,-0.5062265450580097,-0.20241366452324297,1.302697470074314
60,robotB,0.0,0.0,,,,,0.06328795577043074,0.06001732468320373,-0.09623994465726093,,,-0.17358664389307782,-0.06389291238573076,-2.744683294105114
60,robotC,0.0,0.0,,,robotC,3.0,0.30542841265503207,-0.22268984922074087,0.6114909118486621,-0.10580954244045664,0.32472177969837646,-0.037003925014848844,-0.5777805125159418,0.0029822709305379748
60,robotD,0.0,0.0,,,robotD,3.0,0.15388982022721034,0.11117217022170467,0.6801059721686501,0.10841150048894226,0.5274078429448346,-0.12089521977117891,0.5951704570076144,3.0925266257130737
61,robotA,0.0,0.0,,,robotA,3.0,0.10549252366987825,0.26161351847477443,-0.1848333356937815,0.17989468669794798,-0.1205964710829119,-0.5063489162420423,-0.20287527395068183,1.3026866044036547
61,robotB,0.0,0.0,,,robotB,3.0,0.06382426911448458,0.060993931731045725,-0.09624333820314378,0.03336315806474559,-0.05806857604408236,-0.17385649308797435,-0.06400764677281125,-2.7446651303126406
61,robotC,0.0,0.0,,,,,0.3096188555961704,-0.2225448168614425,0.611491219225219,,,-0.03674889057033722,-0.5777748707426957,0.0029963955319744023
61,robotD,0.0,0.0,,,robotD,3.0,0.15271485741960616,0.11096370364731606,0.6801013723942811,0.10360105680310712,0.5259094899556966,-0.12065086976018646,0.5951564427889686,3.092522837281139
62,robotA,0.0,0.0,,,,,0.10412843641221202,0.26185204198973683,-0.18482826370329242,,,-0.5062348084144812,-0.2024491886181168,1.3026882504979302
62,robotB,0.0,0.0,,,robotB,3.0,0.04690407287278104,0.060613624897755465,-0.0962445385000334,0.03306075429382721,-0.05797452174871057,-0.17512497391033416,-0.06453808922490274,-2.7445523623392236
62,robotC,0.0,0.0,,,robotC,3.0,0.30965628051901833,-0.22264666072363143,0.6114901528781196,-0.10060094450664805,0.328092062429757,-0.03689695841038655,-0.5777797370447524,0.0029917832692107193
62,robotD,0.0,0.0,,,robotD,3.0,0.15437652454026082,0.11114934979741567,0.6801013658830677,0.10344026025420415,0.5249019641327317,-0.12082896063623803,0.5951641262167577,3.092524949758628
63,robotA,0.0,0.0,,,,,0.10396897980397118,0.2616472767328867,-0.18483090720605239,,,-0.5063329090531782,-0.20281703300416323,1.30267886831272
63,robotB,0.0,0.0,,,,,0.046806061448902626,0.0600060227050575,-0.09624670353398647,,,-0.17455902925274644,-0.06430238837651404,-2.7445762087612846
63,robotC,0.0,0.0,,,robotC,3.0,0.3085465190273594,-0.2226084980149737,0.6114912707751822,-0.10353094083421617,0.32742966917343996,-0.03690261565464351,-0.5777800128873474,0.0029921504540957686
63,robotD,0.0,0.0,,,robotD,3.0,0.15538058239268576,0.11098540520126224,0.6800992455922279,0.10877076605867797,0.528804324364934,-0.12060531079034008,0.5951557008554068,3.0925201556747766
64,robotA,0.0,0.0,,,,,0.10408947462533566,0.26180207291250934,-0.184828852412558,,,-0.5062640187074186,-0.20254897913922582,1.3026805132882036
64,robotB,0.0,0.0,,,robotB,3.0,0.04704723089783876,0.06042032600173058,-0.09624847857466008,0.03362381074916602,-0.05793305751738823,-0.17293427496988117,-0.06361468493863298,-2.7447096012133962
64,robotC,0.0,0.0,,,robotC,3.0,0.30799440524565086,-0.22256609700527175,0.6114916082957985,-0.10361333295241001,0.32753345387006716,-0.03676124440028632,-0.5777774879438325,0.002998566805796095
64,robotD,0.0,0.0,,,robotD,3.0,0.15131620029545592,0.11116433960695414,0.6801015922765639,0.1088227484421812,0.5282877015205659,-0.12085339031252162,0.5951650961164483,3.092526068618204
65,robotA,0.05,0.0,,,robotA,3.0,0.10402929468277583,0.261723782572735,-0.18483114412256182,0.18033202823496233,-0.12086278021619268,-0.506743710861199,-0.19695466321846183,1.618301790444555
65,robotB,0.0,0.5,,,robotB,3.0,0.04718134366675519,0.0611593205799299,-0.09624591291293878,0.03326466387676426,-0.0577257813494335,-0.17456109909179415,-0.06431166939469282,-2.7429804156201603
65,robotC,0.0,0.0,,,,,0.3079061141730335,-0.22266975307880765,0.6114907463839658,,,-0.03718977840887558,-0.5777862000912816,0.002975546800511493
65,robotD,0.0,0.0,,,robotD,3.0,0.1518265341352709,0.11098373669024895,0.6800988559108817,0.10375580157050102,0.5256792123422508,-0.12054865095991438,0.5951537424603218,3.0925188564480313
66,robotA,0.05,0.0,,,,,0.1361608697074034,0.18103510427700592,-0.2570218347206787,,,-0.5069962932804895,-0.14869740342872145,1.557449950685246
66,robotB,0.0,0.5,,,robotB,3.0,0.04799257456022726,0.06037322285230717,-0.09732897873535784,0.033828916287620844,-0.05858080843694867,-0.15951607388844355,-0.05518374678551963,-2.4612187027300263
66,robotC,0.05,0.0,,,,,0.30784271531629365,-0.2224670621584416,0.6115069181710963,,,-0.03363171336987794,-0.5777689099871908,0.0030144110746891605
66,robotD,0.05,0.0,,,robotD,3.0,0.15458799765517464,0.11121248625912769,0.6800872654757927,0.10901487410186403,0.5263831167992827,-0.1541755955800195,0.5968051336688398,3.0923030040777366
67,robotA,0.05,0.0,,,,,0.12955981826475343,0.14588941570210728,-0.24576055021513044,,,-0.5063580481931383,-0.09723570634908821,1.5566940708816066
67,robotB,0.0,0.5,,,robotB,3.0,0.05622399991359232,0.04606636217035415,-0.11345687867298873,0.027701694051297462,-0.06638610250651587,-0.13755608229107857,-0.051554164724548095,-2.119867190713172
67,robotC,0.05,0.0,,,,,0.31097743770390257,-0.23048130159744987,0.6114550720902474,,,0.016536451965191882,-0.5776252017328931,0.00265504797473157
67,robotD,0.05,0.0,,,robotD,3.0,0.15781029275864042,0.07357844663067048,0.6801633109357406,0.07736999346239631,0.5273546697819226,-0.20295417954305545,0.5992189146382882,3.0920288692478164
68,robotA,0.05,0.0,,,,,0.15092742284866772,0.09559647931750148,-0.245758631698126,,,-0.5056712786496398,-0.04830568774339664,1.556432616507588
68,robotB,0.05,0.0,,,,,0.059077216510731646,0.01890901638295361,-0.12480533161882504,,,-0.1441912487014228,-0.08446905687336745,-1.8432346185451125
68,robotC,0.05,0.0,,,,,0.334262071985798,-0.28019457018518057,0.6113471241285358,,,0.06646337709615815,-0.5775020122908271,0.0023147225350432406
68,robotD,0.05,0.0,,,robotC,2.0,0.16200796309420037,0.02367646406879806,0.6802061827191211,0.11802459553755704,0.46815160785771454,-0.23623917878639855,0.5968254905753446,3.1016813611638328
69,robotA,0.05,0.0,,,,,0.183473063261057,0.04592213073616753,-0.24574810520179413,,,-0.5049537908716555,0.0012032308360741331,1.55599453808742
69,robotB,0.05,0.0,,,,,0.09037727818743937,-0.03956309291487331,-0.12674752103661227,,,-0.16522786824990773,-0.16059034583698972,-1.8196812284035024
69,robotC,0.05,0.0,,,robotC,3.0,0.3634309364704467,-0.33075991086089707,0.6112348421787067,-0.18157212524516134,0.3770194387321371,0.11515446266152764,-0.5773990470098821,0.0019890170578437823
69,robotD,0.05,0.0,,,robotD,3.0,0.2567507951647713,-0.026731122331204244,0.6802052637140612,0.003725620896803717,0.5572623993076679,-0.28513840634255755,0.5987883981805188,3.1013256745622155
70,robotA,0.05,0.0,,,,,0.22279788970214684,-0.004177249186610868,-0.24574362823180687,,,-0.5041960498910748,0.05194908197788387,1.555693907291617
70,robotB,0.05,0.0,,,,,0.13283250216342019,-0.09087886025964499,-0.12624531875852388,,,-0.1769192501452634,-0.20645933005001102,-1.8197623213664411
70,robotC,0.05,0.0,,,robotC,3.0,0.3072828252227469,-0.3806216985735011,0.6111177130416227,-0.21610877055198283,0.38970406113620626,0.166689980467224,-0.5773016778941783,0.0016257257587573943
70,robotD,0.0,0.5,,,robotD,3.0,0.14696813075401668,-0.07683159571075267,0.6801858157496664,-0.03320152227930351,0.5568050892549191,-0.3346239228107294,0.6007877342321863,3.101080674852061
71,robotA,0.05,0.0,,,,,0.2654566810953144,-0.053911877680280294,-0.24575089846492928,,,-0.49513125509543554,0.0765951049039662,1.5328176228334283
71,robotB,0.05,0.0,,,robotB,3.0,0.17775686926312562,-0.1396844886171315,-0.12621394236321856,-0.0913388378129083,-0.07472046923135157,-0.18956481217386129,-0.2562354860210407,-1.8204340053851953
71,robotC,0.05,0.0,,,robotC,3.0,0.3085351756132758,-0.43112231756265684,0.6109801990105908,-0.25503687682730775,0.4089148001530778,0.21544144633104945,-0.5772331151313181,0.0012946623167787714
71,robotD,0.05,0.0,,,robotD,3.0,0.15343357594756382,-0.12431910695423962,0.6802532483787499,-0.07332029420249586,0.5467121558665154,-0.3750763453372283,0.5989565530075162,-3.1086801389057173
72,robotA,0.05,0.0,,,,,0.31056805806035126,-0.10400432391002942,-0.24578418565279897,,,-0.4931990844616161,0.12726567385368465,1.5325692857267463
72,robotB,0.05,0.0,,,robotB,3.0,0.1114024139178906,-0.19005487569876262,-0.1263503219413062,-0.12623656932089805,-0.07267853278417315,-0.20209263280555667,-0.3053448765745525,-1.820557960044813
72,robotC,0.05,0.0,,,,,0.3030644301439256,-0.48104691004472455,0.6108244673399771,,,0.257666400159587,-0.5739141031837041,0.015843072559605705
72,robotD,0.05,0.0,,,robotC,3.0,0.14613921347637807,-0.11348797125159267,0.6872227513245587,0.0026503709084008766,0.39190910342685487,-0.4241833457438795,0.5967883966475428,-3.095858303910683
73,robotA,0.05,0.0,,,,,0.3566682295315402,-0.1537321577160651,-0.24581615400834272,,,-0.49129689413395183,0.17684529449047018,1.5321852548338921
73,robotB,0.05,0.0,,,,,0.12638400958565307,-0.24063855430887504,-0.12639169420441668,,,-0.2141329869661998,-0.3525319544880824,-1.8207408333724164
73,robotC,0.05,0.0,,,,,0.3422550430521626,-0.5315119371047823,0.610657347820159,,,0.3064579181698055,-0.573152359720614,0.015477773444041713
73,robotD,0.05,0.0,,,robotD,3.0,0.3368099163294178,-0.1575118628418543,0.6882011529623733,-0.10161628100017778,0.5765067575878197,-0.475367037622813,0.5944468312600752,-3.096227934080474
74,robotA,0.05,0.0,,,robotD,3.0,0.4040158636144433,-0.20385367138243302,-0.24588344355476618,-0.33368717307801027,-0.42402496916440924,-0.4896194900899007,0.22047096543946046,1.5368064583684968
74,robotB,0.05,0.0,,,,,0.17255431818373212,-0.2902018044936768,-0.12644092092484305,,,-0.20055004093709433,-0.36277003537243874,-1.7981596906207624
74,robotC,0.05,0.0,,,robotC,3.0,0.38365896471523014,-0.5814999216735932,0.6104491187096315,-0.4672055892647228,0.5152779199785585,0.3562130820272905,-0.5723872685215226,0.015179190071018082
74,robotD,0.05,0.0,,,robotD,3.0,0.1541377368198579,-0.2079064228273576,0.6881349245633003,-0.14254153126491795,0.5798097354792469,-0.49895356337485464,0.5756991391028612,-3.08264132552665
75,robotA,0.0,0.0,,,,,0.21644362233640937,-0.28026361640780184,-0.21427806157621318,,,-0.4898696532554021,0.2306523817655094,1.653176776448379
75,robotB,0.0,0.0,,,,,0.2613883893530321,-0.38197111857785876,-0.12675006323145566,,,-0.2114247891357902,-0.40978930724595514,-1.7985888103553824
75,robotC,0.05,0.0,,,robotA,2.0,0.6728114374154661,-0.681982691075192,0.6099982514578239,-0.24128820959254219,0.10241838845876834,0.40681405913392416,-0.5716313886922979,0.014764115969903647
75,robotD,0.0,0.5,,,robotD,2.0,0.15824718611685087,-0.2579709623261293,0.6880604553788683,-0.062546619566512,0.5145925376329631,-0.519655979306507,0.5744784841289347,-2.8250770103469467
76,robotA,0.0,0.0,,,,,,,,,,-0.4898229201283343,0.23032255774228025,1.652815139836546
76,robotB,0.0,0.0,,,,,,,,,,-0.21150594391311886,-0.4101399701816612,-1.7985648994696282
76,robotC,0.0,0.0,,,,,,,,,,0.453563001161163,-0.5709436320756677,0.014510753927864458
76,robotD,0.0,0.0,,,,,0.20853304763672825,-0.04385490163805831,0.739126116844172,,,-0.522417715295683,0.5761549156931304,-2.6492102257479266
77,robotA,0.0,0.0,,,,,0.21641936067491477,-0.2800809867108091,-0.2143497048672019,,,-0.48986066133532447,0.23066536814815114,1.6528317673702198
77,robotB,0.0,0.0,,,,,0.2614687629560463,-0.3820538836167958,-0.12674715314939963,,,-0.2111567897506525,-0.40862400029230894,-1.798649300835053
77,robotC,0.0,0.0,,,robotA,2.0,0.7009351738559033,-0.7248411588571558,0.6098498254095149,-0.2514473598935715,0.09979909325039345,0.44670256956964455,-0.5643458696395469,0.011860948720208231
77,robotD,0.0,0.0,,,robotD,2.0,0.2465687188052521,0.0386996298347709,0.7394154236464575,0.05369541436719227,0.5262537725758222,-0.5164213803536113,0.5790523601436053,-2.643503184748207
78,robotA,0.0,0.0,,,,,0.21637395028800915,-0.2802175996253933,-0.2143616889314771,,,-0.4898432730128326,0.23049063929417365,1.6528104757788737
78,robotB,0.0,0.0,,,robotB,3.0,0.2606885964919226,-0.38125620929153803,-0.12674818758401077,-0.2823288801821371,-0.08331249987133761,-0.21126869937761783,-0.4091406447010869,-1.7986346301770655
78,robotC,0.0,0.0,,,robotA,2.0,0.6959154154178535,-0.7249025884411298,0.6098367506612782,-0.24987536324012366,0.10187497712077258,0.44668472107091556,-0.5643469221109069,0.011858767631875605
78,robotD,0.0,0.0,,,robotD,2.0,0.2132117909806715,0.04275675147193031,0.7391847789305788,0.05578245629934612,0.5220555308522447,-0.516487336925754,0.5790000670778795,-2.64351598266804
79,robotA,0.0,0.0,,,,,0.21638956986651017,-0.28015092283661286,-0.21436258375132725,,,-0.48984135567720144,0.23046863440045728,1.6528067835824238
79,robotB,0.0,0.0,,,robotB,3.0,0.1084870238575112,-0.38173633510040345,-0.12675892955356852,-0.28262606220548225,-0.08309920941590673,-0.21150169706939317,-0.4101491647461593,-1.798611746342902
79,robotC,0.0,0.0,,,robotA,2.0,0.6954321153369493,-0.7248504665805553,0.609836076269881,-0.2515945351421602,0.10251391181793172,0.4468445432943059,-0.5643430476917142,0.011867155750368607
79,robotD,0.0,0.0,,,robotD,2.0,0.21751745107790854,0.042667202662171715,0.739177228629005,0.05561855633794105,0.522161293575721,-0.5162847980328245,0.5791135548227792,-2.643529846538159
80,robotA,0.0,0.0,,,,,0.2163938815556087,-0.2801325433481927,-0.21436282759086492,,,-0.48985757119656526,0.23063758330523912,1.6528246366645885
80,robotB,0.0,0.0,,,,,0.10866961421694885,-0.38213614747488966,-0.1267664509561707,,,-0.21127014485073103,-0.4091546023834438,-1.7986576501649194
80,robotC,0.0,0.0,,,robotC,3.0,0.6938705409856767,-0.7249645014782895,0.6098374797887951,-0.7033126726578462,0.34243817217738776,0.4465914698297534,-0.5643490113268065,0.011855594314953819
80,robotD,0.0,0.0,,,robotD,2.0,0.21739628643571315,0.042791884062236225,0.7391788546954846,0.05823637074687682,0.527046610651911,-0.5165444577958573,0.5789679231895123,-2.6435340826950053
81,robotA,0.0,0.0,,,,,0.21637008170373967,-0.2802229393488317,-0.21436431961797017,,,-0.48983276295919864,0.2303744242368285,1.6527951800767997
81,robotB,0.0,0.0,,,robotB,3.0,0.10809784577716454,-0.38150999390564344,-0.12676970647263255,-0.2831552933924633,-0.08479566135827345,-0.21117489884916443,-0.4087299056776838,-1.7986875715018023
81,robotC,0.0,0.0,,,robotA,2.0,0.26826264138124295,-0.7248272526518778,0.6098366905138246,-0.25111006128181745,0.1023224240114619,0.4468582024603813,-0.5643420530809147,0.011870497008356915
81,robotD,0.0,0.0,,,robotD,2.0,0.2127047836979723,0.04264933775187385,0.739179515714784,0.05572744512594926,0.5224139387643327,-0.5163445798961797,0.5790821124096021,-2.6435360926861295
82,robotA,0.0,0.0,,,,,0.21640435046684817,-0.2800895269283666,-0.21436301451312773,,,-0.4898578779698416,0.23063271323174395,1.652823056924837
82,robotB,0.0,0.0,,,robotB,3.0,0.10695555463899135,-0.3815291354963406,-0.12677277247678298,-0.2834838840507967,-0.08348963437857776,-0.21145836809493834,-0.4099810217181811,-1.7986534496731876
82,robotC,0.0,0.0,,,robotA,2.0,0.694326299577413,-0.7249410140909895,0.6098391611195256,-0.2516808952825442,0.10251715066183806,0.44661300317116664,-0.5643489919329128,0.011857183456453356
82,robotD,0.0,0.0,,,robotD,2.0,0.21715467030450522,0.04273023098498802,0.7391793032938913,0.05511100501578302,0.5180202133758242,-0.5164137103116851,0.5790414091226509,-2.643545429289241
83,robotA,0.0,0.0,,,,,0.21636973092263406,-0.28022136805366804,-0.21436508231756368,,,-0.4898315904388053,0.2303607467641575,1.6527913214601873
83,robotB,0.0,0.0,,,,,0.10767649734740083,-0.3820730133573051,-0.12678411051109828,,,-0.2112981971296111,-0.40928436489456677,-1.7986922180510163
83,robotC,0.0,0.0,,,robotA,2.0,0.6937475094458097,-0.7248735549293261,0.6098378714279711,-0.25001941011743495,0.10187453222899258,0.44698117847892643,-0.5643367648504541,0.011888255131935407
83,robotD,0.0,0.0,,,robotD,2.0,0.22150623126889557,0.0427334291560512,0.7391803501699264,0.056021755075438995,0.5263604133771658,-0.5165012001285126,0.5789930833643103,-2.643546960276109
84,robotA,0.0,0.0,,,,,0.21640451484777837,-0.28008606101889555,-0.2143637308953182,,,-0.48987984714827215,0.23086908561162076,1.6528358200224278
84,robotB,0.0,0.0,,,robotB,3.0,0.10724080523016384,-0.38159556071030726,-0.12678731571919433,-0.28368888063429054,-0.08629436547309897,-0.21114272903447776,-0.40859720118673426,-1.798733058242168
84,robotC,0.0,0.0,,,robotA,2.0,0.6954290972268997,-0.7249768323142586,0.6098480319019273,-0.25230077466416584,0.10288995261321293,0.4465910843515189,-0.564345813565853,0.011876808247679149
84,robotD,0.0,0.0,,,robotD,2.0,0.21323795066116868,0.04263530573185324,0.7391777683465071,0.05597793433071473,0.5256919563682134,-0.5161969811133977,0.5791652745361046,-2.643570005266992
85,robotA,0.0,0.5,,,,,0.21633751255338035,-0.28033125174400175,-0.21437033650301757,,,-0.4923117097356653,0.23991282608022027,1.8757071173762312
85,robotB,0.05,0.0,,,robotB,3.0,0.10582340801823005,-0.38145696021600334,-0.12679123324699818,-0.2820971652027897,-0.08312275239643675,-0.21321278780561614,-0.4175561782462619,-1.7987824631821647
85,robotC,0.0,0.0,,,robotA,2.0,0.6930503763869493,-0.7248579658465895,0.6098500351363545,-0.2512040113249709,0.10503219250360524,0.44691365862309074,-0.5643388962578083,0.011903480523276258
85,robotD,0.0,0.0,,,robotD,2.0,0.21389429194895385,0.04281756635012542,0.7391810025578477,0.05520396477393166,0.5184980447323614,-0.5166719548531798,0.5788990393550151,-2.6435736481041454
86,robotA,0.0,0.5,,,,,0.27748239271194924,-0.3305150938744367,-0.14656070808079746,,,-0.4883838456958648,0.2176063333135077,2.3465664312282266
86,robotB,0.05,0.0,,,,,0.11681042711674682,-0.39042109176627543,-0.1268331952798641,,,-0.22409046561351398,-0.46442446529776893,-1.7989561145246993
86,robotC,0.05,0.0,,,robotA,2.0,0.6922927971382942,-0.7249341824981911,0.6098579464918054,-0.2561442313131824,0.10620485893045974,0.449408268516993,-0.5643128063171616,0.011887951836364747
86,robotD,0.0,0.5,,,robotD,2.0,0.22104201309210508,0.04253258698317663,0.7391765614409307,0.04886571601377758,0.5213811887678467,-0.5158757905725938,0.5793080150362063,-2.3227501820345147
87,robotA,0.05,0.0,,,robotA,3.0,0.450283782019766,-0.3598853131052492,0.025496044592608923,-0.2716630766397548,-0.0016812929164039172,-0.5049001907695618,0.2320498508264355,2.667284287930364
87,robotB,0.05,0.0,,,,,0.1636399663543269,-0.4397750293229361,-0.12689180259122498,,,-0.2356503978103381,-0.5141521667303718,-1.7995332035063714
87,robotC,0.05,0.0,,,robotC,3.0,0.6931564307067034,-0.7324370293541915,0.6098029208452406,-0.7039012767241911,0.3298160034968304,0.4987707980900529,-0.5637288765260418,0.011675840419674042
87,robotD,0.0,0.5,,,robotD,2.0,0.29608240712589773,0.30115083308581925,0.676355417313796,0.18541450006016147,0.5022594126897045,-0.5215998341346171,0.5941440242129732,-1.8740903638404867
88,robotA,0.05,0.0,,,,,0.15660544225656797,-0.3578710433850762,0.1290606323180548,,,-0.5443897283056467,0.2429550128845732,2.6487383691436284
88,robotB,0.0,0.5,,,,,0.21232109317795186,-0.48980108556615687,-0.1271605551795978,,,-0.24458247626977275,-0.55244504575291,-1.7693737492100814
88,robotC,0.0,0.5,,,robotA,3.0,0.29065927267895714,-0.7825169265295698,0.6096416499267786,-0.2793034397835805,0.08183227773728116,0.5497565124107024,-0.563143654460089,0.011240011718635024
88,robotD,0.0,0.5,,,,,0.3936577804478554,0.5772675547506495,0.46460796335684024,,,-0.5212956519331382,0.5929637538450933,-1.4099080902253631
89,robotA,0.0,0.5,,,robotA,3.0,0.18904028442843795,-0.4084072703340027,0.1288455419785507,-0.31846649717141773,0.10739210798767616,-0.5503922508299539,0.24630150302062745,3.016870385673667
89,robotB,0.0,0.5,,,,,0.2520592821862881,-0.5329993578263957,-0.10724683731035105,,,-0.24451465224733154,-0.5506917293484949,-1.2298407627508796
89,robotC,0.0,0.5,,,robotA,2.0,0.7635830041267526,-0.8311303266091548,0.6096069371968189,-0.3295630385259195,0.07077249772531936,0.551646071130816,-0.5632679644092962,0.41674852579211136
89,robotD,0.0,0.5,,,,,0.654371358212292,0.7292293994297598,0.13829893451627262,,,-0.5431722083818686,0.5960435910636636,-0.902306412650902
90,robotA,0.0,0.5,,,,,0.16667900963626892,-0.33823209843800983,0.2728950181128384,,,-0.5481859289329344,0.25272787772107996,-2.7950878729656017
90,robotB,0.0,0.5,,,robotB,3.0,0.3472730188762018,-0.5132097278999788,0.1760789702115134,-0.43910999011805635,0.12127057153224911,-0.2319514892051444,-0.5222353896815096,-0.8805624295602902
90,robotC,0.0,0.5,,,robotA,2.0,0.8525963455771107,-0.48304997364818325,0.9094394693166763,-0.28657075769355655,0.1976548604692067,0.5292357037953273,-0.5610412560899889,0.9168958444673819
90,robotD,0.05,0.0,,,robotD,2.0,0.8922637597348029,0.7107472950821195,-0.21896182341645962,0.554786045401411,-0.07753346136063716,-0.5493319783193069,0.5872897800522259,-0.41486648512760427
91,robotA,0.0,0.5,,,robotA,3.0,0.3248328535118915,-0.1729046872555615,0.3977851902308626,-0.1556917711880316,0.31565920482561344,-0.5556316204099709,0.24641118346003066,-2.3219795032156503
91,robotB,0.0,0.5,,,robotB,2.0,0.22919497341821937,-0.42305462778404507,0.34990250539211454,-0.3551481283850084,0.26530608178172077,-0.2301243379121798,-0.5118749250343562,-0.3469114003793394
91,robotC,0.05,0.0,,,robotA,2.0,0.8804341653440562,0.0022682412487432507,1.0293617512637312,-0.16757387094658163,0.3117440078403091,0.5317510711443318,-0.5348344556026349,1.151008648759604
91,robotD,0.05,0.0,,,,,0.4512172326441465,0.5237196671272751,-0.527679961042652,,,-0.5092283001687202,0.5530638750438428,-0.3757186265460736
92,robotA,0.05,0.0,,,robotA,3.0,0.22469661235905983,0.03684607649998106,0.4314941944155695,0.014374156274658455,0.35896245135231314,-0.5652728458070048,0.235736025292016,-1.8271952795676742
92,robotB,0.05,0.0,,,robotB,2.0,0.2956043946671253,-0.19371176891350284,0.5129353611230466,-0.1815198148845801,0.413679616061581,-0.19920118125334124,-0.5258894797647731,-0.15567238779723863
92,robotC,0.05,0.0,,,robotA,2.0,0.771355094707462,0.15874370072254632,1.010675710191205,-0.07161565436584509,0.35232620360601247,0.524971246381696,-0.5353552536420629,1.48921797939972
92,robotD,0.05,0.0,,,,,0.4584912742864635,0.4730507546598128,-0.5286804339141626,,,-0.4632212491787884,0.5349291484167757,-0.37613552270702905
93,robotA,0.05,0.0,,,robotA,3.0,0.19082076148261973,0.2044922508005629,0.37532317097725976,0.17503285868259616,0.31349297125502357,-0.5646565325138583,0.18347382654539512,-1.8756633498295658
93,robotB,0.05,0.0,,,robotB,2.0,0.13550168684199734,-0.12944261725405176,0.5387742707194744,-0.07921006118622187,0.428918169873885,-0.14864759421327764,-0.5340877816346694,-0.1499457237105501
93,robotC,0.05,0.0,,,robotA,2.0,0.7713311065322226,0.4722974092572901,0.8992359357596085,0.030246762016567744,0.35493915530099523,0.5287101585914245,-0.4784578291369532,1.448125766206386
93,robotD,0.05,0.0,,,,,0.46973237115545413,0.4232506529044512,-0.5284735250409405,,,-0.4176508061570821,0.5169517691445602,-0.3764981882440138
94,robotA,0.05,0.0,,,robotA,3.0,0.07669822988187527,0.14130566517052454,0.38237762037812106,0.13588679830951758,0.31156645072459543,-0.5755097906089345,0.146459338427427,-1.755896028343766
94,robotB,0.05,0.0,,,robotB,3.0,0.14546362038183577,-0.17239852225802574,0.5406122860020844,-0.1249693472141172,0.4559358505522528,-0.09876048551898889,-0.5416211090984966,-0.15013821529389726
94,robotC,0.05,0.0,,,,,0.6657943326092367,0.38706770651831773,0.9170431553752324,,,0.5347480682562996,-0.429234566731185,1.4477834472218323
94,robotD,0.05,0.0,,,,,0.48589220246586623,0.3735712644051188,-0.5283687256929609,,,-0.3699151431436515,0.4980840885386636,-0.3767801202353483
95,robotA,0.0,0.0,,,robotA,3.0,0.05548401648321391,0.15002734642133603,0.3652183004989219,0.11591604500821778,0.3043717197594138,-0.5776578004765562,0.1342226967899748,-1.7633066327354514
95,robotB,0.0,0.0,,,robotB,3.0,0.12892596140800897,-0.22223145368070224,0.5405643692127025,-0.16538353933466687,0.4498054026722359,-0.0664454165129944,-0.5462704440012114,-0.03070399123510162
95,robotC,0.05,0.0,,,robotC,3.0,0.6403111063179284,0.3369172734295245,0.9170347968992956,0.32225238578215193,0.8018674084767637,0.5409906266606799,-0.3787570445177498,1.4473823687490275
95,robotD,0.05,0.0,,,robotD,3.0,0.5065766356449303,0.32357018998567477,-0.5282652174924919,0.28275086808467675,-0.4607413677299826,-0.3243126809641737,0.48002572201068494,-0.3771850032826907
96,robotA,0.0,0.0,,,robotA,3.0,0.06516561029835706,0.13344149496962834,0.3671364819210554,0.12135219197540327,0.2963552095062259,-0.5776733384308566,0.13413006942169173,-1.7633993031289061
96,robotB,0.0,0.0,,,robotB,2.0,0.1196173219203932,-0.18681025502747933,0.5674880248304218,-0.16715271048480035,0.43913203844841575,-0.07881711004415758,-0.5449446467292559,-0.05885296144657511
96,robotC,0.0,0.0,,,robotC,3.0,0.12069470268054969,0.28653638491432115,0.9171565169699575,0.2788491483397104,0.803257260095337,0.5467233930495172,-0.3325949364696117,1.4469829560055862
96,robotD,0.0,0.0,,,,,0.06798677283765779,0.2738896393178392,-0.5281481916102179,,,-0.31249589377146303,0.4753517642163655,-0.37730136917282386
97,robotA,0.0,0.0,,,robotA,3.0,0.0718010138946162,0.133352122050696,0.3671463620217978,0.12089398858033874,0.2972676812167017,-0.5776824113871422,0.13406119867553504,-1.763399326339845
97,robotB,0.0,0.0,,,robotB,3.0,0.12807897179005617,-0.20207073959745142,0.5623592848579906,-0.152147325320627,0.4670137645692074,-0.08348183478031677,-0.5445433769973828,-0.06036205054798586
97,robotC,0.0,0.0,,,robotC,3.0,0.11922945506406134,0.24393618137619327,0.9172605394020192,0.24231476547772982,0.8369250583003124,0.5467450435129628,-0.3323854330725112,1.447041420761713
97,robotD,0.0,0.0,,,robotD,4.0,0.07047153495031522,0.2621041837874523,-0.5281205311693148,0.2248043252886009,-0.45026609722684596,-0.3123973718292093,0.4753138034468779,-0.37729585367214385
98,robotA,0.0,0.0,,,robotA,3.0,0.07096874533516773,0.13329847774643955,0.36714393943775975,0.12171984812882361,0.2957997853244433,-0.5776426853261971,0.134264645958209,-1.7634115943405682
98,robotB,0.0,0.0,,,robotB,2.0,0.1074716003565161,-0.20170195058713813,0.5623787686214611,-0.14546059649486096,0.44545477909878817,-0.08253644218021866,-0.5445780573190737,-0.06036342480777553
98,robotC,0.0,0.0,,,robotC,3.0,0.08032927056815185,0.2439096712661244,0.9172384941970382,0.2437722579319916,0.8419438684721156,0.5466987821331788,-0.33280760425086564,1.447032544401403
98,robotD,0.0,0.0,,,,,0.08629044476644292,0.26201245833061076,-0.5281223474160159,,,-0.31264463135864207,0.47541271815525843,-0.3773246013044155
99,robotA,0.0,0.0,,,robotA,3.0,0.07229626572501824,0.1334117547792274,0.3671443671555865,0.1212227360601063,0.29797095682218216,-0.5776949945903457,0.13397865931219707,-1.7633996200609767
99,robotB,0.0,0.0,,,robotB,3.0,0.12993717335437732,-0.20218456742751284,0.5623567044078144,-0.14897654100418567,0.46670493082992676,-0.08302904387921906,-0.544539866744929,-0.06036405509103327
99,robotC,0.0,0.0,,,,,0.07529109250152939,0.24411173959959398,0.9172341956215656,,,0.5467786988418853,-0.3321127822870798,1.447071489583166
99,robotD,0.0,0.0,,,,,0.08635056529353693,0.262147937605625,-0.5281241394937125,,,-0.3121720867570758,0.4752289203381075,-0.3772545272028175
100,robotA,0.0,0.0,,,robotA,3.0,0.07021032743451452,0.13326335617224083,0.3671411349756104,0.11984559162791494,0.2949237154412286,-0.5776444947274355,0.1342557063605475,-1.7634192649772933
100,robotB,0.0,0.0,,,robotB,3.0,0.10933332709041975,-0.20193525371538396,0.5623561261211173,-0.15126250134155275,0.4645668369864835,-0.08290472597945016,-0.5445525807776325,-0.06036830028440065
100,robotC,0.0,0.0,,,robotC,3.0,0.0752834556902287,0.2437795262323495,0.9172273238114823,0.2444740663412632,0.844346305482462,0.5466937277310038,-0.3327656036216149,1.447057478074237
100,robotD,0.0,0.0,,,robotD,4.0,0.08623987177841572,0.26188010907363746,-0.5281294502312137,0.22536655039168949,-0.4515478174131285,-0.312641709153649,0.4754112977390057,-0.3773133784373887
101,robotA,0.0,0.0,,,robotA,3.0,0.07348191801344503,0.1334011820723807,0.3671444759096463,0.12174625801221398,0.2955091322851258,-0.5776783384018126,0.13405995957292255,-1.763413024030415
101,robotB,0.0,0.0,,,robotB,3.0,0.1101756131374576,-0.2020153118932375,0.5623564987678779,-0.14860910996018972,0.4655666416687596,-0.08266532445411284,-0.5445631465882014,-0.06038079444904506
101,robotC,0.0,0.0,,,,,0.07288273653080783,0.24411581997363915,0.9172281615493819,,,0.5467630230451807,-0.33216680832425194,1.4470748805718907
101,robotD,0.0,0.0,,,,,0.08495097120623168,0.2621356740434306,-0.5281291405589517,,,-0.31219198433238254,0.47524179911797426,-0.377249609681338
102,robotA,0.0,0.0,,,robotA,3.0,0.0725596941256562,0.13330757055355907,0.36714184313659454,0.12094690558297798,0.2972996524020782,-0.5776684839227059,0.13411781433134887,-1.763420750925536
102,robotB,0.0,0.0,,,robotB,3.0,0.11059252546007631,-0.20212108332346335,0.5623508107999038,-0.15128095258220925,0.46466718413549507,-0.08327173536152938,-0.5445339642511724,-0.06038713936164852
102,robotC,0.0,0.0,,,robotC,3.0,0.07287877964720779,0.24380946905531795,0.9172220547637817,0.2436377537779537,0.8414485858190794,0.5467002786608054,-0.33272726161615573,1.447057729481127
102,robotD,0.0,0.0,,,robotD,4.0,0.08484892160912959,0.26188671523027196,-0.5281351339766103,0.224227460585669,-0.44937285806563493,-0.3126448665836359,0.47541697165925145,-0.37730396875165967
103,robotA,0.0,0.0,,,robotA,3.0,0.07093022874139321,0.1333170951136414,0.36714287512470056,0.12211146614662109,0.2967673343591133,-0.5776491143141589,0.13422051561740292,-1.7634309423479826
103,robotB,0.0,0.0,,,robotB,2.0,0.10999338384501663,-0.20183634766390843,0.5623539105511677,-0.14516098706066746,0.44468969972467615,-0.08260050174579275,-0.5445689625616565,-0.06038498521916709
103,robotC,0.0,0.0,,,,,0.07577509051048964,0.24410782124428557,0.9172222182940374,,,0.5467591729418562,-0.33220379632345687,1.4470820854048645
103,robotD,0.0,0.0,,,,,0.08740696247431634,0.2621292163060216,-0.528134739723587,,,-0.31222083782514354,0.4752502753718737,-0.37724189753778664
104,robotA,0.0,0.0,,,robotA,3.0,0.0712737829391925,0.13338335055774128,0.36714415409605133,0.12012124351645664,0.2953085992996546,-0.5776903567541226,0.13398915259284752,-1.7634197461801364
104,robotB,0.0,0.0,,,robotB,3.0,0.1307413549963892,-0.20216638774806944,0.5623488948551912,-0.151457867283556,0.4649796075854253,-0.08338149752432254,-0.544524880534427,-0.0603968649979389
104,robotC,0.0,0.0,,,robotC,3.0,0.07576894096690351,0.24383814371741508,0.91721726179483,0.24369978764445185,0.8416447354057006,0.546698472056412,-0.332727567216368,1.4470632366137712
104,robotD,0.0,0.0,,,robotD,4.0,0.08730921296539919,0.2618961693568324,-0.5281381235584314,0.22569618670921404,-0.45228890181743137,-0.3126047990053808,0.4753994442397813,-0.3772922750373069
105,robotA,0.05,0.0,,,robotA,3.0,0.07302428198236975,0.13325764942289994,0.3671416042409893,0.12194661071677934,0.296388305091798,-0.5843365017611993,0.09995360762083966,-1.763699761338574
105,robotB,0.05,0.0,,,robotB,2.0,0.10960630120271105,-0.20178358993441362,0.5623493303076781,-0.1449761978615597,0.4441064146598455,-0.07472252095942086,-0.5450445539628582,-0.0604169657113642
105,robotC,0.0,0.0,,,,,0.07557647652617622,0.24409634072498995,0.9172201715590301,,,0.5467546530847212,-0.3322345613328086,1.447088390853197
105,robotD,0.0,0.0,,,,,0.08413269836818577,0.2621021262711498,-0.5281368978313327,,,-0.3123024647821016,0.4752823690274909,-0.37724563822057666
106,robotA,0.05,0.0,,,robotA,3.0,0.07535265487082927,0.0961168978376367,0.36717565232746835,0.09440601682512705,0.29684224068853354,-0.5941787410263706,0.04958417274838799,-1.7640100435339379
106,robotB,0.05,0.0,,,robotB,3.0,0.13542475732779335,-0.21101586978838446,0.5623376568468794,-0.15628642925995992,0.4685843612482298,-0.02639079182661209,-0.5479794579713283,-0.0606909375563528
106,robotC,0.05,0.0,,,robotC,3.0,0.07557166322149898,0.24387112575044584,0.9172162043957705,0.24781344672535438,0.8405867173471373,0.5470409353580636,-0.3299572114612829,1.4470552008196242
106,robotD,0.05,0.0,,,robotD,3.0,0.08406660573222252,0.2619401337610889,-0.5281411957935389,0.22400345337682034,-0.4527856570155126,-0.276802392345937,0.46121214886789286,-0.37762318909269305
107,robotA,0.05,0.0,,,robotA,3.0,0.07157336330516353,0.04534778768601925,0.36719640736913073,0.05440485288837148,0.29619840806821196,-0.6036122273403489,0.001430549087048677,-1.76440319667856
107,robotB,0.0,0.5,,,robotB,3.0,0.11576885617968591,-0.26114403508018086,0.5622697592875419,-0.19557783145293536,0.46685749066833654,0.023113745198450518,-0.550987336453368,-0.0604530417898479
107,robotC,0.05,0.0,,,,,0.07763236314319398,0.23554608111757358,0.9172437166899355,,,0.5537963706164305,-0.27567689153674146,1.4467259607275136
107,robotD,0.05,0.0,,,,,0.07527283852467623,0.22332505502031375,-0.528055438436956,,,-0.25924774706595494,0.45986008184723043,-0.38320198850125464
108,robotA,0.05,0.0,,,robotA,4.0,0.09206210815736358,-0.0041901200054992845,0.3672058788719567,0.013453716420351862,0.29768402589522064,-0.6070253347107798,-0.027719539137342125,-1.5054574869256745
108,robotB,0.05,0.0,,,robotB,3.0,0.14758538572609756,-0.30800346225370645,0.5624708977772233,-0.22895197248811686,0.4671059608415794,0.06403291656517016,-0.5491870235791989,0.046457315730816705
108,robotC,0.05,0.0,,,robotC,3.0,0.09870991254938984,0.18568722923346007,0.9172938222048884,0.1882946632268044,0.778959051128715,0.552066840774897,-0.25805861320377926,1.4141049339554597
108,robotD,0.05,0.0,,,robotC,3.0,0.09036850928607568,0.17392720233939998,-0.528010895816229,0.6617706452361848,-0.3822527567092945,-0.213464838763658,0.4413925959239629,-0.38363717134030856
109,robotA,0.05,0.0,,,robotA,4.0,0.0799224292515643,0.06256285096610284,0.36073866570577406,0.04529635916324805,0.2928922980634094,-0.605898199045732,-0.058286567326868696,-1.5592962205990566
109,robotB,0.05,0.0,,,robotB,3.0,0.13868751560322984,-0.2886081173945642,0.5923072841536637,-0.21160346436127192,0.4908643790312508,0.1138377944899296,-0.5467148371496755,0.049801099813906916
109,robotC,0.05,0.0,,,robotC,3.0,0.1481631964593413,0.1354020939029903,0.9173595890444864,0.14795694848579768,0.7784481533720826,0.5545438687130625,-0.2215172724062373,1.5110188853221773
109,robotD,0.05,0.0,,,robotD,3.0,0.5570517631591085,0.12410871313751395,-0.5279452877827706,0.11396269468184121,-0.48101643269456,-0.1663951241731398,0.4223837383404737,-0.3839199761805317
110,robotA,0.05,0.0,,,robotA,4.0,0.08943493060697315,-0.00915957875682205,0.3638370486649836,0.01066967473628534,0.2944399795436564,-0.6054282195837841,-0.10739207127449214,-1.5621192865304638
110,robotB,0.05,0.0,,,robotB,4.0,0.16201375386147931,-0.3372887513616133,0.5930977643411868,-0.2980287020396322,0.6059791176276911,0.16420795458273946,-0.5442178687928955,0.049450273972451685
110,robotC,0.05,0.0,,,robotC,3.0,0.12747289535357534,0.18538359186569545,0.9003029251913984,0.2014837262092813,0.7458536477800094,0.55732533871894,-0.17215242163623307,1.515457528957437
110,robotD,0.05,0.0,,,,,0.061374496497113185,0.07437517182331445,-0.5279169322036248,,,-0.12041690023130266,0.40380267397817354,-0.3842906510058065
111,robotA,0.05,0.0,,,robotA,3.0,0.09880716883667585,-0.05972173322252452,0.36377904716859466,-0.030019549899084556,0.29499526416158195,-0.604988968737336,-0.15866819196480883,-1.5624614514263986
111,robotB,0.05,0.0,,,robotD,4.0,0.0900972589800991,-0.387184054301415,0.5929853022217189,0.1206945211114835,0.32215146737020917,0.21397914305020146,-0.5417581381043444,0.04917274284587348
111,robotC,0.05,0.0,,,robotC,4.0,0.16546650547735772,0.1398355951848068,0.8994071315440638,0.14362524792266762,0.7365386576740333,0.560134477337817,-0.12150590195217563,1.5151433680490025
111,robotD,0.05,0.0,,,robotD,4.0,0.10107364633078243,0.024419691692406452,-0.5278985465359193,0.019717481886525133,-0.4306303837923857,-0.07500352761617281,0.3854258567094913,-0.38462720956461965
112,robotA,0.05,0.0,,,robotA,3.0,0.105462551061237,-0.1099901303006884,0.363748852770284,-0.07041267699976601,0.29575557326428553,-0.6045917398958629,-0.20770189787046792,-1.5628246780497108
112,robotB,0.05,0.0,,,robotB,3.0,0.6205001762745503,-0.43764078909048554,0.5928582277926614,-0.32824470400807354,0.48824274034223697,0.22517914707400336,-0.5614321814216269,0.024679174844114093
112,robotC,0.05,0.0,,,robotC,3.0,0.17158260445766899,0.08972579119881138,0.8994356764231498,0.10647361210381473,0.7301331940099991,0.5628983280380401,-0.07197947132605802,1.51483911825208
112,robotD,0.05,0.0,,,,,0.10716046147983492,-0.025254430466146623,-0.527897498501905,,,-0.054932473232083355,0.37736539468394437,-0.40368805871594177
113,robotA,0.05,0.0,,,robotA,3.0,0.11243775440487601,-0.15999825785645605,0.3637016718879788,-0.10936420457734719,0.2965221154766481,-0.60418863083189,-0.25882949448165105,-1.5630941353771253
113,robotB,0.05,0.0,,,robotC,3.0,0.19052894410250204,-0.4875896028028701,0.5926959919378211,0.009040620096261867,0.6069795280729263,0.2749232307902651,-0.5602089103592074,0.024365176205187737
113,robotC,0.05,0.0,,,robotC,3.0,0.18217150987267036,0.039274011902786135,0.899457358682707,0.06481611673457284,0.7232171746576304,0.5657486850376188,-0.02130309362791734,1.5144378522181678
113,robotD,0.05,0.0,,,,,0.1359049763343759,-0.07518350546321664,-0.5279132969503059,,,-0.009656891703425548,0.3580121594681197,-0.40412515261078535
114,robotA,0.05,0.0,,,robotA,3.0,0.12109410894324803,-0.210147518748943,0.3636526361460772,-0.15180666492146222,0.30035857624261103,-0.6077439201669229,-0.2790984726514109,-1.5943052546268845
114,robotB,0.05,0.0,,,robotB,4.0,0.547251669882636,-0.5380202193739116,0.5925286420266448,-0.4060421842501555,0.49028360362192347,0.3237640651384355,-0.5590281663892115,0.024000388983112363
114,robotC,0.05,0.0,,,robotB,3.0,0.19184016404415724,-0.010945152255915828,0.8994638162183702,-0.40340985148953024,0.5654042048000228,0.563373601441376,-0.012228613233648131,1.520836972846307
114,robotD,0.05,0.0,,,robotA,3.0,0.1743569909683478,-0.12494724323086646,-0.5279570379332019,0.2861015620935769,0.004414603796415202,0.037444190908479946,0.33786697745118516,-0.4042855152720954
115,robotA,0.0,0.0,,,robotA,3.0,0.1256133592975031,-0.2603706921421517,0.36354534722854615,-0.21307972419196888,0.3213750181867916,-0.6080733294869239,-0.2933631640532506,-1.594443659104105
115,robotB,0.0,0.0,,,robotB,3.0,0.20864458501010152,-0.5880342186218561,0.5923201768654779,-0.4452413248811959,0.4912657518721487,0.368842943896003,-0.557944976546968,0.023997420061545684
115,robotC,0.05,0.0,,,robotC,3.0,0.4781984337152863,-0.061233376125776735,0.8994536049123292,-0.0067590439649351935,0.7427414094172762,0.5658520809397628,0.03712965402108834,1.5203871027450604
115,robotD,0.05,0.0,,,robotB,3.0,0.7042933795237671,-0.17496414100793817,-0.5279833506178694,0.5280177954030063,-0.40579672248752635,0.08242200145976211,0.3186129333858479,-0.4047367076430911
116,robotA,0.0,0.0,,,robotA,3.0,0.07316159374285275,-0.27289352755700547,0.36350490930940155,-0.3152118151714619,0.21444317610337157,-0.6080742581208957,-0.2933315272972824,-1.5944584433829667
116,robotB,0.0,0.0,,,robotB,3.0,0.21134212437414035,-0.6308549709595801,0.592325476413941,-0.487511093615243,0.49225471694634554,0.3687768625223433,-0.5579511732180532,0.023851204499617765
116,robotC,0.0,0.0,,,,,0.1885850327606433,-0.11172597234428207,0.8994138656051396,,,0.5680199600769221,0.08011110341135827,1.520297967297707
116,robotD,0.0,0.0,,,robotC,3.0,0.7624498445770911,-0.22456296557860006,-0.5280749449802353,0.1888311625502647,-0.5634876950830882,0.094334971587239,0.31351381727910416,-0.4047384832579541
117,robotA,0.0,0.0,,,robotD,3.0,0.15492014464846643,-0.2730053614622356,0.36350311868753027,0.1429458248098384,0.46387293889299586,-0.6080722161939089,-0.29346999167211374,-1.5944504221222198
117,robotB,0.0,0.0,,,robotB,3.0,0.1748882401292196,-0.6309976342516526,0.592242262129191,-0.48914820978451723,0.4911195847104604,0.36884011162313013,-0.5579495997443951,0.023845716899714126
117,robotC,0.0,0.0,,,robotB,3.0,0.2146562040066897,-0.15350759651963547,0.8994007476057863,-0.29912286873923055,0.37442267702906923,0.5680217440990242,0.0801024806251107,1.520226995129698
117,robotD,0.0,0.0,,,robotD,3.0,0.4263799440248152,-0.23607587590903678,-0.5280777341349279,-0.17968909088498383,-0.40866343923322324,0.09399267442503459,0.31365628388039957,-0.40476064384038873
118,robotA,0.0,0.0,,,robotD,3.0,0.4279282297385596,-0.2730445836540803,0.3635008816599214,0.14273119554041605,0.46282683138555697,-0.6080735090409476,-0.29336948651345685,-1.5944574790818673
118,robotB,0.0,0.0,,,robotB,3.0,0.17422044405985132,-0.6310205323358292,0.5922383625032536,-0.4929618164409242,0.4922296927974075,0.36894024559479255,-0.5579445349697545,0.023849422144798817
118,robotC,0.0,0.0,,,robotB,3.0,0.5447482784225152,-0.15366489006846157,0.8993918792545982,-0.2941162371721075,0.37165427060487416,0.5680219646027262,0.08024359013133223,1.5202226742708493
118,robotD,0.0,0.0,,,robotD,3.0,0.13201911134861483,-0.23598460025746779,-0.5280781007525297,-0.1751037068914663,-0.4079694689415301,0.09443305831674367,0.3134714985282851,-0.4047304800250782
119,robotA,0.0,0.0,,,robotD,3.0,0.4274562551157297,-0.2730251497728255,0.36350155077009383,0.1419819453322477,0.46034304195154174,-0.608076660488671,-0.2933979013013161,-1.5944601617860408
119,robotB,0.0,0.0,,,robotB,3.0,0.17052512231531752,-0.6310819032635403,0.5922379872372536,-0.4914603074884134,0.4934754200688945,0.3685834269545422,-0.5579591425975304,0.023833380861320943
119,robotC,0.0,0.0,,,robotB,3.0,0.5460864647311869,-0.15372770930426866,0.8993866726854238,-0.2950189808883916,0.3692421834709369,0.5680204378293,0.08014481019853884,1.520213173716888
119,robotD,0.0,0.0,,,robotD,3.0,0.1347586167512074,-0.23621233529392321,-0.5280761728488026,-0.18089123911878527,-0.41122422390121055,0.0940237175962941,0.31364509992181044,-0.4047444589311132
120,robotA,0.0,0.0,,,robotD,3.0,0.4261475852527831,-0.27301626264688006,0.36350166757627456,0.14306187751653987,0.464258832064115,-0.6080759907642709,-0.2934295886787563,-1.5944581608491641
120,robotB,0.0,0.0,,,robotB,3.0,0.17086674493768828,-0.6308943752694387,0.5922356613992876,-0.4871123858434829,0.49203027029680074,0.3691800317495725,-0.5579394003743926,0.02385692328911327
120,robotC,0.0,0.0,,,robotB,3.0,0.5486563956602301,-0.15370309042228517,0.8993871255392795,-0.29464184619996847,0.37234346360803855,0.5680225626283808,0.08019488714524146,1.520205853860391
120,robotD,0.0,0.0,,,robotB,3.0,0.12920099176713284,-0.2360138648721049,-0.5280762345970912,0.07763273537190878,-0.666152943700276,0.0943985478620436,0.31349102292660047,-0.40471852435264444
121,robotA,0.0,0.0,,,robotD,3.0,0.42815183166407883,-0.2730652044044859,0.36350049419971026,0.143141383799092,0.46397112146633745,-0.6080748165100073,-0.2932621240027467,-1.594464999295889
121,robotB,0.0,0.0,,,robotB,3.0,0.1755046408368587,-0.6311957633051236,0.592239348201555,-0.49031863009491167,0.4925752014261439,0.36860364001783913,-0.5579550710203037,0.02384319648754559
121,robotC,0.0,0.0,,,robotB,3.0,0.5455570277403018,-0.15371790187869433,0.8993851246119546,-0.30084516033283354,0.3734869411106008,0.5680244359523448,0.0802370730237171,1.5202057026431417
121,robotD,0.0,0.0,,,robotB,3.0,0.34287810628639986,-0.2362146264889865,-0.5280760476477356,0.0745075627706007,-0.6642835627203855,0.09407326329157001,0.3136290342689642,-0.4047228036779029
122,robotA,0.0,0.0,,,robotD,3.0,0.4280516550235824,-0.27295224764474135,0.3635006818320283,0.1426165207041973,0.46278205372542175,-0.6080757954071889,-0.29353080347864774,-1.594452245096022
122,robotB,0.0,0.0,,,robotB,3.0,0.17232597555747853,-0.6309010260268372,0.5922387946077868,-0.4880258450630187,0.4932354115121761,0.36914521315736093,-0.5579373305883444,0.02386073680166502
122,robotC,0.0,0.0,,,robotB,3.0,0.5460803561441608,-0.1537555179279795,0.8993846426303409,-0.29987074848522577,0.37539266621874506,0.5680181590173716,0.08005929337092259,1.5201996030730338
122,robotD,0.0,0.0,,,robotD,3.0,0.33912696994715846,-0.23606337684351403,-0.5280749241810224,-0.17742491195487695,-0.40829669808454855,0.094298933337881,0.31353981131911673,-0.40470031018300934
123,robotA,0.0,0.0,,,robotD,3.0,0.4274118488108657,-0.2731039844955886,0.3634978653550821,0.14282375259567562,0.4628544749477938,-0.6080656214283601,-0.2931768946788488,-1.5944609654112893
123,robotB,0.0,0.0,,,robotB,3.0,0.17405019677875996,-0.6311745136675394,0.5922401067315353,-0.4902376046251506,0.49245381583655096,0.36861441200866624,-0.5579544081482314,0.02384581310431494
123,robotC,0.0,0.0,,,robotB,3.0,0.5440104998198251,-0.15365702513766544,0.8993859591329377,-0.3004773805420114,0.3726616696984621,0.5680279521650236,0.08032237083725358,1.5202061152383932
123,robotD,0.0,0.0,,,robotD,3.0,0.1334100012289799,-0.23617403118622815,-0.5280746986416496,-0.1809593501020373,-0.41097724230710037,0.09418813295070369,0.31358290134045924,-0.4047025024627454
124,robotA,0.0,0.0,,,robotD,3.0,0.4274468331135391,-0.27291550827435845,0.36349823654259106,0.14148628718898767,0.4592166423408124,-0.6080751152789414,-0.2935432548434704,-1.5944513168407022
124,robotB,0.0,0.0,,,robotB,3.0,0.17246990978415896,-0.6309095602122571,0.5922399405847094,-0.4879446598557724,0.4929845954584794,0.36911007975752574,-0.557937742142541,0.0238660185068545
124,robotC,0.0,0.0,,,robotB,3.0,0.5467638502126304,-0.15379926293343263,0.8993838333807431,-0.2987910067062002,0.3740380230990588,0.568013464804009,0.07996597692581277,1.5201964184059864
124,robotD,0.0,0.0,,,robotD,3.0,0.12944448150334678,-0.23613642409582924,-0.5280727772226295,-0.17967382854421066,-0.40843283738281877,0.09414600701853762,0.3136023547970499,-0.40469297321315495
125,robotA,0.05,0.0,,,robotD,3.0,0.4254930473450079,-0.27310056202940014,0.3634978991704648,0.13966184571041013,0.4600689550958773,-0.6088983104642571,-0.3281691989736495,-1.5947132444841556
125,robotB,0.05,0.0,,,robotB,3.0,0.17424113184401088,-0.6311503012114669,0.5922424229089438,-0.4946238581412959,0.49390747834482374,0.37477585489975596,-0.5578053888847537,0.023816426550480302
125,robotC,0.0,0.0,,,robotB,3.0,0.5450374887845756,-0.1536163678130373,0.8993857064506048,-0.29497018214202486,0.36927428743498414,0.5680284526185447,0.08033367911500643,1.5202052714880787
125,robotD,0.0,0.0,,,,,0.1322761836383943,-0.23609746645238358,-0.528071300441927,,,0.09431756220210646,0.31352971250275297,-0.4046860005566817
126,robotA,0.05,0.0,,,robotA,3.0,0.46054201653309146,-0.3106238387196304,0.3634162190262957,-0.3311580132889718,0.2431315862152883,-0.6101293078449804,-0.37939766509443734,-1.5950158491518118
126,robotB,0.05,0.0,,,robotB,3.0,0.1741577699974511,-0.6383919766407179,0.5922012062913271,-0.4897008583422258,0.49478370967799606,0.42444184307389177,-0.5566273237532972,0.023523068790905186
126,robotC,0.05,0.0,,,robotB,3.0,0.5485837994100843,-0.15380264875029986,0.89938362756332,-0.2924572557268385,0.37912212030980097,0.5684109842302641,0.08780319998137714,1.5201233349635044
126,robotD,0.05,0.0,,,robotA,3.0,0.1323215523513978,-0.23620407964533996,-0.5280711419809991,0.1937615419741744,-0.31649371991312575,0.12619711400848227,0.2998660332628974,-0.4049266273874862
127,robotA,0.05,0.0,,,robotA,3.0,0.12379486402760205,-0.36082862148457695,0.363318205141504,-0.3755010403789623,0.23842836761947486,-0.6113311401447347,-0.4285802730165475,-1.5954100532446687
127,robotB,0.05,0.0,,,robotD,3.0,0.22153825988472084,-0.6887664268251654,0.5920056209805113,-0.10704833316778933,0.4413555951185862,0.4422175956640742,-0.5544007449133691,0.023121388128959433
127,robotC,0.05,0.0,,,robotB,3.0,0.5363522354103906,-0.16202508462630325,0.8993731839047961,-0.29109638363075885,0.3783758687567563,0.5709248157990162,0.13729362847320714,1.519881266853578
127,robotD,0.05,0.0,,,robotD,3.0,0.5125048235031274,-0.273003713382403,-0.5281334858029058,-0.20694509853645945,-0.4145254724162818,0.1733816225900401,0.2796358742226336,-0.40527074133990965
128,robotA,0.05,0.0,,,robotA,3.0,0.12967468038476015,-0.4109468149114283,0.36316456846222656,-0.3384607944172175,0.3194465262737086,-0.6125898073744798,-0.479491738412067,-1.595670820689686
128,robotB,0.05,0.0,,,robotB,3.0,0.6493928633948522,-0.7387835366806769,0.5917607934020758,-0.5167303548268708,0.4585840317544403,0.4915750843822558,-0.5532638828250485,0.022893755142004917
128,robotC,0.05,0.0,,,,,0.5268617792536401,-0.2123858807732351,0.8993249940830468,,,0.5735230602869793,0.18808334400161858,1.5194277658047244
128,robotD,0.0,0.5,,,robotD,3.0,0.1624828346880358,-0.3230091099872574,-0.5282348247766248,-0.251177405189391,-0.41595562649801243,0.19165771358136174,0.2640864486981222,-0.3849582502771129
129,robotA,0.05,0.0,,,robotA,3.0,0.13005105730625918,-0.46098270912819617,0.3630545292322434,-0.3830950613461171,0.3209864007001735,-0.5769516483763762,-0.5103969268081815,-1.5332118696630186
129,robotB,0.05,0.0,,,robotB,3.0,0.3029677828278909,-0.7889465828783521,0.5915795302386823,-0.6180473404789341,0.4993311586511597,0.5409120641570752,-0.5521442147391078,0.022477078000655393
129,robotC,0.05,0.0,,,robotC,3.0,0.5216166146325558,-0.26269038257302707,0.8992184474354166,-0.1717823039769192,0.7245430821283777,0.5905384558726735,0.18936961670901784,1.4825290384318643
129,robotD,0.0,0.5,,,robotD,3.0,0.16479829696017728,-0.3870389176230844,-0.5092301038227562,-0.2811767264232879,-0.4161696295196432,0.19012593992368526,0.2643927092666687,0.15201965340641382
130,robotA,0.0,0.5,,,robotA,3.0,0.13480812613075835,-0.5112287707191985,0.36287892262451193,-0.4311857289230381,0.3253142885496229,-0.5754013757616725,-0.5504390004178152,-1.511139413926859
130,robotB,0.0,0.5,,,robotB,4.0,0.23953201115139555,-0.8392451413203276,0.5912393588792326,-0.6681251018551487,0.5015572317958452,0.5703205107677564,-0.551369167589908,0.18474102243793133
130,robotC,0.05,0.0,,,robotC,3.0,0.22446789216867666,-0.3128090138825096,0.8991778487352968,-0.21570896287460498,0.7447686147164809,0.5948938004692499,0.23846229675653202,1.482097980043177
130,robotD,0.0,0.5,,,robotD,3.0,0.3526978200085787,-0.5895681576164822,-0.2450250198896083,-0.44349237283174897,-0.23563669820547478,0.2077805414104684,0.26945225403787537,0.6482826669826232
131,robotA,0.0,0.5,,,robotA,3.0,0.11882472697724944,-0.5328427153044608,0.3868380470585526,-0.46289889001551826,0.32700736432631267,-0.5756505251025453,-0.5494640815816866,-0.9798033937364147
131,robotB,0.0,0.5,,,robotB,3.0,0.24927280419663359,-0.7441460620545388,0.7389550930381402,-0.667732070887657,0.5397806969290082,0.5690125463564409,-0.5518035867347549,0.684580076790207
131,robotC,0.05,0.0,,,robotC,3.0,0.21344080656735442,-0.36322067546683195,0.8990322609725934,-0.2678728774984534,0.7506220967127122,0.5994045284009224,0.28910184275719936,1.481869172211008
131,robotD,0.05,0.0,,,robotD,3.0,0.35514490158170214,-0.6337027611916849,0.0642764713610504,-0.5024647889028224,0.003585211012087164,0.21807514508046982,0.2911290497125443,1.0058132141610316
132,robotA,0.0,0.5,,,robotA,2.0,0.33952988115956473,-0.2639945788246855,0.6021757040566104,-0.25165495825424655,0.47737246370925646,-0.5566624193025921,-0.541057416128615,-0.4444622311761294
132,robotB,0.05,0.0,,,robotB,3.0,0.5948596112652728,-0.29683575710707555,1.0048547572018296,-0.3080941069248723,0.812672572408953,0.5119716188056751,-0.5484712997706045,1.1809844075086897
132,robotC,0.05,0.0,,,robotC,2.0,0.20774852774555494,-0.41333615611802677,0.8989456799814898,-0.25211096702046465,0.5855986377421495,0.6038118934283409,0.3384261671290655,1.4814514203076066
132,robotD,0.05,0.0,,,robotD,3.0,0.27130391815089216,-0.6055469859114055,0.25454312912568167,-0.4759007453475071,0.21482339055606553,0.2416877909488111,0.33905129488843827,1.001252645147362
133,robotA,0.05,0.0,,,,,0.35588891336135137,0.05706546470862594,0.6544278762194324,,,-0.5404074839789333,-0.5274505246281265,-0.27660689937127303
133,robotB,0.05,0.0,,,robotB,2.0,0.5560846496460414,0.20506056248603538,1.0269210796003514,0.10968441215372679,0.8461911499830523,0.526099663595134,-0.538696120973454,1.3832403333319427
133,robotC,0.05,0.0,,,robotC,2.0,0.37802551130996237,-0.4638496140796156,0.8987599899916229,-0.29337690229890506,0.615023484183831,0.6081895005893964,0.3871853035260912,1.4811673923426965
133,robotD,0.05,0.0,,,robotD,3.0,0.18509101989857688,-0.6575127587676185,0.25054120443917793,-0.5331186204576552,0.206053439700684,0.26798530267699305,0.3800895593690667,1.0009162314984192
134,robotA,0.05,0.0,,,robotA,2.0,0.4255158997916799,0.14490599790717737,0.6316552852541718,0.14693058476953344,0.529212770355454,-0.5132233657875446,-0.5398472803703617,-0.22908591252728502
134,robotB,0.05,0.0,,,robotB,3.0,0.29905115278174504,0.3829140872701857,0.9677523963399607,0.23633374913756205,0.9020886361661935,0.529575630762884,-0.5106645600693476,1.3884521372609016
134,robotC,0.05,0.0,,,robotC,2.0,0.35926598409869337,-0.5139339315255788,0.8986194012720479,-0.33421788019273424,0.6244820877176847,0.6013531695744778,0.40579397685081464,1.513676682572473
134,robotD,0.0,0.5,,,robotC,2.0,0.17971018111237336,-0.7072927731233097,0.2503153165095509,-0.25328271012094594,-0.6759094718981165,0.2899732647678228,0.41441695479509344,1.0326752083167934
135,robotA,0.0,0.0,,,,,0.09372509005520559,0.1463158954275024,0.6229358446908022,,,-0.49934449137538267,-0.5420026388805991,-0.15873968948263645
135,robotB,0.0,0.0,,,,,0.12845247883434763,0.35083212044264367,0.9603137363135713,,,0.5366945071168112,-0.47645635930250896,1.3635844345959591
135,robotC,0.05,0.0,,,,,0.3578413346371335,-0.564451537184505,0.8984216503279081,,,0.6041584487095061,0.45465765151470044,1.5133284435083199
135,robotD,0.05,0.0,,,robotD,3.0,1.0702304859142298,-0.7354398470165607,0.27955784220573715,-0.6167346651468374,0.21087922713631999,0.30437089026979786,0.4519180943214247,1.187260965206
136,robotA,0.0,0.0,,,robotA,2.0,0.08731822061714255,0.16648274625960183,0.6143137963939823,0.14988512570281237,0.51518408256769,-0.4996283604781561,-0.5419522344055846,-0.15727843589595084
136,robotB,0.0,0.0,,,robotB,3.0,0.08922983234666852,0.30190268132980114,0.9626086998788509,0.3404277789172016,0.7897834838165363,0.5367074518035315,-0.4763905441620311,1.363658944257859
136,robotC,0.0,0.0,,,,,0.39184405487266155,-0.6145952530694969,0.8982160682859989,,,0.6052639476256254,0.4739101421322313,1.7890014725028374
136,robotD,0.0,0.0,,,robotC,2.0,0.20702212394041272,-0.7273881358760351,0.3858477077732112,-0.32880857864444685,-0.6504216706427632,0.30189418238000554,0.4539124188448831,1.218027989359921
137,robotA,0.0,0.0,,,,,0.10052850166036889,0.16646211340950937,0.6143364054081095,,,-0.4993579793223399,-0.5419764822605414,-0.1572542371434814
137,robotB,0.0,0.0,,,robotB,3.0,0.17706273871237765,0.30187810443084623,0.9625988073191811,0.34662332320646,0.8012264734419078,0.5366890040571789,-0.47649054256488066,1.3636568420056117
137,robotC,0.0,0.0,,,,,0.4136912765220519,-0.3607942543583203,1.0373188213142188,,,0.5958767208447608,0.4602399719417002,1.739532110219159
137,robotD,0.0,0.0,,,robotD,3.0,1.1189971516698853,-0.7373311265762648,0.39133835607961587,-0.612694666816452,0.3294452166631548,0.3017597626474263,0.4535628673123321,1.2180201240349045
138,robotA,0.0,0.0,,,robotA,2.0,0.10049526254531164,0.16635605285892,0.6143203844589211,0.1535362314579859,0.5168484490578691,-0.4995057819516873,-0.5419546149541867,-0.1572632672848919
138,robotB,0.0,0.0,,,robotB,2.0,0.1674471843559651,0.30193532034021336,0.9626003931085222,0.2550840238152833,0.7750329096434524,0.5367153536007606,-0.47635976630256127,1.363657684113991
138,robotC,0.0,0.0,,,,,0.4000441460938849,-0.41834453323100723,1.015580572849708,,,0.5931772189555757,0.4564323203593028,1.7348369757124422
138,robotD,0.0,0.0,,,robotC,2.0,0.1390505820965445,-0.7372072164996941,0.39134585763532886,-0.34191863677226086,-0.6603826450698683,0.30190186210019637,0.4539617865430433,1.218040405521867
139,robotA,0.0,0.0,,,,,0.09831304059851967,0.16639082493390658,0.6143174871073697,,,-0.4995181309769569,-0.5419532858906582,-0.15726495326551157
139,robotB,0.0,0.0,,,robotB,3.0,0.19331357922219258,0.30186430585765944,0.9626008843185835,0.34647391753098467,0.8008871419911279,0.5366913354410088,-0.47648251169264066,1.363649879131466
139,robotC,0.0,0.0,,,,,0.39919953447048834,-0.42271543731136746,1.0137486425428954,,,0.5931570114947772,0.45655048510706,1.7348389595684315
139,robotD,0.0,0.0,,,robotD,3.0,1.1236309764840564,-0.737399761850005,0.39134985467603,-0.6114354080908403,0.32872779766601457,0.3017946181514405,0.45366086868581845,1.2180275834274203
140,robotA,0.0,0.0,,,robotA,2.0,0.09831984414017657,0.16643126318120272,0.6143190082468153,0.15597899965667383,0.5163740635474506,-0.49936355236987023,-0.5419745223689227,-0.15725417279465426
140,robotB,0.0,0.0,,,,,0.16774171734350463,0.301919210747269,0.962603442470595,,,0.5367081232697823,-0.47639891446067884,1.3636498332214404
140,robotC,0.0,0.0,,,,,0.39921819217097254,-0.42278848203363845,1.0137511636148069,,,0.593197354183067,0.45631450306668886,1.7348358925161624
140,robotD,0.0,0.0,,,robotC,2.0,0.14054872395895282,-0.7372628869634297,0.39134879547871293,-0.33746153878784246,-0.659195213167232,0.30186329106794646,0.4538584072077614,1.2180384122886194
141,robotA,0.0,0.0,,,robotA,2.0,0.09848632705668334,0.1663304387457898,0.6143148840764839,0.15331177472735583,0.5160857036864767,-0.49961418954905307,-0.5419346851770821,-0.15726750350376978
141,robotB,0.0,0.0,,,robotB,3.0,0.16775233606176626,0.3018806355540469,0.9626038246701425,0.34396957677608925,0.8015908403290684,0.5367023471926653,-0.47642872558896177,1.3636465860895344
141,robotC,0.0,0.0,,,,,0.3991877095012603,-0.4226631490175777,1.013748399950536,,,0.593148230128339,0.4565778262179929,1.7348434777005501
141,robotD,0.0,0.0,,,robotD,3.0,1.1240793601765264,-0.7373482605237749,0.39134989188735725,-0.6093788243137387,0.3276946405267075,0.3018364615831849,0.45378553177039693,1.2180361348985544
142,robotA,0.0,0.0,,,,,0.09910565653003026,0.16647160873210531,0.6143137542892233,,,-0.49933805454372265,-0.5419730728427457,-0.15724902072502203
142,robotB,0.0,0.0,,,robotB,2.0,0.1664227199698398,0.30188587248846904,0.9626047638126971,0.2567452194361817,0.7806019805831086,0.5366985458981941,-0.4764496371301057,1.3636441325559374
142,robotC,0.0,0.0,,,,,0.39921640537823994,-0.42279154252558354,1.0137486347828923,,,0.5931877832844077,0.45636322554492925,1.7348448394022684
142,robotD,0.0,0.0,,,robotD,3.0,0.14291723087046757,-0.7373372433132683,0.3913497886831869,-0.6097964919050896,0.32782264833260066,0.30180502223188077,0.45369531641765226,1.2180323830179074
143,robotA,0.0,0.0,,,robotA,2.0,0.09908339770376562,0.16633668671794494,0.6143092821600794,0.1540597397204763,0.518678096613026,-0.4995737548894113,-0.5419375432034614,-0.15726133801765488
143,robotB,0.0,0.0,,,robotB,3.0,0.18752250500085849,0.30190440427112913,0.9626056561142364,0.344623862474076,0.8030449930870844,0.5367110942347246,-0.4763852488875673,1.3636451927937183
143,robotC,0.0,0.0,,,robotC,3.0,0.3991962663923007,-0.42268838447845386,1.0137514404453085,-0.2691942544292457,0.7064659980065169,0.5931718166984798,0.4564404546937101,1.7348553206874315
143,robotD,0.0,0.0,,,robotD,3.0,0.14242237489821397,-0.7372658304725824,0.39134981257604295,-0.6089516645474488,0.3274583700496291,0.3018813414263823,0.45391200410146926,1.218041250150983
144,robotA,0.0,0.0,,,,,0.09642937483806067,0.16643722107602957,0.6143097978786217,,,-0.4994867737680367,-0.5419442808728666,-0.15725021852209456
144,robotB,0.0,0.0,,,robotB,3.0,0.16519032346729365,0.3018644449718939,0.9626052487339818,0.3427933603556002,0.7989420670539276,0.536693636521399,-0.4764737292581661,1.3636411864214406
144,robotC,0.0,0.0,,,,,0.34349326163884125,-0.4226931740929459,1.013753652254725,,,0.5931447377100149,0.4565997049710525,1.7348557409634904
144,robotD,0.0,0.0,,,robotD,3.0,0.14345535824236658,-0.737393609323878,0.3913497359021008,-0.6074737136911409,0.3266879174524082,0.3017787148805833,0.4536258282917879,1.2180315788151805
145,robotA,0.05,0.0,,,robotA,2.0,0.09642284664841935,0.16643014166916256,0.6143041313076245,0.1563770363586915,0.5177558700922373,-0.4648267443115106,-0.5474483360039851,-0.15773172802164398
145,robotB,0.05,0.0,,,robotB,2.0,0.16869342504759285,0.3019097010661997,0.9626063516654335,0.25624379717847606,0.778637812570669,0.5379654913538046,-0.47041735148872166,1.3636000343618928
145,robotC,0.0,0.0,,,,,0.3435417505547981,-0.42280256849730813,1.013753193026782,,,0.5931647150697494,0.4564805965847656,1.734867449664114
145,robotD,0.0,0.0,,,robotD,3.0,0.1449805338143366,-0.7372357074402106,0.3913499632239147,-0.6103412793835249,0.3213044015692996,0.3018764848119024,0.4539034623567224,1.2180430171172165
146,robotA,0.05,0.0,,,robotA,3.0,0.10068362168566984,0.1280485228265975,0.6143720540202162,0.12452467393611602,0.5169973523966018,-0.4146877318725273,-0.5554333234094863,-0.157878643750071
146,robotB,0.05,0.0,,,robotB,3.0,0.18782057643979955,0.2940125595469227,0.9626217507917387,0.3810157262149748,0.8376338505346678,0.546023235791953,-0.43167878699184103,1.397259265807315
146,robotC,0.0,0.5,,,,,0.34349946606701515,-0.42269984215340023,1.0137572567917064,,,0.5931101023664784,0.4565456904291044,1.7528630596531554
146,robotD,0.05,0.0,,,robotD,3.0,0.14506638748619052,-0.7373762596801916,0.3913498907839454,-0.6109352460854972,0.3322282122104414,0.31389507689240925,0.48652468741875055,1.2177237900326328
147,robotA,0.0,0.5,,,robotA,2.0,0.10789600031285788,0.07810826987036563,0.6143989145869343,0.08418159647149354,0.5181529952014642,-0.37453925095147217,-0.5618206529240722,-0.1375379051565947
147,robotB,0.05,0.0,,,robotB,3.0,0.13136999272006608,0.30773098975007507,0.9466633070523466,0.24593624876670134,0.8886866153542178,0.550825803335034,-0.3833234175568037,1.4693929244518436
147,robotC,0.0,0.5,,,,,0.3423964015108539,-0.39859380042496334,1.0234692365762261,,,0.5936221824448015,0.4548429298570218,2.2589853661844743
147,robotD,0.0,0.5,,,robotD,3.0,0.1742178800260443,-0.7749047710629836,0.3910998063745765,-0.6405383137862583,0.3283899957210154,0.3204231172286284,0.5044783289919915,1.5144177130750183
148,robotA,0.05,0.0,,,robotA,2.0,0.09597802543316718,0.06511209578728241,0.6122175236364941,0.050246645458611204,0.5142050656066205,-0.3359440589690165,-0.5602360104964267,0.009233810523443053
148,robotB,0.05,0.0,,,robotB,3.0,0.07348832733636658,0.3073201517504462,0.9290914505745125,0.5202305895857164,0.7278753581658061,0.5558693861434836,-0.3325102162931297,1.4718191253558708
148,robotC,0.0,0.5,,,robotC,2.0,0.5735353023936802,0.1608334425153881,1.0859642495865531,0.05776623298439125,0.7261363145616633,0.5861076829679638,0.47863515930488254,2.7789445393190784
148,robotD,0.0,0.5,,,robotD,3.0,0.2870264433318736,-0.6328797136002795,0.6153142453321916,-0.571295825902514,0.4529393758826611,0.3229950058913144,0.5206911873114448,1.9090122068548598
149,robotA,0.05,0.0,,,,,0.09923113149676588,0.10497380121975687,0.5969803993747409,,,-0.3001259670819235,-0.5580113508222571,0.0437677421977831
149,robotB,0.05,0.0,,,robotB,3.0,0.3315206094127955,0.2568576135836517,0.9292222974950325,0.30278311443585304,0.7810329340026817,0.560736738197234,-0.2835409346180914,1.4715366947446424
149,robotC,0.0,0.5,,,robotC,2.0,0.6201016362870257,0.658853987497106,0.8785159414830768,0.3781708729007422,0.6101884282093331,0.5809815993845757,0.4864912467619882,-3.01419523958874
149,robotD,0.0,0.5,,,robotD,3.0,0.4108113997405797,-0.36656157281526824,0.8090993003121538,-0.3703077319027525,0.6357231149201916,0.32091538688807386,0.5370856021353203,2.420527486630902
150,robotA,0.05,0.0,,,robotA,2.0,0.0823077696137874,0.06055497371843432,0.5958647699122572,0.07100852267174644,0.4990649836724292,-0.25125377560360734,-0.5558698755891321,0.04344292847399808
150,robotB,0.0,0.5,,,robotB,3.0,0.17670702435106161,0.20662922506671894,0.9292888007135645,0.19843084000866426,0.7644216004135906,0.5649631498977002,-0.27091248687293096,1.4564069903760035
150,robotC,0.0,0.5,,,,,0.6329321052834661,0.994905590317499,0.46791637110944495,,,0.5814899998801629,0.4674660577392242,-2.5506133760770355
150,robotD,0.05,0.0,,,robotD,3.0,0.48478976386019307,0.04448305494538449,0.8866607930188088,-0.0023235085134880127,0.7326971743270347,0.33973842216228267,0.5255375133546942,2.8834732273162245
151,robotA,0.05,0.0,,,,,0.11414473049191452,0.01052742091539459,0.5958691975755936,,,-0.20002274204490458,-0.5536395400557779,0.04311737293690573
151,robotB,0.05,0.0,,,robotB,3.0,0.16937064268175822,0.1592596735275175,0.929200343942415,0.1599900419035513,0.7646107436130509,0.5649551324922553,-0.2313846663592977,1.5495045610770761
151,robotC,0.05,0.0,,,,,0.9803768203926438,1.0994044583854095,-0.05386038410202229,,,0.5758022222248201,0.48671416793884276,-2.051178399069883
151,robotD,0.05,0.0,,,robotD,3.0,0.4528034331216557,0.4493582861389307,0.7645484761266164,0.34721524147034594,0.6433553135821347,0.2987234186648855,0.53090023913858,2.8844301113292263
152,robotA,0.05,0.0,,,robotA,3.0,0.14711336510086803,-0.0397805766000864,0.5958540206230944,-0.012852236315581201,0.5374326586257248,-0.1509050020826353,-0.5515310329542426,0.04272583862540169
152,robotB,0.05,0.0,,,robotB,3.0,0.15141193283855428,0.20581460097665463,0.908921807609068,0.18613539021466818,0.6766108053656649,0.5651535196974613,-0.18211481910102117,1.5687803744914484
152,robotC,0.05,0.0,,,,,1.3026054712182502,0.9454740448828552,-0.5623933918385272,,,0.5583084121309423,0.4219826169429175,-2.078483575103762
152,robotD,0.0,0.5,,,robotD,3.0,0.13086382600774873,0.4075460001770717,0.7594825735655562,0.3681594008937963,0.6072124908178566,0.247403197111878,0.5467229405622759,2.9196709000945456
153,robotA,0.05,0.0,,,robotA,3.0,0.0967368343484693,-0.08997415579536333,0.5958297874551217,-0.05783293998751822,0.5368998593492046,-0.10166997994091266,-0.5494326748925032,0.04247139401945887
153,robotB,0.05,0.0,,,robotB,3.0,0.22958547284334666,0.17012051845205578,0.9056370336084802,0.16060130099700715,0.6691443364006906,0.5652600517768595,-0.1311190129969266,1.568489324455834
153,robotC,0.05,0.0,,,,,1.2793617585244224,0.8976257896455536,-0.5589707135007865,,,0.5364302323066756,0.37526407065198236,-2.081994171095831
153,robotD,0.05,0.0,,,robotD,3.0,0.15262573044713326,0.3590600698691648,0.7595667351611801,0.3245591223673906,0.599186073268377,0.21934883966407656,0.5467042006358099,3.0858336042846526
154,robotA,0.05,0.0,,,robotA,3.0,0.10116898652455657,-0.14008848867292262,0.5957996772170806,-0.10035072249553535,0.5370148722776652,-0.07638521924438531,-0.5711762251411945,0.011877568954644056
154,robotB,0.05,0.0,,,robotB,3.0,0.24001964755078856,0.1198449433152746,0.9056783731034946,0.12665325568375285,0.6585190843491731,0.5653808520388789,-0.08186369508895311,1.5681727651928459
154,robotC,0.05,0.0,,,,,1.2596540488603194,0.848186988340419,-0.5584916708927234,,,0.5113247054642841,0.3304841074596694,-2.0823636975504916
154,robotD,0.05,0.0,,,robotD,3.0,0.1522014989650823,0.44676508654310737,0.6899109243682899,0.4138701014694556,0.5191854106839076,0.1843228837234264,0.5529673438206129,3.0812553471304995
155,robotA,0.0,0.0,,,robotA,3.0,0.05139134559640693,-0.1909310175623901,0.5957360308262655,-0.15271767854349227,0.5613730984246773,-0.06232062056952889,-0.5710123798592797,0.011780415762957129
155,robotB,0.0,0.0,,,robotA,3.0,0.5808278582717791,0.06907625004129403,0.9057101582599667,0.0787766942489936,0.324963309515391,0.5773888166513854,-0.06912454818991469,1.5604612014285908
155,robotC,0.05,0.0,,,,,1.241453658699814,0.7977102878154883,-0.5582266804023908,,,0.4873110831799592,0.2877360116519122,-2.0827381383025445
155,robotD,0.05,0.0,,,robotC,3.0,0.49075662845578283,0.41677992529706026,0.6765648895339998,-0.0365919357100577,0.48869252855391915,0.13348637105585281,0.5560431841448754,3.0808229746584583
156,robotA,0.0,0.0,,,robotA,3.0,0.060197888570408496,-0.20215381344930358,0.5957221064730873,-0.15675616674488774,0.5261274747641786,-0.06208425004779142,-0.571006319373524,0.011792413865799468
156,robotB,0.0,0.0,,,robotB,3.0,0.5830052283180048,0.02757868400706219,0.9057161485040576,0.050902046266427865,0.6497142863492229,0.5773907741624954,-0.06918058598827377,1.5602699819761114
156,robotC,0.0,0.0,,,,,1.2254286872840359,0.7485316903183171,-0.5579332831463207,,,0.4652696450863575,0.24851477712082987,-2.0830149295306675
156,robotD,0.0,0.0,,,robotD,3.0,0.44522218022229726,0.366974316157783,0.67672728628567,0.3152618064938607,0.5176673598955411,0.11931296802131751,0.5569061997004845,3.0806705664714924
157,robotA,0.0,0.0,,,robotA,3.0,0.08315399750318675,-0.2022665886086788,0.5957219343320188,-0.157956835273288,0.5229584128200312,-0.062352870342557605,-0.5710124635520284,0.01177943643214733
157,robotB,0.0,0.0,,,robotB,3.0,0.2570786572514508,0.027458305023239392,0.9057217608704394,0.04925808679143282,0.6518825797697059,0.5773910002982079,-0.0690938463026824,1.5602535978990355
157,robotC,0.0,0.0,,,robotC,3.0,1.2130344618571305,0.7058331527205378,-0.5577542227955493,0.5204906532650354,-0.44191458310649656,0.4652330166304902,0.24844733897455062,-2.082978184839843
157,robotD,0.0,0.0,,,robotD,3.0,0.16391509576149121,0.35465914002922666,0.6767774121512109,0.3020662979446667,0.5203503903900594,0.1191142847709397,0.5569164854611457,3.0806623121182795
158,robotA,0.0,0.0,,,robotA,2.0,0.08514397831417161,-0.20217104119155457,0.5957224220428691,-0.152717383964116,0.5079438043472921,-0.06190486349096396,-0.5709999303061166,0.011808565777467108
158,robotB,0.0,0.0,,,robotB,3.0,0.25477889316473334,0.027398427781312917,0.9057219772441876,0.04931876829473356,0.6538210373432718,0.5773912629236382,-0.06915917268094957,1.5602480514939836
158,robotC,0.0,0.0,,,robotC,3.0,0.2185063742523199,0.7057516416599897,-0.5577739882828545,0.521703889041693,-0.4350166028748677,0.465385858270984,0.24872367924686828,-2.0829992189755546
158,robotD,0.0,0.0,,,robotD,3.0,0.164989423617057,0.35453341575380953,0.6767751692912624,0.3089664309364259,0.5266322747916611,0.11938838991039037,0.5569025280495692,3.0806776270504272
159,robotA,0.0,0.0,,,robotA,3.0,0.1008318562717806,-0.20233717610021434,0.5957215889376053,-0.15814573777644547,0.5235057827973955,-0.062353553928293996,-0.5710117349806143,0.011791095075609435
159,robotB,0.0,0.0,,,robotB,3.0,0.25285126747514614,0.027423696508605995,0.9057225444750636,0.049080981857929536,0.6517580250802503,0.5773910922359393,-0.0691259166687472,1.560249968570227
159,robotC,0.0,0.0,,,,,0.22137451245888462,0.7059375080765589,-0.5577547321734877,,,0.4650987322103154,0.24820746674308503,-2.0830015548073337
159,robotD,0.0,0.0,,,robotD,3.0,0.15694760303197436,0.3546688597026338,0.6767783306917476,0.30391301959195843,0.5230973067722658,0.11909669079835646,0.5569167327368212,3.0806619019289156
160,robotA,0.0,0.0,,,robotA,2.0,0.08457190949620728,-0.2021579625125006,0.5957230380042894,-0.15179763949895933,0.5047615966847551,-0.061954108772193914,-0.5710024641795672,0.011810228511142004
160,robotB,0.0,0.0,,,robotB,3.0,0.2548869308850841,0.027414250760581793,0.9057223932494343,0.049223307475587064,0.6538663026865638,0.5773911106882269,-0.06912157004683508,1.5602509599457917
160,robotC,0.0,0.0,,,robotC,3.0,0.22111869206117438,0.7056288401707704,-0.557756524379694,0.5198565953065721,-0.4417802732602132,0.4653733176655809,0.2487020243043201,-2.083018973555494
160,robotD,0.0,0.0,,,robotD,3.0,0.16179995614698545,0.3545298375737841,0.6767760741624331,0.30268318043211706,0.5211433720468334,0.1193042402361464,0.5569064988784547,3.0806728437188715
161,robotA,0.0,0.0,,,robotA,3.0,0.10404571012853091,-0.20231201909908633,0.5957220674935881,-0.15736232224357513,0.5209152855495359,-0.062301193332872824,-0.5710093360341613,0.01179634298696121
161,robotB,0.0,0.0,,,robotB,3.0,0.2527990537417844,0.027406986491976683,0.9057222331537294,0.04924750859651064,0.6528686047705784,0.5773912583554905,-0.06915843126386359,1.5602502396124487
161,robotC,0.0,0.0,,,,,0.21925316105046874,0.7059308899570779,-0.5577471025733386,,,0.4651175718692382,0.24823516568679987,-2.0830172284747763
161,robotD,0.0,0.0,,,robotD,3.0,0.16407017898810156,0.3546161711265837,0.676777520326432,0.30393715835767027,0.5233880303161986,0.11927991744200657,0.5569053440123017,3.0806723000947573
162,robotA,0.0,0.0,,,robotA,3.0,0.08720473977579621,-0.2021789714803381,0.595722601973488,-0.15975117132355282,0.5181413919671409,-0.06204402743093177,-0.5710029742131224,0.011809441411633039
162,robotB,0.0,0.0,,,robotB,3.0,0.25379360049381944,0.027429727234827554,0.9057226655805053,0.04934245647501183,0.6554560974007692,0.5773912004298232,-0.06910548853881897,1.560253518551383
162,robotC,0.0,0.0,,,robotC,3.0,0.2190192498046619,0.7056552439302671,-0.5577470527904115,0.5133217361647018,-0.43600373473791043,0.46537555440963063,0.2487007329261544,-2.083035748407812
162,robotD,0.0,0.0,,,robotD,3.0,0.16154992222998418,0.35463755218714854,0.6767759289198685,0.30842224129323853,0.5257013958268367,0.11903871967183992,0.5569175505466342,3.0806560416238433
163,robotA,0.0,0.0,,,robotA,3.0,0.0884650730265982,-0.20226338864573867,0.5957221919369312,-0.1579430784763931,0.5230441259859306,-0.062227508717513716,-0.5710071092166151,0.011801929110920345
163,robotB,0.0,0.0,,,robotB,3.0,0.251225895673858,0.027402912786647513,0.9057221699713006,0.049318160797102065,0.6506781536573566,0.5773912568453217,-0.06916072807145747,1.5602521595804768
163,robotC,0.0,0.0,,,,,0.22785714017713174,0.705935005805945,-0.5577370690708318,,,0.4651347620349061,0.2482593863094275,-2.083033124383715
163,robotD,0.0,0.0,,,robotD,3.0,0.15793745885286464,0.35447514905725813,0.6767754524857449,0.3031136863796972,0.521896570458171,0.1191835862181868,0.5569098954276059,3.0806609596551393
164,robotA,0.0,0.0,,,robotA,3.0,0.08510593596318261,-0.20222483478811623,0.595722502372023,-0.15818802041137228,0.5234362363411306,-0.062186745940975646,-0.5710062680486436,0.011804856171287714
164,robotB,0.0,0.0,,,robotB,3.0,0.2559818101364463,0.0274301727310059,0.9057224696088203,0.049136077797074726,0.652541076245108,0.5773910791584766,-0.06911781257895801,1.5602551906883393
164,robotC,0.0,0.0,,,robotC,3.0,0.2276432755057012,0.7056809400574124,-0.5577386827221569,0.5187811262096643,-0.44072531270441817,0.4653695811040548,0.24868311181044278,-2.08304732433498
164,robotD,0.0,0.0,,,robotD,3.0,0.16320912220136752,0.354589249929674,0.6767755035864478,0.30530083635834454,0.5254960116032787,0.11914495998515788,0.5569102516543618,3.0806555944114615
165,robotA,0.05,0.0,,,robotA,3.0,0.08462785238003545,-0.2021935201399218,0.5957230912464153,-0.15797212665567437,0.5231755067293913,-0.02712516710911958,-0.5705969722942286,0.011507889338267104
165,robotB,0.05,0.0,,,robotB,3.0,0.2541112048924784,0.027413908542282032,0.9057221415220621,0.04918352622488208,0.6533303024877267,0.5774557098717316,-0.06302985011008126,1.5602467985759552
165,robotC,0.0,0.0,,,,,0.22071150544295412,0.7059258673818973,-0.5577313573622611,,,0.46515728871892403,0.24829822165437027,-2.0830463502609486
165,robotD,0.0,0.0,,,robotD,3.0,0.15908133966896387,0.3545099672402841,0.676775005745613,0.3008011494771908,0.5180417497225609,0.11919883810316069,0.5569065686456396,3.080654723369873
166,robotA,0.05,0.0,,,robotA,3.0,0.11010881282271522,-0.24086440228884234,0.5956518566759954,-0.184346278026463,0.5225260177933846,0.02366990727699228,-0.5700200170463243,0.011304437732765193
166,robotB,0.0,0.5,,,robotB,3.0,0.2541696687089767,0.019183569241977033,0.9057232957990602,0.05008388292706817,0.6432523524239991,0.5775844097172452,-0.043990837205419464,1.838166313571195
166,robotC,0.0,0.5,,,robotC,3.0,0.22053377450843584,0.7057169305359521,-0.5577302303780848,0.5113357096411353,-0.44168934431595624,0.46538059281547484,0.24863710053020138,-2.072623167855981
166,robotD,0.05,0.0,,,robotD,3.0,0.16759966389599426,0.3545863364569102,0.676776752162498,0.3092390936539355,0.5213270921029226,0.08424219468320843,0.5590465704067991,3.080342126803053
167,robotA,0.05,0.0,,,robotA,3.0,0.12915300313705624,-0.2908420989097378,0.5955954255761079,-0.22359697703708437,0.5223711682300842,0.07324556524194646,-0.5694641451769178,0.010920377797415498
167,robotB,0.0,0.5,,,robotB,3.0,0.3153556184751744,0.27710802950739855,0.8621340624258456,0.18284748468699696,0.7209033722263101,0.5856395544436148,-0.04695627150900403,2.293966505887639
167,robotC,0.0,0.5,,,,,0.2249971227963053,0.6964534787405984,-0.569576469665827,,,0.4657962362012519,0.25004838044995337,-1.5733129140314006
167,robotD,0.05,0.0,,,robotD,3.0,0.15572030644264748,0.3163957405393736,0.676882857807538,0.2775140362968218,0.5184244859971432,0.03342453382404598,0.5621719399252441,3.080100003111332
168,robotA,0.05,0.0,,,robotA,4.0,0.1384950769556077,-0.34122622209598236,0.5954755254724088,-0.3154760431425814,0.6393658036444255,0.12219632268859718,-0.5689377510428639,0.010630019440195327
168,robotB,0.05,0.0,,,robotB,3.0,0.46365357834377097,0.639723674155961,0.6419173721547617,0.44743531433678924,0.47924755080600223,0.6025773972514373,-0.03253175806155323,2.7773776687320137
168,robotC,0.0,0.5,,,robotC,3.0,0.43737153338154555,0.3282072427168085,-0.838876734365628,0.29007169888941164,-0.5879189176267173,0.49818950867891654,0.2832292347835258,-1.0616252081567257
168,robotD,0.05,0.0,,,robotD,3.0,0.158930582333908,0.2663154732937648,0.6769600409608852,0.23503401316485062,0.5268956487217186,-0.01587064963468245,0.5652188209161979,3.079670054359955
169,robotA,0.05,0.0,,,robotA,3.0,0.08760193638123555,-0.39122461254637236,0.5953629231589266,-0.30815527631757417,0.5249079562173297,0.15959825626529658,-0.5774054083445258,-0.0006116835843171811
169,robotB,0.05,0.0,,,,,0.4650388345116124,0.863328975469591,0.27117645662549594,,,0.5584419968389251,-0.01047891826995824,2.7886270094841623
169,robotC,0.0,0.5,,,,,0.48083657455546086,-0.0770693378120271,-0.8984205611006644,,,0.5110223626496991,0.29253680668820903,-0.6418104713389735
169,robotD,0.05,0.0,,,robotD,3.0,0.15137666890098,0.21593220364907564,0.6770622787058131,0.1947495506131217,0.5256289699953915,-0.049130625088457884,0.5754227782811085,3.069625088198227
170,robotA,0.05,0.0,,,robotA,4.0,0.1508074980359977,-0.4415601142408354,0.5952361204372627,-0.42410395795655953,0.656326769036444,0.20865096948664275,-0.5774468691279537,-0.0010112308151591543
170,robotB,0.05,0.0,,,robotB,3.0,0.42418553392641634,0.8144985200853495,0.26664940834462264,0.5123496006077789,0.20849210269406832,0.5152471518069162,0.0038786456589789894,2.7811727501633494
170,robotC,0.05,0.0,,,,,0.7519664967208627,-0.4341759489482842,-0.7902032640112366,,,0.5332780094455067,0.31189711934508435,-0.27288104707299
170,robotD,0.05,0.0,,,robotD,3.0,0.15420871680599132,0.1658968407368374,0.6771144461036488,0.15100243552479867,0.5297194009830041,-0.10023066913412282,0.5791139899693428,3.069217384567654
171,robotA,0.05,0.0,,,robotA,3.0,0.09123906427089729,-0.4917028721266711,0.595049092415583,-0.38551575652426245,0.5220573872574281,0.25974569850065765,-0.5775046059243948,-0.0012830695641556156
171,robotB,0.05,0.0,,,robotB,3.0,0.25874789425756567,0.7643637145851112,0.26713815233890453,0.4683616638146479,0.2157171721978376,0.4690527681612451,0.02129724328755925,2.7808251144091454
171,robotC,0.0,0.5,,,,,0.9669478997117651,-0.676364762065444,-0.6193642303783435,,,0.5346573889135499,0.30068811684535074,0.04749972976187054
171,robotD,0.05,0.0,,,robotA,3.0,0.15166600706874844,0.11548101318419657,0.6771670400115021,-0.42035680519154284,-0.2620016273250601,-0.1490533415063434,0.582661464524947,3.068915351537402
172,robotA,0.05,0.0,,,robotA,3.0,0.17250374268723898,-0.5418804526146995,0.5949108227128023,-0.4215390839269437,0.5164700957524826,0.30911096212560657,-0.5775774713704522,-0.0016951552077887563
172,robotB,0.05,0.0,,,,,0.25124070686987265,0.7142316536567839,0.2673876752290761,,,0.4230157782160464,0.038675205940039786,2.780546778997329
172,robotC,0.0,0.5,,,,,1.1849464516543116,-0.8638973409136745,-0.31874694942778464,,,0.546263219080192,0.32923559120968493,0.3111456045325634
172,robotD,0.05,0.0,,,robotD,3.0,1.0574089303473115,0.06546394414353705,0.6771958202298974,0.07055150485677784,0.5363942460949684,-0.2002836469858932,0.5863969823523615,3.068596349270416
173,robotA,0.05,0.0,,,robotA,2.0,0.18771463325119137,-0.5921861899871436,0.5946771844970985,-0.42481409567540135,0.5000246636771566,0.3580477202511693,-0.5776718907827054,-0.001961425528195669
173,robotB,0.05,0.0,,,,,0.20258776325966565,0.6641961890945761,0.2675885567074061,,,0.37524411278444986,0.05672371970112412,2.7802079594828926
173,robotC,0.0,0.5,,,,,1.3296108761524221,-0.9361577019753418,-0.07388921183367642,,,0.5520099445668947,0.3314055986573283,0.8295110480070542
173,robotD,0.05,0.0,,,robotD,3.0,0.1513515413579278,0.015062585211854763,0.6772071321106303,0.030898432275171365,0.5405707719898575,-0.24906907379546475,0.5899765774258454,3.068239691031415
174,robotA,0.05,0.0,,,robotA,3.0,0.2369858610567154,-0.6421566877406485,0.5944942144072856,-0.4635918961344726,0.5086203413459375,0.39471588058828083,-0.5783155444399766,-0.003344630165559703
174,robotB,0.05,0.0,,,,,0.15474098876425538,0.6140747143711758,0.2677986516435117,,,0.329181643515289,0.0741446660795078,2.779902721856777
174,robotC,0.0,0.5,,,,,1.5054678983210248,-0.8506516250935591,0.3945188111868528,,,0.5445729375359193,0.3183852565017209,1.30680864659715
174,robotD,0.0,0.5,,,,,0.15169908513869818,-0.03500795100715564,0.6772051786177673,,,-0.28969090427933714,0.5826837695542552,3.0914803489733265
175,robotA,0.0,0.0,,,robotA,3.0,0.2446161114809602,-0.69273020049779,0.5942514073767263,-0.5120187224429353,0.5131396737112429,0.40851511484264136,-0.5783639817309262,-0.0034333367280739817
175,robotB,0.0,0.0,,,,,0.10899442937995425,0.5640059056836823,0.26798537125959504,,,0.30856739557703283,0.07059372834328573,2.7891167606961282
175,robotC,0.05,0.0,,,,,1.5849765758818082,-0.5676335372973175,0.7449323396078958,,,0.5603154672527395,0.3402556407281293,1.3884126299159782
175,robotD,0.05,0.0,,,robotD,3.0,0.17786138856833186,-0.08292619381555236,0.6772405493320411,-0.04826016153568051,0.4869208876903671,-0.3233847487022377,0.5716116506574235,-3.087701371978762
176,robotA,0.0,0.0,,,robotA,3.0,0.2083026605141859,-0.7038957023063152,0.5942150890712417,-0.5318997795436318,0.509025104668446,0.408946039460675,-0.578360092592961,-0.003425655605054641
176,robotB,0.0,0.0,,,,,0.07524439400517653,0.5223214223137016,0.268158218067748,,,0.3085373103480118,0.07060509060335741,2.789148456032392
176,robotC,0.0,0.0,,,,,1.610847242895844,-0.5298565205498578,0.7986403327886017,,,0.5570786508617172,0.3721207477229433,1.3864566580322122
176,robotD,0.0,0.0,,,robotD,3.0,0.1948491073893446,-0.0633804869277352,0.6811824392399795,-0.0290102984765086,0.49155577063256767,-0.3376834252689177,0.5706688262371074,-3.067707193840928
177,robotA,0.0,0.0,,,robotA,3.0,0.19216173957391752,-0.7041480118946146,0.59421125734619,-0.5357792531597598,0.5072889411872131,0.4085267609242097,-0.5783625240195814,-0.0034435092823984583
177,robotB,0.0,0.0,,,,,0.07522636851662139,0.5222971579322687,0.26815731897954115,,,0.3085495426907856,0.07060104363180218,2.7891488206674033
177,robotC,0.0,0.0,,,,,1.633059140249558,-0.5679057454174149,0.801597854712988,,,0.5570128535671617,0.3717494408358373,1.3865108541677273
177,robotD,0.0,0.0,,,robotD,3.0,0.1938279771908487,-0.06388111074604842,0.6822212137352933,-0.037081534918779455,0.4958836068263182,-0.3377640912074686,0.5706587839993967,-3.0676905807298933
178,robotA,0.0,0.0,,,robotA,3.0,0.18927956748079205,-0.7039199061915223,0.5942111792150513,-0.5349937560230407,0.5064844930413877,0.40893906590839324,-0.5783591856391599,-0.003430253517331201
178,robotB,0.0,0.0,,,,,0.07523122328688832,0.522304057486477,0.2681571867115184,,,0.308532594388473,0.07060697465131661,2.789148262877244
178,robotC,0.0,0.0,,,,,1.6329971228778142,-0.5677503815657505,0.8016208916665593,,,0.5570867386357552,0.37217741664741916,1.3865160384339354
178,robotD,0.0,0.0,,,robotD,3.0,0.18826327813790822,-0.06395779750138099,0.682218596575486,-0.03289230492000951,0.49722984319585944,-0.33755711771751556,0.5706763704128107,-3.067718194840905
179,robotA,0.0,0.0,,,robotA,3.0,0.18618645346499213,-0.7039165170385053,0.5942100663176877,-0.5377667669615319,0.5090469491168302,0.4084944645007838,-0.5783623924935228,-0.003446247749982504
179,robotB,0.0,0.0,,,,,0.07522981659541125,0.5223009047240635,0.26815841164824755,,,0.30854722519905375,0.0706019535937866,2.7891466125386204
179,robotC,0.0,0.0,,,,,1.6330987173770573,-0.5679490255756616,0.8016176443560972,,,0.5570284002796959,0.3718535024185461,1.3865096903259944
179,robotD,0.0,0.0,,,robotD,3.0,0.1875592445069513,-0.06383142499515927,0.6822196835898492,-0.03513268182659222,0.49737850680185736,-0.337827782831523,0.5706522979147994,-3.067679445680515
180,robotA,0.0,0.0,,,,,,,,,,0.40894544060336313,-0.5783593647636719,-0.0034317248161914986
180,robotB,0.0,0.0,,,,,,,,,,0.3085381714316029,0.07060516790235556,2.7891454934639155
180,robotC,0.0,0.0,,,,,1.6330285872078636,-0.5678176791701456,0.8016163218151248,,,0.5570610773193831,0.3720733952120399,1.3865080481502368
180,robotD,0.0,0.0,,,,,0.18743983851358265,-0.0639740476968559,0.6822172900099642,,,-0.33746082566991265,0.5706833226366184,-3.067733074592428
181,robotA,0.0,0.0,,,robotA,3.0,0.18691724279061192,-0.7041568477521949,0.594207953496307,-0.5360056546822551,0.5074333874473742,0.4084855969313927,-0.578361656972308,-0.003447080022856268
181,robotB,0.0,0.0,,,,,0.07522793638760743,0.5222977126965314,0.2681589975298089,,,0.30853999405232035,0.07060436145889136,2.789144178130583
181,robotC,0.0,0.0,,,,,1.6330692000740383,-0.5679065125274863,0.8016092040621963,,,0.5570485592985921,0.37198569663259484,1.38650397786848
181,robotD,0.0,0.0,,,robotD,3.0,0.1870522041615738,-0.0638092243141638,0.6822194735615603,-0.034849609041642304,0.4953660859170454,-0.3379886949186562,0.570639975119744,-3.0676669763869526
182,robotA,0.0,0.0,,,robotC,3.0,0.18901600870636692,-0.7039254321238169,0.5942089594204919,0.33872605895769575,0.9046160453960552,0.408916593667338,-0.5783594222159876,-0.003433756609252317
182,robotB,0.0,0.0,,,,,0.07522744633746456,0.522296475502346,0.26815956698172067,,,0.3085454681436824,0.07060235759423905,2.789142829761073
182,robotC,0.0,0.0,,,,,1.633066727745684,-0.5679026087061149,0.8016087088622176,,,0.5570335854695945,0.37190156667286356,1.386499497222381
182,robotD,0.0,0.0,,,robotD,3.0,0.18911770480645534,-0.0640538040075309,0.6822152798346428,-0.035254164132247044,0.49986862643617835,-0.3374624470786652,0.5706840173387582,-3.0677607795433888
183,robotA,0.0,0.0,,,robotA,3.0,1.0880735083396478,-0.704130716826541,0.5942071139017191,-0.5383079722327118,0.5098123439735572,0.40854261201094255,-0.5783615705458764,-0.0034467863196654177
183,robotB,0.0,0.0,,,,,0.07523089465608128,0.5223005817986166,0.26816029031140026,,,0.3085356280046966,0.07060572921264192,2.7891417357010404
183,robotC,0.0,0.0,,,,,1.6330269303902776,-0.5678301459714545,0.8016066776626299,,,0.557072300328479,0.3721203426252876,1.3865013686402905
183,robotD,0.0,0.0,,,robotD,3.0,0.18457408896252375,-0.06383423229389293,0.6822165741082629,-0.034883194045790517,0.495509985363127,-0.3379259051577947,0.5706433928872748,-3.067696415154342
184,robotA,0.0,0.0,,,robotA,3.0,0.18732643006300806,-0.7039729711758721,0.5942077575091634,-0.5373074291408043,0.508687067040084,0.40880008794900796,-0.5783582784862963,-0.003439683980412027
184,robotB,0.0,0.0,,,,,0.07522687449155856,0.522294402802897,0.26816087831205215,,,0.30854730303960504,0.07060164602905745,2.7891401146741632
184,robotC,0.0,0.0,,,,,1.6330938959705956,-0.5679599858191587,0.8016052099409154,,,0.5570227576797231,0.37183711524629265,1.3864970935437984
184,robotD,0.0,0.0,,,robotD,3.0,0.18728968261854573,-0.06403262366066091,0.6822127520897908,-0.037225501642259344,0.49685147397473756,-0.3375303397734446,0.5706763537657015,-3.067760905269179
185,robotA,0.05,0.0,,,robotA,3.0,0.1874049573527986,-0.704062406886561,0.5942054594326946,-0.5344687150803488,0.5060817294861361,0.44197110877112405,-0.5784788002023563,-0.003718934025281371
185,robotB,0.05,0.0,,,,,0.07523156333685382,0.5223001912960531,0.2681616511755598,,,0.3043891145653219,0.07213111662172542,2.7891227722095535
185,robotC,0.0,0.0,,,,,1.633016249023672,-0.5678106646872588,0.8016061522584753,,,0.5570680925724025,0.3721011537552252,1.3865006120768257
185,robotD,0.0,0.0,,,robotD,3.0,0.18726862851612008,-0.06387701187156836,0.6822139195477436,-0.03509300965340149,0.4981462519721801,-0.3378189523097908,0.5706498081133564,-3.0677185169461922
186,robotA,0.05,0.0,,,robotA,3.0,0.22475496623008032,-0.7413184284316845,0.5939907218108964,-0.5575318342977655,0.5170860985904503,0.49125189654343787,-0.5786603362707036,-0.003889308214248171
186,robotB,0.05,0.0,,,,,0.06933113295454368,0.5136735488217437,0.2681923003431251,,,0.2565570228315393,0.08973450891105084,2.788787454034393
186,robotC,0.05,0.0,,,,,1.6330789659684883,-0.5679325720995384,0.8016045906499247,,,0.557837131341528,0.37620544295789515,1.3864628861070996
186,robotD,0.05,0.0,,,robotD,3.0,0.1863182517971699,-0.06397943650133238,0.682211635183453,-0.038143845086895695,0.4967451585909331,-0.37252704572891543,0.5680882974070567,-3.0680676306019663
187,robotA,0.05,0.0,,,robotA,3.0,0.2460987937697068,-0.7913484643906862,0.5938610931322603,-0.6026644754183941,0.5162537503870072,0.5423809808540663,-0.5788740780096076,-0.004279396756328812
187,robotB,0.05,0.0,,,,,0.05284434667035651,0.4635978447766746,0.26834635614733715,,,0.2103346944556485,0.10676325994815827,2.7884374697083807
187,robotC,0.05,0.0,,,,,1.6371520396592036,-0.5757314510138957,0.8015600158507941,,,0.5672691458089305,0.4267854356284248,1.386273243437979
187,robotD,0.05,0.0,,,robotD,3.0,0.1962760868857756,-0.10245961569907759,0.6821845932690881,-0.05969890518213318,0.4955081900800823,-0.42177853355292183,0.564459799614166,-3.0682703563742035
188,robotA,0.0,0.5,,,,,0.2512121625057072,-0.8416937256459738,0.5935361424723646,,,0.5529363403610542,-0.5789107073529725,0.3268907605378053
188,robotB,0.05,0.0,,,,,0.07611446034431699,0.41352500790685454,0.26850308170366005,,,0.16245144868647954,0.12442242049068877,2.788108165018687
188,robotC,0.05,0.0,,,,,1.664247163824184,-0.626080448817185,0.8014636303237852,,,0.5762277651337209,0.4747156796356843,1.3858793092001036
188,robotD,0.05,0.0,,,robotD,2.0,0.2084854981735979,-0.1525895044135878,0.6821563605053897,-0.1006811204629708,0.5045243812994743,-0.47263498485436073,0.5607357816431122,-3.0686936354322634
189,robotA,0.0,0.5,,,,,0.3433699661072493,-0.5788265009327395,0.8587952582322825,,,0.5142164287225414,-0.5722359416803683,0.8214019929830338
189,robotB,0.05,0.0,,,,,0.11752995610447554,0.36341552381801945,0.26862840240209573,,,0.1162488099646195,0.1414800508257964,2.787747369629299
189,robotC,0.0,0.5,,,,,1.6920901109506374,-0.6761196693755516,0.8011970543019113,,,0.585552131292207,0.5245558965146265,1.3857386857402887
189,robotD,0.05,0.0,,,robotD,2.0,0.20489595247273107,-0.20293261021810796,0.6820827778414649,-0.13610365671872243,0.5087382006780152,-0.5216170636289322,0.5571662712188135,-3.068983539311502
190,robotA,0.0,0.5,,,robotD,2.0,0.7058498578503807,-0.11691494049673401,1.0283781602239075,0.5713893727942937,0.11836346417650835,0.5014720639435326,-0.5572172630719041,1.1427401302500457
190,robotB,0.05,0.0,,,,,0.16384713318886313,0.31333563806162024,0.26875314483368806,,,0.08490446101094068,0.1566610868651778,2.7787684249837628
190,robotC,0.0,0.5,,,robotC,3.0,1.719889831877163,-0.7233914647987766,0.8016542001477969,0.059080232747870796,0.7651881854825038,0.5853675214497993,0.5232990631072665,1.8395976477874258
190,robotD,0.0,0.5,,,robotD,2.0,0.2090249330601374,-0.25300325787819383,0.68201804915888,-0.17968208275640432,0.5167101077285877,-0.5200865619525274,0.5466143763890288,-3.0442498656319077
191,robotA,0.05,0.0,,,,,0.985442179657554,0.16761692186275498,1.0172873193038319,,,0.5184339088126215,-0.5260176747690617,1.290828758055776
191,robotB,0.05,0.0,,,,,0.21189119109796056,0.26323879736938055,0.2688442512271748,,,0.05293597121299644,0.17318558087180053,2.769372485318475
191,robotC,0.0,0.5,,,,,0.43316932794322793,-0.2726953612190667,1.043685262520439,,,0.5831877310531118,0.5277098438022062,2.358187250547747
191,robotD,0.0,0.5,,,robotD,2.0,0.1952291207993658,-0.2625235831013143,0.6934915983567008,-0.21691681890172734,0.5259462073663298,-0.5180576169554495,0.5470232682168431,-2.531976986962797
192,robotA,0.05,0.0,,,,,0.9058751929888635,0.28598373616041933,0.9781038248960826,,,0.5376570991775185,-0.46332940097050734,1.2952146581136017
192,robotB,0.05,0.0,,,,,0.2607110291713865,0.21313953956769358,0.2689328468292443,,,0.007026730853413219,0.19111820503686908,2.7690604992963848
192,robotC,0.05,0.0,,,robotB,3.0,0.34499616591776733,0.25759618111069277,1.0473473121177574,-0.2996150227042535,-0.20498778897061284,0.5600397340691405,0.5083973913221297,2.829344524524901
192,robotD,0.0,0.5,,,robotD,3.0,0.3981579547593346,0.12467129357484522,0.7305123784524328,0.05768209709012273,0.5683983460077301,-0.4795524184689574,0.5455972657533454,-2.0290404430310462
193,robotA,0.05,0.0,,,,,0.9015729118132355,0.26960256142615274,0.9679271379524333,,,0.5455223544583944,-0.42448429114068453,1.4021150309106871
193,robotB,0.05,0.0,,,robotB,3.0,0.30991324368231865,0.16306195929363457,0.2689929549614741,0.1174730653701852,0.18721808568318038,-0.04048749580714292,0.2096952880971869,2.7686906503771276
193,robotC,0.05,0.0,,,robotC,2.0,1.4215294435610883,0.6600662714842921,0.843705575409889,0.5004576386682154,0.6489645857098709,0.5087155274896186,0.4725391785582068,2.7197991997959603
193,robotD,0.0,0.5,,,robotD,2.0,0.39933160612504226,0.4567024918520268,0.5841608399239906,0.3247485759611872,0.47780531800911075,-0.48854665678995846,0.5247960214996559,-1.9014918810108332
194,robotA,0.05,0.0,,,,,0.8588841101932151,0.31806398294062654,0.9390388942936032,,,0.5545039738894623,-0.3747209927086915,1.3953124377561283
194,robotB,0.05,0.0,,,robotB,3.0,0.08195024683505889,0.11294894998573254,0.26904335889577186,0.08272113574427188,0.18905328030902938,-0.08636305257533441,0.2276512959829991,2.7683691515843645
194,robotC,0.05,0.0,,,robotC,3.0,0.23326525405999224,0.5745161833045106,0.8701613549404059,0.454108343822301,0.6452797793106918,0.4880640031022687,0.47806107760162975,3.058847348604366
194,robotD,0.05,0.0,,,robotD,2.0,0.15772694054578557,0.4712563664655975,0.5362283878997767,0.3725540666465125,0.39545432505361855,-0.49122752498134864,0.4934147405765977,-1.7109158139905178
195,robotA,0.0,0.0,,,,,0.8703244054162554,0.27533187909357976,0.936785440351886,,,0.5572938774975957,-0.35885828384937624,1.3953866541156241
195,robotB,0.0,0.0,,,robotB,3.0,0.0824435650926396,0.06287633978773637,0.2690728122910884,0.04738539739056139,0.19113446329297223,-0.1297376929023094,0.2446433719564155,2.768026234591842
195,robotC,0.05,0.0,,,robotC,3.0,0.3534465808149574,0.8074516722107776,0.6367370763931497,0.616449673209027,0.4819452948457879,0.44932509556568156,0.48396792739983885,2.9943513153771346
195,robotD,0.05,0.0,,,robotD,2.0,0.15901024344707412,0.5234140317562058,0.44570896114025105,0.420575593337035,0.3163415359668778,-0.5163996230665426,0.44828129305677317,-1.7108060991164264
196,robotA,0.0,0.0,,,,,0.8746592894527759,0.2627303560804584,0.9367511987053704,,,0.557279139030824,-0.35893087225816334,1.3953677830911233
196,robotB,0.0,0.0,,,robotB,3.0,0.08265759820771218,0.019890968500696153,0.2690853126885223,0.016571036016341172,0.19371379810231254,-0.11323895184766597,0.22170476382515586,2.7956971764806196
196,robotC,0.0,0.0,,,robotC,2.0,0.22116068316052778,0.7276208553200703,0.6731337255733416,0.5617768115098253,0.4906990568678451,0.4045753274164253,0.49055143560789505,2.993990011160574
196,robotD,0.0,0.0,,,robotD,2.0,0.13293662135099643,0.48397782500070113,0.4331846030110334,0.37058480891432966,0.3006347862486663,-0.5183462730685641,0.434207664891584,-1.710781976337513
197,robotA,0.0,0.0,,,,,0.8746854072437876,0.2626480722807144,0.9367480748592939,,,0.5572893080464244,-0.3588273127607848,1.3953710738415805
197,robotB,0.0,0.0,,,robotB,3.0,0.07544458827102919,0.01987982627764824,0.26908579427059637,0.015252995377171012,0.19286889903408413,-0.11327467026551216,0.2217169637806753,2.7956965818866997
197,robotC,0.0,0.0,,,robotC,3.0,0.2204294825348351,0.6853805586200902,0.6732128110642807,0.518607697047302,0.488647456382982,0.4048037500509235,0.4905154357572379,2.9941363466869784
197,robotD,0.0,0.0,,,robotD,2.0,0.1672114896215992,0.4725352184336047,0.4331708049768834,0.35442781826905995,0.29958898178044924,-0.5183758496268611,0.4339901158011309,-1.7107729192987409
198,robotA,0.0,0.0,,,,,0.874677721680137,0.2626599985170206,0.9367443597635929,,,0.5572953806463813,-0.35880028676645764,1.3953711815816474
198,robotB,0.0,0.0,,,robotB,3.0,0.07635556211063727,0.019858615051370144,0.2690854335436511,0.015080694676111193,0.19121621502742464,-0.11324549694121738,0.2217066606448822,2.79569506992203
198,robotC,0.0,0.0,,,robotC,2.0,0.24876860538908915,0.6854533227604529,0.6731694231176218,0.5208903204777265,0.48639434722387,0.40452281853023175,0.49054891874873063,2.994168815402006
198,robotD,0.0,0.0,,,robotD,2.0,0.17821345757343232,0.4724048008748252,0.4331609400483303,0.35258130410741834,0.3009049572623624,-0.5183270032887355,0.4342585842124375,-1.710774779673774
199,robotA,0.0,0.0,,,,,0.8747034687203445,0.2625851902981798,0.936743653980923,,,0.5572661919692325,-0.3589738887450806,1.3953655267922356
199,robotB,0.0,0.0,,,robotB,3.0,0.07801653503975636,0.01987207662381683,0.26908547981553427,0.015145111307537292,0.19105668759855376,-0.11326474867505815,0.22171322197660398,2.79569537368224
199,robotC,0.0,0.0,,,robotC,3.0,0.24884644611429932,0.6853568023765022,0.6731437249351665,0.5205014072021943,0.49043049585964815,0.40465060864508295,0.4905321345118836,2.9941669489653884
199,robotD,0.0,0.0,,,robotD,2.0,0.17854467336175936,0.47253029576647204,0.4331563836661393,0.3517627427357686,0.29744172508135175,-0.5183571278634044,0.4339737870234659,-1.710753621526457
200,robotA,0.0,0.0,,,,,0.8746558994926317,0.2627211875066572,0.936744117606501,,,0.5573108933090134,-0.3586974574375475,1.3953782725391608
200,robotB,0.0,0.0,,,robotC,3.0,0.07817118155266016,0.019865138526664942,0.26908523986238636,-0.670919293621309,0.12311244795143553,-0.11325810888323351,0.2217108669931853,2.7956947932029204
200,robotC,0.0,0.0,,,robotC,2.0,0.24611655902624816,0.6853896045441796,0.6731467868799924,0.5238655894056725,0.4894212913803061,0.40467954494240654,0.49052790440653826,2.994174043492421
200,robotD,0.0,0.0,,,robotD,2.0,0.18157388116611728,0.47240428766472004,0.43314246921668453,0.3531504815325796,0.30127909772651834,-0.5183187211402852,0.4342663558799193,-1.7107610948802967
201,robotA,0.0,0.0,,,,,0.8747087048852766,0.2625599436837277,0.9367397236790186,,,0.5572557127483735,-0.35902796392837966,1.3953667182117169
201,robotB,0.0,0.0,,,robotB,3.0,0.7060382263933037,0.01986429276159812,0.2690850957748231,0.015142214738538592,0.19174855444183433,-0.11325087577947751,0.22170800457732004,2.7956944067083422
201,robotC,0.0,0.0,,,robotC,3.0,0.24466286355973735,0.6854403469516556,0.673142587176976,0.5205778052640836,0.4905441652871637,0.40451964481896163,0.49054969091217204,2.994179501121606
201,robotD,0.0,0.0,,,robotD,2.0,0.1778632971261334,0.47251160959271754,0.4331437009102027,0.352206287955984,0.2979562916735901,-0.5183811168874041,0.4338020867218535,-1.7107372028178471
202,robotA,0.0,0.0,,,,,0.8746497937972674,0.26273263855442797,0.9367419109833528,,,0.5573062101562688,-0.35871877002060154,1.3953806424182418
202,robotB,0.0,0.0,,,robotB,3.0,0.07748089714301616,0.01987189362597252,0.26908495958009,0.01524615770475597,0.19233850447232334,-0.11326841380740876,0.22171382220562355,2.7956947926174256
202,robotC,0.0,0.0,,,robotC,3.0,0.24593549668043227,0.6853325840602311,0.6731369674215398,0.5187545882587455,0.4890592580532348,0.4047771756394144,0.4905142395669967,2.9941733864312843
202,robotD,0.0,0.0,,,robotD,2.0,0.1808415486128871,0.47233165791321297,0.4331360283109504,0.3514552497967695,0.29962536059570566,-0.5183144018399815,0.43432105239943825,-1.710756479470994
203,robotA,0.0,0.0,,,,,0.8746949480549706,0.2625951753033587,0.9367383145652634,,,0.5572684708891786,-0.35894470190472844,1.395371977643431
203,robotB,0.0,0.0,,,robotB,3.0,0.07688482989783753,0.019860700221409885,0.2690847295637336,0.014195844478793485,0.1909519938644212,-0.11324695202605553,0.22170634464676742,2.7956937137053752
203,robotC,0.0,0.0,,,robotC,2.0,0.2483583460638578,0.6854749201133457,0.6731413022777245,0.5223680950436557,0.4879381679499661,0.4044995896860556,0.49055150005999393,2.994183015304488
203,robotD,0.0,0.0,,,robotD,2.0,0.18024220224843143,0.47253697177348997,0.43314115769296535,0.35480359509879983,0.30012363347012816,-0.5183778323292726,0.43383744443216266,-1.710735415827276
204,robotA,0.0,0.0,,,,,0.8746685437191105,0.2626731552442197,0.936739513675322,,,0.5572808905238822,-0.358868899862785,1.3953756805559665
204,robotB,0.0,0.0,,,robotB,3.0,0.07833864953471788,0.019872443329069036,0.26908470299712955,0.015114518020171979,0.19079143443631771,-0.11326581630235588,0.22171265312936037,2.795694136011241
204,robotC,0.0,0.0,,,robotC,3.0,0.2466978823874966,0.685346907649007,0.6731346900993436,0.517118028519482,0.4873227035910051,0.40483209405426235,0.4905055390129188,2.994173584803179
204,robotD,0.0,0.0,,,robotD,2.0,0.17750700232125807,0.4723475149400595,0.4331355230944419,0.3512827446532654,0.2996817135343864,-0.5183181567074219,0.4342922272055445,-1.7107533308696516
205,robotA,0.05,0.0,,,,,0.8746675937455605,0.2626754796438023,0.936739375188383,,,0.5631054214112585,-0.32602686467501607,1.3951186492021954
205,robotB,0.05,0.0,,,robotB,3.0,0.07843694512841201,0.01986388221144934,0.2690844603125484,0.015149944946807284,0.19196865617157974,-0.11583320977878639,0.22263796335602454,2.79569100773742
205,robotC,0.0,0.0,,,robotC,2.0,0.2507342271940575,0.6854604718749181,0.6731410946391546,0.5222163536433575,0.488012608152683,0.4042759863674573,0.49058434408889284,2.9942035753638145
205,robotD,0.0,0.0,,,robotD,2.0,0.18030854055913462,0.47252761476072486,0.433139014837801,0.35422771856619945,0.29977326559291123,-0.5183680626013096,0.4339029904004922,-1.710735142333652
206,robotA,0.05,0.0,,,,,0.8887841393841086,0.2248548019347058,0.9368077430494882,,,0.5704084515634196,-0.2847378932929278,1.4074702528759706
206,robotB,0.05,0.0,,,robotB,3.0,0.07716064925246865,0.012545814256269314,0.26908534889377245,0.009965231176487652,0.1906783453508528,-0.16376716500569985,0.23992304139717688,2.795343039879205
206,robotC,0.05,0.0,,,robotC,3.0,0.2466673474516933,0.6852521808446704,0.6731182519014299,0.5148874546288872,0.4875529946781869,0.40051024293779924,0.49114476146376984,2.9941449851255597
206,robotD,0.05,0.0,,,robotD,2.0,0.17817366201716706,0.4723831932541667,0.4331341955456857,0.3510971537336114,0.3006525538727212,-0.522975045054645,0.4012614296030607,-1.7110838133586463
207,robotA,0.05,0.0,,,,,0.8768892531699317,0.2308525396550189,0.9264287013946393,,,0.5728501541206524,-0.27987207070479797,1.4925423840912873
207,robotB,0.0,0.5,,,robotB,3.0,0.09166674095083191,-0.03752858384787637,0.269081973653237,-0.025211347687307168,0.1938796068750038,-0.20351901317688123,0.25423806367466023,2.8068906380111365
207,robotC,0.05,0.0,,,,,0.24661767148853947,0.6772534580554594,0.673180462531712,,,0.3494611324902036,0.4987322137470208,2.9938868698265386
207,robotD,0.05,0.0,,,robotD,2.0,0.15713992521262932,0.43533888737279625,0.43330354862698367,0.32699624340232625,0.2910370020474155,-0.5299181814096916,0.35211777234792707,-1.711323961984182
208,robotA,0.05,0.0,,,robotA,2.0,0.8646922069268441,0.22930592005183462,0.9125117652386047,0.20099386801997632,0.7026663294857288,0.5765146019168708,-0.23129405595170033,1.4954587999307754
208,robotB,0.0,0.5,,,robotB,3.0,0.08757061366641018,-0.0649305714376668,0.2719244378542592,-0.05293979158623048,0.19598989223947735,-0.20175101425962372,0.25385871983920955,-2.956807552088009
208,robotC,0.05,0.0,,,robotC,3.0,0.21688268058400723,0.6267790652993783,0.6733441801495857,0.46345054989495,0.4696225074885261,0.3013430182454834,0.5059003433605284,2.99356028688019
208,robotD,0.05,0.0,,,robotD,2.0,0.15377602631227774,0.38513185590460125,0.4334003288818909,0.28417333019686963,0.28123889424529425,-0.5321178460612391,0.31177861259985157,-1.6063071013826427
209,robotA,0.05,0.0,,,robotA,2.0,0.21095225876822077,0.17956532870504188,0.9125274101611192,0.16349888612251454,0.7013758184826442,0.580383607687583,-0.179987705318384,1.4951392879097918
209,robotB,0.05,0.0,,,robotB,3.0,0.15268566810193052,0.08226301175907018,0.26693434382876546,0.1321672091642229,0.14327932020106882,-0.18922865474425093,0.23717393682450544,-2.4320758213360847
209,robotC,0.05,0.0,,,robotC,3.0,0.23335181165020452,0.5768835872744958,0.6735489992233742,0.375985481200185,0.4383141977608149,0.2520502689752956,0.5132523776270657,2.993277060496423
209,robotD,0.05,0.0,,,robotD,3.0,0.15189484212233278,0.38426770956634243,0.3954893134218052,0.23794023650985413,0.24408852944653864,-0.5339229239500259,0.26255323297277766,-1.6036229033842349
210,robotA,0.05,0.0,,,robotA,3.0,0.21401541914151817,0.12894091823363812,0.9125826992552912,0.15109583071134836,0.7791076888521126,0.584082747141687,-0.13130379543076798,1.4948193052855296
210,robotB,0.05,0.0,,,,,0.15278517504713288,0.19821398953838987,0.19530326845430176,,,-0.2226091829660583,0.19678560710376994,-2.372662169968996
210,robotC,0.05,0.0,,,,,0.23857786483100732,0.5264648785927735,0.6736890383529508,,,0.23464494033590585,0.5259127161007331,3.005865475297401
210,robotD,0.05,0.0,,,,,0.1574437259846186,0.34003643727833804,0.39007434910945465,,,-0.5427188643624264,0.239778019941928,-1.594084436224985
211,robotA,0.05,0.0,,,robotA,3.0,0.15175537363719063,0.07894924619481097,0.9126163543774688,0.1127910543072111,0.7748654934451493,0.5878602948457813,-0.08174506282844589,1.4944890405914015
211,robotB,0.05,0.0,,,robotB,3.0,0.05356980021852377,0.1489873884400557,0.19413996377329856,0.11101699946270986,0.130845338930601,-0.2642567942794719,0.16087488600770755,-2.361623764316881
211,robotC,0.05,0.0,,,robotC,2.0,0.25609053007414223,0.47641597553343223,0.6738902479052103,0.3458666838157808,0.43509025474845253,0.18538259942034382,0.5326435799801554,3.0055752408483296
211,robotD,0.05,0.0,,,robotD,2.0,0.1550452801553862,0.2898222718337199,0.3901956590094568,0.19991336563632753,0.2413917228851,-0.5438708613560872,0.19067718229239347,-1.594341968714607
212,robotA,0.05,0.0,,,robotA,2.0,0.16158933617738153,0.02834987041715644,0.9126363177494727,0.06262308549429642,0.6769212476567513,0.5905531408666062,-0.04340370644810196,1.4971512408162642
212,robotB,0.0,0.5,,,robotA,3.0,0.06456726711593337,0.09881262817359465,0.19424869297640607,-0.5484693544624855,0.020530816926863753,-0.28651033072740073,0.13869379890137393,-2.2528392272311306
212,robotC,0.05,0.0,,,robotC,3.0,0.2520235292505391,0.42605316252145203,0.6740169965097763,0.3089061976567707,0.43440953991120473,0.13517600718685516,0.5395267880981253,3.0051680745809572
212,robotD,0.05,0.0,,,robotD,2.0,0.15413944433353863,0.23984363432064054,0.39026933014102894,0.16337528065930626,0.23497575210806576,-0.5450450876378302,0.14112011852527032,-1.5947184978694102
213,robotA,0.05,0.0,,,robotA,2.0,0.2503328934045694,-0.021666491617881267,0.9126368065631455,0.02710740825539895,0.6788265444466792,0.5929989883817708,-0.004903545858489244,1.4995490077124558
213,robotB,0.05,0.0,,,robotB,3.0,0.6709992197894004,0.10354514256399393,0.17901440795537113,0.06487098774301148,0.13101890335273567,-0.3042207883566028,0.1063245090629449,-2.0962530930858914
213,robotC,0.05,0.0,,,robotC,2.0,0.24895329708326594,0.3759022869299542,0.6741787375799806,0.2733491287984706,0.43529866074927515,0.08613344678720725,0.5462619430580552,3.004949869057082
213,robotD,0.05,0.0,,,robotD,2.0,0.15755889814981702,0.18953557261005913,0.39034771068243584,0.13259107030011813,0.2296057722061025,-0.5462680602308199,0.09046333699260826,-1.5950668662075616
214,robotA,0.05,0.0,,,robotA,2.0,0.25403892205240625,-0.07228162564392142,0.9126161803549212,-0.011327095474791958,0.6794352212582522,0.5937881282946128,0.03324683796897905,1.6578214415357084
214,robotB,0.05,0.0,,,robotA,3.0,0.038638234789421945,0.07940632127910163,0.16681886517725594,-0.5497238476545275,0.11944431080053894,-0.3323843800338675,0.06681540366978223,-2.079345756950393
214,robotC,0.05,0.0,,,robotC,4.0,0.24462541502906257,0.3256941602296359,0.674258053455675,0.23801804606339252,0.4298851221198464,0.03738056470492779,0.5529753582270249,3.004541906725358
214,robotD,0.05,0.0,,,,,0.16095196156740868,0.13956584879184733,0.39040653836530936,,,-0.5474769612354716,0.04087867916404117,-1.5953690088761328
215,robotA,0.0,0.0,,,robotA,3.0,0.2392504890404475,0.02182138648308024,0.9163781988920741,0.06285329306932658,0.6836269070291616,0.5926915590541961,0.051403301331623616,1.6226207347055857
215,robotB,0.0,0.0,,,robotA,3.0,0.5813617569356183,0.029720462602640867,0.16662252333411565,-0.5661986742701243,0.1057729005171331,-0.3550286093776613,0.026208340696176176,-2.0798294178194565
215,robotC,0.05,0.0,,,robotA,5.0,0.2473357991389778,0.2754084767319553,0.6743783801662313,0.316965244704805,0.39016049666844566,0.023540402713129807,0.5520324601951327,2.9841129653369287
215,robotD,0.05,0.0,,,,,0.16655445073111227,0.08931778317795237,0.39044049383046164,,,-0.5548967785104194,0.03177706199631763,-1.374075080358369
216,robotA,0.0,0.0,,,robotD,3.0,0.24452919840038773,-0.011383836597763965,0.9166148411569353,0.3203127124814978,0.18849788046051896,0.5927182076050891,0.051048118838586856,1.6225210838013062
216,robotB,0.0,0.0,,,robotD,3.0,0.5566801910565864,-0.012853756928480838,0.16661891572739454,-0.09210268581084882,0.23195478356578744,-0.35505528345938414,0.026157693698460098,-2.079801383320341
216,robotC,0.0,0.0,,,robotA,4.0,0.29870027415286515,0.22530784063571752,0.6744504438320991,0.2992521768795831,0.3965949815655121,0.004652524898358046,0.5540687033232944,2.9697496750006303
216,robotD,0.0,0.0,,,,,0.13454716285190715,0.14078765384465533,0.36390303595222295,,,-0.564577337040282,0.037553632389090985,-1.426868943408597
217,robotA,0.0,0.0,,,robotA,2.0,0.8000464209783227,-0.011211103560462045,0.9166230311847611,0.020978667692880613,0.6975694522662645,0.5926896141283805,0.05142208546376863,1.622539320311496
217,robotB,0.0,0.0,,,robotD,3.0,0.10272695682885874,-0.012828849071760599,0.16662112862453532,-0.09741681549238325,0.22637663066608937,-0.35508443387411875,0.02610556013936833,-2.07978800362617
217,robotC,0.0,0.0,,,robotA,4.0,0.3010703529916224,0.1834809539483024,0.674516519758391,0.2656635214940813,0.4007253374674957,0.004818612207304278,0.5540424829093773,2.9697239889940037
217,robotD,0.0,0.0,,,,,0.13593656439432303,0.1247966824728296,0.36531869369012976,,,-0.5645361739620739,0.03730360027110834,-1.4267185428406366
218,robotA,0.0,0.0,,,robotA,2.0,0.22142042091607045,-0.011350298382508507,0.916617028722034,0.024174323342729138,0.6979913444447832,0.5927082946020666,0.05116598619777675,1.6225291866536387
218,robotB,0.0,0.0,,,robotD,3.0,0.10352913256079095,-0.012873325238706601,0.1666214673367477,-0.09782644186515636,0.22461763043148195,-0.355038618727127,0.02619095380272455,-2.0797886286404563
218,robotC,0.0,0.0,,,robotA,4.0,0.2858614890052652,0.18349888720186944,0.6745241025632033,0.26798191844542596,0.4000250731715124,0.0044824270610515915,0.5540962177033687,2.9697389253071758
218,robotD,0.0,0.0,,,,,0.1359395968530183,0.12454285312712761,0.36530691513753666,,,-0.5645461104058711,0.037448051400617605,-1.4267023689338716
219,robotA,0.0,0.0,,,robotA,2.0,0.2214833827712805,-0.011279818460756442,0.9166186361372612,0.02420002766876346,0.7006166806587852,0.5926965944544977,0.051300681025708714,1.622536784388441
219,robotB,0.0,0.0,,,robotD,3.0,0.10290876988360423,-0.012815901452230731,0.16662260532019374,-0.09725129072490232,0.22599056947903154,-0.35509216159402424,0.02609284601089666,-2.079787711864581
219,robotC,0.0,0.0,,,robotA,3.0,0.287248998731758,0.18333643442446215,0.6745193887907147,0.2635036248290524,0.3971706153214826,0.004887204880954385,0.5540297486153332,2.969727076485124
219,robotD,0.0,0.0,,,,,0.13593333852461104,0.12466903052600038,0.3653080706695545,,,-0.5645260124961535,0.037289544896149614,-1.4266933793830556
220,robotA,0.0,0.0,,,robotA,2.0,0.21889470882237963,-0.011279213243166036,0.9166169515260867,0.0240342168848674,0.6978131768426713,0.5926964990597244,0.05132584708057976,1.6225372481118585
220,robotB,0.0,0.0,,,robotD,3.0,0.10317264764234464,-0.01287132468157197,0.1666220883458762,-0.09719023775653697,0.22572312084353688,-0.3550449725025818,0.026180316635256592,-2.07979021767067
220,robotC,0.0,0.0,,,robotA,4.0,0.28866009402605086,0.18349192180224294,0.6745201732116625,0.26359824345963745,0.40114420032487197,0.004292428412092129,0.554124241791209,2.9697658924279495
220,robotD,0.0,0.0,,,,,0.13593626717655063,0.12453212547462124,0.3653029429289814,,,-0.5645575350201929,0.037499971644993454,-1.4266876628142768
221,robotA,0.0,0.0,,,robotA,2.0,0.2216457391965942,-0.011349111821743368,0.9166164075172769,0.0211341452908182,0.7022253763075911,0.5927060693723675,0.051147893152253154,1.6225319214855414
221,robotB,0.0,0.0,,,robotD,3.0,0.10300114450409792,-0.012831560261290965,0.16662278835371808,-0.09728068839315483,0.22339881461435315,-0.3550734722094141,0.026128146889357558,-2.0797898066927947
221,robotC,0.0,0.0,,,robotA,4.0,0.2849322083694062,0.18324838746816952,0.6745125672008093,0.2624484625791492,0.3994956353533162,0.004880295040967323,0.5540273607441162,2.969753815406399
221,robotD,0.0,0.0,,,,,0.13592764669463725,0.12470184103738588,0.36530428066357296,,,-0.5645133447219038,0.03723946841488693,-1.4266644162295785
222,robotA,0.0,0.0,,,robotA,2.0,0.21681997165585465,-0.011223960611884588,0.9166171977263082,0.02408612061745858,0.6970763250410978,0.5926905846183598,0.05140661695643607,1.6225421380858271
222,robotB,0.0,0.0,,,robotD,3.0,0.10174728151325321,-0.012847394637305885,0.16662269110388692,-0.09755828944722358,0.22662816276424827,-0.3550682414824331,0.026137798202674693,-2.079790434290993
222,robotC,0.0,0.0,,,robotA,4.0,0.28612290515349287,0.18351358270613263,0.6745149103012863,0.26984373234740483,0.40280587104078,0.004333332088527566,0.5541156247205437,2.9697868166677748
222,robotD,0.0,0.0,,,,,0.13593117303754154,0.12452423363646824,0.3652973708760424,,,-0.5645681268152537,0.03759169327067795,-1.4266716186652448
223,robotA,0.0,0.0,,,robotA,2.0,0.22238194614556916,-0.011362733505186979,0.9166147242173746,0.020968372187689512,0.694287964835281,0.5927132788046157,0.051022649536485554,1.6225266596864392
223,robotB,0.0,0.0,,,robotD,3.0,0.10380337799040903,-0.012856092923721918,0.16662250314522703,-0.09801060240902658,0.22510999578273583,-0.35505327384832003,0.02616521420466121,-2.079791003307359
223,robotC,0.0,0.0,,,robotA,4.0,0.28515734823614525,0.18328092659763895,0.674507166425617,0.2648926105745509,0.3992790410713998,0.004848270742740458,0.5540325592132859,2.9697725901754928
223,robotD,0.0,0.0,,,,,0.13591917291522612,0.12473787275831393,0.3652978827148883,,,-0.5645072563228,0.037211969172564266,-1.4266540191309365
224,robotA,0.0,0.0,,,,,0.22464466225509877,-0.011207317407652496,0.9166164364235407,,,0.5926793442123611,0.05154959793830381,1.6225481990451653
224,robotB,0.0,0.0,,,robotD,3.0,0.10332932719141986,-0.012827247381931235,0.16662285288654594,-0.09655823640071376,0.22702330294071352,-0.35508325164690835,0.026109804244712397,-2.0797900746533218
224,robotC,0.0,0.0,,,robotA,4.0,0.28701156387153015,0.18350919561907164,0.6745105392073611,0.2729479432609428,0.40338650708926016,0.004378977148609263,0.5541047269420272,2.969803654073074
224,robotD,0.0,0.0,,,,,0.1359273046994214,0.12452934858413708,0.36529379970235376,,,-0.5645695340682496,0.037613884400664266,-1.4266677034098236
225,robotA,0.05,0.0,,,robotA,2.0,0.224669215507818,-0.011410581404574835,0.9166117372060475,0.021137356091253487,0.699782723245583,0.5909920364190062,0.08429817412004098,1.6222794325764534
225,robotB,0.05,0.0,,,robotD,3.0,0.1032120938126383,-0.012865520972316604,0.16662242800160212,-0.09749487732685096,0.22402960911679798,-0.35638360449342027,0.023782219281422913,-2.079799095213091
225,robotC,0.0,0.0,,,robotA,3.0,0.28554642311741973,0.18332385191561656,0.6745032384167035,0.26718480124133037,0.3988090970567476,0.0047719630434674525,0.5540412842195195,2.9698009864617267
225,robotD,0.0,0.0,,,robotD,3.0,0.13591866666937416,0.12472511034083848,0.3652966363904663,0.08237176230304531,0.1998179135665333,-0.5645130297521413,0.03725445520075764,-1.42664563920722
226,robotA,0.05,0.0,,,robotA,2.0,0.22800267104124738,-0.049382962092910945,0.9166054681898057,-0.007038549356053363,0.6992622820249855,0.5884296758372012,0.13404521738816005,1.622025632187789
226,robotB,0.05,0.0,,,robotD,3.0,0.09600450394319526,-0.02054528615967583,0.16662207305589744,-0.09687994743859706,0.22607323704644483,-0.3812511931988229,-0.020762587439462632,-2.0801530014248693
226,robotC,0.05,0.0,,,robotA,3.0,0.28812211012222533,0.183482046952007,0.6745049426287564,0.2699301763692889,0.4040003711040926,1.624998502730568e-05,0.5548628513368044,2.9698354579439035
226,robotD,0.05,0.0,,,,,0.17077347922111868,0.12457555714580679,0.36529425902459556,,,-0.5597816602224349,0.004602794114364704,-1.426869168503452
227,robotA,0.05,0.0,,,robotA,2.0,0.23629122515214757,-0.09979216952273447,0.9165876349635645,-0.034841430128228226,0.6946325858509087,0.585855849597877,0.18450529760089826,1.6216153258745412
227,robotB,0.05,0.0,,,robotD,3.0,0.0650084601840675,-0.07061602201650484,0.16660638815627518,-0.11713198216918815,0.21850032803977593,-0.39495347283785565,-0.06183085739057296,-2.089746145498857
227,robotC,0.05,0.0,,,robotA,4.0,0.28676013403475425,0.17474037358869754,0.6745004190120779,0.27719864681543704,0.41538460293497426,-0.04991064997281475,0.5635411179019549,2.969353034626898
227,robotD,0.05,0.0,,,robotD,3.0,0.16557458008298995,0.08719759365894349,0.36532215194544276,0.06382400988295613,0.2063087016660723,-0.5537715396250836,-0.0424441286320101,-1.4017951350946605
228,robotA,0.05,0.0,,,robotA,2.0,0.2500061618565439,-0.15000472776592955,0.9165345818839562,-0.07053851798250838,0.6991349939078264,0.5807448522145104,0.19596929688691667,1.6187789323546184
228,robotB,0.05,0.0,,,,,0.06633426617151485,-0.11235401629478034,0.1523383607880657,,,-0.38955741170134417,-0.1053935954907202,-1.965803613144469
228,robotC,0.05,0.0,,,robotA,3.0,0.3008179372504396,0.1245169209106697,0.6745751157751454,0.2552656000800766,0.43569955832537116,-0.09850582022678575,0.5720018034607759,2.9691659126290073
228,robotD,0.05,0.0,,,,,0.15813709556816835,0.051820802718164756,0.3639895946509077,,,-0.5524881636487258,-0.08198604821159232,-1.3072619888850177
229,robotA,0.05,0.0,,,robotA,3.0,0.2531656332346223,-0.20033455653087825,0.9164960443014915,-0.12024267238150609,0.7701731529217992,0.5784095838320026,0.24488753596455998,1.6183260989343125
229,robotB,0.05,0.0,,,,,0.06867958514244951,-0.1322208082316015,0.15149874042129327,,,-0.3698459949665831,-0.13610138923338588,-1.8030028007942178
229,robotC,0.05,0.0,,,robotA,3.0,0.299635947262113,0.07440960115719211,0.674598718108886,0.22099956385204578,0.4504949805858362,-0.1471342490485206,0.5804805288323833,2.968691220919985
229,robotD,0.05,0.0,,,,,0.1635208652846044,0.04634680950773837,0.3688928978552168,,,-0.5433620319310346,-0.12008591227490867,-1.1869032130018076
230,robotA,0.05,0.0,,,robotA,3.0,0.19593880071346825,-0.25067307945466966,0.9163919018419054,-0.16327773470574158,0.7810516077601879,0.5759812712525182,0.29600619357807717,1.6180851718010851
230,robotB,0.05,0.0,,,,,0.08614843631597892,-0.16239222254166302,0.14519914304857628,,,-0.34483975980774,-0.15903946239432495,-1.8624240644250865
230,robotC,0.05,0.0,,,robotA,3.0,0.2983807138012414,0.0240215357505544,0.6746170607425812,0.2087710036248883,0.4753261381822608,-0.1971664720871066,0.5892210562541128,2.9684824245458215
230,robotD,0.0,0.5,,,robotD,3.0,0.1597613889003565,0.04853026199678224,0.36533638057438406,0.05532613656968584,0.28663306035496094,-0.5504587797679368,-0.12166697321446676,-1.1860986981817603
231,robotA,0.05,0.0,,,robotA,3.0,0.19296708004576016,-0.3008842149644801,0.9163318745110641,-0.21960324022650524,0.7870081635241363,0.5736657765518264,0.3451820258792499,1.617637522041283
231,robotB,0.05,0.0,,,,,0.15667776209863696,-0.2289726229050082,0.10877525243698444,,,-0.3627821180348846,-0.21221367446846992,-1.7871756831341876
231,robotC,0.05,0.0,,,robotC,3.0,0.30792206423132257,-0.025962869659038934,0.6746148894292991,0.010264606553243136,0.5659478869031829,-0.20146205542976292,0.5856922161695612,2.995955068571866
231,robotD,0.0,0.5,,,,,0.09273094258132579,0.028737415965391217,0.3754703703584043,,,-0.5560072975320811,-0.10871381747192949,-1.1903999548488187
232,robotA,0.05,0.0,,,robotA,2.0,0.18450790466737,-0.351347693403955,0.9161846549678893,-0.2482956515934644,0.748780944616591,0.5712910575842496,0.3960144716861346,1.6173890949646756
232,robotB,0.05,0.0,,,,,0.17992565450529996,-0.27434721777850496,0.1309982661128272,,,-0.3769093734922925,-0.2621743550003117,-1.8484723516490806
232,robotC,0.05,0.0,,,robotC,3.0,0.13896532648857027,-0.07638097090040083,0.6745936685691064,-0.03483631394264201,0.5368402816080061,-0.25159307854547375,0.5930541129631901,2.9956476136544614
232,robotD,0.0,0.5,,,robotD,3.0,0.09099901233120887,0.03674030024387308,0.37571384915549644,0.051320222904691536,0.29790463996304795,-0.556205495348497,-0.10755821361400378,-0.93073286199336
233,robotA,0.05,0.0,,,robotA,2.0,0.22683344082182003,-0.40146589660909937,0.916089898103595,-0.2901425239984618,0.758439635622772,0.5419460859433173,0.39869887280786476,1.6426175437070236
233,robotB,0.05,0.0,,,,,0.2459623398432718,-0.3362279119517867,0.10672176938975678,,,-0.3935380356159939,-0.30965434721823526,-1.8122891116570699
233,robotC,0.05,0.0,,,robotC,3.0,0.16539569266575538,-0.12642222100453937,0.674563761015239,-0.07923467020455773,0.5808300969473966,-0.29075344964628735,0.5955309999402518,3.111836602994668
233,robotD,0.0,0.5,,,robotD,3.0,0.11263334573223563,0.1537026298190989,0.34485262527924687,0.10833500224658356,0.28303907536381395,-0.5526608880905725,-0.10170584493090179,-0.4388656353143044
234,robotA,0.05,0.0,,,robotA,3.0,0.22582133699441462,-0.4519947163579896,0.9159170755002329,-0.37778335494497123,0.84727315785013,0.5384392810779531,0.44756022088875047,1.642306736532688
234,robotB,0.05,0.0,,,,,0.2790020584844128,-0.3817297996990161,0.13001222942198698,,,-0.41834966630844506,-0.34578971360388955,-1.8708125767313633
234,robotC,0.05,0.0,,,robotC,3.0,0.10493210636815166,-0.094364695659014,0.6846656846647325,-0.03319823193590307,0.587447617885917,-0.33986022657022075,0.5971276652612312,3.112371723783437
234,robotD,0.0,0.5,,,robotD,3.0,0.19088305918616422,0.2938883087972917,0.2382471931487564,0.23321141924277783,0.2019477574943235,-0.541570291913317,-0.08874030994951271,0.02064343376281639
235,robotA,0.0,0.0,,,robotA,3.0,0.14193364413610637,-0.5020954746888351,0.9157688235709779,-0.4189839547151715,0.8392654899465503,0.5371509534935078,0.4655117451905073,1.6421872978133174
235,robotB,0.0,0.0,,,,,0.3205445315385776,-0.42563371200516553,0.13146309814649512,,,-0.42168551391819964,-0.3601368636161305,-1.8158116850019344
235,robotC,0.05,0.0,,,robotC,3.0,0.14279277036102,-0.13674130554159306,0.685776693828192,-0.09380312437418756,0.5885935940569444,-0.3908101725101619,0.598617272389425,3.1121433805285745
235,robotD,0.05,0.0,,,robotD,3.0,0.1878113264534191,0.3717106452641796,0.07509722050032634,0.3025196070867929,0.07091027779408542,-0.5148799397545697,-0.07795827494489982,0.1595520182474335
236,robotA,0.0,0.0,,,robotA,3.0,0.12211035231975631,-0.5142014270607916,0.9157152846079234,-0.42628199108465453,0.8143891478296422,0.5371693731715986,0.465273683958937,1.6421714524741524
236,robotB,0.0,0.0,,,,,0.3393653185441263,-0.44936562224196075,0.14929319087494505,,,-0.42306062411916556,-0.3650622500227865,-1.8274288757830957
236,robotC,0.0,0.0,,,robotC,3.0,0.13451513918056893,-0.1868539799870019,0.6857319538253233,-0.12255586290072334,0.5605192732940306,-0.40467069630571856,0.5826336109686783,3.1254411330890144
236,robotD,0.0,0.0,,,,,0.048238417938578235,0.3361920851214111,0.03636886513876544,,,-0.5169259783486003,-0.080989693934336,0.13523361309711973
237,robotA,0.0,0.0,,,robotA,2.0,0.1341324850656316,-0.5141732471127067,0.9157136298845399,-0.4048335342468212,0.7796959030226228,0.5371475795438536,0.4655052902977661,1.6421927956106026
237,robotB,0.0,0.0,,,,,0.3407536467061164,-0.4512653510893446,0.15165768059382725,,,-0.42270106355625303,-0.36457570399888234,-1.8296648048498552
237,robotC,0.0,0.0,,,robotC,4.0,0.16483883760299575,-0.2297648416300842,0.6857314023475463,-0.5627024886297997,0.46775242263949,-0.4045111609227645,0.5826358251445838,3.1254030932129804
237,robotD,0.0,0.0,,,robotD,3.0,0.042512895614388445,0.32410797080775394,0.034286667303428144,0.263775669296322,0.015590523324463345,-0.5173197382612501,-0.08105574446714456,0.13523324039877488
238,robotA,0.0,0.0,,,robotA,2.0,0.17455583278748424,-0.5142308327563558,0.9157178491892173,-0.4041154133891035,0.7783414876910093,0.5371522012077229,0.46543160241767034,1.642191842099301
238,robotB,0.0,0.0,,,,,0.34084992252334223,-0.4510332233150747,0.1500267503224923,,,-0.42163966634781147,-0.3596250502885269,-1.8127615011285008
238,robotC,0.0,0.0,,,robotC,3.0,0.39782054121588845,-0.2298860743459707,0.6856845620695364,-0.1627917871444158,0.5716430831135403,-0.4048203082994237,0.5826369576254371,3.125391809258697
238,robotD,0.0,0.0,,,,,0.06322777041788107,0.32417499425087587,0.03429005532530461,,,-0.5168323523056195,-0.08098034289953471,0.13524199823692054
239,robotA,0.0,0.0,,,robotA,3.0,0.17607231501075868,-0.514248426653707,0.9157175391064816,-0.4285048152533365,0.8183555602163192,0.5371579661632196,0.4653544675068326,1.6421899460203115
239,robotB,0.0,0.0,,,,,0.33812443709890017,-0.44828361945037437,0.15018687336620667,,,-0.4254635961828609,-0.3718183581981828,-1.8056776104742067
239,robotC,0.0,0.0,,,robotC,4.0,0.1323887213390115,-0.23004454029821644,0.6856774670993032,-0.5106692234551727,0.5957486062115748,-0.4045812908100488,0.5826365051777274,3.125378260314379
239,robotD,0.0,0.0,,,robotD,3.0,0.06306809603402694,0.32400986972059126,0.034283458797689736,0.2633221147699792,0.015485761340345018,-0.5173575858250828,-0.08105470697751146,0.135225193877654
240,robotA,0.0,0.0,,,robotA,3.0,0.12967700048137176,-0.5141594557314695,0.9157178065873199,-0.4266152529106134,0.8178005157015482,0.5371399703824457,0.4655671013315821,1.6422012262969776
240,robotB,0.0,0.0,,,,,0.35118685626023816,-0.46204079849061347,0.15239347186205016,,,-0.42681767409376636,-0.3765935124585161,-1.821304350753811
240,robotC,0.0,0.0,,,robotC,3.0,0.2947539661435355,-0.22996892275433264,0.6856776990781349,-0.16226625443219336,0.5606482869743195,-0.4046739110731128,0.5826349903478039,3.1253796996452325
240,robotD,0.0,0.0,,,,,0.06372121015560155,0.3242062927356131,0.03428760957777522,,,-0.5168449186801128,-0.08097470605139351,0.13523610465400632
241,robotA,0.0,0.0,,,robotA,3.0,0.13143001626310202,-0.5142843339922121,0.9157187540293865,-0.43263314148714643,0.8183517178625499,0.5371730613718184,0.46514843979505394,1.6421826992802653
241,robotB,0.0,0.0,,,,,0.35370510551098466,-0.4645694558831914,0.1522092764282037,,,-0.42734316544345674,-0.3788034546197969,-1.8279097660706527
241,robotC,0.0,0.0,,,robotC,4.0,0.14218014465594997,-0.2299661687713598,0.685675944446002,-0.5599759090566616,0.4640172580792397,-0.4048085285986256,0.582636426424751,3.125382380939524
241,robotD,0.0,0.0,,,robotD,3.0,0.06352944686900744,0.3240076488863683,0.03428088220961882,0.2635287532963599,0.016709370166332657,-0.5173312439060338,-0.08104734467772048,0.13522426299315768
242,robotA,0.0,0.0,,,robotA,2.0,0.12694056148399532,-0.5140810591659724,0.9157177430235637,-0.4002168412957412,0.779130289833858,0.5371187344874958,0.4658314460921269,1.642227740511948
242,robotB,0.0,0.0,,,,,0.35448173491911583,-0.4654293236607756,0.1525741397595573,,,-0.42668585598629416,-0.3758741690920321,-1.8186829078888815
242,robotC,0.0,0.0,,,robotC,3.0,0.3974259175325989,-0.23010431916673604,0.6856748636562217,-0.16397509355453976,0.5723421043550152,-0.40472391141746455,0.5826311315657982,3.125369127401824
242,robotD,0.0,0.0,,,,,0.06316247384977335,0.3241966098185868,0.03428518559042592,,,-0.5168999181495386,-0.08098120903589998,0.13523336230067473
243,robotA,0.0,0.0,,,robotA,3.0,0.17803311055632723,-0.5143981312403796,0.9157261224238014,-0.43608931792466377,0.8187748458001286,0.5371740435899159,0.46512904717727577,1.6422037166849506
243,robotB,0.0,0.0,,,,,0.3528735260022788,-0.46373575330402567,0.15227683380706336,,,-0.4257702243582525,-0.3719063505259488,-1.8043718319945112
243,robotC,0.0,0.0,,,robotC,3.0,0.131152141047321,-0.22998336718667803,0.6856725588383585,-0.16487282468744563,0.5697086731883444,-0.40480071735400197,0.5826330586461306,3.1253653067920784
243,robotD,0.0,0.0,,,robotD,3.0,0.06300801221818957,0.32403755381948474,0.034279078841783356,0.26311220651828865,0.01666232990007433,-0.5172620795104536,-0.0810333779899792,0.13522401364002884
244,robotA,0.0,0.0,,,robotA,3.0,0.12440857024032458,-0.5140491434865474,0.9157271946504913,-0.42408684779587874,0.8130577457849786,0.5371214937802171,0.465780593194667,1.642241847696681
244,robotB,0.0,0.0,,,,,0.352531098769194,-0.4634372456311719,0.15253942978981896,,,-0.4279785467578262,-0.37899242577003966,-1.8131266620847757
244,robotC,0.0,0.0,,,robotC,4.0,0.13304867173038024,-0.23010649579062253,0.6856677918622158,-0.5079807652282448,0.5921552149760243,-0.4046566255686451,0.5826324251624206,3.125340660847619
244,robotD,0.0,0.0,,,,,0.06354078110359523,0.3241612226847685,0.034281878372152005,,,-0.5170032627178504,-0.08098982138003005,0.1352285271429241
245,robotA,0.05,0.0,,,robotA,3.0,0.13671677467634033,-0.5143605601918635,0.9157326372051707,-0.4280035527902756,0.8219081854625209,0.535456549377366,0.48248209912427154,1.8292167242695783
245,robotB,0.05,0.0,,,,,0.35725057950514894,-0.4682957526932469,0.15283463815463916,,,-0.42939679285382204,-0.38513637294171843,-1.823884939531702
245,robotC,0.0,0.0,,,robotC,4.0,0.29331287984604243,-0.2299731821997314,0.6856657986669795,-0.16644096546469098,0.5676850072764209,-0.4048404856272669,0.5826346508197779,3.1253461790890062
245,robotD,0.0,0.0,,,robotD,3.0,0.0634761928204013,0.3240947933937019,0.03427911601319502,0.26385447156342645,0.016722678920901318,-0.5171714207287541,-0.08101833800242811,0.1352221618146505
246,robotA,0.0,0.5,,,robotA,2.0,0.190840493240186,-0.35337813519407896,0.9975531139653123,-0.3774096016791427,0.7996803411425772,0.5334499808348017,0.48914156005429754,2.2328461907056676
246,robotB,0.05,0.0,,,,,0.36704474339182463,-0.47825707597298733,0.1528458515985795,,,-0.43682337507149094,-0.41862054590720776,-1.8243553139578628
246,robotC,0.05,0.0,,,robotC,3.0,0.13406952048118775,-0.2301270769612413,0.6856626133061441,-0.16478523083593943,0.5705045793894036,-0.40728065327862234,0.5826682684776683,3.1253537358292047
246,robotD,0.05,0.0,,,,,0.06275694063057334,0.32410525000955326,0.03428050606280719,,,-0.4842034576703449,-0.07653224448346702,0.1350939745408606
247,robotA,0.05,0.0,,,robotA,2.0,0.5144888505974419,0.06742089046199432,1.058184907157475,-0.014666607961428721,0.8918527256957819,0.5517506007945713,0.4741777157688342,2.656366111299065
247,robotB,0.05,0.0,,,,,0.4009797823671742,-0.5126760318950144,0.15269994359014305,,,-0.4480526134315441,-0.46497182632033124,-1.8149170364141298
247,robotC,0.0,0.5,,,robotC,2.0,0.1360374629214881,-0.2371983639644398,0.6856676353953526,-0.1474147499119919,0.522268553548042,-0.4498188022118587,0.5833633507919262,3.135341177507122
247,robotD,0.05,0.0,,,robotD,2.0,0.028586710041751277,0.28637706870052765,0.03432758190873405,-0.15835313715201466,-0.018743995524777356,-0.4352132578802518,-0.0698861102004612,0.13469574612588336
248,robotA,0.0,0.5,,,,,0.545591210200819,0.5303216104844097,0.9174966412241352,,,0.5220086360968003,0.4914000309311745,2.68795618204381
248,robotB,0.05,0.0,,,,,0.44870373412760856,-0.5609802516139893,0.15266906851274953,,,-0.45733274454245165,-0.5031949936527467,-1.8034329412071082
248,robotC,0.0,0.5,,,robotC,2.0,0.20018588510896354,-0.24547330340546059,0.6967933617663229,-0.18125162866369407,0.5313320059298221,-0.44802045931650386,0.5836627764941029,-2.6421099699705914
248,robotD,0.05,0.0,,,,,0.3981384476575704,0.23621792401345473,0.03443401867221348,,,-0.3849735291375578,-0.0630866772253984,0.13437123373017062
249,robotA,0.05,0.0,,,robotA,2.0,0.5582187454542021,0.5435401920218488,0.8882008455098419,0.4340133630518912,0.7626392389163793,0.48327432253322516,0.5028340881247643,2.8390956339891003
249,robotB,0.0,0.5,,,,,0.487425097009227,-0.600058965622382,0.15243404429948199,,,-0.4645032159662159,-0.531478235016599,-1.7030043771910408
249,robotC,0.0,0.5,,,robotC,3.0,0.37034374589391994,0.1337069921709168,0.7261538663169466,0.08276952154586,0.5510101266994392,-0.4383249881109108,0.5753328824239033,-2.128730748767631
249,robotD,0.05,0.0,,,,,0.34883801079289967,0.1863969974383551,0.034503562859331996,,,-0.3358101771572136,-0.05644658720994571,0.1340411770561947
250,robotA,0.05,0.0,,,,,0.1975367021997623,0.6286503289522996,0.7963616383126393,,,0.433827474709134,0.5402711669365057,2.899190515630196
250,robotB,0.0,0.5,,,,,0.4715003870966754,-0.5863038994388141,0.26530125834952545,,,-0.4393412515303782,-0.4885400339008771,-1.1256250833169996
250,robotC,0.05,0.0,,,robotC,3.0,0.38074176754630773,0.4626950569419237,0.5759276126942382,0.33465884370602966,0.45240805324324124,-0.4653638098594931,0.5446312174510188,-1.9882047575345168
250,robotD,0.05,0.0,,,robotD,3.0,0.2993612674023825,0.13622514346989514,0.034555207157815675,0.10842432301890009,0.02127858790292024,-0.2872540861050933,-0.04991061225389457,0.13366020465565143
251,robotA,0.05,0.0,,,,,0.15330075131883739,0.584576011970548,0.7914838069581666,,,0.40650636340658136,0.542238144416151,3.114768976635873
251,robotB,0.0,0.5,,,,,0.4013775830466494,-0.3851207694175043,0.5173079150946343,,,-0.4423082764583014,-0.4717141306256717,-0.6961140517265983
251,robotC,0.0,0.5,,,robotC,2.0,0.16176752124407123,0.48054246533593337,0.5223129877585821,0.38192215600643564,0.37029583697010654,-0.48270127723086453,0.5107502352265465,-1.8916871835667215
251,robotD,0.05,0.0,,,,,0.025805811596891017,0.0863230114537578,0.03460044735551705,,,-0.2842586533652878,-0.0425321538642302,0.12600307043331063
252,robotA,0.05,0.0,,,,,0.2723426391166993,0.6811693701259309,0.6482520838321395,,,0.3696305811211328,0.5553262324532591,3.0738590759604256
252,robotB,0.05,0.0,,,,,0.44191190556170507,-0.08742826051003094,0.6594128150445926,,,-0.43585716490903503,-0.47877733318463533,-0.21673392249626297
252,robotC,0.05,0.0,,,robotC,3.0,0.1627657099051679,0.5009215169926226,0.48134460286064884,0.36661956189201955,0.36830759727544815,-0.49291288739798167,0.47402036490139,-1.787445906052395
252,robotD,0.05,0.0,,,robotC,3.0,0.04416433863476053,0.06632142651453707,0.03461406363454291,0.3956759207304424,0.32747149894230027,-0.23773772502808604,-0.03663707427935246,0.1261565840590993
253,robotA,0.05,0.0,,,,,0.17947556772394416,0.5740117225704623,0.6503363505210179,,,0.3189742027622182,0.5587752376480978,3.073451555029333
253,robotB,0.05,0.0,,,,,0.5774407260646052,0.2747681304425848,0.6425900518635184,,,-0.3804417172793547,-0.50200127910381,-0.2360607510488085
253,robotC,0.05,0.0,,,robotC,2.0,0.16577596822915844,0.4762541253743176,0.49265362307587696,0.3721107755144849,0.3394667225798339,-0.5064566280721591,0.4253509381214095,-1.7806161252680908
253,robotD,0.05,0.0,,,robotC,3.0,0.4407283004473028,0.06629902524589322,0.03463657012381315,0.3390345962050584,0.34660871040479263,-0.19126224859601132,-0.03073516393377527,0.12654904855592564
254,robotA,0.05,0.0,,,,,0.12816851278126828,0.4770795226612887,0.6419227381177725,,,0.2697808084663806,0.562131677948773,3.0731626877196994
254,robotB,0.05,0.0,,,robotB,2.0,0.589527425625719,0.2783644025330359,0.6556790046153359,0.22169138943217992,0.4709093089797972,-0.3612501241024175,-0.5147660918879226,-0.18661313050471096
254,robotC,0.05,0.0,,,robotC,3.0,0.20277897768324615,0.41232368679567183,0.5382184157966562,0.3224214439701746,0.3692379905829426,-0.5166946070892288,0.37736177974961305,-1.78102331107604
254,robotD,0.05,0.0,,,,,0.41437843344914,0.06628430547859535,0.03465235926509677,,,-0.14315631107733073,-0.02461141158919538,0.12664847495556728
255,robotA,0.0,0.0,,,,,0.14004313674913746,0.380222128581183,0.6333388783420371,,,0.2570777246679674,0.5630033521111713,3.0730052335390754
255,robotB,0.0,0.0,,,,,0.22014423036895883,0.3311538488298025,0.6619104926079755,,,-0.31753400723919245,-0.5200200037176962,-0.1231361672927466
255,robotC,0.05,0.0,,,robotC,2.0,0.2161562569118044,0.34840653305522423,0.5838266728272866,0.2748501277091805,0.3913599529325288,-0.5251097506487343,0.33555425476074646,-1.7030727342659968
255,robotD,0.05,0.0,,,robotD,3.0,0.41437431388547447,0.06626177169344366,0.03467753495736554,0.04807640996111722,0.023641103994765184,-0.09635045790707433,-0.018645251190941937,0.1268560188902941
256,robotA,0.0,0.0,,,,,0.17818209890074466,0.3213785691007675,0.6245730824541141,,,0.25733600167735704,0.5629865390374226,3.073029598003819
256,robotB,0.0,0.0,,,,,0.23725258982014602,0.37852991004174774,0.6489274817301336,,,-0.3163196953044001,-0.5201777165017016,-0.12198345067326018
256,robotC,0.0,0.0,,,robotA,3.0,0.22048459450252955,0.3521681109771734,0.597843332109438,-0.09246386773897054,0.37595966682539494,-0.5313860321336574,0.28933942544145064,-1.7105823133514515
256,robotD,0.0,0.0,,,robotD,3.0,0.02126331271801458,0.06623750927162954,0.034700169939852483,0.0471727165897072,0.024118626814648176,-0.1225598992355474,-0.024318941892223243,0.14087848865102076
257,robotA,0.0,0.0,,,,,0.1876803042872457,0.30938773626606153,0.6223098059181938,,,0.2570444195903852,0.563002897628872,3.073008069957026
257,robotB,0.0,0.0,,,,,0.2471178197767515,0.39073069921268305,0.6511672591516167,,,-0.3169818257289593,-0.5200957923947944,-0.12171904540905898
257,robotC,0.0,0.0,,,robotC,3.0,0.45418905327495795,0.2915596146432591,0.6184749469498193,0.22474190195674726,0.42169948388684364,-0.5313652687386642,0.2894810192172332,-1.710392429147059
257,robotD,0.0,0.0,,,robotD,3.0,0.021966860863958833,0.06641512534858389,0.03471450721095466,0.038810060737529024,0.020485512237295715,-0.12258857808247146,-0.024329649329585097,0.14086592741120357
258,robotA,0.0,0.0,,,,,0.1877906667235376,0.3092248591466988,0.6223069055018218,,,0.25727042028218017,0.5629904912953775,3.073024149263631
258,robotB,0.0,0.0,,,,,0.24736727879673281,0.39107400451530033,0.6511871510095485,,,-0.31945811965469617,-0.5197880432662899,-0.12075344792113936
258,robotC,0.0,0.0,,,robotA,3.0,0.20784715739543688,0.2914818561397663,0.6185400776499494,0.09587661048008533,0.3995538461110193,-0.5313993488252797,0.2892015324519301,-1.7103765778688074
258,robotD,0.0,0.0,,,,,0.03099798199938011,0.06634974653163542,0.03471367425478019,,,-0.12255134336495638,-0.024316643204441234,0.14088717615423932
259,robotA,0.0,0.0,,,,,0.1877750167636846,0.3092592356810776,0.6222972828784615,,,0.257202941434083,0.5629924489984773,3.0730179340449877
259,robotB,0.0,0.0,,,,,0.24832636458190635,0.3924387340864846,0.6512182872364829,,,-0.32140002402733536,-0.5210530573249056,-0.11882400356181033
259,robotC,0.0,0.0,,,robotA,3.0,0.2935568610224183,0.2913003210134345,0.6186090994484208,0.09635036903639507,0.402352380127031,-0.5313587932617523,0.28952165547775194,-1.7104059307298254
259,robotD,0.0,0.0,,,robotD,3.0,0.03111568127292698,0.06648609926237223,0.034706008454016606,0.03905908240925182,0.0197704659779682,-0.12244369419985397,-0.024297355753065922,0.14089199192195026
260,robotA,0.0,0.0,,,,,0.18779199332487534,0.3092350592594509,0.622296060743689,,,0.2570223367927903,0.5630035686569236,3.073002630272571
260,robotB,0.0,0.0,,,,,0.24931268840089343,0.3924881208389464,0.6525278464104403,,,-0.3158770078021562,-0.5234190577833887,-0.1197690681810834
260,robotC,0.0,0.0,,,robotA,2.0,0.2912579992368136,0.29144655648295187,0.618613101857191,-0.10754110415573671,0.36878554442003914,-0.5313964809711006,0.2892269805314995,-1.7103809074242622
260,robotD,0.0,0.0,,,robotD,3.0,0.031138277883751928,0.06638266772994643,0.03470412041311823,0.039926914169196435,0.019135617031763197,-0.12274272481653226,-0.024345842884164526,0.14087804282613683
261,robotA,0.0,0.0,,,,,0.18786764306299408,0.30912286358949714,0.622294611466383,,,0.25708244231118743,0.5629953478590555,3.0729893128592005
261,robotB,0.0,0.0,,,robotA,2.0,0.2478664723260708,0.3886709850627686,0.6540911933090505,-0.10607161258594086,0.379312865279502,-0.31351912496780643,-0.5237126567253639,-0.12067878742936833
261,robotC,0.0,0.0,,,robotA,3.0,0.47064783981493047,0.2913236011663953,0.6186181603266682,0.09881969617760102,0.3984462903834964,-0.5313721411166528,0.28941560074100603,-1.7103957089295874
261,robotD,0.0,0.0,,,robotD,3.0,0.030839453393445928,0.06654673365607683,0.034706650911773405,0.03988610424433471,0.019768742318608073,-0.12239956488405407,-0.024292636855622482,0.140897878233959
262,robotA,0.0,0.0,,,,,0.1878463238585768,0.3091527361300065,0.6222965681713233,,,0.2571462239170135,0.5629925384082125,3.072987660448058
262,robotB,0.0,0.0,,,,,0.5648828498889767,0.38748936323347727,0.6540676600454458,,,-0.3130123172162411,-0.5237684416021887,-0.12090527940787903
262,robotC,0.0,0.0,,,robotC,3.0,0.2924955534765126,0.29137521271755196,0.6186189995314835,0.22663745871764743,0.4253050121161953,-0.5313782720521597,0.2893686833013612,-1.710390991399525
262,robotD,0.0,0.0,,,robotD,3.0,0.03040447493895108,0.06636963774973108,0.03470375317839161,0.039177211373918816,0.02007773398544985,-0.12275054571896213,-0.02434624162080431,0.1408789581036571
263,robotA,0.0,0.0,,,,,0.18784197008656228,0.30915695342589283,0.6222986435731007,,,0.25709500894022314,0.5629909715696854,3.0729727326033767
263,robotB,0.0,0.0,,,,,0.564659458999789,0.38723337112182454,0.6540682067872072,,,-0.3143698130558048,-0.5236040977134905,-0.12034088195884048
263,robotC,0.0,0.0,,,robotC,3.0,0.2038757914912706,0.2914054319467367,0.6186193881982344,0.2261109817999311,0.42456768361695696,-0.5313917217739347,0.2892642567572389,-1.7103818072167447
263,robotD,0.0,0.0,,,,,0.03103400877024557,0.06654736829326856,0.03470593314193696,,,-0.12246605255420995,-0.024302073478001597,0.14089579124886992
264,robotA,0.0,0.0,,,,,0.18784967523848783,0.30914492813545785,0.6222990292517013,,,0.2571452898925617,0.5629901061531046,3.0729700003356597
264,robotB,0.0,0.0,,,,,0.5653018818567389,0.3879669344394095,0.6540711803199228,,,-0.3177571182669605,-0.5231984348013017,-0.11889264035198538
264,robotC,0.0,0.0,,,robotC,3.0,0.20471085651547571,0.2913130515532694,0.6186172259384489,0.22541307957318113,0.4231239503101611,-0.5313415489438308,0.2896765720315473,-1.7104211527294668
264,robotD,0.0,0.0,,,robotD,3.0,0.030909928025507016,0.06640785766048658,0.0347035862121701,0.03907915524257956,0.020032684105183676,-0.12261656684572185,-0.02432514288209916,0.14088779512113533
265,robotA,0.05,0.0,,,,,0.18784424421813758,0.3091498557134803,0.6223019145118078,,,0.21893101560164535,0.565623421122795,3.0728211042676823
265,robotB,0.05,0.0,,,robotA,2.0,0.5668036402748164,0.3896899168626906,0.6540616096761546,-0.10447058090944543,0.37886384608766654,-0.30877660355375003,-0.5251760413391782,-0.11890335833388156
265,robotC,0.0,0.0,,,robotA,2.0,0.20637717066777106,0.29153094174108196,0.6186232210893147,-0.10326040242588913,0.36825105780803513,-0.5314367806745685,0.28896127716218895,-1.7103529925558723
265,robotD,0.0,0.0,,,robotD,3.0,0.031081343391513038,0.06647965393992653,0.0347045135125152,0.03995340063086107,0.01963450289334845,-0.12266901756846325,-0.024328527985864233,0.1408897353228597
266,robotA,0.05,0.0,,,,,0.21552200905058036,0.2704022316508595,0.6223497736423511,,,0.16957406209352455,0.5690328722336159,3.072375661055152
266,robotB,0.05,0.0,,,robotC,2.0,0.5575612023594584,0.37995206863304054,0.6549239681385753,0.2471284438440293,0.4334433504924754,-0.2572559532270071,-0.5313403217317365,-0.12023899538136587
266,robotC,0.05,0.0,,,robotC,3.0,0.46718281473121226,0.2911733191322501,0.6186144370750007,0.22591723179703882,0.417075565684703,-0.5317310952372867,0.2868774710937858,-1.7104026994687531
266,robotD,0.05,0.0,,,robotD,3.0,0.030533650599819197,0.06651058933351904,0.034701670748099905,0.0404457722198284,0.019308382829423338,-0.08647978017080585,-0.019190728115431828,0.1411975574355675
267,robotA,0.05,0.0,,,robotC,2.0,0.28933933615555757,0.18469112304458696,0.6158207384313283,0.47356274536666537,0.1835846491354508,0.13965951762891934,0.5622104346315594,3.0873616048120773
267,robotB,0.05,0.0,,,,,0.2572763738529429,0.36346879635030577,0.6629124223118267,,,-0.20595990236595982,-0.5374805256567352,-0.12076539592644486
267,robotC,0.05,0.0,,,robotC,2.0,0.24182028016574075,0.27577870593737064,0.6536994894455738,0.21962883727693694,0.4315897476991985,-0.5386675839188144,0.23751607117420592,-1.7107877916868937
267,robotD,0.05,0.0,,,robotD,3.0,0.030031108584918784,0.06622514588142725,0.03471264770817839,0.04754041912761498,0.023675781851665696,-0.040383427825245656,-0.012631335327348083,0.14156784586912644
268,robotA,0.05,0.0,,,,,0.572580397259813,0.08821374602225808,0.6070872583723589,,,0.08840870600814021,0.5649972366295092,3.0870137788399523
268,robotB,0.05,0.0,,,,,0.26483038970476497,0.3590961535172996,0.6734399490135794,,,-0.15825911828819222,-0.5431965458082646,-0.12053080206049045
268,robotC,0.05,0.0,,,robotB,3.0,0.2684143949256871,0.21469871395622697,0.6999588615840964,0.43770050166226604,0.09674302309278346,-0.5502320043102453,0.2149987795804621,-1.716070392627127
268,robotD,0.05,0.0,,,robotD,3.0,0.02169468047595684,0.06621004919250721,0.034725853081930894,0.05452682497726126,0.02624892586941152,0.006086736428526775,-0.0060045248571318245,0.14197069775439053
269,robotA,0.05,0.0,,,robotA,3.0,0.6361330723223123,-0.008814000696803178,0.5982869044457447,0.016932570183761125,0.4876877754313531,0.03956971887527759,0.567678515350464,3.0867089368839453
269,robotB,0.05,0.0,,,,,0.2731315655347943,0.35579558933520306,0.6840272757197089,,,-0.1643905193432935,-0.5366577366226114,-0.09895173652160735
269,robotC,0.05,0.0,,,robotB,3.0,0.7086719864635159,0.15429843857923192,0.7462807472000331,0.44397374985444304,0.10270611958735756,-0.5554988649064669,0.17590869082907878,-1.6148144230379815
269,robotD,0.05,0.0,,,robotD,3.0,0.01443284360506849,0.06619805965121901,0.03473946505804806,0.05765389188225574,-0.0011097263210801782,0.05443294015835784,0.0009170063201439024,0.14228939384564393
270,robotA,0.05,0.0,,,robotA,3.0,0.17745056033617201,-0.20343012775645358,0.5803231626396242,-0.13205659448898402,0.4719087521757849,-0.010000970149231802,0.5704044617938733,3.0864147692443624
270,robotB,0.05,0.0,,,robotB,3.0,0.14276846790041242,0.3528910984371828,0.7057487191405412,0.31756216879684346,0.5678625796402017,-0.11683500340353997,-0.5415162503756549,-0.09953384045728972
270,robotC,0.05,0.0,,,robotC,3.0,0.7043493722442014,0.2156778343192004,0.7690311252195384,0.1247833065760422,0.5455269468702784,-0.5570214749568398,0.12532092356958988,-1.609700669625544
270,robotD,0.05,0.0,,,robotD,3.0,0.03686366661047222,0.06618158662200947,0.03475402053272222,0.04711240490496175,0.021702466843728944,0.1013278757125591,0.007631617917845841,0.1424409555136062
271,robotA,0.05,0.0,,,,,,,,,,-0.06065784921854471,0.5732127043432218,3.0860358605922142
271,robotB,0.0,0.5,,,,,,,,,,-0.0665322084396191,-0.5465468280826395,-0.09949470014847743
271,robotC,0.05,0.0,,,,,0.30684512691646776,0.13145469043778488,0.8237780558218007,,,-0.5589471389376357,0.07564740539508566,-1.6101206730391309
271,robotD,0.05,0.0,,,,,0.023526868449713478,0.06616732100673658,0.03478183942829318,,,0.14980504554218346,0.014593267522955672,0.14270663077094092
272,robotA,0.05,0.0,,,robotA,3.0,0.19568232317083828,-0.30065280797439164,0.5712409644733032,-0.21207552380458006,0.46514813706683955,-0.09193442216971244,0.5768851157632781,3.081747011772623
272,robotB,0.05,0.0,,,,,0.15209287247123884,0.3504431024688862,0.7163586605898592,,,-0.02424384030255672,-0.546064311383708,0.0018154803934921845
272,robotC,0.05,0.0,,,robotB,3.0,0.3296195502183434,0.075322200926573,0.8714144227175022,0.5397140236913808,0.20750202225547526,-0.5608768680210416,0.026821562075239863,-1.6104197701417844
272,robotD,0.05,0.0,,,robotB,3.0,0.023111722727944758,0.06615566415677925,0.03479849694912597,-0.04588056643591397,0.4815879685623132,0.16007875588136405,0.0026067529604942223,0.10834981671021997
273,robotA,0.05,0.0,,,robotA,3.0,0.20958874666979044,-0.397856659683696,0.5621677860152823,-0.2877395953954859,0.45882729389881244,-0.13663299747010024,0.5803477303524094,3.079824510858632
273,robotB,0.05,0.0,,,,,0.15832960368904336,0.4269422230023408,0.6823364506603258,,,0.023201318794979067,-0.545649313001393,0.007617553217603172
273,robotC,0.05,0.0,,,,,0.8813059333509852,0.01963295612993215,0.9189904840900963,,,-0.581372165548832,0.022236165853184574,-1.6430533976711106
273,robotD,0.05,0.0,,,robotD,3.0,0.46059422395763905,0.06613760711305888,0.03482296552616228,0.04740905075991211,0.02301810464682845,0.20661188559453003,0.007680059944971922,0.10865817398793343
274,robotA,0.05,0.0,,,robotA,4.0,0.22743816149304044,-0.49475498847477856,0.5530225397000751,-0.36730577648005197,0.4573546835445174,-0.18579705206700053,0.5833931863923355,3.0797060486955314
274,robotB,0.05,0.0,,,,,0.16157284021420096,0.42779165832207555,0.6859948882348045,,,0.06876500787993525,-0.5452416851910586,0.009907339021159298
274,robotC,0.05,0.0,,,robotC,3.0,0.9526471409568716,-0.03663008788451018,0.9660295696953151,-0.5003949297661707,0.43098541273235774,-0.5849092173626012,-0.02647460448647065,-1.643309184009493
274,robotD,0.05,0.0,,,robotD,3.0,0.022136801968097735,0.06612762702808012,0.03483558762196122,0.022215627779724207,0.04895697968711887,0.254837677901451,0.012942315035107687,0.10911121261293209
275,robotA,0.0,0.0,,,robotA,3.0,0.24086655537707616,-0.5920707784554461,0.5439421617744506,-0.43597418167404367,0.4533874502428757,-0.20001338567841043,0.584272709666019,3.0796184760671883
275,robotB,0.0,0.0,,,robotB,4.0,0.16467291087750735,0.42602400025394577,0.6917706047791838,0.37331399409521265,0.5444450973586573,0.06337706210477981,-0.5323336495295481,0.013459671193168007
275,robotC,0.05,0.0,,,robotA,4.0,0.710715903235398,-0.09294513157981475,1.013309855864883,-0.4341508912584961,0.5893205994994933,-0.5888839431199335,-0.08113949222433893,-1.643647113198468
275,robotD,0.05,0.0,,,robotD,3.0,0.04568066200396771,0.06566229515359678,0.03484634627735249,0.02413703531113403,0.048396864419926446,0.3019262172646224,0.018099720110977473,0.10923734080376413
276,robotA,0.0,0.0,,,robotA,3.0,0.2303344834048416,-0.6514293768987375,0.534830885190478,-0.4897976755376212,0.44389438017441896,-0.2000116048674667,0.5842728505914365,3.0796228820933833
276,robotB,0.0,0.0,,,robotB,3.0,0.1640260179492896,0.43201589785417305,0.697607171839824,0.3677215454282035,0.5602413365917025,0.0653832202251368,-0.5322996717780918,0.01336468689693086
276,robotC,0.0,0.0,,,robotD,3.0,0.5511083831041292,-0.1487684938736482,1.0607835749180563,0.05385773587398827,-0.0041748144637354925,-0.5920076452372751,-0.12386380609935208,-1.6436789918513548
276,robotD,0.0,0.0,,,robotD,3.0,0.04410355495477098,0.06611544208855968,0.03487144671556374,0.047030700860794264,0.022047550593794374,0.31423345501645245,0.019445090296881098,0.10923755088885705
277,robotA,0.0,0.0,,,robotA,3.0,0.19445431195041435,-0.6628194358874436,0.5326409287358006,-0.5119587993380366,0.4416869252067905,-0.2000549080355044,0.5842743789502919,3.0796253790498125
277,robotB,0.0,0.0,,,,,0.15763729600091803,0.442479636143178,0.6990244226041294,,,0.065435690131994,-0.5322975754143994,0.013379375913310843
277,robotC,0.0,0.0,,,robotC,3.0,1.104252602390479,-0.19211553916908328,1.0723338747026507,-0.1209693550119735,0.8516298776807256,-0.5920192251832279,-0.1240806875601459,-1.6438005985092285
277,robotD,0.0,0.0,,,robotD,3.0,0.02306110360532839,0.06619967011559935,0.03486804657499681,0.048029333221476074,0.022887666035742476,0.3142522096724118,0.01944955748817017,0.10923245625864458
278,robotA,0.0,0.0,,,robotA,3.0,0.17625523380939162,-0.6629385974479425,0.5326320075801401,-0.5117810667169664,0.441661147723167,-0.1999159595908027,0.5842657903798041,3.0796262605759948
278,robotB,0.0,0.0,,,,,0.15766877315820474,0.442553527392081,0.6990203569967022,,,0.06353594662899952,-0.5323222387067854,0.01333942102253104
278,robotC,0.0,0.0,,,robotD,3.0,0.23200263197281334,-0.1923606440417227,1.0723752175929953,0.033332817688247626,-0.04301581152134036,-0.5920185153744946,-0.1240409308818928,-1.643812793723641
278,robotD,0.0,0.0,,,robotD,3.0,0.021813905620686566,0.06626173226682072,0.034863729808098425,0.04842508881282775,0.023031725337377174,0.3143249974210999,0.01945831922380271,0.10923548866074678
279,robotA,0.0,0.0,,,robotA,3.0,0.17633979969708855,-0.6628428440504033,0.532634024923311,-0.5110547353451897,0.4444807300884362,-0.20012768834469574,0.584274553721173,3.0796355369903
279,robotB,0.0,0.0,,,robotB,2.0,0.15814349980572062,0.4435635873041432,0.6990121952576708,0.3577357121952572,0.5427177417051883,0.062291586647781234,-0.532369879446896,0.013153383734190225
279,robotC,0.0,0.0,,,robotC,3.0,1.1379948564078755,-0.19236083428822046,1.0723741062510528,-0.12062319884079972,0.8475453609317382,-0.5920107676736754,-0.12392570769171546,-1.6438184529953117
279,robotD,0.0,0.0,,,robotD,3.0,0.021368538912848845,0.06621913786319396,0.03486330484575628,0.04792795521203866,0.022820474846444654,0.3142001320058798,0.01944276414795841,0.10922885955023598
280,robotA,0.0,0.0,,,robotA,3.0,0.17563336197436624,-0.662962752879125,0.5326341874643575,-0.5082638457940397,0.4497874348286954,-0.199826114020816,0.584257902339469,3.0796295610803406
280,robotB,0.0,0.0,,,,,0.17838468456136783,0.44359913306671883,0.6990781223721237,,,0.06514798386064624,-0.5323154557056903,0.01326580792324021
280,robotC,0.0,0.0,,,robotC,4.0,0.23597901515055386,-0.19230601766433938,1.0723734487609435,-0.1145895948358686,0.8401163117006102,-0.5920236367472871,-0.12415221866952297,-1.6438123968085212
280,robotD,0.0,0.0,,,robotD,3.0,0.02195590243018801,0.06628572376138063,0.03486431083888189,0.04827670019743206,0.02296100060344474,0.3143421908990786,0.019460361038212876,0.10923690399855099
281,robotA,0.0,0.0,,,robotA,3.0,0.17533568444601386,-0.6627914195299061,0.532635676786256,-0.5094794724679068,0.44352014394798384,-0.2001773931090084,0.5842751675540165,3.0796423061444065
281,robotB,0.0,0.0,,,robotB,2.0,0.17771212780292958,0.44221066784334745,0.6990685723281754,0.35528710953232506,0.53910217593299,0.06610846349164787,-0.5323046742632287,0.013324670205050897
281,robotC,0.0,0.0,,,robotC,3.0,0.2449502836113477,-0.19242378181973382,1.0723715178378255,-0.12080402216616629,0.8504240542583773,-0.5920045424300695,-0.12386849593936308,-1.643821688775109
281,robotD,0.0,0.0,,,robotD,3.0,0.02152695842192516,0.06621415497980225,0.03486300273878818,0.047910217028761755,0.02280571891944442,0.31422000621893303,0.01944579721826824,0.10923113503113481
282,robotA,0.0,0.0,,,robotA,3.0,0.17749204996582685,-0.6629780653482693,0.5326358540378455,-0.512910387894135,0.44274520360519937,-0.19979384701984448,0.5842556780936112,3.079629543703433
282,robotB,0.0,0.0,,,,,0.18183193104701606,0.4417716192217729,0.6990499196872005,,,0.06507594483988675,-0.5323204082162782,0.013329017006683588
282,robotC,0.0,0.0,,,robotC,3.0,0.23317319149450813,-0.1922822951367866,1.072371331161862,-0.12106696684426226,0.8533176575592547,-0.5920204914600278,-0.1241311958936776,-1.6438149475291688
282,robotD,0.0,0.0,,,robotD,3.0,0.021967520956274,0.06627266825011141,0.034863594441603876,0.04800951118759147,0.022825016385794258,0.3142914993891017,0.019454546738860132,0.10923532775236981
283,robotA,0.0,0.0,,,robotA,3.0,0.17476712058150423,-0.6627876855003523,0.5326359267005633,-0.5123138428096494,0.4459298985532387,-0.2001243247270335,0.5842716863673382,3.0796447081293508
283,robotB,0.0,0.0,,,,,0.18208725172575316,0.44232129744512916,0.6990422189972474,,,0.06233376493979607,-0.5323657696159828,0.013222634406290436
283,robotC,0.0,0.0,,,robotC,3.0,0.23037730006033483,-0.19241020802233663,1.0723698027696966,-0.12064899673853306,0.8503174868669978,-0.5920106174809059,-0.12394064361492876,-1.6438218771783537
283,robotD,0.0,0.0,,,robotD,3.0,0.021847346345499747,0.06624113199828947,0.03486306211403206,0.04815897731576372,0.02291443480953885,0.31428144804258346,0.019453269821702326,0.10923499176453612
284,robotA,0.0,0.0,,,robotA,3.0,0.1738038382618532,-0.6629442224137881,0.5326378159245232,-0.5068340993615479,0.4446827500691187,-0.19990359977258446,0.5842608097175301,3.079636924139671
284,robotB,0.0,0.0,,,robotB,3.0,0.18274812032665522,0.44366256714772323,0.6990604641652497,0.1772283999315776,0.6758405048954813,0.06432678419461653,-0.5323253011330101,0.01334179423372314
284,robotC,0.0,0.0,,,robotC,3.0,0.23333334559433677,-0.19231894531281793,1.0723712385524975,-0.1149642796465165,0.8427107947931691,-0.5920262591082572,-0.12420464039157152,-1.6438164640022346
284,robotD,0.0,0.0,,,robotD,3.0,0.02167367099671332,0.06624154550100907,0.034863022269976375,0.04830933249146378,0.022989851687939034,0.31423489120733117,0.0194478627311547,0.10923320302764444
285,robotA,0.05,0.0,,,robotA,3.0,0.179098043099976,-0.6628470950547949,0.5326375919884796,-0.5099771488861979,0.4478116049158067,-0.23483982690304045,0.5864285313720398,3.0795009697250473
285,robotB,0.05,0.0,,,robotB,3.0,0.2663856476886147,0.44260336574385567,0.6990232746742406,0.37828802100810033,0.5584627168717342,0.07202597432088327,-0.5322250888838014,0.01340008698041626
285,robotC,0.0,0.0,,,robotC,3.0,0.24237666881287712,-0.1924488890818448,1.0723683330658802,-0.12033128194771978,0.8470408426771652,-0.592005633862003,-0.12394065164592358,-1.643822160410771
285,robotD,0.0,0.0,,,robotD,3.0,0.021529719665164544,0.06626909372883932,0.034863174944594504,0.04804791664998472,0.023119256874696084,0.3143189582448309,0.01945822920631445,0.10923796170645397
286,robotA,0.05,0.0,,,robotA,3.0,0.20833691607307683,-0.7003119052542873,0.5325284929437575,-0.532266478302702,0.44798857388553026,-0.2859227830555903,0.5896137182467747,3.0790972586778875
286,robotB,0.05,0.0,,,,,0.1514056574874677,0.4345572578941037,0.6990238996338296,,,0.12056496708316616,-0.5315773105176165,0.013193573443919304
286,robotC,0.05,0.0,,,robotD,3.0,0.236550368471625,-0.19233168028721465,1.0723673157401759,0.05526322758244374,-0.019047735901571754,-0.5925866213364217,-0.13194410450650418,-1.643843930226489
286,robotD,0.05,0.0,,,robotD,3.0,0.021640626883098372,0.06622524481031729,0.03486240265617477,0.04872452916708036,0.022817167194834006,0.3485870820988807,0.02322035131317701,0.10969844668573948
287,robotA,0.05,0.0,,,robotA,3.0,0.2655171121081022,-0.786270409865563,0.5253276944703675,-0.7512922731061552,0.2580325254674673,-0.322786073479864,0.586295355186148,3.099838968226797
287,robotB,0.05,0.0,,,,,0.15107776002228074,0.4208076225172316,0.70343365554861,,,0.16869195204411988,-0.5309590604944449,0.01290356185287935
287,robotC,0.05,0.0,,,robotD,3.0,1.157080648702974,-0.20502388454009637,1.108376872161337,0.03150806553027102,-0.04408959879184761,-0.596182235790955,-0.1809297403502948,-1.6442397892791143
287,robotD,0.05,0.0,,,robotD,3.0,0.021214793763105744,0.06618493358828914,0.03486713615159665,0.04841767391408653,0.02306168599885225,0.3532317374945113,0.01941470372784209,0.1020820952724486
288,robotA,0.05,0.0,,,robotA,3.0,0.2897525902534104,-0.8834584049677904,0.5158865096276768,-0.7027134979403772,0.4643257475705886,-0.3690999420477699,0.585311403269367,3.1081294475193073
288,robotB,0.05,0.0,,,robotB,3.0,0.1564388476661136,0.41978748485980516,0.7092967566609096,0.3689995609921186,0.5677099014578901,0.2193109664874091,-0.5303150948634633,0.0123489867255582
288,robotC,0.05,0.0,,,robotC,3.0,1.235281621984154,-0.26123808649646374,1.156002221064176,-0.16452687216326184,0.9739450143777568,-0.591416674936246,-0.20190982063231533,-1.6459771481817551
288,robotD,0.05,0.0,,,robotD,3.0,0.0213272156987862,0.06616499864321813,0.03488888323324832,0.04995098297613191,0.024221012118063403,0.4000007571985543,0.024204181863152617,0.10227469722643308
289,robotA,0.05,0.0,,,robotA,3.0,0.28101333913766824,-0.980546077114478,0.5064868045161774,-0.792080435644919,0.45549705251350114,-0.41812818330631074,0.5869645193197256,3.1077265259887015
289,robotB,0.05,0.0,,,robotB,3.0,0.15485250765261874,0.41591946261798574,0.7152830086208257,0.3598327428130511,0.5750184169012174,0.26983625717463533,-0.5296962769507482,0.012224471400783437
289,robotC,0.05,0.0,,,robotC,3.0,0.2755087826089208,-0.31724926482254645,1.2032504004354612,-0.20741206531181877,0.9714489064400245,-0.5951376018096652,-0.25117583117395903,-1.6464203898254743
289,robotD,0.05,0.0,,,robotB,3.0,0.019405247016440752,0.06614537368167324,0.034912378796152735,-0.40692296433093816,0.36666555195922534,0.4481420243300348,0.02914945450313233,0.1027181083005669
290,robotA,0.05,0.0,,,robotA,3.0,0.28812293069641826,-1.0772043488456524,0.4969600156757463,-0.8877064959883932,0.4545507869570336,-0.4674913787957172,0.5886411736357284,3.1074793492472352
290,robotB,0.05,0.0,,,,,0.15519715806059947,0.41223712737918444,0.7211003745425751,,,0.2547369140713365,-0.5169595994163454,0.026524099449395645
290,robotC,0.05,0.0,,,robotC,3.0,0.3245805117519199,-0.37372858220829985,1.2501805422773666,-0.2599692047326159,1.024305166783209,-0.5988518773898206,-0.30010869354931713,-1.6466219337810497
290,robotD,0.0,0.5,,,robotB,3.0,0.5777829467194344,0.06613195876321441,0.03492442810482866,-0.40434513297574387,0.3878808076388166,0.47569027719673185,0.032091711144920265,0.2557267844361725
291,robotA,0.05,0.0,,,robotA,3.0,0.2692633564331939,-1.1544501946794214,0.4913006757500511,-0.9690592175682297,0.4546376835070338,-0.5186089919010053,0.5903964691874097,3.1070033505173873
291,robotB,0.05,0.0,,,,,0.1525627470379663,0.38988346344260855,0.7245922982221712,,,0.30148831126308373,-0.5157372717772238,0.026144939768908
291,robotC,0.05,0.0,,,robotC,3.0,0.3035376113241493,-0.4273655963993712,1.2775116626424594,-0.3104746360467832,1.062564839807063,-0.6027452975373896,-0.3512347999552492,-1.647043307754799
291,robotD,0.0,0.5,,,robotD,3.0,0.5997945437167257,0.07167833544691786,0.022976502124049687,0.05565196106560613,0.024075425437426214,0.47481268557727896,0.0316387774651415,0.7557639993571748
292,robotA,0.0,0.5,,,robotA,3.0,0.23848154200999966,-1.2047920931150886,0.4907411080797298,-1.013834442726558,0.4622898072398518,-0.5567714702139703,0.5910791040161334,-3.071288869681798
292,robotB,0.05,0.0,,,,,0.15089936093285555,0.3408540597967152,0.7247195415493297,,,0.35414538609563184,-0.5143682344358468,0.025677197525921073
292,robotC,0.05,0.0,,,robotC,3.0,0.27240225934431933,-0.4780514380815984,1.2773228578545253,-0.34807067588296203,1.0738053230947149,-0.6064812500402379,-0.40002012789174735,-1.6473544684845447
292,robotD,0.05,0.0,,,robotD,3.0,0.04327512073341492,0.07479231894793921,-0.014736721818656486,0.06591593751033498,-0.009104968278085789,0.44200696091403374,0.04805609214934938,1.245940308699077
293,robotA,0.0,0.5,,,robotA,2.0,0.22358096726066823,-1.1795247251331187,0.612407025563568,-0.9548858951689599,0.46367307962603976,-0.5324860313121916,0.5894379970130937,-2.6252681950602956
293,robotB,0.05,0.0,,,,,0.18075161384643595,0.2912486503910945,0.7422528875546912,,,0.40424842028489155,-0.5130848752215768,0.025516627035915132
293,robotC,0.05,0.0,,,robotC,3.0,0.28472559148411203,-0.5456529214637104,1.2788173195174761,-0.40658353525612095,1.0865694475488605,-0.5860028591915716,-0.41383453684510557,-1.6264346299735302
293,robotD,0.05,0.0,,,robotD,3.0,0.03192942794159945,0.06967456574433137,-0.040812397730445954,0.061235995548850064,-0.03620905425313217,0.4717877103545626,0.10383320982816331,1.2029180139759441
294,robotA,0.0,0.5,,,robotA,2.0,0.5859664993639222,-0.8288886515444941,1.0359330144247694,-0.7081406970636563,0.8228843694143146,-0.5345438993424764,0.5781168343104575,-2.131276148989098
294,robotB,0.05,0.0,,,,,0.23437195787113707,0.2590007155464731,0.7865913757444073,,,0.45238806709303575,-0.5118618273673996,0.025290019256742492
294,robotC,0.05,0.0,,,robotC,3.0,0.3146210183950258,-0.6405870354872558,1.2968757648469875,-0.5020914109500781,1.114109597713296,-0.5862059731914764,-0.4590662642981968,-1.6247186582598623
294,robotD,0.05,0.0,,,robotD,3.0,0.009372505980030543,0.07028459843232512,-0.038651727829948114,0.056615119450256345,-0.034688703168839964,0.4757965585850058,0.12302037509123719,1.5227368240284112
295,robotA,0.0,0.0,,,robotA,2.0,0.6409136900163074,-0.2675428818927908,1.28833460662231,-0.2849224948476701,1.0582551398198137,-0.5248725622702243,0.5858930806623298,-2.0091020533924175
295,robotB,0.0,0.0,,,,,0.2824675321535318,0.2100132132047298,0.8144803455430117,,,0.43656206930536345,-0.49103924406504773,0.04464676351496761
295,robotC,0.0,0.5,,,robotC,3.0,0.283662215016037,-0.7188012778900733,1.2971426160423776,-0.5726486013988039,1.1344559889848456,-0.5870698875700424,-0.47632157420847954,-1.3304785948833364
295,robotD,0.05,0.0,,,robotD,3.0,0.02167847667893146,0.06406390446796609,-0.05504728742410974,0.05216534817397989,-0.04781981519497582,0.48112151834565187,0.15714551412710107,1.501743359832024
296,robotA,0.0,0.0,,,robotA,2.0,0.27838758810627867,-0.1413650771727732,1.2967733090274158,-0.09098031069715704,1.0960817439590493,-0.5210229431363744,0.5885025529533628,-1.997915206406745
296,robotB,0.0,0.0,,,,,0.3420011893565736,0.1738464134011145,0.8620269512572283,,,0.4385602899122669,-0.49093893554791157,0.04470834595707199
296,robotC,0.0,0.0,,,robotC,4.0,0.41194892394395216,-0.3477480808127223,1.479596064575452,-0.408478809864138,1.243508671150973,-0.5838254604933775,-0.4490985025164598,-0.8505739740598883
296,robotD,0.0,0.0,,,robotD,3.0,0.013890511100061283,0.06506079624084589,-0.05298253906670163,0.05255338814078283,-0.04722919211094714,0.4820729728248263,0.1714621752471502,1.5015108015153298
297,robotA,0.0,0.0,,,,,0.2037292532838034,-0.13993380815283263,1.293842113422785,,,-0.52114263053022,0.5882024954427513,-1.9978469283197906
297,robotB,0.0,0.0,,,,,0.3529038112107197,0.17428948967119784,0.8752096912257545,,,0.43876514991009186,-0.4909259599859537,0.044702118416539316
297,robotC,0.0,0.0,,,robotC,3.0,0.7711925611496333,0.32100477257160454,1.4936919426325932,0.23563701724537034,1.3216433119590463,-0.5827838234415307,-0.4432074826907398,-0.8715751471129691
297,robotD,0.0,0.0,,,robotD,3.0,0.013940916681788108,0.06523620435700682,-0.0530167071868708,0.0539369121446054,-0.047210248655995025,0.4820820381590488,0.17167421348013512,1.5015083425137652
298,robotA,0.0,0.0,,,robotA,2.0,0.2037626442321587,-0.1401452466620973,1.2938240617770738,-0.08219043635197368,1.0901030976203923,-0.5209898897844081,0.5885539250807355,-1.9978961572715845
298,robotB,0.0,0.0,,,,,0.35295777420573593,0.17422207190633332,0.8752314566210558,,,0.43696263557331616,-0.49101026957887073,0.04463442445200764
298,robotC,0.0,0.0,,,robotC,3.0,0.18545688533215962,0.2604587377697802,1.5054316100286291,0.26623363334717637,1.3130444000104669,-0.5826365885470101,-0.44336952301579363,-0.8712254682242907
298,robotD,0.0,0.0,,,robotD,3.0,0.012653162112197174,0.06517479572892386,-0.05302509895353905,0.053811063902671166,-0.04716826998377719,0.48205290126908507,0.17146141520379837,1.5015169030613225
299,robotA,0.0,0.0,,,,,0.2117467791626114,-0.13995811571556044,1.293817588284865,,,-0.5211407440855463,0.5882106079377906,-1.9978302049821617
299,robotB,0.0,0.0,,,robotB,2.0,0.352516669619306,0.17510953218632283,0.8752605488801259,0.15021471667698788,0.6566156909003057,0.4376570751917279,-0.4909712113711401,0.04465575951584914
299,robotC,0.0,0.0,,,robotC,3.0,0.19238029420335953,0.2607386640106665,1.505346201639474,0.2651609651165979,1.309026727073751,-0.5829104538367506,-0.44302286588603973,-0.871293171626476
299,robotD,0.0,0.0,,,robotD,3.0,0.012885302196368931,0.06528281832133101,-0.053035966571852305,0.05418942768128905,-0.047416103992618745,0.48205685035384893,0.1715880390584081,1.5015165249241775
