t,robot,cmd_vel_x,cmd_vel_rot,command,status,identify_as,num_detections,sunburstError,real_waldo_pos_0,real_waldo_pos_1,sunburstRobotCalc/waldoPosition_0,sunburstRobotCalc/waldoPosition_1,x,y,theta
0,robotA,,,,,,,,,,,,,,
0,robotB,,,,,,,,,,,,,,
0,robotC,,,,,,,,,,,,,,
0,robotD,,,,,,,,,,,,,,
0,robotE,,,,,,,,,,,,,,
0,robotF,,,,,,,,,,,,,,
1,robotA,,,,,,,,,,,,,,
1,robotB,,,,,,,,,,,,,,
1,robotC,,,,,,,,,,,,,,
1,robotD,,,,,,,,,,,,,,
1,robotE,,,,,,,,,,,,,,
1,robotF,,,,,,,,,,,,,,
2,robotA,,,,,,,,,,,,,,
2,robotB,,,,,,,,,,,,,,
2,robotC,,,,,,,,,,,,,,
2,robotD,,,,,,,,,,,,,,
2,robotE,,,,,,,,,,,,,,
2,robotF,,,,,,,,,,,,,,
3,robotA,,,,,,,,,,,,,,
3,robotB,,,,,,,,,,,,,,
3,robotC,,,,,,,,,,,,,,
3,robotD,,,,,,,,,,,,,,
3,robotE,,,,,,,,,,,,,,
3,robotF,,,,,,,,,,,,,,
4,robotA,,,,ready,,,,,,,,0.09518870608341017,-0.011040932273086267,2.7178506686427033
4,robotB,,,,,,,,,,,,,,
4,robotC,,,,,,,,,,,,,,
4,robotD,,,,,,,,,,,,,,
4,robotE,,,,,,,,,,,,,,
4,robotF,,,,,,,,,,,,,,
5,robotA,,,,,,,,,,,,0.0947533812627877,-0.010857119685290254,2.7178715229049852
5,robotB,,,,ready,,,,,,,,-0.29663436009267735,0.0605645632675993,-3.007687120467167
5,robotC,,,,ready,,,,,,,,-0.3888998265877209,-0.4340843420904115,2.5912154657972253
5,robotD,,,,,,,,,,,,,,
5,robotE,,,,,,,,,,,,,,
5,robotF,,,,,,,,,,,,,,
6,robotA,,,,,,,,,,,,0.09514099035393948,-0.011025093392040481,2.7178566040375944
6,robotB,,,,,,,,,,,,-0.2962631829344133,0.06061874436405883,-3.0077059729964866
6,robotC,,,,,,,,,,,,-0.38878196149980865,-0.4341587132742733,2.591210169401365
6,robotD,,,,ready,,,,,,,,-0.6256763555505408,-0.20971012229686883,-1.899538960986358
6,robotE,,,,,,,,,,,,,,
6,robotF,,,,ready,,,,,,,,0.30221380219383515,-0.6326059491250898,1.1319903494508234
7,robotA,0.0,0.5,go,running,,,,,,,,0.09606161765265415,-0.01137298318194313,3.0748347282674375
7,robotB,0.0,0.5,go,running,,,,,,,,-0.2957331908869429,0.06063662402898606,-2.6474820412422533
7,robotC,0.0,0.5,go,running,,,,,,,,-0.388184472380716,-0.4345473841726349,2.924567899426053
7,robotD,0.0,0.5,go,running,,,,,,,,-0.626176881525716,-0.2168592525839155,-1.636468648250842
7,robotE,0.0,0.5,go,running,,,,,,,,0.02896267583309624,0.7825754023202167,1.0607935890056601
7,robotF,0.05,0.0,go,running,,,,,,,,0.3154841046721013,-0.6043473934430637,1.1316717144116748
8,robotA,0.0,0.5,,,,,,,,,,0.09269319178669663,-0.00913657302823706,-2.7543003192787716
8,robotB,0.05,0.0,,,,,,,,,,-0.2973992149237357,0.057469491307232716,-2.192873404140967
8,robotC,0.05,0.0,,,,,,,,,,-0.3903324781852453,-0.43212406715433366,-2.9143454548255416
8,robotD,0.0,0.5,,,,,,,,,,-0.6280123423491395,-0.21596299868471538,-1.1996027770160615
8,robotE,0.0,0.5,,,,,,,,,,0.020686691623948816,0.7743067493131197,1.5206332325836869
8,robotF,0.05,0.0,,,,,,,,,,0.33941542057504764,-0.5533981870311129,1.1314573265091645
9,robotA,0.05,0.0,,,,,,,,,,0.07702979018366699,-0.001054639357796143,-2.325927387589951
9,robotB,0.0,0.5,,,,,,,,,,-0.30641395069572797,0.041919394995904316,-1.8798379510607124
9,robotC,0.05,0.0,,,,,,,,,,-0.4433867307372818,-0.4436995933822824,-2.816701035426722
9,robotD,0.0,0.5,,,,,,,,,,-0.627714726399918,-0.21644024194188338,-0.7126542955512142
9,robotE,0.0,0.5,,,,,,,,,,0.013843464824583103,0.7585907898346684,1.9758006785196789
9,robotF,0.05,0.0,,,,,,,,,,0.3603821202303746,-0.5088173851671399,1.1310319953679873
10,robotA,0.0,0.5,,,,,,,,,,0.06648571222154986,-0.026264916669025425,-2.540991279820395
10,robotB,0.05,0.0,,,,,,,,,,-0.29404932495061564,0.04132780895763681,-1.424922157014073
10,robotC,0.05,0.0,,,,,,,,,,-0.4897758283923493,-0.4593167790807062,-2.8170402191428727
10,robotD,0.0,0.5,,,,,,,,,,-0.6233203068511527,-0.19854372211157822,-0.23111280812359628
10,robotE,0.0,0.5,,,,,,,,,,0.008029467369485122,0.7504892217279743,2.475068165362457
10,robotF,0.05,0.0,,,,,,,,,,0.3813201743189091,-0.46433451579798585,1.1308391367638861
11,robotA,0.0,0.5,,,,,,,,,,0.07660392127993643,-0.014492468386496066,-2.2796316264104712
11,robotB,0.05,0.0,,,,,,,,,,-0.2946732221418269,-0.009553480272183456,-1.460746535978751
11,robotC,0.05,0.0,,,,,,,,,,-0.5350356625790821,-0.47454933893111184,-2.8172787660485343
11,robotD,0.0,0.5,,,,,,,,,,-0.6193120626298262,-0.21706460167995636,0.24918969819778172
11,robotE,0.0,0.5,,,,,,,,,,-0.0008323370030159268,0.7398900625415555,2.972885794192237
11,robotF,0.05,0.0,,,,,,,,,,0.4016804779270194,-0.42109489570302516,1.1304363082146949
12,robotA,0.05,0.0,,,,,,,,,,0.09030322006783056,0.004087242170601192,-2.3093154830206037
12,robotB,0.05,0.0,,,,,,,,,,-0.2892440958873248,-0.058514604617116286,-1.4610322173685866
12,robotC,0.0,0.5,,,,,,,,,,-0.5833399459743883,-0.49078377234918885,-2.817681892893654
12,robotD,0.0,0.5,,,,,,,,,,-0.6201144130615103,-0.22739271059119748,0.7679937328530477
12,robotE,0.0,0.5,,,,,,,,,,0.00017754249285902024,0.7244143614502075,-2.81200274837485
12,robotF,0.05,0.0,,,,,,,,,,0.4225779290278229,-0.3767660095562277,1.1301711783183732
13,robotA,0.0,0.5,,,,,,,,,,0.0724123731864718,-0.011850870765534472,-2.4071455308560044
13,robotB,0.05,0.0,,,,,,,,,,-0.2838526790603722,-0.10737661135952688,-1.4613500185039503
13,robotC,0.0,0.5,,,,,,,,,,-0.5866809883279419,-0.49191356239902156,-2.4083682283620984
13,robotD,0.0,0.5,,,,,,,,,,-0.6114018057166755,-0.2370143129099124,1.274379705089535
13,robotE,0.05,0.0,,,,,,,,,,-0.02871254070115662,0.703025770276817,-2.6242813624376335
13,robotF,0.05,0.0,,,,,,,,,,0.4398789206261009,-0.3277340067961348,1.1301798033813055
14,robotA,0.0,0.0,,,robotA,3.0,,,,-0.07629909337828666,0.031088072737535357,0.0818388341867152,-0.0020096035123629633,-2.4266128416735193
14,robotB,0.0,0.0,,,robotF,5.0,,,,0.006770462607389171,-0.1940692146525046,-0.27875576739443936,-0.15377833376698677,-1.4617804912326469
14,robotC,0.0,0.5,,,robotA,5.0,,,,-0.07615204714855386,0.005252141956431975,-0.5663928706546116,-0.49417266898258294,-2.0167019355244404
14,robotD,0.05,0.0,,,robotE,4.0,,,,0.39770149630458457,-0.3787926648597114,-0.5989485999389591,-0.19991081939183036,1.4561053449932921
14,robotE,0.05,0.0,,,robotA,5.0,,,,0.13796754740167638,0.03207282478466224,-0.07085923059776456,0.6784812787173263,-2.614007679106068
14,robotF,0.05,0.0,,,robotE,5.0,,,,0.1589461401181836,0.3372180422674123,0.460806315498502,-0.28337811397382856,1.129829114077608
15,robotA,0.0,0.0,,,,,0.19956726247954198,0.09611117232192626,-0.06941960127176797,,,0.08198640060850299,-0.0020691272825716705,-2.4271038797427895
15,robotB,0.0,0.0,,,robotF,5.0,0.49159463225953737,-0.10950230325990085,0.2835770209486567,-0.018410790379906096,-0.17486167396127897,-0.27875737961969904,-0.15372582518358793,-1.4617472192841447
15,robotC,0.0,0.0,,,robotE,5.0,0.6856362757843698,-0.6898654171226807,0.3109529796825675,-0.5067708963781205,0.1670636719610198,-0.5659811977504761,-0.501700718803298,-1.9106868383239572
15,robotD,0.0,0.0,,,robotD,5.0,0.23653696453124237,0.27183190846584815,-0.5790589437160402,0.2515078820725893,-0.4559480914312948,-0.5896872344370712,-0.15250203767111395,1.4688223298031025
15,robotE,0.05,0.0,,,robotF,3.0,0.6588175466608798,0.33241984056919316,0.6615399529733824,0.15662107352679205,0.4830906818347582,-0.11399254002883326,0.6533227867050455,-2.6141249577771997
15,robotF,0.05,0.0,,,robotC,6.0,0.24213078202686802,0.046572125644899355,0.5516927411857246,0.11193161588162097,0.5602418289042042,0.48189123888747176,-0.23871488588608694,1.1295383919392599
16,robotA,0.0,0.0,,,,,0.19968497870350838,0.09621611197402792,-0.06947332463774639,,,0.08386464571482874,-0.0008911994075189731,-2.4282526062907626
16,robotB,0.0,0.0,,,robotD,5.0,0.4674129778194261,-0.10957906938095952,0.28357396681941927,0.012118303380257234,-0.20121501862109525,-0.27873050091601426,-0.15393914287820246,-1.4617285388798595
16,robotC,0.0,0.0,,,robotC,4.0,0.26206659297681445,-0.6869020811110707,0.3574098183396084,-0.5096028599711728,0.2720824434093988,-0.563903601309973,-0.4998572852173781,-1.9226984852834486
16,robotD,0.0,0.0,,,robotA,4.0,0.1291046069978109,0.22323777702504147,-0.5819195195753776,0.005488222388215892,-0.03232353265143493,-0.589679031803897,-0.15253117347197948,1.468852744934021
16,robotE,0.0,0.0,,,robotD,5.0,0.2178180562230457,0.2814516471059958,0.661590075437854,0.3951563238767685,0.23840440356396758,-0.15510737250146073,0.629393118926928,-2.614698408039472
16,robotF,0.0,0.0,,,robotA,7.0,0.1163191745390241,-0.00407337589183415,0.5516982787591784,0.027919322219909896,0.1295164887759566,0.4931371000034968,-0.21495018250743456,1.1292978984486715
17,robotA,0.0,0.0,,,robotB,5.0,0.2007188701269232,0.09739076272912069,-0.06950963454457319,0.03956666103200112,-0.18539237626063912,0.08414109650300816,-0.00046294864920179337,-2.4279417378358463
17,robotB,0.0,0.0,,,robotB,5.0,0.49984510037259094,-0.10965027655648184,0.28357105513378844,-0.05357281338080272,-0.21664645938765031,-0.2787394908584515,-0.15388093169862604,-1.4617378480405208
17,robotC,0.0,0.0,,,robotC,5.0,0.19714351963607218,-0.6887528417099568,0.35436762662905097,-0.5707654793395295,0.2959571959494441,-0.5637119076652833,-0.4993223235288374,-1.9226915609870143
17,robotD,0.0,0.0,,,robotD,5.0,0.5911508716424638,0.2231456584524396,-0.5819457607041157,0.19057958638523984,-0.41842352585825154,-0.5896899103430855,-0.15255441933731784,1.4688440109395928
17,robotE,0.0,0.0,,,robotD,3.0,0.45244307225084035,0.23542796820905487,0.6617146751419999,0.339714095637208,0.37947992154799187,-0.1556455735901618,0.6290688333200017,-2.614534105624024
17,robotF,0.0,0.0,,,robotC,7.0,0.4254902632458073,-0.02509009251538224,0.5516917676192449,0.17485192904193644,0.5053553966093077,0.4930807639283789,-0.2150151821845554,1.129272945128325
18,robotA,0.0,0.0,,,robotB,4.0,0.129563099899618,0.09745193379755807,-0.06947908085215082,0.03639249617411415,-0.18855279953492632,0.08243977791939364,-0.0019466902273463389,-2.427862213319466
18,robotB,0.0,0.0,,,robotC,5.0,0.5033531828260186,-0.10966315639219223,0.28357179306016667,0.046790169674970995,-0.2149694955148931,-0.27871661754802207,-0.15406326364293715,-1.4617177339879062
18,robotC,0.0,0.0,,,robotC,4.0,0.13142699706485592,-0.6884946463338342,0.354377216458793,-0.5073142918437862,0.2827930683395139,-0.5638860638006022,-0.49981922487066793,-1.9226698078750992
18,robotD,0.0,0.0,,,robotA,5.0,0.16675223150072838,0.2232239860018047,-0.5819492115597539,0.004476770221955029,-0.03332774662196095,-0.5896740917656174,-0.1523935061830181,1.4688290704730034
18,robotE,0.0,0.0,,,robotD,5.0,0.300961147258965,0.235154335625542,0.6616941464654033,0.34380642413878304,0.38175371938089525,-0.15516242219579868,0.6293558780754114,-2.614665978479959
18,robotF,0.0,0.0,,,robotC,6.0,0.20520573031779826,-0.025054323412567622,0.5516898544658214,0.1183873422205203,0.5612680601331491,0.49314801002132247,-0.2148822185002475,1.1292698248355801
19,robotA,0.0,0.0,,,,,0.1332565086925332,0.09630666643895043,-0.06952511657671956,,,0.08226757434887368,-0.0021503523173577906,-2.4280272988263136
19,robotB,0.0,0.0,,,robotC,5.0,0.5225317451853331,-0.10972666893880333,0.2835702761751694,0.045361501445931644,-0.21762303611030767,-0.27874512847423594,-0.1538102033582009,-1.4617396202250776
19,robotC,0.0,0.0,,,robotC,5.0,0.19501982316483957,-0.68871928224956,0.35438190045127826,-0.5640948330694127,0.3055358943647624,-0.5637237858152592,-0.4993652120783975,-1.9226735339221122
19,robotD,0.0,0.0,,,robotA,4.0,0.5905869950384377,0.2231254425490689,-0.5819494348535892,0.004368417593135662,-0.033522210946263536,-0.5896998669315792,-0.1526620373943851,1.4688264936028852
19,robotE,0.0,0.0,,,robotD,3.0,0.3002052489668278,0.23539098918646148,0.6616988657423458,0.3500117156980279,0.381611337721226,-0.1556567854337687,0.6290583168780629,-2.6145510871880435
19,robotF,0.0,0.0,,,robotC,6.0,0.1438495590510074,-0.02514310245890428,0.5516916782852948,0.10317576806961934,0.5788238507380107,0.4930736634616923,-0.21502802710131005,1.129260027722257
20,robotA,0.0,0.0,,,,,0.1332165193330881,0.09623423407723272,-0.06953344216833031,,,0.0836370199953119,-0.000981495193715304,-2.427974281532535
20,robotB,0.0,0.0,,,robotC,5.0,0.5246093557493303,-0.10962244901619438,0.2835704906225111,0.04694725931431414,-0.21531605502442994,-0.2787175850141996,-0.15404071898773555,-1.461719271864603
20,robotC,0.0,0.0,,,robotC,5.0,0.13367529816952461,-0.6885244228162237,0.35438630414965155,-0.5645169246312125,0.30793687919907564,-0.5638584831051116,-0.4997405905465488,-1.9226573137155811
20,robotD,0.0,0.0,,,robotA,3.0,0.5905008496485799,0.22328387895059842,-0.5819447435015406,0.0044764713009244565,-0.03308339129071708,-0.5896707779472874,-0.15233207610140292,1.4688078964750806
20,robotE,0.0,0.0,,,robotD,5.0,0.30273391828538626,0.2351109040198123,0.6616928057909828,0.342960962985007,0.3810955561914185,-0.15519571972083532,0.6293295539217432,-2.614666314179342
20,robotF,0.0,0.0,,,robotF,5.0,0.13108029317126899,-0.025065155778304288,0.5516888418289118,-0.0036285644437152077,0.47925374861441894,0.49314548975226313,-0.21487725643753755,1.1292581620211424
21,robotA,0.0,0.0,,,robotB,6.0,0.13363409563064718,0.09716052055135603,-0.06953465500096084,0.0338805250602093,-0.1891683786630182,0.08402727202526176,-0.0006323636139026981,-2.4279472994716356
21,robotB,0.0,0.0,,,robotC,5.0,0.5229063616234216,-0.10971881608207257,0.2835695068493712,0.044637500075087454,-0.21474893994492134,-0.2787472436113847,-0.1537903130974108,-1.4617409773306362
21,robotC,0.0,0.0,,,robotC,5.0,0.13255060037948038,-0.6886604091787621,0.354391770280134,-0.5678398679569108,0.3076587218034619,-0.5637784295708408,-0.499535796398266,-1.9226524102210139
21,robotD,0.0,0.0,,,robotE,5.0,0.5908062680414691,0.22311375195813626,-0.5819456562205515,0.31592394196319534,-0.372410655889291,-0.589705137443915,-0.1526974418492957,1.4688099850848044
21,robotE,0.0,0.0,,,robotD,3.0,0.30052411049004923,0.23535942850490735,0.661696074300996,0.34862586666174755,0.380459387735281,-0.15561697927549403,0.6290782138702111,-2.6145702435319556
21,robotF,0.0,0.0,,,robotF,5.0,0.07557047187560607,-0.025171473590955864,0.5516885419459079,-0.0038046842157511813,0.4797043777663586,0.49305538482132605,-0.21507407260260436,1.1292441687468406
22,robotA,0.0,0.0,,,robotB,5.0,0.13540410325374083,0.09729981543944481,-0.06953450057765347,0.03408055888406491,-0.18508826222424754,0.082554363279377,-0.0019054520843009778,-2.4279766750561094
22,robotB,0.0,0.0,,,robotC,5.0,0.5216500044488849,-0.10962465534909556,0.2835701491389776,0.04670397178241051,-0.21424851323928862,-0.27872233420592313,-0.1539936687344434,-1.461722584122264
22,robotC,0.0,0.0,,,robotC,5.0,0.12946977572182639,-0.6885800240745078,0.3543945488118536,-0.569198584470098,0.3083550646750074,-0.5637845414756094,-0.49955192977347634,-1.9226464095343672
22,robotD,0.0,0.0,,,robotB,3.0,0.22908876939034997,0.22330737194971365,-0.581943076339499,-0.048742412718139824,-0.06495356223766834,-0.5896757307315764,-0.15235579392986892,1.468791926014182
22,robotE,0.0,0.0,,,robotD,5.0,0.3032740518718127,0.23512467380752472,0.6616935068592156,0.34468596827595344,0.37943299840023315,-0.15524444838850465,0.629299426822314,-2.614660252795145
22,robotF,0.0,0.0,,,robotE,7.0,0.07505037290129553,-0.025038461034665508,0.5516883009341608,-0.3385963253035621,0.6399591843752672,0.493164151940694,-0.21483284214982148,1.1292481443041604
23,robotA,0.0,0.0,,,,,0.13126675361989124,0.09636292110194822,-0.06953797895992314,,,0.08257926398260693,-0.0018935153220037441,-2.4279803319469027
23,robotB,0.0,0.0,,,robotC,5.0,0.5218040748841056,-0.10968299591027736,0.28356933387102096,0.044991596240386816,-0.21589109726783548,-0.2787380432350752,-0.15386093765650466,-1.461733980218162
23,robotC,0.0,0.0,,,robotC,5.0,0.13673586581558,-0.6885752033020617,0.354398024218687,-0.5607263847001582,0.30590702935949815,-0.5638224798557909,-0.4996562196983569,-1.922643477177535
23,robotD,0.0,0.0,,,robotA,4.0,0.5906654614290016,0.22314732698116607,-0.5819433529277378,0.004305878067544614,-0.03331405407237941,-0.5896970648313681,-0.15261366628191084,1.4687959054802426
23,robotE,0.0,0.0,,,robotD,3.0,0.30271270811001083,0.23531408755609906,0.6616966612388964,0.3500292879164667,0.3817239865377321,-0.15555280121217013,0.6291103969558033,-2.61459060364936
23,robotF,0.0,0.0,,,robotF,6.0,0.3255928030470536,-0.025197960051308824,0.5516860964421223,0.00297684416703695,0.5404842731374608,0.49301787390114704,-0.21515103889393744,1.129233293610714
24,robotA,0.0,0.5,,,robotC,4.0,0.13130220518283567,0.09644611318932701,-0.06954257116623842,0.37085314780639733,-0.19781594836119065,0.08378273275902423,-0.0007538522522754377,-2.172939657217447
24,robotB,0.05,0.0,,,robotC,5.0,0.5228543439090299,-0.10965579094636443,0.28356946231705615,0.0471725141122058,-0.21633428126825818,-0.27825499608956517,-0.15827016676515132,-1.4617460443771506
24,robotC,0.0,0.0,,,robotC,5.0,0.13680458671915885,-0.6886481209719064,0.3543995477166755,-0.5649178863736041,0.30815595578120136,-0.5637441272264064,-0.49943390646739966,-1.9226483309149216
24,robotD,0.0,0.0,,,robotC,4.0,0.5907054663687652,0.22326322691756664,-0.581940181214088,0.332805745933429,-0.45094259444497264,-0.589685955037838,-0.15249873205219563,1.4687897100403495
24,robotE,0.0,0.0,,,robotD,5.0,0.3026124077695536,0.23516916586589456,0.6616908090339241,0.348800534734761,0.38061168236146675,-0.1553272700911447,0.6292498634640781,-2.614652339954322
24,robotF,0.0,0.0,,,robotE,7.0,0.0301467724465747,-0.025010955732984057,0.5516874399085993,-0.37198016611406287,0.5716366227741565,0.49316833755524453,-0.21481875727747216,1.1292388261018618
25,robotA,0.05,0.0,,,robotB,4.0,0.31595214133024657,0.07193221699314016,-0.09548299798398312,-0.020235194205989827,-0.1889556712871163,0.08911796287916164,6.485743580753826e-05,-1.7002220053641999
25,robotB,0.05,0.0,,,robotC,5.0,0.5260577295656655,-0.11664730527139353,0.2835655103029204,0.04294210773386475,-0.21578009262114314,-0.272896545312128,-0.20730411543460225,-1.4621769649544893
25,robotC,0.05,0.0,,,robotC,5.0,0.13196216066817362,-0.6885123758836171,0.3543989445575785,-0.5712301900788518,0.3050034091814978,-0.5729925010658569,-0.5246337831446143,-1.922789161908621
25,robotD,0.05,0.0,,,robotA,5.0,0.17078484745729222,0.22322896775288342,-0.5819402807015707,0.003976181677855844,-0.032818029706109336,-0.5892336563890607,-0.14807416768850826,1.468769764076886
25,robotE,0.0,0.0,,,robotD,5.0,0.30315452065565857,0.2352450710075968,0.6616949797159535,0.3451200515525931,0.3834899741713991,-0.15541177213544907,0.6291952234264336,-2.61463277787447
25,robotF,0.0,0.0,,,robotC,6.0,0.3473452336826716,-0.025208523338046705,0.5516831987949791,-0.15256381067373165,0.5033297487462811,0.49300799217306124,-0.2151706769870935,1.1292258993736353
26,robotA,0.05,0.0,,,robotD,6.0,0.08032395604198589,0.017413024063141262,-0.11800111135334782,0.30101394391470376,-0.277431220702867,0.0972466914169314,-0.04752507185053223,-1.6764044937935834
26,robotB,0.05,0.0,,,robotA,5.0,0.5415653842192835,-0.166847220589928,0.28350089350393654,0.03517190740235583,-0.06045110807484326,-0.2703815016332566,-0.24364782929534803,-1.4793446967397386
26,robotC,0.0,0.5,,,robotC,5.0,0.1537484800726966,-0.7168664131221248,0.35428510621350334,-0.5822510240385971,0.30677747975858305,-0.5792631436231379,-0.5469394954753551,-1.6853216833941227
26,robotD,0.05,0.0,,,robotD,4.0,0.588433853396701,0.21547554504423877,-0.5819286006468853,0.17326744150631376,-0.42249989549478767,-0.5842206674740554,-0.09921033489994843,1.4685004615064663
26,robotE,0.05,0.0,,,robotD,5.0,0.29911250144607165,0.2352598833594762,0.6616967892674824,0.3515431715577768,0.3939275455130543,-0.15546397611806978,0.6291633271512248,-2.6146206731933423
26,robotF,0.05,0.0,,,robotC,5.0,0.13639713125155903,-0.02502715383401483,0.5516886008398052,-0.17221323950544043,0.4972149866602993,0.5030685381720064,-0.19388198490840497,1.1291481720935561
27,robotA,0.05,0.0,,,robotB,4.0,0.3670642091751195,-0.02947652830715934,-0.1177058894998114,0.13261537144087418,-0.11743812457230463,0.09212615996145801,-0.09573977878002046,-1.6766425394122002
27,robotB,0.05,0.0,,,robotD,5.0,0.42630811022478166,-0.21676316189073466,0.28344906014801513,-0.3806138989601375,-0.08054838634108051,-0.2679675933772034,-0.2856180774814743,-1.4896921984770113
27,robotC,0.0,0.5,,,robotA,6.0,0.21444911555241175,-0.6365370000818963,0.5142418284217641,-0.017751531902341126,0.07008857951027912,-0.5791882270132193,-0.5457021534405283,-1.253012344383648
27,robotD,0.05,0.0,,,robotE,5.0,0.15954699494028185,0.1657615198754652,-0.581870233810755,-0.071978272387897,-0.5225209300455059,-0.5791628960694161,-0.050014945198143895,1.4681185651035717
27,robotE,0.05,0.0,,,robotC,5.0,0.29346566506558164,0.23149538595961444,0.6617159428445328,0.19729171480166446,0.5497669658192451,-0.1972480124262385,0.6048607073221737,-2.614864373994436
27,robotF,0.05,0.0,,,robotD,5.0,0.13152678058257522,-0.052486084227631034,0.5516640665377426,-0.3353577793037892,0.39568585434632214,0.5247345639593552,-0.14808857552146468,1.1287346926183601
28,robotA,0.05,0.0,,,robotA,4.0,0.21157254974066483,-0.07895699275014899,-0.1177183287606362,-0.018127024394074525,-0.08008913129264777,0.08893330926341497,-0.13451625337017473,-1.5533961035434913
28,robotB,0.05,0.0,,,robotD,5.0,0.38121069261406243,-0.2670411671930869,0.28335108708841317,0.03286132811204377,0.4059413348098478,-0.26387178185999044,-0.33612551119296913,-1.4899921995897596
28,robotC,0.0,0.5,,,robotD,4.0,0.7462038271843473,-0.340297078437965,0.7429812322526039,-0.46027716482948333,0.2980471243676882,-0.5865729547568428,-0.5328955217191667,-0.7588520452070947
28,robotD,0.05,0.0,,,robotF,4.0,0.19699078504504888,0.11587528460993236,-0.5818202598556137,-0.10304870852976022,-0.27123106898465404,-0.5739474973421593,0.0004997571607462462,1.467787533956399
28,robotE,0.05,0.0,,,robotB,4.0,0.1130801010688621,0.18159697850883624,0.6617526100351118,0.12079447785878585,0.2622746970097951,-0.2400821654865449,0.57995511986579,-2.615178253644795
28,robotF,0.05,0.0,,,robotD,5.0,0.28019538054446336,-0.10258367379847377,0.55165273251171,-0.3576365561748296,0.3802787805134753,0.5458395278573098,-0.10351076969656756,1.1284759096223391
29,robotA,0.05,0.0,,,robotA,3.0,0.11832018448268661,-0.13432859030075678,-0.10237953588413,-0.04939276613425693,-0.05787438791691994,0.09232110614383664,-0.178969075963871,-1.5812242782147694
29,robotB,0.05,0.0,,,robotB,5.0,0.37067868359168904,-0.3169282683279814,0.2832632002805363,-0.18136296108466207,0.20505225553842554,-0.2598693405135142,-0.38563204848039595,-1.4903523099065321
29,robotC,0.0,0.5,,,robotC,4.0,0.7317012669028192,0.05816079454423356,0.8143888970992841,0.08552154374424878,0.6180794890934977,-0.5736827687087164,-0.5174203897548394,-0.4058552059188992
29,robotD,0.05,0.0,,,robotA,4.0,0.3536667649127824,0.06616810535844178,-0.5817883913929317,0.04800139684355502,-0.07720938945980005,-0.5688562698144851,0.04967137955783567,1.467450844225297
29,robotE,0.05,0.0,,,robotC,5.0,0.39966752611117123,0.13123789883655906,0.6618057551092934,0.5671394956477319,0.7380750209273905,-0.2881939648393965,0.5536483074666383,-2.617240520795839
29,robotF,0.05,0.0,,,robotE,5.0,0.26712132341291495,-0.15270687764994767,0.5516194595174866,-0.5160509281735162,0.0787027599945482,0.5584451531646951,-0.06665910726939073,1.11629895890306
30,robotA,0.05,0.0,,,robotD,3.0,0.1404893670241809,-0.180374776928271,-0.10867768599107851,0.18103358546498832,0.13823400615406176,0.091785565017141,-0.22971323978835242,-1.5815808555459852
30,robotB,0.05,0.0,,,robotD,5.0,0.2016045910885506,-0.3672294452513717,0.2831423394895138,-0.22265768299365243,0.10615036952927019,-0.25595005233590856,-0.434388945775945,-1.4906984167131545
30,robotC,0.0,0.5,,,robotC,3.0,0.2688167862196114,0.32051738114094586,0.7486146221407559,0.2887744177561285,0.5632689902281323,-0.5706757405287257,-0.5276964766897677,0.11209166880105502
30,robotD,0.05,0.0,,,robotC,6.0,0.5055606212179197,0.01629495269560471,-0.5817747897061326,-0.6333772960588916,-0.39475590500762336,-0.5706992252900994,0.0756772351942369,1.4669404846049598
30,robotE,0.05,0.0,,,robotF,4.0,0.49193417408913886,0.08114796411170279,0.6618420693117805,-0.07062811965664317,0.42205881484780244,-0.3291639764130347,0.5569027975124468,-2.643123632678702
30,robotF,0.0,0.5,,,robotD,4.0,0.5670703856955989,-0.20302003037405453,0.5515457353635583,-0.48476166034773,0.2851861164892774,0.579054884970745,-0.024501110591510427,1.1166810462977885
31,robotA,0.05,0.0,,,robotA,3.0,0.4797286931416905,-0.23023909999765477,-0.10873643178493544,-0.10606382272287429,-0.06370673916804802,0.091235798516756,-0.27714990926994937,-1.581941214144194
31,robotB,0.05,0.0,,,robotE,4.0,0.2628736344493831,-0.41715004745305007,0.2829985186731635,-0.19549919632083124,-0.21237055399314284,-0.25198288646287725,-0.48387495019301713,-1.4909612017683391
31,robotC,0.0,0.5,,,robotC,3.0,0.36247027884112853,0.6452697514918642,0.49772678956465216,0.5204242097587133,0.36118037424580823,-0.5754858801650656,-0.5190646190387068,0.5507792824875627
31,robotD,0.05,0.0,,,robotB,5.0,0.6283794836086205,-0.03347421573720018,-0.5817774803426169,-0.18377929880550917,-0.17068153030913716,-0.565579667162261,0.12472318169323082,1.4666243645800525
31,robotE,0.05,0.0,,,robotA,5.0,0.26038904385600314,0.030865631951735445,0.6618534614617338,0.18046313791287225,0.07709936489947106,-0.37232114647439374,0.533424056557179,-2.643516243770238
31,robotF,0.05,0.0,,,robotE,4.0,0.36512342492088257,-0.2384163895452699,0.5546840255335183,-0.18682750881256027,0.4266445052235157,0.5863633675995965,0.007290162701424427,1.2969354024428366
32,robotA,0.05,0.0,,,robotE,4.0,0.40362463755739353,-0.33001140913648574,-0.10893509017362876,0.008962026015790337,-0.36400281932537054,0.09067759194947614,-0.3279120190180476,-1.5823176238151921
32,robotB,0.05,0.0,,,robotB,4.0,0.22877438578794107,-0.5174193899168933,0.2826731754192893,-0.3008303969730185,0.20900549099655302,-0.25720389735244803,-0.5234689218987374,-1.4969267616685755
32,robotC,0.0,0.5,,,robotF,5.0,0.6737753776772978,0.7776937051328865,-0.2533538437921327,0.6273342683428831,-0.1315829293790102,-0.5717857543527538,-0.5271514889734483,0.9854921251953672
32,robotD,0.0,0.5,,,robotF,5.0,0.4232238138961354,-0.0832632847484816,-0.5817957815421466,-0.09443595995801914,-0.2962461260427212,-0.5616776957398115,0.16277811480485194,1.5784282214293166
32,robotE,0.0,0.5,,,robotA,5.0,0.6179428819837869,-0.019319981268495268,0.6618558190618786,0.20249568498500534,0.17192671571599896,-0.40221866732962525,0.5170531314860094,-2.559888948642471
32,robotF,0.0,0.5,,,robotC,4.0,0.15997456285207712,-0.17517573897671845,0.5861941746666259,-0.02880473856668041,0.5325836977234778,0.5906653381563653,0.048198756654993305,1.3309740062933513
33,robotA,0.05,0.0,,,,,,,,,,0.09010576484912546,-0.37739249551604087,-1.5825032864575628
33,robotB,0.0,0.5,,,robotE,5.0,,,,-0.3258856345613964,0.04732453175750405,-0.2555832755165888,-0.5443846443526267,-1.2796916841148496
33,robotC,0.05,0.0,,,,,,,,,,-0.5480730403394002,-0.4925208185072669,1.182706836673999
33,robotD,0.0,0.5,,,robotF,5.0,0.282351104735258,-0.17759205531848848,-0.5660742382727504,-0.15333202665946605,-0.3025907180517338,-0.5613880653100318,0.16110777625815023,2.092646081815871
33,robotE,0.0,0.5,,,,,0.24391033310701685,0.016954807681186942,0.6635809357469397,,,-0.4016676473840522,0.5176603730053843,-2.0477695339474264
33,robotF,0.05,0.0,,,,,0.14936738456984835,-0.21196287516317372,0.5899989778360355,,,0.5976076388715518,0.0925029708739231,1.4204878629652675
34,robotA,0.0,0.0,,,robotC,2.0,0.4651600335230142,-0.3800752078034638,-0.10900500072804477,0.3615862841721698,-0.22462115112343797,0.07865241826695889,-0.3820236246417387,-1.5736202037871234
34,robotB,0.0,0.0,,,robotB,5.0,0.3731202501940182,-0.46325647559033284,0.3942365856556777,-0.35442906050437417,0.308779496558489,-0.25324428324228654,-0.5244732200218445,-0.8065390015989048
34,robotC,0.05,0.0,,,,,0.24324520164549737,0.6967111979618374,-0.36472466686975924,,,-0.5273340737118066,-0.43907944054053,1.1876105163092363
34,robotD,0.0,0.5,,,robotD,5.0,0.2988374756980161,-0.43498879920005173,-0.4024571256349804,-0.3141419121060283,-0.3915407184400427,-0.5663473571334869,0.16189018920574788,2.3561279066377385
34,robotE,0.0,0.5,,,robotF,5.0,0.42060008302209206,0.3436163697588989,0.5681455721162694,0.4001312413578137,0.3927316893424441,-0.3701319601660049,0.514368310531483,-1.5345397324487733
34,robotF,0.05,0.0,,,robotA,5.0,0.1850983669533322,-0.1985655568903491,0.6063581513701758,0.01896580223725642,0.35581884094823774,0.6045704659600103,0.1407107405736891,1.4292961447462893
35,robotA,0.0,0.0,,,robotD,6.0,0.7667591347661599,-0.39639879374583115,-0.10895701493165162,0.055136037280431004,-0.4480960553772347,0.07865938283129052,-0.3830643021175699,-1.5736354724020278
35,robotB,0.0,0.0,,,robotB,5.0,0.2810180188855436,-0.23162936129369915,0.5615469011266482,-0.17821372884320577,0.4720940872283504,-0.2532408447080789,-0.5137465650564175,-0.8262630763294017
35,robotC,0.0,0.0,,,robotC,6.0,0.2427030960395289,0.6411296181461413,-0.37389364138113884,-0.5954692579942816,0.3182584595186647,-0.5195914979814886,-0.4198675142859175,1.1874856438936376
35,robotD,0.0,0.0,,,robotD,5.0,0.28003908906502645,-0.5546612290192486,-0.2481100745874556,-0.43532104454671444,-0.21012035376737126,-0.5558431910821846,0.16589514918179343,2.814909863025185
35,robotE,0.0,0.5,,,,,0.18018202478609535,0.5720474332791415,0.33878370503082905,,,-0.37812187999255337,0.5009763335137526,-1.0500126516819088
35,robotF,0.05,0.0,,,robotB,5.0,0.36402978689330473,-0.24340198164216068,0.6081694536437261,-0.12580451601547027,0.46381872855801487,0.6085775445486769,0.17940596052395522,1.5649065924357257
36,robotA,0.0,0.0,,,robotF,5.0,0.5651799705421199,-0.39699706165959975,-0.10897357021165925,0.0025505827665717024,-0.4432870303700064,0.07865972665687512,-0.3833844160020993,-1.5736398700404226
36,robotB,0.0,0.0,,,robotC,6.0,0.10961734401561486,-0.253153597697274,0.5520939507605632,-0.12140955790570405,0.6526333118866433,-0.25275521857192573,-0.5141868983995792,-0.8262518003229792
36,robotC,0.0,0.0,,,robotD,3.0,1.398851817590979,0.6201828167873046,-0.3738227789619131,0.14558415241910147,-0.25749015043037143,-0.5195067709935093,-0.4196350058689393,1.1875098180628587
36,robotD,0.0,0.0,,,robotD,5.0,0.28652081278200264,-0.6060320902940933,0.019992477289690135,-0.489742095844146,0.025060788700034864,-0.561541058376609,0.17069420142359196,2.780248671197874
36,robotE,0.0,0.0,,,robotD,6.0,0.4456314591658838,0.6652323673743361,0.034529525218486436,0.6234506961737857,0.07843048157774044,-0.35342230108326833,0.4486950897886333,-0.9616436979741917
36,robotF,0.0,0.0,,,robotB,5.0,0.18939509594227624,-0.19851931815407714,0.6386988586955672,-0.07523141254529196,0.47649049726590137,0.6093238304498667,0.20331897532465834,1.5372644617443998
37,robotA,0.0,0.0,,,robotA,3.0,0.5210263850974975,-0.3970868314672077,-0.1089841271335786,-0.2575264094222683,-0.08683007436151863,0.07865320683883856,-0.3819854216793575,-1.5737077618036792
37,robotB,0.0,0.0,,,robotA,6.0,0.16596585391425162,-0.2534355743635532,0.5520659432039615,0.2895540008817665,0.3780127019244252,-0.25316304485051805,-0.5137505193489118,-0.8263347748110945
37,robotC,0.0,0.0,,,robotD,6.0,0.488524535293122,0.6200502707894806,-0.3738435951662546,0.1448891134604202,-0.25976229424632763,-0.519544531491686,-0.41972740952166965,1.1875097475138225
37,robotD,0.0,0.0,,,robotE,5.0,0.12136224243715421,-0.6063298644111117,-0.00864508778983323,-0.4379197236543858,0.09994906085047184,-0.5615017274709997,0.17065339213670772,2.780465312603311
37,robotE,0.0,0.0,,,robotA,3.0,0.08251778131644796,0.621152411819267,-0.004055287633772065,0.09156590819275857,-0.266837598599529,-0.3531118965691932,0.4462639705604041,-0.9593756338972971
37,robotF,0.0,0.0,,,robotB,5.0,0.22562099134893138,-0.23743630637019228,0.6333165287674586,-0.11820694227991259,0.4998715326107744,0.6093230982318822,0.2036030510759219,1.5372497626931905
38,robotA,0.0,0.0,,,robotF,5.0,0.140642857180124,-0.39641282638137115,-0.10898806298979823,0.010973650621809782,-0.437068779133959,0.07866126975750463,-0.38315591520774545,-1.5736701621451747
38,robotB,0.0,0.0,,,robotB,5.0,0.569898531767301,-0.2531135134560459,0.5520710409747148,-0.19114268161398495,0.45120885797338156,-0.2527803731934486,-0.5141514240226351,-0.8262381596321
38,robotC,0.0,0.0,,,robotD,6.0,0.48869740580165183,0.6200839180041027,-0.3738458258008674,0.1609290896747415,-0.25296027813164684,-0.5195686751281008,-0.41979016757927246,1.18751055280129
38,robotD,0.0,0.0,,,robotD,6.0,0.2003186620178638,-0.6063292250761053,-0.008521240078008226,-0.4868526170487191,0.005504998490738078,-0.5614965931986818,0.17063735752703826,2.7804784377198066
38,robotE,0.0,0.0,,,robotF,5.0,0.5911483135871844,0.6210156390263855,-0.0038940472863769394,0.4262992253671485,-0.2283439879577451,-0.3531703143634333,0.446345663889796,-0.9593704494836857
38,robotF,0.0,0.0,,,robotB,5.0,0.17904582790746207,-0.23760972283883014,0.6332896141659649,-0.09350151222548163,0.5672873717678786,0.6093193871177377,0.20347671540185108,1.5372314790917525
39,robotA,0.0,0.0,,,robotA,5.0,0.5235581859706482,-0.39704704140987296,-0.1089951761561173,-0.27114154430910326,-0.06974887131554984,0.07866478786504408,-0.3831488437416328,-1.5736824332993058
39,robotB,0.0,0.0,,,robotC,6.0,0.11852448103147446,-0.2534060388304844,0.552061854715724,-0.08102237139408644,0.6416100252606735,-0.2531502410477937,-0.5137534973758129,-0.8263329665297756
39,robotC,0.0,0.0,,,robotC,3.0,0.474850772144319,0.6201340158216859,-0.37384903529473157,0.18052316862201587,-0.20435711190555245,-0.5194938033445125,-0.41958811718095157,1.1875190938686397
39,robotD,0.0,0.0,,,robotB,6.0,0.12027353811336731,-0.6063048320329318,-0.008526833380868966,-0.6188822982411334,0.18839176801559981,-0.5615743084175774,0.17066304089621123,2.7804926352821915
39,robotE,0.0,0.0,,,robotF,5.0,0.29713845386623217,0.621027584431661,-0.003906631570584615,0.43068006814219967,-0.232903146747145,-0.35319105055611866,0.4463839738079072,-0.9593753205716975
39,robotF,0.0,0.0,,,robotA,5.0,0.15846723108871494,-0.23756986133060012,0.633288690808106,0.14535808179727505,0.4116989418086195,0.6093196115406885,0.2034691481081324,1.537220903304142
40,robotA,0.0,0.0,,,robotA,6.0,0.1317905859807485,-0.39695065177827943,-0.10900224099202921,-0.2993932311076186,-0.22882426149379964,0.0786617070758192,-0.3820660009326183,-1.5737265576919721
40,robotB,0.0,0.0,,,robotC,6.0,0.19400363831355086,-0.2531242946474149,0.5520648428587123,-0.08159090846275939,0.6458581626703278,-0.2528013657523212,-0.5141205952939073,-0.8262428731143571
40,robotC,0.0,0.0,,,robotD,6.0,0.4710371297677886,0.6200075851141613,-0.37385467908701653,0.16201581831598455,-0.25159209944606875,-0.5196100983420149,-0.419881352456433,1.1875185297152258
40,robotD,0.0,0.0,,,robotE,5.0,0.1973136607285497,-0.6063599850699379,-0.008524133787539795,-0.40078667327184525,0.08227981065354066,-0.5614558620177326,0.17062006897894175,2.7804850525562865
40,robotE,0.0,0.0,,,robotA,3.0,0.2978128022226942,0.621085787144486,-0.003909419018729005,0.09303768546429679,-0.2727133874939336,-0.35308929084777235,0.4462399893513954,-0.9593691511275297
40,robotF,0.0,0.0,,,robotA,5.0,0.44239241676182994,-0.2375389581081035,0.6332861870193301,0.14647453946528763,0.41180695094781483,0.6093197838022167,0.20360559284798213,1.5372420242598355
41,robotA,0.0,0.0,,,robotA,5.0,0.15423581581319734,-0.39650984461999744,-0.10900335238587404,-0.314354494979518,-0.09336634266279276,0.07867208469100191,-0.3832595938726108,-1.573706813233658
41,robotB,0.0,0.0,,,robotB,6.0,0.19573149012974053,-0.2533840556738756,0.552060876996869,-0.1960630678906636,0.4588966722376732,-0.2531370503448508,-0.5137665612923061,-0.8263315507807726
41,robotC,0.0,0.0,,,robotC,4.0,0.4741849164452702,0.6201677752898938,-0.37385460107753893,0.1815623686873433,-0.1997175782179384,-0.5194889953498436,-0.41956857292557714,1.1875331383250294
41,robotD,0.0,0.0,,,robotD,5.0,0.2246719470770955,-0.6062918006508193,-0.00852286785521739,-0.4891051093184455,0.00552678247427324,-0.561579221041979,0.1706654459681378,2.7804963415870025
41,robotE,0.0,0.0,,,robotF,5.0,0.5924298177216082,0.6209746428232746,-0.003909261818372667,0.4792875474152494,-0.18037233669675215,-0.35334038954460384,0.44658626647916666,-0.959397394100131
41,robotF,0.0,0.0,,,robotA,5.0,0.44339198963828913,-0.23764049179385888,0.6332840360744382,0.14582314192955675,0.41293512090813583,0.6093129976963974,0.2033551130117946,1.5372035553176753
42,robotA,0.0,0.0,,,robotA,4.0,0.08418475741912246,-0.3970723420806019,-0.10901342394583732,-0.28814870959312444,-0.08296230963573546,0.07867342439597565,-0.38261837756311334,-1.573727538754518
42,robotB,0.0,0.0,,,robotC,6.0,0.10926262380854382,-0.2531447994705857,0.5520631730916019,-0.08148761013336929,0.6460666599527706,-0.25283371642728547,-0.5140866913743064,-0.8262508606720451
42,robotC,0.0,0.0,,,robotD,6.0,0.4717666729934687,0.6200095089093565,-0.3738666493566177,0.16079479674572808,-0.24990838956602157,-0.5195738708899849,-0.4197848095613923,1.1875301629908233
42,robotD,0.0,0.0,,,robotB,6.0,0.11808775399514247,-0.6063542505528104,-0.00852158125326483,-0.6185878387272892,0.18710966726894623,-0.561480735154245,0.17062991697040764,2.780489515365609
42,robotE,0.0,0.0,,,,,0.22644226085085575,0.6211869833329635,-0.003905207787480371,,,-0.35293341046468035,0.44602708710125594,-0.9593624591470659
42,robotF,0.0,0.0,,,robotA,5.0,0.4421410412855633,-0.23749791970296613,0.633284080737761,0.14669550346146346,0.4124790788140987,0.6093178729938347,0.20364583984545573,1.5372445802656327
43,robotA,0.0,0.0,,,robotA,5.0,0.11158673806546021,-0.39665120723522135,-0.10901625593022954,-0.3130805237813834,-0.09302143038407029,0.0786694695287177,-0.38273237576817226,-1.5737286708966742
43,robotB,0.0,0.0,,,robotB,5.0,0.19589232047664093,-0.2533500829208158,0.5520608533815422,-0.19347901151037494,0.4587864083454818,-0.25309357362787016,-0.5138125175670828,-0.8263204607097288
43,robotC,0.0,0.0,,,robotC,5.0,0.47573512886520597,0.6200967110611073,-0.37386670652225523,0.08705420147847724,0.5825306135176779,-0.519550016730078,-0.419712961585897,1.187541915685463
43,robotD,0.0,0.0,,,robotE,5.0,0.19601531767669167,-0.6063117975713124,-0.008520860965864577,-0.39784122844409636,0.08051497661890002,-0.5615332557518457,0.17064896756986175,2.7804950569893667
43,robotE,0.0,0.0,,,robotF,5.0,0.2262304662613513,0.620853205176392,-0.003908775564479097,0.42619510341759037,-0.23068505841654702,-0.35331753109511577,0.446563161901109,-0.9593991687932067
43,robotF,0.0,0.0,,,robotA,5.0,0.4432480244822681,-0.2376420665909518,0.6332808982215441,0.14581172328503547,0.4129445003175245,0.6093129271064656,0.20339539576490112,1.5372053690204281
44,robotA,0.05,0.0,,,robotA,6.0,0.0852407405434792,-0.39680690293243603,-0.10901759500734523,-0.3417191072392219,-0.1779665872840111,0.07857405714998633,-0.41473531674914627,-1.573838759373525
44,robotB,0.0,0.5,,,robotF,6.0,0.11075231239251201,-0.2531929249557828,0.5520619316156458,-0.1847321466424931,0.48574781653402044,-0.25289657308749225,-0.5140117133699035,-0.8248413772501955
44,robotC,0.0,0.0,,,robotD,5.0,1.0949153265965534,0.6200987355357641,-0.3738705037587956,0.1605940099600639,-0.2519579406548693,-0.5195165714613936,-0.41963257547992894,1.187543815360105
44,robotD,0.0,0.0,,,robotD,6.0,0.22670014715481906,-0.6063255646914835,-0.008520062885235657,-0.4916298828359238,0.006732328856717398,-0.5615294051034007,0.17064747733667504,2.78049583220559
44,robotE,0.0,0.0,,,,,0.2990814299110119,0.6211814992290535,-0.003903209129460199,,,-0.35296882901289306,0.44606808990771696,-0.9593727555080938
44,robotF,0.0,0.0,,,robotA,5.0,0.44216348967230856,-0.23754184135304837,0.6332819598618975,0.1467589279730825,0.4127389988408051,0.6093143338168916,0.20352056866365392,1.5372226378624125
45,robotA,0.05,0.0,,,robotD,6.0,0.11211093285342479,-0.4301615575655766,-0.10906960443617224,0.050035121014846966,-0.3616824356650602,0.07841354835420461,-0.46291592186473624,-1.5742781413743723
45,robotB,0.0,0.5,,,robotB,5.0,0.09214633331300812,-0.2443489863909111,0.5560100337025915,-0.1750129966665842,0.4661097128809915,-0.25440559866351015,-0.5124396729753914,-0.352537370001822
45,robotC,0.05,0.0,,,robotD,6.0,0.47531616936009846,0.6200086026152067,-0.37387468647211514,0.15937589837250535,-0.25022696747261725,-0.5110115622963798,-0.3985653991996564,1.187373406312998
45,robotD,0.0,0.5,,,robotE,5.0,0.1157195480677863,-0.6063399475494049,-0.008519387716890914,-0.4025009829691666,0.08630998905577965,-0.5614712862240637,0.17057494771419543,2.798872905543263
45,robotE,0.0,0.0,,,robotB,5.0,0.2988848049450889,0.6208793636727242,-0.0039028601822607475,0.36353976854366676,-0.19720065606007578,-0.35330388127178686,0.44654228497558124,-0.9594087633248874
45,robotF,0.0,0.0,,,robotC,5.0,0.4430923901781825,-0.23754855834716693,0.6332806552053705,0.031371322769372684,0.6607985913047282,0.6093178236264837,0.20358046983837727,1.537228201189553
46,robotA,0.05,0.0,,,robotF,5.0,0.5866544056043542,-0.479539499210806,-0.10926588860870422,-0.08753539424135999,-0.48193212942419666,0.07823953314858498,-0.5131630047305106,-1.5744892526966028
46,robotB,0.0,0.5,,,robotB,5.0,0.27340831722921355,0.06145919277876943,0.6033431328231873,0.0783242720885822,0.5009634923612509,-0.23836652101365713,-0.5193981592843303,0.19560565286012616
46,robotC,0.05,0.0,,,robotC,2.0,0.4513619546707235,0.5935117121989032,-0.37373287533725125,0.15533199401548717,-0.2119391851635,-0.49231553939945377,-0.35221827200948597,1.1870317912182773
46,robotD,0.0,0.5,,,robotE,5.0,0.21993581840197904,-0.606327199869744,0.0036865207181030653,-0.3973513225273331,0.00685647191560366,-0.5596612594303003,0.17014446566870295,-2.978058595493694
46,robotE,0.05,0.0,,,,,0.3220855200221135,0.6211688777524225,-0.0038969460692474403,,,-0.3523563283327433,0.4451994572111322,-0.9593826375845643
46,robotF,0.05,0.0,,,robotC,5.0,0.27045269629256463,-0.2376776101021085,0.6332789137514678,-0.026599916060489198,0.5964835864512423,0.6102032895328943,0.23013216346223522,1.5371547402564893
47,robotA,0.05,0.0,,,robotD,6.0,0.578432043956468,-0.5300128390138596,-0.10937697868372333,-0.4511464176991066,0.0197549505068179,0.07843567942081171,-0.5531726662581409,-1.5007606634572412
47,robotB,0.0,0.5,,,robotB,4.0,0.2627189087495686,0.3410417875581849,0.5018191091231552,0.27368675307308976,0.370355152528523,-0.21313714379058254,-0.5355810484169053,0.6805307947361462
47,robotC,0.05,0.0,,,robotF,6.0,0.4202511982454576,0.5432627279378586,-0.3735585382905101,0.5381668676046268,-0.24843221649678568,-0.4740736501902492,-0.30707019295498783,1.1867781248975688
47,robotD,0.0,0.5,,,robotD,6.0,0.32040136606726133,-0.5238815853707807,0.3012153140836882,-0.442340052320933,0.22242163498503284,-0.5490221164280105,0.1757942028472398,-2.5287288296335624
47,robotE,0.05,0.0,,,robotE,5.0,0.319941655761013,0.6184815431459055,-0.0038942809614778582,0.5701905770966551,-0.0006848042656819642,-0.3244290321413057,0.4053422264471678,-0.9597235945294847
47,robotF,0.05,0.0,,,robotB,5.0,0.24151285510658707,-0.2652965672150312,0.6332581416401527,-0.11077843744295732,0.4843196157466389,0.5951332813324822,0.2679989574667412,1.5614735652460436
48,robotA,0.0,0.5,,,robotA,5.0,0.14820925858363873,-0.5769575846116972,-0.058587468462755414,-0.4527316248301997,-0.045974792829762266,0.07880832033764251,-0.5573435408218003,-1.0640259222288921
48,robotB,0.05,0.0,,,robotB,5.0,0.2786248206982406,0.5380488733670169,0.28235253857401627,0.4669206077182716,0.22947890491455195,-0.2133781372407814,-0.5368133814493152,1.1926055249095535
48,robotC,0.05,0.0,,,,,0.13263882158137622,0.4937278122544426,-0.3734051229608646,,,-0.4534825767744914,-0.2561337563425551,1.1863478662619087
48,robotD,0.0,0.5,,,robotD,5.0,0.31921001551993644,-0.3141578536537611,0.514764512362074,-0.24749594017005747,0.4386311367982855,-0.543257423389477,0.17715318943104943,-2.233330761482343
48,robotE,0.05,0.0,,,,,0.0032867379062409404,0.5688703954637373,-0.003694748869894416,,,-0.295887771745918,0.3645931093809693,-0.9599918018104031
48,robotF,0.05,0.0,,,robotB,5.0,0.2531037491697299,-0.3155188052366974,0.6331244867672396,-0.13701351992001712,0.5039439169606656,0.5921840270883584,0.3169544059313846,1.565914580982659
49,robotA,0.0,0.5,,,robotD,5.0,0.2587112357366837,-0.54856108307639,0.19433379717201774,-0.20406997384389863,-0.3957694495794188,0.08172574938890025,-0.5374052057214097,-0.5776813316862098
49,robotB,0.05,0.0,,,robotB,3.0,0.260346052629848,0.6015506225704916,0.006645275897667283,0.37801059885674926,-0.03439233340304484,-0.20527906514371336,-0.49601242677643514,1.2030893136349974
49,robotC,0.05,0.0,,,robotC,5.0,0.15660672920195845,0.44356175342750204,-0.3732342196973302,-0.5069438005302574,0.022270506851037424,-0.4497494935546408,-0.2389874124956363,1.1952785156258867
49,robotD,0.05,0.0,,,robotA,6.0,0.19697033537045075,-0.12383539845823978,0.5919457918038904,0.3544816477692234,-0.003643837403588265,-0.5779300930002965,0.1498059363400252,-2.037290571050779
49,robotE,0.05,0.0,,,robotC,5.0,0.051612276255535265,0.5186575128461873,-0.003543186541523856,0.38393344093190285,-0.06265813657208626,-0.2678439781210733,0.3245228006771127,-0.9603519333749607
49,robotF,0.05,0.0,,,robotA,5.0,0.26260652884022634,-0.3656923035515035,0.6330493115278039,-0.16701539079611746,0.4950873221231796,0.5924360470897932,0.3661065026973583,1.5654480879868844
50,robotA,0.05,0.0,,,robotA,5.0,0.8430680131981132,-0.39527283968530136,0.42533050716875226,-0.29724449094991523,0.3344821952593362,0.0982367398312055,-0.5432165741628833,-0.3227283830957349
50,robotB,0.05,0.0,,,robotF,6.0,0.18324278701745317,0.5507288800302755,0.02681480950026691,0.43664672965674095,0.10587888172886206,-0.18768805259407115,-0.4503228946572228,1.2029473019719232
50,robotC,0.0,0.5,,,robotC,3.0,0.9838528836234803,0.3939708227018818,-0.3731018976750375,0.21338390071170696,-0.173522137427448,-0.43743916132624705,-0.20777144084150312,1.2835617758640303
50,robotD,0.0,0.5,,,robotD,5.0,0.7277514364735516,-0.04661181474997211,0.6036009135936357,-0.023514865824690756,0.4947727114946171,-0.5847890610352809,0.13145337622661696,-1.8241224414906083
50,robotE,0.05,0.0,,,robotF,4.0,0.10355596316014715,0.468835607001464,-0.003366824369349335,0.4383019114522003,-0.09412095694554799,-0.23944258431112747,0.28392109605215143,-0.960617354404882
50,robotF,0.05,0.0,,,robotC,5.0,0.2845044633996681,-0.4159321408346967,0.6328670058380313,0.3856791140698834,0.4733420303258615,0.592704680472182,0.41551579987962095,1.5652300212924002
51,robotA,0.05,0.0,,,robotE,5.0,0.1681006033986539,-0.31823811493161913,0.5012667287602167,-0.03970618025897532,0.39499316678431823,0.12388654955828272,-0.5577338850790067,-0.22346184332752186
51,robotB,0.05,0.0,,,robotF,4.0,0.10182005771996362,0.5008861773364015,0.026881302551339966,0.41813066608305816,0.16432361822849567,-0.16979008791875566,-0.40381756463919954,1.202736286320042
51,robotC,0.05,0.0,,,robotD,5.0,0.260403935556249,0.31630966029339214,-0.4127218399099474,0.14134483016048444,-0.24543002849374793,-0.43762146024275583,-0.20983178122812596,1.8198620254493276
51,robotD,0.0,0.5,,,robotF,7.0,0.13906288829897806,0.06683965137052247,0.6004824467344424,0.4989038115175665,0.5693863919911865,-0.5846534727975345,0.13286071092285634,-1.3033784878849823
51,robotE,0.05,0.0,,,robotE,5.0,0.09294399499923785,0.4187598056386309,-0.003254613854227304,0.3623254284104939,-0.006517237999788265,-0.21028223897334755,0.24219964959714588,-0.9610254090395325
51,robotF,0.05,0.0,,,robotD,5.0,0.86656535546638,-0.46609462757165593,0.6327691558238326,-0.25080953923373145,0.3574531035426663,0.5929900449293521,0.4646959728501725,1.5647773322160878
52,robotA,0.05,0.0,,,robotA,4.0,0.292182506874528,-0.29596408290632575,0.5353587774382983,-0.2103345851917111,0.43501744355681604,0.17149181128819552,-0.5681904970911352,-0.21449967023739364
52,robotB,0.05,0.0,,,robotB,5.0,0.14112540241845442,0.45064138513554564,0.026993969738226375,0.36836846543560864,0.012094268916574,-0.1522710721705216,-0.358420866091717,1.2022834048548856
52,robotC,0.0,0.5,,,robotC,3.0,0.27954718183353283,0.07100283091286352,-0.5159824818422954,0.06534522593287477,-0.4078652949288019,-0.4596917407903342,-0.21049520744759465,2.255236507925579
52,robotD,0.0,0.5,,,robotF,3.0,0.1633967060256083,0.35756513449953736,0.48739943010813885,0.38711336438844457,0.3575790065357281,-0.580860734904878,0.12461787965732356,-0.7631342373597639
52,robotE,0.05,0.0,,,robotE,5.0,0.007287863820663373,0.3687601079466577,-0.0030955632146269976,0.3522193855512459,-0.005992769546067443,-0.1820978913644704,0.2018451066877923,-0.9612848015127006
52,robotF,0.05,0.0,,,robotB,5.0,0.38236070924247456,-0.5163728267906059,0.6325455466856813,-0.024965801676876738,0.6377544592810624,0.5932920055323047,0.5140418838498216,1.5645522978998159
53,robotA,0.0,0.5,,,robotD,4.0,0.16647651993038728,-0.3412279962783677,0.5378831162675516,-0.20270431448546866,0.3279951338320869,0.21804811074047298,-0.5783047160397187,-0.21386395331776648
53,robotB,0.05,0.0,,,robotC,4.0,0.035866822914228776,0.400918523681367,0.027158222386974223,0.14042266783280918,0.1687778124925369,-0.13369026120312474,-0.3102982008586682,1.2021106940225554
53,robotC,0.0,0.5,,,robotA,5.0,0.2303381911105538,-0.14600374127533455,-0.49944747848054566,0.024537889946849207,-0.5514634528013447,-0.46444478584848425,-0.21609320951647373,2.721293556600212
53,robotD,0.0,0.5,,,robotF,4.0,0.18372591503586377,0.5451138865631507,0.2638184239421583,0.5868640965339855,0.1270380329275518,-0.5737756770802435,0.1066772911217516,-0.2840182680386205
53,robotE,0.05,0.0,,,robotF,4.0,0.03351179215512292,0.3188410331123546,-0.003005161487214777,0.05483770560462836,-0.320780210025,-0.16965720754074035,0.18327124147833315,-0.9767334195559795
53,robotF,0.0,0.5,,,robotE,4.0,0.5415453647567481,-0.5664849157330931,0.6324223676380256,-0.4043364860577109,-0.2224114006871145,0.5645160147543687,0.5220781111200786,1.6624834047848585
54,robotA,0.0,0.0,,,robotC,4.0,0.27734546378265046,-0.37975348632259365,0.5414760393777625,-0.13757609474287835,0.2404613933395947,0.22154374104308033,-0.5783159889609599,-0.05680065515642145
54,robotB,0.0,0.0,,,robotB,5.0,0.2534274410180086,0.3506438999188961,0.027241592954413692,0.2933980061316435,0.01765184399058358,-0.11772037150804496,-0.26898847212306937,1.2016235564931943
54,robotC,0.05,0.0,,,robotA,5.0,0.4137760384557988,-0.3528192419086027,-0.38172186968747757,0.12828239018110324,-0.1777231765650197,-0.4910950716448569,-0.1948147858180017,2.9710241375690645
54,robotD,0.0,0.5,,,robotD,4.0,0.1504514906160438,0.6066892006926271,-0.022101553613676488,-0.49847904012339045,0.005541331864255143,-0.5342082169982508,0.10802044820919822,-0.10437860230792502
54,robotE,0.05,0.0,,,robotB,5.0,0.38313346570477774,0.2687068232355335,-0.0028946125740740565,0.006539199301294872,-0.20731466556652595,-0.14223018967056433,0.14264799252687846,-0.9770600486205179
54,robotF,0.0,0.5,,,robotF,4.0,0.9215812468445002,-0.5321373043907868,0.6902654015648435,-0.44823277061362565,0.5991465305386743,0.5648622599565754,0.5208674840435602,2.1830492296433324
55,robotA,0.0,0.0,,,robotA,4.0,0.3866541119031423,-0.29568704169970833,0.5933102713369921,-0.2103474755160226,0.47188105979752776,0.18688936246633597,-0.577567825507087,-0.039161773682677425
55,robotB,0.0,0.0,,,robotE,4.0,0.01796011017959325,0.30851239651861995,0.027353429474060213,-0.11328551445599444,0.1014749128793001,-0.12671511209232278,-0.3094854669526693,1.1630142394482765
55,robotC,0.0,0.0,,,robotF,5.0,0.5978794475483319,-0.4588645726744839,-0.2904985187731391,-0.04226419434500958,-0.28488377316003216,-0.5038833095307726,-0.19422703968345184,2.980419667223213
55,robotD,0.0,0.0,,,robotD,3.0,1.0653530684241121,0.560904773182484,-0.10707792273359434,0.30422792754974726,-0.053691101724806595,-0.5196030824892938,0.10663746363593947,0.17706544973645227
55,robotE,0.05,0.0,,,robotE,4.0,0.2947961150318052,0.21886509564045725,-0.0028092544361194493,0.17960675369269974,-0.005079258983670359,-0.11353827413778196,0.10012862372440068,-0.97738131283022
55,robotF,0.0,0.5,,,robotD,5.0,0.42475152772723335,-0.11559057756092267,0.863273454019994,-0.22891326349899213,0.516448334008543,0.5637326260638436,0.5146679452787628,2.544675920877946
56,robotA,0.0,0.0,,,robotC,5.0,0.14673740465298196,-0.280873766561394,0.600558595504723,-0.44755670811238407,0.2659949734762776,0.18642113872928057,-0.5775621938081847,-0.03921291352952963
56,robotB,0.0,0.0,,,robotF,5.0,0.42806600997741595,0.3083115097552392,0.027336811512880067,0.2821032003322328,0.21439598255176426,-0.12688929200062699,-0.30990604484158163,1.162995904302811
56,robotC,0.0,0.0,,,robotA,5.0,0.4419077359734535,-0.4841705443399729,-0.2859905465390389,0.03801461173270375,-0.20971675882276042,-0.5042164558691085,-0.19421625288996777,2.980428561363218
56,robotD,0.0,0.0,,,robotA,3.0,0.2813970150449743,0.4984068713832867,-0.2573545934161566,0.2573603403309411,-0.06321074913101135,-0.5316939660439653,0.11726147550159163,0.19116922273560272
56,robotE,0.0,0.0,,,robotF,5.0,0.01112520737121091,0.16872798645909706,-0.0027505978813331246,0.10726676510608639,-0.250614621627497,-0.09104287049346445,0.0688079185717046,-0.8339787492000108
56,robotF,0.0,0.0,,,robotE,5.0,0.5307361072737554,0.1837010592910814,0.8502600117440413,-0.2182552394550499,0.17716165157319463,0.5725780669586761,0.511590330037324,2.843790956797037
57,robotA,0.0,0.0,,,robotE,5.0,0.3738802607385475,-0.2806965513050778,0.6005755130182023,-0.15184323354143778,0.07726083224636837,0.18685095113204708,-0.5775643727449454,-0.039181702242657046
57,robotB,0.0,0.0,,,robotF,4.0,0.18890380970871756,0.3084659453015359,0.027340763431444468,0.28656039709797715,0.19507123847238278,-0.12671440539289777,-0.30949047579394273,1.1630119670714594
57,robotC,0.0,0.0,,,robotF,5.0,0.5278906842881868,-0.48433594143206327,-0.28599568229911815,-0.27407400671727955,-0.061504792390540054,-0.5039929608753903,-0.19423823785554878,2.9804357322009496
57,robotD,0.0,0.0,,,robotE,3.0,0.31035575701233464,0.4965808458680973,-0.2609333974069404,0.04972850782059303,-0.06395695850043116,-0.5317088930144974,0.11726413915067427,0.19119645204690397
57,robotE,0.0,0.0,,,robotA,5.0,0.2274413636638871,0.12976273456922835,-0.02428851782326956,0.1675763042960706,-0.3525692238698299,-0.08941278459205436,0.06701379501823879,-0.8713690789211139
57,robotF,0.0,0.0,,,robotF,3.0,0.8584439595461651,0.40070367015725245,0.7719859112439378,0.3633313499655319,0.6581221148888848,0.5668091147324226,0.5090936719517276,2.865917377471492
58,robotA,0.0,0.0,,,robotE,5.0,0.5389696322385816,-0.2808494533814303,0.6005634786356137,-0.08472119017114586,0.04138820954505754,0.18655886818226336,-0.5775574918546387,-0.039207892929380886
58,robotB,0.0,0.0,,,robotF,5.0,0.1691353725419942,0.30828724723748063,0.027337168504666522,0.2909992214672591,0.19045194124714257,-0.1268586411064153,-0.3098341353406848,1.1629985077542113
58,robotC,0.0,0.0,,,robotC,5.0,0.30752388842566125,-0.4842562934868937,-0.2859916478648289,-0.2861468094169872,-0.18324900238558386,-0.5040823430668591,-0.1942285377439346,2.9804392929112433
58,robotD,0.0,0.0,,,robotD,3.0,0.4883599671041961,0.4965939087044635,-0.26095130096464814,0.27270753248158336,-0.13125134305041014,-0.5316582425462455,0.11727514080495963,0.1912113596897214
58,robotE,0.0,0.0,,,robotA,5.0,0.33637828365093925,0.13063093218991853,-0.018226003223904896,0.18644497660825188,-0.3444541059115657,-0.08924111388913065,0.06680733083676293,-0.8710452467108627
58,robotF,0.0,0.0,,,robotA,4.0,0.11829346335650552,0.4113338927585964,0.7662382531767321,0.3723954792516929,0.3936318079536827,0.5671721103781076,0.5089962503068519,2.8659343420008487
59,robotA,0.0,0.0,,,robotC,5.0,0.5925419604334444,-0.28074545009870006,0.6005665928845464,-0.32535496682801035,-0.050380139336708624,0.18666476878899235,-0.5775558687573982,-0.03920824818992284
59,robotB,0.0,0.0,,,robotF,4.0,0.16403989677233852,0.3084195654722431,0.027339650637797322,0.28787815274757445,0.18666025040223846,-0.1267436724699727,-0.3095563223486439,1.163013618490932
59,robotC,0.0,0.0,,,robotD,4.0,0.2231703816881398,-0.48425915861871455,-0.28599391153734116,-0.2032449126265204,-0.1209324076971541,-0.5041506425091418,-0.19421787486116365,2.980439703642564
59,robotD,0.0,0.0,,,robotD,4.0,0.25871291974638055,0.49655808408190316,-0.2609560283625826,0.2710581036533639,-0.13044238447256248,-0.5317282222083729,0.11726034680947028,0.19120357993271064
59,robotE,0.0,0.0,,,robotA,5.0,0.3309786903730364,0.1305275832407194,-0.01823310934630643,0.17922673613992016,-0.3455945251924303,-0.08945551471059038,0.06706659602281051,-0.8710663510107403
59,robotF,0.0,0.0,,,robotF,3.0,0.37464298882716157,0.4115739196098822,0.7662206146675299,0.3813889940164439,0.6447580945543766,0.5668039082331457,0.5090918537055473,2.865947155507783
60,robotA,0.0,0.0,,,robotC,5.0,0.6524639597375979,-0.2807945178752605,0.6005603995342353,-0.3222673748933123,-0.04999862505842013,0.18668886526929174,-0.5775588815850295,-0.03920881099324942
60,robotB,0.0,0.0,,,robotF,5.0,0.16063473234560574,0.30833396553818004,0.02733330051986578,0.2912086664876961,0.19050691472400286,-0.12682020154453424,-0.309741259093484,1.163007128414453
60,robotC,0.0,0.0,,,robotD,5.0,0.3259679664234669,-0.48433120844875377,-0.28599484871626163,-0.2038825175039543,-0.12396559930134082,-0.5039048510607823,-0.19425501671839795,2.980434938161724
60,robotD,0.0,0.0,,,robotD,3.0,0.26057903026329543,0.4965967800339409,-0.2609557419094807,0.2952301963861474,-0.12803862728621934,-0.5316561285761583,0.1172747212053841,0.19121618200417156
60,robotE,0.0,0.0,,,robotA,5.0,0.33093822393179495,0.1306996890453392,-0.018233510776524024,0.18555296618009676,-0.3428624050390082,-0.08921634588348634,0.06679419510999596,-0.8710388636070476
60,robotF,0.0,0.0,,,robotA,5.0,0.12510788462344938,0.411381356839974,0.7662177214565536,0.37555608640865423,0.3934907532825333,0.5671395985220635,0.5090020587887085,2.865932824025167
61,robotA,0.0,0.0,,,robotC,5.0,0.651878559594388,-0.280813737655076,0.6005605593503274,-0.32633631709988864,-0.050510593323579,0.1865324182625807,-0.5775562680180933,-0.03922947626046678
61,robotB,0.0,0.0,,,robotF,5.0,0.1640709637535752,0.30835742225654633,0.027334609100139972,0.29031009896622145,0.19014248853726012,-0.12682072494715582,-0.3097426371018215,1.1630111102650305
61,robotC,0.0,0.0,,,robotD,5.0,0.3237677509910025,-0.4841897334917652,-0.28599467461479977,-0.20142431018802218,-0.1211699003252146,-0.50425221378563,-0.1942028551523686,2.9804425533930656
61,robotD,0.0,0.0,,,robotD,4.0,0.24125134134486584,0.49656298298411433,-0.26095709380383497,0.268890277480125,-0.12931918027491726,-0.5317048768591373,0.1172638485923882,0.19121008165636807
61,robotE,0.0,0.0,,,robotA,5.0,0.3292565866665832,0.13051313837579126,-0.018238750296163554,0.18019046305751418,-0.34370153891935373,-0.08947841897325486,0.0670994353088579,-0.8710670923997228
61,robotF,0.0,0.0,,,robotF,3.0,0.3744623809095754,0.4115304131700941,0.7662211149792016,0.3814907677425515,0.6493920459842657,0.566898582672671,0.5090666861062322,2.865940822498807
62,robotA,0.0,0.0,,,robotC,5.0,0.652665078215687,-0.2807268843996007,0.6005588991048766,-0.38538673570767384,-0.00506618718539228,0.18677763774543915,-0.5775595655799726,-0.03920989389482449
62,robotB,0.0,0.0,,,robotF,4.0,0.16381114314839199,0.3084090116780382,0.027334257853940537,0.28984016524654727,0.18969935851327713,-0.1267483249032942,-0.3095584331984481,1.16302251139587
62,robotC,0.0,0.0,,,robotC,5.0,0.32744778970050015,-0.48436306528242373,-0.2859962205698079,-0.2692235828368604,-0.17473441540567392,-0.5039354212137316,-0.1942507939491724,2.980435706441776
62,robotD,0.0,0.0,,,robotE,3.0,0.2630063213762409,0.49658276571016724,-0.2609567732621585,0.04008022774878365,-0.04982495750305949,-0.5316961299589924,0.11726588814246669,0.1912128365494431
62,robotE,0.0,0.0,,,robotE,4.0,0.32920254062682874,0.130724884188266,-0.018236534253277543,0.06364780699598781,0.03177466662094978,-0.08920930438806454,0.06678743598874118,-0.8710378990484043
62,robotF,0.0,0.0,,,robotA,5.0,0.12060780963785968,0.4114497327862005,0.7662197146212613,0.3762462923108065,0.3941858393969567,0.5669527247841105,0.5090521781681908,2.865937480372041
63,robotA,0.0,0.0,,,robotC,5.0,0.6145753553315048,-0.2808633554015337,0.6005555845089742,-0.3253132613831477,-0.050483948304456946,0.18646651793334812,-0.577549896549458,-0.03923834924415477
63,robotB,0.0,0.0,,,robotF,5.0,0.16341634635707222,0.30829997006361315,0.027328986022448563,0.29044985963639136,0.19032259771892704,-0.126864351487566,-0.30984010778608617,1.1630141755544525
63,robotC,0.0,0.0,,,robotC,4.0,0.24208826319503798,-0.4842294702387462,-0.2859962487507953,-0.2722077574368602,-0.17317426123213733,-0.5041510009907142,-0.19421965670551958,2.980442091847016
63,robotD,0.0,0.0,,,robotD,3.0,0.5029599607530304,0.4965797301010039,-0.2609574430965017,0.2721992283662723,-0.13099136407767306,-0.5316740525269373,0.11727028150483154,0.19121701770406696
63,robotE,0.0,0.0,,,robotA,5.0,0.08349677250566115,0.13050808854046048,-0.01823946908742749,0.1808969093822277,-0.34533018763371137,-0.08948397697880377,0.06710995652310112,-0.8710715703962757
63,robotF,0.0,0.0,,,robotA,4.0,0.3736960320279273,0.4114477496845857,0.7662202218835485,0.37437410099487456,0.3956557679676362,0.567092335026572,0.5090144697334018,2.8659312258723295
64,robotA,0.05,0.0,,,robotC,5.0,0.6525658028313156,-0.28070443769799536,0.6005553591680692,-0.3834721399672743,-0.005011384233782568,0.21671006572092766,-0.5787372766373294,-0.03956040450241957
64,robotB,0.05,0.0,,,robotF,4.0,0.1639834408399534,0.30845593762943196,0.02733072667923675,0.29146687313867825,0.1888253265261295,-0.12426895474788749,-0.30381991724996205,1.1629803371471956
64,robotC,0.0,0.0,,,robotC,5.0,0.24021412126840216,-0.4842781158783692,-0.28599707420558035,-0.26935554747772456,-0.17475608321845526,-0.5042025658201702,-0.19421641104147733,2.9804440915479256
64,robotD,0.0,0.0,,,robotD,4.0,0.25929190403384533,0.4965671155016409,-0.2609580625812026,0.29516132041732734,-0.12819040713304652,-0.5317157800954507,0.11726140800414994,0.19121148106133046
64,robotE,0.0,0.0,,,robotF,4.0,0.33091809481851364,0.13072307134494413,-0.018237889566448347,-0.06508358416699297,-0.2630289463887093,-0.08923531119184011,0.0668191545520398,-0.8710464940765318
64,robotF,0.0,0.0,,,robotA,4.0,0.3724237796607454,0.411524860341777,0.7662219465872506,0.3766018323287125,0.3945671660685113,0.5668613216011235,0.5090766461890975,2.865939430206167
65,robotA,0.05,0.0,,,robotE,5.0,0.6093663236068343,-0.31462605689637746,0.6004533407435725,-0.08180355937995878,0.013660163798528455,0.26733323590488844,-0.5807507312195888,-0.03991541981077188
65,robotB,0.0,0.5,,,robotF,5.0,0.1617240133237094,0.30035521290555217,0.027345749174329564,0.28784147007289296,0.1882329651340551,-0.12297782708598617,-0.3010498142046531,1.5565181372367685
65,robotC,0.05,0.0,,,robotF,4.0,0.2420648515069175,-0.4843449284237163,-0.28599887361641896,-0.27599604230028646,-0.056382083033606485,-0.5301395326984121,-0.18999665476461186,2.980350677229545
65,robotD,0.05,0.0,,,robotD,3.0,0.24124825852513512,0.4965900745364175,-0.2609577949036943,0.27282778110810896,-0.12827922052337629,-0.5256697697528566,0.11843284188263822,0.1911694618737428
65,robotE,0.0,0.0,,,robotF,5.0,0.3133522789973744,0.13053750701240605,-0.018239160166674217,-0.13584211564980556,-0.22812932912084294,-0.0894363649098053,0.06705227102867095,-0.8710691656257799
65,robotF,0.0,0.0,,,robotA,4.0,0.3732780718993316,0.41139978158573365,0.7662197211362632,0.3728034958007665,0.3940397510069382,0.5672744334790966,0.5089640643489913,2.8659220564894405
66,robotA,0.05,0.0,,,robotB,5.0,0.6513019686887425,-0.3646728617261698,0.6003280529896785,0.2367974042138034,0.24914678475223728,0.31700840028264815,-0.5827361328179953,-0.04017012748700537
66,robotB,0.0,0.5,,,robotA,5.0,0.2829732633551371,0.2848395475802979,-0.09472437482234941,0.04675284613906017,0.2716231493527637,-0.12155286559736715,-0.29740859482333176,2.057051275691458
66,robotC,0.0,0.5,,,robotA,4.0,0.3288778730786676,-0.5113967027105356,-0.2860496351152334,0.02214773337409526,-0.22249671894269646,-0.5425453744586167,-0.18795377661713752,-2.9518183794927637
66,robotD,0.05,0.0,,,robotF,4.0,0.2528402774247807,0.48807675178943266,-0.2609294617929297,0.2471736478677355,-0.2573068092822742,-0.4879184256073712,0.12710491548926905,0.3402514175292031
66,robotE,0.0,0.5,,,robotD,5.0,0.3392412446565297,0.13067249405063117,-0.01823748818286054,0.1433401756006001,-0.2155995999252315,-0.08931660268355676,0.06691095775193506,-0.8710604953841833
66,robotF,0.05,0.0,,,robotA,3.0,0.3741997918864664,0.41160287422417474,0.7662226260587492,0.3704316539606907,0.40106827378602605,0.5410711065680804,0.5163661754356971,2.86596844056076
67,robotA,0.05,0.0,,,robotA,5.0,0.7403344867103987,-0.41500254742899784,0.6002193915605605,-0.31460692512192656,0.5040927459925248,0.3658040675024687,-0.5847069030532496,-0.04058338828563633
67,robotB,0.0,0.5,,,robotB,5.0,0.5151163210951277,0.20929431418909972,-0.21717649817443802,0.16234477612636927,-0.17037326272727668,-0.11532150064181726,-0.30038527765471196,2.544140096898312
67,robotC,0.0,0.5,,,robotC,4.0,0.628443257753407,-0.590507672187699,-0.08251714096209066,-0.26879355778183045,-0.0369532293778758,-0.5242450497220855,-0.19796466961677647,-2.4705345484922194
67,robotD,0.0,0.5,,,robotA,4.0,0.1716346735103128,0.40374436262868296,-0.32762090765690816,0.25245802932338657,-0.11202663060295331,-0.47962364564202953,0.13320246861578,0.7229773862352444
67,robotE,0.05,0.0,,,robotF,5.0,0.19760285771996408,0.13058399602699455,-0.018408907290456505,-0.17500220473926784,-0.252560330373667,-0.0799926886094929,0.06238709605915945,-0.4932225458395975
67,robotF,0.05,0.0,,,robotC,4.0,0.36536396188478104,0.38320852102438635,0.7662087622451675,-0.0013981638391744912,0.4228096024918315,0.5145540130887103,0.5226824457413896,3.1008727945832772
68,robotA,0.05,0.0,,,robotC,5.0,0.17886832330827696,-0.46556373147878344,0.6000402300536126,-0.4812526367348018,-0.02033317174208474,0.4171482993630916,-0.5867926749250322,-0.04081495530474942
68,robotB,0.0,0.5,,,robotC,5.0,0.14512029788674638,0.08195045338328522,-0.2911898747035229,0.15597610323143898,-0.34319426608831155,-0.12872831210665686,-0.2696985747913519,2.5847753558048283
68,robotC,0.05,0.0,,,robotD,4.0,0.37287306997826464,-0.5619304297083669,0.19349221022148178,-0.26248248788935374,0.2190202487752782,-0.5283634425802305,-0.2141835371167792,-1.9950256145057788
68,robotD,0.05,0.0,,,robotF,5.0,0.3433514930154345,0.24826656281152815,-0.4553525389821607,0.057604505422304116,-0.3254714094432009,-0.45323105546169506,0.15456772033207214,0.8582433811572093
68,robotE,0.05,0.0,,,robotB,5.0,0.3336776134284296,0.10045217172189636,-0.06423710771728908,-0.11054442042640132,0.0764881318566693,-0.05854434479709425,0.04981858375899327,-0.540360240099154
68,robotF,0.05,0.0,,,robotF,3.0,0.5845094027276106,0.5376351634756386,0.6488501163846068,0.4724901835863734,0.5535040155264244,0.46473502276273404,0.5368616347845482,3.07595061182054
69,robotA,0.05,0.0,,,robotC,5.0,0.6117941966847209,-0.4988532619530735,0.5912077975224683,-0.5000984745735547,0.25574111193829335,0.4660736581336301,-0.5887998654582259,-0.04125260622189807
69,robotB,0.05,0.0,,,robotB,5.0,0.1584242420366742,0.0049754569735124855,-0.2952667656884025,0.051921202722938105,-0.2164722460396001,-0.15018982892104737,-0.2619338110161594,2.9187985889688983
69,robotC,0.05,0.0,,,robotC,5.0,0.27384912642564424,-0.41481715154919785,0.44658890718792227,-0.3053827296170389,0.33758055532266357,-0.5447800435308436,-0.25663984721358796,-1.990474375029467
69,robotD,0.05,0.0,,,robotD,5.0,0.20169606406711868,0.15189124938420143,-0.5037725933238214,0.15490153805502158,-0.40348784751502503,-0.4201701380718492,0.19221935520648492,0.8490929063406921
69,robotE,0.05,0.0,,,robotF,5.0,0.22934188649334641,0.0722882579874291,-0.06196732164499622,-0.09391169133177649,-0.28232148906512966,-0.017092069396213286,0.02496204328682404,-0.5415917418668645
69,robotF,0.05,0.0,,,robotB,5.0,0.13835361113214326,0.4323502338871982,0.6859068332889326,0.24625528091913643,0.169811964489321,0.4141659552039412,0.5439790412603344,3.073738712141876
70,robotA,0.05,0.0,,,robotE,5.0,0.31252542224288854,-0.5057742364052933,0.5682149912877922,-0.035270449283644936,-0.08352210368823869,0.4997469163271953,-0.5828000910148766,-0.012402380672361803
70,robotB,0.05,0.0,,,robotB,6.0,0.21652825811778736,-0.15927906893235852,-0.26421040495102094,-0.05814975724024719,-0.21411337259263033,-0.14974731008418135,-0.24287498521309328,-2.9865721781268255
70,robotC,0.05,0.0,,,robotA,5.0,0.2206545402604184,-0.46819991112589643,0.4865066831278554,-0.3070797916247014,-0.03625452873013815,-0.5492041571975433,-0.28396205117566664,-1.7814655921951907
70,robotD,0.05,0.0,,,robotB,5.0,0.16025955778845707,0.10101357403841879,-0.5544156885407853,-0.1093862879637907,0.08928045641456153,-0.38644845477836376,0.23053334687764443,0.8487985815298495
70,robotE,0.05,0.0,,,robotE,5.0,0.276027713726419,0.07229957943565746,-0.061946553523655995,0.04036716247821206,-0.03524065653730978,0.023871909489407504,0.00029956959523799384,-0.542838623595925
70,robotF,0.05,0.0,,,robotF,3.0,0.5437594458519158,0.33508658320037754,0.706266375122882,0.34445785354844094,0.5844035012412916,0.364726296706814,0.5473404472909669,3.0734894305791864
71,robotA,0.0,0.5,,,robotE,5.0,0.7898163077736925,-0.513030958557115,0.5454092882807285,-0.028289034327830132,-0.08574628439358473,0.5153767750571809,-0.5829760022341224,0.31002318544682456
71,robotB,0.0,0.5,,,robotB,4.0,0.2417460614350084,-0.29219140784463865,-0.15356864531014272,-0.11629574427116686,-0.09255020795317562,-0.15265612301916634,-0.2426184313621778,-2.568054677919784
71,robotC,0.05,0.0,,,robotC,5.0,0.6536755257032942,-0.3808716080342837,0.6132425541997643,-0.291976889789912,0.45838853340415114,-0.5640590826940659,-0.3276710989941695,-1.7896905508945018
71,robotD,0.05,0.0,,,robotB,5.0,0.7117175222705209,0.05804805027511147,-0.6024619623262515,-0.3256885396983955,-0.10115922662659754,-0.3539134303830902,0.2674685950063839,0.8484954123342613
71,robotE,0.05,0.0,,,robotB,5.0,0.04160185602845835,0.07229827421645123,-0.06190746227351789,-0.005719874658820274,0.2296567700774439,0.06658913070490569,-0.02548441102015634,-0.5441500877987319
71,robotF,0.05,0.0,,,robotC,4.0,0.17524790476886756,0.24003926687534763,0.7251464828889452,0.4050473305185846,0.356313331975359,0.3157093929990233,0.5506958392114828,3.0730619963943564
72,robotA,0.0,0.5,,,robotC,5.0,0.7816928937103644,-0.263215385030186,0.6598094746365208,-0.4972115072240325,0.661372883095654,0.5128784714227064,-0.5821964976471302,0.7869072491102695
72,robotB,0.05,0.0,,,robotD,5.0,0.26085779361545913,-0.3516483837627761,0.019948341256394678,-0.410607370874252,-0.17319888021360633,-0.16685711396016822,-0.25481560005197074,-2.271189244032262
72,robotC,0.05,0.0,,,robotC,5.0,0.23620149395150622,-0.40671343223914813,0.6648508097931274,-0.31666132675082265,0.5076222289444022,-0.5706214209221762,-0.3677328125270532,-1.6902619743626657
72,robotD,0.05,0.0,,,robotE,6.0,0.6466615914809645,0.015139388536321775,-0.650711350844059,-0.029168477566327827,-0.08699090167614593,-0.3212712064666377,0.3045033757468276,0.84816049017075
72,robotE,0.05,0.0,,,robotE,5.0,0.3017947407372981,0.0723073184291545,-0.06187680033170281,0.04840155603711798,-0.041990601762497914,0.1076308217127219,-0.05033473657170598,-0.5455170506266968
72,robotF,0.05,0.0,,,robotF,5.0,0.4670503096215581,0.14483439292203293,0.7441602332456494,0.0014289286525769236,0.6707831228937614,0.2762717408774589,0.5531889550957889,3.1284321070955223
73,robotA,0.05,0.0,,,robotD,5.0,0.5720255629830013,0.07481217989156327,0.6599079309808804,-0.7161913056522461,0.30827137777603747,0.5089656711345489,-0.5855494867249769,1.220355210907001
73,robotB,0.0,0.5,,,robotB,6.0,0.37186788963187734,-0.3432821616087648,0.19252375175852693,-0.23364959853637401,0.09452374473909737,-0.17206418039070237,-0.2790679444539907,-2.0968536274984
73,robotC,0.05,0.0,,,robotD,6.0,0.24256748016932922,-0.36563194651079983,0.7451950826883047,-0.43552336216369864,-0.13155365606756225,-0.577260246640004,-0.4166874184939967,-1.7037963906551157
73,robotD,0.05,0.0,,,robotD,5.0,0.611953198675301,-0.027857448405943213,-0.6989426959961502,0.005203362347328696,-0.5269102339526445,-0.2887017854120653,0.34142935783709033,0.8478440256955219
73,robotE,0.05,0.0,,,robotE,6.0,0.031076379601953603,0.07231656485038448,-0.06183534218977746,0.05096511029270728,-0.043663445437281824,0.14864361452421815,-0.07524603239535657,-0.5468612210243643
73,robotF,0.05,0.0,,,robotA,5.0,0.1539331669751526,0.13116997653147008,0.7536244193001249,0.27830578321394106,0.34686254801222427,0.2271896617299365,0.5517030445417104,-3.1141124958771167
74,robotA,0.0,0.0,,,robotE,5.0,1.0322788518276014,0.2903308797125977,0.5374279144466952,-0.04020263021144585,-0.10368033032254934,0.5062960590782077,-0.578772692625447,1.2748007544280966
74,robotB,0.0,0.0,,,robotB,5.0,0.22292820694398874,-0.32359110084336,0.29850293881051315,-0.22643862675848936,0.1813714141665061,-0.17958654058883136,-0.31279914768475237,-1.9435416954489144
74,robotC,0.05,0.0,,,robotA,6.0,0.9199161062637395,-0.40067506755095805,0.787702151053624,-0.5414094236894973,0.485821130323949,-0.5809216651793319,-0.4543563236375497,-1.56014440830975
74,robotD,0.05,0.0,,,robotD,5.0,0.23292030283691176,-0.07087035062847591,-0.7470571341527463,-0.029789455294226396,-0.5778581648071236,-0.25606271581398793,0.3784115430262261,0.8475121074585567
74,robotE,0.05,0.0,,,robotB,5.0,0.028015548166460645,0.07231863578139106,-0.06179898756514251,-0.18390179820229746,0.05748496254085651,0.17128443722082626,-0.07935235167654278,-0.5248071406675561
74,robotF,0.05,0.0,,,robotA,5.0,0.4909847910199132,0.04029829077573233,0.7763022976350832,0.23653268109596765,0.33962881056562927,0.20648622097940522,0.5528348106442676,-3.1149599798222725
75,robotA,0.0,0.0,,,robotA,4.0,0.6729214599514357,0.3170490164915664,0.4665779902578327,0.29962320691828065,0.4363028494558067,0.5055073979799101,-0.5814202100657296,1.270935886527101
75,robotB,0.0,0.0,,,robotD,5.0,0.21787465888417384,-0.32060222165284336,0.377846818175423,-0.26910964432922796,-0.15138156970857636,-0.1862409412169037,-0.3099790222635291,-1.9407236475498162
75,robotC,0.0,0.0,,,robotD,5.0,0.46618509704197286,-0.29613529557379864,0.8822667719712214,-0.5473979264448503,0.28408296891069457,-0.5815195021597802,-0.4809109395086215,-1.5979261660882988
75,robotD,0.0,0.0,,,robotD,5.0,0.23332821730134445,-0.11386833714766764,-0.7955110963639912,-0.06926002357390752,-0.637049034456759,-0.2503331474863825,0.3810018203090823,0.8437467359083834
75,robotE,0.05,0.0,,,robotF,5.0,0.28263068314849515,0.0723364140025625,-0.06177140694539872,-0.48041937188221284,0.04319257870038922,0.21253272452668961,-0.10326018590119235,-0.5262034357126656
75,robotF,0.05,0.0,,,robotF,4.0,0.5436210159685496,-0.05311158175245869,0.7996614289761828,0.01756913183116716,0.6612466805673416,0.1569087388887681,0.5515162381352615,-3.1153110099691075
76,robotA,0.0,0.0,,,robotA,5.0,0.029145899270266683,0.3160988094632204,0.41226042933940193,0.3385768239104036,0.3756194370898028,0.5054298781637954,-0.5816442370383629,1.2709220517667166
76,robotB,0.0,0.0,,,robotB,5.0,0.5785314113830655,-0.31173327989834,0.42557754465547754,-0.24220535240332292,0.3031764279370466,-0.18623047459329733,-0.3099390396720957,-1.9407060830579086
76,robotC,0.0,0.0,,,robotA,4.0,0.6655798591208264,-0.3281406786919778,0.9125118098904309,-0.1921631404927003,0.4686444247306262,-0.5815101438494762,-0.48067885407093897,-1.597580345076788
76,robotD,0.0,0.0,,,robotB,5.0,0.22114631763336307,-0.14828986793099713,-0.8435919537343041,-0.5484356317294444,-0.049525362752364806,-0.2503673557731146,0.38096231393971985,0.8437576515368113
76,robotE,0.0,0.0,,,robotC,4.0,0.5626249877108215,0.07233634127172793,-0.06172642993141374,-0.265987767990471,0.5319695465343092,0.25374679184069987,-0.12720214627949095,-0.5272861606145297
76,robotF,0.0,0.0,,,robotB,5.0,0.2300212680112718,-0.14612867099955018,0.8228412754209719,0.32745022842398847,0.10893116523909917,0.1310030533804877,0.5508400935868918,-3.115267637058829
77,robotA,0.0,0.0,,,robotC,4.0,0.033954822145701516,0.3057494687590335,0.36694218517966215,0.3423056505055413,0.34207518343044135,0.5054910088358362,-0.5814084890444824,1.2709613451339867
77,robotB,0.0,0.0,,,robotF,5.0,0.17878537903304917,-0.3031025602590408,0.4712708711270835,-0.5507727587939318,-0.2858066861903727,-0.18618856746278784,-0.3098278617579025,-1.9407067679583287
77,robotC,0.0,0.0,,,robotD,4.0,0.49719642741952436,-0.3048498742388806,0.9529026073939197,-0.6733863133095763,0.36704934935853173,-0.5815124106402193,-0.48096452332280654,-1.5975323672527035
77,robotD,0.0,0.0,,,robotC,5.0,0.933303060612786,-0.14195136000542607,-0.8896593638439694,-0.4478958653471801,-0.34309780226552056,-0.25030575073604683,0.38103318980292106,0.843762299845282
77,robotE,0.0,0.0,,,robotC,4.0,0.6833252050544286,0.07235820563095403,-0.06170994443438414,-0.2743136475495227,0.49037967192007803,0.25382687963232314,-0.12724618888931122,-0.5270747474690342
77,robotF,0.0,0.0,,,robotF,5.0,0.9106888159401497,-0.2085900262544691,0.845147821423083,-0.047531094097472665,0.8096685877381709,0.13093133547237723,0.5508353821396683,-3.115328429889571
78,robotA,0.0,0.0,,,robotA,5.0,0.04423106007977693,0.30564896834870026,0.36682744249972976,0.2770564596429465,0.3101557056414509,0.5054487495749451,-0.5815554414824687,1.2709589414712907
78,robotB,0.0,0.0,,,robotA,5.0,0.7966760807448902,-0.30302399169984684,0.47136788155104303,0.013001108339206141,0.23354898531909554,-0.18626792914047227,-0.31004271294635216,-1.940703515507152
78,robotC,0.0,0.0,,,robotC,4.0,0.6921820563229084,-0.30489582916387886,0.952993683053704,-0.18778040376869287,0.6166099606896346,-0.5815123825644555,-0.48083702111773247,-1.5975433350121453
78,robotD,0.0,0.0,,,robotD,5.0,0.626430904436551,-0.14198777282258987,-0.8897566693491543,-0.08594959747936115,-0.6656623539348729,-0.25036351624295516,0.38096669804934424,0.8437592440330106
78,robotE,0.0,0.0,,,robotB,4.0,0.6519384062848099,0.07239954785370556,-0.06171963592449869,0.0013986015072359654,-0.2450629213336573,0.2540163761818727,-0.12735256342688794,-0.5270697266957569
78,robotF,0.0,0.0,,,robotA,5.0,0.16504750428012338,-0.20871150390889398,0.8451869514690584,0.2831802684975911,0.11671088453921451,0.13073437816540967,0.5508290913009496,-3.1153373239365107
79,robotA,0.0,0.0,,,robotA,5.0,0.06341405935450689,0.30566763119424945,0.36674849481356037,0.27849673578138007,0.31168726534073804,0.5054525396048071,-0.5815404265706001,1.270969638697172
79,robotB,0.0,0.0,,,robotB,5.0,0.3956454098109598,-0.3031318825315699,0.4714464892731726,-0.23227270416127627,0.3727833197318267,-0.1861636200007321,-0.3097625047342103,-1.94070940110536
79,robotC,0.0,0.0,,,robotC,4.0,0.3562309060491884,-0.3048179909520031,0.9530659929002857,-0.23076990204044606,0.7729907974264296,-0.5815068435425781,-0.4806819663841603,-1.5975544957820837
79,robotD,0.0,0.0,,,robotC,5.0,0.23105892355930482,-0.14193152049412994,-0.8898369520764847,-0.5582921169066722,0.13623380302690966,-0.2503178976141001,0.38101956395553216,0.8437631020199546
79,robotE,0.0,0.0,,,robotB,4.0,0.19660980895152527,0.07239693334696375,-0.06171992623449576,0.0011279576529419724,-0.24386010869492744,0.2539424959106227,-0.12731079519539823,-0.527069070368273
79,robotF,0.0,0.0,,,robotA,5.0,0.8791397592519675,-0.20891367843768807,0.8452232479808146,0.28364667837265695,0.11673983866686509,0.1308476086060617,0.5508281622138474,-3.115344850090145
80,robotA,0.0,0.0,,,robotA,4.0,0.06141989312964069,0.30571525119642134,0.36674683027415944,0.27767104549433497,0.30933647085975297,0.5054883787903852,-0.5814225799831623,1.2709777362509838
80,robotB,0.0,0.0,,,robotB,5.0,0.12138423483729499,-0.3029791845787736,0.47144803527900525,-0.22946300183895152,0.37014034320564754,-0.18626713514878526,-0.3100399545678581,-1.9407045869058648
80,robotC,0.0,0.0,,,robotC,4.0,0.19466624488329645,-0.3047146424018105,0.953066121304672,-0.18807887714793642,0.6182206107695616,-0.5815139240026428,-0.481144932198183,-1.5975091390629073
80,robotD,0.0,0.0,,,robotD,5.0,1.1073166777001489,-0.1419648795505979,-0.8898372745054192,-0.0857703641470509,-0.6640625142810025,-0.25034411079919056,0.38098949479574706,0.8437620656064384
80,robotE,0.0,0.0,,,robotB,4.0,0.1955893307068385,0.07240207064819931,-0.06171953907056196,0.0012368883486986114,-0.2441191012951732,0.25377595389120927,-0.12721474730198024,-0.5270704855460159
80,robotF,0.0,0.0,,,robotA,5.0,0.8793283257129336,-0.20883470348206531,0.8452179734983605,0.28169746658167144,0.11592263036856497,0.1307851426810593,0.55082982602632,-3.1153475604724603
81,robotA,0.0,0.0,,,robotA,5.0,0.0638465759805279,0.30561184960963517,0.3667446299473578,0.27651139114280937,0.312331984228697,0.5054138253024998,-0.5816746505011732,1.2709617101975401
81,robotB,0.0,0.0,,,robotA,5.0,0.12525330828883902,-0.3031200055120629,0.47144699178903615,0.010802155388511338,0.23481172982531587,-0.1861883551917875,-0.30982808629920416,-1.940708821898161
81,robotC,0.0,0.0,,,robotC,4.0,0.35465841178746915,-0.30496430820787196,0.9530644326590255,-0.2321057327384731,0.7784522919622054,-0.5815055957546287,-0.48081653847026773,-1.59752615377825
81,robotD,0.0,0.0,,,robotC,5.0,0.23265974519561586,-0.14195111339218172,-0.8898373588690225,-0.466889359110394,-0.3431277655672974,-0.2503428226118442,0.3809910799821155,0.8437630128672963
81,robotE,0.0,0.0,,,robotB,4.0,0.1958437370795181,0.07254084393599239,-0.06171703093719545,0.0023198162770496408,-0.2450762953728962,0.25417968999442975,-0.1274440848572488,-0.5270773027310511
81,robotF,0.0,0.0,,,robotA,5.0,0.8789601200455711,-0.20891228661667868,0.8452188409011434,0.282000418126535,0.11606935019591288,0.13088849502031039,0.5508283052718626,-3.1153526818941777
82,robotA,0.0,0.0,,,robotA,4.0,0.061685973293428155,0.3057444081587807,0.36665131796265826,0.2782225508674331,0.3085469722231442,0.5055038221995198,-0.5813700560985045,1.2709836108020454
82,robotB,0.0,0.0,,,robotB,5.0,0.3930912145152838,-0.3030100599778127,0.4715449053964232,-0.2298271432110918,0.3705886543037564,-0.1862100077762917,-0.30989170100682445,-1.9407066236456858
82,robotC,0.0,0.0,,,robotC,4.0,0.1891881966417624,-0.3047139184642281,0.9531526786652018,-0.23181176689431063,0.7760211240082528,-0.5815105868003934,-0.48100880625886205,-1.5975090216445536
82,robotD,0.0,0.0,,,robotD,5.0,0.6360784442005147,-0.14193229004800323,-0.8899354926916752,-0.10004912448245687,-0.746645591420065,-0.25032279243958855,0.3810142399529372,0.8437650424118384
82,robotE,0.0,0.0,,,robotC,4.0,0.19628587400254136,0.0723858359373724,-0.061721728421590606,-0.27280874927610205,0.5114870441980379,0.25380914787151754,-0.12722743954455829,-0.5270799555984225
82,robotF,0.0,0.0,,,robotA,5.0,0.8790385163190858,-0.20889942371632744,0.8452648373261559,0.2839887947012246,0.11699403144824809,0.13076243190315498,0.5508246012542641,-3.115354503472456
83,robotA,0.0,0.0,,,robotA,5.0,0.06413497669012024,0.30556166249197847,0.3665630752517251,0.2771466036025546,0.3114185533359541,0.5054114197939481,-0.5816720539018839,1.2709797618384922
83,robotB,0.0,0.0,,,robotA,5.0,0.12473872794278726,-0.30297932666440286,0.47162581729242026,0.011911252026305741,0.23278503119047037,-0.18627639326895962,-0.3100653540820954,-1.940706538295029
83,robotC,0.0,0.0,,,robotC,4.0,0.19164982901543576,-0.3048073490660973,0.9532252490873483,-0.23168729187452808,0.7759511143888171,-0.5815087102633678,-0.4808862178791915,-1.5975104290308286
83,robotD,0.0,0.0,,,robotD,5.0,0.14936766245364252,-0.1419434636668399,-0.8900177049260366,-0.08567013420090044,-0.6647551770716674,-0.25035696309908895,0.38097473337031096,0.8437636083467069
83,robotE,0.0,0.0,,,robotB,4.0,0.6692951436842233,0.07272061106869532,-0.061719245456044916,0.002284978775066089,-0.2449003089085073,0.2541435463362587,-0.12741756862278855,-0.52708450325416
83,robotF,0.0,0.0,,,robotA,5.0,0.8795252616896921,-0.20909695344565765,0.8453010621192081,0.28249197640229423,0.1162839759825012,0.13098872726219477,0.550835038129085,-3.11536536149367
84,robotA,0.0,0.5,,,robotA,4.0,0.06210345237140733,0.3057081885861543,0.3665644929840576,0.2764110697963585,0.3091911247708247,0.5127226245025263,-0.5580103507064706,1.272022500711839
84,robotB,0.05,0.0,,,robotB,5.0,0.39534664561586724,-0.3031372017135779,0.4716227208372817,-0.23044098448137515,0.3720924593812715,-0.18790741068791136,-0.31427137291109325,-1.940670132609343
84,robotC,0.0,0.0,,,robotC,4.0,0.1917178250010646,-0.30468360741777045,0.953228474308944,-0.229619235806854,0.7778877264399151,-0.5815085341572783,-0.4809392705883,-1.5975034700045792
84,robotD,0.0,0.0,,,robotD,5.0,0.23217736685326215,-0.14191279746419833,-0.8900174520046121,-0.10027426160205222,-0.7485366290829899,-0.2503185713382893,0.3810193537458948,0.8437671229470854
84,robotE,0.0,0.0,,,robotC,4.0,0.19616530275619365,0.07247537263179342,-0.06172243192641482,-0.27218055457575757,0.5104768670990293,0.25378418327724733,-0.12721693054842156,-0.5270998896623029
84,robotF,0.0,0.0,,,robotA,5.0,0.87918849474187,-0.20893992595071872,0.8453018733184814,0.28359144409993176,0.11670610567516275,0.13070072963512633,0.5508248604812667,-3.1153608603029763
85,robotA,0.05,0.0,,,robotC,5.0,0.0474405790140361,0.2700060895599218,0.3354863291854968,0.7829836163217185,0.5966486295410661,0.5217254254082799,-0.5113255021987284,1.3743502368509481
85,robotB,0.05,0.0,,,robotF,5.0,0.144941237847185,-0.3077698857946176,0.49671498843899603,-0.5308370193318835,-0.3604338613358817,-0.19821769001282588,-0.3516771027004113,-1.844511383186696
85,robotC,0.05,0.0,,,robotD,4.0,0.19076770141317612,-0.30477352925791673,0.9532278190552046,-0.7321082690777484,0.35766697426390315,-0.5821664372927158,-0.5056177327295832,-1.5975577364021922
85,robotD,0.05,0.0,,,robotD,5.0,0.14748969070567114,-0.14194345180454637,-0.8900176788823284,-0.10876810209309024,-0.7735806692549693,-0.24852979707072612,0.3830293007492314,0.8437690350708459
85,robotE,0.0,0.0,,,robotD,4.0,0.668108653617041,0.07272325668912615,-0.06172111787901382,-0.5624864934231089,0.15220558715956511,0.2541448833685125,-0.12741775880229705,-0.5270985210901922
85,robotF,0.0,0.0,,,robotF,4.0,0.8795505535905138,-0.20911568344447795,0.8452998627087488,-0.1522693792873226,0.7168707522576246,0.131058625986654,0.550837567315631,-3.1153675004001555
86,robotA,0.05,0.0,,,,,,,,,,0.5310585617346486,-0.4632042813260349,1.3791711910676903
86,robotB,0.05,0.0,,,,,,,,,,-0.2114030693030735,-0.39944068826152385,-1.8374095610439167
86,robotC,0.05,0.0,,,,,0.6947432424167489,-0.3322796980247095,0.9532133454548152,,,-0.5834949642488297,-0.5550256197616016,-1.59797609136679
86,robotD,0.05,0.0,,,,,0.2291046002763401,-0.14909372411266003,-0.8900232861948583,,,-0.21576839941681236,0.4198449961386789,0.843415933336573
86,robotE,0.05,0.0,,,,,0.6648566072739919,0.07248676528077426,-0.06172447258190069,,,0.25561063166831643,-0.12827662706041484,-0.5273082362481185
86,robotF,0.0,0.5,,,,,0.10532668375445961,-0.20891702574994903,0.8453012882168538,,,0.10954264932640319,0.5502694343222001,-3.1132967602649506
87,robotA,0.05,0.0,,,robotD,3.0,0.6209177063805216,0.22129423221795066,0.3319906731483334,-0.009133055293637343,0.45181069836670606,0.535350550946492,-0.42390843175645615,1.5034013994304243
87,robotB,0.05,0.0,,,robotF,5.0,0.8821669991815257,-0.3502635548588583,0.5030543194594013,-0.4163416047208481,-0.3965246527787657,-0.22477031601151287,-0.44832171122616243,-1.8379173199582521
87,robotC,0.05,0.0,,,robotC,5.0,0.6924035246801697,-0.38176528672889387,0.9548959384882052,-0.3103774689766622,0.831508054204052,-0.5809257052633509,-0.5249030713512767,-1.2313775686655273
87,robotD,0.0,0.5,,,robotA,4.0,0.14872488171698514,-0.19849869658563113,-0.8921872072440127,-0.19079435699161093,-0.13370814231113284,-0.21109903017436182,0.4249994831674077,1.2405562141587154
87,robotE,0.05,0.0,,,robotC,4.0,0.6698956083889398,0.0723364690149004,-0.061710126382515926,-0.26590718788671436,0.5144702995409743,0.2974927293792171,-0.1527194027071892,-0.5291828588959083
87,robotF,0.0,0.5,,,robotC,5.0,0.14932727338039156,-0.2215866661728666,0.849134686548305,0.8285101466986896,0.28853595056660075,0.11164120625637182,0.5505012754378404,-2.634598889724065
88,robotA,0.0,0.5,,,robotA,4.0,0.2816218297104059,0.19777794526300216,0.2607643877033301,0.2040008236926778,0.2442391969030891,0.5408688054571259,-0.43499041745786804,1.923122105694411
88,robotB,0.05,0.0,,,robotB,5.0,0.9466932206256239,-0.38635558912196544,0.5496935529470699,-0.29729775520805435,0.4225169800179951,-0.23917996314381762,-0.500945181110514,-1.8381473387192482
88,robotC,0.0,0.5,,,robotC,5.0,0.45397833976043217,0.08389490415764227,1.056553891212165,0.381904277096909,0.882451004001345,-0.5794528249339933,-0.5320427130730996,-0.8354261371141009
88,robotD,0.05,0.0,,,robotA,4.0,0.7435516866418567,-0.5667944368982648,-0.77518538323098,-0.22186383396251602,-0.052828391868106256,-0.19728698050871524,0.46876897162184217,1.3479785109695934
88,robotE,0.0,0.5,,,robotD,5.0,0.6680773581169335,0.07235687628141224,-0.061641477218504,-0.3248162508708611,-0.46714107007062927,0.307168808139744,-0.15889788535191005,-0.19037695375138203
88,robotF,0.0,0.5,,,robotF,4.0,0.8706076368947111,0.19886267269716545,0.8897860781365606,0.1988371413093791,0.7252484068981365,0.13420701201466223,0.5714164298314126,-2.174862280401187
89,robotA,0.0,0.5,,,robotA,2.0,0.13251738288028722,0.2714449825703107,0.1301684197569275,0.18753249817975404,0.10080979618340881,0.5491686291454815,-0.42013159585222665,2.3202735671836825
89,robotB,0.05,0.0,,,robotA,6.0,0.21073086636471322,-0.4371089504913209,0.5801885618337648,-0.2680707980328175,0.16679833172802083,-0.2521920750162838,-0.5484161661292292,-1.8386327524798536
89,robotC,0.0,0.5,,,robotC,4.0,0.15625802090429944,0.5226551530750466,0.9503167538926958,0.456149110110198,0.81669388609809,-0.5899099771147237,-0.5116250796604865,-0.3633610580648323
89,robotD,0.0,0.5,,,robotF,4.0,0.8420007348560471,-0.6576645836142471,-0.7732747424738349,-0.3508447686800299,-0.41741917408906354,-0.17281521212488424,0.5023650425368441,1.4332478546962861
89,robotE,0.05,0.0,,,robotD,5.0,0.5509547022152438,0.0673617950228636,-0.08016889508634492,-0.531432805597072,0.36733675202629573,0.3118894823645954,-0.13195900755087298,0.201507964952568
89,robotF,0.05,0.0,,,robotA,3.0,0.3897513508600109,0.5884907171490664,0.7165187830489411,0.25834536100595407,0.02595678530734045,0.14166023184646326,0.5672426430832207,-1.8126305153462292
90,robotA,0.0,0.5,,,robotA,3.0,0.14723855357985804,0.27206889148315877,-0.01974222523282793,0.24196241035251426,0.009644771580007516,0.5753396329240467,-0.4250387735511528,2.78365129340586
90,robotB,0.0,0.5,,,robotA,5.0,0.5052648651548669,-0.5030155001726692,0.6141165304371525,-0.2262557629168275,-0.06874017282998836,-0.2598448034790496,-0.5293619842416498,-1.4479201279248104
90,robotC,0.0,0.5,,,robotC,3.0,0.5075727792307616,0.9286311358299044,0.6312461533326498,0.8008562170502391,0.48364276585668103,-0.5944172398435009,-0.5242003323963748,0.13858230084571307
90,robotD,0.0,0.5,,,robotE,5.0,0.5160125809677597,-0.7675000935273536,-0.721832255268864,0.10058221792720805,-0.009509072543291013,-0.172753502266805,0.5007845996102696,1.9273569903955996
90,robotE,0.05,0.0,,,robotF,6.0,0.7517553471704228,0.05884617962447359,-0.09818104742410694,-0.8294933824354567,-0.22172377710727825,0.3512511266552466,-0.12620570420778301,0.07755771032499928
90,robotF,0.05,0.0,,,robotB,5.0,0.6957132339176946,0.774650864339042,0.4922673374892353,0.24430914889067507,-0.6629058947249253,0.13561428116831356,0.5239612732649095,-1.852662199182556
91,robotA,0.05,0.0,,,,,0.1579017525367583,0.2169677509009872,-0.1462661980567754,,,0.5835968506558823,-0.4232633151565464,-2.9972640650954228
91,robotB,0.0,0.5,,,robotA,5.0,0.8543995187711177,-0.20531920430933606,0.7854027883831756,-0.20831992451403625,0.047172986210391954,-0.2648055754009631,-0.5451733087690914,-1.0832804309276627
91,robotC,0.0,0.5,,,robotA,4.0,0.49557308527487776,1.135794318471983,0.11839059123638002,0.12399460923700027,0.21274375240046772,-0.588574817834128,-0.532254369473612,0.6231359415170876
91,robotD,0.0,0.5,,,robotD,4.0,1.16142078915927,-1.0327404650877632,-0.2634341513659404,-0.8464037418201623,-0.18815414291030041,-0.17478203310158408,0.4998878185796096,2.454490607513699
91,robotE,0.0,0.5,,,,,0.8949707854057066,0.05657182532409175,-0.09578270228363049,,,0.35450094695746887,-0.12389589224522364,0.04465728877530931
91,robotF,0.05,0.0,,,,,1.2826600420425622,0.7071252432056119,0.5333457703922837,,,0.1218514941033253,0.47634213526324587,-1.8529419029591279
92,robotA,0.05,0.0,,,robotA,3.0,0.26557950954931464,0.12047292207041758,-0.22651784216189869,0.1025036309266336,-0.17784783403102522,0.5414053851945279,-0.427346215158427,-2.9931787554387825
92,robotB,0.0,0.5,,,robotB,5.0,0.8190244919696292,0.0981358399550645,0.8067030928353819,0.09933087871005926,0.6781552333771654,-0.26943119120930215,-0.5475157870934801,-0.6206085277099366
92,robotC,0.05,0.0,,,,,1.1361560995538131,1.06016915645482,-0.43101699484562267,,,-0.5874900655468769,-0.5264132160471823,1.0724475291587297
92,robotD,0.05,0.0,,,robotD,4.0,0.47823310305500677,-1.0364209693035,0.2507084256885335,-0.8552152250512229,0.23179661044339278,-0.2121528120254277,0.5162037437069872,2.7192869932440016
92,robotE,0.05,0.0,,,,,0.8950729935307247,0.05733431408989674,-0.10051197725434242,,,0.3594900917126938,-0.12719014487140665,-0.006127104792456065
92,robotF,0.05,0.0,,,robotA,5.0,1.267443487219103,0.6582626292729613,0.535032129286965,0.24465197451800413,-0.06265471205052499,0.10822273473503004,0.4293439272629413,-1.8532729934885281
93,robotA,0.05,0.0,,,robotA,3.0,0.048903987126560106,0.0782772059585239,-0.22032936284225452,0.09480863997392995,-0.17155325109010638,0.490777509645877,-0.43492897221838933,-2.993780529029253
93,robotB,0.05,0.0,,,robotF,5.0,0.37197982195213947,0.4708846703731914,0.6603572604505877,-0.08523126832328864,0.4599203549669624,-0.23133323175226445,-0.558496525989533,-0.45338489219477157
93,robotC,0.05,0.0,,,robotA,4.0,1.2406949587018046,0.7423642910489594,-0.8628690576589183,0.09984532968913107,-0.13015406752248873,-0.5756707833439582,-0.49575792116072603,1.10568319302954
93,robotD,0.05,0.0,,,robotD,4.0,0.2874949888430674,-0.97186114404198,0.4945647557591391,-0.788572987526919,0.4324183424767291,-0.24794537429793095,0.5297233675166689,2.8049681998446427
93,robotE,0.05,0.0,,,robotE,2.0,0.8964855123889558,0.057851893908441296,-0.0940341750503373,0.05711775666961833,-0.10881324880995503,0.37197775553350326,-0.1265937641595934,-0.1961780960225037
93,robotF,0.05,0.0,,,,,0.7012602883339756,0.6114094220200822,0.5350533828386199,,,0.09439851545781713,0.3817131280712991,-1.853515400195566
94,robotA,0.0,0.0,,,robotA,4.0,0.08000734977755368,0.02821321162433171,-0.21589538614652135,0.059778808138241324,-0.18603019410560623,0.4699132924985044,-0.43804019080164924,-2.993994668445852
94,robotB,0.0,0.0,,,robotD,5.0,0.6145564811372868,0.5154427827457095,0.5898062775305829,-0.4326883650977501,0.6489525865525498,-0.2042643768366355,-0.56713820080512,-0.20416990637851767
94,robotC,0.05,0.0,,,robotD,3.0,0.9398918461256628,0.7123000333297157,-0.8431028163130524,0.8468746230582778,0.003385363295857283,-0.5534585576299814,-0.4513614472376923,1.105563334518459
94,robotD,0.05,0.0,,,robotD,5.0,0.23418332938039907,-0.958108350569839,0.593972025311859,-0.8048171995979416,0.5084825153442633,-0.2980294310653865,0.5458131489168774,2.941883738426571
94,robotE,0.0,0.5,,,robotF,3.0,0.020697234288824667,0.06314514945153726,-0.0890130961979429,-0.41363471965217696,0.35829592004823996,0.37834720475700667,-0.12325724254148927,-0.3563723521479132
94,robotF,0.05,0.0,,,robotF,4.0,0.6792116828187885,0.5650148224461572,0.536257765482623,0.4981045140160344,0.4248140363952911,0.08022771381486138,0.33296868232492494,-1.8539066201320442
95,robotA,0.0,0.0,,,robotA,5.0,0.05580218148263066,0.009753893190721868,-0.2107565230428725,0.029798771473188473,-0.1809887543422627,0.4700653796746506,-0.4380267119232736,-2.994005067667201
95,robotB,0.0,0.0,,,robotB,5.0,1.0635752831080818,0.6137500281435728,0.4587971974915119,0.5362463379563444,0.3912260788817204,-0.20849196933937586,-0.5792192457182718,-0.24327025809530742
95,robotC,0.0,0.0,,,robotA,5.0,0.870691923552535,0.6590554329235138,-0.8468077780295329,0.009866918525266447,-0.15659690165483842,-0.542541694892574,-0.4296508325130614,1.1053741506921324
95,robotD,0.0,0.0,,,robotE,5.0,0.23675355727598527,-0.9181881195583088,0.716326883538769,-0.07250305066342097,-0.07050831363198226,-0.34232127454402067,0.5534102861846194,2.965103342095414
95,robotE,0.0,0.5,,,robotF,4.0,0.6639627324984783,0.07965052782405896,-0.08613199848203708,-0.6003711537830817,-0.6146090422356626,0.3731269182436682,-0.11952458987605104,-0.34669097297809326
95,robotF,0.05,0.0,,,,,0.1166934030865648,0.5197739755706071,0.5394778264942511,,,0.07516332655953677,0.30940212911668535,-1.8519032315527824
96,robotA,0.0,0.0,,,robotF,4.0,0.03582813985538631,0.009875661166302436,-0.21076668713144017,0.3948545643995857,-0.662250828984029,0.4698117161996999,-0.4380695657744985,-2.9939850745945393
96,robotB,0.0,0.0,,,robotD,5.0,0.10769236874575683,0.5970161081977591,0.48013435358592177,0.10413273870897292,0.6227878336120032,-0.2085325213617813,-0.5791851652100083,-0.2430505969007841
96,robotC,0.0,0.0,,,robotA,5.0,0.9325453605846422,0.6370932015511027,-0.846689677612922,-0.0014913914390168447,-0.1455859538546997,-0.5425452974616335,-0.4296583169583949,1.1053887952192516
96,robotD,0.0,0.0,,,robotE,5.0,1.18663547826143,-0.9602033099126166,0.7169508967387159,-0.08094017268319562,-0.08189273629534131,-0.3424045330801391,0.5534009582341497,2.9648159466514827
96,robotE,0.0,0.0,,,robotE,5.0,0.8564897100298198,0.07519051015224466,-0.08811966759653672,0.053148097973005785,-0.06586091762629756,0.3755284744279688,-0.1227031465122531,-0.1054732660169936
96,robotF,0.0,0.0,,,robotF,5.0,0.11823302877731101,0.4696609984965043,0.5395747244323829,0.41592567437883415,0.41811509245090245,0.07179368103285141,0.2951570965540844,-1.8512899982580615
97,robotA,0.0,0.0,,,robotC,6.0,0.5959818910762651,0.006145451379492914,-0.21047694754999358,0.5976479861969819,-0.8757442999744011,0.470094174313021,-0.4380276594542286,-2.9940137637548094
97,robotB,0.0,0.0,,,robotD,5.0,0.5164433085434702,0.6006687469967024,0.4807819062251022,0.015441880650372006,0.7267999270907839,-0.20838502956688895,-0.5792167484202938,-0.24303174918230577
97,robotC,0.0,0.0,,,robotF,3.0,0.9517866545386773,0.6386640673723655,-0.8499287853734963,0.5869659483312927,0.08696294933914711,-0.5424786714946639,-0.4295155639405368,1.1054007663399972
97,robotD,0.0,0.0,,,robotA,5.0,1.1901316366126706,-0.963949465459605,0.7160470492379151,0.1007283713332483,0.17956333443213476,-0.34240434806193815,0.5534008564247029,2.96482147153988
97,robotE,0.0,0.0,,,robotE,3.0,0.034744309616187116,0.060398916855825636,-0.09984021538587487,0.04237457359891338,-0.07364194904508005,0.36721017183259325,-0.12761682571364483,-0.22647101183937604
97,robotF,0.0,0.0,,,robotF,5.0,0.1288666398716163,0.4471534824307917,0.5431408293056434,0.37064498707247345,0.41899796297879516,0.07185802635349513,0.29536759221388326,-1.8512885555100722
98,robotA,0.0,0.0,,,robotB,3.0,0.8901091309391703,0.006283665692389844,-0.2104755532145467,-0.2115983655667386,-0.3463036368890968,0.46989549960032456,-0.43806066642427094,-2.99400351865329
98,robotB,0.0,0.0,,,robotD,5.0,0.6347271869051537,0.6005469988470586,0.4807702490912153,0.011669206231301204,0.7274568534043613,-0.20863194905976748,-0.5791594646280097,-0.24303827441629786
98,robotC,0.0,0.0,,,robotE,5.0,0.9383172543063181,0.638558147664247,-0.8499348650979109,0.0012568177818469747,0.09387457444072138,-0.5425976022525436,-0.42975199124839786,1.1053927846428762
98,robotD,0.0,0.0,,,robotA,5.0,1.1922144715320158,-0.9639563147228877,0.7160536562534243,0.10460439769912694,0.17603651937447193,-0.3423774369343194,0.5533976683856795,2.9648237013689673
98,robotE,0.0,0.0,,,robotB,3.0,0.0374694959794638,0.07792096824871009,-0.08549171513374013,-0.63317664899995,0.4230403608486836,0.37290777225078464,-0.12812744925286343,-0.23829308711860472
98,robotF,0.0,0.0,,,,,0.14586602076223817,0.44723605953608514,0.5431378181095446,,,0.07178536112200294,0.2951030624778673,-1.8512734652104506
99,robotA,0.0,0.0,,,robotE,6.0,0.25669177155487477,0.006179388334401994,-0.21042311771966526,-0.011800868471565584,0.1323445681680363,0.46993506546168845,-0.4380530189845392,-2.994006741103501
99,robotB,0.0,0.0,,,robotD,5.0,0.6386650903400853,0.6007481897610638,0.48072005277938157,0.0293062189062567,0.7413876327746274,-0.20832524346275783,-0.5792288239219221,-0.24301804631712748
99,robotC,0.0,0.0,,,robotC,3.0,1.1389170863924536,0.6386541589303097,-0.8499775109908604,0.5412418799879243,-0.6791549755953609,-0.5424667609450369,-0.4294833559925894,1.1054112547670765
99,robotD,0.0,0.0,,,robotA,4.0,1.1972903606799308,-0.9639580764633426,0.7161091502204171,0.10519238182801413,0.1751170418344421,-0.34242474039181986,0.553406211820104,2.9648313775057957
99,robotE,0.0,0.0,,,,,0.8739013649449552,0.07777528566709696,-0.08514360411463431,,,0.3723528974722497,-0.1286709476001099,-0.26582083627897635
99,robotF,0.0,0.0,,,robotB,5.0,0.145842058394276,0.44714939346671434,0.5431631022045224,0.6897506558759604,-0.1197607915593235,0.07184862887335594,0.295333317131935,-1.8512813332360696
100,robotA,0.0,0.0,,,robotD,6.0,0.34298341728502346,0.005595477035431909,-0.21019738794174264,0.976547697794406,-0.03993990294845515,0.47009567705115923,-0.4380277085147627,-2.994029628685762
100,robotB,0.0,0.0,,,robotB,5.0,0.6285247525352907,0.6012081900162471,0.4806741885680502,0.5306814397900771,0.394630485753951,-0.2086716126510053,-0.5791474839284814,-0.24303496292008808
100,robotC,0.0,0.0,,,robotD,5.0,0.19718607015096778,0.6386252401199437,-0.8506158382753901,0.9296704350058856,-0.18466687834774703,-0.5425579778797268,-0.42966734113362565,1.105406451653876
100,robotD,0.0,0.0,,,robotA,4.0,1.198851010448573,-0.9646201970129042,0.7161759955606586,0.10640699486742507,0.1768968610244087,-0.34237045630091756,0.553397591922506,2.964829955496736
100,robotE,0.0,0.0,,,,,0.8749210611559423,0.08089556475091082,-0.08251649728221423,,,0.3712080456806954,-0.12833882289993562,-0.2680138564748818
100,robotF,0.0,0.0,,,robotD,5.0,0.7064866512625371,0.447248682133854,0.5438024542155886,0.7169919558951247,0.4644144305807684,0.07181094177872424,0.2951899475089526,-1.8512691167685587
101,robotA,0.0,0.0,,,robotB,3.0,0.9856712354739369,0.005692175469852661,-0.21019658919788192,-0.23225489070137048,-0.3275506409034252,0.46975495085718116,-0.4380884346906322,-2.9940010260310057
101,robotB,0.0,0.0,,,robotD,5.0,0.1113656932077531,0.6013792142729716,0.48067781172523955,0.02699194587673,0.7403435921042135,-0.20836613286413766,-0.5792187995206164,-0.24301536611265698
101,robotC,0.0,0.0,,,robotE,5.0,0.7267402986874374,0.6386997066698168,-0.8506154476741502,-0.0059861838548190514,0.09273726777881333,-0.5425407731393239,-0.4296315415024909,1.105414237340153
101,robotD,0.0,0.0,,,robotA,5.0,1.1991098599110426,-0.9645920856164241,0.7161791857288531,0.10496423513721138,0.1752232756481946,-0.3424154336082105,0.5534051064350886,2.964836059175109
101,robotE,0.0,0.0,,,,,0.8754411392534984,0.08152155622102383,-0.08253224892303089,,,0.36811313214781194,-0.12749065524984432,-0.273717511637158
101,robotF,0.0,0.0,,,robotD,5.0,0.28120899929403204,0.44722062816969693,0.5437991395694064,0.7270815950669933,0.4620865854245571,0.07181709926583296,0.29520755344317406,-1.8512687093093738
102,robotA,0.0,0.0,,,robotD,6.0,0.2651450693378436,0.005508657120352712,-0.21020327995569432,0.9750059526444079,-0.03328613741157209,0.4701386730365627,-0.4380260241906503,-2.9940406988418333
102,robotB,0.0,0.0,,,robotD,5.0,0.630245674373516,0.6012571323400338,0.4806724429890397,0.015782527026171146,0.7292599950797124,-0.20852353828780162,-0.5791813944629279,-0.24302359769137896
102,robotC,0.0,0.0,,,robotF,3.0,1.1426073605912732,0.6387129936378199,-0.8506155564697128,0.5791526058423132,0.10296263659405516,-0.5424849580579649,-0.4295208001294091,1.1054223907529808
102,robotD,0.0,0.0,,,robotE,5.0,1.1985903496447026,-0.9646071276543811,0.7161816161491487,-0.05817943030770542,-0.0981943313475785,-0.3423955786147284,0.553402042180137,2.9648363516456335
102,robotE,0.0,0.0,,,robotE,3.0,0.8767480040159652,0.08312028091186507,-0.08253433268817384,0.04941318140215532,-0.056406514945677035,0.36617011859018306,-0.1265478810384717,-0.2763890274607147
102,robotF,0.0,0.0,,,robotF,5.0,0.291583148526144,0.4471814374002676,0.5437972594063659,0.35756842147737367,0.43236546270779774,0.0718958309240895,0.295502018298275,-1.851286266589809
103,robotA,0.0,0.0,,,robotB,2.0,0.9853124689880196,0.005706428637324406,-0.2102016378712788,-0.2191667191575876,-0.3466019454757536,0.46978679090531567,-0.43808346315193614,-2.994010942990181
103,robotB,0.0,0.0,,,robotD,5.0,0.6361097664100619,0.6013083635645666,0.480673733053277,0.013660795834882077,0.7305076681528065,-0.2085562333530096,-0.5791733637935264,-0.24302445249865745
103,robotC,0.0,0.0,,,robotE,5.0,0.9554366118547729,0.6386077226382019,-0.8506222879718249,-0.007379649670208917,0.09435929579908943,-0.5426034028463689,-0.42975623949754055,1.1054175360755234
103,robotD,0.0,0.0,,,robotE,5.0,1.218528008627416,-0.9646006424232387,0.7161834028989463,-0.05811132987682808,-0.09914478909116868,-0.3423860272100328,0.5534004388009598,2.9648370823382564
103,robotE,0.0,0.0,,,robotA,4.0,0.04393128642602929,0.08444217799945963,-0.08291929157189762,-0.053173301014708414,0.11306051340642352,0.36952981517370076,-0.12748738553518904,-0.2700470788108908
103,robotF,0.0,0.0,,,,,0.14311192731105465,0.4473578657219893,0.5438054889143976,,,0.07173443751603333,0.29491705558708126,-1.8512546012109976
104,robotA,0.05,0.0,,,robotD,6.0,0.26285792657659807,0.005532890052048337,-0.21020408924192147,0.9796469644338288,-0.03773777775147373,0.4405152447866035,-0.44242722640637283,-2.9943284505781658
104,robotB,0.05,0.0,,,robotD,5.0,0.6385793865382149,0.6013398047643814,0.48067369253066633,0.024767225344356436,0.7369421890737934,-0.20241028694937893,-0.5806799900917793,-0.24344241732249902
104,robotC,0.0,0.0,,,robotC,3.0,1.1447636334319828,0.6387550957816698,-0.850624125827042,0.537071611107743,-0.6758853164196467,-0.5424687242732927,-0.4294780339187014,1.105441720813121
104,robotD,0.0,0.0,,,robotA,5.0,1.2192089165985502,-0.9645924836984957,0.7161847762255495,0.10503016103612692,0.17558042103515858,-0.3424123103259166,0.5534047870297998,2.9648403583241225
104,robotE,0.0,0.0,,,,,0.23846376377389275,0.08269400439931869,-0.0829115303976416,,,0.3710548873701731,-0.12793804196472672,-0.2669807749928686
104,robotF,0.0,0.0,,,robotD,5.0,0.14291278643131053,0.4470535953829794,0.5437946697257287,0.8273605369726481,0.30619527251776085,0.07188841255476996,0.2954661026971753,-1.8512748710100204
105,robotA,0.05,0.0,,,robotF,4.0,1.0211821074740195,-0.026865570079881745,-0.21020636762182346,0.36755041004683614,-0.625344163457508,0.3915516219301166,-0.4496934897271814,-2.994482722707204
105,robotB,0.05,0.0,,,robotB,5.0,0.6227405699874907,0.5924128023024701,0.48084783835860273,0.5207130324521074,0.39358778773260195,-0.154842085605863,-0.5925101437966767,-0.24357307579854226
105,robotC,0.05,0.0,,,robotF,5.0,0.20209788419599362,0.6385890154651425,-0.850635914155487,0.606469447739021,0.24186066115557317,-0.5307026837187191,-0.40606023576766026,1.105158225205451
105,robotD,0.05,0.0,,,robotA,4.0,1.198489825816094,-0.9646069712075123,0.7161858852235029,0.10584022436577402,0.1730759159963725,-0.34672983734688534,0.5541764775745908,2.9648242986515534
105,robotE,0.0,0.0,,,,,0.23801978268796717,0.08191187629361169,-0.08291247407503227,,,0.37077432373035757,-0.12785467283261745,-0.2675590209504665
105,robotF,0.0,0.0,,,robotF,3.0,0.44817552919166637,0.44735173589177907,0.54379707399938,0.3178692146237072,0.36120937418685495,0.07174493127355146,0.29494600109956565,-1.8512462656341924
106,robotA,0.05,0.0,,,robotD,5.0,0.6081614372121751,-0.07689222612955551,-0.21021637968417647,1.0566838601681872,-0.07174088900039871,0.34285790411946215,-0.4568964120301759,-2.994903911392019
106,robotB,0.05,0.0,,,robotD,5.0,0.09008577600969274,0.5424841029267675,0.48100327566040524,-0.1356076535052214,0.8477484386225161,-0.11516268370749241,-0.600760990528933,-0.09604801101544105
106,robotC,0.05,0.0,,,robotC,3.0,1.0923261449954005,0.6109593885256474,-0.8504562559853477,0.5542143097569527,-0.7321639233142375,-0.5083486127852052,-0.36158130151358175,1.1049546124807461
106,robotD,0.0,0.5,,,robotA,4.0,1.2071258627280064,-0.9722310943489242,0.7161367599462799,0.13105691941922912,0.15727480807372668,-0.39171668494707584,0.5622020186162855,2.9702189862208654
106,robotE,0.05,0.0,,,,,0.23814418922057776,0.08213165695584046,-0.08291199284921008,,,0.3686792716744069,-0.1272510764346003,-0.27167895568616734
106,robotF,0.05,0.0,,,robotD,6.0,0.22367234766113758,0.44707533546677125,0.5437883911765745,0.6319039223265248,0.5154703287119987,0.06504937440710087,0.27170598054722966,-1.8514548610322037
107,robotA,0.05,0.0,,,robotA,5.0,1.1920661046402314,-0.1273069960229455,-0.21025893940511778,-0.15696720661489147,-0.14624694943134717,0.3016946563799401,-0.4607652779102075,-3.007711686236192
107,robotB,0.05,0.0,,,robotD,5.0,0.8320713519789183,0.566427586878857,0.40110623725446987,-0.034494819001998286,0.6871563367998703,-0.0716555433446236,-0.6034983395010339,-0.13334468247778458
107,robotC,0.05,0.0,,,robotF,5.0,0.11832555933867094,0.5604173256582233,-0.8503267795192986,0.5946420336024553,0.1588311029716013,-0.4864293716799828,-0.31801399044402145,1.1045218969869588
107,robotD,0.05,0.0,,,robotA,5.0,1.2714482235528577,-1.0026157936353461,0.7329194596177122,-0.0966305237043653,0.18570891553670907,-0.43577574951326786,0.5652025194466315,3.062043757614005
107,robotE,0.05,0.0,,,,,0.23646145231339846,0.07915458331461725,-0.0829072121482867,,,0.40726340645676373,-0.13822143904962944,-0.2825322140014817
107,robotF,0.05,0.0,,,,,0.21409930051680248,0.4196977671108036,0.5438790979628014,,,0.05123388665823056,0.22379997488499728,-1.8517717404178786
108,robotA,0.0,0.5,,,robotD,5.0,0.07030945929801515,-0.20271974494672368,-0.1996335142484758,0.7238839603895847,-0.22502169418814397,0.2904091660350274,-0.4601931892384636,-2.702374356157349
108,robotB,0.0,0.5,,,robotD,5.0,0.6267921633903744,0.5301473780287976,0.41503944019140604,-0.08601363017184359,0.6724465037607151,-0.0681422634214515,-0.6029904279507049,0.2652249756467707
108,robotC,0.05,0.0,,,robotE,4.0,1.0397783276945662,0.5156617080419592,-0.8779432596153922,0.01142500271514261,0.06731081090115322,-0.46329835138536657,-0.2720596958263208,1.104255437304005
108,robotD,0.05,0.0,,,robotD,4.0,1.1138935181494019,-1.0108520828648413,0.8220717920006337,-0.8193682420913618,0.6957156784061967,-0.47260679744748985,0.5640015147254377,3.095103661277536
108,robotE,0.05,0.0,,,,,0.2308787874521506,0.06922030434018955,-0.08270674602069526,,,0.45135928081953464,-0.15081339586299838,-0.27909317388517174
108,robotF,0.05,0.0,,,robotD,5.0,0.26710831008488856,0.37087580567312517,0.5721375293909118,0.5806248292909633,0.4241719817372107,0.03771285234820847,0.1769828833556991,-1.8520962878779537
109,robotA,0.0,0.5,,,robotA,5.0,1.041317745640885,-0.30733829445089755,-0.08037277954193431,-0.21503584349914262,-0.10438390899359871,0.28677619149445666,-0.4681436936497921,-2.2352007558177625
109,robotB,0.0,0.5,,,robotE,7.0,0.9476219783169284,0.6922457539825886,0.13179898016992572,-0.09080241287770488,-0.0337209325381309,-0.06191975922587305,-0.5984124037543294,0.6097313049065134
109,robotC,0.05,0.0,,,robotC,6.0,1.09611656431909,0.4729590694441489,-0.9269013534899645,0.38741656140762715,-0.7084824841964329,-0.4438680855518037,-0.2473903283608266,1.1115155077749221
109,robotD,0.05,0.0,,,robotB,4.0,0.31925785501632775,-1.104487305599076,0.8393565417220049,0.38075296181584106,0.4235841471594072,-0.5217896524143248,0.566296922191047,3.0947709316259235
109,robotE,0.05,0.0,,,,,0.23204433473602395,0.07136587071057299,-0.08273164166896453,,,0.4957340803214167,-0.16367225920319656,-0.28452434081828654
109,robotF,0.05,0.0,,,robotF,4.0,0.32470214465981734,0.3230134883017675,0.6218279448155687,0.2054120272836789,0.3375311668675857,0.023414552873502185,0.12752745060740997,-1.852415633575995
110,robotA,0.0,0.5,,,robotA,5.0,0.23996823065585463,-0.3250230460711865,0.10889423567780832,-0.25895725799606445,0.043274088739651634,0.2993073957423523,-0.47111617179888937,-1.7733261301060785
110,robotB,0.0,0.5,,,robotB,4.0,0.8120564112549238,0.7129968889961551,-0.14922979526009306,0.5639393380678076,-0.10822441582750203,-0.05563731909814701,-0.6081129374907245,1.1549254190458191
110,robotC,0.05,0.0,,,robotB,5.0,0.2666623606219994,0.4301151255764898,-0.971704153498971,-0.31655236955183363,-0.13420726687459675,-0.42186201935941703,-0.20289016643134708,1.1113456660155845
110,robotD,0.0,0.5,,,robotE,4.0,1.6361524312213553,-1.19893160883751,0.8497196132160237,-0.023249557251649212,-0.055973968135997254,-0.5581910659750247,0.5671375075116487,-3.032898919617086
110,robotE,0.0,0.5,,,,,0.23085048532471902,0.0692972938634997,-0.0826252039181583,,,0.5196098266032089,-0.17113982765802974,-0.15058140867473144
110,robotF,0.05,0.0,,,robotB,5.0,0.336982934179029,0.27450779104322975,0.6673542609019365,0.4600307237624674,-0.05879173032938985,0.009830191460461216,0.08061604647870622,-1.8528019239262035
111,robotA,0.05,0.0,,,robotA,5.0,0.23797349419812708,-0.23481343553036513,0.2800196478904218,-0.20117305949668132,0.18962546631497418,0.2901756784320414,-0.5063308100230504,-1.655773312230059
111,robotB,0.05,0.0,,,robotD,5.0,0.4104087056103048,0.550403333251744,-0.5184098400131322,0.513235469489414,-0.388029261823794,-0.07147889297849885,-0.5850439005538325,1.4571652971965432
111,robotC,0.05,0.0,,,robotA,5.0,1.1190086414355118,0.3884189921703653,-1.0032272429159408,-0.18116923703498722,-0.07950870773889117,-0.3993429574473122,-0.1574100191075651,1.1109063810354305
111,robotD,0.0,0.5,,,robotE,5.0,1.5472375222669201,-1.1030285856407376,1.0521872115494286,-0.06459483158811022,-0.09802864963658264,-0.5569399465030922,0.5673888681763819,-2.590292326674834
111,robotE,0.05,0.0,,,robotE,3.0,0.23738044435275268,0.0642057779337636,-0.09326841618494203,0.02933992812586555,-0.04408796693147726,0.5137232436269215,-0.17280143359338115,0.0651631551434147
111,robotF,0.05,0.0,,,robotC,5.0,0.7952166947878875,0.2222199607886398,0.7000334357551162,0.5848787793334781,0.30397072992433183,-0.004796531047077389,0.050014720474885505,-1.8380525671287529
112,robotA,0.05,0.0,,,robotF,5.0,0.12204821884335268,-0.2645912891876447,0.29390344033489424,0.3887580718002854,-0.29450396023268444,0.28911870268830586,-0.551704827505443,-1.54484888462496
112,robotB,0.05,0.0,,,robotD,4.0,0.2901762209754299,0.3745627279015782,-0.6429255347665243,1.0475245392652892,-0.26103864692390455,-0.06659321350311115,-0.5358979573732675,1.4376485555593213
112,robotC,0.0,0.5,,,robotA,5.0,1.060519061620318,0.3392583593304717,-1.0035518869255085,-0.24735543241146846,0.0872830640236695,-0.37901957234958,-0.11637548917339749,1.1128821251019636
112,robotD,0.05,0.0,,,robotE,5.0,1.5970478512657962,-0.5137935905568867,1.4345451052521039,-0.0997136543842364,-0.04408073860671574,-0.5107980099058546,0.5648950696355709,-2.1081520495590587
112,robotE,0.0,0.5,,,robotF,4.0,0.06094964106138948,0.054872776477238976,-0.09943173261992659,-0.4280154559353154,-0.96330636212376,0.4908646856663431,-0.17626958963793765,-0.14946631317091527
112,robotF,0.05,0.0,,,robotF,5.0,0.572759149664151,0.17168649450537327,0.7006131120300916,0.18664957820981082,0.5678884683779607,-0.01774967717266141,0.002757273544361797,-1.838475237070497
113,robotA,0.0,0.5,,,robotA,5.0,0.90336826831568,-0.27151333259715804,0.32203144080662166,-0.19956865066771526,0.2635965500955568,0.28906087029451044,-0.5533742941458079,-1.1046054952518107
113,robotB,0.05,0.0,,,robotE,5.0,0.8207083385820384,0.32160678922905245,-0.6439297505035222,-0.08288687112740319,0.01900898767006988,-0.060123213100208045,-0.48773086044816744,1.437341894818374
113,robotC,0.05,0.0,,,robotD,5.0,1.2177093379402708,0.28336010534691053,-1.0086900422562097,0.28770223699437747,-0.7783764890913628,-0.3759268867533566,-0.09394743640799294,1.37449100597314
113,robotD,0.05,0.0,,,robotC,5.0,1.5873108169596286,0.23005027299492775,1.5085980375206944,0.20301955614817055,1.0324287047706322,-0.5183655906371776,0.5455138351988146,-1.8321079849131592
113,robotE,0.0,0.5,,,robotE,4.0,1.006027200918041,0.0706146492059637,-0.08954509768490566,0.05672323902708019,-0.06719850964183724,0.5072892853747711,-0.18305309444155934,-0.28266338104921007
113,robotF,0.05,0.0,,,robotE,5.0,0.14826605964537684,0.12431134944807802,0.702412702914405,0.042818192623022173,0.03126872042586957,-0.03128021192770681,-0.04655833943529929,-1.8387374151997355
114,robotA,0.0,0.0,,,robotA,4.0,0.189918054684286,-0.09557169403981505,0.42251005017405263,-0.012958052196856102,0.20246323751090875,0.28568505085441004,-0.5573289195239588,-0.9380663818527892
114,robotB,0.0,0.0,,,robotD,4.0,0.7666139183436997,0.26906045272705265,-0.662041657311614,0.37158733670567734,0.3012116406353959,-0.054893018707541284,-0.4487429683166396,1.476435756580679
114,robotC,0.05,0.0,,,robotE,5.0,0.4052580669445634,0.0035076046401538927,-1.0672839340710516,0.06268172245671921,0.01304570644199251,-0.3804274542907786,-0.05756722950406019,1.3892134959370863
114,robotD,0.05,0.0,,,robotB,4.0,0.5737484772103395,0.6500732111283609,1.392053988461916,0.3826214219492327,0.6597766024764976,-0.536200256833498,0.49150539084407296,-1.8079183488634833
114,robotE,0.0,0.5,,,robotF,5.0,0.022932557284585556,0.07443689750241549,-0.0817631410147893,-0.12072690001350446,-0.41626705402901676,0.4993301002278694,-0.18444954491470045,-0.3024487284815879
114,robotF,0.0,0.5,,,robotA,5.0,0.6903868918510953,0.0746154044509675,0.7209229800080058,0.0809349120084789,-0.18651509439137795,-0.041014900721195326,-0.08228406776648368,-1.7893877277993147
115,robotA,0.0,0.0,,,,,0.1174027769990788,-0.025708139285269528,0.4323065789871134,,,0.28434061232198593,-0.5549719366734638,-0.931342318657261
115,robotB,0.0,0.0,,,robotB,5.0,0.9953929397391279,0.1878716369697355,-0.6770805683456612,0.16353450380628198,-0.5055160688315592,-0.054904939987326276,-0.44941701719349025,1.5163586467337822
115,robotC,0.0,0.0,,,robotC,6.0,1.0882623435340861,-0.07198166457066438,-1.066852761261622,-0.013587017646142414,-0.821109420243723,-0.37567670578433,-0.03165306973311768,1.3889278142473194
115,robotD,0.0,0.0,,,,,1.5447338047496666,0.515942230714592,1.4282547967919677,,,-0.5503113080901826,0.4429942567619715,-1.815261664250602
115,robotE,0.0,0.5,,,robotD,4.0,0.3919598603458844,0.07859829649677003,-0.07877335311223564,-0.5291534334675886,-0.6318210676996773,0.49504631738908966,-0.18307403901631952,-0.31513864849577744
115,robotF,0.0,0.5,,,robotA,5.0,0.8997978180800152,0.11675611650141283,0.7125694148346633,0.058499023328308336,-0.1856106133374222,-0.04079926672852858,-0.08065447652242591,-1.2241261137869466
116,robotA,0.0,0.0,,,robotA,4.0,0.23022806368292698,-0.01811329760828612,0.43263357606898145,-0.010374483636300853,0.2716783544682861,0.2841521985454881,-0.5547114080399476,-0.9313507116384444
116,robotB,0.0,0.0,,,robotD,4.0,0.17410960426235061,0.18269183491831475,-0.6785685203052563,0.340583283711244,-0.5018816242316945,-0.054885525705572376,-0.4488725555052063,1.5164209897181984
116,robotC,0.0,0.0,,,robotD,5.0,0.2584450136692333,-0.09347771454788094,-1.0668965265756964,0.0008144681590106043,-0.8801911598307717,-0.37570821967922646,-0.03186341430432475,1.3888933066408422
116,robotD,0.0,0.0,,,robotE,4.0,0.7782775384283642,0.45533962109217213,1.4346494890427537,-0.07659732505120427,-0.01479065907285921,-0.5503063544709492,0.4430147440469194,-1.8150218849984239
116,robotE,0.0,0.0,,,robotD,5.0,0.826864475917157,0.08454038641507426,-0.0776687808943439,-0.8191338793323216,-0.21227793318224905,0.4814128706529506,-0.17844929131311518,-0.29924718655928184
116,robotF,0.0,0.0,,,robotF,5.0,0.8462537779134277,0.4512992725917322,0.5639582099278875,0.31248439661953026,0.38897233181806296,-0.03176828834438185,-0.07852804928486211,-0.9669256963955827
117,robotA,0.0,0.0,,,robotA,5.0,0.16112165891415375,-0.01791853085414215,0.4326233025804399,-0.020445172045056418,0.34881564664779474,0.2843719387850251,-0.554990265071508,-0.9313477359614455
117,robotB,0.0,0.0,,,robotE,5.0,0.23709302059488244,0.18247436198136446,-0.6785583609126173,-0.07710654626037963,0.005026078730497293,-0.054909965408095826,-0.4493816208974993,1.516355135286975
117,robotC,0.0,0.0,,,robotC,6.0,0.2091468005799772,-0.09344951721473835,-1.0668906115018957,-0.046283768764294464,-0.7889126961530313,-0.37566809580025917,-0.03157857663770024,1.3889278008321542
117,robotD,0.0,0.0,,,robotE,4.0,1.5439821741562947,0.4556263203657388,1.434560556254709,-0.07808127157059461,-0.014240343521210612,-0.5503126884870815,0.4429955210526531,-1.8149974249193195
117,robotE,0.0,0.0,,,robotA,4.0,0.9271139640114009,0.0983833958397853,-0.07922774706556093,-0.12150664548450683,0.10597736100868768,0.48165375811444366,-0.17856038772237912,-0.2989616953137637
117,robotF,0.0,0.0,,,robotF,5.0,0.2635283158844144,0.5703011579580404,0.443540553759019,0.39716836673272554,0.2971612607446808,-0.03655967440557689,-0.05481555897969917,-0.9725005641013669
118,robotA,0.0,0.0,,,robotA,4.0,0.08383221663881212,-0.01810667368042785,0.4326152407516766,-0.011957008334460945,0.283557610299174,0.2841624588292998,-0.5547144469526933,-0.9313740732732474
118,robotB,0.0,0.0,,,,,0.7313004258379932,0.1827351221008096,-0.678554655502193,,,-0.054890568445517436,-0.44888870188632735,1.5164088972216128
118,robotC,0.0,0.0,,,robotA,6.0,0.2819804929191583,-0.09360156387805021,-1.0668947543015819,-0.22729449681456768,0.18980938967602043,-0.37569276863773904,-0.03173809897366988,1.3889196317874608
118,robotD,0.0,0.0,,,robotE,4.0,1.5439773848956744,0.4556506253088041,1.4345510242480775,-0.08476697189434712,-0.022747831966869806,-0.5503146171831486,0.44299284727937577,-1.8149916592812412
118,robotE,0.0,0.0,,,robotA,4.0,0.28743758405901826,0.09830465763568536,-0.07923429021846429,-0.12128209620380534,0.10589416765340398,0.4813335552529153,-0.17852542664447493,-0.2992685011165927
118,robotF,0.0,0.0,,,robotF,5.0,0.2267671319844916,0.5722268245213151,0.44130656418933845,0.40226845088848406,0.29840658091338407,-0.03640347069062915,-0.055012131976290304,-0.9724516657786417
119,robotA,0.0,0.0,,,robotA,5.0,0.1491785561512499,-0.01795060348952044,0.4326157145152443,-0.012129010485464303,0.2817727258597502,0.2843211708283919,-0.554917127660494,-0.9313676385258255
119,robotB,0.0,0.0,,,robotE,5.0,0.7312122481175003,0.18247428170111707,-0.6785594283948898,-0.08549789759603955,-0.0009719292243962662,-0.054912773161399225,-0.44937870755489795,1.516355521712161
119,robotC,0.0,0.0,,,robotF,6.0,1.263801028395548,-0.09353451466265379,-1.0668931632569976,-0.04248749263737152,0.7188279745402149,-0.37569859519188425,-0.0317335650302389,1.3889304214651899
119,robotD,0.0,0.0,,,robotE,4.0,1.554275413984364,0.4556543525648694,1.4345499600392844,-0.08511614929689754,-0.022776017448417576,-0.5503106621901667,0.44301198244024337,-1.814989075835049
119,robotE,0.0,0.0,,,robotE,3.0,0.2873541312961753,0.09849646851919436,-0.07922681781630925,0.057345928685598735,-0.043964985111534564,0.48168576876353464,-0.17861406018112716,-0.2989172357016334
119,robotF,0.0,0.0,,,robotF,5.0,0.22195172001890803,0.5721084087507134,0.4412944905933422,0.39802284079501926,0.297053605650523,-0.03651118180248154,-0.054859250579390326,-0.9724919417278837
120,robotA,0.0,0.0,,,robotA,4.0,0.15095478595581366,-0.018055114760146467,0.4326111450078277,-0.011189035190703436,0.2831130218287377,0.28424703820463393,-0.554820269615198,-0.9313741057212713
120,robotB,0.0,0.0,,,robotE,4.0,0.7287448661200718,0.18273332785063404,-0.6785566763901933,0.018587806057716632,0.04332317179563801,-0.05489177329790447,-0.4489049279108892,1.5164066394865678
120,robotC,0.0,0.0,,,robotE,5.0,1.7864532070345278,-0.09353952275548166,-1.0668956186132075,0.07360602496565444,0.015184561550511745,-0.37567260275403913,-0.031603914146760684,1.3889413588905204
120,robotD,0.0,0.0,,,robotE,4.0,1.5544286057016188,0.45566996295876117,1.4345498455674315,-0.08466493938114011,-0.02274965999519289,-0.5503180209034251,0.4429824397413617,-1.8149873211102565
120,robotE,0.0,0.0,,,robotD,4.0,0.05405234572040434,0.09829734368256444,-0.07924440811736623,-1.0881361847626025,-0.41140687839891504,0.48131567401078024,-0.17849625087318033,-0.29925182103302456
120,robotF,0.0,0.0,,,robotF,5.0,0.22612210728114104,0.5721610475196904,0.44130024290761666,0.40174564799521734,0.29978928069331834,-0.03631585616604354,-0.055129311783407436,-0.9724304887274494
121,robotA,0.0,0.0,,,robotA,4.0,0.14965578344803734,-0.01802955095767626,0.432612389263813,-0.012112565733631162,0.2826757179322313,0.28418241026275814,-0.5547306919096099,-0.9313801495293309
121,robotB,0.0,0.0,,,robotE,5.0,0.7402542010522041,0.1824837389624224,-0.6785593708335165,-0.08526960835714881,-0.000964332852279876,-0.05491318253075619,-0.44937836872893533,1.5163554772428478
121,robotC,0.0,0.0,,,robotC,6.0,1.0949255100806783,-0.09362424651221572,-1.066894875887827,-0.04931063050186671,-0.7922303154021796,-0.3757103891551222,-0.03182596198726254,1.388931646566521
121,robotD,0.0,0.0,,,robotE,4.0,1.554241287077842,0.4556564150285551,1.43454880374731,-0.08451247079576753,-0.022602630654112815,-0.5503104667045863,0.443016022155367,-1.8149857081621068
121,robotE,0.0,0.0,,,robotA,3.0,1.2322422306772012,0.09849324123499467,-0.07924498952402041,-0.16139939329966096,0.1275472598267981,0.4816592256559511,-0.17859510329776415,-0.29892637439474284
121,robotF,0.0,0.0,,,robotF,5.0,0.22142122454025628,0.5720475373885467,0.44129767318637425,0.3996432219110857,0.2981418506010116,-0.036523463969670655,-0.05483289441793074,-0.9725052729317637
122,robotA,0.0,0.0,,,robotA,5.0,0.15004912524268213,-0.017911838542400436,0.43261273277841117,-0.015744399417981052,0.34909051320209705,0.2844100798728808,-0.5550324215579917,-0.93137557223989
122,robotB,0.0,0.0,,,robotE,4.0,0.7286638877677096,0.18272222845541108,-0.6785567152907069,0.01862260389892765,0.04335860041976342,-0.05489330996801939,-0.4489395068711851,1.5164031088613497
122,robotC,0.0,0.0,,,robotA,6.0,0.27819465094538376,-0.09350025737728576,-1.0668929096723772,-0.22784624782637858,0.19020136661130804,-0.3756656638069131,-0.03157073097065331,1.3889506156460922
122,robotD,0.0,0.0,,,robotE,4.0,1.5540568152154661,0.45567502448413805,1.4345487186781587,-0.08525357443248432,-0.022902599789442195,-0.5503172086961732,0.44298791938268106,-1.814984344020956
122,robotE,0.0,0.0,,,robotE,4.0,0.3319991488938562,0.09832961552239669,-0.07924799360653478,0.07892339538691062,-0.06228765313150235,0.4813833005688135,-0.17851622186727445,-0.29917913045287864
122,robotF,0.0,0.0,,,robotF,5.0,0.22419401631357444,0.5721785381870581,0.4413009285121293,0.40206597551948287,0.30007569709547915,-0.03634533316494792,-0.05508805740076571,-0.9724478621195762
123,robotA,0.0,0.0,,,robotA,4.0,0.08355399887060629,-0.01818157103993594,0.43260895979777086,-0.012066335026575375,0.2836573130420526,0.2842468987335691,-0.5548136798945789,-0.9313988838963121
123,robotB,0.0,0.0,,,robotE,5.0,0.7402874145511908,0.1825117211874141,-0.6785595482489671,-0.08530361686594895,-0.0009657778423114924,-0.054910394809784914,-0.44931820005364725,1.516361845712826
123,robotC,0.0,0.0,,,robotE,5.0,1.2642396558997975,-0.09363641416690623,-1.0668943449789967,0.07286804445957606,0.014947878084792443,-0.3757268365411517,-0.03191725976361168,1.388925790362867
123,robotD,0.0,0.0,,,robotE,4.0,1.554591751808753,0.45566529659805943,1.4345480133549107,-0.08472757864565642,-0.022683348225564635,-0.5503130975272315,0.44300551745893985,-1.8149830263859088
123,robotE,0.0,0.0,,,robotD,4.0,0.025850350095022758,0.09843392647867695,-0.07924583040833438,-1.0882830518793807,-0.41163843826147595,0.4815197919946159,-0.178556410597108,-0.29905112236458314
123,robotF,0.0,0.0,,,robotF,5.0,0.22101001464041287,0.5720690645047791,0.4413002569525131,0.39849672498367306,0.2973116598656773,-0.0365111520614497,-0.054848763963120925,-0.9725058693214739
124,robotA,0.0,0.5,,,robotA,5.0,0.1490693517428529,-0.017958520813061023,0.432610170603403,-0.01210477035307523,0.2826299723085749,0.2837721890381638,-0.5542350865742769,-0.5972364956234816
124,robotB,0.0,0.5,,,robotE,4.0,0.728658351158633,0.18267447281838176,-0.6785576433206055,0.01862561389091754,0.04332761221047868,-0.0549042593612631,-0.4490429400993761,1.5182310927365807
124,robotC,0.0,0.0,,,robotD,5.0,1.0945553936446681,-0.09347835380718511,-1.0668933235433906,0.0010486149869108807,-0.8802334730956097,-0.3756269584332674,-0.031329409540092445,1.3889752014246979
124,robotD,0.0,0.0,,,robotE,4.0,1.554205368050772,0.45567239299506684,1.4345476549885932,-0.08476541537233911,-0.02274823876199009,-0.5503141698244202,0.44300160548106277,-1.8149819048672098
124,robotE,0.0,0.0,,,robotA,4.0,1.2323690013321076,0.09841351312302382,-0.07924617292458426,-0.12024601146630497,0.10483396644574304,0.48158559455532024,-0.17857562624031484,-0.2989878832949812
124,robotF,0.0,0.0,,,robotF,5.0,0.2255890294553238,0.5721555796440662,0.4413012859108734,0.4009473188519104,0.29924690995620246,-0.036384282464614025,-0.05502890556648135,-0.9724618628959768
125,robotA,0.05,0.0,,,robotA,4.0,0.190050561753673,0.12459875540515744,0.4146578559853001,0.08113435135307184,0.2723627175645977,0.30095283899861813,-0.5545230422840246,-0.3765188375703295
125,robotB,0.0,0.5,,,robotE,5.0,0.7407984933234176,0.17072305908969648,-0.6816887840691159,-0.08564962260239603,0.0004925567192462164,-0.054926622310992046,-0.45117212731846323,1.9923721565847496
125,robotC,0.05,0.0,,,robotA,6.0,0.20936420086923768,-0.09376551350275615,-1.0668980108213368,-0.2626926606317928,0.20980840601223086,-0.3712633395478426,-0.007631067736956565,1.3887029246498477
125,robotD,0.0,0.5,,,robotE,4.0,1.55428040471769,0.4556766009598974,1.4345472026197954,-0.08488756274563433,-0.022761512637322494,-0.5503151877200717,0.4429816690226455,-1.8135093752240092
125,robotE,0.0,0.0,,,robotD,4.0,0.2857837663342712,0.09835503727729225,-0.07924738130138954,-1.0883946059445544,-0.4114946978275916,0.48136798745644993,-0.17851236531911654,-0.29919097174878734
125,robotF,0.0,0.0,,,robotD,5.0,0.22243828374124858,0.5721184693101788,0.44130051717736746,0.6769620561570735,0.0991898930389313,-0.03645436444739105,-0.05492892954186747,-0.9724863871568794
126,robotA,0.05,0.0,,,robotA,6.0,0.15118009170166255,0.19031948852738437,0.37692861041283793,0.17882755272739348,0.3140710499022327,0.3214519730885988,-0.560290748545397,-0.10707174648677886
126,robotB,0.0,0.5,,,robotB,5.0,0.6862771415828005,-0.18416116113706002,-0.6786773718219051,-0.15204212071948103,-0.5204530749185251,-0.041338876280861275,-0.4594212946595472,2.5184355643783296
126,robotC,0.05,0.0,,,robotA,5.0,1.284508370879546,-0.12155747292538051,-1.0669228161526778,-0.26717155094273287,0.22009610624961135,-0.3622089630868283,0.04153573984965951,1.3885149417832554
126,robotD,0.05,0.0,,,robotE,4.0,1.5556936437048738,0.48374699484744854,1.4252845684577047,-0.08489618713711944,-0.021550156933634653,-0.5506378641615863,0.4106362788514585,-1.6304254216930194
126,robotE,0.0,0.5,,,robotD,4.0,1.2324923405033048,0.09847019333437769,-0.07924581877471265,-1.0840619921019263,-0.4156240777273962,0.48162180296505464,-0.1785851318909277,-0.29863894316117845
126,robotF,0.0,0.5,,,robotF,5.0,0.35781779282225945,0.5721114999092345,0.4413008892298052,0.4051686499295888,0.302405633407098,-0.036883579790048505,-0.054154179682085524,-0.7711478382368046
127,robotA,0.05,0.0,,,robotA,4.0,0.07832296126616825,0.25709439680294405,0.3170354014257781,0.20047482426681404,0.21000179125270924,0.37774930940751694,-0.5740127256618375,-0.15988818212152575
127,robotB,0.05,0.0,,,robotA,5.0,0.3326597345463587,-0.4845076111092366,-0.5090866028029919,-0.12155391973136602,-0.15021010776758492,-0.06976165160990677,-0.4506360303304228,2.7049807488966726
127,robotC,0.05,0.0,,,robotE,5.0,1.2905907748020213,-0.17166967055308216,-1.0669563164768767,0.08309920939736175,0.011913925727393589,-0.3533919552298882,0.08929698585455804,1.3881941794940735
127,robotD,0.05,0.0,,,robotE,4.0,1.5463023069300916,0.6837001927132009,1.3202063147475365,-0.087292618327728,0.0004184632410658801,-0.5523863936163665,0.35803286405590623,-1.601592670735676
127,robotE,0.0,0.5,,,robotF,4.0,1.229041323908812,0.09808319445123131,-0.07935731787039475,-0.316644486027598,-0.2591267066456106,0.4873756651562283,-0.18095557673570317,0.09292961421836181
127,robotF,0.05,0.0,,,robotD,5.0,0.2635688695594244,0.6676398137667958,0.2783757113353379,-0.5177094484686391,-0.37711561696692325,-0.025059191595804234,-0.06054775077898407,-0.4634236611467419
128,robotA,0.05,0.0,,,robotF,6.0,0.12373213173137357,0.18568658698656015,0.3328470128159955,-0.2746237904169515,0.24023641911363158,0.42675458530933036,-0.5825558855119614,-0.1753164550596937
128,robotB,0.05,0.0,,,robotF,4.0,1.1675934104038361,-0.5875329779283937,-0.43892679643549815,0.5484450861290153,-0.16905977362826105,-0.11499882629971524,-0.43159600294968553,2.6862306745059765
128,robotC,0.0,0.5,,,robotB,4.0,1.1213307800273502,-0.22138069461300325,-1.0672870315973229,-0.4031640195638158,0.1788223391699006,-0.350129466343358,0.10679797686060152,1.6849875141339796
128,robotD,0.0,0.5,,,robotB,3.0,1.7223915361052686,0.6620244907164143,1.305197199644111,0.145514326494342,-0.3379247842336396,-0.5527324307147072,0.34418391482930333,-1.2599241315030956
128,robotE,0.05,0.0,,,robotE,5.0,0.40155974011066675,0.055447370438098754,-0.10813705392179784,0.04641208149823724,-0.09280110594976936,0.47216538431600646,-0.18467673337456267,0.15059352639579834
128,robotF,0.05,0.0,,,robotC,5.0,1.3019014841093162,0.6860445784247178,0.11879134715444097,0.6874812261756907,0.26501524631819723,0.02804276596479384,-0.10767159688094878,-0.47496888118468594
129,robotA,0.0,0.5,,,robotD,5.0,0.41705602195248986,0.13145564741860757,0.3352901702968017,-0.7835536074387426,0.4453277781295233,0.4610752391489687,-0.588499737384926,-0.09452310284577936
129,robotB,0.05,0.0,,,robotE,4.0,1.2183318745639087,-0.640805430386598,-0.4336646971383022,0.043872912793609616,0.014122381570432305,-0.1594946623106987,-0.4098086591202549,2.6859654590668947
129,robotC,0.0,0.5,,,robotD,5.0,1.1160594430050728,-0.5856894135081093,-0.9222104309538016,-0.6398999980648475,-0.8060169816877352,-0.36055975381392436,0.09872046316707539,2.1020787476303737
129,robotD,0.0,0.5,,,robotD,3.0,1.6232587702510781,1.0551283346823435,1.006534732191158,0.8227677575114678,0.7633364668372081,-0.5622164124944498,0.3632467261553513,-0.9841361095380655
129,robotE,0.0,0.5,,,,,0.017626935649450733,0.05345811185211427,-0.1089585289077203,,,0.48360159790191365,-0.18512731456349948,-0.1166373269306756
129,robotF,0.05,0.0,,,robotD,6.0,0.1568477585277863,0.6374205790407608,0.11637086881395803,-0.9318791295314033,-0.27038780523331285,0.07216804204498992,-0.13035029813700505,-0.47531556584420875
130,robotA,0.05,0.0,,,robotD,5.0,0.9239772466035145,0.1323482444074119,0.3234354074667248,-0.7572170307128958,0.3988084754864876,0.5050594130662143,-0.5874616129456227,0.008497519614702038
130,robotB,0.05,0.0,,,robotC,5.0,0.8604893469626088,-0.6908062731044583,-0.43386021858753043,0.26695756599819553,-0.31618189568747773,-0.20351971576533417,-0.3882239074299231,2.6855048168573985
130,robotC,0.0,0.5,,,robotA,4.0,0.2885838914354496,-0.8845987391487623,-0.6530359746706069,-0.14430471660103206,0.12325594572471213,-0.3554838169831352,0.0973045413691276,2.518924847827588
130,robotD,0.0,0.5,,,robotC,3.0,0.5037634994374949,1.3077796561246922,0.6271706797645878,0.6550310192108094,0.1225683429495884,-0.571898610243095,0.35901244204124705,-0.5043284823961662
130,robotE,0.0,0.5,,,robotE,3.0,0.02162155505382156,0.0680185504110264,-0.09199355157629842,0.05122360000098216,0.0023171899508223383,0.49350299562399,-0.18650558254165708,-0.15325970907021144
130,robotF,0.05,0.0,,,robotC,5.0,1.5676045162597114,0.5872086921311819,0.1165955399822994,0.5101015292371656,0.237052952224649,0.11721829499652683,-0.15354353605318236,-0.4757551606829314
131,robotA,0.05,0.0,,,robotA,4.0,0.8857507846189993,0.12396778129854161,0.3089876564435709,0.12226374888063357,0.24075174344438613,0.5442561737829835,-0.5869548394505949,0.011698001870991607
131,robotB,0.05,0.0,,,robotE,5.0,1.0244507167641614,-0.7503303345945326,-0.43711410143203433,-0.0019816297852413953,0.07486006067916728,-0.24957224601398137,-0.3656294116957828,2.6852913605445865
131,robotC,0.0,0.5,,,robotC,5.0,0.9983832502153742,-1.0909098421941772,-0.19408905661721904,-0.8487146154761238,-0.15132803993276223,-0.3483098246173321,0.08610793377351227,3.0518840307914794
131,robotD,0.0,0.5,,,robotA,4.0,0.8364367927803679,1.4573292114809835,-0.11395674873566805,-0.08232143532761811,-0.15742409090259726,-0.576825314581459,0.3537521151201122,-0.01374042511112648
131,robotE,0.0,0.5,,,,,0.09457244312375014,0.0721560776525634,-0.08990958695133883,,,0.48446932176381413,-0.1852110296383457,-0.10508975774132809
131,robotF,0.05,0.0,,,robotE,5.0,0.1225187381592474,0.546997503738248,0.12022175662283338,0.04303321483434508,-0.05771792642412663,0.16121954843185787,-0.17620629568726892,-0.4760113133199157
132,robotA,0.0,0.5,,,robotA,4.0,0.08272479354519421,0.07499716510724654,0.3086432858152028,0.09395775763575402,0.24532236336841962,0.5603182269181444,-0.5847428111356692,0.26487891209716374
132,robotB,0.05,0.0,,,robotD,6.0,0.9485313140264005,-0.8003624357918068,-0.437292008816756,1.0177041397947748,-0.5882722300693828,-0.2935898050029764,-0.3440098566242114,2.68482303846889
132,robotC,0.05,0.0,,,robotB,4.0,0.5401445074310883,-1.0489702407478727,0.35032300756439383,0.3184516189657142,-0.07346960234970074,-0.36217795692747334,0.07536489301571664,-2.9617321031879245
132,robotD,0.05,0.0,,,robotB,4.0,1.4582409014256852,1.2306194810625892,-0.7919732825806238,0.4987918461802004,-0.4945709363616941,-0.5372410749105517,0.3527595269024054,0.04834395310122291
132,robotE,0.0,0.5,,,,,0.10071147903732625,0.07817306537234521,-0.09472160809451367,,,0.4681177415421324,-0.19184904526175597,0.3044463487386712
132,robotF,0.0,0.5,,,robotA,5.0,0.4875209225066917,0.49686339650656275,0.12036861457529198,-0.050831475311749134,0.20104051446703358,0.17177813774340464,-0.1816886256480102,-0.1310681728655351
133,robotA,0.0,0.5,,,robotC,4.0,0.06035978356918626,0.14492096368519777,0.27766513847633123,-0.5756894216800357,0.5929835380208581,0.554959881404804,-0.5834487359245784,0.7495000469849176
133,robotB,0.05,0.0,,,robotD,6.0,1.8745580633716368,-0.850828538668231,-0.4380937946417672,-0.7046023477623767,-0.7470651354945717,-0.3102499742771826,-0.32735081296162005,2.6762506885214887
133,robotC,0.05,0.0,,,robotD,5.0,1.4436238605229263,-0.9653851085736923,0.5866918231304803,-0.768726600652008,0.5266177855336296,-0.4251006341384246,0.0758090786197827,-2.9672612690972877
133,robotD,0.05,0.0,,,robotC,4.0,0.7381542486953024,1.1493515812097648,-0.8433455426982066,0.43640607166303724,-0.5744521679254221,-0.48688669861166556,0.3592048811188421,0.06166567633503771
133,robotE,0.05,0.0,,,robotD,6.0,0.11910321523198573,0.05121079960477562,-0.11678602459331403,-1.1641487336849219,0.47619176913916034,0.4322278504230098,-0.18832031535840404,0.6708930217110265
133,robotF,0.0,0.5,,,robotC,5.0,0.6070375451458901,0.4982339465920877,-0.057845065831117246,-0.6596858956199676,0.31692440676749534,0.14753749289803647,-0.18112776586292662,0.3419511469597432
134,robotA,0.0,0.0,,,robotD,4.0,1.0822604918507122,0.26764840837657294,0.16420038779501256,-0.389885026010191,1.023815159006218,0.5389224437609121,-0.5912875438481296,0.9783695535912903
134,robotB,0.0,0.0,,,robotC,4.0,0.36608959521335566,-0.9012759613591746,-0.4382916239391663,-0.4087699079543172,-0.45177918177725424,-0.34179647606062113,-0.31160626511912687,2.738537541653721
134,robotC,0.05,0.0,,,robotF,6.0,0.2517389945338238,-1.0115715432424115,0.5929416517294743,0.5502800215668785,-0.10404782371190296,-0.47410393354369207,0.06714961922993497,-2.9674703245656233
134,robotD,0.05,0.0,,,robotD,3.0,0.25920882541561674,1.0995224985419256,-0.8424427186287066,0.8942995542618744,-0.6840989207887825,-0.4376982361712779,0.36223698674699667,0.06136334618028903
134,robotE,0.0,0.5,,,robotE,5.0,1.3115556559125023,-0.007032257437215335,-0.14127053655420305,0.00031518924603904445,-0.10496012999880269,0.4175919603064408,-0.14377489094924445,1.0863425825959885
134,robotF,0.0,0.5,,,robotE,5.0,1.2321771539427235,0.4187026599912322,-0.27917848856617156,-0.007776870889921984,0.045573643607843446,0.14319351446099696,-0.17406209420175758,0.826888649307924
135,robotA,0.0,0.0,,,robotA,4.0,1.1364339943583868,0.2923965164691748,0.11498397538335403,0.24806346108314595,0.0856836063286504,0.5315629995493842,-0.5940465438439807,0.9948075280256824
135,robotB,0.0,0.0,,,robotC,4.0,0.5687882091044201,-0.9689815494927336,-0.35337723311237046,0.3664579983615623,-0.39973231436981693,-0.3417778734314655,-0.311558241787609,2.7628758827199014
135,robotC,0.0,0.0,,,robotE,5.0,1.7558871208124416,-1.0614939202055602,0.5926044149684456,0.05366094795628989,-0.10394629747207665,-0.4961516501975779,0.06327754986977416,-2.9677319540850156
135,robotD,0.0,0.0,,,robotC,3.0,0.2220389299883657,1.0502764170440158,-0.8421258321267547,0.5226146865600964,-0.3563049296909536,-0.39290444074362485,0.3649841764612928,0.060961457655607204
135,robotE,0.05,0.0,,,,,0.06915701931152059,-0.06571448533672596,-0.1255216327295904,,,0.3599228138880082,-0.11940854331380296,1.2245815945321952
135,robotF,0.05,0.0,,,robotD,5.0,0.5483821904899795,0.2421518645819413,-0.44254381564968354,-0.14658577260673158,0.7827329017618392,0.147994777259953,-0.16275240138314773,1.0902843698545708
136,robotA,0.0,0.0,,,robotA,4.0,0.05246261526132001,0.29357652923314687,0.11177741072031888,0.24307217053784608,0.08174635826715378,0.5314124102119454,-0.5942301771399442,0.9948719942519282
136,robotB,0.0,0.0,,,robotB,5.0,1.335160357843504,-0.9679940701148607,-0.356248316211988,-0.7588798139639344,-0.2743136844810536,-0.3418939563334814,-0.31152858806903794,2.762633916901851
136,robotC,0.0,0.0,,,robotA,5.0,1.3328400688923003,-1.082797468888039,0.592419207150685,0.033183973047404496,0.22618891539165184,-0.4964135899495379,0.06322640071540356,-2.967669072749176
136,robotD,0.0,0.0,,,robotD,4.0,0.687038039462097,1.008751025069609,-0.8417868840914097,0.861297076110273,-0.6735285288687015,-0.3928720140226747,0.36498592175464883,0.06101808846067429
136,robotE,0.0,0.0,,,,,0.11004861188155864,-0.10972504108449069,-0.10631832212876541,,,0.3809728378787287,-0.05374765823753955,1.2928431836256016
136,robotF,0.0,0.0,,,robotD,5.0,1.2949574611566017,0.10850871417980107,-0.4868503483703713,0.013543966866253735,0.6629489076282326,0.1581745157450292,-0.1352299866964399,1.0818160396876315
137,robotA,0.0,0.0,,,robotA,4.0,0.05885864864175769,0.29371361175519084,0.11174277390909501,0.24317350454447692,0.0807202659941478,0.5315599179829102,-0.5939959810073787,0.9948902775986302
137,robotB,0.0,0.0,,,robotE,5.0,0.2246982554329169,-0.9681390570318983,-0.3561664497686063,0.09395729516112326,-0.040099254340938535,-0.34169370942620414,-0.31161934131513197,2.7625930971005066
137,robotC,0.0,0.0,,,robotC,5.0,1.1746408986265884,-1.0829042823239152,0.5924241498359678,-0.8828644913102143,0.5043149101157667,-0.4962977487127892,0.0632467391850689,-2.9676989813468433
137,robotD,0.0,0.0,,,robotC,4.0,0.22372137857122465,1.0087366419783328,-0.841792695126545,0.4272597733968043,-0.5259022292749393,-0.3928534216369089,0.3649871467697643,0.061021628733047985
137,robotE,0.0,0.0,,,,,0.15273385669504064,-0.15239700098156644,-0.1075326650964936,,,0.3804184167007597,-0.055882145388296806,1.2973696094920577
137,robotF,0.0,0.0,,,robotD,5.0,1.1529967139832342,0.07958276951751199,-0.48815504032804313,-0.23998016364055758,0.7031804106938373,0.15814199253704095,-0.13533128444815298,1.081780188429052
138,robotA,0.0,0.0,,,robotA,4.0,0.05917890884920399,0.2935730553030136,0.1117368508467727,0.2436845504772883,0.08510543906999248,0.5314536458458105,-0.5941523420896495,0.9948882414169923
138,robotB,0.0,0.0,,,robotD,5.0,1.107984762894358,-0.9679863555953894,-0.3561782277384047,-0.4504203569438194,-0.5521755266709287,-0.34196143766972964,-0.31151975948573946,2.7626272745439886
138,robotC,0.0,0.0,,,robotC,5.0,0.21856841552330258,-1.0828891997492918,0.5924186460083447,-0.8760698497889566,0.5280983426971003,-0.4962748533576603,0.06324597914539108,-2.9677086144353746
138,robotD,0.0,0.0,,,robotC,4.0,0.6617286971000867,1.0087203953582713,-0.8417952707841856,0.41770039416547794,-0.5348791683227736,-0.39287400484465895,0.36498552112274285,0.061019487370658
138,robotE,0.0,0.0,,,robotF,5.0,0.15057223270082937,-0.15023572292034848,-0.1074939228832697,0.05472462072891278,-0.5489594348602921,0.3856672876825751,-0.056270344112921505,1.2971649896463742
138,robotF,0.0,0.0,,,robotA,5.0,1.233429032866253,0.07955744607793072,-0.4881394015701804,0.17186995916774614,0.021851409279082447,0.15816817853401458,-0.13526831882751636,1.0817899981649561
139,robotA,0.0,0.0,,,robotA,4.0,0.056629016373737656,0.29366299765507586,0.11173249886175592,0.244140781703517,0.08397148972439086,0.5314532766025364,-0.5941493802071225,0.994893140012173
139,robotB,0.0,0.0,,,robotE,5.0,0.5536030493698351,-0.9681690275578433,-0.3561840718852903,0.11132934438481876,-0.07799174767870667,-0.3416325892372448,-0.31164609574097885,2.762580438131664
139,robotC,0.0,0.0,,,robotA,5.0,0.21653866897700375,-1.08283780468089,0.592410145596256,0.027544110961578692,0.23036641702992294,-0.4964243284474078,0.06321587542590663,-2.9676789965433863
139,robotD,0.0,0.0,,,robotE,4.0,0.6659697149900002,1.008732524241206,-0.8417939488433764,0.09265050032966295,0.016391253076751544,-0.39285541071738855,0.3649870226705376,0.06101938946423298
139,robotE,0.0,0.0,,,robotB,5.0,0.49181844763846555,-0.15094915430669584,-0.10221153760714115,0.02898522649123699,0.9218606565847093,0.3865701095000119,-0.05303340013682181,1.2936869764011683
139,robotF,0.0,0.0,,,robotD,5.0,0.5182831481141384,0.07956146861815516,-0.4881452222701446,0.016063788982346082,0.6572983849968848,0.1582030356475592,-0.13520016585241781,1.0817966268581645
140,robotA,0.0,0.0,,,robotA,4.0,0.05678750291612601,0.29368137322252325,0.11173027715100559,0.24556223170815816,0.08404442160873486,0.5315848877130078,-0.5939436258224831,0.9948987820454045
140,robotB,0.0,0.0,,,robotD,5.0,1.1145870862783671,-0.9679824630674873,-0.35618304012427626,-0.49941570665114754,-0.46844879904312603,-0.34192820771235743,-0.31153273728715825,2.762621033507194
140,robotC,0.0,0.0,,,robotC,6.0,1.1680246789948685,-1.0829565733320579,0.5924021623982925,-0.8807408151300876,0.517147291451552,-0.4961865104766374,0.06326081887194136,-2.9677342612731183
140,robotD,0.0,0.0,,,robotC,4.0,1.2552574789227573,1.0087241043524757,-0.8417931620719807,0.41804136300325695,-0.5349562676209484,-0.392865491659276,0.36498629316573095,0.06101764604568963
140,robotE,0.0,0.0,,,,,1.040067087394766,-0.15274137614442942,-0.10220720648703566,,,0.38697763608760516,-0.051529801745453574,1.292041497684232
140,robotF,0.0,0.0,,,robotD,5.0,1.147197932495706,0.07948297548850713,-0.48814524220845246,0.01666381099101792,0.6574673616450795,0.15809400918574706,-0.13541153174507872,1.0817644574418361
141,robotA,0.0,0.0,,,robotA,4.0,0.05537568892773455,0.2935229771765009,0.111725350392684,0.24040616192658434,0.08347254115845917,0.5315507303753482,-0.5939984011049969,0.9949215270314539
141,robotB,0.0,0.0,,,robotB,4.0,0.481977442935706,-0.9681366078612392,-0.35618583868824677,-0.34419560718556075,-0.20810639729587155,-0.34174396826254216,-0.3116032671359118,2.7625944348233546
141,robotC,0.0,0.0,,,robotD,5.0,0.21563408582639934,-1.0828176535275256,0.5924002671633651,-0.8557322338797745,0.49597086071305624,-0.49644371264691534,0.06321144078859066,-2.9676817736455936
141,robotD,0.0,0.0,,,robotE,4.0,0.6656285578320869,1.008730141249607,-0.8417919634835028,0.09133382419742818,0.013297278180478432,-0.39286554671662555,0.3649864566598421,0.061016776796755476
141,robotE,0.0,0.0,,,,,1.0402263754015126,-0.153583431237315,-0.10221922179205266,,,0.3868633237849718,-0.05196899331735744,1.292623222197712
141,robotF,0.0,0.0,,,robotD,5.0,1.1473394920574222,0.07962429910955153,-0.4881433431628233,0.017151969746353784,0.6598322732669961,0.15823258744546706,-0.13513875090942493,1.0817911942857183
142,robotA,0.0,0.0,,,robotA,4.0,0.06024062802172531,0.293613563838488,0.1117197648492402,0.24171069675988277,0.08394814595901381,0.5314999692998887,-0.5940734334835116,0.9949193245894459
142,robotB,0.0,0.0,,,robotE,5.0,0.641183256096311,-0.9680453952281068,-0.3561854635325884,0.10801496637564172,-0.08167515103246095,-0.3417880797253037,-0.31158651946598165,2.7625999877456744
142,robotC,0.0,0.0,,,robotA,6.0,0.24682346816128595,-1.0829417997200066,0.5923951192057125,0.023354376384950082,0.23144115763926656,-0.49623942476568994,0.06325287963632228,-2.967729237533378
142,robotD,0.0,0.0,,,robotE,4.0,1.2541112542316113,1.008731593908932,-0.8417912377748837,0.09245278905556457,0.013103768323954944,-0.3928573746727476,0.3649872028483705,0.06101653848127708
142,robotE,0.0,0.0,,,,,1.0401524160597335,-0.15326077128435553,-0.10220157049413377,,,0.3862101542537437,-0.054300624932518554,1.2950706756190873
142,robotF,0.0,0.0,,,robotD,5.0,1.1496691628676847,0.0794782058043208,-0.488146221456546,0.0175381368270097,0.6583794444042015,0.1581354035825433,-0.1353304237108154,1.0817672788639465
143,robotA,0.0,0.0,,,robotA,4.0,0.05884053969209008,0.29358535899147387,0.11171914755446874,0.24529589896600704,0.08455989787452275,0.5315622029195148,-0.5939760262651604,0.9949437602677584
143,robotB,0.0,0.0,,,robotC,5.0,1.1105296669796059,-0.9680518614245344,-0.3561862133776798,0.3592762073368881,-0.41888990551526645,-0.34187838181996444,-0.31155212743095584,2.762612176993572
143,robotC,0.0,0.0,,,robotC,5.0,1.1636062296061191,-1.082851855952094,0.5923943805322744,-0.8731627944616362,0.5212714796814915,-0.4965846219857204,0.06318506910274771,-2.967666287764084
143,robotD,0.0,0.0,,,robotE,4.0,1.2531574356451165,1.008727394805807,-0.8417906142578244,0.09253025339918379,0.013192904999146679,-0.3928716815671883,0.36498631886762334,0.0610149275880129
143,robotE,0.0,0.0,,,,,1.039924096476702,-0.15190406491460406,-0.10221023485180541,,,0.38539234175262305,-0.058227146363582144,1.2991985437367861
143,robotF,0.0,0.0,,,robotD,5.0,1.1482010032702754,0.07957255449042622,-0.4881445522640008,0.017236896633186363,0.6543077143603332,0.15815083812752087,-0.1352942954828018,1.0817713839195857
144,robotA,0.0,0.5,,,robotA,4.0,0.05540926870258412,0.29359651712902574,0.11171201276867852,0.24235658707455857,0.0852987632949736,0.5309312605095153,-0.5948244275506949,1.2970338112382163
144,robotB,0.05,0.0,,,robotD,5.0,1.3288776549249857,-0.9681213475635645,-0.3561878082359209,-0.5026341743360141,-0.4722220539468779,-0.34562723107715054,-0.3100541325980119,2.7630457134032596
144,robotC,0.0,0.0,,,robotA,5.0,0.22158340580816765,-1.0830263448553963,0.5923805223249755,0.027490918757553568,0.23131937282091591,-0.4961662246405758,0.06326255320123476,-2.967760128140882
144,robotD,0.0,0.0,,,robotC,4.0,1.253167416513933,1.008736072986844,-0.8417898258006686,0.4124226735328978,-0.5334714240005244,-0.39285539855077833,0.36498751598698387,0.06101527370444638
144,robotE,0.0,0.0,,,,,1.0389684667294445,-0.1498603462193735,-0.1015990328901358,,,0.3876846238466909,-0.05621852012482137,1.296523689735574
144,robotF,0.0,0.0,,,robotA,5.0,1.144154275186713,0.07958571079130736,-0.4881464995148265,0.17081329529786982,0.021720918553043148,0.15825506606600462,-0.13509194097468408,1.081792669041222
145,robotA,0.05,0.0,,,robotA,4.0,0.10590902970261948,0.3149556806170072,0.008187841958465551,0.2612522709688474,0.0009357144542699499,0.5405632206263903,-0.5534051876260186,1.3499880633538026
145,robotB,0.05,0.0,,,robotD,4.0,0.4875060171935164,-0.9759201878113128,-0.35533550104816164,-0.5068785316289347,-0.4634041145106584,-0.3936379634924515,-0.2909909263407434,2.7633948817081206
145,robotC,0.05,0.0,,,robotA,5.0,1.1675555529257875,-1.0828355855615042,0.5923748020481509,0.02765136501496522,0.23164509401818068,-0.5210747102498648,0.05888169592352674,-2.9677838485697006
145,robotD,0.05,0.0,,,robotE,4.0,0.6712976824965708,1.0087285139707274,-0.8417893170670812,0.09094302347419615,0.013857388065081716,-0.3867717792019514,0.3653589428104854,0.0609697575459412
145,robotE,0.0,0.0,,,robotE,3.0,1.0378347449486482,-0.1511914046039803,-0.10021435995263059,-0.12284427181835653,-0.08110342835334398,0.3883876996906559,-0.05370789708075113,1.293814580141906
145,robotF,0.0,0.0,,,robotD,5.0,0.5179926093374694,0.0794349710514475,-0.48814803047813277,-0.22725287250067022,0.7064053278283016,0.15821497370176998,-0.13516229660156667,1.081769926175885
146,robotA,0.05,0.0,,,robotA,4.0,0.006780168674096296,0.2680316929183068,0.0008350900020467891,0.2615483632230971,0.005426962490789029,0.5513484231026786,-0.5054384072683842,1.349376912485401
146,robotB,0.05,0.0,,,robotB,5.0,0.5304654776236324,-1.0262473261971317,-0.3554704396021916,-0.7449208819225204,-0.26711212382422145,-0.43885157410021125,-0.273016766642485,2.7631271230835286
146,robotC,0.0,0.5,,,robotA,5.0,1.1937134277435437,-1.1102901096306375,0.5922570015540133,0.021319348493217892,0.23203737523459905,-0.5553618802914435,0.0527586045234992,-2.898112290217025
146,robotD,0.05,0.0,,,robotD,4.0,1.248641508219612,1.000381701306851,-0.8417283220253452,0.837571412949861,-0.6853842428199183,-0.3375666109449693,0.368355901858605,0.06065454803903145
146,robotE,0.05,0.0,,,,,0.03530489995486436,-0.15254174900809214,-0.10019520169654378,,,0.3886041072508222,-0.05293665619490384,1.2930392184377215
146,robotF,0.05,0.0,,,robotC,5.0,1.2333177266134758,0.0795233785006377,-0.48814937857932666,0.009959745816003222,0.6589599862516222,0.1698222083683901,-0.11336037711351515,1.0815204860077512
147,robotA,0.0,0.5,,,robotA,4.0,0.04377042899549714,0.2180086017596114,0.0009392430083992065,0.2261542462304834,0.0024137505375681455,0.5528463053214038,-0.49888603719759744,1.7198630098858159
147,robotB,0.05,0.0,,,robotA,5.0,0.3425335639382032,-1.0757965357759618,-0.3557154201018707,-0.11338258042034266,0.13558968211381955,-0.4851099998087406,-0.25461769986305344,2.7627739770616073
147,robotC,0.0,0.5,,,robotA,5.0,1.1940555654185605,-1.071473448158533,0.713257280156541,0.04322483031991017,0.20055109365909762,-0.5424601421868762,0.048316262421038564,-2.346561828027475
147,robotD,0.05,0.0,,,robotD,4.0,0.1927007745558666,0.9506543386882454,-0.8414157794427368,0.7793146748024518,-0.689091120122491,-0.28839990823157474,0.37133348587521786,0.06030464039416318
147,robotE,0.05,0.0,,,,,0.03795561346600392,-0.15564849519964435,-0.10019561319246774,,,0.39605825942996464,-0.02691828097411883,1.4378922175459319
147,robotF,0.05,0.0,,,robotD,5.0,1.1478516610534917,0.05174476075065768,-0.48813087689312923,-0.2768292521045991,0.5192445579907095,0.1930853793265395,-0.06967243822376445,1.0813624710840384
148,robotA,0.0,0.5,,,robotD,4.0,0.09296797141257221,0.19842038371281762,-0.08632111621964324,0.531596940309739,0.9129336798436061,0.551885322330432,-0.4853017382803034,1.9617992836594775
148,robotB,0.05,0.0,,,robotA,5.0,1.125653426219856,-1.125948184525914,-0.35614859516670727,-0.10407681472316753,0.12334957888020533,-0.5304952668912776,-0.23654222456198498,2.762464116850095
148,robotC,0.0,0.5,,,robotE,5.0,1.1328768365153445,-0.5724729093203369,1.1515117763978246,-0.11804675165764326,-0.11202372920484747,-0.5415492620634148,0.03801969761897279,-1.8573223027610422
148,robotD,0.05,0.0,,,robotC,5.0,0.19468816741602854,0.900974033989578,-0.8410861294286829,-0.7756240548620812,-1.2397807537642012,-0.2611779808068867,0.3889896431232705,0.07105068321971533
148,robotE,0.05,0.0,,,,,0.08340519877190666,-0.20333457177420944,-0.05924619167534442,,,0.39001701576162723,0.008037535883974531,1.4577489163558874
148,robotF,0.05,0.0,,,robotC,5.0,1.0451971890885767,0.00180455508783096,-0.4881284442126023,-0.30642968601509923,0.5557267556233353,0.2161475135902488,-0.026396333993611548,1.080909980893246
149,robotA,0.0,0.5,,,robotA,4.0,1.1209173066178002,0.143204132877626,-0.13854462968555645,0.13704807911200423,-0.12679671429719241,0.559653647432839,-0.4693103691200312,2.4439685316819726
149,robotB,0.0,0.5,,,robotB,4.0,1.1740266310715504,-1.1755726557076367,-0.3564787166779036,-0.9166023250147886,-0.28502671539175584,-0.520673577145005,-0.21539631567722434,3.123075451854171
149,robotC,0.0,0.5,,,robotC,4.0,1.4056592139345594,0.03987975712685078,1.2847357502841104,0.08617215411657335,1.045546618492673,-0.5385551436124661,0.03473093860104077,-1.3992694167171595
149,robotD,0.05,0.0,,,robotC,4.0,1.675066000374743,0.8512318888463422,-0.8407997466573286,0.5797500571903597,-0.662531614816352,-0.21203384083689703,0.3924784251505411,0.07069656135173302
149,robotE,0.05,0.0,,,robotC,4.0,0.12782216921119102,-0.24977230236486678,-0.06601097979658163,-0.3328670191179031,0.8104471189411079,0.38768237893714064,0.040725885983590566,1.4395234305120461
149,robotF,0.05,0.0,,,robotE,5.0,1.075396058333826,-0.047933043881995555,-0.4881392167533104,-0.09388387369853375,-0.06213808336868242,0.23941210361209805,0.01723824686486108,1.0808472052821416
150,robotA,0.05,0.0,,,robotA,2.0,0.08535257790557395,0.07072996017005821,-0.18052724244580612,0.041413565621495424,-0.09333584019892417,0.5294833326315437,-0.4311806595465116,2.4528763461692895
150,robotB,0.0,0.5,,,robotE,5.0,0.547654692628259,-1.2172681950126987,0.17271305453888136,0.027853305932512867,-0.12794157777477064,-0.5280063769750376,-0.20589474912306494,-2.6563327443495375
150,robotC,0.0,0.5,,,robotC,4.0,0.5530476839623788,0.6344254418853601,1.1182107305898235,0.5408642431907051,0.9125013024785454,-0.54444415368899,0.04328804804982641,-0.9179175811994138
150,robotD,0.05,0.0,,,robotA,6.0,0.2843693794495231,0.8015451112569041,-0.840500426578766,-0.026951029175546568,-0.17868167353964337,-0.16284573159644533,0.395953814662043,0.07037611369316779
150,robotE,0.05,0.0,,,robotE,4.0,0.8769191110063187,-0.289396196865201,-0.06539385684204554,-0.18093089959853303,-0.0504445776741114,0.3944470063839287,0.09211307274674461,1.4405206508792427
150,robotF,0.05,0.0,,,robotE,5.0,0.42602914374961,-0.09786308800774365,-0.4881486433052962,-0.12211027435725368,-0.07097003295400829,0.26337286572923224,0.06214067976667564,1.0803661014946235
151,robotA,0.05,0.0,,,robotC,5.0,0.09185686367184384,0.019426246807648217,-0.1825223930811045,1.0199580742963272,0.29311334380224113,0.492094458242831,-0.40027056182355475,2.4512476643961434
151,robotB,0.0,0.5,,,robotC,5.0,1.3290233851197215,-0.9878346024445039,0.7291939021651304,-1.00007967558271,0.6593853691612418,-0.5465626964277123,-0.22099923346396694,-2.0731034380991273
151,robotC,0.05,0.0,,,robotC,4.0,0.5902577858819402,1.0868593241984756,0.6882388996786815,0.9184818168046559,0.5332410949758449,-0.5485558660816423,0.0377189795115051,-0.44510478752694066
151,robotD,0.05,0.0,,,robotA,5.0,1.0218345896171335,0.751812855616551,-0.8402500677979666,-0.1306569445553362,-0.06443456924929732,-0.10857973560404587,0.39976867207074734,0.06998733359912584
151,robotE,0.05,0.0,,,,,0.16092777123074517,-0.3411598371196101,-0.06542573698044746,,,0.4009733531848658,0.14155605720670197,1.4408118787727164
151,robotF,0.05,0.0,,,robotA,5.0,0.41801719420483857,-0.14767542472953507,-0.488204736373233,0.06792646494196476,0.0961625550952147,0.2883598559101133,0.10846483064425935,1.079610513963224
152,robotA,0.05,0.0,,,robotB,2.0,1.1528417275330634,-0.03019372372786117,-0.18251807846502455,0.3148012232229195,-0.3514218976507096,0.45377803735017047,-0.3686325575323705,2.450834170369553
152,robotB,0.0,0.5,,,robotC,6.0,0.6533211563533956,-0.5256090047035578,1.1085024093795186,-0.5777574809697447,1.10063095269096,-0.5612889488616644,-0.2466323883176325,-1.8918028140972298
152,robotC,0.05,0.0,,,,,0.5515707552907521,1.2763171632530212,0.11349812252223841,,,-0.5020961142913909,0.036028844500872195,-0.45785052338505455
152,robotD,0.05,0.0,,,robotA,5.0,1.1379723772124546,0.7021087495674545,-0.8399875526042399,-0.05848010940416589,-0.12096966644081059,-0.05942445275398582,0.4032063124197754,0.06966544441119661
152,robotE,0.05,0.0,,,,,0.2114992337356031,-0.39189464795107365,-0.06548528084228693,,,0.407267063558881,0.18920898221487198,1.4404821976446898
152,robotF,0.05,0.0,,,robotF,5.0,0.6418485464340205,-0.19747671649672507,-0.4882437315253921,-0.1197346155182424,-0.37559437835123477,0.298177447370632,0.114660341410803,1.0676179931887897
153,robotA,0.05,0.0,,,robotE,5.0,0.4297017688726473,-0.08032887027001216,-0.18255562100392286,-0.08673140522932521,0.2851450653643041,0.41611792485984334,-0.3374909824122241,2.4505116769081043
153,robotB,0.05,0.0,,,robotF,5.0,0.26054921972322453,-0.3334118229243311,1.1910803600562652,0.18815183450121029,-0.46174159496398637,-0.5540771341363534,-0.2815967683536183,-1.8290744651648563
153,robotC,0.05,0.0,,,robotB,4.0,0.49017495247466986,1.222376486075917,0.1486380346369344,0.6784278705915578,0.08036229494696155,-0.4536759481802707,0.012121628924663806,-0.45900637874447775
153,robotD,0.05,0.0,,,robotC,7.0,1.0109444711454154,0.6523925000773069,-0.8397664783622918,0.5753287425994181,-0.6865188478091798,-0.02264462114024066,0.41714276311992016,0.07727164546554949
153,robotE,0.05,0.0,,,,,0.26113812462110175,-0.44163038143396144,-0.06557402913030264,,,0.4133313589170938,0.2350279602926692,1.439626543096886
153,robotF,0.05,0.0,,,robotC,5.0,0.17031228746681162,-0.2473841908611814,-0.48834126822827406,-0.2124871345271281,-0.3755857703859352,0.3217997487696327,0.15756998515254,1.0674345538175545
154,robotA,0.0,0.0,,,robotB,2.0,0.46973794656460655,-0.1300573940873562,-0.18259054064854469,0.22330989799211498,-0.4722058592266626,0.40093625045318243,-0.3249364900344363,2.450264291106208
154,robotB,0.0,0.0,,,robotB,5.0,1.7428788112642082,-0.316966404120514,1.2063357760729287,-0.25592325598566157,1.0601390068294005,-0.5635941835252041,-0.32234782342329565,-1.8339027211201426
154,robotC,0.05,0.0,,,,,0.498875595919725,1.172618436453087,0.1485718603884932,,,-0.40913894027855174,-0.009870112502329352,-0.45933195641025426
154,robotD,0.05,0.0,,,robotB,7.0,0.1554499989024779,0.6026749689743629,-0.8395446170829549,0.5220436858712512,-0.7805495449606715,0.026481373511534147,0.42093771815145725,0.076939209837177
154,robotE,0.05,0.0,,,,,0.309828017986856,-0.49038572328155167,-0.06564697317532871,,,0.38971770956153295,0.20062790469873676,1.5215662195493154
154,robotF,0.05,0.0,,,robotB,5.0,0.14103092925063096,-0.2971302436234373,-0.4883920959523979,-0.41033052365424016,0.7524865615742797,0.3457542607528201,0.20106154951146132,1.0670699919326145
155,robotA,0.0,0.0,,,robotC,5.0,0.46969773751735605,-0.14649975746911806,-0.1826255018876898,0.8577472332758042,0.23499263581374955,0.40111785613143386,-0.325083525220096,2.450252981057313
155,robotB,0.0,0.0,,,robotE,5.0,0.181240454783537,-0.365582826501934,1.2044403617929975,-0.3612839103841462,-0.1921984478011315,-0.5636216606880882,-0.3225498832104261,-1.8338785157031348
155,robotC,0.0,0.0,,,robotB,5.0,0.44922325426535553,1.122381427672437,0.14896820816142664,0.6368885690527761,0.16467749094757964,-0.3874254253273391,-0.02061887342187472,-0.4595414184267539
155,robotD,0.0,0.0,,,robotB,5.0,0.06643584180760398,0.5529672784343082,-0.8393496512503632,-0.23073139394988912,-0.8698411903944366,0.04081576029742625,0.42212985430351685,0.40024680712544464
155,robotE,0.05,0.0,,,robotE,3.0,0.3558089358343004,-0.5364155512008971,-0.06563211515334491,-0.31020003673003166,0.007689990875772324,0.3907972692452548,0.24177557718925805,1.6592880178400187
155,robotF,0.05,0.0,,,robotB,5.0,1.2426041289324496,-0.3471385438055707,-0.4885097296864061,-0.5381789430660091,0.6433140819558607,0.3693783743550233,0.24390639186949775,1.0667823247190904
156,robotA,0.0,0.0,,,robotB,4.0,1.0876070466715988,-0.14648572000626184,-0.18262592640792288,0.11106770269788133,-0.617942665468692,0.40090520531530255,-0.3249154781764837,2.4502715652003637
156,robotB,0.0,0.0,,,robotE,5.0,1.396680408929415,-0.36548248600075844,1.2044756504229424,-0.41265722168455937,-0.19790753730966457,-0.5636208316911241,-0.32254122641259564,-1.8338563797308582
156,robotC,0.0,0.0,,,robotF,4.0,0.4631419396015784,1.0997708888360838,0.1491721934678169,-0.2908110008451459,0.18220907200896397,-0.3873300925294639,-0.020663498984883222,-0.4595226366478401
156,robotD,0.0,0.0,,,robotE,5.0,0.4809947967607148,0.23991032586558103,-0.9691002760240042,0.26193306666105487,-0.12523111295656608,0.034496254770940225,0.43748914746945056,0.36639163173540534
156,robotE,0.0,0.0,,,,,0.2711664128356718,-0.5811269241989315,0.019084950137657306,,,0.38747387371922826,0.28938464164829414,1.6295922790628163
156,robotF,0.0,0.0,,,robotF,5.0,1.140726927293827,-0.3968076022277231,-0.48861880768150684,-0.2718545352104534,-0.3957305194568661,0.3714327751988411,0.24770473504013685,1.2663072120395562
157,robotA,0.0,0.0,,,robotC,5.0,0.5058440164424237,-0.14657412165583605,-0.18262799845838865,-0.07068958526396917,-0.8195660347229836,0.40099198667815317,-0.32498712261098983,2.450265274582718
157,robotB,0.0,0.0,,,robotA,3.0,1.4031832479779662,-0.3654948284815929,1.2044828990786345,0.1909890809983559,0.024407831870976213,-0.5635887505784578,-0.32242386782388205,-1.8338667347911397
157,robotC,0.0,0.0,,,robotC,4.0,1.3909414644317815,1.0997376553077787,0.14915468732366355,0.860425182780884,0.09076213216743882,-0.38726899407898274,-0.020693073316381073,-0.4595113939305835
157,robotD,0.0,0.0,,,robotB,6.0,0.8299217112354698,0.29215799362540074,-0.9546022606160506,-0.6973923416670715,-0.5953604365422076,0.03450363460304655,0.4375060156463392,0.36435924494628813
157,robotE,0.0,0.0,,,,,0.31430311184151966,-0.6242928169524744,-0.0038065966787621834,,,0.38747176879442213,0.28930654882430473,1.6294715986047734
157,robotF,0.0,0.0,,,robotF,5.0,0.21185198512671874,-0.4835206012960869,-0.404604079619714,-0.38664623993495717,-0.3148426956952489,0.34217262234088147,0.2146573419291521,1.2955019422106593
158,robotA,0.0,0.0,,,robotB,5.0,0.6414423354374487,-0.14657611601197337,-0.1826284364117514,0.23074807583935816,-0.6801669064726974,0.40103611700724856,-0.325023075732222,2.450262702035688
158,robotB,0.0,0.0,,,,,0.37157889254336335,-0.36540132085760646,1.2044819910032858,,,-0.5636445727503162,-0.3226414901858146,-1.8338438462671014
158,robotC,0.0,0.0,,,,,1.0766559152434563,1.099683160887977,0.14914875833530658,,,-0.38756269422617634,-0.020554584916901562,-0.45955442940979874
158,robotD,0.0,0.0,,,robotA,6.0,1.0532226447649289,0.2927283578211761,-0.9544411237011452,-0.07024866619935495,-0.08269823805013306,0.034525966745885275,0.4375158099656902,0.3643650211121923
158,robotE,0.0,0.0,,,,,0.3141802386573543,-0.6241665660395835,-0.003896243892534952,,,0.3875909022315692,0.2873572236947719,1.6310614350374648
158,robotF,0.0,0.0,,,robotF,5.0,0.1318142799689712,-0.4897710381964328,-0.39694190633255205,-0.3928695303710923,-0.3061077997595449,0.34219378804280826,0.21479269003299317,1.2955744627100954
159,robotA,0.0,0.0,,,robotA,5.0,0.632260132570474,-0.1466250386169909,-0.18262925037436728,0.16785682137367824,0.025464142457517616,0.40087226636217704,-0.3248914505166854,2.450273462706218
159,robotB,0.0,0.0,,,robotF,5.0,1.3047169428942498,-0.3655302316477909,1.2044809464393815,-0.36002831367980936,-0.4427802103324689,-0.5635766517191672,-0.3223729744755167,-1.833871772294138
159,robotC,0.0,0.0,,,robotC,4.0,0.24645874660146022,1.0998656726908655,0.1491587550837585,0.8618187029286678,0.096398296295812,-0.38706029413662396,-0.02079847526719357,-0.4594836489074081
159,robotD,0.0,0.0,,,robotA,5.0,0.9442836461695607,0.29269622198761314,-0.9544451121840352,-0.07464577848428998,-0.08264940973083637,0.03448341460206537,0.4374981643435407,0.3643661602899546
159,robotE,0.0,0.0,,,,,0.313070379510548,-0.6230558678648233,-0.003898427991238479,,,0.3879013769705181,0.2865549433714397,1.6332921787170653
159,robotF,0.0,0.0,,,robotF,5.0,0.13283943220445543,-0.48980574648023745,-0.3969355749984177,-0.3955693020182351,-0.30824673384118795,0.3422009730699635,0.21482646150078943,1.2955846939514124
160,robotA,0.0,0.0,,,,,,,,,,0.40109369652896243,-0.3250691197578897,2.4502581509828554
160,robotB,0.0,0.0,,,,,0.3674149861913433,-0.3653971063549413,1.2044819346213962,,,-0.563638219925969,-0.3226233626423888,-1.833843240044484
160,robotC,0.0,0.0,,,,,0.246171408130947,1.0995724887125697,0.14914816000621212,,,-0.3875445987421586,-0.020559420276850676,-0.45955228933271836
160,robotD,0.0,0.0,,,,,0.8708066688693199,0.2927223087078616,-0.9544447017239713,,,0.03453307503814713,0.4375170171031287,0.36437026227214125
160,robotE,0.0,0.0,,,,,0.3138254226222517,-0.6238199039769755,-0.0036667142821635835,,,0.3877056594215148,0.28966690575565124,1.6309393207053908
160,robotF,0.0,0.0,,,,,0.13122242084512836,-0.48986776704666285,-0.39693595762356115,,,0.34215544791319036,0.214662572479002,1.295589883378542
161,robotA,0.0,0.0,,,robotA,2.0,0.3769772899043928,-0.14648290851464332,-0.18262817195461442,-0.10357743154675336,0.06461107351716379,0.4009059063561075,-0.324920509317471,2.450273607587099
161,robotB,0.0,0.0,,,robotC,4.0,1.6472702953802156,-0.36548247601319495,1.2044810555738426,-0.40277420541870557,0.8370060639505491,-0.5636233212951092,-0.3225609285943462,-1.8338520931347932
161,robotC,0.0,0.0,,,,,0.24381395872319603,1.0998573071370814,0.14915120498136775,,,-0.38708417674571716,-0.020779735663001408,-0.45948549458922927
161,robotD,0.0,0.0,,,robotE,6.0,0.9460262169341608,0.29269292085374876,-0.9544451903442767,0.3930599969124299,-0.08571716519071983,0.034492937813273464,0.4375003217795336,0.36436792819535885
161,robotE,0.0,0.0,,,,,0.31543508863836744,-0.6254333906447918,-0.0035895358849700855,,,0.3876156305700741,0.2910620961873769,1.6298279267454556
161,robotF,0.0,0.0,,,robotF,5.0,0.12937000183158434,-0.48975688628219055,-0.39693323982955364,-0.39407610069414095,-0.30704332496213743,0.3422173976720153,0.21488908834829068,1.295597942482017
162,robotA,0.0,0.0,,,robotC,5.0,0.2509564414967126,-0.14659573324691091,-0.18263083483885734,-0.07140149394515444,-0.8245419580399379,0.40101280724926686,-0.32500707344617713,2.450266210406058
162,robotB,0.0,0.0,,,robotC,4.0,0.3693613311422168,-0.36548375292544916,1.2044801652093977,-0.4024802521746729,0.836373231142095,-0.5636198134415425,-0.32255467998405446,-1.8338499153124699
162,robotC,0.0,0.0,,,robotE,4.0,0.24355222753065367,1.0995908685938216,0.14914376785542455,0.060765138899756925,0.4059600241443953,-0.3875373793342724,-0.020560570175109264,-0.4595495446117324
162,robotD,0.0,0.0,,,robotA,6.0,0.8745033868830074,0.2927134130368343,-0.9544442436073818,-0.07051698152287166,-0.08383937525799907,0.03451124459159947,0.437507745487888,0.36437010937862574
162,robotE,0.0,0.0,,,,,0.3161284891276415,-0.6261274591551205,-0.00358322507908379,,,0.38763836841017574,0.2905867059353646,1.6301952510711004
162,robotF,0.0,0.0,,,robotF,5.0,0.1313770079140253,-0.4898882286984509,-0.396931891174574,-0.39525507320944675,-0.3079697371392472,0.34212826914276867,0.2145635069232129,1.2955880009000802
163,robotA,0.0,0.0,,,robotC,5.0,0.6462947731420865,-0.1465459210684129,-0.1826305553813636,-0.06775142129965639,-0.8216182019851651,0.4010908471317678,-0.3250783788330722,2.450266620573024
163,robotB,0.0,0.0,,,robotC,4.0,0.36996175169617773,-0.36547250280323534,1.2044793628549004,-0.40182053348392777,0.8351463645371916,-0.5636250992201842,-0.32258558459062736,-1.8338457903384562
163,robotC,0.0,0.0,,,robotC,3.0,1.0703405533105845,1.09984036363957,0.14914963223410743,0.7376780048654186,0.07368441443963201,-0.3871138605428315,-0.02076528085772508,-0.4594895238241765
163,robotD,0.0,0.0,,,robotA,6.0,0.943336095888337,0.29270414100138165,-0.954444570486049,-0.0724388670988978,-0.08298702586495284,0.03451634357097466,0.43750955960022897,0.3643711787592391
163,robotE,0.0,0.0,,,,,0.31583167421589553,-0.6258301534395823,-0.0035916696372475026,,,0.38779160850824557,0.28810739629531956,1.632236829560839
163,robotF,0.0,0.0,,,robotF,5.0,0.1297633475432196,-0.4897222068423622,-0.3969331398889358,-0.39473303427143097,-0.3075477083189582,0.34227489160755686,0.21511314683843136,1.295616333059761
164,robotA,0.05,0.0,,,robotA,2.0,0.6438170693314778,-0.14646935905961786,-0.1826315784652423,-0.10257465370549042,0.06453421132274256,0.37778104340624913,-0.3057853694574736,2.450090267785383
164,robotB,0.0,0.5,,,robotC,4.0,0.3711131042027612,-0.36550222342555755,1.2044780805669872,-0.4042200412201381,0.8399314012104051,-0.5635704319530566,-0.32247035089363096,-1.8239316576385873
164,robotC,0.0,0.0,,,robotE,4.0,0.36972387826810954,1.0996202411664273,0.14914012159977164,0.06160207926734303,0.41032638621639866,-0.3874517052778468,-0.02059891720247991,-0.45953606880916015
164,robotD,0.0,0.0,,,robotA,5.0,0.9448620397259323,0.2926991573937671,-0.954444711116878,-0.07381528588325002,-0.08317628243465888,0.03449318653246769,0.43750029127348933,0.364370583824762
164,robotE,0.0,0.0,,,robotE,4.0,0.3145381385824339,-0.6245357658744708,-0.0035922963983679988,-0.49162113666476215,-0.0014458384709026017,0.3878508081053027,0.28772979071897287,1.632824634388239
164,robotF,0.0,0.0,,,robotF,5.0,0.13063501889678453,-0.4900055548677084,-0.3969269843363615,-0.3944239975871636,-0.30756298440595436,0.3421140492393429,0.21452989930101007,1.2956222876570604
165,robotA,0.05,0.0,,,robotB,3.0,0.40911641559128437,-0.2284294271424416,-0.18271833604500923,0.03942143302018892,-0.5929516951157962,0.34015725064938945,-0.2746257611772091,2.4498424792458455
165,robotB,0.05,0.0,,,robotF,5.0,1.6474244326853618,-0.18348919680057993,1.2483969961161518,-0.4373384080183505,-0.39203607954474884,-0.5650207177879777,-0.35721700812142043,-1.6591253277490003
165,robotC,0.05,0.0,,,robotF,4.0,0.34165742905247126,1.072169720408041,0.14922539170770968,-0.03524951056582494,0.4137369986797837,-0.363493041315726,-0.032443449941359316,-0.4595897835602894
165,robotD,0.05,0.0,,,robotE,5.0,0.9452256061413068,0.2927133157117774,-0.9544444562583068,0.11493997327056679,-0.37506434246442577,0.03452197309213204,0.4375375390301886,0.3738761092478522
165,robotE,0.0,0.0,,,robotE,4.0,0.13302762427792109,-0.6246326256542606,-0.0035177018409815715,-0.28869132236763645,0.010807520279569528,0.38768589293077804,0.2902992622169167,1.630740382430402
165,robotF,0.0,0.0,,,robotF,5.0,0.1306329889697334,-0.4897142637511189,-0.3969203734768591,-0.39211566217917576,-0.29166020213215826,0.34226470684770194,0.21507262359701262,1.2956510048310892
166,robotA,0.05,0.0,,,,,,,,,,0.30190960521288185,-0.24294010045290498,2.449473696205945
166,robotB,0.05,0.0,,,,,,,,,,-0.5664814688584887,-0.40608554809523717,-1.6307395744150037
166,robotC,0.05,0.0,,,,,,,,,,-0.31784356167860683,-0.05505300553639129,-0.460006041923987
166,robotD,0.05,0.0,,,robotE,6.0,0.6061320541676234,0.2793237165052926,-0.9584801907661347,0.27694809049577457,-0.134493991576761,0.07347490576833943,0.45795370905456817,0.4700752652159945
166,robotE,0.05,0.0,,,,,0.33751042354074967,-0.6258975459867877,-0.0035189849176942103,,,0.38726582753294314,0.2970629951092505,1.6302345434093155
166,robotF,0.05,0.0,,,robotB,6.0,0.14373337427550403,-0.49000018491616165,-0.39691182012055126,-0.41541079911750634,0.7652015208118791,0.3419964552247565,0.21861629014184258,1.546494136979104
167,robotA,0.05,0.0,,,robotA,5.0,0.5189754847447973,-0.27857346628850166,-0.18281172171677104,-0.13490369532530708,-0.21215932480674632,0.2778066323399018,-0.23131259614621644,2.479118734349552
167,robotB,0.05,0.0,,,robotE,3.0,1.660289000554566,-0.20642314099563244,1.2521164999983745,-0.44896806822931423,-0.006458641194130904,-0.5694547976760542,-0.4555937703754173,-1.63113075600292
167,robotC,0.05,0.0,,,robotB,3.0,1.089869507347448,1.0221428490735471,0.1496594706277936,0.5878700155784063,0.3626905167207626,-0.2738076793880876,-0.07687820708232973,-0.46027700010683814
167,robotD,0.05,0.0,,,robotB,5.0,0.8573565287631932,0.1414184145003095,-0.9810705825225752,0.19212649429082765,-0.3870972925478678,0.11718753179796045,0.48071819752247086,0.48066146621060307
167,robotE,0.05,0.0,,,,,0.3460095681467839,-0.6344031825188345,-0.0035427758819165087,,,0.3843497005133595,0.34431685210021823,1.6311603733448008
167,robotF,0.05,0.0,,,robotB,5.0,1.0338153547668838,-0.5823964170449485,-0.2550386426580601,-0.21133555696588102,0.8507013960883182,0.34759530877149003,0.2725349084024742,1.5000086233753893
168,robotA,0.05,0.0,,,robotB,5.0,0.1955959037863475,-0.32830057095108384,-0.1829119988403277,-0.15656843561361722,-0.49506346271081036,0.23864105499531396,-0.2007561481378904,2.478822495759969
168,robotB,0.05,0.0,,,robotB,4.0,1.273043806830528,-0.2570149741288001,1.252030351119589,-0.21624837999733199,1.1037985846033298,-0.5724108496194291,-0.5044181516781603,-1.6313929577283037
168,robotC,0.05,0.0,,,robotC,3.0,0.4392811151881766,0.972182774056705,0.1499192737583523,-0.45968677687504284,0.5647316652522131,-0.24689559468896924,-0.07630130035177979,-0.4762336607876553
168,robotD,0.05,0.0,,,robotF,5.0,0.6046648304256032,0.08427234286887941,-0.9820653918394809,0.39307120910897275,-0.0314204999895337,0.16090155664707761,0.5035092420246702,0.48035747929480993
168,robotE,0.05,0.0,,,,,0.39519599325501753,-0.6836220318520507,-0.0036703176445512247,,,0.381551166584979,0.39000946497145106,1.6329903939154806
168,robotF,0.05,0.0,,,robotD,5.0,1.2067707774491654,-0.6184029040180518,-0.2853408057110565,-0.5151510133660444,-0.1001657377563329,0.3521900160104478,0.32411949133751067,1.4945908202744664
169,robotA,0.05,0.0,,,robotB,5.0,0.38287356024062064,-0.3784242699792529,-0.18301835076502806,-0.18189755736890412,-0.4852167094580909,0.20002720773058283,-0.17060211491056587,2.4784742500498274
169,robotB,0.0,0.5,,,robotC,2.0,0.17383601399709395,-0.3071920415562373,1.251947868046272,-0.2157204119523662,0.5776218748575547,-0.5751941007816156,-0.55028470636091,-1.6272284627833136
169,robotC,0.05,0.0,,,robotB,5.0,1.442495538952277,0.9219914586100235,0.15029393351909356,0.7661280365739732,0.3580331277463286,-0.20334818584606223,-0.0987760367102643,-0.4765583777833852
169,robotD,0.05,0.0,,,robotB,4.0,1.0159721329830809,0.03459058025301479,-0.9820471426485892,0.1319400494374621,-0.321436318068723,0.20609937782766571,0.527052484098224,0.48004804566947995
169,robotE,0.05,0.0,,,,,0.4435323253468446,-0.7319798738451436,-0.003895668372987405,,,0.3778088559221661,0.3391999954270153,1.6397460652756017
169,robotF,0.05,0.0,,,robotE,5.0,0.2406682308523667,-0.667736710123578,-0.28628076263779173,-0.37687094004848626,-0.10787386005280752,0.35597246766572893,0.37360804014629007,1.4943229881459181
170,robotA,0.0,0.5,,,robotF,6.0,0.38976505565362995,-0.4282362341445027,-0.18316695373376596,0.5561389221030512,-0.08196382922434063,0.18766176018844818,-0.1609853041183992,2.7925974357499976
170,robotB,0.0,0.5,,,robotE,3.0,0.688701778349567,-0.33595876461569424,1.2557464047564997,-0.5525544499003099,-0.03612393515797006,-0.5752413739115193,-0.5486793041685037,-1.1358472752227762
170,robotC,0.0,0.5,,,robotC,5.0,0.23293962130169465,0.8720902044565864,0.1505894338200156,0.7450538629189659,0.13780895460087308,-0.19065711249300768,-0.10531511754073232,-0.12759877542572373
170,robotD,0.0,0.5,,,robotB,5.0,0.6767729776708744,-0.015096163349623106,-0.9820436261078735,0.11761989379488956,-0.27457104193975135,0.21837255645610176,0.5335973785089106,0.8116551241632926
170,robotE,0.05,0.0,,,,,0.4948126347032079,-0.7832734925394218,-0.004292824421707626,,,0.37421855126768383,0.39124365560725605,1.6395251808898283
170,robotF,0.05,0.0,,,robotE,6.0,0.38489088138710204,-0.7178282776103206,-0.28644901100524434,-0.40700153333067324,-0.1200794863307607,0.35972823246135566,0.42248853165261174,1.4939702294093282
171,robotA,0.0,0.5,,,robotE,6.0,1.0340986671392207,-0.47601760062835774,-0.01861585402292261,0.3596782752352035,-0.4086141967558413,0.19734951612319906,-0.17453277481912444,-3.0141473662793508
171,robotB,0.0,0.5,,,robotB,3.0,1.5638729277368058,0.32513790353248423,1.2582309878958622,0.19323088163494018,1.0207627864224016,-0.5734072602883022,-0.5044926800084444,-0.6645391558833603
171,robotC,0.0,0.5,,,robotB,5.0,0.31894913366424377,0.8582872731218447,-0.16036338596578345,0.5520012531427383,0.21569539259106818,-0.18882024684453222,-0.08765555797853851,0.3742577218993355
171,robotD,0.0,0.5,,,robotD,5.0,0.8002531549502807,-0.3668562211658726,-0.9115074642303944,-0.29071002854222605,-0.7405346640635504,0.2055272336853911,0.5156831009004103,1.2660943950229646
171,robotE,0.0,0.5,,,robotF,2.0,0.5453377701582153,-0.8338153744625573,-0.00445850044452525,-0.13867810351899618,0.10121103551569943,0.37194474306856357,0.4254551654578984,1.706041424152946
171,robotF,0.05,0.0,,,robotC,4.0,0.3972610663206975,-0.7676175897211102,-0.28673006295042575,-0.0016254243526738466,0.5356611698613822,0.3635243811872929,0.47173548690131,1.493766823477258
172,robotA,0.0,0.5,,,robotE,6.0,0.9974344051463662,-0.4311402605885991,0.1992356498075861,0.1572243438118377,-0.526361266321311,0.19078007535867672,-0.17348232461688326,-2.522372867480109
172,robotB,0.05,0.0,,,robotB,3.0,0.6964766625625742,0.8862432565220448,0.951382747883663,0.7131935544598057,0.7283185309429829,-0.5407833406456043,-0.5168267914772978,-0.4893129574672261
172,robotC,0.05,0.0,,,robotB,5.0,0.757501870195737,0.6964910106413096,-0.5278984436717422,0.600410181059246,-0.05007804441300514,-0.16761609979967831,-0.07461662567153848,0.798220116785302
172,robotD,0.0,0.5,,,robotA,4.0,0.4599623595219642,-0.7405628535245138,-0.6446294606986244,8.498711389129501e-05,0.301018213920661,0.21107704879976447,0.5060397832818929,1.5755565036383792
172,robotE,0.0,0.5,,,,,0.7217163324282985,-0.8603552692893892,0.09369219921166412,,,0.3652617035743729,0.4418107140699874,1.9970234117933072
172,robotF,0.0,0.5,,,robotA,4.0,1.1586057200140476,-0.8175670552698928,-0.28689975152099073,-0.05605038602389185,-0.04361417946034024,0.3671799450483498,0.5190374004997462,1.4951871586142262
173,robotA,0.05,0.0,,,robotE,5.0,1.0065237036811816,-0.2860016709837033,0.3773204618775866,-0.12749565561651327,-0.5419779718465618,0.1625886620851261,-0.18735687251908661,-2.3486797072241505
173,robotB,0.05,0.0,,,,,0.27742741350757233,0.9770117945554672,0.8141433872395681,,,-0.5298853844567426,-0.5156558862232558,-0.16483132024684358
173,robotC,0.05,0.0,,,robotA,3.0,0.7207663666100035,0.43217036345496657,-0.7509343199850118,-0.2653692823272399,-0.08182241527797654,-0.12863106499143487,-0.033711419022554465,0.7769703423810771
173,robotD,0.0,0.5,,,robotD,3.0,1.1253128733779019,-0.9335239389979361,-0.327236062685834,-0.5961747691268726,-0.21279838849183028,0.20348134609826748,0.49815687235041906,2.0964659098778666
173,robotE,0.0,0.5,,,robotC,3.0,0.7152172456309777,-0.8101300233807432,0.34756043730498,0.4182657747161695,0.5156692218098943,0.38573935721714575,0.344348763789627,2.4826224846090934
173,robotF,0.0,0.5,,,robotE,4.0,0.8414847654580556,-0.863484990834937,-0.2805655868240232,-0.5351237740730622,-0.15169891294816945,0.3690560974990302,0.4682531172853184,1.7822945588843015
174,robotA,0.0,0.0,,,robotE,6.0,0.9644931893843237,-0.26885583691449333,0.41209980879406655,-0.19288589274691317,-0.5208709037918737,0.1451980971749638,-0.200134408517512,-2.3220273877215147
174,robotB,0.0,0.0,,,robotC,2.0,0.5290102829782772,1.1684916288452212,0.4589571696498503,0.5206177072234001,-0.1636243039470868,-0.48271393466425633,-0.5325411712585184,-0.2112817809165625
174,robotC,0.05,0.0,,,robotE,6.0,0.9350583723270676,0.39625660339968766,-0.7425684686108764,0.3926694732396235,0.49295437567179906,-0.09373831290501194,0.0005702634891049906,0.7767426439323724
174,robotD,0.0,0.5,,,robotA,3.0,0.5319050091126131,-0.9744156408195509,0.16117591771148623,0.2589370875438237,0.1541585088436847,0.21255093451954704,0.47322834512469836,2.4391190827721045
174,robotE,0.0,0.5,,,robotE,3.0,0.9672882943350136,-0.5307277602901966,0.7029068111814224,-0.3842586868446112,0.540960495495318,0.3772785688326421,0.3839505995296531,3.062385669222045
174,robotF,0.0,0.5,,,robotC,4.0,0.4226574188567557,-0.915987808779398,0.03155468396568684,0.25275820539815597,0.533895752773782,0.3885157015729478,0.46743286531540507,2.121274393908323
175,robotA,0.0,0.0,,,robotF,4.0,0.9399555384704272,-0.2822443898787234,0.4148274842005258,-0.16785984183764444,-0.661077206542022,0.14490782421994428,-0.2004723954661436,-2.321936396847415
175,robotB,0.0,0.0,,,robotA,2.0,0.8798345760994966,1.116856188529361,0.4833753519339207,0.2602045757897148,-0.1810555811795775,-0.48286085215335545,-0.5324989093833157,-0.21119992828926232
175,robotC,0.0,0.0,,,robotC,3.0,1.2362746711489898,0.3466778809302421,-0.7424645152155755,0.19042810933025686,0.5613099936127796,-0.07607674690135957,0.017948231224360556,0.7764773503352025
175,robotD,0.0,0.0,,,robotD,2.0,1.163020812572891,-0.8668781280439327,0.4459761074027857,-0.5566413223537097,0.29645329407323634,0.2271663998720237,0.48948481564053403,2.4598798675268827
175,robotE,0.0,0.5,,,,,0.4127300689201453,-0.13603227580002691,0.8707024531694256,,,0.4302602814052305,0.3924057263922657,-2.823787395864023
175,robotF,0.0,0.5,,,robotD,4.0,1.127624329346233,-0.8549346754495769,0.3228196767898089,-0.8188826889015135,0.26944629703201006,0.3884679096821193,0.4704752560910233,2.1195247317099826
176,robotA,0.0,0.0,,,robotB,6.0,1.08197800904286,-0.2824369895394293,0.4148170676675189,-0.5689323997361913,0.07919016048275931,0.14515457110854685,-0.20019496408734685,-2.322007597507506
176,robotB,0.0,0.0,,,robotA,2.0,1.0841184238524415,1.1168885795590902,0.4833277980691622,0.27360626599020044,-0.1740448742919238,-0.48253459100327883,-0.5325536805101979,-0.2111535751417623
176,robotC,0.0,0.0,,,robotB,6.0,1.310565776177995,0.3244551715578677,-0.7423845259276173,0.6314929026386027,-0.42934045391912573,-0.07628933101125387,0.0177305308103618,0.7764424420545479
176,robotD,0.0,0.0,,,,,0.3469800931895741,-0.8367433029194816,0.5012411490670751,,,0.2278725173784681,0.48900002599825554,2.478073120824972
176,robotE,0.0,0.0,,,,,0.7304399922096196,0.2842556933324982,0.8352921209038091,,,0.43393326023558404,0.4160767792646304,-2.3339851551068063
176,robotF,0.0,0.0,,,robotB,3.0,0.08413699328988788,-0.8447517498193311,0.34950768177579816,0.4897260035456792,0.8806943359734822,0.388941674193203,0.47072981282996734,2.1483891918387563
177,robotA,0.0,0.0,,,robotB,6.0,0.44136919143387066,-0.2823022960604605,0.41482381018705916,-0.5725132939827854,0.07769994436519732,0.1450048684244436,-0.20036741723609303,-2.3219577234004003
177,robotB,0.0,0.0,,,robotA,2.0,1.0690869293121672,1.1167399749597842,0.4832772774915926,0.2722758197855339,-0.17289954856749587,-0.4827975468487781,-0.5325012844695253,-0.2111672263393781
177,robotC,0.0,0.0,,,robotD,4.0,0.4383808910089223,0.3246016043443951,-0.7423828418365966,0.407632280666314,0.515909853373743,-0.07602520513064057,0.017999704470336372,0.7764816101172307
177,robotD,0.0,0.0,,,,,0.3470531274989666,-0.8318137585267519,0.5079385268376235,,,0.22912871785878525,0.4880876571585355,2.4776469593367847
177,robotE,0.0,0.0,,,,,1.0169209767938368,0.629639645414425,0.6193087238459093,,,0.4148953316737034,0.40704158140393054,-2.375219062475645
177,robotF,0.0,0.0,,,robotC,2.0,1.4263729648678003,-0.8407035353154364,0.3664015428764384,0.11897400068557719,-0.050407995032988186,0.37780373415634794,0.45256539690380354,2.0949691478039454
178,robotA,0.0,0.0,,,robotB,6.0,0.44478039571229766,-0.28237852043798645,0.41482219754658606,-0.5667849387567738,0.08531650578360905,0.14501388222418232,-0.20035829777286893,-2.3219605531762806
178,robotB,0.0,0.0,,,robotA,2.0,1.069514803003687,1.1168393013421254,0.48328216366245075,0.3160123982947768,-0.19439923370445508,-0.4826264635678295,-0.532535886833644,-0.21114625250995242
178,robotC,0.0,0.0,,,robotB,6.0,1.261049116804065,0.3243793341021685,-0.7423881327490591,0.6283700575742407,-0.44161634312024106,-0.07632281329441853,0.017700404014978324,0.776436258999334
178,robotD,0.0,0.0,,,robotF,3.0,0.346334842872378,-0.8310492721954018,0.5077542653230487,-0.4647367447830341,0.2962789358353412,0.23114832677854347,0.48675483683982135,2.4769838009960257
178,robotE,0.0,0.0,,,,,0.9856052923389396,0.5951191166117711,0.6515810649364395,,,0.4142223173748888,0.4063921054026993,-2.3749123068186098
178,robotF,0.0,0.0,,,robotE,3.0,1.045070982577788,-0.8397264792439351,0.36560492352727253,-0.4687066735133944,0.273765196136328,0.3783569045147901,0.45198302785941696,2.095290957579816
179,robotA,0.0,0.0,,,robotB,7.0,0.43526939702163336,-0.28238011049150924,0.41482119716596505,-0.6796443054425387,0.10604126295062931,0.1451152369776288,-0.20024534568335908,-2.3219866286843156
179,robotB,0.0,0.0,,,robotA,2.0,1.0490504521379216,1.1168110846068555,0.48326463218454624,0.27263229071673595,-0.17281538328363247,-0.48263219266354834,-0.5325362101144491,-0.21114563453828095
179,robotC,0.0,0.0,,,robotC,3.0,0.4274740778386595,0.32460588080067665,-0.7423843802071151,0.2516217205463385,0.4403559164600648,-0.07601764245807632,0.01800697453674146,0.776480984919214
179,robotD,0.0,0.0,,,robotA,2.0,0.42209202278816393,-0.8296278651721711,0.5084490231769931,0.27857101566839565,0.10407488441799483,0.22895294040720932,0.48840719614212436,2.4784517355838145
179,robotE,0.0,0.0,,,,,0.9852229322934978,0.5947414847391224,0.6515176768813242,,,0.41501950555806766,0.4071530903047086,-2.3750113258353194
179,robotF,0.0,0.0,,,robotE,4.0,0.3821663034042601,-0.8395244811574641,0.36620564719387466,-0.5698490015153049,0.30124522086481287,0.37699664646761377,0.4542379864288812,2.095674524430187
180,robotA,0.0,0.0,,,robotB,6.0,0.5032188659350957,-0.28229897011003086,0.41482259581014763,-0.5690511380955339,0.07909987620334638,0.14494835120860614,-0.20043067713630525,-2.3219365819434987
180,robotB,0.0,0.0,,,robotA,2.0,1.069089990196219,1.1167372333793941,0.48326407296402524,0.27546007586018423,-0.1744540848110028,-0.482799569532051,-0.5324974653651563,-0.2111448366120191
180,robotC,0.0,0.0,,,robotB,6.0,1.1849793911229787,0.32437438906005234,-0.742388014663794,0.6347583671927133,-0.4335706796872287,-0.0763285583115351,0.01769522255179993,0.7764349728224282
180,robotD,0.0,0.0,,,,,1.180900981315452,-0.830957556938403,0.508393415085237,,,0.22838071605046645,0.48886144393532815,2.478817526802628
180,robotE,0.0,0.0,,,,,0.9857969276502734,0.5953202370060939,0.6515078360884445,,,0.4161875964056888,0.40829771729641995,-2.3751630274616695
180,robotF,0.0,0.0,,,robotC,4.0,0.2785826655459034,-0.840774944372258,0.36610996498464804,0.11134369382305563,-0.024464768517123297,0.3767149428541562,0.45471506445735904,2.09572895009842
181,robotA,0.0,0.0,,,robotB,6.0,0.44143044621190447,-0.2824293766027934,0.4148211961722153,-0.5733587192893684,0.07991949125605084,0.14514704843549506,-0.20021326357487626,-2.3219924726420094
181,robotB,0.0,0.0,,,robotA,2.0,1.067971660116815,1.1168750361101873,0.4832573499992426,0.2729503483469866,-0.1730723209908705,-0.48248903280619165,-0.5325592526972752,-0.21111983446280444
181,robotC,0.0,0.0,,,robotD,4.0,0.4376856148366967,0.32459289346645176,-0.7423846630868489,0.4074296138075323,0.5115433074215646,-0.07603781956880407,0.017986983338605544,0.7764788267071293
181,robotD,0.0,0.0,,,,,1.1812270415444872,-0.8312919682216507,0.5084280477129347,,,0.2293437213251749,0.4881022901673413,2.478257952299586
181,robotE,0.0,0.0,,,,,0.9865846940283685,0.5961123048560621,0.6515139989354515,,,0.4147080147280744,0.40686288146101796,-2.3749458859127213
181,robotF,0.0,0.0,,,robotC,2.0,1.0293153757658005,-0.8409744426940196,0.3661505277124748,0.13907441076597324,-0.04875752321695558,0.3774899921795517,0.45338813438836817,2.095529765772425
182,robotA,0.0,0.0,,,robotB,6.0,0.4437186730254292,-0.28228065060083174,0.41482219163333844,-0.5630233026459923,0.08483262533627654,0.14497008013195184,-0.2004085281205884,-2.3219401967257673
182,robotB,0.0,0.0,,,robotA,2.0,1.068964580973843,1.1167124022923387,0.48324381601819616,0.27254217240614503,-0.17297211952254787,-0.4828594366473386,-0.5324849612783794,-0.2111383394734999
182,robotC,0.0,0.0,,,robotB,6.0,1.2566773793940642,0.3244059072154063,-0.7423885487909001,0.6296443516204846,-0.43833729844746516,-0.07624309397587362,0.017780820179203627,0.7764478305043038
182,robotD,0.0,0.0,,,,,1.180609525870822,-0.8306393536993675,0.5084153462369395,,,0.23112741745489673,0.4867492056367956,2.4772623043312985
182,robotE,0.0,0.0,,,,,0.9855689880323054,0.5950923038890636,0.6514949567279682,,,0.41453215759049733,0.40668832075686345,-2.3749148435680763
182,robotF,0.0,0.0,,,,,1.0635284243998009,-0.8401773536556084,0.3661625791925826,,,0.37874410770333,0.45137411764484375,2.0952283277074075
183,robotA,0.0,0.0,,,robotB,6.0,0.4331776003355981,-0.28239841003312005,0.41482126616883774,-0.5597274474523911,0.09294733711846107,0.1451155668741914,-0.20024653687979044,-2.321984263227351
183,robotB,0.0,0.0,,,robotA,2.0,1.0687623126162464,1.1169036361767428,0.48324456976510166,0.27381733141954817,-0.17361033323835895,-0.48250532874046864,-0.5325563238520915,-0.211111489027078
183,robotC,0.0,0.0,,,robotB,6.0,0.4307434066831115,0.324531573746131,-0.7423867601782298,0.6339798765741566,-0.45772441199631936,-0.07618081081397712,0.017853941588438907,0.7764641739635288
183,robotD,0.0,0.0,,,robotA,3.0,1.1786987505588553,-0.8295618365984133,0.5084401876753237,0.27743607366121975,0.10361137045771042,0.22925616355900913,0.48818098850714364,2.4783262980098866
183,robotE,0.0,0.0,,,,,0.9854965401978466,0.5950198014642167,0.6514913648373378,,,0.41584640335841794,0.4079587474777514,-2.375084993428365
183,robotF,0.0,0.0,,,robotE,3.0,0.27406108692674763,-0.8390042069074014,0.3662683254120477,-0.5738840297599889,0.2968365528810596,0.37742569999888154,0.45360960790356303,2.0956015683619906
184,robotA,0.05,0.0,,,robotB,6.0,0.42490982015273765,-0.2823377088063254,0.4148219837685183,-0.5211821615398962,0.018368325043701884,0.12444571533103649,-0.22239351292526413,-2.3220441602983968
184,robotB,0.05,0.0,,,robotA,2.0,1.0686187015311728,1.1167295508977106,0.48323433600739796,0.3084887118944386,-0.16199217341996533,-0.4768164825770986,-0.5337797827265933,-0.2112062529226431
184,robotC,0.0,0.0,,,robotB,6.0,0.4205048934484109,0.32448392435112067,-0.742393730630442,0.6370004940357242,-0.43714924791586846,-0.07613299399062007,0.017900262425769,0.7764703209948518
184,robotD,0.0,0.0,,,,,1.1798216231932424,-0.8307630853125246,0.5084245206939927,,,0.22865404865811095,0.4886484168072083,2.4786587750638533
184,robotE,0.0,0.0,,,,,0.9864384354445995,0.5959678868950276,0.6514894557593048,,,0.415442377366239,0.40756045872986557,-2.375025539911763
184,robotF,0.0,0.0,,,robotC,4.0,0.2753344607939821,-0.8403249521462579,0.3662505297060991,0.11215743153813201,-0.0232494271233998,0.37690862918267465,0.45449196408787,2.095711728098992
185,robotA,0.05,0.0,,,robotB,6.0,0.4468170021218624,-0.3150227286441397,0.4147818989955388,-0.5880562752998444,0.09229058592209816,0.09104859703418114,-0.25813810005304205,-2.322487246377726
185,robotB,0.05,0.0,,,robotA,2.0,1.0276973191497751,1.108308107092467,0.4833377537124241,0.31038683036204595,-0.18682791439867968,-0.4268314531160536,-0.5445001340152692,-0.21143172931492965
185,robotC,0.05,0.0,,,robotB,6.0,0.43687876781802715,0.3244479208408706,-0.7423933252695057,0.6355644001880322,-0.43481294437193674,-0.0573839758722598,0.03630780075231965,0.7762640910901595
185,robotD,0.0,0.5,,,robotD,3.0,1.1801481211729299,-0.83111288578574,0.508418475653579,-0.5247862305174692,0.36523492198952673,0.22964476439602294,0.48787253439486344,2.4824211941911063
185,robotE,0.0,0.0,,,robotB,3.0,0.98605146894185,0.5955793878517962,0.6514812934367811,0.9497063187600535,-0.409036963890185,0.41459883181955537,0.40674936431998043,-2.374897049165713
185,robotF,0.0,0.0,,,robotB,4.0,1.029496118072583,-0.84082243445894,0.3662266724394878,0.5267698351343449,0.8561035470804436,0.3773949866321388,0.45365993109351427,2.0955908458274464
186,robotA,0.05,0.0,,,robotD,7.0,0.39197289385121176,-0.36504910189712075,0.4146421798766199,-0.24838795003920347,-0.7512913942253984,0.05730474549944507,-0.29424156804021184,-2.3226211654194016
186,robotB,0.05,0.0,,,robotB,3.0,1.0043098298190283,1.0581712838394481,0.4835873639241139,0.8424512348197761,0.41307721405025194,-0.378659709992708,-0.5548505208463435,-0.21182773265963847
186,robotC,0.05,0.0,,,robotB,5.0,0.4575111645087253,0.2968168591871392,-0.7423297229645498,0.7533647001164224,-0.4538582963054215,-0.02197848467942986,0.07107008844698919,0.7759373317712703
186,robotD,0.05,0.0,,,,,1.1766161265759003,-0.8227103367153954,0.5208683476958665,,,0.20090302958327078,0.5017524580102168,2.654544057004456
186,robotE,0.0,0.5,,,,,1.1182427565850523,0.5950524993581847,0.6514758983791055,,,0.4152761286578385,0.4073954600909636,-2.3709944099397413
186,robotF,0.0,0.5,,,robotB,3.0,1.4521865098521174,-0.8402966686602312,0.366231284547293,0.5061096503285186,0.8616446791963477,0.37869973632390397,0.45126581134320926,2.324338106663321
187,robotA,0.05,0.0,,,robotC,5.0,1.177731458061286,-0.415116080156158,0.41457871772312693,-0.5123274153458266,0.5913007970055716,0.022500623980592875,-0.3314465234269054,-2.323064094979175
187,robotB,0.05,0.0,,,robotB,3.0,0.18007851654246743,1.0079732806086779,0.48400481430567033,0.8946272272262252,0.435620521120601,-0.3307195600046158,-0.565167322027494,-0.21209455571054192
187,robotC,0.05,0.0,,,,,0.5828061394427719,0.24690647768972776,-0.7422383668869034,,,0.014119549143882158,0.10648312609490558,0.7755707900701223
187,robotD,0.0,0.5,,,robotC,3.0,0.36800772065524934,-0.761919362491547,0.646655532787735,0.4886387527013559,0.1736594020471992,0.15427764063202612,0.5177305167857016,2.7721235051891298
187,robotE,0.0,0.5,,,,,1.102929746067874,0.6085270145655385,0.6397960576869827,,,0.43364729601940977,0.4215080729947581,-1.9936364095298669
187,robotF,0.0,0.5,,,robotF,4.0,1.2616513475541604,-0.7201959744047455,0.5651001841660275,-0.5732429222638533,0.507673515120022,0.3846492386293522,0.43304911314756056,2.3979142451102358
188,robotA,0.05,0.0,,,robotA,5.0,0.18304897821839022,-0.4653326164929565,0.4143872098858283,-0.3711848280047287,0.3142662276600802,-0.011109323853853516,-0.36736218687942074,-2.323266585087616
188,robotB,0.05,0.0,,,robotB,3.0,0.07989554861728983,0.958006394455121,0.4842659715782685,0.8339126952281214,0.39790202895991106,-0.30181612906446703,-0.5678999674471535,0.054124192814242834
188,robotC,0.05,0.0,,,robotF,5.0,0.6262994712105184,0.19737081748475946,-0.7421668638415662,0.2520072417839868,-0.3491602703925252,0.04971508401744305,0.14138495332290055,0.7753572917198134
188,robotD,0.05,0.0,,,robotB,2.0,1.3335053935045278,-0.7254451578842346,0.7252361352066622,0.42730944880429084,0.4478492339100388,0.11093210330708703,0.5286144832452058,2.888978633073456
188,robotE,0.0,0.5,,,,,0.7790625870148802,0.8216224470486657,0.3594245096358067,,,0.44976719105669516,0.41590222867024684,-1.9008959256385523
188,robotF,0.0,0.5,,,robotE,3.0,0.1337570045295261,-0.6623978305961785,0.6073847912173939,-0.27405000991876804,0.3913022407712406,0.38868754897945296,0.4242639698550064,2.379971172134288
189,robotA,0.0,0.5,,,robotF,5.0,0.17543647569217138,-0.515311055056599,0.41429416215381326,0.018047749726621477,-0.4801123159617415,-0.02204102443725737,-0.37898304971640573,-2.0020096315355627
189,robotB,0.0,0.5,,,robotB,4.0,0.24690436035254168,1.0188061467573164,0.23426775766346483,0.9176996943236867,0.2489653496559471,-0.3123151552104126,-0.5711604429153013,0.3074931185529146
189,robotC,0.05,0.0,,,robotF,3.0,0.40667225242307364,0.1473021055546055,-0.7421222982502342,0.28460086576013977,-0.3648327581464179,0.08453924261115792,0.17549885261330525,0.7749958906878378
189,robotD,0.05,0.0,,,robotF,3.0,1.1833295068867826,-0.7066125070008239,0.7862125298096082,-0.4440164956407672,0.5333690739578107,0.07025982193615937,0.5286820269841904,2.879785854233177
189,robotE,0.0,0.5,,,robotE,4.0,0.6652330259264216,0.8726366859168438,0.25171658356653204,0.5644052266411287,0.1055858844811046,0.455137241858412,0.4308467228353069,-1.9118579066355492
189,robotF,0.0,0.5,,,robotF,4.0,0.43775645287105863,-0.6543365852796311,0.6081266688935303,-0.543247885167179,0.5286906828904084,0.39678547293740335,0.42035348702351544,2.644769883215902
190,robotA,0.0,0.5,,,robotA,4.0,1.1152111901305342,-0.3484000147846406,0.5731739862738193,-0.2652868544493297,0.468339380213666,-0.004079285356385509,-0.35630927936279716,-1.5491299236553366
190,robotB,0.0,0.5,,,robotE,2.0,0.3443598028422478,1.0315083138191503,-0.07604429934249199,0.12265412215968328,0.3938858495181624,-0.30822891302540306,-0.5749611662209478,0.8011957021962289
190,robotC,0.0,0.5,,,robotB,4.0,0.42095707937332005,0.09781382397308723,-0.7420799764197373,-0.49660467605365155,0.10273176289899726,0.06551158589335698,0.1625001948486216,0.8425292467386222
190,robotD,0.05,0.0,,,,,0.4014633130482251,-0.7561224747534459,0.785881745968095,,,0.033129144241226156,0.5357248908546971,3.019317119685056
190,robotE,0.0,0.5,,,robotB,2.0,0.35712657589923275,0.8853837392586994,0.26214956370244397,0.03348475998450485,-0.32535479257986133,0.46016533979318985,0.444275852427937,-1.7999806920757244
190,robotF,0.0,0.5,,,robotE,4.0,0.2341981701251869,-0.4666049068692463,0.7499928219844728,-0.29351552602553505,0.6522667681768233,0.39834349517224876,0.40309149593632293,2.694673208071332
191,robotA,0.05,0.0,,,robotA,5.0,0.29279245474793963,-0.051042369603524686,0.6679057157276497,-0.08928178649910574,0.5574309429390024,-0.011505483247098594,-0.4145456179808152,-1.4656794097315067
191,robotB,0.0,0.5,,,robotB,4.0,1.2044129897944462,0.8839923783471788,-0.5393744087436904,0.8236336451840004,-0.43764836762487364,-0.32805718370403114,-0.5927237718761077,1.2537110294002944
191,robotC,0.0,0.5,,,robotB,4.0,0.9794135556687861,-0.005954457196414119,-0.7449198611560266,-0.4689323708572163,0.14282674145912208,0.07426300361681479,0.17702579199063898,1.1982846450057314
191,robotD,0.05,0.0,,,robotE,4.0,0.42177668112255473,-0.703474705855021,0.8659002843594409,-0.22753398930570112,-0.176552712771288,-0.018808743485640822,0.5438583503486537,2.9882788870899515
191,robotE,0.0,0.5,,,,,0.9946554891645826,0.928630565089371,0.10829659935656019,,,0.40923227802293494,0.39319774732852225,-1.5599196752396383
191,robotF,0.05,0.0,,,robotF,4.0,0.15660793419446398,-0.3504320940835289,0.798165874867568,-0.21738953118451945,0.5857918993127235,0.37761057784521623,0.4256008494688233,2.49593358563169
192,robotA,0.05,0.0,,,robotA,5.0,0.11516338012375578,-0.06175584310661619,0.6692563718980818,-0.08205509906755457,0.585812041984172,-0.004961522342429369,-0.4528023102094865,-1.4805116247112393
192,robotB,0.05,0.0,,,,,0.5409076118411028,0.5297022262981451,-0.8917247549644852,,,-0.33342590113648196,-0.5688733585088609,1.57338029649852
192,robotC,0.0,0.5,,,robotB,5.0,0.841992324660351,-0.3047050321249453,-0.6829943384364313,0.3611647015046593,0.07789840704097935,0.07843308508684674,0.1917588650644192,1.425324977147603
192,robotD,0.05,0.0,,,robotE,3.0,1.167504745210879,-0.7563061195056687,0.8643446714187717,-0.3637081216032327,0.5654336343583861,-0.06720801773225044,0.5513234172828183,2.988353946377201
192,robotE,0.0,0.5,,,robotB,2.0,0.9286813099307115,0.9385767687245337,-0.11737058373322368,-0.17139843381259542,-0.36022159649499924,0.4416905379866229,0.4268167853975011,-1.1202029170812606
192,robotF,0.05,0.0,,,robotE,5.0,0.3428284608767941,-0.5317672787539965,0.7225324763931703,-0.3499781115618869,0.6447343958688433,0.3473508057377669,0.4482668726144841,2.5433810139597286
193,robotA,0.05,0.0,,,robotA,6.0,0.08856945037921043,-0.11182911995855394,0.6692269999980544,-0.12454882167156321,0.5904872865762999,-0.00035178432114899624,-0.5037356649865541,-1.4808720500715742
193,robotB,0.05,0.0,,,robotB,4.0,0.7862316031381766,0.26918188347570604,-0.995091977070525,0.27161940615133795,-0.8629399109866955,-0.3383621690746737,-0.5304157077091567,1.5666718325120712
193,robotC,0.05,0.0,,,,3.0,1.0737617933652697,-0.47288426000031314,-0.5983609505308604,-0.2572220391179987,0.5298776649418305,0.07363906190699036,0.22246432252634407,1.6539809779185004
193,robotD,0.05,0.0,,,robotB,3.0,0.5339932616630961,-0.8063051908738232,0.8641921284211926,0.4114312699041762,0.5730349082790567,-0.11373110398458,0.5585249406524206,2.9887483508104653
193,robotE,0.0,0.5,,,,,0.9084296284967233,0.8031584940459147,-0.5044310591342998,,,0.4482682999166132,0.4274837492450589,-0.6272532085908319
193,robotF,0.05,0.0,,,robotF,5.0,0.19664703919946042,-0.4983230439680963,0.7738228889862054,-0.4013315193496636,0.6567513755189026,0.31376577204266376,0.46800292616992833,2.660383771146501
194,robotA,0.0,0.0,,,robotD,5.0,0.08720088954631217,-0.1621419428366531,0.6691686209494216,-1.0015395477857656,-0.19058235003900975,0.0012393967398028672,-0.5213854130602958,-1.481046578286832
194,robotB,0.0,0.0,,,,,0.14631092701878134,0.21259061418790295,-0.9968148118622244,,,-0.33818638217414854,-0.4818322012767321,1.5661324189100045
194,robotC,0.0,0.5,,,robotF,5.0,1.0910924421730501,-0.6016753207612296,-0.5054168120705603,-0.4596855413044927,-0.15377884872229122,0.07235497502323443,0.2426602538995866,1.8679889848602635
194,robotD,0.0,0.5,,,robotA,5.0,1.2999390949545924,-0.8555424757721978,0.8639286661325787,0.5192066327193301,0.25552123411618194,-0.12485884260459212,0.5632283569957157,2.994532577179909
194,robotE,0.0,0.5,,,robotE,3.0,0.7981211247864309,0.4837930326100418,-0.8159863078947651,0.3868646945466307,-0.5226282550278862,0.46270087783318026,0.38940336973467293,-0.16426000302671964
194,robotF,0.05,0.0,,,robotF,5.0,0.18163669344972583,-0.4334624493941939,0.8355235538404276,-0.3405078781029781,0.7025909816534188,0.2687319808968086,0.48806135124976124,2.7156650595684417
195,robotA,0.0,0.0,,,robotE,5.0,1.189427821813084,-0.17957919056406682,0.669138368833692,-0.7078750994656952,-0.05426483544490455,0.0012117442741217239,-0.5211119377800344,-1.4810463306561397
195,robotB,0.0,0.0,,,robotB,3.0,0.16805541932337015,0.16995435368107065,-0.9967563564266024,0.20748893447504568,-0.7376338291012019,-0.3381762203881742,-0.4820731490203882,1.5661993381203578
195,robotC,0.0,0.0,,,robotE,6.0,0.3354226095677135,-0.7166221280576718,-0.36939869334898817,-0.4650394709529575,0.009091030477880306,0.08716508717637428,0.24375584176693282,1.9964258972430189
195,robotD,0.0,0.0,,,robotC,5.0,1.5403925987811735,-0.8927525992556946,0.8712975617062546,-0.05958713019441864,0.4607359814716781,-0.15510200496340754,0.5617007918600784,-3.109560256312544
195,robotE,0.0,0.5,,,,,0.5472745285403975,0.04298185799067751,-0.9483676169752471,,,0.4547419813642067,0.3957243190618831,0.33167812917497963
195,robotF,0.05,0.0,,,robotF,4.0,0.19670864197555749,-0.4881271905504452,0.8326018597383128,-0.3922439563889466,0.6305474412908477,0.23634934142541109,0.47171566673599774,2.758036735695841
196,robotA,0.0,0.0,,,robotF,4.0,0.8958506817294797,-0.17944708483846228,0.6691384250621895,-0.6248285523583427,-0.393492223834425,0.0012661194792334281,-0.5216333153080268,-1.481067060218008
196,robotB,0.0,0.0,,,,,0.2618297904137513,0.1699322304180539,-0.9967560649831974,,,-0.3381819818283855,-0.48175173951697986,1.5661964151349825
196,robotC,0.0,0.0,,,robotE,5.0,0.39946940357509264,-0.7795702688278425,-0.23717342408434128,-0.46880319729335707,0.08714152296145367,0.08722798192486353,0.24343237702464499,1.9939265384484708
196,robotD,0.0,0.0,,,robotD,3.0,0.888693265325142,-0.7539258084171432,1.0154156365503397,-0.5972529726171835,0.8223744689967747,-0.12755820327255846,0.5514263262048296,-3.09927534020916
196,robotE,0.0,0.0,,,,,0.8590105129838052,-0.40348114063592866,-0.8591583758585225,,,0.47151948390513987,0.42368377928665424,0.7893831434430323
196,robotF,0.0,0.0,,,robotF,4.0,0.2491085789655917,-0.5382102826652896,0.8324110479851813,-0.448215813847331,0.6254413451417241,0.22282246170486691,0.476427760872178,2.851124868884516
197,robotA,0.0,0.0,,,robotE,5.0,1.1520780157583292,-0.17972852243274423,0.6691317537577808,-0.7121064609832023,-0.07522833457351757,0.0012166838854025639,-0.5211255900279467,-1.4810688394109273
197,robotB,0.0,0.0,,,robotD,4.0,0.2618575637984566,0.16978025522918577,-0.9967620584163338,0.1565608907674651,-1.4588008234984755,-0.33817860905288405,-0.48194582133458735,1.5661950330942016
197,robotC,0.0,0.0,,,robotE,5.0,0.44697843005166765,-0.7806201872293096,-0.23310819478820433,-0.4676860906855028,0.09094941836199054,0.0870816574733323,0.24371451136486944,1.9939187141486174
197,robotD,0.0,0.0,,,robotD,4.0,0.24796795184262876,-0.7415791183302595,1.0240129296252873,-0.6357077056738659,0.927565476186497,-0.12733443295333696,0.5514516401170311,-3.0993163384841877
197,robotE,0.0,0.0,,,,,1.1306479340903082,-0.7417528501527352,-0.5903570425517763,,,0.4372960445382157,0.4411815549216579,0.8265794542292318
197,robotF,0.0,0.0,,,robotC,4.0,0.25494616202460263,-0.4705664151815076,0.8794059020213715,-0.09661423048952712,0.22963103353528794,0.22361947771823648,0.47620415793890014,2.856778896814364
198,robotA,0.0,0.0,,,,,0.915299160954221,-0.1794710285927755,0.6691318270456841,,,0.0012655444179619723,-0.5216095989974507,-1.4810879379287836
198,robotB,0.0,0.0,,,,,0.462232915115104,0.1698618843748947,-0.9967593195349655,,,-0.3381794452185693,-0.48188364444348336,1.5661952576189198
198,robotC,0.0,0.0,,,robotE,5.0,0.45062279509428727,-0.780773330289056,-0.23314514169111372,-0.4671497469853823,0.09059431424721794,0.08720385718617343,0.24344787573274357,1.9939000377580536
198,robotD,0.0,0.0,,,robotA,4.0,0.14329867978455274,-0.7416842254600573,1.0240200711107554,0.5771342152819482,0.17679005155048624,-0.12874214998725486,0.5513845899535591,-3.099212995492208
198,robotE,0.0,0.0,,,robotE,2.0,1.1078236558752526,-0.7166923314712101,-0.6197629184774937,-0.33412046844906684,-0.06086117366280193,0.42973832028563497,0.42973194045548635,0.8248494173911609
198,robotF,0.0,0.0,,,robotF,3.0,0.7493662930728257,-0.4654470290987114,0.8819440012615358,-0.30937879429905635,0.6528855947051336,0.22280595981754403,0.47643346729998304,2.856743322458199
199,robotA,0.0,0.0,,,robotD,5.0,0.9151423419649626,-0.17973129028879803,0.6691251994983107,-0.8817930177506635,-0.5431800872902546,0.0012188605930431558,-0.5211373255218061,-1.4810958296214598
199,robotB,0.0,0.0,,,robotB,3.0,0.46223187868661547,0.1698490881053067,-0.9967599881974508,0.14381420545029752,-0.8339669889026804,-0.33818052196175935,-0.48179779629079544,1.5661951624261774
199,robotC,0.0,0.0,,,robotA,5.0,0.4506438906692719,-0.7806336250324604,-0.2331459742590219,0.01932591370002025,0.3775844612773488,0.08712612368080791,0.2436147314552815,1.9939147332520153
199,robotD,0.0,0.0,,,robotD,3.0,1.5680337351542308,-0.7423172200092453,1.0240076767742172,-0.5943602765098032,0.8508438560381384,-0.12809756448218335,0.5514124910126947,-3.099261052073073
199,robotE,0.0,0.0,,,robotE,2.0,0.6776891736549622,-0.7171841767667451,-0.6199003596408997,-0.33989783939050294,-0.06328538767332108,0.43030751998494343,0.4303474584343847,0.8249673253928504
199,robotF,0.0,0.0,,,robotC,3.0,0.27740678877544506,-0.4658826339150448,0.8819294216120324,-0.09555345983974213,0.2315531593256518,0.22341124282611458,0.4762595769383371,2.856761372222648
200,robotA,0.0,0.0,,,robotE,4.0,1.4010320180964626,-0.1795054914318478,0.6691247201358506,-0.6961022079900153,-0.07411014591440858,0.0012614136406245,-0.521566916768277,-1.4811116579541783
200,robotB,0.0,0.0,,,robotB,3.0,0.1648522942092092,0.16978132119751527,-0.9967613002461984,0.22780581631838107,-0.7752123061638011,-0.33817913541722144,-0.48200193873508484,1.5661952455329793
200,robotC,0.0,0.0,,,robotE,5.0,1.0065080452073922,-0.780716640864571,-0.2331449026417026,-0.46555648850893755,0.09027722812306055,0.08713805443845853,0.24359129071519992,1.9939125254600703
200,robotD,0.0,0.0,,,robotA,4.0,0.22751989429343225,-0.741940593327366,1.0240066476168213,0.575252709484573,0.17869554997112497,-0.12689132685889784,0.5514708522923848,-3.0993681786568272
200,robotE,0.0,0.0,,,,,0.6726204829491778,-0.7175275046111291,-0.6198949007326497,,,0.42947905155342236,0.4294473426826262,0.8248137574587028
200,robotF,0.0,0.0,,,robotC,3.0,0.7482564169622083,-0.4655457003323247,0.8819325928107529,-0.09404609411028429,0.23139267613407535,0.22296970579522501,0.47638228619763157,2.8567555041472135
201,robotA,0.0,0.0,,,robotF,5.0,0.9050136300804156,-0.1797126799805618,0.6691203203566567,-0.8091642179244308,-0.20953056317209673,0.001226105821064067,-0.5212049607012563,-1.4811130382956517
201,robotB,0.0,0.0,,,,,0.22898856397559803,0.16990425370760498,-0.9967595279447047,,,-0.338181384790883,-0.4817419609717362,1.5661952477777794
201,robotC,0.0,0.0,,,robotE,5.0,0.4515840680298046,-0.7807169687009159,-0.23314516167626786,-0.46856369648322305,0.090882922692612,0.08723077156012311,0.24338415808499309,1.9938985354706333
201,robotD,0.0,0.0,,,robotA,4.0,1.5647044477027168,-0.7414676716915848,1.0240046333577746,0.5778479364541683,0.1740658536896922,-0.12848478849091327,0.5513894176669489,-3.099252098783975
201,robotE,0.0,0.0,,,robotA,4.0,0.672222309782288,-0.7168334599702533,-0.6198843202155898,-0.4850259867855944,0.4225766881885091,0.4294149467318107,0.42937152981147464,0.8248086640752791
201,robotF,0.0,0.0,,,robotF,4.0,0.7492782045207874,-0.46582125437351185,0.8819317279834986,-0.4052692869931544,0.6964190610980193,0.2232126137589161,0.4763119481126553,2.856763282595701
202,robotA,0.0,0.0,,,robotE,4.0,1.0809340811059622,-0.1795673601806575,0.6691196996831292,-0.7055215667144754,-0.07207466680294303,0.0012535999832975356,-0.5214607453087562,-1.481125644835223
202,robotB,0.0,0.0,,,robotA,4.0,0.22902530693584,0.1697681565632032,-0.9967618971523604,0.021613314161881367,-0.6223111603781055,-0.338180562389508,-0.48212517179492126,1.5661959283033267
202,robotC,0.0,0.0,,,robotE,5.0,0.44982986610235354,-0.7805770516025535,-0.23314574064574128,-0.46359106020618,0.08960670019058603,0.08703250235162308,0.24381181645449462,1.9939317041939948
202,robotD,0.0,0.0,,,robotA,4.0,1.5700317935422443,-0.7422375418647109,1.0239918285046126,0.5763727434315775,0.1820876872092198,-0.1281664418911875,0.5513986779181479,-3.099279944540359
202,robotE,0.0,0.0,,,robotB,3.0,1.0679575886307355,-0.7169667796319737,-0.6198900401667743,-0.6225368284536976,0.32174147988681234,0.4301883147772032,0.43021166487751317,0.8249793023054764
202,robotF,0.0,0.0,,,robotC,3.0,0.1950899898332477,-0.46564197891628356,0.8819325166830297,-0.09011956113357696,0.2307818231969181,0.22312806050409006,0.47633618009025813,2.856761576861708
203,robotA,0.0,0.0,,,robotE,5.0,0.9087936484263812,-0.1796481710008914,0.6691156374380105,-0.7090458163678033,-0.06910412341178164,0.0012405323633472832,-0.5213385183171357,-1.4811322820019988
203,robotB,0.0,0.0,,,,,0.40275387209197655,0.16993391578680883,-0.9967596623362516,,,-0.33817977907115954,-0.4814883098333147,1.5661926251749632
203,robotC,0.0,0.0,,,robotE,5.0,0.4525688708393237,-0.7808439430920615,-0.23314582288766594,-0.46851328208559045,0.09070483606857345,0.0872284751957285,0.24339470297417903,1.9938957892769513
203,robotD,0.0,0.0,,,robotA,4.0,1.5642636207404226,-0.7420067294045342,1.0239880618238846,0.5778627618110689,0.1823888560873383,-0.12685366860696873,0.5514635935023801,-3.099373794792883
203,robotE,0.0,0.0,,,,,0.9463973468967224,-0.7174531042745211,-0.619884156338891,,,0.4295551822225694,0.4295345285631066,0.8248608679276992
203,robotF,0.0,0.0,,,robotF,4.0,0.7517255648709747,-0.46574474653452064,0.8819323779637038,-0.3315252141264307,0.6691644893581263,0.22309414021729917,0.47634550735174586,2.85676313750248
204,robotA,0.0,0.5,,,robotD,5.0,1.3911227441068266,-0.17966214556473664,0.6691141426952781,-0.8855440964627193,-0.5296156686332653,0.005356525396977666,-0.5405021180378075,-1.3474496185009501
204,robotB,0.05,0.0,,,robotB,4.0,0.40265332414827026,0.16965368952421908,-0.9967624211721242,0.20337261998925565,-0.9037592110824496,-0.3381677119003561,-0.47942379615246655,1.5661896840165115
204,robotC,0.0,0.0,,,robotE,5.0,0.45003165193514894,-0.7805844992678007,-0.2331474447836624,-0.4681260126327144,0.09073244325076099,0.08704259286807102,0.243790233772817,1.9939315511102464
204,robotD,0.0,0.0,,,robotA,4.0,1.5702994145027505,-0.74145787210099,1.0239921315466003,0.579219912205492,0.1744920189939286,-0.1283362485455227,0.55139368331773,-3.0992685209187276
204,robotE,0.0,0.0,,,robotA,4.0,1.067539343127261,-0.7169021115218869,-0.619874629109443,-0.48448510493132807,0.4220575107979829,0.4293145598491602,0.4292702689263185,0.8248129646567848
204,robotF,0.0,0.0,,,robotF,4.0,0.19627534681278633,-0.46568416831172776,0.8819331738659183,-0.4046526759507764,0.6953878209174337,0.2232527861170151,0.47630065909320274,2.8567651279366846
205,robotA,0.0,0.5,,,robotE,5.0,1.4446584853380136,-0.10726864441423392,0.6874814762150205,-0.7099627986524943,0.03325359581305285,0.0050455844159320445,-0.5391348846388143,-0.9115251442836626
205,robotB,0.05,0.0,,,,,0.10144101043859269,0.16283026923489663,-0.9967462875722134,,,-0.3379343758314191,-0.4294929760749105,1.5658663135114765
205,robotC,0.05,0.0,,,robotE,5.0,0.45020005768609733,-0.7808279009998496,-0.23314657884266365,-0.47221410128743035,0.09149875868550757,0.07840215458965565,0.26036051428277934,2.079742879922747
205,robotD,0.05,0.0,,,robotA,4.0,1.570895007568906,-0.7421669455146791,1.0239906340895186,0.5820849283564303,0.18391672283506685,-0.13086993811388828,0.5512846728033146,-3.0992064153218966
205,robotE,0.0,0.0,,,robotE,2.0,1.0675411059599462,-0.7169138734516144,-0.6198738115444872,-0.3331572130534393,-0.060793321056356375,0.43006827302764383,0.43009338730439084,0.8249725707075344
205,robotF,0.0,0.0,,,robotC,3.0,0.19627898394852136,-0.4656958377413012,0.8819331825281682,-0.08758435133773182,0.22711833990271932,0.22306978834869584,0.4763528101882766,2.856764233049641
206,robotA,0.05,0.0,,,robotE,5.0,1.1051365537870346,0.1949329173324178,0.6676750217662093,-0.6649993183208193,0.2912285246114879,0.0052514212266735385,-0.5180177206883424,-0.4446968604186089
206,robotB,0.05,0.0,,,robotF,4.0,0.12981712992656536,0.11275408820954923,-0.9967149474329358,0.5009797783406048,0.1380533544877887,-0.3376567874696899,-0.3757551733929913,1.5655118093354277
206,robotC,0.05,0.0,,,robotE,4.0,0.4341440321417724,-0.8194804219427516,-0.16905285459453323,-0.45587374873679476,0.1317919782351205,0.08153311252090761,0.2724490021125456,2.409196929997369
206,robotD,0.05,0.0,,,robotE,4.0,1.57477134141433,-0.7498555661379992,1.0240591493710822,-0.30799962758387733,0.5846109176190641,-0.18405101903584534,0.5490495761578833,-3.0998245597631446
206,robotE,0.0,0.5,,,,,0.6783766675973869,-0.7173784174812544,-0.6198719999635157,,,0.42909000405883646,0.42907450959277027,0.8347394213687994
206,robotF,0.05,0.0,,,robotF,4.0,0.7561408817293281,-0.46569214707880463,0.8819339840516913,-0.40994828970233455,0.7128632266201467,0.2027782694314047,0.48229882974448457,2.8564418947923875
207,robotA,0.05,0.0,,,robotF,5.0,1.1434899579792472,0.4562886120125794,0.5154664814520368,-0.8102637774210257,0.3246219282869683,0.05985235364189063,-0.5339360398099051,-0.3516918875033481
207,robotB,0.05,0.0,,,,,1.216341641900263,0.06295820938341763,-0.9966818987536499,,,-0.3373877340379794,-0.3259152128023549,1.5651942887262522
207,robotC,0.05,0.0,,,robotB,5.0,0.37836475007058584,-0.8337779044232196,0.15045566519422063,-0.25927076117610737,-0.22370330970722574,0.055848718493761516,0.2944487898449641,2.524614993073007
207,robotD,0.05,0.0,,,robotE,4.0,0.659711386220014,-0.8004382110474658,1.023613599415778,-0.32430752480337455,0.5694597163280343,-0.2344966538071625,0.5469380870135521,-3.099946586588593
207,robotE,0.0,0.5,,,robotA,4.0,0.6739792322125658,-0.7275491734679423,-0.6073305906128295,-0.4769188778371244,0.4112198759487803,0.4281010702269311,0.42813959881816477,1.3180321290094439
207,robotF,0.05,0.0,,,,,0.18860666311951205,-0.4939091672975592,0.8817508946321031,,,0.14883675578105304,0.498107764712134,2.8562694601663368
208,robotA,0.05,0.0,,,robotF,5.0,1.2206608703691557,0.4478306689073588,0.48536204572453706,-0.7674711320377468,0.3711057851959898,0.07860379882958962,-0.5365167861920296,-0.014654750270599596
208,robotB,0.05,0.0,,,robotD,4.0,0.36505552005009434,0.012998529884677361,-0.996670809382256,0.1039208159650612,-1.350222319933352,-0.3421969563720623,-0.3013145298489739,1.5579855809376781
208,robotC,0.0,0.5,,,robotC,5.0,0.7675289148705553,-0.8414317166179974,0.27648591160942554,-0.610951054189158,0.1539673703735657,0.024120341531919026,0.31718438163703505,2.546618370121924
208,robotD,0.05,0.0,,,robotA,4.0,1.1759228420606676,-0.851282449898876,1.0234370613477903,-0.01186113713205913,0.1999284759931072,-0.2845818736837781,0.54485495901853,-3.10018979993469
208,robotE,0.0,0.5,,,robotE,4.0,0.7490037273562649,-0.9277128225011847,-0.1869367950395102,-0.779183339341131,-0.19565170178056968,0.49389024800408127,0.4731500259905571,1.7836802647181573
208,robotF,0.0,0.5,,,robotF,4.0,0.7087241287000293,-0.5440041159253247,0.8816867186279678,-0.15150185449235984,0.29157497889419126,0.10338910506826338,0.5114507532132349,2.8563939620616146
209,robotA,0.05,0.0,,,robotF,5.0,1.3333454089616616,0.5645884569455325,0.3125632280530217,-0.4545077306022858,0.8208731285544258,0.1296479252695985,-0.5414822777104692,-0.05515603871518611
209,robotB,0.05,0.0,,,robotC,2.0,0.3801826996918315,-0.035872882362905326,-0.9966737277246448,0.3589669616740886,0.36874370610176227,-0.34155659826431384,-0.25158501688965834,1.557713012279145
209,robotC,0.05,0.0,,,robotC,5.0,0.2962216469415541,-0.8734391345334789,0.2912527366509662,-0.6355479259905185,0.19322253291330974,0.0016996327119867295,0.323539194368006,2.7915126330593076
209,robotD,0.05,0.0,,,robotC,4.0,1.2114819762451479,-0.9005568925739061,1.0232804256637773,-0.27704302935797026,-0.17546137188839236,-0.3335850117123238,0.5428360459649652,-3.1007246520940104
209,robotE,0.0,0.5,,,robotE,2.0,0.48383536605837213,-0.9052131603355843,0.27148119758420963,-0.5008865130244301,0.1347963293933143,0.4283599190558953,0.4084417668235561,2.2844535157945356
209,robotF,0.05,0.0,,,robotB,4.0,0.7357809742634719,-0.5905832393335656,0.8819826173729232,0.6351791080138365,0.46111940484349623,0.06288089926841356,0.5187727201131038,2.9497903917862525
210,robotA,0.05,0.0,,,robotA,6.0,1.0715222131402693,0.5009826694576802,0.33590101734980543,0.41451412143563415,0.4366601497598423,0.17881452098467335,-0.5441793222527054,-0.05569171086516091
210,robotB,0.05,0.0,,,robotB,4.0,1.436046837828847,-0.0857974289223769,-0.9966921793559129,0.07726154352707659,-0.7456732459581183,-0.3409060968677551,-0.20265207737236243,1.5573636293113045
210,robotC,0.05,0.0,,,robotE,5.0,0.33324140095586585,-0.822363904961464,0.46917474129757925,-0.5015933577239164,0.19556184127781862,-0.04366082726055785,0.3531351364982322,2.7994325581865946
210,robotD,0.05,0.0,,,robotA,4.0,1.3747942338753603,-0.9510202218318144,1.0227931626417355,0.37378123856605183,0.33558399871612205,-0.38356621783345834,0.5407952945709799,-3.100825006190567
210,robotE,0.0,0.5,,,robotD,4.0,0.5542498801202693,-0.6717631059546024,0.6620478060170494,-0.07715780634880916,0.5957759081729741,0.43363779860291213,0.33932312264297937,2.6981723037783905
210,robotF,0.05,0.0,,,robotF,4.0,1.2732540861198656,-0.5473289246740469,0.9331900779948433,0.7575874064150312,-0.37529619295656413,0.07939585880370506,0.4993964427868073,2.9740241075142833
211,robotA,0.05,0.0,,,robotF,5.0,0.10687209391881561,0.4507917992487092,0.33613366294625246,-0.05134565998336138,0.8979528357493362,0.22793981050690404,-0.5469084214439404,-0.055940271812444146
211,robotB,0.05,0.0,,,robotB,2.0,0.32894502280971377,-0.13528217592951658,-0.996730998976901,-0.038146782793182184,-0.590544590854601,-0.34022010221595395,-0.15141274276504965,1.557154988791531
211,robotC,0.05,0.0,,,robotC,5.0,0.4638373505550917,-0.8614323390181792,0.48824083832248916,-0.6174585029195296,0.37389282323664796,-0.08109479373729023,0.36304559152182847,2.889598863643467
211,robotD,0.05,0.0,,,robotD,4.0,1.5374134040583596,-1.0015811701483959,1.0226198199609136,-0.41806739397532694,0.4447420066974867,-0.3869516298834811,0.5529814309065988,-3.1108141104118543
211,robotE,0.05,0.0,,,robotD,4.0,0.3661735778724466,-0.28202767726275124,0.8992745492302504,1.1922541262236506,0.3791499522482298,0.46832916321459417,0.40852422472646016,3.0585258934617805
211,robotF,0.05,0.0,,,robotE,4.0,1.8806815929001872,-0.5878794107792634,0.938736644419519,0.064757433605462,0.27665871252181434,0.029353834729233752,0.5078588761398581,2.973841691989278
212,robotA,0.05,0.0,,,robotE,5.0,0.7210828305737977,0.4007840303281835,0.33622408298061174,-0.8723142496056187,-0.23143259386701256,0.27730213239867274,-0.549675211170266,-0.05634847284412116
212,robotB,0.05,0.0,,,robotB,4.0,0.43201693517285633,-0.18519192190100872,-0.9967666475439293,-0.10389445734861301,-0.8089173582264848,-0.3395363410991588,-0.10222463816202783,1.5567403153131487
212,robotC,0.05,0.0,,,robotD,5.0,0.3029499139471775,-0.8550683024090757,0.5618296039559633,0.5441038143369232,0.23713126162198378,-0.11968970664865164,0.37030215259275867,3.0386892661517155
212,robotD,0.05,0.0,,,robotE,4.0,0.8570536474493108,-1.0511932418884602,1.0224033394093481,-0.5359708189119129,-0.1439844190392603,-0.438683214451636,0.5513963536405418,-3.1112626921177644
212,robotE,0.05,0.0,,,robotD,4.0,1.3383012333274926,-0.021895782326845116,0.9420799573933728,0.5383436701025508,0.975235600884449,0.42948335711884233,0.42667609671066287,3.04656323635448
212,robotF,0.05,0.0,,,robotF,4.0,0.9653727897781708,-0.6379219508606736,0.9386151354760608,0.865960269675575,0.03605155986897471,-0.01956418221772875,0.5161522112625766,2.9734898120453352
213,robotA,0.05,0.0,,,robotA,5.0,1.348232295126526,0.3505195585135052,0.3363770567581081,0.3573030929089796,0.3098929821287695,0.32623957603224524,-0.5524413253745374,-0.0566398494605341
213,robotB,0.05,0.0,,,robotB,4.0,0.22899777329981627,-0.23473890225032487,-0.9968527498232699,-0.1401600991163304,-0.8078020382818594,-0.3340021806867651,-0.0659517775656834,1.5354588738072819
213,robotC,0.05,0.0,,,robotC,5.0,1.4198931352329796,-0.8039380378816373,0.683090542441313,-0.9186277797538015,-0.20562761618733574,-0.14471117122777014,0.35557486383279086,3.1307811392939047
213,robotD,0.0,0.5,,,robotE,4.0,1.2960852527640925,-1.1020697226519862,1.0219353953634494,-0.17934746764611376,-0.22602655355322418,-0.47736667393594745,0.5502268853047858,-3.0818504805365086
213,robotE,0.05,0.0,,,,,0.6153955794563933,-0.07616053133891591,0.9421250946174731,,,0.3776243504405311,0.4315911198367608,3.046204807267507
213,robotF,0.05,0.0,,,robotE,4.0,1.7973126229952894,-0.6884346014187523,0.938375919228654,-0.4306240277108597,0.33940933454509936,-0.06779777765985351,0.5243462537533763,2.9731971846953535
214,robotA,0.0,0.0,,,robotF,5.0,0.0626206236005096,0.30059924905281327,0.3364639548631691,-0.9093091398680737,0.19906003624044677,0.3158762175929146,-0.5559756613144452,-0.04463502619041515
214,robotB,0.0,0.0,,,robotA,4.0,0.2378871896534637,-0.28448365525162933,-0.9969078979099636,0.01069669224472547,-0.35244574457277794,-0.33241001561909755,-0.021028005927046005,1.5350509868617703
214,robotC,0.05,0.0,,,robotC,5.0,0.9488932336515576,-0.7953656525071431,0.735225622557336,-0.41055389115712343,0.445283403125068,-0.16137787087719221,0.3522772962592049,-2.7915539867770174
214,robotD,0.0,0.5,,,robotA,5.0,1.5874516333313775,-1.0880322411305448,1.0756241947675405,0.0076552447751086295,0.13936920214337797,-0.4835661477440981,0.5464264012637343,-2.5987693217659036
214,robotE,0.05,0.0,,,robotA,4.0,0.6660409233984409,-0.12687098771943808,0.9420697952976388,0.3720640602445247,-0.013735984365384745,0.32948198170738396,0.43620661564886254,3.0460502127201314
214,robotF,0.05,0.0,,,robotE,4.0,0.6732799949952819,-0.7385161594412082,0.9381650333734183,-0.0003416761663649472,0.28766768968461626,-0.11676810453538666,0.5326816087236472,2.972844669127321
215,robotA,0.0,0.0,,,robotD,5.0,1.2007034526302827,0.2834978347195582,0.33653840738799135,0.34068870667155193,1.7335050984095186,0.3156117783849004,-0.5559681295160471,-0.044625996350516645
215,robotB,0.0,0.0,,,robotB,4.0,0.7275345750926268,-0.3266850915196661,-0.9970231952636676,-0.23274701737206174,-0.7879044676968088,-0.33240908933649294,-0.021189395384168815,1.5350411248004718
215,robotC,0.0,0.0,,,robotE,5.0,0.5336336299458934,-0.5020429794704756,0.9710158424217338,0.2087220831555698,-0.13798759285443646,-0.1800484848187675,0.33972260360417,-2.762173773323881
215,robotD,0.0,0.0,,,robotB,5.0,1.4046558447930395,-0.491492507317684,1.452346568243784,0.4021869228355641,0.2107903972465833,-0.43786917824438176,0.5417260436340063,-2.1925754511722864
215,robotE,0.05,0.0,,,robotE,4.0,1.102043732358864,-0.17656528050492423,0.9420392164534482,-0.20561090797277687,0.7991100851410062,0.2799403362427198,0.4409596214329019,3.045500709178861
215,robotF,0.0,0.5,,,,,1.0221769480468286,-0.7890543371960295,0.9378815402367516,,,-0.06134014462178662,0.522492749486991,-3.104796293490896
216,robotA,0.0,0.0,,,robotA,5.0,1.3981335239050157,0.28356869773705556,0.3365388657301527,0.26953257781231654,0.30219164028217377,0.31592382592944296,-0.5559781519273987,-0.04460673082477785
216,robotB,0.0,0.0,,,robotE,4.0,0.22923491069047025,-0.32663862347045736,-0.9970288579135687,0.5288538857771846,-0.3734082450503356,-0.33240166277535965,-0.02087617059301716,1.5350440324222652
216,robotC,0.0,0.0,,,robotC,5.0,1.3266398086252762,-0.5143628218641569,0.9742720000293121,-0.6602155547861095,-0.7552938419830589,-0.17979002790717274,0.33971262863809576,-2.7738359180316543
216,robotD,0.0,0.0,,,robotA,4.0,1.348608855443824,0.11588169038839431,1.5286580532936056,0.06445815272891739,0.09912282811497887,-0.41196093787928467,0.5394177674603458,-2.2288202743369845
216,robotE,0.0,0.0,,,robotE,4.0,0.14446877766956745,-0.22735062713015983,0.9419337958206304,-0.25704218865467643,0.794481625875002,0.23355207866884226,0.44543030157807284,3.045298176497134
216,robotF,0.0,0.0,,,robotF,3.0,0.9939010646899389,-0.5646318624828587,1.1058461005576308,-0.24009794993174147,0.45103075646006924,-0.06802187800303688,0.5143756289474646,-3.0103653968589765
217,robotA,0.0,0.0,,,robotA,5.0,0.037048410874626105,0.28343722917080044,0.33653178324830196,0.26897377656998483,0.3009231583093873,0.3157764567415667,-0.5559727804006033,-0.044611611291421896
217,robotB,0.0,0.0,,,robotE,4.0,1.0587950107776984,-0.32679763399823253,-0.9970326124011994,0.5462896505638051,-0.34834725612508904,-0.3324085406278653,-0.021179092472924245,1.5350340961270041
217,robotC,0.0,0.0,,,robotC,5.0,1.731441764436527,-0.5210260897706143,0.9705441795194731,-0.11235742451736683,-0.4345707310312443,-0.18004813308842837,0.33960096069304435,-2.773853863071025
217,robotD,0.0,0.0,,,robotD,4.0,1.4324994007536132,0.06662219666293118,1.5316205942819325,0.1021197966719367,1.2651137897536677,-0.41212706978290725,0.5391181140878054,-2.2289707320222565
217,robotE,0.0,0.0,,,robotE,4.0,0.1479654788973943,-0.2700199470011714,0.9418768793048031,-0.19283830376656114,0.7812919605942809,0.31720420904119956,0.44142583678728364,3.042010195213433
217,robotF,0.0,0.0,,,robotF,4.0,0.7381599206132977,-0.4966655863243981,1.143167387737244,-0.3553902188528377,0.9083582748434578,-0.06182437207059154,0.504969850619047,-3.0054286111413364
218,robotA,0.0,0.0,,,robotA,5.0,0.03845604870694305,0.28349476149052794,0.33653226780524714,0.2652145587707668,0.28968304845447324,0.31573526723688006,-0.555971295646241,-0.04461173991119439
218,robotB,0.0,0.0,,,robotB,4.0,1.0875886694991148,-0.32666982999364813,-0.9970312002209146,-0.2541222000478234,-0.740001212294058,-0.33240304323727965,-0.020943174169748207,1.535037690659451
218,robotC,0.0,0.0,,,robotE,5.0,1.463364739100608,-0.5212245047423875,0.9705143448098085,0.1955564443963438,-0.16458065917842893,-0.1797261659320765,0.33971692839236706,-2.7738791823516196
218,robotD,0.0,0.0,,,robotD,4.0,0.2688897889982736,0.06611284654053873,1.5315818331843412,0.10221108978391397,1.2628502858085828,-0.4122082580058737,0.5390091683806344,-2.228978001384255
218,robotE,0.0,0.0,,,,,0.17811303244533705,-0.2698640030095143,0.941888641702602,,,0.3164302557463365,0.44149275550168454,3.0420452002924163
218,robotF,0.0,0.0,,,robotF,4.0,0.2742361657542086,-0.4982526069855513,1.1424433291818066,-0.3572629436059782,0.892551522669123,-0.06168237509101042,0.5049850840975552,-3.005466043428799
219,robotA,0.0,0.0,,,robotD,5.0,0.050298887571052914,0.2835208754769334,0.33653234791069714,-1.3375192341346016,0.99484735965699,0.31590400607782765,-0.5559767633953527,-0.04460509371715396
219,robotB,0.0,0.0,,,robotB,4.0,0.2670961133548003,-0.326751498113606,-0.9970329590330788,-0.2516900518048467,-0.7326554373053604,-0.33240466965615745,-0.021005575453143834,1.535035119635628
219,robotC,0.0,0.0,,,robotE,5.0,1.3423649924117222,-0.521054770536244,0.9705017781297005,0.19668782314011332,-0.1606689381170197,-0.18005159564682063,0.33958716068981043,-2.773866044142481
219,robotD,0.0,0.0,,,robotC,4.0,0.2711443145578255,0.06612136231401528,1.5315820682389114,0.17071402061991328,0.45649735714220446,-0.4118824212769633,0.5394470460929637,-2.2289704491963582
219,robotE,0.0,0.0,,,robotE,4.0,0.17824158998432588,-0.27016676146386653,0.941885777506068,-0.21304386757874616,0.7987206940011142,0.3172505623497564,0.4414167585881681,3.0420223434506597
219,robotF,0.0,0.0,,,robotF,4.0,0.28685616116354856,-0.49815095280601107,1.1424255430496724,-0.36112589669305073,0.8899418924224697,-0.06211368291490885,0.5049155180477971,-3.0054265090319583
220,robotA,0.0,0.0,,,robotA,5.0,1.749529046648943,0.2834280947676455,0.3365300790141154,0.27644428721832937,0.31740096505047477,0.31546210582263917,-0.5559647374139156,-0.04462657590711366
220,robotB,0.0,0.0,,,robotB,4.0,0.27482572496323193,-0.32674655001862357,-0.9970333886883216,-0.2548824330493676,-0.7311304882707673,-0.3324115874490483,-0.02127848798189237,1.535028065965035
220,robotC,0.0,0.0,,,robotE,5.0,1.3397488057904656,-0.5212244710567641,0.9704936498684366,0.1951486389238068,-0.1625006146792103,-0.17977594882226727,0.33970046635554696,-2.7738911751675452
220,robotD,0.0,0.0,,,robotC,4.0,1.0801468563167322,0.06633066004821005,1.5315886766340312,0.1757137091550851,0.4509915123832819,-0.4122632189911277,0.5389417193933488,-2.228986744591847
220,robotE,0.0,0.0,,,robotA,3.0,0.1539985549456721,-0.26977585734182885,0.9418885544407978,0.07711293862723392,-0.1431732747639211,0.31646454918417966,0.44148870892033143,3.042051240083558
220,robotF,0.0,0.0,,,robotF,4.0,0.28738428567471586,-0.4983987323872133,1.1424213890816048,-0.36350219740148254,0.9090052558657296,-0.06161914451967938,0.5049881819100224,-3.005480215532546
221,robotA,0.0,0.0,,,robotD,5.0,0.02044798175448473,0.28365115845396555,0.3365368205271631,-1.3303167218505727,0.9890874831545732,0.3161927932747539,-0.5559906095432476,-0.0445877592751516
221,robotB,0.0,0.0,,,robotB,4.0,0.2754029149525853,-0.32659819150321884,-0.9970320030347299,-0.25105527729007104,-0.7309420742934162,-0.33239829247408104,-0.020708898459765094,1.5350295031791525
221,robotC,0.0,0.0,,,robotE,5.0,1.3404143577342136,-0.5211141671847516,0.9704946381817707,0.1982108835181726,-0.16196130849530918,-0.17993774110528168,0.33963323926752814,-2.773884783012026
221,robotD,0.0,0.0,,,robotC,4.0,1.0861445939774652,0.06602721154584254,1.5315834572304987,0.17190710636290646,0.46046465557452676,-0.41176572134335265,0.5395951620401559,-2.2289699037586126
221,robotE,0.0,0.0,,,robotE,4.0,1.1392788299617675,-0.27016411958613534,0.9418865840631035,-0.21137765065361805,0.7997039697056939,0.3171443171622893,0.44142944684117646,3.042029520989101
221,robotF,0.0,0.0,,,robotF,4.0,0.2694694272840348,-0.49815184704047194,1.1424217164954014,-0.36202638918118735,0.8916241800108295,-0.06208840007771193,0.504920318388647,-3.005426348228974
222,robotA,0.0,0.0,,,robotA,5.0,1.7405617424663797,0.28328768884325956,0.33652638630079174,0.2751143588970102,0.31764699185489,0.3155219420342289,-0.5559615197733908,-0.04459878478578191
222,robotB,0.0,0.0,,,robotB,4.0,0.27669066798624414,-0.32688070154506443,-0.9970402343532412,-0.2545392294333383,-0.7309325463235536,-0.3324121087631078,-0.02118619307844444,1.5350081449649549
222,robotC,0.0,0.0,,,robotE,5.0,1.3416185348769625,-0.5211608087289759,0.9704894239954609,0.1970266839719378,-0.16393321288152968,-0.17991369275849625,0.3396400415339846,-2.773886516297238
222,robotD,0.0,0.0,,,robotC,4.0,1.0763032553636782,0.06643368521463659,1.5315874566285101,0.17582220182398386,0.4522013425593448,-0.41224692413688535,0.538962577077727,-2.228987318835675
222,robotE,0.0,0.0,,,robotE,4.0,0.15372636375043286,-0.2698171496400431,0.9418891302188291,-0.214787500941858,0.8042328896891495,0.31656777643370193,0.4414788488856354,3.042055641499307
222,robotF,0.0,0.0,,,robotF,4.0,0.28547122870276065,-0.4983857499963475,1.1424227986975057,-0.3682598759710429,0.9065860251089781,-0.061615220448834565,0.5049864226294949,-3.0054784659933986
223,robotA,0.0,0.0,,,robotD,5.0,0.020713466741760826,0.28363934962174336,0.33652481581861116,-1.3279966707905,0.9870612263623497,0.316120429818895,-0.5559824296544823,-0.044579325516757105
223,robotB,0.0,0.0,,,robotB,4.0,0.2756960486760927,-0.3266095160007701,-0.9970418942422218,-0.25027745444760874,-0.7289041372271645,-0.3323965436834496,-0.020765069751486127,1.5350117465638524
223,robotC,0.0,0.0,,,robotE,5.0,1.3426687238255317,-0.5211983832461995,0.9704882496969884,0.19672532836294146,-0.16219350527263315,-0.17973712086247307,0.33971102117851204,-2.773909228764871
223,robotD,0.0,0.0,,,robotD,4.0,1.0849512286224876,0.066035520200601,1.5315835978459376,0.1080618291445031,1.2591588608339277,-0.41181020583254146,0.5395371607492246,-2.228974803899081
223,robotE,0.0,0.0,,,robotE,4.0,0.14835734027348466,-0.2701148038604357,0.9418874935525089,-0.2120805963962766,0.8024645278110772,0.31701871454815894,0.44143617746261987,3.042041504673839
223,robotF,0.0,0.0,,,robotF,4.0,0.2692353957261589,-0.49814347876977183,1.1424206028024186,-0.3619456907275,0.9057153053515934,-0.06206793789409443,0.5049144106954253,-3.0054226220724747
224,robotA,0.05,0.0,,,robotD,5.0,1.7086557737241692,0.2502754469565869,0.3365731827320197,-1.3730068834341689,0.983899159298401,0.3454113322427053,-0.557290484145595,-0.04478278545857425
224,robotB,0.0,0.5,,,robotB,4.0,0.27611676060024776,-0.34419006969287447,-0.9911456290522057,-0.2507881921116607,-0.7304365550236264,-0.33244484931318885,-0.021217071183936127,1.5452334109857302
224,robotC,0.0,0.0,,,robotE,5.0,1.3409753327060063,-0.5210898511682671,0.9704830641683363,0.19744767998676846,-0.1626457201200551,-0.18004882485499973,0.3395860729825808,-2.7738933704415816
224,robotD,0.0,0.0,,,robotC,3.0,0.2755940606275462,0.06640923273815047,1.5315871036168467,0.17333778672786104,0.4578332280976485,-0.41218146056859184,0.5390419866804531,-2.2289912967581085
224,robotE,0.0,0.0,,,robotE,4.0,0.1509203807910863,-0.2698556699027398,0.9418883500920965,-0.21454897288755656,0.8036547611072933,0.31666681321368756,0.44146714415371435,3.0420541121751516
224,robotF,0.0,0.0,,,robotF,4.0,0.2732024441281463,-0.49836639551572154,1.1424196922620977,-0.3671447069678499,0.9146424697517858,-0.06164302969046582,0.5049760408114061,-3.0054668576035803
225,robotA,0.05,0.0,,,,,,,,,,0.39518585445558585,-0.5595271416995994,-0.04513924407001419
225,robotB,0.0,0.5,,,,,,,,,,-0.3323699965447108,-0.022371957600795203,2.0450418467416562
225,robotC,0.0,0.5,,,robotE,5.0,1.3418317307571601,-0.5212596522030006,0.9704792351798538,0.19486247293515355,-0.16533802442345238,-0.188671861780104,0.3357223566647121,-2.6282589175465834
225,robotD,0.0,0.5,,,,,1.0845173410202946,0.06606538331942018,1.531583143645648,,,-0.41182961187168576,0.5394517574251017,-2.218244526198413
225,robotE,0.0,0.0,,,robotE,4.0,0.14896769596205864,-0.27007617451796323,0.9418868280069116,-0.21744226219276752,0.8006758742229749,0.3169648491302911,0.44144001809755296,3.042045089541422
225,robotF,0.0,0.0,,,,,0.2727186112111069,-0.49815808361776337,1.1424200574333694,,,-0.06199876095372682,0.5049220236654111,-3.0054264015419063
226,robotA,0.05,0.0,,,robotE,4.0,1.7008275624764722,0.19985277687838948,0.3366535442177571,-0.9445548558157463,-0.5392219982849535,0.4439187113631603,-0.5617366877953307,-0.0453902401710322
226,robotB,0.05,0.0,,,robotD,4.0,0.5377383006919085,-0.7872015356900186,-0.6927111675225281,0.7842822348514504,-0.6597185344466648,-0.3588728860720212,0.008188784755831322,2.310904928271117
226,robotC,0.0,0.5,,,robotE,5.0,1.3326347798626297,-0.36762138110680376,1.0427709816027528,0.16876719825336584,-0.18617443374663298,-0.1899944456907084,0.33424466577273515,-2.098723589285817
226,robotD,0.0,0.5,,,robotC,3.0,1.0741659259276453,0.10153579140944265,1.5295966860921304,0.17059719904216317,0.4477763415018029,-0.4224005232073669,0.5121479375448107,-1.9947753677819757
226,robotE,0.05,0.0,,,robotE,4.0,0.15063028371584555,-0.26986859529086776,0.94188834523812,-0.3365390166890516,0.7902586953492864,0.31217601031537995,0.44191557079762955,3.0420395284513497
226,robotF,0.0,0.5,,,robotF,4.0,0.2628465270339983,-0.4983175511755046,1.1424186355732096,-0.38309435805289144,0.9223463447230685,-0.060999486236634044,0.5049695970552828,-2.765009007291984
227,robotA,0.05,0.0,,,robotB,4.0,1.4019411976264635,0.1500664515801741,0.33670226499194006,1.1990723580144653,0.052077385071094634,0.4953123345610687,-0.5640781791991052,-0.04576338596288931
227,robotB,0.05,0.0,,,robotF,4.0,1.7326283018568625,-0.9427309550976558,-0.5203403649321838,0.840969437728466,0.5495451706270675,-0.39383927669528,0.06079411368594236,2.3179147803861735
227,robotC,0.0,0.5,,,robotE,5.0,1.2773935417649551,0.176586523596681,1.0911951755262634,-0.41776707008335173,-0.33724786614733315,-0.19428903132222297,0.33814156066694284,-1.594066980294506
227,robotD,0.05,0.0,,,robotA,3.0,1.047937514611069,0.39174641207161953,1.4721132294960195,0.0801567660745631,0.07402355941262707,-0.4407538183180617,0.4688376819403151,-1.8846314274356615
227,robotE,0.05,0.0,,,robotE,4.0,0.16258496338622952,-0.27783533812515876,0.9418758066605389,-0.32407022335268787,0.7927665950889349,0.2636153020504759,0.44677551798539417,3.0417765277012627
227,robotF,0.0,0.5,,,robotF,4.0,0.38283443669801964,-0.16250857892064488,1.235242685332079,-0.26645430670021075,0.9509570756646544,-0.06435219498789803,0.5094848033333824,-2.2704221345900284
228,robotA,0.05,0.0,,,robotE,4.0,1.1356472938038642,0.09968251338022113,0.33674692232285697,-1.0168089385754981,-0.33321954476755433,0.5440717985378308,-0.5663193850717805,-0.04602916645304498
228,robotB,0.05,0.0,,,robotC,4.0,2.1228425476432258,-0.9989709133000287,-0.5092654766283903,0.11013011678516423,-0.6826550053095005,-0.42814410850108553,0.09784458374962787,2.3176260396662394
228,robotC,0.0,0.5,,,robotC,5.0,1.6326326855764024,0.6744979672530523,0.8761962298970293,-0.22995623030476253,-0.3466819156926418,-0.19776295320030554,0.335870598697105,-1.108561543855303
228,robotD,0.05,0.0,,,robotA,4.0,1.41291642993607,0.49501641502287397,1.4246620416341922,0.05638541830993285,0.07447612532225155,-0.46245030284771915,0.4401228027736556,-1.8400096977515892
228,robotE,0.05,0.0,,,robotE,3.0,0.1490742401814692,-0.3277341831159596,0.9417958019060401,-0.35106718752628174,0.7640265756432535,0.21419381401276755,0.4517322067562881,3.0413866827986906
228,robotF,0.0,0.5,,,robotB,4.0,0.717196561144171,0.41492597556794836,1.1747690910999042,-0.08086117284890286,-0.3205556449452048,-0.05632175415076049,0.5074013173788128,-1.7720308107854028
229,robotA,0.0,0.5,,,robotA,4.0,1.2596201626806485,0.049848718425864906,0.33676881109543066,0.06636676831062838,0.30214989599451664,0.5474159476140873,-0.5609345517143173,0.3371949790151137
229,robotB,0.0,0.5,,,robotC,4.0,1.1715571902815598,-1.0485635147378283,-0.5095211889463117,0.08270286502834613,-0.6277628673817544,-0.4414385295055712,0.11219374876689509,2.593218314152191
229,robotC,0.05,0.0,,,robotC,4.0,1.4766017433263765,1.0072170492519,0.45939189280476056,0.10782933370672727,-0.5899753642887476,-0.17526386621762546,0.2954448123276092,-0.9999919071973251
229,robotD,0.0,0.5,,,robotD,4.0,1.4053034115101262,0.5264527878746159,1.3988304383640973,0.29962662494052056,0.9287800628264562,-0.4682319278255057,0.4109359354995753,-1.6382075009124542
229,robotE,0.05,0.0,,,robotF,5.0,0.17971448656509342,-0.37831512023319097,0.9416634154162998,-1.2805691799643626,0.4668064967438099,0.16558080558989574,0.4566302970352666,3.0410796160466442
229,robotF,0.0,0.5,,,robotB,3.0,1.5342019613156408,0.914852513826871,0.8466332481956174,0.3270695817653278,0.053004023097985624,-0.04606146848578809,0.5087819023723174,-1.3398217350868653
230,robotA,0.0,0.5,,,robotE,4.0,0.10574819892707527,0.17171849946895906,0.2930014361097547,-1.174084632833605,-0.36725379882245773,0.5287168690139066,-0.5452725079739411,0.8463102979581938
230,robotB,0.05,0.0,,,robotC,5.0,1.338080150206687,-1.1701508229041733,-0.15785210456498758,-0.05276725077499451,-0.5956337366152287,-0.4423472329337274,0.11751985265569831,3.028773801103609
230,robotC,0.05,0.0,,,robotC,5.0,1.3095215554496604,1.0017259319141318,0.3669967230265136,0.3951530238889966,0.1547593243555465,-0.1567408520424435,0.27115792134621847,-1.0145303456148487
230,robotD,0.0,0.5,,,robotD,4.0,0.5940047010087209,0.7988548156770789,1.2506694823393727,0.44021728665858506,0.8950836003142585,-0.47665551441258114,0.4171288321391801,-1.1297889227978022
230,robotE,0.0,0.5,,,robotE,3.0,0.9754962803198743,-0.4283776137911914,0.9415301294620771,-0.41804330073372326,0.7479775090192317,0.15279711813796548,0.45794852990556123,-2.8763732885364908
230,robotF,0.0,0.5,,,robotF,4.0,0.9187420967200378,1.2065263816159637,0.3187911136084349,0.4956019020055381,0.18015689210765484,-0.051122514503147753,0.5022244482119367,-0.8672169881192457
231,robotA,0.05,0.0,,,robotE,4.0,1.5624368229642318,0.28954839651328007,0.1795434041325523,-1.2061735479972897,-0.046785320313125996,0.5281428161185706,-0.5461107322225547,1.2732118427046446
231,robotB,0.05,0.0,,,robotD,4.0,1.4259658330554312,-1.1483090754741319,0.31714590129107034,-0.5365172570676693,-0.3425867428887381,-0.4895372392313753,0.1258135055267493,2.999490643095319
231,robotC,0.05,0.0,,,robotD,4.0,0.5959330890748779,0.9530649589792732,0.3642122291770101,-0.08659430696465659,0.40229054332818753,-0.1304818069383078,0.2289385246783184,-1.014885627101239
231,robotD,0.0,0.5,,,robotB,4.0,0.8817699924380683,1.3028216859990498,0.712239486920616,0.2731649009165631,-0.3903485653063876,-0.5081782547207171,0.4219344885774976,-0.656287037357135
231,robotE,0.0,0.5,,,robotE,4.0,0.476826178274332,-0.038605156660953335,1.0367506017933283,0.07810420222705232,-0.8694274740512814,0.20417039457278757,0.45361996366495094,-2.5991232339843746
231,robotF,0.0,0.5,,,robotB,5.0,0.8574696564423501,1.2167067533342084,-0.28380647402120046,-0.08037547015819144,-0.31912617694712514,-0.05034742783158026,0.5085195532373201,-0.35755710944389235
232,robotA,0.0,0.5,,,robotE,4.0,1.5360737532500948,0.32747017088238395,0.03958318647469114,-0.9284202677461025,0.6723993275516121,0.5425504366332724,-0.48525921612521183,1.2274686720068932
232,robotB,0.05,0.0,,,robotF,5.0,0.9079997166801355,-1.2118108045232554,0.2644075818426025,-0.11014692517766854,-0.39944042150284187,-0.5378395510159741,0.1327335786665886,2.9991767996365595
232,robotC,0.05,0.0,,,robotB,5.0,0.9900099501817139,0.9026950137300606,0.3645236078133138,0.4880622528211226,0.1564938320251497,-0.10473670957526346,0.18746744784602853,-1.0152135651849339
232,robotD,0.05,0.0,,,robotD,4.0,1.2818862881001827,1.4863037842594353,0.023809019847951324,0.9856651123825921,0.07051955039195519,-0.5204904433938723,0.43935807510475133,-0.19506796337403853
232,robotE,0.05,0.0,,,robotA,3.0,1.872747455017515,0.3065811621650184,0.9893305276939923,0.052020411987061616,-0.0818900178983005,0.20047085623926514,0.42353899628747765,-2.171790664071755
232,robotF,0.0,0.5,,,robotE,4.0,1.1396184529243842,0.9410342910691557,-0.824549086909921,0.44870137568356455,-0.27987864352958636,-0.07484312423507786,0.5172135124316936,0.17089210371482683
233,robotA,0.05,0.0,,,robotA,2.0,1.3582421295725935,0.2787463558554953,0.04984778317298632,0.2675517680953763,0.03308765186559681,0.5461541058737815,-0.4543788331445203,1.4081695833128485
233,robotB,0.0,0.5,,,robotB,5.0,1.3289058467225943,-1.2616748273828011,0.26386511887545305,-1.0092318905463586,0.22549540096999443,-0.5586175409033639,0.13573475652287045,-3.0308794801986876
233,robotC,0.05,0.0,,,robotF,4.0,0.4200657554127652,0.8528138358199834,0.3648481494037974,0.460208881638401,-0.3039423753526765,-0.07761767599209,0.14377585128943823,-1.0155750577617455
233,robotD,0.05,0.0,,,robotE,4.0,0.7626291045525034,1.348147430501955,-0.6004571408286611,0.2949259207013165,0.308628487723588,-0.47777846518757205,0.42602121975172574,-0.043836467387692334
233,robotE,0.05,0.0,,,robotA,5.0,1.0623864664586902,0.6041151875622663,0.8257753184989568,0.05295446038912311,-0.17734264013004142,0.193349313373601,0.44450629106255957,-2.2483462329876724
233,robotF,0.0,0.5,,,robotE,5.0,0.8885634321268292,0.4501099851418137,-1.1684409591453255,0.5338199129017791,-0.6638348810626072,-0.07513889082827295,0.5256449751312526,0.6548186423742511
234,robotA,0.0,0.0,,,robotB,4.0,0.039005328335725314,0.25121691590540934,-0.0023325153066465817,1.3575600497299178,-0.38634131194048427,0.5384924634104167,-0.4374239834031953,1.4248284515558693
234,robotB,0.0,0.0,,,robotB,5.0,0.43063741452528964,-1.1402758367108479,0.6357100605845244,-0.9619476227368503,0.41357718727372544,-0.5600675370565135,0.1253679603310776,-2.5354695743927382
234,robotC,0.05,0.0,,,robotE,5.0,0.7515240740779199,0.8024644360338854,0.36512381674203276,0.02938553640098379,-0.45952047511060923,-0.051872312300280166,0.102249677279762,-1.0159247701038365
234,robotD,0.0,0.5,,,,,1.4069496717512755,1.2401007407851203,-0.7335576464772904,,,-0.47873226624379556,0.42798372828193665,0.27295617776114656
234,robotE,0.05,0.0,,,robotA,6.0,1.1232575403278449,0.5455750230544743,0.832128747846177,0.04166694891994901,-0.14885584192502188,0.16140248090772996,0.4047683493300092,-2.2486656085243557
234,robotF,0.0,0.5,,,robotE,5.0,0.8976259908537665,-0.15166582177531962,-1.2433534114051703,0.15276238282648652,-0.8319999781035554,-0.04572825979544732,0.5053275740093673,1.080098008656886
235,robotA,0.0,0.0,,,robotB,4.0,1.1848508622179705,0.23471868866702567,-0.008057234050467836,1.3374358597617306,0.015923123380621306,0.5384455571728938,-0.43758577904043006,1.4249424679530416
235,robotB,0.0,0.0,,,robotB,5.0,0.6871466833163772,-0.7500929131731813,1.0672500002531173,-0.5287169309071449,0.6869830384265128,-0.5638590543842519,0.12162329498254781,-2.5089270655344627
235,robotC,0.0,0.0,,,robotC,4.0,1.097017862411844,0.7525253165510918,0.36541409733444546,0.3437050606438067,0.15619025418022234,-0.03794119526441647,0.07977551651097867,-1.0161565053486805
235,robotD,0.0,0.0,,,robotB,4.0,1.5553717795500832,0.8854362033824493,-1.1302874162362793,0.21515359404571785,-0.8157477353233126,-0.4903680927179189,0.4332075696839238,0.7735219307145842
235,robotE,0.05,0.0,,,robotA,6.0,1.0809278712076467,0.4953416255585652,0.8322579896614773,-0.05436317889079994,-0.15540730746613518,0.13038522471153075,0.3662512889949319,-2.2490373330512052
235,robotF,0.0,0.5,,,robotB,6.0,0.8852154815906828,-0.7096300608510016,-1.0317140785967225,-0.4901030721553292,0.43404440890891743,-0.04080284531221946,0.5067381592303927,1.59202587535193
236,robotA,0.0,0.0,,,robotE,4.0,1.102882942719108,0.23481441370903652,-0.00809212272315072,-1.004025043421272,0.7008253626158345,0.5384789982062725,-0.4373140874148821,1.4249512294727922
236,robotB,0.0,0.0,,,robotB,5.0,0.43770255851047113,-0.7949775920226821,1.0343859602175207,-0.509552091859007,0.6941436973097288,-0.5637787249150993,0.12172289270229672,-2.508846520252651
236,robotC,0.0,0.0,,,robotB,5.0,0.4390528899368165,0.7296194819996591,0.36556432027114977,-0.4742624704938437,0.45049890971140166,-0.06853912905465645,0.10821292254323367,-0.9874786964359662
236,robotD,0.0,0.0,,,robotE,4.0,0.5958310940312994,0.29471462569929924,-1.4062430654121738,0.2718381269282455,-0.06454913260484527,-0.4962982463894502,0.43876354855002175,0.7719163848158122
236,robotE,0.0,0.0,,,robotA,4.0,1.1068604453470123,0.44494731632225815,0.83243330459832,-0.036458785669399696,-0.10357179693912003,0.1262190297144657,0.3614384225603407,-1.890969265067312
236,robotF,0.0,0.0,,,robotA,6.0,1.1872284193928795,-1.109239940544695,-0.5789614439937812,0.05268313711246217,0.06734311575611106,-0.05385168887568087,0.5118803168399525,1.8702125724148226
237,robotA,0.0,0.0,,,robotE,4.0,1.4272142533913168,0.23467145886728202,-0.008097411952338278,-0.973179428983796,0.40065019199162644,0.538439498364278,-0.43761709344784827,1.4249438090019877
237,robotB,0.0,0.0,,,robotB,5.0,0.4440772447554473,-0.794817497423168,1.034479190166269,-0.5186535676031279,0.676543094985367,-0.5636943199521206,0.12177757596679795,-2.508844736344826
237,robotC,0.0,0.0,,,robotE,4.0,1.2068388469709546,0.7295837771294963,0.3655623766918188,-0.3052526495902362,-0.19578603554739907,-0.06842730116970626,0.10805101676844349,-0.9874646443467836
237,robotD,0.0,0.0,,,robotE,4.0,1.3330668651788495,0.3406757636073504,-1.3958374735791816,0.27306692865466936,-0.05485819942911035,-0.4969011643167729,0.43932527945124894,0.7755166238270116
237,robotE,0.0,0.0,,,robotF,5.0,1.0385710468675933,0.7068434919029365,0.6217774593143253,0.21302774059849458,-0.46252323240501636,0.13444082233771026,0.38581682279243706,-1.8914840563619557
237,robotF,0.0,0.0,,,robotB,6.0,1.3196959079230965,-1.208052244457493,-0.3227127610700496,-0.35593569957464066,0.029233582154634126,-0.059744719416145495,0.5236455309941399,1.905748094090989
238,robotA,0.0,0.0,,,robotA,2.0,1.2752806061166262,0.234822452673385,-0.008094322650343409,0.19440382590592972,-0.014670095804722921,0.5384753323962275,-0.437351808489704,1.4249542842818086
238,robotB,0.0,0.0,,,robotB,5.0,0.4520454685661453,-0.7947530910746725,1.0344734775878666,-0.6354979309492129,0.8396046350108476,-0.5638779573174557,0.12163909252243899,-2.5088347723424307
238,robotC,0.0,0.0,,,robotE,5.0,1.1772537952177504,0.729552728970549,0.36555550652504276,-0.3047934753077907,-0.20033011342702867,-0.06845439882113513,0.10809105229242134,-0.9874668468900034
238,robotD,0.0,0.0,,,robotE,5.0,1.3426955105554665,0.340619944864142,-1.3958532866933433,0.2734917883667655,-0.05265444604710356,-0.4971058995333102,0.4391475604791694,0.7755010581519385
238,robotE,0.0,0.0,,,robotF,5.0,1.2061289350497244,0.6821655004693278,0.6486278690332888,0.19963923933764907,-0.4707201379973098,0.13451130312820325,0.38608870496114805,-1.891150679834208
238,robotF,0.0,0.0,,,robotA,6.0,0.9195859512167909,-1.2131570593415906,-0.30364757086336336,0.07284698377190663,0.0478029657296791,-0.059640555279786844,0.5233444798742523,1.9057811079698042
239,robotA,0.0,0.0,,,robotE,4.0,0.040831434869700214,0.23470269508643102,-0.008096876175696849,-0.981045900379957,0.38863684039386737,0.5384550115709515,-0.43750288073557475,1.4249503931971579
239,robotB,0.0,0.0,,,robotB,5.0,0.25174087506156534,-0.7948769309316116,1.0344681835297362,-0.6355141702193906,0.8401117916536708,-0.563644323122001,0.12181561778978314,-2.5088550167589942
239,robotC,0.0,0.0,,,robotD,5.0,1.1789794855900093,0.7295016071658935,0.36555530767236466,-0.2966740102846463,0.497830931676259,-0.06854427756957245,0.10822288647184906,-0.9874722366027784
239,robotD,0.0,0.0,,,robotE,4.0,1.3448832055835669,0.34076624649388404,-1.3958539784861352,0.27443586195003905,-0.05290305274636665,-0.4969425517311893,0.4393158592514763,0.7754955933147195
239,robotE,0.0,0.0,,,robotF,4.0,1.218959849646218,0.6823363422058297,0.6485951088979495,0.2051949621723077,-0.46582720061823235,0.13445250485064347,0.3858881075757878,-1.8911333588370347
239,robotF,0.0,0.0,,,robotB,5.0,1.333009418268613,-1.2130084502115226,-0.30360834895457034,-0.3595531202216279,0.02034300256855934,-0.059733017032594926,0.5235692086447871,1.905786536558634
240,robotA,0.0,0.0,,,robotA,2.0,1.2788966146796141,0.23475808083411565,-0.008096357489783627,0.19324527116341061,-0.01456564761252356,0.5384411580429644,-0.43758044865302537,1.4249520504264155
240,robotB,0.0,0.0,,,robotB,6.0,0.2512450323167694,-0.7947305748500305,1.0344676579411252,-0.4041850393158046,0.5286188022806065,-0.5638673781201909,0.12164716198706088,-2.5088373285665533
240,robotC,0.0,0.0,,,robotE,5.0,1.0347824673773265,0.7296195872476785,0.36555770515000335,-0.3053197547180952,-0.1985749272875294,-0.06837748843066428,0.10797781760782917,-0.9874597799319942
240,robotD,0.0,0.0,,,robotE,4.0,1.3445842117969062,0.3406673253518336,-1.3958550607753821,0.27181718414893513,-0.05248023451344755,-0.49706016036226097,0.4391919389285213,0.7754889675907729
240,robotE,0.0,0.0,,,robotB,5.0,1.2122307719378687,0.6822521554641855,0.6485873895418018,0.24163349093799452,-0.491288787639552,0.1344709885263466,0.3859586338007015,-1.8911383966777744
240,robotF,0.0,0.0,,,robotB,6.0,0.9129773656219928,-1.2131207051040542,-0.3036169458449072,-0.36206691618837145,0.023908542767395985,-0.05968790848495957,0.5234494998241956,1.9057834384488053
241,robotA,0.0,0.0,,,robotE,4.0,0.04208826328357239,0.23483361235152142,-0.008097898123822587,-0.9825699452907808,0.38927112115566825,0.5384864338499258,-0.4372350231219023,1.4249625521517228
241,robotB,0.0,0.0,,,robotB,5.0,0.6391486403451653,-0.7948614135631719,1.0344675494966142,-0.6364344654426808,0.8413070360366699,-0.5637172117178061,0.12175991417980983,-2.50884909465385
241,robotC,0.0,0.0,,,robotE,5.0,1.1785725292055969,0.7294719089417394,0.36555220325858184,-0.30585655841410153,-0.20110077939431428,-0.06853901306393305,0.10821967977252793,-0.987464306358013
241,robotD,0.0,0.0,,,robotE,4.0,1.3451365516672755,0.34072737801305364,-1.3958505214458847,0.27526275107530845,-0.05281451488506842,-0.49684079584476337,0.43941719066188045,0.7754836041206139
241,robotE,0.0,0.0,,,robotF,4.0,1.2220732033719888,0.6822482643794201,0.6485890724073196,0.20578533581266364,-0.46714258570749745,0.1344325003522437,0.38582765949592895,-1.8911227382341351
241,robotF,0.0,0.0,,,robotB,6.0,0.9118608728161184,-1.2130762501154357,-0.30361758587272886,-0.35872673504117364,0.022232269846479545,-0.05966473871066719,0.5233893331815266,1.9057784090780536
242,robotA,0.0,0.0,,,robotD,4.0,1.2803994307710993,0.2346063319974045,-0.008101012147398187,1.386895896443783,0.9483267433143611,0.5384622991468391,-0.4374077498418397,1.4249657578361516
242,robotB,0.0,0.0,,,robotB,5.0,0.2497694927940718,-0.7947818934994263,1.034467310312779,-0.6339908103887852,0.8374419492585037,-0.56370593501668,0.12176521819737268,-2.5088482165541546
242,robotC,0.0,0.0,,,robotE,4.0,1.1803786818978235,0.7296143312023434,0.3655506738251855,-0.304648158154437,-0.19829816516188672,-0.06841797076985093,0.10804538709362475,-0.9874514007029642
242,robotD,0.0,0.0,,,robotE,4.0,1.3446287360542593,0.34062682122771337,-1.3958535970252666,0.27167516832078153,-0.05360444543028105,-0.4970771841155692,0.4391809508300164,0.7754814884694
242,robotE,0.0,0.0,,,robotF,5.0,1.213200497029383,0.6822427073024641,0.6485831060041225,0.1955588425652441,-0.4665402335103507,0.13447822463855286,0.38596385007926914,-1.891131943825536
242,robotF,0.0,0.0,,,robotA,6.0,0.9143316991402948,-1.2130226806295012,-0.3036218284922152,0.07268194725797579,0.047287496121031745,-0.05974723817419966,0.5236113691056691,1.9057827246204173
243,robotA,0.0,0.0,,,robotE,4.0,1.497384551848846,0.2347656902929253,-0.008102283948169968,-0.9795326401563861,0.3879238248885477,0.5384730166776283,-0.4373526593493071,1.4249663639177734
243,robotB,0.0,0.0,,,robotB,5.0,0.2542871037071707,-0.7947482983710796,1.0344672297922561,-0.640107852984274,0.841984476170206,-0.5639150943834212,0.1216093465467401,-2.5088360161021157
243,robotC,0.0,0.0,,,robotE,5.0,1.1778920213102368,0.7295259336530926,0.36554007556003065,-0.306153849363078,-0.20113030557502867,-0.06845065165578042,0.1080935018629136,-0.9874510623222047
243,robotD,0.0,0.0,,,robotE,4.0,1.3440244108776283,0.3407514655752355,-1.3958525902204202,0.27381925726525846,-0.05158592614272835,-0.4968783257199231,0.43938835005787613,0.7754767251062266
243,robotE,0.0,0.0,,,robotF,4.0,1.2167000270977797,0.6822455674094441,0.648580830679616,0.20047599275641792,-0.467167646564759,0.13446216876849515,0.38591173153677305,-1.8911253171846192
243,robotF,0.0,0.0,,,robotB,5.0,1.33285846511948,-1.2131541461153224,-0.30362165026753213,-0.358624488844595,0.022148165267228882,-0.05965111518771707,0.5233454077008857,1.9057749702415918
244,robotA,0.05,0.0,,,robotE,4.0,1.2771482899600828,0.2346631878450999,-0.008101737180050578,-0.9845071058998095,0.3902490082894881,0.5427988767556182,-0.4078645965947384,1.424836187888487
244,robotB,0.0,0.5,,,robotB,5.0,0.24701795935042892,-0.7949271924377801,1.0344652398138237,-0.5199321936720842,0.6757198608567698,-0.5638042272138327,0.12167269599241587,-2.504796999053029
244,robotC,0.0,0.0,,,robotE,5.0,1.180582179853753,0.7295387338618455,0.365539930489231,-0.3039342461842298,-0.19786056535218724,-0.06851113419687702,0.10818261889982485,-0.9874520575141446
244,robotD,0.0,0.0,,,robotE,4.0,1.3459290329310518,0.34065916252384243,-1.3958542731448216,0.2719553935471227,-0.05340413132478813,-0.4970689497102099,0.4391933860153377,0.7754747071707833
244,robotE,0.0,0.0,,,robotF,5.0,1.215333715147424,0.682284939892548,0.6485815087715172,0.196189452108011,-0.46889725971233825,0.13445579655635448,0.3858893671987572,-1.8911235853114785
244,robotF,0.0,0.0,,,robotB,6.0,0.9143857813329522,-1.2130088573088373,-0.30362584847209767,-0.35788643234220036,0.022035683704480294,-0.05974722798437934,0.5235939652597812,1.9057765651492242
245,robotA,0.05,0.0,,,robotD,4.0,1.250748241828994,0.2011173937794961,-0.00807963767828009,1.3574169508632814,0.9637393418954077,0.5499816048480597,-0.35908766214616883,1.4244164882211243
245,robotB,0.0,0.5,,,robotB,5.0,0.45228593461489114,-0.7768672187198499,1.04793882807119,-0.6377824724143674,0.8309730800729487,-0.5624865036529939,0.12266810617365681,-2.008321505965417
245,robotC,0.05,0.0,,,robotE,5.0,1.1771258633131494,0.7296067123121215,0.3655383920405033,-0.30407919410066264,-0.19972296669351775,-0.054755420950868404,0.08733387780778824,-0.9875963406156866
245,robotD,0.05,0.0,,,robotE,5.0,1.344208888076116,0.34074373905769756,-1.395851783304092,0.2750973086404935,-0.05154053932409894,-0.4949441183115053,0.44128728706016335,0.7754718290068559
245,robotE,0.0,0.0,,,robotD,5.0,1.2185948362727708,0.6822177227671284,0.6485775252876493,0.2193170916571859,-0.9940959699433041,0.13449576983755676,0.38600634083332597,-1.8911281772370885
245,robotF,0.0,0.0,,,robotB,5.0,0.9151491751954623,-1.21312729262187,-0.30363452335939195,-0.3585376130632076,0.0221931166505376,-0.05968475278213557,0.5234242703119408,1.905771174797248
246,robotA,0.0,0.5,,,robotB,4.0,1.5490905659316263,0.15101555364856464,-0.00799994940485962,1.8270175669201125,0.07485600997525857,0.5561128139258431,-0.31734557853134315,1.4358974879769915
246,robotB,0.0,0.5,,,robotB,5.0,0.661254892968363,-0.16474618569410845,1.293027952269434,-0.19745371485620006,1.0380866608203254,-0.5686994077718198,0.07906760478258419,-1.8702191083998745
246,robotC,0.05,0.0,,,robotD,5.0,1.1541012078709674,0.7020492770691676,0.3656575224557683,-0.3219945520085978,0.504104189220234,-0.027725212349908785,0.04635404256762693,-0.98792434987607
246,robotD,0.0,0.5,,,robotD,5.0,1.345591438423174,0.333718540148081,-1.3958544425380324,0.3240208785559002,-1.1655835192656478,-0.48775635794238625,0.4483138925408006,1.147281191573281
246,robotE,0.05,0.0,,,robotF,5.0,1.7066842372548974,0.6823409997586032,0.6485786619363086,0.19884825967408254,-0.4724325747644266,0.1335649356920906,0.3831461584433302,-1.8912220409518157
246,robotF,0.0,0.5,,,robotE,5.0,0.9145399185640769,-1.2130655926607175,-0.30363689229919943,0.09112886209515218,-0.3407554901307823,-0.05940508118453636,0.522350017751619,2.1228301294660166
247,robotA,0.05,0.0,,,robotD,4.0,1.7163769492580212,0.11292834934489625,-0.013732850140755962,1.7365955809476015,0.5925723215719654,0.5535164487585598,-0.28206704356913337,1.5977633972099319
247,robotB,0.05,0.0,,,robotD,5.0,0.2991702984022245,-0.05851675064061221,1.3030383307917233,-0.4794636705398023,0.1348756352281507,-0.5772558541592022,0.03628991781708943,-1.783025913816742
247,robotC,0.05,0.0,,,robotD,5.0,0.9837829939303343,0.652029895981076,0.3658820713629842,-0.6543791620140004,-0.021176366539910795,0.0004360425100024719,0.003624778683357014,-0.9882560363083589
247,robotD,0.05,0.0,,,robotD,4.0,0.6107621424599027,-0.23362629899072854,-1.4147020052045465,-0.06101874777969928,-0.9459892320465817,-0.47763219607241475,0.4852656798213809,1.2593183508083028
247,robotE,0.0,0.5,,,robotF,5.0,1.2176404765554563,0.673931137027137,0.6487028273133694,0.18082206764039974,-0.46962048964100983,0.1176176644317993,0.33516387812649046,-1.8915003902669163
247,robotF,0.0,0.5,,,robotA,6.0,1.3878242506169323,-1.2491300806942744,0.0194696018234263,0.05648378989005096,0.020598088826723596,-0.06514161091966891,0.5218714829657694,2.6198902066257466
248,robotA,0.05,0.0,,,robotF,4.0,1.7805641763621802,0.06854002664942434,-0.030323700183937357,-0.9436442540888004,0.8489871597035716,0.5572616375547748,-0.2558469691362255,1.5983736857360333
248,robotB,0.05,0.0,,,robotB,5.0,1.2652826107414377,0.007191409424757983,1.3028255135146105,0.05893126858200492,1.0811447973845427,-0.581731212745754,0.008553905749815644,-1.5198039315061669
248,robotC,0.05,0.0,,,robotA,5.0,1.314544353324354,0.6018273988033281,0.36608573258217425,-1.1403226219148617e-05,0.03821670705217496,0.027478531352595634,-0.03744185416108556,-0.9886322771639929
248,robotD,0.05,0.0,,,robotA,4.0,0.5658259318037729,-0.4199670025636011,-1.3833850887818726,-0.03389455993240202,-0.03212336505324037,-0.4765864953644551,0.5218965487334811,1.2713407133796089
248,robotE,0.05,0.0,,,robotE,5.0,1.2037014455799122,0.627764600893724,0.6480286243747764,0.46626718122480715,0.4533792460201731,0.11489690378641153,0.30649799060047356,-1.7036183664476596
248,robotF,0.0,0.5,,,robotF,7.0,1.2885724499999323,-1.0967148790560093,0.5955344234237494,-0.893843455924161,0.4368423675994961,-0.07527151797499226,0.5310681024447076,3.0942321674995443
249,robotA,0.05,0.0,,,robotD,5.0,1.3373979792062374,0.06369198955613434,-0.03073270879107608,0.3727261971480204,0.9847427605942979,0.5559384216704717,-0.20750927902969557,1.5971022929795187
249,robotB,0.05,0.0,,,robotB,5.0,0.28584774478548697,0.28390617328534395,1.2574831807634101,0.2558362961624615,1.0600944143419684,-0.585350942613065,-0.03702310966852859,-1.56703018195886
249,robotC,0.05,0.0,,,robotA,5.0,0.6227240300060625,0.5146419084619701,0.3888121809467633,0.0032187423643348385,0.02853256456214133,0.05460185013812471,-0.07865801846214711,-0.9889281189087089
249,robotD,0.05,0.0,,,robotD,5.0,1.3944412628902239,-0.4363092226219617,-1.3672371710275963,-0.3714488623450789,-1.1532438331013686,-0.47072969177010027,0.5413890258516479,1.5263003779221118
249,robotE,0.0,0.5,,,robotE,5.0,0.20317776624369724,0.6569601533055974,0.5235033866193521,0.5184448993855687,0.35568484306240944,0.1238834037382542,0.28277318860219935,-1.5922472294642622
249,robotF,0.0,0.5,,,robotD,5.0,0.5888481262288182,-0.6980716564113366,0.9921940744292317,-0.16058946925286724,0.49622191090437795,-0.0638421449048262,0.5283983648237423,-2.6933710953817203
250,robotA,0.05,0.0,,,robotF,5.0,1.0614131704001384,0.06363448599485816,-0.030668600576771357,0.6174571369643358,0.9260365362992486,0.5547025347776688,-0.15976046339229838,1.5956806269205652
250,robotB,0.05,0.0,,,robotE,5.0,0.2528847810764904,0.11213193206717244,1.2681803779245056,-0.399480995575229,-0.38221791230024726,-0.5896514887540736,-0.0810661203400315,-1.580861879226559
250,robotC,0.05,0.0,,,robotA,5.0,0.57001256781067,0.42283781964727923,0.41432286698344895,0.00392594744293935,0.027579029093021255,0.08170281012280035,-0.11987136422615607,-0.9893081929611632
250,robotD,0.0,0.5,,,robotD,5.0,0.4354294126127583,-0.80683558304613,-1.1593411116317187,-0.5823515049806895,-1.044873358464951,-0.46854580264835943,0.5479179917556422,1.908859664994737
250,robotE,0.0,0.5,,,robotF,5.0,0.1426389126672692,0.6282799898888433,0.44669095440136464,0.5410901812242578,-0.26696797577186754,0.12858891511518683,0.2426645918515209,-1.4760180758466646
250,robotF,0.0,0.5,,,robotD,4.0,0.6662761597530555,-0.17827614381654602,1.1622632779366049,0.09492560508655026,0.5677905959306435,-0.07461173333850352,0.5395215869406843,-2.1767111745299546
251,robotA,0.05,0.0,,,robotA,4.0,1.1056695754787058,0.06305321681812484,-0.030593749373213,0.05843914798487329,-0.012982285453091361,0.5535044853833826,-0.11147632459130725,1.5945452771252266
251,robotB,0.05,0.0,,,robotB,5.0,1.697605633467717,0.012058235112154035,1.2647491026659197,0.09624931568715335,1.06756142283911,-0.5902058730008586,-0.13574918296628666,-1.5813143908273282
251,robotC,0.05,0.0,,,robotC,5.0,0.5259915776465572,0.3307250817845942,0.4397312649824549,0.3254515908760169,0.3143355855367759,0.10872025043604898,-0.16099036081697599,-0.9896146676329597
251,robotD,0.0,0.5,,,robotD,5.0,0.6106315010938871,-1.1393094195026063,-0.794536162707766,-0.9253583428967752,-0.7345193255979622,-0.45707389597896797,0.5387168858267317,2.4086299781342673
251,robotE,0.05,0.0,,,robotA,5.0,0.6462789386830172,0.5887323242178909,0.3775525380957838,-0.02436371213559231,0.010631044116477702,0.13849273560035924,0.21191399598250454,-1.367903679018513
251,robotF,0.05,0.0,,,robotF,3.0,0.5767776381612187,0.34975064175220155,1.085223339938194,0.21989152781646704,0.6555757924300744,-0.09103077197035646,0.5224192318883518,-1.9454143842903282
252,robotA,0.05,0.0,,,robotB,3.0,0.018271280482335266,0.06350764546680272,-0.030536487905491204,0.39961160906951493,0.39672449134315774,0.5523937691256655,-0.06365278016708671,1.592883147922764
252,robotB,0.05,0.0,,,robotC,4.0,0.2664498364192336,-0.08676327502768576,1.2612155138562615,0.3495585841230412,-0.07056195986804475,-0.5907276815894722,-0.18463085896074244,-1.5815114182924164
252,robotC,0.05,0.0,,,robotC,5.0,0.17366408194193256,0.23953438230040625,0.4652575740848641,0.2543107514564822,0.338089580481054,0.12271232721745676,-0.16248779328175766,-0.9835987301046311
252,robotD,0.05,0.0,,,robotD,4.0,0.6497603113281423,-1.3404254660014483,-0.23461158861557213,-1.0005027663144377,-0.21375156210075266,-0.5063070250629141,0.5433840782679613,2.773850306739867
252,robotE,0.0,0.5,,,robotD,5.0,0.6449301022252152,0.5383619333867965,0.32570989873486894,0.5367877561275473,-0.46757926205214057,0.14997734955070569,0.1754095561515891,-1.24661003313774
252,robotF,0.05,0.0,,,robotD,4.0,0.41223954158439563,0.4680693478577932,0.9847402031509902,0.4881879771874896,0.437955433496369,-0.10297385659422499,0.47438373303983017,-1.9475731694517144
253,robotA,0.05,0.0,,,robotC,2.0,0.5435948018514313,0.06343292684098432,-0.030451353263001538,0.030810246911758394,-0.23464849108414917,0.5658649156452448,-0.06603716032465781,1.5666781651624957
253,robotB,0.05,0.0,,,robotA,4.0,1.4319431442620743,-0.18527326508785233,1.2577512793450603,0.0011808297384912922,0.03653109202591691,-0.5912656871508242,-0.23431664767080976,-1.5818551822121818
253,robotC,0.05,0.0,,,robotA,5.0,0.18605858131555655,0.14789031402816452,0.490708341381289,-0.00974617570155506,0.04079704017362435,0.14994297746445778,-0.20342190187613746,-0.9839375510798387
253,robotD,0.05,0.0,,,robotE,5.0,0.4969217391819855,-1.3489035138033643,0.14057615911338908,0.13473070069245574,-0.6014964550310105,-0.5415923584984667,0.5602907074740238,2.9362109497323763
253,robotE,0.05,0.0,,,robotE,5.0,0.7501220330378876,0.4920723065132077,0.2812088207955241,0.4286538397004585,0.19120987915904886,0.15820530073398598,0.16463025300942602,-1.1005821775610585
253,robotF,0.05,0.0,,,robotD,3.0,0.5391280835087556,0.3811331088615288,0.9663476605356537,0.44974365564897695,0.48281863097339744,-0.1211172112204415,0.428458655642296,-1.9478395900033985
254,robotA,0.0,0.0,,,robotA,4.0,0.20683670342304286,0.06336014503956407,-0.030389033494589174,0.05303386954037524,-0.025096349422853142,0.5659431995717663,-0.04628037251387034,1.5663001935113767
254,robotB,0.0,0.0,,,robotD,5.0,1.2507885683648172,-0.2843518925277804,1.2542926069652425,-0.5473991138478882,1.0531251688239927,-0.5917508804030419,-0.2771295003679054,-1.5822664715612975
254,robotC,0.05,0.0,,,robotA,5.0,0.4799607205913398,0.056379368467234105,0.5161807859190376,-0.008768440028357636,0.043348193984851964,0.17729343028037675,-0.24456246700776965,-0.9842648410540333
254,robotD,0.0,0.5,,,robotF,5.0,1.7264785389660318,-1.3219332644608859,0.3252495933198998,-1.005031873093692,0.0694324764635018,-0.5391965759319416,0.5585890928038811,-2.9502205796179877
254,robotE,0.05,0.0,,,robotD,6.0,0.0480739379340696,0.45491127326538416,0.23147960340782278,-0.960181449442453,-0.4767825551480162,0.17782976228068542,0.09573974309851706,-1.0837042429527621
254,robotF,0.05,0.0,,,robotC,4.0,0.49788699467597824,0.2843225832695585,0.9524220043432241,0.2703571107718978,-0.16305423708614653,-0.13991087823227366,0.3810086877776052,-1.948250807210072
255,robotA,0.0,0.0,,,robotA,4.0,0.011591821888413853,0.06335504510360199,-0.030373059542403155,0.05280473363936363,-0.025883558276122216,0.5659415417980159,-0.04655847408357935,1.5662691065684784
255,robotB,0.0,0.0,,,robotA,6.0,0.28478808471073846,-0.3444591171048342,1.2529240950351712,0.04948200927691981,0.027646424845490472,-0.5916840353561157,-0.252649292198045,-1.587326329553833
255,robotC,0.0,0.0,,,robotA,5.0,0.4822993180240282,-0.009201548903251835,0.5256473175411209,0.006399276568438225,0.05159683721391423,0.19273008193174512,-0.2677955590462845,-0.984474097583692
255,robotD,0.0,0.0,,,robotA,4.0,0.7450699359412132,-1.0920286156597605,0.8094059734391276,0.010857194257590996,0.03126684186235012,-0.5474933382128743,0.5640374794044833,-2.6274307199965583
255,robotE,0.05,0.0,,,robotB,5.0,1.5293720544054954,0.40005856649039534,0.22230683817124325,-0.9272386259836198,-0.12837429659621902,0.20106507246425248,0.05187459314125287,-1.083981979763718
255,robotF,0.05,0.0,,,robotF,4.0,1.111685191371311,0.21661483152262823,0.9473311609335511,0.1772773595528451,0.5985052471501687,-0.15801691587620573,0.3353606224695308,-1.9485116662742743
256,robotA,0.0,0.0,,,robotE,3.0,0.011566614325050292,0.06346518074047029,-0.030371479236763716,-0.08432678299991962,-0.13403277509144426,0.5659369366351259,-0.04621582817995674,1.566249836183357
256,robotB,0.0,0.0,,,robotB,6.0,1.2870863407702005,-0.34455440486775774,1.2529327395186074,-0.25980774941108015,1.086836030171972,-0.5916849030828559,-0.25255606280011733,-1.5873322449128555
256,robotC,0.0,0.0,,,robotF,5.0,0.47558176271973357,-0.0317172066907786,0.5256486769272085,-0.4768447883773439,-0.41288569775732814,0.19268588179231405,-0.26773077122850353,-0.984479698170686
256,robotD,0.0,0.0,,,robotD,3.0,1.3460410392925406,-0.8058056125022881,1.1012613930236257,-0.5829426437483914,0.8749884522746515,-0.5409889882427311,0.560528881423755,-2.6416532468622917
256,robotE,0.0,0.0,,,robotA,4.0,1.324325578611921,0.3497822503088588,0.22241897540167635,-0.04614951494747951,0.0015780539071018236,0.2068153668507987,0.040790293317330265,-0.751611749884106
256,robotF,0.0,0.0,,,robotF,4.0,0.34903958480764047,0.16645790001630378,0.9473771019307273,-0.16951803135390403,-0.6947107757740137,-0.16650629139632622,0.3139594734430475,-1.9487689648354278
257,robotA,0.0,0.0,,,robotE,3.0,0.1804355587277063,0.06336245497320421,-0.030375262868269873,-0.06011747225106164,-0.12396882406083616,0.5659399863173955,-0.04651820881473435,1.5662471565312779
257,robotB,0.0,0.0,,,robotF,5.0,0.1864831277492786,-0.3445910511332556,1.2529316312101704,-0.9074973902774299,-0.06391829763398728,-0.5916845674325724,-0.25250823758635754,-1.5873345600368014
257,robotC,0.0,0.0,,,robotB,5.0,1.0387671228702584,-0.03172910770552287,0.5256819164166407,-0.9437179655690388,-0.1996423053774886,0.19274910154895275,-0.26782299150649963,-0.9844758669720727
257,robotD,0.0,0.0,,,robotA,3.0,0.31824325908253204,-0.8097240251531658,1.0982572969431674,0.04755199234288249,-0.021766768846874146,-0.541008184182655,0.5604899623613866,-2.641660571706647
257,robotE,0.0,0.0,,,robotE,3.0,0.4512051156305311,0.3955052049378971,0.09392070263525175,0.2729902577741031,0.08001510416180356,0.19208694214216743,0.06503590631210185,-0.7805596041808216
257,robotF,0.0,0.0,,,robotF,5.0,1.6718610289085112,0.14446915876679445,0.9474010792538752,-0.5875124566570408,-0.19920734637226217,-0.16640010970520025,0.3142349886509581,-1.948764395146698
258,robotA,0.0,0.0,,,robotA,3.0,0.15504698571542916,0.06349326726877844,-0.030374204264617437,0.04633930533497752,-0.025862687155528415,0.5659377331446604,-0.04631026824314397,1.5662368029541662
258,robotB,0.0,0.0,,,robotE,5.0,1.432134482785132,-0.34454521622467205,1.2529317418585553,0.052897864010944984,-0.24787035211555553,-0.5916850574719311,-0.252686001341903,-1.5873290371696034
258,robotC,0.0,0.0,,,robotB,5.0,1.1652098093118084,-0.03178590142202822,0.5256809398704727,-0.9418247118911295,-0.19468753495178073,0.19269022024811888,-0.2677363631896446,-0.9844798562169986
258,robotD,0.0,0.0,,,robotA,3.0,1.410473592416606,-0.8098178782353759,1.098212096993561,0.04696183775395134,-0.022214325424821168,-0.5409266538268834,0.5605222615864841,-2.6416650410481006
258,robotE,0.0,0.0,,,robotE,3.0,0.12173370563700893,0.39048477866775694,0.11186055357123506,0.26618019362041745,0.07688572374398055,0.1918989182093796,0.0652169406033801,-0.7803556472550877
258,robotF,0.0,0.0,,,robotD,4.0,1.3604046390817741,0.1446029136559655,0.94739976444934,0.571043675515451,0.6864858635725085,-0.1665328677189167,0.3138936395216795,-1.948750416890623
259,robotA,0.0,0.0,,,robotA,3.0,0.017665892316285042,0.06341928786558709,-0.03037466544499862,0.0460368130138669,-0.025390949563299167,0.5659370841295304,-0.046382951085413536,1.5662360495283225
259,robotB,0.0,0.0,,,robotE,5.0,1.5525628240200093,-0.34465730818957124,1.2529298369787838,0.052663906615240126,-0.24620887460140067,-0.5916839328287685,-0.2522527262917228,-1.5873478381887978
259,robotC,0.0,0.0,,,robotB,5.0,1.16068623859514,-0.03173664156345761,0.5256819873847692,-0.9440806083248312,-0.19958016305479884,0.19273446281144804,-0.2678006367720407,-0.9844762354980253
259,robotD,0.0,0.0,,,robotA,3.0,1.4104031853255299,-0.8097102797739391,1.0982097140471465,0.04711696639451994,-0.022237800145638788,-0.5410552842173308,0.5604510560148457,-2.641624436575985
259,robotE,0.0,0.0,,,robotE,4.0,0.12922387015568043,0.3906092688641464,0.11175998147088566,0.2691288875408272,0.07861554851281473,0.19202955719393594,0.06509261944363429,-0.7803364473730472
259,robotF,0.0,0.0,,,robotD,4.0,0.5000770079831586,0.14442620871977122,0.9473968655218804,0.566382902311962,0.6809138555874545,-0.16642276132662787,0.3141803379973718,-1.9487602434651468
260,robotA,0.0,0.0,,,robotF,3.0,0.018080278857376165,0.06341626750288251,-0.03037603183190004,-0.3004200325660425,0.1818416175580372,0.5659342449387863,-0.04657137823450503,1.5662355271341282
260,robotB,0.0,0.0,,,robotF,5.0,1.5508421164189166,-0.34443892834293355,1.2529310816824968,-0.7613546575136698,0.10583299775531975,-0.5916900479695324,-0.25294729961244944,-1.5873258660093816
260,robotC,0.0,0.0,,,robotB,5.0,1.1654672977167082,-0.03177044967777864,0.5256813046080548,-0.9405504389688194,-0.19897094137972193,0.19271263742335387,-0.267768505367803,-0.9844775591631589
260,robotD,0.0,0.0,,,robotD,3.0,1.4105827104261477,-0.8098148230287754,1.0982136674463163,-0.5965007201952517,0.8642200374308153,-0.5408343815409563,0.5605792741358605,-2.6416640401887577
260,robotE,0.0,0.0,,,robotE,3.0,0.12586843667688213,0.39055624707186426,0.11175555015437391,0.2674480998139519,0.07725604768407617,0.19200241641401583,0.0651194584679792,-0.7803375683091395
260,robotF,0.0,0.0,,,robotF,4.0,0.4989486880233082,0.14455884528071422,0.9473988611503927,0.11696937586925386,0.5846257234600015,-0.16649550267377525,0.3139888850896808,-1.9487523174648633
261,robotA,0.0,0.0,,,robotE,3.0,0.42134115196279154,0.06357556229213313,-0.030374247214545336,-0.06319324635710807,-0.13696128872530966,0.5659310506057055,-0.04611852494348958,1.5662194108319412
261,robotB,0.0,0.0,,,robotE,5.0,1.2203916593856774,-0.34478475885516646,1.2529272928460815,0.05262537537297428,-0.24600307922404752,-0.5916821862365758,-0.25229110151587175,-1.5873527467337616
261,robotC,0.0,0.0,,,robotD,5.0,1.162335101420005,-0.031758963941636346,0.5256813496612779,-0.9416208909132089,-0.09586604226353646,0.19271080192524015,-0.267765695736212,-0.9844773893246405
261,robotD,0.0,0.0,,,robotA,3.0,0.3165267230272704,-0.8096445921239721,1.0982261404486975,0.0474156640737845,-0.022394287087663726,-0.5410944048981139,0.5604312166813412,-2.641594391734256
261,robotE,0.0,0.0,,,robotE,3.0,0.12782392991860986,0.390529057153748,0.11175293160359819,0.2527715394249786,0.08018422935876804,0.19183381209093958,0.06528567537709828,-0.7803522728260345
261,robotF,0.0,0.0,,,robotB,5.0,0.36381362982770504,0.1444860496491055,0.9473972630169294,0.9043137066544297,-0.010264258461231421,-0.16647374312670046,0.31404637663141155,-1.948753792863587
262,robotA,0.0,0.0,,,robotE,3.0,0.16556191021393016,0.0635006669199469,-0.030380809967558046,-0.055493959626643184,-0.12320543045056075,0.5659363434569258,-0.04654940791589184,1.5662029164314581
262,robotB,0.0,0.0,,,robotC,5.0,1.5506764560479853,-0.3446568465096303,1.2529179685691842,0.41926390436874755,0.028695060244642762,-0.5916861767895122,-0.2528937508546033,-1.5873326607155909
262,robotC,0.0,0.0,,,robotB,5.0,1.1018260854503703,-0.031916013942476756,0.5257912261686373,-0.9470019286071416,-0.20046764448013535,0.19273463711656894,-0.26780012320885677,-0.9844753128212983
262,robotD,0.0,0.0,,,robotD,3.0,1.4108161085921274,-0.8099057918632948,1.0980529510511787,-0.5946971757794096,0.8616531478188524,-0.5407823746183363,0.560602341281006,-2.641653474822958
262,robotE,0.0,0.0,,,robotE,4.0,0.14142787152507888,0.3905921162938528,0.111922714446197,0.2525474330389836,0.0773234659016629,0.19224331302676434,0.06488443828154047,-0.7803106289052708
262,robotF,0.0,0.0,,,robotD,5.0,1.2225616240143717,0.14428543875791983,0.9473441983262434,0.5656566415254957,0.680582170090596,-0.16644208412877703,0.3141285278699504,-1.9487558070706286
263,robotA,0.0,0.0,,,robotF,3.0,0.15122687762338338,0.06388936863939564,-0.030376612469068642,-0.2987285517694028,0.18096572932249252,0.5659346325388503,-0.04617243899459016,1.5662019093279977
263,robotB,0.0,0.0,,,robotE,5.0,1.4432449014405393,-0.3451104600820998,1.2529040605809723,0.052889973850431114,-0.24744677407934254,-0.5916806428013203,-0.2523234658650091,-1.5873511632249828
263,robotC,0.0,0.0,,,robotB,5.0,1.1681897204609866,-0.032064249934182935,0.5258630426970319,-0.948154707731417,-0.19180390235491826,0.19269680946406584,-0.26774445923267387,-0.9844776651416829
263,robotD,0.0,0.0,,,robotA,3.0,0.31950155490535104,-0.8097573357552863,1.0979376610186966,0.0473037568379352,-0.022371420052648083,-0.5410910707868339,0.5604261260472154,-2.641567397736148
263,robotE,0.0,0.0,,,robotE,4.0,0.14193508178704592,0.39017581517468325,0.112022109572637,0.2682868297160278,0.07755458708476522,0.19183823024736874,0.06528271106915912,-0.7803383361669801
263,robotF,0.0,0.0,,,robotD,4.0,0.498737384066827,0.1442319217223396,0.947303342487264,0.5705156427163941,0.6860577387301753,-0.1665141157814161,0.3139412664035918,-1.9487497045742626
264,robotA,0.05,0.0,,,robotF,3.0,0.4195285455235262,0.06367688651025705,-0.030378773360716874,-0.2975166135158253,0.17821446886872863,0.5660956919688985,-0.01805062310930903,1.5647380159230897
264,robotB,0.05,0.0,,,robotC,5.0,1.5521669963861038,-0.3448095886181638,1.2529056654103086,0.4182654386736009,0.028882747151848853,-0.5918163778102384,-0.2607932463067577,-1.5873763395908493
264,robotC,0.0,0.0,,,robotB,5.0,1.1637588651909396,-0.03202786298183171,0.525863360824665,-0.9418768627115612,-0.1995831952495767,0.19273681591510985,-0.26780286381300017,-0.9844745351403931
264,robotD,0.0,0.0,,,robotD,3.0,1.4106528823892974,-0.8099168885796785,1.0979474272685255,-0.593395534771603,0.8593344959505114,-0.5408458629906598,0.5605675988573459,-2.641627085849602
264,robotE,0.0,0.0,,,robotE,4.0,0.12694894099811035,0.39046730503656085,0.11202145626359145,0.2661648101328424,0.07719583908186188,0.19219822358943053,0.0649365070923888,-0.7803019050128177
264,robotF,0.0,0.0,,,robotD,5.0,0.5000708425876034,0.14410905216535308,0.9473014317467006,0.5691679004742369,0.6786318869131902,-0.16637990463453411,0.31428553787831415,-1.9487596930404136
265,robotA,0.05,0.0,,,robotE,3.0,0.4166207775714707,0.06316464156280899,-0.030308682218046386,-0.050027019217122645,-0.12409424399735412,0.5664111762159694,0.03216708320442649,1.5632789893150365
265,robotB,0.05,0.0,,,robotE,5.0,1.4617117142198535,-0.38384638013876926,1.2508556460367029,0.05295621233814814,-0.24666255781182958,-0.5926329427043545,-0.30941516109812606,-1.5877219905138498
265,robotC,0.05,0.0,,,robotD,5.0,1.1537742439215573,-0.05778350211221724,0.5417493453021783,-0.9456921101689063,-0.09234477511628354,0.20546840153464915,-0.28697493195805013,-0.9846383058336586
265,robotD,0.0,0.5,,,robotD,3.0,0.3124913816204033,-0.8233514343293683,1.0709264330502213,-0.599658802193546,0.8683353889584816,-0.5409398129640366,0.5604832316869987,-2.6313627348981274
265,robotE,0.0,0.0,,,robotB,4.0,0.12099089298598448,0.3718758668176934,0.13605132888628166,0.34963666979094826,-0.3165992869498145,0.19187592632619216,0.0652460752090733,-0.780322788120518
265,robotF,0.0,0.0,,,,,0.5230513034209332,0.11532754226141634,0.9386541845485964,,,-0.16658734747082465,0.31375071714495884,-1.9487446026069275
266,robotA,0.05,0.0,,,robotA,3.0,0.1470142821265049,0.06313512201344855,-0.030245807988628647,0.04515090839049284,-0.02275077418074507,0.5667928651739217,0.07976676508281272,1.561788526905929
266,robotB,0.05,0.0,,,robotE,5.0,1.5872157532179543,-0.48271309235453524,1.2474298902225265,0.07439048439811752,-0.2428243873471848,-0.5935093238857624,-0.36089603075309595,-1.5880349293772185
266,robotC,0.05,0.0,,,robotA,5.0,1.0512511585459705,-0.1272944516910624,0.567469040245465,-0.0033767438753526556,0.04685490182504257,0.23277123392245247,-0.32810593325606907,-0.9849639550635604
266,robotD,0.0,0.5,,,robotD,3.0,0.28647939226605934,-0.8282619106715049,1.0409941882921534,-0.6252043904251483,0.8742018229627873,-0.5393250827357597,0.5614775425007774,-2.131991383235096
266,robotE,0.0,0.5,,,robotB,4.0,0.49163954883090427,0.34244621540122167,0.1749876772186065,0.18570321832011152,-0.3944860914237172,0.19214257077747182,0.06500429252033471,-0.7708353230289754
266,robotF,0.05,0.0,,,robotE,5.0,0.5581724405048372,0.06814507215220439,0.924665622078344,0.01111277073886826,0.16829375120068227,-0.176792642706236,0.2880721710128021,-1.9490396493772368
267,robotA,0.05,0.0,,,robotA,3.0,0.01935804454615607,0.06303244701827082,-0.03016592522130025,0.0482630077099692,-0.02278915738670385,0.5672283666085435,0.1281625728054658,1.560663040171092
267,robotB,0.05,0.0,,,robotA,5.0,1.6251865774732424,-0.5816221400089536,1.2440780466469687,0.07182254638552114,0.022344053165104474,-0.5943634753078715,-0.40976039858577396,-1.5884278938589984
267,robotC,0.05,0.0,,,robotD,5.0,0.5869348049079437,-0.2186230166976817,0.5928965735392272,-0.9978822871482956,-0.1326398019527092,0.2628210277554439,-0.3734125330698548,-0.9853503209352104
267,robotD,0.0,0.5,,,robotD,4.0,0.5590307325946056,-0.2478287507040748,1.2866372561282369,-0.23224525025274065,1.074833761997098,-0.5342462925486943,0.5416728990374392,-2.004649793663808
267,robotE,0.0,0.5,,,robotB,4.0,0.6155947128951474,0.31770725387734533,0.20678904122444383,0.2586808605059396,-0.32277800810529994,0.19040358430263732,0.06629182249397958,-0.28025743677918724
267,robotF,0.05,0.0,,,robotC,4.0,0.7428445665991962,-0.006827637393763261,0.9109216471768449,0.38209582374410145,0.023731115438382543,-0.1704916243126356,0.27709636812131605,-1.9535098145752154
268,robotA,0.05,0.0,,,robotA,5.0,0.016439617375325878,0.0629807165608425,-0.030113777897559167,0.04082859706610391,-0.02324166305900941,0.5607584587883161,0.13672830747020115,1.570468474260535
268,robotB,0.05,0.0,,,robotD,5.0,1.4319330925428015,-0.680606824474535,1.2406553530332176,-0.6194514873388366,0.9135032083040749,-0.5952419589569441,-0.4593736996720639,-1.5886986224958513
268,robotC,0.05,0.0,,,robotB,5.0,1.0183524077583843,-0.3103135784962599,0.6185531807553768,-1.0346416549522155,-0.31319424394331574,0.2536299559762159,-0.362942032667563,-1.0153130498107001
268,robotD,0.05,0.0,,,robotD,4.0,0.24471929801005352,-0.11727409620599225,1.2908642426142838,-0.07890966128516129,1.052033712443551,-0.542690194305453,0.5121703070396955,-1.7678655822022813
268,robotE,0.0,0.5,,,robotE,5.0,0.412438880267725,0.3742189385879247,0.07314721522559103,0.29753426632228497,0.05167978265452175,0.1939241720840043,0.06852719082413497,0.2569265763737101
268,robotF,0.05,0.0,,,robotE,5.0,0.9995932590579247,-0.10421264118172377,0.897052797578206,0.07668988467116998,-0.22501563502417837,-0.18147280628732418,0.24233279629000426,-1.9550675705498295
269,robotA,0.05,0.0,,,robotC,5.0,0.023101729612208396,0.06290876429024221,-0.030035493085561058,0.6099456269699408,0.26942443576877007,0.5607798596450186,0.18654447801544224,1.5694077271357123
269,robotB,0.05,0.0,,,robotE,5.0,0.3612614175757728,-0.7795501798053515,1.2373522788591238,0.15263355687780253,-0.20561430586219276,-0.596132210554863,-0.5084492716004421,-1.5891076566047757
269,robotC,0.05,0.0,,,robotA,5.0,1.1475969437908697,-0.4017277417017036,0.6440929249940247,0.001777802030157987,0.05512046796470666,0.2805446655183089,-0.4063215847089836,-1.0156636662070968
269,robotD,0.05,0.0,,,robotC,5.0,0.2780418475572805,0.08749067265716856,1.2747851386049722,0.5489543312330045,0.05471902994861244,-0.5524857687612068,0.4616607026887513,-1.7678272409524811
269,robotE,0.0,0.5,,,robotE,5.0,0.14828274670643515,0.383188567420454,-0.0693620021728221,0.2884963579718039,0.09085405418018967,0.17452944871159937,0.07089873692072232,0.7835060481503648
269,robotF,0.05,0.0,,,robotE,4.0,1.1425161661233774,-0.20080399588243045,0.8832895287770939,0.10970643902764939,-0.21052999435351774,-0.20013161787185205,0.1961959087678895,-1.9553558634212675
270,robotA,0.05,0.0,,,robotC,5.0,0.6236627862396611,0.06285816813026192,-0.029992636758098108,0.5628428896170123,0.126696916888168,0.5608568847901553,0.23277979122274473,1.568344318134084
270,robotB,0.0,0.5,,,robotD,5.0,1.770786602797518,-0.8785732619233814,1.2339334319725475,-0.7722769580986344,0.8667112070865984,-0.5897202194383603,-0.5053931308296336,-1.4332906022040908
270,robotC,0.05,0.0,,,robotF,5.0,0.7891829692972361,-0.4933018061272982,0.6696983235822532,-0.34882397611864857,-0.5964694562245343,0.3064787264569905,-0.4481556790269363,-1.0160101507141102
270,robotD,0.05,0.0,,,robotD,3.0,1.3242046263639666,0.011131142204322176,1.2647868420264112,0.10056253169523444,1.0222352103226149,-0.5621645791113191,0.4130906382070348,-1.7680936680580226
270,robotE,0.05,0.0,,,robotE,5.0,0.30643247427505566,0.34494951333026735,-0.2103334331767818,0.25482806913725814,-0.16856518622690173,0.16963947944358143,0.07179354293766221,1.2561279324615684
270,robotF,0.05,0.0,,,robotF,5.0,1.1544199472489818,-0.2980004575933962,0.869498015030488,-0.15650720314577501,0.6458516029558884,-0.21846540621977797,0.15092609257578118,-1.9557167452850153
271,robotA,0.05,0.0,,,robotC,5.0,0.5239869947663782,0.06283029618156406,-0.029986767936569392,0.580395348401827,0.21633397201202237,0.560971914175803,0.2810658783989267,1.56841787614132
271,robotB,0.0,0.5,,,robotA,6.0,0.5163968812198533,-0.7194592215064017,1.3803998536760131,0.06214060981441931,0.016399498841906935,-0.5866327205016623,-0.5123765207288413,-1.0524277071340058
271,robotC,0.0,0.5,,,robotE,4.0,1.3121794799724096,-0.583504250034442,0.6945534547632882,0.2574284316205558,-0.049351152900952266,0.3166900271210138,-0.46445714954783,-0.7362746939721329
271,robotD,0.05,0.0,,,robotD,4.0,0.29946236505515783,-0.08579433242171103,1.2566468723211746,0.010526622336977995,1.0090853754655988,-0.5718085664154419,0.3648556800356925,-1.768490002917956
271,robotE,0.05,0.0,,,robotC,6.0,0.16920778544698178,0.2518422038756709,-0.33774662511578063,0.43130473867295377,0.47939751014809867,0.17484000717398507,0.11810667155759261,1.2959076702910384
271,robotF,0.05,0.0,,,robotA,4.0,0.316803241531339,-0.39343463613117424,0.856160150912725,8.215936513758581e-05,-0.0365601602095763,-0.23774069971547193,0.10334806914924882,-1.9559866973397024
272,robotA,0.05,0.0,,,robotD,5.0,0.5731961574140568,0.06283032734988103,-0.029999711956977235,-0.1256708345031473,0.9961376033064815,0.5610872978287417,0.3287689908116686,1.568141516921161
272,robotB,0.0,0.5,,,robotA,5.0,1.578853898056544,-0.1922112973303784,1.5746307842229148,0.06730867963524599,-0.013385524365069202,-0.5792629906185224,-0.49289489543826986,-0.5435813381664397
272,robotC,0.05,0.0,,,robotD,4.0,1.1366224257740125,-0.39815314366585186,0.879154817417706,-0.5002360839210087,-0.49741550568696113,0.3338629841506079,-0.4528449738840251,-0.5329607767086973
272,robotD,0.05,0.0,,,robotC,3.0,0.3083653104255098,-0.18417487471294183,1.248209802742155,0.6038916805837405,0.29186772662620397,-0.5814863394504548,0.3165739187536773,-1.768726037446117
272,robotE,0.05,0.0,,,robotE,5.0,0.8322803363001505,0.24498984837314913,-0.33176050148987024,0.21304068352308556,-0.31055786788605166,0.188299543277614,0.16596117760859455,1.295514211463742
272,robotF,0.05,0.0,,,robotA,5.0,1.0065801232140064,-0.4904390578187284,0.8424122397791737,0.0022126570208219156,-0.03665633258423429,-0.2561770611964245,0.05790408817161071,-1.9563594028384352
273,robotA,0.05,0.0,,,robotC,3.0,1.0433137715738234,0.06282600632688304,-0.030006912321163526,0.42041628640491024,0.7324758305983551,0.5566925099010944,0.3506830614829374,1.580742973575333
273,robotB,0.0,0.5,,,robotE,4.0,1.6050442438919685,0.578428014216525,1.508101922401394,0.15057504264675836,-0.35528349832967954,-0.5475273867233532,-0.5056350936411538,-0.42244786145437746
273,robotC,0.05,0.0,,,robotC,4.0,1.4850835976393022,-0.3014325765959312,0.9743013344193621,-0.17146178836571316,0.7405312819417987,0.34423983939046066,-0.4379065829175167,-0.16433084637685155
273,robotD,0.0,0.5,,,robotD,4.0,1.2975554733182435,-0.28216131837444436,1.2397919268528557,-0.164932997340374,0.997864830409004,-0.5855586957241361,0.2870029105652692,-1.515887019111489
273,robotE,0.05,0.0,,,robotE,5.0,0.031742726879782565,0.24267267341485196,-0.32193969044743115,0.20005430927810172,-0.27464143954513903,0.20162747914028284,0.2130870995899702,1.2951147700816805
273,robotF,0.05,0.0,,,robotA,4.0,1.0469392437741178,-0.5871928028848016,0.82860835754692,0.002481128950315419,-0.032453642149487955,-0.2642500688933196,0.06189700105968259,-1.9843834217847582
274,robotA,0.0,0.0,,,robotF,3.0,0.8421791180716776,0.06282661591494457,-0.03001698541689511,-0.6515104185203888,-0.6890228205911242,0.5564663813681026,0.3733265151747298,1.5806401809417845
274,robotB,0.0,0.0,,,robotC,4.0,1.9045768867945672,0.7336757653128654,1.4578371995110213,0.8919084007188095,0.12888334206642893,-0.5247941831517631,-0.5084517908478823,-0.1612474710165222
274,robotC,0.05,0.0,,,robotB,4.0,0.38354064831409557,0.028373118990515048,1.067898718793915,-0.8375294376057003,0.5709180111461899,0.39998365426972626,-0.43305886796448434,-0.14682772331262856
274,robotD,0.0,0.5,,,robotC,4.0,0.31335463085551124,-0.027633793154049378,1.2795384947945758,0.6994006625943301,0.30704851911642383,-0.5833775339677381,0.29572650895408004,-1.1203619064027959
274,robotE,0.05,0.0,,,robotE,5.0,0.05501186786471012,0.24016973584302506,-0.3122852724727059,0.20656178749018045,-0.2686362267566662,0.21553994319193276,0.2622940465110598,1.2948135744062657
274,robotF,0.05,0.0,,,robotD,4.0,1.0903420033075066,-0.6836642726576718,0.8149247692045193,-0.6734222844931558,0.2110688319061981,-0.28407519073310306,0.01675214306600266,-1.984781389780065
275,robotA,0.0,0.0,,,robotE,3.0,0.9719669597771341,0.06293849359380746,-0.030021665146578367,0.04206038966998613,-0.3851239190306461,0.5564693578790327,0.3732314654667473,1.5806390860133925
275,robotB,0.0,0.0,,,robotC,3.0,1.146325770317224,1.0219773900689224,1.2678060039284265,0.7973544062421621,-0.058666407625730776,-0.5257005494510603,-0.511867641729135,-0.14899621355175216
275,robotC,0.0,0.0,,,robotC,4.0,0.9263523466788406,-0.06716853641770772,1.0853815687654043,-0.02077680736723572,0.9528883981106789,0.4241811733926625,-0.43660398254105615,-0.1469252847354412
275,robotD,0.0,0.0,,,robotD,3.0,0.907915748514304,0.4808094286561361,1.188257279198657,0.37681702602808614,0.9732331122254054,-0.5752987589850742,0.2692328632451461,-0.8915594810894728
275,robotE,0.05,0.0,,,robotF,6.0,0.040123545867035044,0.20749755387623176,-0.308748859108767,-0.8934240324592004,-0.4225079612703848,0.2289888188659116,0.30975387217261274,1.2944284107565935
275,robotF,0.05,0.0,,,robotE,4.0,0.6036342352381975,-0.7509341846998645,0.8097057797117515,-0.14414371782626859,-0.1959341743527013,-0.30452180791367106,-0.02976492794212142,-1.9850273765018396
276,robotA,0.0,0.0,,,robotA,3.0,0.3557186777257294,0.06299064803319723,-0.030021536656505195,0.04790722322314968,-0.02312053625222463,0.5564670399557283,0.373314764817475,1.5806427846800966
276,robotB,0.0,0.0,,,robotD,4.0,1.3298800509505146,1.0462476403200007,1.247715277773455,-0.28254334367678363,0.8445293443739966,-0.5259105457932589,-0.5118370044288553,-0.1489915221548539
276,robotC,0.0,0.0,,,robotB,5.0,0.14918301684158358,-0.08943598983545795,1.0853326851779268,-1.1262724805141355,0.5632522568982264,0.4243093677522084,-0.4366232484312328,-0.14689702796246226
276,robotD,0.0,0.0,,,robotA,3.0,0.30710509465813934,0.6650058236582608,1.0793498219626516,-0.04489615798120057,-0.030691459945860106,-0.5829437096656482,0.2724750181221876,-0.8708974908847764
276,robotE,0.0,0.0,,,robotF,5.0,1.0571158193002712,0.15754550331101458,-0.3086796242983378,-0.9470538092531442,-0.4332253457916905,0.2416552369257281,0.35438537682119775,1.2941159259722834
276,robotF,0.0,0.0,,,robotC,5.0,1.2009969505616953,-0.8010162004561107,0.8095071301609928,0.3411587259681848,0.7359413449778622,-0.3151480759018944,-0.05393503797492279,-1.9852873126196322
277,robotA,0.0,0.0,,,robotA,3.0,0.016549909332569602,0.06294919353856927,-0.03002261042933327,0.04806076932950178,-0.024176194505971204,0.5564678771577126,0.37327078841251665,1.5806416626719189
277,robotB,0.0,0.0,,,robotA,3.0,1.3887206704233779,1.0463751406810369,1.2476679835457705,-0.008385211177728141,-0.05094462007074114,-0.525795814306155,-0.5118488058923539,-0.14896433693009106
277,robotC,0.0,0.0,,,robotB,5.0,1.1608074702760305,-0.08949725784852715,1.085335699190084,-1.124596443660727,0.5707530188424895,0.42415614346149844,-0.43660368192885,-0.14689888681641367
277,robotD,0.0,0.0,,,robotC,3.0,1.318045673482673,0.6804578479778481,1.0698111358827702,0.5600102236270511,-0.500268288046965,-0.5828281057541569,0.27237174411487847,-0.8708361899067372
277,robotE,0.0,0.0,,,robotB,5.0,1.0706936909127152,0.11636706577516602,-0.3086419507732689,-1.007560001038962,0.6275516915185957,0.21616509698522354,0.25578384992835057,1.2515214047966887
277,robotF,0.0,0.0,,,robotD,6.0,1.1676357976815464,-0.8241683351321099,0.8093320575699247,-0.653445303399669,0.5757078555743851,-0.31504618220038555,-0.053697835736651205,-1.9852989436093826
278,robotA,0.0,0.0,,,robotA,3.0,0.016012747897850423,0.06296811211319214,-0.030022494735147617,0.046683438875968465,-0.02449053944797951,0.5564676714299777,0.37327408390846256,1.5806421904823598
278,robotB,0.0,0.0,,,robotA,4.0,1.6729841157301657,1.0463806893777163,1.2476487522020836,-0.012648522360272514,-0.05220280246169782,-0.5257272723638985,-0.5118595246303604,-0.14895863572758053
278,robotC,0.0,0.0,,,robotB,5.0,1.1560272828345524,-0.08941429964144834,1.0853373242400481,-1.127168244092362,0.5719455298075306,0.42430513659258806,-0.43662414693812135,-0.14689714979621904
278,robotD,0.0,0.0,,,robotA,4.0,1.574664657339365,0.6804460968467022,1.0697839351340093,-0.04456925750081077,-0.031249577134464895,-0.582793916999249,0.27233891671212873,-0.8708373863654355
278,robotE,0.0,0.0,,,robotE,5.0,1.4626585910032373,0.1162310207218854,-0.308644812023949,0.08871976993554662,-0.2636374218270669,0.2160634737257827,0.25546805630870084,1.2515130526481504
278,robotF,0.0,0.0,,,robotD,5.0,0.2893038343998416,-0.8241078245937719,0.8093122486369371,-0.6395779059132097,0.5936657050129024,-0.31517288990850867,-0.05399381782609137,-1.9852899374968866
279,robotA,0.0,0.0,,,robotA,3.0,0.017202332426047,0.06297198761907495,-0.0300225753064743,0.04743656545039023,-0.024344827331942934,0.5564668185778474,0.3733067471172091,1.5806436678318698
279,robotB,0.0,0.0,,,robotA,4.0,1.6766114797297655,1.0463276272092488,1.247641637694333,-0.01261558784766351,-0.0521199505275053,-0.5261317798258246,-0.5118058705514931,-0.14898325669960652
279,robotC,0.0,0.0,,,robotB,5.0,1.1577381859424665,-0.08948461279241587,1.085336597631573,-1.1233929969963323,0.5701462738255123,0.4241877391515556,-0.4366085450518298,-0.14690182779394823
279,robotD,0.0,0.0,,,robotC,3.0,1.3182695100014694,0.6803936734011635,1.0697786921745176,0.5461737509688158,-0.5789114561036549,-0.5830306186429755,0.27261667662023736,-0.8708836689646876
279,robotE,0.0,0.0,,,robotD,3.0,0.052816292086087284,0.11636113978655709,-0.30864314793478054,-0.5778836047294008,0.39693835172022834,0.2162488719168504,0.25604933305575117,1.2515371837940439
279,robotF,0.0,0.0,,,robotD,5.0,0.2839138586153009,-0.8242522716979611,0.8093099902045786,-0.6409630001142139,0.5896760533403619,-0.3151023057505861,-0.0538287432635729,-1.985296732687355
280,robotA,0.0,0.0,,,robotA,3.0,0.01651948714166847,0.06294951121412747,-0.030023028557251617,0.04722973416695534,-0.024774240862997524,0.5564681107025089,0.373245387535512,1.580641919345695
280,robotB,0.0,0.0,,,robotB,2.0,1.676660518978295,1.0465308687507104,1.2476489825431674,0.7286461321001202,0.7995349447320238,-0.5254417872392767,-0.5119006369752717,-0.14891718233156717
280,robotC,0.0,0.0,,,robotB,5.0,1.1551910323928396,-0.089446863555,1.0853372233408873,-1.1277269588552459,0.5721962809314831,0.4242476610834238,-0.43661668761659256,-0.14690195817412802
280,robotD,0.0,0.0,,,robotD,3.0,1.6541652046227178,0.6805715901681108,1.069784921342198,0.530097759425794,0.7913364419273815,-0.582639529718178,0.27216243163664733,-0.870821646045066
280,robotE,0.0,0.0,,,robotE,5.0,0.9896701446110202,0.11608599685038144,-0.30864877062370744,0.089992888085319,-0.2654146787026994,0.21604594806519564,0.2554237349718764,1.251514597162484
280,robotF,0.0,0.0,,,robotD,5.0,0.2860235265345484,-0.8241848783553345,0.8093102971755515,-0.6438781857363538,0.5920065728983239,-0.3151027647504838,-0.05382955994263075,-1.9852975656315344
281,robotA,0.0,0.0,,,robotA,3.0,0.016605730971115642,0.0629842219022634,-0.030022708952173377,0.04709344352259397,-0.024438780494029533,0.5564662842628483,0.37331696803657677,1.5806448233568715
281,robotB,0.0,0.0,,,robotA,4.0,0.5492007998835687,1.046209019750313,1.2476145481285885,-0.01243745570876842,-0.052017173344312474,-0.5260379711735385,-0.5118130989943461,-0.14894893891573274
281,robotC,0.0,0.0,,,robotB,5.0,1.1581577797835958,-0.08945147445687555,1.085337062170509,-1.1245821305883799,0.5707705589646533,0.4242753201597059,-0.4366204675575067,-0.1469028345803266
281,robotD,0.0,0.0,,,robotA,4.0,0.3163554441577616,0.6802643294259488,1.0697799160880146,-0.04458069580066774,-0.03095852257589211,-0.5830006518209823,0.2725839959191956,-0.8708773405413429
281,robotE,0.0,0.0,,,robotD,4.0,0.050654144079861414,0.11639147848245261,-0.30864611098880024,-0.5737670587042492,0.39411312112321867,0.21623657706848295,0.25601290655223896,1.2515393112853102
281,robotF,0.0,0.0,,,robotD,5.0,0.2823574179920092,-0.8241696951016503,0.8093097784565885,-0.6363379485479617,0.5908618136166518,-0.3151601831066236,-0.05396443869147426,-1.9852951501817528
282,robotA,0.0,0.0,,,robotA,3.0,0.016809621978627256,0.06294825054447352,-0.030023445691094382,0.0471034281665457,-0.024426695673467495,0.556467651756407,0.37325320280574703,1.5806429638570136
282,robotB,0.0,0.0,,,robotA,3.0,1.6764411058875797,1.0465403050856057,1.2476061888851084,-0.008378286092452206,-0.05086978981992514,-0.5255119619009059,-0.5118853666946676,-0.14890684206071925
282,robotC,0.0,0.0,,,robotB,5.0,1.155946181453464,-0.08948146338283543,1.0853365733568607,-1.122278258481309,0.569508057890915,0.42418284139281326,-0.43660791616175154,-0.1469061460876383
282,robotD,0.0,0.0,,,robotD,3.0,1.3181268264691541,0.6805580542218513,1.0697831019089015,0.5306033007439346,0.7920799271405801,-0.5826683487318561,0.2721971761066088,-0.8708269627111077
282,robotE,0.0,0.0,,,robotE,5.0,0.9847780155539033,0.11609671963922781,-0.3086497885753126,0.08961196577154316,-0.2643771970525959,0.21605026780987638,0.2554314106385974,1.2515122863116819
282,robotF,0.0,0.0,,,robotD,5.0,0.2881534357162396,-0.8242574778050029,0.8093078093201321,-0.6405762194983304,0.5840211049879083,-0.3150062792333459,-0.053600085106929075,-1.9853091651022405
283,robotA,0.0,0.0,,,robotA,3.0,0.016831313277616944,0.0629770764761954,-0.03002315848410416,0.04665587897631912,-0.024483286950364433,0.5564665572957612,0.3732959237168291,1.5806448817823293
283,robotB,0.0,0.0,,,robotA,4.0,1.6728069660741625,1.0462660499218035,1.2475940988806018,-0.012613786947556577,-0.05206630878093232,-0.5260040978311604,-0.5118185453949408,-0.1489231933106577
283,robotC,0.0,0.0,,,robotB,5.0,1.1544899573544531,-0.08943390312114856,1.085337098594268,-1.1225395088919867,0.5697038900018533,0.42429015472931386,-0.43662230464010887,-0.1469044849267526
283,robotD,0.0,0.0,,,robotA,4.0,0.31547082588061226,0.6802835543844529,1.0697805999015686,-0.044868182328127844,-0.031154944057540074,-0.5830033454517679,0.27258754596923285,-0.8708788859394625
283,robotE,0.0,0.0,,,robotD,4.0,0.051737815935880865,0.11638887734628402,-0.30864680970431896,-0.5735253706816057,0.3939407040197694,0.21622293467422557,0.25597205478306206,1.2515412372669887
283,robotF,0.0,0.0,,,robotD,5.0,0.2905511483309657,-0.8240588344505686,0.8093078107801752,-0.6348204945572621,0.5893606194047823,-0.3152477025109797,-0.054163212559117276,-1.985297685095725
284,robotA,0.05,0.0,,,robotA,3.0,0.017222098713534813,0.06296249288164638,-0.030023596241489394,0.04727248648658459,-0.024247536931578523,0.5562020279403299,0.40020748608244744,1.5804969008282779
284,robotB,0.05,0.0,,,robotA,3.0,1.6765771073293587,1.046547619297437,1.247582840929099,-0.008288442721440767,-0.050251244858076784,-0.5210758473500023,-0.5125499497332243,-0.14880105341783909
284,robotC,0.0,0.0,,,robotB,5.0,1.1545861284327414,-0.08948941983586205,1.0853361634976457,-1.128478731782992,0.5727632748150733,0.42419502254094443,-0.43660932366439986,-0.1469075519602257
284,robotD,0.0,0.0,,,robotD,3.0,1.3184470355577471,0.6805539723368099,1.0697834207441823,0.5305949559514448,0.7922757632833972,-0.5826798976713004,0.2722110410765882,-0.8708299650360604
284,robotE,0.0,0.0,,,robotE,5.0,0.98450366912812,0.11611926975844972,-0.3086528800948577,0.09053414801318103,-0.2651025641560619,0.21605891679478748,0.2554701783952925,1.2515205650447316
284,robotF,0.0,0.0,,,robotD,5.0,0.2903492626386223,-0.8243702863669032,0.8093005447019264,-0.6439347806580322,0.5871660077697757,-0.3150128924441242,-0.053626935746947275,-1.985322212768913
285,robotA,0.05,0.0,,,robotA,3.0,0.016692494219752753,0.06293210106486521,-0.03002818002177017,0.048131662333229935,-0.02444656693270006,0.5557224898036573,0.44993511785081314,1.5803387551010892
285,robotB,0.05,0.0,,,robotA,4.0,1.6887935913423782,1.0334792306467324,1.2789379474257567,-0.01255247321596859,-0.05184728448747796,-0.4729189900658732,-0.5197780883534328,-0.14909141961120542
285,robotC,0.0,0.5,,,robotB,5.0,1.1663722629568634,-0.09654097806904564,1.1163888152884114,-1.1264403787138908,0.5718455643619659,0.4497630042084786,-0.4403933504205738,-0.1469781960277258
285,robotD,0.05,0.0,,,robotA,4.0,0.32343936614559377,0.6560223647246782,1.090404910971267,-0.04452429064831465,-0.030925660072037023,-0.5801460022230449,0.269196746386819,-0.8707853700701296
285,robotE,0.0,0.0,,,robotD,4.0,0.06810630706087348,0.14757620418087028,-0.302313757225247,-0.5749781643528424,0.39490226709025483,0.21619383018797664,0.25591694067651916,1.2515438945534967
285,robotF,0.0,0.0,,,robotD,5.0,0.2997340902689937,-0.8546522539127699,0.8003294927631492,-0.6474734779333534,0.5853742006157273,-0.315227413257428,-0.05412324927859986,-1.9853113435749876
286,robotA,0.05,0.0,,,robotA,3.0,0.015708130696995767,0.06281123909408433,-0.0300372194989113,0.04819827154064889,-0.023845578014892305,0.5552688063304805,0.49801031217423913,1.580096272377082
286,robotB,0.05,0.0,,,robotA,3.0,1.696498959437576,0.9761985629814306,1.3267317331213593,-0.007151970776473339,-0.04886586615332757,-0.42202989191240603,-0.52742843327015,-0.14940096643516668
286,robotC,0.05,0.0,,,robotB,5.0,1.1562258825196554,-0.13299804370257823,1.1633949016244014,-1.1581965485442396,0.5651176291789647,0.48942464077960957,-0.44187314927909294,-0.05679505151758209
286,robotD,0.0,0.5,,,robotB,2.0,1.3262762533485473,0.6117955776340549,1.121572899881108,0.8592035547670187,0.5661706722828693,-0.5594672700633642,0.24462010044246713,-0.758646984501558
286,robotE,0.05,0.0,,,robotE,5.0,1.0320152237834583,0.1945667273593598,-0.292743049741378,0.10361597466296796,-0.24746933019140713,0.2169351806210702,0.25813346706473983,1.2515242379817186
286,robotF,0.05,0.0,,,robotD,5.0,0.32389698425771773,-0.9011353707726222,0.7867815007129274,-0.6774035398103186,0.573822279523039,-0.32500469315894975,-0.07632630832726729,-1.985539218989006
287,robotA,0.0,0.5,,,robotA,3.0,0.015873128416136084,0.06281142949550086,-0.030043305041931607,0.04968620663409031,-0.024057098684651893,0.5549254531577688,0.5396760418257678,1.590713120573997
287,robotB,0.05,0.0,,,robotA,4.0,1.6979412307634116,0.9176045848383966,1.3751530016899642,-0.006972326297675293,-0.047403303289471566,-0.3737536710943137,-0.534704135871671,-0.14975226843949874
287,robotC,0.0,0.5,,,robotB,5.0,1.2670223572582517,-0.07255685437745767,1.2183649852713665,-1.1191997233065283,0.9326163288303236,0.5082045561103956,-0.4425029388730559,0.23452085079608234
287,robotD,0.0,0.5,,,robotD,5.0,0.49059695704108847,0.73751095923395,1.0414351107278266,0.5867072407495849,0.969538774069438,-0.5388726728201212,0.22761497485145485,-0.5730750233020077
287,robotE,0.05,0.0,,,robotA,5.0,0.13652903673634395,0.23543028151309148,-0.2830385076035351,0.030675520773112176,-0.03687166721659344,0.23251077703667325,0.305244889027356,1.2512656919652119
287,robotF,0.05,0.0,,,robotA,4.0,0.35815455591958584,-0.9751677139795637,0.7728478620677538,0.040279092314159465,-0.010165261232557767,-0.34508998604630536,-0.12192968965516064,-1.985820572244437
288,robotA,0.0,0.5,,,robotA,3.0,0.01641765681736574,0.06401731998936347,-0.03206700788333242,0.05106248897447222,-0.024837566296691673,0.555759921953699,0.5371199218829166,2.0789851108265784
288,robotB,0.05,0.0,,,robotD,3.0,1.6997006149289375,0.8601880748369991,1.414449979052419,-0.3856715624336685,0.900835441465064,-0.33270095627688456,-0.5391557264604854,-0.02245223883080632
288,robotC,0.0,0.5,,,robotB,5.0,1.456365459659212,0.30801060448681916,1.2225663802674516,-0.9740995144889462,1.1450039519695376,0.4621736827655495,-0.42305672117117044,0.761458562834278
288,robotD,0.05,0.0,,,robotD,3.0,0.2603124277008218,0.8456222781748343,0.9426024897938117,0.5981017869975456,0.7293753743897932,-0.5073409351092569,0.21311495330191405,-0.40983187844747937
288,robotE,0.05,0.0,,,robotB,5.0,0.30631874833717543,0.22412401908166596,-0.2743771494375714,-1.2899236855723124,-0.47079397997849226,0.24846296549574862,0.35342456074110384,1.2508609650776037
288,robotF,0.0,0.5,,,robotA,4.0,1.3462923684612762,-1.0634994297703992,0.760662939835553,0.0433183448446673,-0.009558353243468617,-0.3299413323145637,-0.10934498145986787,-1.9612102546539345
289,robotA,0.0,0.5,,,robotA,3.0,0.03984737848557075,0.07238813197467503,-0.058498085050867586,0.03574611785767949,-0.04670431432921945,0.5189797383211204,0.4719155196574568,2.582205544676333
289,robotB,0.05,0.0,,,robotD,4.0,1.413168123118579,0.9608220470581781,1.3297866086112862,-0.6215763665306108,0.7620746422349377,-0.3125066802976598,-0.5616481355547437,-0.07221780319732736
289,robotC,0.05,0.0,,,robotD,5.0,1.8153543715841123,0.8335534040108945,0.9779637751600204,-0.34579895638949704,1.0741145015409446,0.4533213534620603,-0.42354116194311897,1.257501505145452
289,robotD,0.05,0.0,,,robotE,5.0,0.32146072371632106,0.9036333868101306,0.829312546694113,-0.06617588491257827,0.26440234237003013,-0.46565145882011205,0.2056831324508297,-0.3771496335386561
289,robotE,0.05,0.0,,,robotF,5.0,1.500778425028341,0.1949127910794795,-0.25262771623718827,-0.8718858918370891,-0.41712764741274705,0.2655567558677322,0.40498787414915827,1.2505796688386834
289,robotF,0.0,0.5,,,robotC,5.0,1.3807574674287182,-1.075781243413233,0.7992106467937273,0.13787519885448377,0.9611747654177775,-0.3297333864181209,-0.10812515059311745,-1.4500135671889482
290,robotA,0.0,0.5,,,robotC,4.0,0.04851897490931489,0.06700613018645843,-0.08381095194912941,0.7075439786504651,1.0034787585452323,0.5371789882968345,0.4704705878498303,2.8141824260825734
290,robotB,0.05,0.0,,,robotB,3.0,1.6038117247421124,0.8659683955625364,1.361593306823048,-0.15750764609027113,-1.271325884448203,-0.26311459297832573,-0.565229687226769,-0.07245007790095273
290,robotC,0.0,0.5,,,robotD,5.0,1.6488848457980234,1.1964969696310084,0.4908954078180766,0.129912257964213,1.1134797481679284,0.4720447857271329,-0.3922074520314104,1.293023813697082
290,robotD,0.05,0.0,,,robotD,3.0,1.0725785208081018,0.8482643296575482,0.8249590096890774,0.6624332246816903,0.6015750518155067,-0.4196487521283058,0.18748643493299397,-0.37733485720179993
290,robotE,0.0,0.5,,,robotF,5.0,1.0386374531127467,0.15157939049658806,-0.2402475330239905,-0.9292141395921211,-0.47501066749942716,0.26782882875847347,0.41214791175026655,1.638304966174778
290,robotF,0.0,0.5,,,robotD,5.0,0.7242324844464423,-0.5369499661248688,1.2240886072710657,-0.37754788976945713,0.8563862734953003,-0.33007300499521774,-0.10858104232090154,-1.2286339768282835
291,robotA,0.0,0.5,,,robotD,5.0,1.2760749081930356,0.0659240355518079,-0.09955842121705492,-0.42350509309127515,0.8662983978908751,0.5510202908071111,0.47123029044486797,-3.1212738174195938
291,robotB,0.05,0.0,,,robotB,3.0,2.8068602928075306,0.8151360997875784,1.3616247126850363,0.689962639836598,1.1045375384120142,-0.20887938025449723,-0.5691728131137073,-0.07288261705937661
291,robotC,0.05,0.0,,,robotF,5.0,1.209961950360757,1.1560652103840008,0.472372861946169,-0.18547024662918646,0.8855207780069629,0.48079369647359665,-0.3554783697710736,1.3836120441242437
291,robotD,0.05,0.0,,,robotC,4.0,0.26096896078390924,0.7975508445714455,0.82484176963964,0.859508853042763,-0.309984575607995,-0.3690703194595755,0.16742859130341914,-0.3777951859098005
291,robotE,0.0,0.5,,,robotF,6.0,0.9909430751632785,0.04163738534106189,-0.27647730821447425,-0.39209194893000965,0.80872502453279,0.23970449643653718,0.35126946227267564,2.1559697234192265
291,robotF,0.0,0.5,,,robotC,5.0,0.5097063661471638,-0.18565549605650578,1.3285916196383318,0.7674023782205172,0.7110906382423914,-0.3289410115068977,-0.1098820982682408,-0.6079076670269425
292,robotA,0.0,0.5,,,robotD,5.0,1.0888581127129955,0.040178684157381545,-0.11889668143977422,-0.17758955961568532,0.9450706086138644,0.548345398142206,0.4859169762167785,-2.612275474515721
292,robotB,0.05,0.0,,,robotA,5.0,0.2679648039025507,0.7644621433227246,1.3619379271274414,0.08403011830297104,-0.08204798153384409,-0.15988991874902223,-0.5727594056461349,-0.07316977371579986
292,robotC,0.05,0.0,,,robotF,4.0,1.432749311790524,1.1511499857688279,0.36955862359978353,0.01367893629025915,1.0531116785075354,0.4842649425187701,-0.3169222151022626,1.5069457896853982
292,robotD,0.05,0.0,,,robotD,4.0,1.1406532266461535,0.7471049101678408,0.8251168018400515,0.6318773362004981,0.627240130730345,-0.3234711557739893,0.14933276383877184,-0.37810131675239905
292,robotE,0.05,0.0,,,robotC,5.0,1.1160561005774698,-0.08850633827906071,-0.2652475061410063,0.8264884336462612,0.6345228098188496,0.23875065620459188,0.34452920886545907,2.6606520567786385
292,robotF,0.05,0.0,,,robotC,5.0,0.6165090330870869,0.475833718940308,1.2542951161358602,1.0439455912311197,0.18308754797523766,-0.3060565877469489,-0.12317575005184109,-0.4123984690702748
293,robotA,0.0,0.5,,,robotE,2.0,1.0809014240194457,-0.020127764698158492,-0.12430008089871808,0.028778025745360723,0.18877223149266095,0.5567953628128428,0.49469057497240493,-2.1712242877898023
293,robotB,0.05,0.0,,,robotC,5.0,1.5756866054036764,0.7141587784686089,1.3621563496071545,1.2395128912866582,-0.03499066364724406,-0.11046263883426949,-0.5763849858332127,-0.07353425497552563
293,robotC,0.05,0.0,,,robotA,5.0,1.3903875644361507,1.1446393708818234,0.24434343313241497,0.06524386848995313,-0.07856878990732909,0.48954949861898517,-0.2930971228951037,1.6363034802853824
293,robotD,0.05,0.0,,,robotD,4.0,0.20851503907836924,0.6969793383413574,0.8253316521014158,0.579452186500093,0.6336484304886603,-0.2773642540254526,0.13101289123133142,-0.37843437578344624
293,robotE,0.05,0.0,,,robotE,5.0,1.3212279469177708,-0.20312093055350774,-0.19345535708453895,-0.16386443553861918,-0.17936865339582123,0.21173743498047237,0.3617589278024429,2.7678889242781195
293,robotF,0.05,0.0,,,robotC,4.0,1.0431905649709756,0.6553120616490765,1.1511838936604524,1.0452882746455447,-0.1121280316475659,-0.2549045044005301,-0.15135116588581904,-0.3938581761225905
294,robotA,0.0,0.0,,,robotF,5.0,1.1440615205131792,-0.08452249328372348,-0.10636516160318307,1.0282573514538127,-0.3720675888876026,0.5643286965031785,0.4922577673490417,-2.085028591848914
294,robotB,0.0,0.0,,,robotE,5.0,1.5389552580867674,0.739947274645535,1.2955034866995307,-0.1809999688606125,-0.17136801591721415,-0.09233052199891115,-0.57824118878664,0.03657076004737732
294,robotC,0.05,0.0,,,robotB,5.0,1.0756486278536193,1.1303530566670985,0.07163902568159468,0.9779070905317666,0.16151796938785024,0.48791870287577904,-0.24374138662819897,1.6005647512868282
294,robotD,0.05,0.0,,,robotE,4.0,0.20156506299787835,0.643185472491779,0.8248722336043829,-0.2096732043596203,-0.08828178296519172,-0.24378800612088147,0.1258886193516186,-0.37771256773058476
294,robotE,0.05,0.0,,,robotE,5.0,0.10546573618396098,-0.2669734052645152,-0.1571974587755686,-0.18753345359194065,-0.1571927082709461,0.1738713073216407,0.3746323773755785,2.875032870073857
294,robotF,0.05,0.0,,,robotE,5.0,1.3249261374110837,0.6175756755306688,1.1418620808148296,-0.24659670280373125,-0.03802701274060382,-0.21768383128418078,-0.16414432603932622,-0.2506740701401515
295,robotA,0.0,0.0,,,,,,,,,,0.5716253602926219,0.4935342236041085,-2.0791497597939714
295,robotB,0.0,0.0,,,,,,,,,,-0.09675657920862996,-0.5787142227194411,0.048256816859852475
295,robotC,0.0,0.0,,,,,0.1063627858816282,1.074966910652639,0.12548132993835628,,,0.4872294168610535,-0.2209093734851226,1.6006553516989266
295,robotD,0.0,0.0,,,,,1.2630154213845792,0.5829655925997449,0.8203062136076233,,,-0.20188642756165803,0.10923414380226519,-0.3790184280750544
295,robotE,0.05,0.0,,,robotE,5.0,0.12843719322015704,-0.3105962048580324,-0.12042761812972687,-0.23618748229118666,-0.13009400662273327,0.150087586960787,0.3708354254839004,2.8802305040261102
295,robotF,0.05,0.0,,,,,1.417594322966185,0.7181445766513183,1.0463166470660488,,,-0.1907567607365519,-0.16762035223837957,-0.2768514289452244
296,robotA,0.0,0.0,,,,,1.1449994240172605,-0.08547041899732735,-0.10629675842310035,,,0.5716769650665046,0.49361800504570164,-2.0791614092122876
296,robotB,0.0,0.0,,,robotD,5.0,1.7325291458770145,0.7529931506092018,1.2878489296040412,-0.4385275579750551,-0.3477920158925396,-0.0968352684006987,-0.578710509700571,0.04819895762643498
296,robotC,0.0,0.0,,,robotE,5.0,0.08372379630954166,1.0533675441417716,0.12524960839022728,-0.23573574689277893,0.1484748679268037,0.4872331695847173,-0.22098107103984196,1.6006240996116043
296,robotD,0.0,0.0,,,robotF,5.0,1.1783679321553235,0.5396916175008947,0.8211154609771745,0.8335696378111773,-0.05005433827866171,-0.2019222002399943,0.10927103256545485,-0.37902670076127315
296,robotE,0.0,0.0,,,robotE,5.0,0.11735931173736029,-0.35230345366592886,-0.11305612990152851,-0.26006101276336496,-0.1168556122942102,0.12075275373311492,0.36399730191326274,2.9543861825518234
296,robotF,0.0,0.0,,,robotC,5.0,1.4147101489491196,0.6361274218647786,1.0675058566340945,0.7853242353702863,0.1117166249523928,-0.16694954800468226,-0.17436104817866577,-0.2768761380129698
297,robotA,0.0,0.0,,,,,1.1448653674803466,-0.08453589301000443,-0.10629161374386538,,,0.5724897102680571,0.49510592641388973,-2.0792043613582845
297,robotB,0.0,0.0,,,robotE,4.0,2.023630578179829,0.7530016252425826,1.2878543158323654,-0.29572361297127336,0.1479271100026426,-0.0969579799708613,-0.5787208827775043,0.04817685310900012
297,robotC,0.0,0.0,,,robotE,5.0,1.289343384407782,1.0533990385801855,0.12528289087249717,-0.25156296402008205,0.15854676524673694,0.4872309443762284,-0.22091047783940396,1.600625514134561
297,robotD,0.0,0.0,,,robotA,3.0,0.919265911256093,0.539811738546008,0.8210117397067055,0.009541840378984966,-0.07762600333709159,-0.20200821221660462,0.10930638455621941,-0.37900116403126155
297,robotE,0.0,0.0,,,robotE,5.0,0.14151107482458614,-0.4000197680786238,-0.0959527151597673,-0.3100619291323574,-0.08319129554161764,0.1204116122085151,0.36404292173187247,2.9583895836536267
297,robotF,0.0,0.0,,,robotA,5.0,0.9710949814208965,0.6135351414209111,1.0674958725513894,0.07504623682768281,-0.08127871633338955,-0.1671991272186335,-0.17429723096277985,-0.27689822565046923
298,robotA,0.0,0.0,,,,,1.1440916370151093,,,,,0.5717876504706558,0.4938197115983566,-2.0791663703279135
298,robotB,0.0,0.0,,,robotE,4.0,1.549011201480397,0.7530735320335739,1.2878658149080529,-0.31434182457141974,0.18605121298183888,-0.09665593669849439,-0.5787032290770008,0.04819830139139203
298,robotC,0.0,0.0,,,robotE,5.0,1.3053506225660634,1.0533638679337263,0.12528701358490407,-0.19875715703659147,0.274277251076127,0.48723391954305073,-0.22095608922916396,1.6006210415687998
298,robotD,0.0,0.0,,,robotA,4.0,1.043462764138564,0.5399077790730356,0.8209987855580686,0.010325224967604203,-0.07780304556559973,-0.20167242972933727,0.10917624744953458,-0.37898892301840237
298,robotE,0.0,0.0,,,robotE,5.0,0.0910731501529763,-0.4002614707842801,-0.09577546673282612,-0.35278029660783977,-0.06449045507906567,0.12076580051946617,0.36396400211343205,2.95837607220182
298,robotF,0.0,0.0,,,robotA,4.0,1.2687549101282134,0.6135639355749365,1.0675196602803716,0.07569380334265034,-0.08314997101309654,-0.16690058094204474,-0.1743726182980588,-0.27690359817397275
299,robotA,0.0,0.0,,,robotA,4.0,1.144861242537862,-0.08532965693904056,-0.10630220475341515,-0.08085483517311746,-0.07721236441528118,0.5717138934172555,0.49368646331277377,-2.0791635076027286
299,robotB,0.0,0.0,,,robotE,4.0,1.533946075729559,0.7529035877840748,1.2878578171789021,-0.31374202986798494,0.18582633939783688,-0.09700641887913933,-0.5787226220049818,0.04816632453774692
299,robotC,0.0,0.0,,,robotE,5.0,1.260972348045989,1.0533825624330546,0.1252893808883476,-0.19969061226338966,0.27432609290372156,0.48723356363386827,-0.22094033094712515,1.6006219070889667
299,robotD,0.0,0.0,,,robotD,4.0,1.043098985665962,0.5396822584332106,0.8209942758689114,0.4127768241983847,0.5679327913144553,-0.20186348996205936,0.10924842821504967,-0.378988361942821
299,robotE,0.0,0.0,,,robotE,5.0,0.05672204156857817,-0.4000886915288627,-0.09578431661298385,-0.35187773937783656,-0.06341713963729663,0.12038440575358356,0.36402249764049177,2.9584253582569118
299,robotF,0.0,0.0,,,robotA,5.0,1.2701224256213834,0.6134430291590075,1.0675179855235646,0.07497364610532317,-0.08162022233322581,-0.16707733207616976,-0.17432943559392775,-0.27690954643132015
