[INFO] [launch]: All log files can be found below /home/phlinke/.ros/log/2024-10-16-15-22-27-909330-pinky-33029
[INFO] [launch]: Default logging verbosity is set to INFO
[INFO] [ccr_goal_provider-1]: process started with pid [33031]
[INFO] [ccr_fake_execution-2]: process started with pid [33033]
[INFO] [ccr_centralized_planner-3]: process started with pid [33035]
[INFO] [ros2-4]: process started with pid [33037]
[ros2-4] stdin is not a terminal device. Keyboard handling disabled.[INFO] [1729084949.646620645] [rosbag2_recorder]: Press SPACE for pausing/resuming
[ros2-4] [INFO] [1729084949.679517237] [rosbag2_storage]: Opened database 'rosbag_1 robots_2024-10-16_13:22:28/rosbag_1 robots_2024-10-16_13:22:28_0.db3' for READ_WRITE.
[ros2-4] [INFO] [1729084949.679675052] [rosbag2_recorder]: Event publisher thread: Starting
[ros2-4] [INFO] [1729084949.680488685] [rosbag2_recorder]: Listening for topics...
[ccr_centralized_planner-3] /usr/lib/python3/dist-packages/scipy/__init__.py:146: UserWarning: A NumPy version >=1.17.3 and <1.25.0 is required for this version of SciPy (detected version 1.26.4
[ccr_centralized_planner-3]   warnings.warn(f"A NumPy version >={np_minversion} and <{np_maxversion}"
[ccr_fake_execution-2] /usr/lib/python3/dist-packages/scipy/__init__.py:146: UserWarning: A NumPy version >=1.17.3 and <1.25.0 is required for this version of SciPy (detected version 1.26.4
[ccr_fake_execution-2]   warnings.warn(f"A NumPy version >={np_minversion} and <{np_maxversion}"
[ccr_goal_provider-1] /usr/lib/python3/dist-packages/scipy/__init__.py:146: UserWarning: A NumPy version >=1.17.3 and <1.25.0 is required for this version of SciPy (detected version 1.26.4
[ccr_goal_provider-1]   warnings.warn(f"A NumPy version >={np_minversion} and <{np_maxversion}"
[ccr_fake_execution-2] [INFO] [1729084955.958691589] [ccr_fake_execution]: starting node [32mccr_fake_execution[0m
[ccr_fake_execution-2] [INFO] [1729084955.961548537] [ccr_fake_execution]: loading graph from /home/phlinke/ros/driving_swarm_infrastructure/install/driving_swarm_bringup/share/driving_swarm_bringup/maps/icra2024.yaml
[ccr_fake_execution-2] [INFO] [1729084955.962170752] [ccr_fake_execution]: generating square graph with grid size 0.5 and working area (-2.25, 2.75)x(-1.75, 1.25)
[ccr_goal_provider-1] [INFO] [1729084955.963282493] [ccr_goal_provider]: starting node [32mccr_goal_provider[0m
[ccr_goal_provider-1] [INFO] [1729084955.966042680] [ccr_goal_provider]: loading graph from /home/phlinke/ros/driving_swarm_infrastructure/install/driving_swarm_bringup/share/driving_swarm_bringup/maps/icra2024.yaml
[ccr_goal_provider-1] [INFO] [1729084955.966818242] [ccr_goal_provider]: generating square graph with grid size 0.5 and working area (-2.25, 2.75)x(-1.75, 1.25)
[ccr_centralized_planner-3] [INFO] [1729084955.977780112] [ccr_centralized_planner]: starting node [32mccr_centralized_planner[0m
[ccr_centralized_planner-3] [INFO] [1729084955.980847685] [ccr_centralized_planner]: loading graph from /home/phlinke/ros/driving_swarm_infrastructure/install/driving_swarm_bringup/share/driving_swarm_bringup/maps/icra2024.yaml
[ccr_centralized_planner-3] [INFO] [1729084955.981436808] [ccr_centralized_planner]: generating square graph with grid size 0.5 and working area (-2.25, 2.75)x(-1.75, 1.25)
[ccr_goal_provider-1] [INFO] [1729084956.663138693] [ccr_goal_provider]: read waypoints from /home/phlinke/ros/driving_swarm_infrastructure/install/driving_swarm_bringup/share/driving_swarm_bringup/params/icra2024_waypoints.yaml
[ccr_goal_provider-1] [INFO] [1729084956.671157994] [ccr_goal_provider]: goals: {'robotA': [9, 1]}
[ccr_fake_execution-2] [INFO] [1729084956.678563668] [ccr_fake_execution]: read poses from /home/phlinke/ros/driving_swarm_infrastructure/install/driving_swarm_bringup/share/driving_swarm_bringup/params/icra2024_poses.yaml
[ccr_fake_execution-2] [INFO] [1729084956.701901666] [ccr_fake_execution]: robotA at position [2.5, 1.0, 0.0] = state 1
[ros2-4] [INFO] [1729084956.779336071] [rosbag2_recorder]: Subscribed to topic '/command'
[ros2-4] [INFO] [1729084956.781341234] [rosbag2_recorder]: Subscribed to topic '/robotA/nav/current_node'
[ccr_centralized_planner-3] [INFO] [1729084956.783142226] [ccr_centralized_planner]: Received goal 9 from robotA
[ros2-4] [INFO] [1729084956.783319608] [rosbag2_recorder]: Subscribed to topic '/robotA/nav/goal_completed'
[ros2-4] [INFO] [1729084956.785287221] [rosbag2_recorder]: Subscribed to topic '/robotA/nav/goal_node'
[ros2-4] [INFO] [1729084956.787384447] [rosbag2_recorder]: Subscribed to topic '/robotA/nav/plan'
[ccr_centralized_planner-3] [INFO] [1729084961.705714771] [ccr_centralized_planner]: Received state 1 from robotA
[ccr_centralized_planner-3] [INFO] [1729084962.676927371] [ccr_centralized_planner]: 
[ccr_centralized_planner-3] 
[ccr_centralized_planner-3]  replaned due to new goal
[ccr_centralized_planner-3] 
[ccr_centralized_planner-3] [INFO] [1729084962.710767179] [ccr_centralized_planner]: Sent plan [1, 44, 45, 56, 55, 39, 53, 51, 32, 35, 10, 9] to robotA
[ccr_fake_execution-2] [INFO] [1729084962.711086476] [ccr_fake_execution]: got plan for robotA: [1, 44, 45, 56, 55, 39, 53, 51, 32, 35, 10, 9]
[ccr_centralized_planner-3] [INFO] [1729084962.711508727] [ccr_centralized_planner]: Received state 1 from robotA
[ccr_centralized_planner-3] [INFO] [1729084963.677002151] [ccr_centralized_planner]: 
[ccr_centralized_planner-3] 
[ccr_centralized_planner-3]  did not replan 
[ccr_centralized_planner-3] 
[ccr_centralized_planner-3] [INFO] [1729084963.677679048] [ccr_centralized_planner]: Sent plan [1, 44, 45, 56, 55, 39, 53, 51, 32, 35, 10, 9] to robotA
[ccr_fake_execution-2] [INFO] [1729084963.677964643] [ccr_fake_execution]: got plan for robotA: [1, 44, 45, 56, 55, 39, 53, 51, 32, 35, 10, 9]
[ccr_centralized_planner-3] [INFO] [1729084963.705436329] [ccr_centralized_planner]: Received state 1 from robotA
[ccr_centralized_planner-3] [INFO] [1729084964.676873770] [ccr_centralized_planner]: 
[ccr_centralized_planner-3] 
[ccr_centralized_planner-3]  did not replan 
[ccr_centralized_planner-3] 
[ccr_centralized_planner-3] [INFO] [1729084964.677515872] [ccr_centralized_planner]: Sent plan [1, 44, 45, 56, 55, 39, 53, 51, 32, 35, 10, 9] to robotA
[ccr_fake_execution-2] [INFO] [1729084964.677807818] [ccr_fake_execution]: got plan for robotA: [1, 44, 45, 56, 55, 39, 53, 51, 32, 35, 10, 9]
[ccr_fake_execution-2] [INFO] [1729084964.705138260] [ccr_fake_execution]: robotA: 1 -> 44
[ccr_centralized_planner-3] [INFO] [1729084964.705818103] [ccr_centralized_planner]: Received state 44 from robotA
[ccr_centralized_planner-3] [INFO] [1729084965.676826250] [ccr_centralized_planner]: 
[ccr_centralized_planner-3] 
[ccr_centralized_planner-3]  did not replan 
[ccr_centralized_planner-3] 
[ccr_centralized_planner-3] [INFO] [1729084965.677439168] [ccr_centralized_planner]: Sent plan [44, 45, 56, 55, 39, 53, 51, 32, 35, 10, 9] to robotA
[ccr_fake_execution-2] [INFO] [1729084965.677814691] [ccr_fake_execution]: got plan for robotA: [44, 45, 56, 55, 39, 53, 51, 32, 35, 10, 9]
[ccr_centralized_planner-3] [INFO] [1729084965.705368200] [ccr_centralized_planner]: Received state 44 from robotA
[ccr_centralized_planner-3] [INFO] [1729084966.676905088] [ccr_centralized_planner]: 
[ccr_centralized_planner-3] 
[ccr_centralized_planner-3]  did not replan 
[ccr_centralized_planner-3] 
[ccr_centralized_planner-3] [INFO] [1729084966.677572517] [ccr_centralized_planner]: Sent plan [44, 45, 56, 55, 39, 53, 51, 32, 35, 10, 9] to robotA
[ccr_fake_execution-2] [INFO] [1729084966.677869443] [ccr_fake_execution]: got plan for robotA: [44, 45, 56, 55, 39, 53, 51, 32, 35, 10, 9]
[ccr_centralized_planner-3] [INFO] [1729084966.705300202] [ccr_centralized_planner]: Received state 44 from robotA
[ccr_centralized_planner-3] [INFO] [1729084967.676910868] [ccr_centralized_planner]: 
[ccr_centralized_planner-3] 
[ccr_centralized_planner-3]  did not replan 
[ccr_centralized_planner-3] 
[ccr_centralized_planner-3] [INFO] [1729084967.677589879] [ccr_centralized_planner]: Sent plan [44, 45, 56, 55, 39, 53, 51, 32, 35, 10, 9] to robotA
[ccr_fake_execution-2] [INFO] [1729084967.677940074] [ccr_fake_execution]: got plan for robotA: [44, 45, 56, 55, 39, 53, 51, 32, 35, 10, 9]
[ccr_centralized_planner-3] [INFO] [1729084967.705306313] [ccr_centralized_planner]: Received state 44 from robotA
[ccr_centralized_planner-3] [INFO] [1729084968.676929242] [ccr_centralized_planner]: 
[ccr_centralized_planner-3] 
[ccr_centralized_planner-3]  did not replan 
[ccr_centralized_planner-3] 
[ccr_centralized_planner-3] [INFO] [1729084968.677632699] [ccr_centralized_planner]: Sent plan [44, 45, 56, 55, 39, 53, 51, 32, 35, 10, 9] to robotA
[ccr_fake_execution-2] [INFO] [1729084968.678005807] [ccr_fake_execution]: got plan for robotA: [44, 45, 56, 55, 39, 53, 51, 32, 35, 10, 9]
[ccr_fake_execution-2] [INFO] [1729084968.705133830] [ccr_fake_execution]: robotA: 44 -> 45
[ccr_centralized_planner-3] [INFO] [1729084968.705815746] [ccr_centralized_planner]: Received state 45 from robotA
[ccr_centralized_planner-3] [INFO] [1729084969.676851045] [ccr_centralized_planner]: 
[ccr_centralized_planner-3] 
[ccr_centralized_planner-3]  did not replan 
[ccr_centralized_planner-3] 
[ccr_centralized_planner-3] [INFO] [1729084969.677475033] [ccr_centralized_planner]: Sent plan [45, 56, 55, 39, 53, 51, 32, 35, 10, 9] to robotA
[ccr_fake_execution-2] [INFO] [1729084969.677796715] [ccr_fake_execution]: got plan for robotA: [45, 56, 55, 39, 53, 51, 32, 35, 10, 9]
[ccr_centralized_planner-3] [INFO] [1729084969.705297005] [ccr_centralized_planner]: Received state 45 from robotA
[ccr_centralized_planner-3] [INFO] [1729084970.676859049] [ccr_centralized_planner]: 
[ccr_centralized_planner-3] 
[ccr_centralized_planner-3]  did not replan 
[ccr_centralized_planner-3] 
[ccr_centralized_planner-3] [INFO] [1729084970.677479501] [ccr_centralized_planner]: Sent plan [45, 56, 55, 39, 53, 51, 32, 35, 10, 9] to robotA
[ccr_fake_execution-2] [INFO] [1729084970.677893135] [ccr_fake_execution]: got plan for robotA: [45, 56, 55, 39, 53, 51, 32, 35, 10, 9]
[ccr_centralized_planner-3] [INFO] [1729084970.705332560] [ccr_centralized_planner]: Received state 45 from robotA
[ccr_centralized_planner-3] [INFO] [1729084971.676923800] [ccr_centralized_planner]: 
[ccr_centralized_planner-3] 
[ccr_centralized_planner-3]  did not replan 
[ccr_centralized_planner-3] 
[ccr_centralized_planner-3] [INFO] [1729084971.677589075] [ccr_centralized_planner]: Sent plan [45, 56, 55, 39, 53, 51, 32, 35, 10, 9] to robotA
[ccr_fake_execution-2] [INFO] [1729084971.678028207] [ccr_fake_execution]: got plan for robotA: [45, 56, 55, 39, 53, 51, 32, 35, 10, 9]
[ccr_fake_execution-2] [INFO] [1729084971.705124701] [ccr_fake_execution]: robotA: 45 -> 56
[ccr_centralized_planner-3] [INFO] [1729084971.705863243] [ccr_centralized_planner]: Received state 56 from robotA
[ccr_centralized_planner-3] [INFO] [1729084972.676883364] [ccr_centralized_planner]: 
[ccr_centralized_planner-3] 
[ccr_centralized_planner-3]  did not replan 
[ccr_centralized_planner-3] 
[ccr_centralized_planner-3] [INFO] [1729084972.677521548] [ccr_centralized_planner]: Sent plan [56, 55, 39, 53, 51, 32, 35, 10, 9] to robotA
[ccr_fake_execution-2] [INFO] [1729084972.677818033] [ccr_fake_execution]: got plan for robotA: [56, 55, 39, 53, 51, 32, 35, 10, 9]
[ccr_fake_execution-2] [INFO] [1729084972.705100065] [ccr_fake_execution]: robotA: 56 -> 55
[ccr_centralized_planner-3] [INFO] [1729084972.705797650] [ccr_centralized_planner]: Received state 55 from robotA
[ccr_centralized_planner-3] [INFO] [1729084973.676899594] [ccr_centralized_planner]: 
[ccr_centralized_planner-3] 
[ccr_centralized_planner-3]  did not replan 
[ccr_centralized_planner-3] 
[ccr_centralized_planner-3] [INFO] [1729084973.677551354] [ccr_centralized_planner]: Sent plan [55, 39, 53, 51, 32, 35, 10, 9] to robotA
[ccr_fake_execution-2] [INFO] [1729084973.677860162] [ccr_fake_execution]: got plan for robotA: [55, 39, 53, 51, 32, 35, 10, 9]
[ccr_fake_execution-2] [INFO] [1729084973.705113980] [ccr_fake_execution]: robotA: 55 -> 39
[ccr_centralized_planner-3] [INFO] [1729084973.705831663] [ccr_centralized_planner]: Received state 39 from robotA
[ccr_centralized_planner-3] [INFO] [1729084974.676907718] [ccr_centralized_planner]: 
[ccr_centralized_planner-3] 
[ccr_centralized_planner-3]  did not replan 
[ccr_centralized_planner-3] 
[ccr_centralized_planner-3] [INFO] [1729084974.677555611] [ccr_centralized_planner]: Sent plan [39, 53, 51, 32, 35, 10, 9] to robotA
[ccr_fake_execution-2] [INFO] [1729084974.677773959] [ccr_fake_execution]: got plan for robotA: [39, 53, 51, 32, 35, 10, 9]
[ccr_centralized_planner-3] [INFO] [1729084974.705335334] [ccr_centralized_planner]: Received state 39 from robotA
[ccr_centralized_planner-3] [INFO] [1729084975.676908209] [ccr_centralized_planner]: 
[ccr_centralized_planner-3] 
[ccr_centralized_planner-3]  did not replan 
[ccr_centralized_planner-3] 
[ccr_centralized_planner-3] [INFO] [1729084975.677547435] [ccr_centralized_planner]: Sent plan [39, 53, 51, 32, 35, 10, 9] to robotA
[ccr_fake_execution-2] [INFO] [1729084975.677787034] [ccr_fake_execution]: got plan for robotA: [39, 53, 51, 32, 35, 10, 9]
[ccr_fake_execution-2] [INFO] [1729084975.705107426] [ccr_fake_execution]: robotA: 39 -> 53
[ccr_centralized_planner-3] [INFO] [1729084975.705871777] [ccr_centralized_planner]: Received state 53 from robotA
[ccr_centralized_planner-3] [INFO] [1729084976.676902798] [ccr_centralized_planner]: 
[ccr_centralized_planner-3] 
[ccr_centralized_planner-3]  did not replan 
[ccr_centralized_planner-3] 
[ccr_centralized_planner-3] [INFO] [1729084976.677553045] [ccr_centralized_planner]: Sent plan [53, 51, 32, 35, 10, 9] to robotA
[ccr_fake_execution-2] [INFO] [1729084976.677773508] [ccr_fake_execution]: got plan for robotA: [53, 51, 32, 35, 10, 9]
[ccr_fake_execution-2] [INFO] [1729084976.705105052] [ccr_fake_execution]: robotA: 53 -> 51
[ccr_centralized_planner-3] [INFO] [1729084976.705851769] [ccr_centralized_planner]: Received state 51 from robotA
[ccr_centralized_planner-3] [INFO] [1729084977.676916944] [ccr_centralized_planner]: 
[ccr_centralized_planner-3] 
[ccr_centralized_planner-3]  did not replan 
[ccr_centralized_planner-3] 
[ccr_centralized_planner-3] [INFO] [1729084977.677570968] [ccr_centralized_planner]: Sent plan [51, 32, 35, 10, 9] to robotA
[ccr_fake_execution-2] [INFO] [1729084977.677821076] [ccr_fake_execution]: got plan for robotA: [51, 32, 35, 10, 9]
[ccr_centralized_planner-3] [INFO] [1729084977.705198716] [ccr_centralized_planner]: Received state 51 from robotA
[ccr_centralized_planner-3] [INFO] [1729084978.676904780] [ccr_centralized_planner]: 
[ccr_centralized_planner-3] 
[ccr_centralized_planner-3]  did not replan 
[ccr_centralized_planner-3] 
[ccr_centralized_planner-3] [INFO] [1729084978.677560538] [ccr_centralized_planner]: Sent plan [51, 32, 35, 10, 9] to robotA
[ccr_fake_execution-2] [INFO] [1729084978.677879755] [ccr_fake_execution]: got plan for robotA: [51, 32, 35, 10, 9]
[ccr_fake_execution-2] [INFO] [1729084978.705115119] [ccr_fake_execution]: robotA: 51 -> 32
[ccr_centralized_planner-3] [INFO] [1729084978.705883578] [ccr_centralized_planner]: Received state 32 from robotA
[ccr_centralized_planner-3] [INFO] [1729084979.676902435] [ccr_centralized_planner]: 
[ccr_centralized_planner-3] 
[ccr_centralized_planner-3]  did not replan 
[ccr_centralized_planner-3] 
[ccr_centralized_planner-3] [INFO] [1729084979.677704226] [ccr_centralized_planner]: Sent plan [32, 35, 10, 9] to robotA
[ccr_fake_execution-2] [INFO] [1729084979.677824411] [ccr_fake_execution]: got plan for robotA: [32, 35, 10, 9]
[ccr_fake_execution-2] [INFO] [1729084979.705109569] [ccr_fake_execution]: robotA: 32 -> 35
[ccr_centralized_planner-3] [INFO] [1729084979.705861546] [ccr_centralized_planner]: Received state 35 from robotA
[ccr_centralized_planner-3] [INFO] [1729084980.676920584] [ccr_centralized_planner]: 
[ccr_centralized_planner-3] 
[ccr_centralized_planner-3]  did not replan 
[ccr_centralized_planner-3] 
[ccr_centralized_planner-3] [INFO] [1729084980.677671209] [ccr_centralized_planner]: Sent plan [35, 10, 9] to robotA
[ccr_fake_execution-2] [INFO] [1729084980.677797356] [ccr_fake_execution]: got plan for robotA: [35, 10, 9]
[ccr_centralized_planner-3] [INFO] [1729084980.705383907] [ccr_centralized_planner]: Received state 35 from robotA
[ccr_centralized_planner-3] [INFO] [1729084981.676901729] [ccr_centralized_planner]: 
[ccr_centralized_planner-3] 
[ccr_centralized_planner-3]  did not replan 
[ccr_centralized_planner-3] 
[ccr_centralized_planner-3] [INFO] [1729084981.677629311] [ccr_centralized_planner]: Sent plan [35, 10, 9] to robotA
[ccr_fake_execution-2] [INFO] [1729084981.677774102] [ccr_fake_execution]: got plan for robotA: [35, 10, 9]
[ccr_centralized_planner-3] [INFO] [1729084981.705326920] [ccr_centralized_planner]: Received state 35 from robotA
[ccr_centralized_planner-3] [INFO] [1729084982.676904153] [ccr_centralized_planner]: 
[ccr_centralized_planner-3] 
[ccr_centralized_planner-3]  did not replan 
[ccr_centralized_planner-3] 
[ccr_centralized_planner-3] [INFO] [1729084982.677692399] [ccr_centralized_planner]: Sent plan [35, 10, 9] to robotA
[ccr_fake_execution-2] [INFO] [1729084982.677864330] [ccr_fake_execution]: got plan for robotA: [35, 10, 9]
[ccr_centralized_planner-3] [INFO] [1729084982.705444770] [ccr_centralized_planner]: Received state 35 from robotA
[ccr_centralized_planner-3] [INFO] [1729084983.676897129] [ccr_centralized_planner]: 
[ccr_centralized_planner-3] 
[ccr_centralized_planner-3]  did not replan 
[ccr_centralized_planner-3] 
[ccr_centralized_planner-3] [INFO] [1729084983.677608421] [ccr_centralized_planner]: Sent plan [35, 10, 9] to robotA
[ccr_fake_execution-2] [INFO] [1729084983.677847308] [ccr_fake_execution]: got plan for robotA: [35, 10, 9]
[ccr_fake_execution-2] [INFO] [1729084983.705144759] [ccr_fake_execution]: robotA: 35 -> 10
[ccr_centralized_planner-3] [INFO] [1729084983.705895935] [ccr_centralized_planner]: Received state 10 from robotA
[ccr_centralized_planner-3] [INFO] [1729084984.676891028] [ccr_centralized_planner]: 
[ccr_centralized_planner-3] 
[ccr_centralized_planner-3]  did not replan 
[ccr_centralized_planner-3] 
[ccr_centralized_planner-3] [INFO] [1729084984.677611967] [ccr_centralized_planner]: Sent plan [10, 9] to robotA
[ccr_fake_execution-2] [INFO] [1729084984.677821129] [ccr_fake_execution]: got plan for robotA: [10, 9]
[ccr_centralized_planner-3] [INFO] [1729084984.705359410] [ccr_centralized_planner]: Received state 10 from robotA
[ccr_centralized_planner-3] [INFO] [1729084985.676871882] [ccr_centralized_planner]: 
[ccr_centralized_planner-3] 
[ccr_centralized_planner-3]  did not replan 
[ccr_centralized_planner-3] 
[ccr_centralized_planner-3] [INFO] [1729084985.677536937] [ccr_centralized_planner]: Sent plan [10, 9] to robotA
[ccr_fake_execution-2] [INFO] [1729084985.677842439] [ccr_fake_execution]: got plan for robotA: [10, 9]
[ccr_fake_execution-2] [INFO] [1729084985.705145770] [ccr_fake_execution]: robotA: 10 -> 9
[ccr_centralized_planner-3] [INFO] [1729084985.705866148] [ccr_centralized_planner]: Received state 9 from robotA
[ccr_goal_provider-1] [INFO] [1729084985.706032780] [ccr_goal_provider]: [32mgoal completed:[0m robotA reached goal 9, going to goal 1 within state 1
[ccr_centralized_planner-3] [INFO] [1729084985.782936813] [ccr_centralized_planner]: Received goal 1 from robotA
[ccr_centralized_planner-3] [INFO] [1729084986.676908871] [ccr_centralized_planner]: 
[ccr_centralized_planner-3] 
[ccr_centralized_planner-3]  replaned due to new goal
[ccr_centralized_planner-3] 
[ccr_centralized_planner-3] [INFO] [1729084986.698412024] [ccr_centralized_planner]: Sent plan [9, 11, 35, 50, 51, 53, 39, 55, 56, 57, 5, 1] to robotA
[ccr_fake_execution-2] [INFO] [1729084986.698998702] [ccr_fake_execution]: got plan for robotA: [9, 11, 35, 50, 51, 53, 39, 55, 56, 57, 5, 1]
[ccr_centralized_planner-3] [INFO] [1729084986.705126043] [ccr_centralized_planner]: Received state 9 from robotA
[ccr_centralized_planner-3] [INFO] [1729084987.676859308] [ccr_centralized_planner]: 
[ccr_centralized_planner-3] 
[ccr_centralized_planner-3]  did not replan 
[ccr_centralized_planner-3] 
[ccr_centralized_planner-3] [INFO] [1729084987.677496601] [ccr_centralized_planner]: Sent plan [9, 11, 35, 50, 51, 53, 39, 55, 56, 57, 5, 1] to robotA
[ccr_fake_execution-2] [INFO] [1729084987.677824464] [ccr_fake_execution]: got plan for robotA: [9, 11, 35, 50, 51, 53, 39, 55, 56, 57, 5, 1]
[ccr_fake_execution-2] [INFO] [1729084987.705148915] [ccr_fake_execution]: robotA: 9 -> 11
[ccr_centralized_planner-3] [INFO] [1729084987.705838085] [ccr_centralized_planner]: Received state 11 from robotA
[ccr_centralized_planner-3] [INFO] [1729084988.676874024] [ccr_centralized_planner]: 
[ccr_centralized_planner-3] 
[ccr_centralized_planner-3]  did not replan 
[ccr_centralized_planner-3] 
[ccr_centralized_planner-3] [INFO] [1729084988.677504925] [ccr_centralized_planner]: Sent plan [11, 35, 50, 51, 53, 39, 55, 56, 57, 5, 1] to robotA
[ccr_fake_execution-2] [INFO] [1729084988.677794077] [ccr_fake_execution]: got plan for robotA: [11, 35, 50, 51, 53, 39, 55, 56, 57, 5, 1]
[ccr_fake_execution-2] [INFO] [1729084988.705144888] [ccr_fake_execution]: robotA: 11 -> 35
[ccr_centralized_planner-3] [INFO] [1729084988.705853474] [ccr_centralized_planner]: Received state 35 from robotA
[ccr_centralized_planner-3] [INFO] [1729084989.676950507] [ccr_centralized_planner]: 
[ccr_centralized_planner-3] 
[ccr_centralized_planner-3]  did not replan 
[ccr_centralized_planner-3] 
[ccr_centralized_planner-3] [INFO] [1729084989.677652001] [ccr_centralized_planner]: Sent plan [35, 50, 51, 53, 39, 55, 56, 57, 5, 1] to robotA
[ccr_fake_execution-2] [INFO] [1729084989.677901107] [ccr_fake_execution]: got plan for robotA: [35, 50, 51, 53, 39, 55, 56, 57, 5, 1]
[ccr_centralized_planner-3] [INFO] [1729084989.705276092] [ccr_centralized_planner]: Received state 35 from robotA
[ccr_centralized_planner-3] [INFO] [1729084990.676948033] [ccr_centralized_planner]: 
[ccr_centralized_planner-3] 
[ccr_centralized_planner-3]  did not replan 
[ccr_centralized_planner-3] 
[ccr_centralized_planner-3] [INFO] [1729084990.677686926] [ccr_centralized_planner]: Sent plan [35, 50, 51, 53, 39, 55, 56, 57, 5, 1] to robotA
[ccr_fake_execution-2] [INFO] [1729084990.677996105] [ccr_fake_execution]: got plan for robotA: [35, 50, 51, 53, 39, 55, 56, 57, 5, 1]
[ccr_fake_execution-2] [INFO] [1729084990.705148092] [ccr_fake_execution]: robotA: 35 -> 50
[ccr_centralized_planner-3] [INFO] [1729084990.705931629] [ccr_centralized_planner]: Received state 50 from robotA
[ccr_centralized_planner-3] [INFO] [1729084991.677048270] [ccr_centralized_planner]: 
[ccr_centralized_planner-3] 
[ccr_centralized_planner-3]  did not replan 
[ccr_centralized_planner-3] 
[ccr_centralized_planner-3] [INFO] [1729084991.677747309] [ccr_centralized_planner]: Sent plan [50, 51, 53, 39, 55, 56, 57, 5, 1] to robotA
[ccr_fake_execution-2] [INFO] [1729084991.678049284] [ccr_fake_execution]: got plan for robotA: [50, 51, 53, 39, 55, 56, 57, 5, 1]
[ccr_centralized_planner-3] [INFO] [1729084991.705495362] [ccr_centralized_planner]: Received state 50 from robotA
[ccr_centralized_planner-3] [INFO] [1729084992.676964763] [ccr_centralized_planner]: 
[ccr_centralized_planner-3] 
[ccr_centralized_planner-3]  did not replan 
[ccr_centralized_planner-3] 
[ccr_centralized_planner-3] [INFO] [1729084992.677667248] [ccr_centralized_planner]: Sent plan [50, 51, 53, 39, 55, 56, 57, 5, 1] to robotA
[ccr_fake_execution-2] [INFO] [1729084992.677928056] [ccr_fake_execution]: got plan for robotA: [50, 51, 53, 39, 55, 56, 57, 5, 1]
[ccr_fake_execution-2] [INFO] [1729084992.705148933] [ccr_fake_execution]: robotA: 50 -> 51
[ccr_centralized_planner-3] [INFO] [1729084992.705933091] [ccr_centralized_planner]: Received state 51 from robotA
[ccr_centralized_planner-3] [INFO] [1729084993.676928936] [ccr_centralized_planner]: 
[ccr_centralized_planner-3] 
[ccr_centralized_planner-3]  did not replan 
[ccr_centralized_planner-3] 
[ccr_centralized_planner-3] [INFO] [1729084993.677628355] [ccr_centralized_planner]: Sent plan [51, 53, 39, 55, 56, 57, 5, 1] to robotA
[ccr_fake_execution-2] [INFO] [1729084993.677832307] [ccr_fake_execution]: got plan for robotA: [51, 53, 39, 55, 56, 57, 5, 1]
[ccr_centralized_planner-3] [INFO] [1729084993.705384945] [ccr_centralized_planner]: Received state 51 from robotA
[ccr_centralized_planner-3] [INFO] [1729084994.676916943] [ccr_centralized_planner]: 
[ccr_centralized_planner-3] 
[ccr_centralized_planner-3]  did not replan 
[ccr_centralized_planner-3] 
[ccr_centralized_planner-3] [INFO] [1729084994.677599070] [ccr_centralized_planner]: Sent plan [51, 53, 39, 55, 56, 57, 5, 1] to robotA
[ccr_fake_execution-2] [INFO] [1729084994.677781632] [ccr_fake_execution]: got plan for robotA: [51, 53, 39, 55, 56, 57, 5, 1]
[ccr_centralized_planner-3] [INFO] [1729084994.705469433] [ccr_centralized_planner]: Received state 51 from robotA
[ccr_centralized_planner-3] [INFO] [1729084995.676917334] [ccr_centralized_planner]: 
[ccr_centralized_planner-3] 
[ccr_centralized_planner-3]  did not replan 
[ccr_centralized_planner-3] 
[ccr_centralized_planner-3] [INFO] [1729084995.677586537] [ccr_centralized_planner]: Sent plan [51, 53, 39, 55, 56, 57, 5, 1] to robotA
[ccr_fake_execution-2] [INFO] [1729084995.677822208] [ccr_fake_execution]: got plan for robotA: [51, 53, 39, 55, 56, 57, 5, 1]
[ccr_fake_execution-2] [INFO] [1729084995.705144034] [ccr_fake_execution]: robotA: 51 -> 53
[ccr_centralized_planner-3] [INFO] [1729084995.705894298] [ccr_centralized_planner]: Received state 53 from robotA
[ccr_centralized_planner-3] [INFO] [1729084996.676915230] [ccr_centralized_planner]: 
[ccr_centralized_planner-3] 
[ccr_centralized_planner-3]  did not replan 
[ccr_centralized_planner-3] 
[ccr_centralized_planner-3] [INFO] [1729084996.677643172] [ccr_centralized_planner]: Sent plan [53, 39, 55, 56, 57, 5, 1] to robotA
[ccr_fake_execution-2] [INFO] [1729084996.677794325] [ccr_fake_execution]: got plan for robotA: [53, 39, 55, 56, 57, 5, 1]
[ccr_centralized_planner-3] [INFO] [1729084996.705384463] [ccr_centralized_planner]: Received state 53 from robotA
[ccr_centralized_planner-3] [INFO] [1729084997.677092220] [ccr_centralized_planner]: 
[ccr_centralized_planner-3] 
[ccr_centralized_planner-3]  did not replan 
[ccr_centralized_planner-3] 
[ccr_fake_execution-2] [INFO] [1729084997.678028623] [ccr_fake_execution]: got plan for robotA: [53, 39, 55, 56, 57, 5, 1]
[ccr_centralized_planner-3] [INFO] [1729084997.678093915] [ccr_centralized_planner]: Sent plan [53, 39, 55, 56, 57, 5, 1] to robotA
[ccr_centralized_planner-3] [INFO] [1729084997.705467919] [ccr_centralized_planner]: Received state 53 from robotA
[ccr_centralized_planner-3] [INFO] [1729084998.677004456] [ccr_centralized_planner]: 
[ccr_centralized_planner-3] 
[ccr_centralized_planner-3]  did not replan 
[ccr_centralized_planner-3] 
[ccr_centralized_planner-3] [INFO] [1729084998.677721318] [ccr_centralized_planner]: Sent plan [53, 39, 55, 56, 57, 5, 1] to robotA
[ccr_fake_execution-2] [INFO] [1729084998.677945968] [ccr_fake_execution]: got plan for robotA: [53, 39, 55, 56, 57, 5, 1]
[ccr_centralized_planner-3] [INFO] [1729084998.705461416] [ccr_centralized_planner]: Received state 53 from robotA
[ccr_centralized_planner-3] [INFO] [1729084999.677079616] [ccr_centralized_planner]: 
[ccr_centralized_planner-3] 
[ccr_centralized_planner-3]  did not replan 
[ccr_centralized_planner-3] 
[ccr_centralized_planner-3] [INFO] [1729084999.677804954] [ccr_centralized_planner]: Sent plan [53, 39, 55, 56, 57, 5, 1] to robotA
[ccr_fake_execution-2] [INFO] [1729084999.678005570] [ccr_fake_execution]: got plan for robotA: [53, 39, 55, 56, 57, 5, 1]
[ccr_fake_execution-2] [INFO] [1729084999.705146366] [ccr_fake_execution]: robotA: 53 -> 39
[ccr_centralized_planner-3] [INFO] [1729084999.706058895] [ccr_centralized_planner]: Received state 39 from robotA
[ccr_centralized_planner-3] [INFO] [1729085000.677004946] [ccr_centralized_planner]: 
[ccr_centralized_planner-3] 
[ccr_centralized_planner-3]  did not replan 
[ccr_centralized_planner-3] 
[ccr_centralized_planner-3] [INFO] [1729085000.677808480] [ccr_centralized_planner]: Sent plan [39, 55, 56, 57, 5, 1] to robotA
[ccr_fake_execution-2] [INFO] [1729085000.677932643] [ccr_fake_execution]: got plan for robotA: [39, 55, 56, 57, 5, 1]
[ccr_fake_execution-2] [INFO] [1729085000.705141708] [ccr_fake_execution]: robotA: 39 -> 55
[ccr_centralized_planner-3] [INFO] [1729085000.706039478] [ccr_centralized_planner]: Received state 55 from robotA
[ccr_centralized_planner-3] [INFO] [1729085001.677034902] [ccr_centralized_planner]: 
[ccr_centralized_planner-3] 
[ccr_centralized_planner-3]  did not replan 
[ccr_centralized_planner-3] 
[ccr_centralized_planner-3] [INFO] [1729085001.677759268] [ccr_centralized_planner]: Sent plan [55, 56, 57, 5, 1] to robotA
[ccr_fake_execution-2] [INFO] [1729085001.677940908] [ccr_fake_execution]: got plan for robotA: [55, 56, 57, 5, 1]
[ccr_fake_execution-2] [INFO] [1729085001.705144643] [ccr_fake_execution]: robotA: 55 -> 56
[ccr_centralized_planner-3] [INFO] [1729085001.706069223] [ccr_centralized_planner]: Received state 56 from robotA
[ccr_centralized_planner-3] [INFO] [1729085002.677278127] [ccr_centralized_planner]: 
[ccr_centralized_planner-3] 
[ccr_centralized_planner-3]  did not replan 
[ccr_centralized_planner-3] 
[ccr_fake_execution-2] [INFO] [1729085002.678323043] [ccr_fake_execution]: got plan for robotA: [56, 57, 5, 1]
[ccr_centralized_planner-3] [INFO] [1729085002.678342048] [ccr_centralized_planner]: Sent plan [56, 57, 5, 1] to robotA
[ccr_centralized_planner-3] [INFO] [1729085002.705296527] [ccr_centralized_planner]: Received state 56 from robotA
[ccr_centralized_planner-3] [INFO] [1729085003.677092900] [ccr_centralized_planner]: 
[ccr_centralized_planner-3] 
[ccr_centralized_planner-3]  did not replan 
[ccr_centralized_planner-3] 
[ccr_fake_execution-2] [INFO] [1729085003.678091599] [ccr_fake_execution]: got plan for robotA: [56, 57, 5, 1]
[ccr_centralized_planner-3] [INFO] [1729085003.678166780] [ccr_centralized_planner]: Sent plan [56, 57, 5, 1] to robotA
[ccr_fake_execution-2] [INFO] [1729085003.705142218] [ccr_fake_execution]: robotA: 56 -> 57
[ccr_centralized_planner-3] [INFO] [1729085003.706043996] [ccr_centralized_planner]: Received state 57 from robotA
[ccr_centralized_planner-3] [INFO] [1729085004.677014042] [ccr_centralized_planner]: 
[ccr_centralized_planner-3] 
[ccr_centralized_planner-3]  did not replan 
[ccr_centralized_planner-3] 
[ccr_centralized_planner-3] [INFO] [1729085004.677781048] [ccr_centralized_planner]: Sent plan [57, 5, 1] to robotA
[ccr_fake_execution-2] [INFO] [1729085004.677952278] [ccr_fake_execution]: got plan for robotA: [57, 5, 1]
[ccr_fake_execution-2] [INFO] [1729085004.705162956] [ccr_fake_execution]: robotA: 57 -> 5
[ccr_centralized_planner-3] [INFO] [1729085004.705986237] [ccr_centralized_planner]: Received state 5 from robotA
[ccr_centralized_planner-3] [INFO] [1729085005.676981811] [ccr_centralized_planner]: 
[ccr_centralized_planner-3] 
[ccr_centralized_planner-3]  did not replan 
[ccr_centralized_planner-3] 
[ccr_centralized_planner-3] [INFO] [1729085005.677672614] [ccr_centralized_planner]: Sent plan [5, 1] to robotA
[ccr_fake_execution-2] [INFO] [1729085005.677885112] [ccr_fake_execution]: got plan for robotA: [5, 1]
[ccr_centralized_planner-3] [INFO] [1729085005.705489718] [ccr_centralized_planner]: Received state 5 from robotA
[ccr_centralized_planner-3] [INFO] [1729085006.676945703] [ccr_centralized_planner]: 
[ccr_centralized_planner-3] 
[ccr_centralized_planner-3]  did not replan 
[ccr_centralized_planner-3] 
[ccr_centralized_planner-3] [INFO] [1729085006.677614575] [ccr_centralized_planner]: Sent plan [5, 1] to robotA
[ccr_fake_execution-2] [INFO] [1729085006.677838464] [ccr_fake_execution]: got plan for robotA: [5, 1]
[ccr_fake_execution-2] [INFO] [1729085006.705142898] [ccr_fake_execution]: robotA: 5 -> 1
[ccr_centralized_planner-3] [INFO] [1729085006.705860952] [ccr_centralized_planner]: Received state 1 from robotA
[ccr_goal_provider-1] [INFO] [1729085006.706023125] [ccr_goal_provider]: [32mgoal completed:[0m robotA reached goal 1, going to goal 0 within state 9
[ccr_centralized_planner-3] [INFO] [1729085006.782943750] [ccr_centralized_planner]: Received goal 9 from robotA
[ccr_centralized_planner-3] [INFO] [1729085007.676925866] [ccr_centralized_planner]: 
[ccr_centralized_planner-3] 
[ccr_centralized_planner-3]  replaned due to new goal
[ccr_centralized_planner-3] 
[ccr_centralized_planner-3] [INFO] [1729085007.700454862] [ccr_centralized_planner]: Sent plan [1, 44, 45, 56, 55, 39, 53, 51, 32, 35, 10, 9] to robotA
[ccr_fake_execution-2] [INFO] [1729085007.700860701] [ccr_fake_execution]: got plan for robotA: [1, 44, 45, 56, 55, 39, 53, 51, 32, 35, 10, 9]
[ccr_fake_execution-2] [INFO] [1729085007.705118622] [ccr_fake_execution]: robotA: 1 -> 44
[ccr_centralized_planner-3] [INFO] [1729085007.705703256] [ccr_centralized_planner]: Received state 44 from robotA
[ccr_centralized_planner-3] [INFO] [1729085008.676943268] [ccr_centralized_planner]: 
[ccr_centralized_planner-3] 
[ccr_centralized_planner-3]  did not replan 
[ccr_centralized_planner-3] 
[ccr_centralized_planner-3] [INFO] [1729085008.677611489] [ccr_centralized_planner]: Sent plan [44, 45, 56, 55, 39, 53, 51, 32, 35, 10, 9] to robotA
[ccr_fake_execution-2] [INFO] [1729085008.677931107] [ccr_fake_execution]: got plan for robotA: [44, 45, 56, 55, 39, 53, 51, 32, 35, 10, 9]
[ccr_centralized_planner-3] [INFO] [1729085008.705379911] [ccr_centralized_planner]: Received state 44 from robotA
[ccr_centralized_planner-3] [INFO] [1729085009.676933830] [ccr_centralized_planner]: 
[ccr_centralized_planner-3] 
[ccr_centralized_planner-3]  did not replan 
[ccr_centralized_planner-3] 
[ccr_centralized_planner-3] [INFO] [1729085009.677608222] [ccr_centralized_planner]: Sent plan [44, 45, 56, 55, 39, 53, 51, 32, 35, 10, 9] to robotA
[ccr_fake_execution-2] [INFO] [1729085009.677881694] [ccr_fake_execution]: got plan for robotA: [44, 45, 56, 55, 39, 53, 51, 32, 35, 10, 9]
[ccr_centralized_planner-3] [INFO] [1729085009.705392935] [ccr_centralized_planner]: Received state 44 from robotA
[ccr_centralized_planner-3] [INFO] [1729085010.676941053] [ccr_centralized_planner]: 
[ccr_centralized_planner-3] 
[ccr_centralized_planner-3]  did not replan 
[ccr_centralized_planner-3] 
[ccr_centralized_planner-3] [INFO] [1729085010.677606178] [ccr_centralized_planner]: Sent plan [44, 45, 56, 55, 39, 53, 51, 32, 35, 10, 9] to robotA
[ccr_fake_execution-2] [INFO] [1729085010.677943790] [ccr_fake_execution]: got plan for robotA: [44, 45, 56, 55, 39, 53, 51, 32, 35, 10, 9]
[ccr_centralized_planner-3] [INFO] [1729085010.705372156] [ccr_centralized_planner]: Received state 44 from robotA
[ccr_centralized_planner-3] [INFO] [1729085011.676936044] [ccr_centralized_planner]: 
[ccr_centralized_planner-3] 
[ccr_centralized_planner-3]  did not replan 
[ccr_centralized_planner-3] 
[ccr_centralized_planner-3] [INFO] [1729085011.677598354] [ccr_centralized_planner]: Sent plan [44, 45, 56, 55, 39, 53, 51, 32, 35, 10, 9] to robotA
[ccr_fake_execution-2] [INFO] [1729085011.677872306] [ccr_fake_execution]: got plan for robotA: [44, 45, 56, 55, 39, 53, 51, 32, 35, 10, 9]
[ccr_fake_execution-2] [INFO] [1729085011.705143978] [ccr_fake_execution]: robotA: 44 -> 45
[ccr_centralized_planner-3] [INFO] [1729085011.706106300] [ccr_centralized_planner]: Received state 45 from robotA
[ccr_centralized_planner-3] [INFO] [1729085012.676902551] [ccr_centralized_planner]: 
[ccr_centralized_planner-3] 
[ccr_centralized_planner-3]  did not replan 
[ccr_centralized_planner-3] 
[ccr_centralized_planner-3] [INFO] [1729085012.677575320] [ccr_centralized_planner]: Sent plan [45, 56, 55, 39, 53, 51, 32, 35, 10, 9] to robotA
[ccr_fake_execution-2] [INFO] [1729085012.677864612] [ccr_fake_execution]: got plan for robotA: [45, 56, 55, 39, 53, 51, 32, 35, 10, 9]
[ccr_centralized_planner-3] [INFO] [1729085012.705341027] [ccr_centralized_planner]: Received state 45 from robotA
[ccr_centralized_planner-3] [INFO] [1729085013.676904294] [ccr_centralized_planner]: 
[ccr_centralized_planner-3] 
[ccr_centralized_planner-3]  did not replan 
[ccr_centralized_planner-3] 
[ccr_centralized_planner-3] [INFO] [1729085013.677554491] [ccr_centralized_planner]: Sent plan [45, 56, 55, 39, 53, 51, 32, 35, 10, 9] to robotA
[ccr_fake_execution-2] [INFO] [1729085013.677803136] [ccr_fake_execution]: got plan for robotA: [45, 56, 55, 39, 53, 51, 32, 35, 10, 9]
[ccr_centralized_planner-3] [INFO] [1729085013.705340225] [ccr_centralized_planner]: Received state 45 from robotA
[ccr_centralized_planner-3] [INFO] [1729085014.676905926] [ccr_centralized_planner]: 
[ccr_centralized_planner-3] 
[ccr_centralized_planner-3]  did not replan 
[ccr_centralized_planner-3] 
[ccr_centralized_planner-3] [INFO] [1729085014.677646462] [ccr_centralized_planner]: Sent plan [45, 56, 55, 39, 53, 51, 32, 35, 10, 9] to robotA
[ccr_fake_execution-2] [INFO] [1729085014.677826489] [ccr_fake_execution]: got plan for robotA: [45, 56, 55, 39, 53, 51, 32, 35, 10, 9]
[ccr_fake_execution-2] [INFO] [1729085014.705142885] [ccr_fake_execution]: robotA: 45 -> 56
[ccr_centralized_planner-3] [INFO] [1729085014.705977908] [ccr_centralized_planner]: Received state 56 from robotA
[ccr_centralized_planner-3] [INFO] [1729085015.676856483] [ccr_centralized_planner]: 
[ccr_centralized_planner-3] 
[ccr_centralized_planner-3]  did not replan 
[ccr_centralized_planner-3] 
[ccr_centralized_planner-3] [INFO] [1729085015.677698500] [ccr_centralized_planner]: Sent plan [56, 55, 39, 53, 51, 32, 35, 10, 9] to robotA
[ccr_fake_execution-2] [INFO] [1729085015.677754204] [ccr_fake_execution]: got plan for robotA: [56, 55, 39, 53, 51, 32, 35, 10, 9]
[ccr_centralized_planner-3] [INFO] [1729085015.705652128] [ccr_centralized_planner]: Received state 56 from robotA
[ccr_centralized_planner-3] [INFO] [1729085016.676894985] [ccr_centralized_planner]: 
[ccr_centralized_planner-3] 
[ccr_centralized_planner-3]  did not replan 
[ccr_centralized_planner-3] 
[ccr_centralized_planner-3] [INFO] [1729085016.677537057] [ccr_centralized_planner]: Sent plan [56, 55, 39, 53, 51, 32, 35, 10, 9] to robotA
[ccr_fake_execution-2] [INFO] [1729085016.677739536] [ccr_fake_execution]: got plan for robotA: [56, 55, 39, 53, 51, 32, 35, 10, 9]
[ccr_fake_execution-2] [INFO] [1729085016.705144959] [ccr_fake_execution]: robotA: 56 -> 55
[ccr_centralized_planner-3] [INFO] [1729085016.705986835] [ccr_centralized_planner]: Received state 55 from robotA
[ccr_centralized_planner-3] [INFO] [1729085017.676869116] [ccr_centralized_planner]: 
[ccr_centralized_planner-3] 
[ccr_centralized_planner-3]  did not replan 
[ccr_centralized_planner-3] 
[ccr_centralized_planner-3] [INFO] [1729085017.677576190] [ccr_centralized_planner]: Sent plan [55, 39, 53, 51, 32, 35, 10, 9] to robotA
[ccr_fake_execution-2] [INFO] [1729085017.677739516] [ccr_fake_execution]: got plan for robotA: [55, 39, 53, 51, 32, 35, 10, 9]
[ccr_centralized_planner-3] [INFO] [1729085017.705592516] [ccr_centralized_planner]: Received state 55 from robotA
[ccr_centralized_planner-3] [INFO] [1729085018.676845602] [ccr_centralized_planner]: 
[ccr_centralized_planner-3] 
[ccr_centralized_planner-3]  did not replan 
[ccr_centralized_planner-3] 
[ccr_centralized_planner-3] [INFO] [1729085018.677608450] [ccr_centralized_planner]: Sent plan [55, 39, 53, 51, 32, 35, 10, 9] to robotA
[ccr_fake_execution-2] [INFO] [1729085018.677699741] [ccr_fake_execution]: got plan for robotA: [55, 39, 53, 51, 32, 35, 10, 9]
[ccr_centralized_planner-3] [INFO] [1729085018.705514590] [ccr_centralized_planner]: Received state 55 from robotA
[ccr_centralized_planner-3] [INFO] [1729085019.676897719] [ccr_centralized_planner]: 
[ccr_centralized_planner-3] 
[ccr_centralized_planner-3]  did not replan 
[ccr_centralized_planner-3] 
[ccr_centralized_planner-3] [INFO] [1729085019.677610313] [ccr_centralized_planner]: Sent plan [55, 39, 53, 51, 32, 35, 10, 9] to robotA
[ccr_fake_execution-2] [INFO] [1729085019.677889055] [ccr_fake_execution]: got plan for robotA: [55, 39, 53, 51, 32, 35, 10, 9]
[ccr_fake_execution-2] [INFO] [1729085019.705147182] [ccr_fake_execution]: robotA: 55 -> 39
[ccr_centralized_planner-3] [INFO] [1729085019.705942561] [ccr_centralized_planner]: Received state 39 from robotA
[ccr_centralized_planner-3] [INFO] [1729085020.676892580] [ccr_centralized_planner]: 
[ccr_centralized_planner-3] 
[ccr_centralized_planner-3]  did not replan 
[ccr_centralized_planner-3] 
[ccr_centralized_planner-3] [INFO] [1729085020.677538589] [ccr_centralized_planner]: Sent plan [39, 53, 51, 32, 35, 10, 9] to robotA
[ccr_fake_execution-2] [INFO] [1729085020.677751548] [ccr_fake_execution]: got plan for robotA: [39, 53, 51, 32, 35, 10, 9]
[ccr_fake_execution-2] [INFO] [1729085020.705151941] [ccr_fake_execution]: robotA: 39 -> 53
[ccr_centralized_planner-3] [INFO] [1729085020.705912835] [ccr_centralized_planner]: Received state 53 from robotA
[ccr_centralized_planner-3] [INFO] [1729085021.676877581] [ccr_centralized_planner]: 
[ccr_centralized_planner-3] 
[ccr_centralized_planner-3]  did not replan 
[ccr_centralized_planner-3] 
[ccr_centralized_planner-3] [INFO] [1729085021.677499345] [ccr_centralized_planner]: Sent plan [53, 51, 32, 35, 10, 9] to robotA
[ccr_fake_execution-2] [INFO] [1729085021.678052711] [ccr_fake_execution]: got plan for robotA: [53, 51, 32, 35, 10, 9]
[ccr_fake_execution-2] [INFO] [1729085021.705146069] [ccr_fake_execution]: robotA: 53 -> 51
[ccr_centralized_planner-3] [INFO] [1729085021.705959121] [ccr_centralized_planner]: Received state 51 from robotA
[ccr_centralized_planner-3] [INFO] [1729085022.676889343] [ccr_centralized_planner]: 
[ccr_centralized_planner-3] 
[ccr_centralized_planner-3]  did not replan 
[ccr_centralized_planner-3] 
[ccr_centralized_planner-3] [INFO] [1729085022.677778047] [ccr_centralized_planner]: Sent plan [51, 32, 35, 10, 9] to robotA
[ccr_fake_execution-2] [INFO] [1729085022.678195789] [ccr_fake_execution]: got plan for robotA: [51, 32, 35, 10, 9]
[ccr_centralized_planner-3] [INFO] [1729085022.705343829] [ccr_centralized_planner]: Received state 51 from robotA
[ccr_centralized_planner-3] [INFO] [1729085023.676974201] [ccr_centralized_planner]: 
[ccr_centralized_planner-3] 
[ccr_centralized_planner-3]  did not replan 
[ccr_centralized_planner-3] 
[ccr_centralized_planner-3] [INFO] [1729085023.677752027] [ccr_centralized_planner]: Sent plan [51, 32, 35, 10, 9] to robotA
[ccr_fake_execution-2] [INFO] [1729085023.677918799] [ccr_fake_execution]: got plan for robotA: [51, 32, 35, 10, 9]
[ccr_fake_execution-2] [INFO] [1729085023.705146249] [ccr_fake_execution]: robotA: 51 -> 32
[ccr_centralized_planner-3] [INFO] [1729085023.705773964] [ccr_centralized_planner]: Received state 32 from robotA
[ccr_centralized_planner-3] [INFO] [1729085024.676940097] [ccr_centralized_planner]: 
[ccr_centralized_planner-3] 
[ccr_centralized_planner-3]  did not replan 
[ccr_centralized_planner-3] 
[ccr_centralized_planner-3] [INFO] [1729085024.677629798] [ccr_centralized_planner]: Sent plan [32, 35, 10, 9] to robotA
[ccr_fake_execution-2] [INFO] [1729085024.678046027] [ccr_fake_execution]: got plan for robotA: [32, 35, 10, 9]
[ccr_centralized_planner-3] [INFO] [1729085024.705395245] [ccr_centralized_planner]: Received state 32 from robotA
[ccr_centralized_planner-3] [INFO] [1729085025.676925419] [ccr_centralized_planner]: 
[ccr_centralized_planner-3] 
[ccr_centralized_planner-3]  did not replan 
[ccr_centralized_planner-3] 
[ccr_centralized_planner-3] [INFO] [1729085025.677607647] [ccr_centralized_planner]: Sent plan [32, 35, 10, 9] to robotA
[ccr_fake_execution-2] [INFO] [1729085025.677977890] [ccr_fake_execution]: got plan for robotA: [32, 35, 10, 9]
[ccr_fake_execution-2] [INFO] [1729085025.705122965] [ccr_fake_execution]: robotA: 32 -> 35
[ccr_centralized_planner-3] [INFO] [1729085025.705878359] [ccr_centralized_planner]: Received state 35 from robotA
[ccr_centralized_planner-3] [INFO] [1729085026.676896194] [ccr_centralized_planner]: 
[ccr_centralized_planner-3] 
[ccr_centralized_planner-3]  did not replan 
[ccr_centralized_planner-3] 
[ccr_centralized_planner-3] [INFO] [1729085026.677546171] [ccr_centralized_planner]: Sent plan [35, 10, 9] to robotA
[ccr_fake_execution-2] [INFO] [1729085026.677877551] [ccr_fake_execution]: got plan for robotA: [35, 10, 9]
[ccr_fake_execution-2] [INFO] [1729085026.705145767] [ccr_fake_execution]: robotA: 35 -> 10
[ccr_centralized_planner-3] [INFO] [1729085026.705918193] [ccr_centralized_planner]: Received state 10 from robotA
[ccr_centralized_planner-3] [INFO] [1729085027.676973839] [ccr_centralized_planner]: 
[ccr_centralized_planner-3] 
[ccr_centralized_planner-3]  did not replan 
[ccr_centralized_planner-3] 
[ccr_centralized_planner-3] [INFO] [1729085027.677712422] [ccr_centralized_planner]: Sent plan [10, 9] to robotA
[ccr_fake_execution-2] [INFO] [1729085027.677976456] [ccr_fake_execution]: got plan for robotA: [10, 9]
[ccr_centralized_planner-3] [INFO] [1729085027.705383522] [ccr_centralized_planner]: Received state 10 from robotA
[ccr_centralized_planner-3] [INFO] [1729085028.676916552] [ccr_centralized_planner]: 
[ccr_centralized_planner-3] 
[ccr_centralized_planner-3]  did not replan 
[ccr_centralized_planner-3] 
[ccr_centralized_planner-3] [INFO] [1729085028.677546211] [ccr_centralized_planner]: Sent plan [10, 9] to robotA
[ccr_fake_execution-2] [INFO] [1729085028.677905613] [ccr_fake_execution]: got plan for robotA: [10, 9]
[ccr_fake_execution-2] [INFO] [1729085028.705112594] [ccr_fake_execution]: robotA: 10 -> 9
[ccr_centralized_planner-3] [INFO] [1729085028.705859342] [ccr_centralized_planner]: Received state 9 from robotA
[ccr_goal_provider-1] [INFO] [1729085028.705928622] [ccr_goal_provider]: [32mgoal completed:[0m robotA reached goal 9, going to goal 1 within state 1
[ccr_centralized_planner-3] [INFO] [1729085028.782966244] [ccr_centralized_planner]: Received goal 1 from robotA
[ccr_centralized_planner-3] [INFO] [1729085029.676868602] [ccr_centralized_planner]: 
[ccr_centralized_planner-3] 
[ccr_centralized_planner-3]  replaned due to new goal
[ccr_centralized_planner-3] 
[ccr_centralized_planner-3] [INFO] [1729085029.699582942] [ccr_centralized_planner]: Sent plan [9, 11, 35, 50, 51, 53, 39, 55, 56, 57, 5, 1] to robotA
[ccr_fake_execution-2] [INFO] [1729085029.699793366] [ccr_fake_execution]: got plan for robotA: [9, 11, 35, 50, 51, 53, 39, 55, 56, 57, 5, 1]
[ccr_centralized_planner-3] [INFO] [1729085029.705281671] [ccr_centralized_planner]: Received state 9 from robotA
[ccr_centralized_planner-3] [INFO] [1729085030.676857281] [ccr_centralized_planner]: 
[ccr_centralized_planner-3] 
[ccr_centralized_planner-3]  did not replan 
[ccr_centralized_planner-3] 
[ccr_centralized_planner-3] [INFO] [1729085030.677614929] [ccr_centralized_planner]: Sent plan [9, 11, 35, 50, 51, 53, 39, 55, 56, 57, 5, 1] to robotA
[ccr_fake_execution-2] [INFO] [1729085030.677776070] [ccr_fake_execution]: got plan for robotA: [9, 11, 35, 50, 51, 53, 39, 55, 56, 57, 5, 1]
[ccr_centralized_planner-3] [INFO] [1729085030.705536638] [ccr_centralized_planner]: Received state 9 from robotA
[ccr_centralized_planner-3] [INFO] [1729085031.676902404] [ccr_centralized_planner]: 
[ccr_centralized_planner-3] 
[ccr_centralized_planner-3]  did not replan 
[ccr_centralized_planner-3] 
[ccr_centralized_planner-3] [INFO] [1729085031.677561899] [ccr_centralized_planner]: Sent plan [9, 11, 35, 50, 51, 53, 39, 55, 56, 57, 5, 1] to robotA
[ccr_fake_execution-2] [INFO] [1729085031.677874855] [ccr_fake_execution]: got plan for robotA: [9, 11, 35, 50, 51, 53, 39, 55, 56, 57, 5, 1]
[ccr_fake_execution-2] [INFO] [1729085031.705150574] [ccr_fake_execution]: robotA: 9 -> 11
[ccr_centralized_planner-3] [INFO] [1729085031.705909074] [ccr_centralized_planner]: Received state 11 from robotA
[ccr_centralized_planner-3] [INFO] [1729085032.676882947] [ccr_centralized_planner]: 
[ccr_centralized_planner-3] 
[ccr_centralized_planner-3]  did not replan 
[ccr_centralized_planner-3] 
[ccr_centralized_planner-3] [INFO] [1729085032.677521763] [ccr_centralized_planner]: Sent plan [11, 35, 50, 51, 53, 39, 55, 56, 57, 5, 1] to robotA
[ccr_fake_execution-2] [INFO] [1729085032.677759408] [ccr_fake_execution]: got plan for robotA: [11, 35, 50, 51, 53, 39, 55, 56, 57, 5, 1]
[ccr_fake_execution-2] [INFO] [1729085032.705119696] [ccr_fake_execution]: robotA: 11 -> 35
[ccr_centralized_planner-3] [INFO] [1729085032.705847328] [ccr_centralized_planner]: Received state 35 from robotA
[ccr_centralized_planner-3] [INFO] [1729085033.676885492] [ccr_centralized_planner]: 
[ccr_centralized_planner-3] 
[ccr_centralized_planner-3]  did not replan 
[ccr_centralized_planner-3] 
[ccr_centralized_planner-3] [INFO] [1729085033.677507106] [ccr_centralized_planner]: Sent plan [35, 50, 51, 53, 39, 55, 56, 57, 5, 1] to robotA
[ccr_fake_execution-2] [INFO] [1729085033.677773474] [ccr_fake_execution]: got plan for robotA: [35, 50, 51, 53, 39, 55, 56, 57, 5, 1]
[ccr_fake_execution-2] [INFO] [1729085033.705122010] [ccr_fake_execution]: robotA: 35 -> 50
[ccr_centralized_planner-3] [INFO] [1729085033.706026163] [ccr_centralized_planner]: Received state 50 from robotA
[ccr_centralized_planner-3] [INFO] [1729085034.676851568] [ccr_centralized_planner]: 
[ccr_centralized_planner-3] 
[ccr_centralized_planner-3]  did not replan 
[ccr_centralized_planner-3] 
[ccr_centralized_planner-3] [INFO] [1729085034.677526412] [ccr_centralized_planner]: Sent plan [50, 51, 53, 39, 55, 56, 57, 5, 1] to robotA
[ccr_fake_execution-2] [INFO] [1729085034.677714534] [ccr_fake_execution]: got plan for robotA: [50, 51, 53, 39, 55, 56, 57, 5, 1]
[ccr_fake_execution-2] [INFO] [1729085034.705139262] [ccr_fake_execution]: robotA: 50 -> 51
[ccr_centralized_planner-3] [INFO] [1729085034.706120359] [ccr_centralized_planner]: Received state 51 from robotA
[ccr_centralized_planner-3] [INFO] [1729085035.676886323] [ccr_centralized_planner]: 
[ccr_centralized_planner-3] 
[ccr_centralized_planner-3]  did not replan 
[ccr_centralized_planner-3] 
[ccr_centralized_planner-3] [INFO] [1729085035.677494181] [ccr_centralized_planner]: Sent plan [51, 53, 39, 55, 56, 57, 5, 1] to robotA
[ccr_fake_execution-2] [INFO] [1729085035.677834408] [ccr_fake_execution]: got plan for robotA: [51, 53, 39, 55, 56, 57, 5, 1]
[ccr_fake_execution-2] [INFO] [1729085035.705141356] [ccr_fake_execution]: robotA: 51 -> 53
[ccr_centralized_planner-3] [INFO] [1729085035.705882854] [ccr_centralized_planner]: Received state 53 from robotA
[ccr_centralized_planner-3] [INFO] [1729085036.676891753] [ccr_centralized_planner]: 
[ccr_centralized_planner-3] 
[ccr_centralized_planner-3]  did not replan 
[ccr_centralized_planner-3] 
[ccr_centralized_planner-3] [INFO] [1729085036.677534276] [ccr_centralized_planner]: Sent plan [53, 39, 55, 56, 57, 5, 1] to robotA
[ccr_fake_execution-2] [INFO] [1729085036.678078645] [ccr_fake_execution]: got plan for robotA: [53, 39, 55, 56, 57, 5, 1]
[ccr_fake_execution-2] [INFO] [1729085036.705125406] [ccr_fake_execution]: robotA: 53 -> 39
[ccr_centralized_planner-3] [INFO] [1729085036.706119827] [ccr_centralized_planner]: Received state 39 from robotA
[ccr_centralized_planner-3] [INFO] [1729085037.676892023] [ccr_centralized_planner]: 
[ccr_centralized_planner-3] 
[ccr_centralized_planner-3]  did not replan 
[ccr_centralized_planner-3] 
[ccr_centralized_planner-3] [INFO] [1729085037.677783422] [ccr_centralized_planner]: Sent plan [39, 55, 56, 57, 5, 1] to robotA
[ccr_fake_execution-2] [INFO] [1729085037.678137885] [ccr_fake_execution]: got plan for robotA: [39, 55, 56, 57, 5, 1]
[ccr_fake_execution-2] [INFO] [1729085037.705144391] [ccr_fake_execution]: robotA: 39 -> 55
[ccr_centralized_planner-3] [INFO] [1729085037.705889285] [ccr_centralized_planner]: Received state 55 from robotA
[ccr_centralized_planner-3] [INFO] [1729085038.676908163] [ccr_centralized_planner]: 
[ccr_centralized_planner-3] 
[ccr_centralized_planner-3]  did not replan 
[ccr_centralized_planner-3] 
[ccr_centralized_planner-3] [INFO] [1729085038.677534566] [ccr_centralized_planner]: Sent plan [55, 56, 57, 5, 1] to robotA
[ccr_fake_execution-2] [INFO] [1729085038.678092440] [ccr_fake_execution]: got plan for robotA: [55, 56, 57, 5, 1]
[ccr_fake_execution-2] [INFO] [1729085038.705124173] [ccr_fake_execution]: robotA: 55 -> 56
[ccr_centralized_planner-3] [INFO] [1729085038.705877864] [ccr_centralized_planner]: Received state 56 from robotA
[ccr_centralized_planner-3] [INFO] [1729085039.676906340] [ccr_centralized_planner]: 
[ccr_centralized_planner-3] 
[ccr_centralized_planner-3]  did not replan 
[ccr_centralized_planner-3] 
[ccr_centralized_planner-3] [INFO] [1729085039.677543853] [ccr_centralized_planner]: Sent plan [56, 57, 5, 1] to robotA
[ccr_fake_execution-2] [INFO] [1729085039.677863381] [ccr_fake_execution]: got plan for robotA: [56, 57, 5, 1]
[ccr_centralized_planner-3] [INFO] [1729085039.705404007] [ccr_centralized_planner]: Received state 56 from robotA
[ccr_centralized_planner-3] [INFO] [1729085040.676895639] [ccr_centralized_planner]: 
[ccr_centralized_planner-3] 
[ccr_centralized_planner-3]  did not replan 
[ccr_centralized_planner-3] 
[ccr_centralized_planner-3] [INFO] [1729085040.677505771] [ccr_centralized_planner]: Sent plan [56, 57, 5, 1] to robotA
[ccr_fake_execution-2] [INFO] [1729085040.677867298] [ccr_fake_execution]: got plan for robotA: [56, 57, 5, 1]
[ccr_centralized_planner-3] [INFO] [1729085040.705375212] [ccr_centralized_planner]: Received state 56 from robotA
[ccr_centralized_planner-3] [INFO] [1729085041.677027345] [ccr_centralized_planner]: 
[ccr_centralized_planner-3] 
[ccr_centralized_planner-3]  did not replan 
[ccr_centralized_planner-3] 
[ccr_centralized_planner-3] [INFO] [1729085041.677796415] [ccr_centralized_planner]: Sent plan [56, 57, 5, 1] to robotA
[ccr_fake_execution-2] [INFO] [1729085041.678019793] [ccr_fake_execution]: got plan for robotA: [56, 57, 5, 1]
[ccr_centralized_planner-3] [INFO] [1729085041.705280885] [ccr_centralized_planner]: Received state 56 from robotA
[ccr_centralized_planner-3] [INFO] [1729085042.677000615] [ccr_centralized_planner]: 
[ccr_centralized_planner-3] 
[ccr_centralized_planner-3]  did not replan 
[ccr_centralized_planner-3] 
[ccr_centralized_planner-3] [INFO] [1729085042.677738727] [ccr_centralized_planner]: Sent plan [56, 57, 5, 1] to robotA
[ccr_fake_execution-2] [INFO] [1729085042.677969308] [ccr_fake_execution]: got plan for robotA: [56, 57, 5, 1]
[ccr_fake_execution-2] [INFO] [1729085042.705181439] [ccr_fake_execution]: robotA: 56 -> 57
[ccr_centralized_planner-3] [INFO] [1729085042.705981416] [ccr_centralized_planner]: Received state 57 from robotA
[ccr_centralized_planner-3] [INFO] [1729085043.676972442] [ccr_centralized_planner]: 
[ccr_centralized_planner-3] 
[ccr_centralized_planner-3]  did not replan 
[ccr_centralized_planner-3] 
[ccr_centralized_planner-3] [INFO] [1729085043.677735811] [ccr_centralized_planner]: Sent plan [57, 5, 1] to robotA
[ccr_fake_execution-2] [INFO] [1729085043.678087018] [ccr_fake_execution]: got plan for robotA: [57, 5, 1]
[ccr_centralized_planner-3] [INFO] [1729085043.705407712] [ccr_centralized_planner]: Received state 57 from robotA
[ccr_centralized_planner-3] [INFO] [1729085044.676948376] [ccr_centralized_planner]: 
[ccr_centralized_planner-3] 
[ccr_centralized_planner-3]  did not replan 
[ccr_centralized_planner-3] 
[ccr_centralized_planner-3] [INFO] [1729085044.677702398] [ccr_centralized_planner]: Sent plan [57, 5, 1] to robotA
[ccr_fake_execution-2] [INFO] [1729085044.678017247] [ccr_fake_execution]: got plan for robotA: [57, 5, 1]
[ccr_fake_execution-2] [INFO] [1729085044.705248724] [ccr_fake_execution]: robotA: 57 -> 5
[ccr_centralized_planner-3] [INFO] [1729085044.706153648] [ccr_centralized_planner]: Received state 5 from robotA
[ccr_centralized_planner-3] [INFO] [1729085045.677009244] [ccr_centralized_planner]: 
[ccr_centralized_planner-3] 
[ccr_centralized_planner-3]  did not replan 
[ccr_centralized_planner-3] 
[ccr_centralized_planner-3] [INFO] [1729085045.677756573] [ccr_centralized_planner]: Sent plan [5, 1] to robotA
[ccr_fake_execution-2] [INFO] [1729085045.678181579] [ccr_fake_execution]: got plan for robotA: [5, 1]
[ccr_fake_execution-2] [INFO] [1729085045.705231937] [ccr_fake_execution]: robotA: 5 -> 1
[ccr_centralized_planner-3] [INFO] [1729085045.706095654] [ccr_centralized_planner]: Received state 1 from robotA
[ccr_goal_provider-1] [INFO] [1729085045.706128836] [ccr_goal_provider]: [32mgoal completed:[0m robotA reached goal 1, going to goal 0 within state 9
[ccr_centralized_planner-3] [INFO] [1729085045.782982876] [ccr_centralized_planner]: Received goal 9 from robotA
[ccr_centralized_planner-3] [INFO] [1729085046.676888384] [ccr_centralized_planner]: 
[ccr_centralized_planner-3] 
[ccr_centralized_planner-3]  replaned due to new goal
[ccr_centralized_planner-3] 
[ccr_centralized_planner-3] [INFO] [1729085046.698960513] [ccr_centralized_planner]: Sent plan [1, 44, 45, 56, 55, 39, 53, 51, 32, 35, 10, 9] to robotA
[ccr_fake_execution-2] [INFO] [1729085046.699569172] [ccr_fake_execution]: got plan for robotA: [1, 44, 45, 56, 55, 39, 53, 51, 32, 35, 10, 9]
[ccr_centralized_planner-3] [INFO] [1729085046.705038130] [ccr_centralized_planner]: Received state 1 from robotA
[ccr_centralized_planner-3] [INFO] [1729085047.676888791] [ccr_centralized_planner]: 
[ccr_centralized_planner-3] 
[ccr_centralized_planner-3]  did not replan 
[ccr_centralized_planner-3] 
[ccr_centralized_planner-3] [INFO] [1729085047.677490748] [ccr_centralized_planner]: Sent plan [1, 44, 45, 56, 55, 39, 53, 51, 32, 35, 10, 9] to robotA
[ccr_fake_execution-2] [INFO] [1729085047.677924870] [ccr_fake_execution]: got plan for robotA: [1, 44, 45, 56, 55, 39, 53, 51, 32, 35, 10, 9]
[ccr_centralized_planner-3] [INFO] [1729085047.705514187] [ccr_centralized_planner]: Received state 1 from robotA
[ccr_centralized_planner-3] [INFO] [1729085048.676935524] [ccr_centralized_planner]: 
[ccr_centralized_planner-3] 
[ccr_centralized_planner-3]  did not replan 
[ccr_centralized_planner-3] 
[ccr_centralized_planner-3] [INFO] [1729085048.677574841] [ccr_centralized_planner]: Sent plan [1, 44, 45, 56, 55, 39, 53, 51, 32, 35, 10, 9] to robotA
[ccr_fake_execution-2] [INFO] [1729085048.678002291] [ccr_fake_execution]: got plan for robotA: [1, 44, 45, 56, 55, 39, 53, 51, 32, 35, 10, 9]
[ccr_fake_execution-2] [INFO] [1729085048.705111229] [ccr_fake_execution]: robotA: 1 -> 44
[ccr_centralized_planner-3] [INFO] [1729085048.705874388] [ccr_centralized_planner]: Received state 44 from robotA
[ccr_centralized_planner-3] [INFO] [1729085049.676891998] [ccr_centralized_planner]: 
[ccr_centralized_planner-3] 
[ccr_centralized_planner-3]  did not replan 
[ccr_centralized_planner-3] 
[ccr_centralized_planner-3] [INFO] [1729085049.677530543] [ccr_centralized_planner]: Sent plan [44, 45, 56, 55, 39, 53, 51, 32, 35, 10, 9] to robotA
[ccr_fake_execution-2] [INFO] [1729085049.677937355] [ccr_fake_execution]: got plan for robotA: [44, 45, 56, 55, 39, 53, 51, 32, 35, 10, 9]
[ccr_centralized_planner-3] [INFO] [1729085049.705419402] [ccr_centralized_planner]: Received state 44 from robotA
[ccr_centralized_planner-3] [INFO] [1729085050.676925748] [ccr_centralized_planner]: 
[ccr_centralized_planner-3] 
[ccr_centralized_planner-3]  did not replan 
[ccr_centralized_planner-3] 
[ccr_centralized_planner-3] [INFO] [1729085050.677618023] [ccr_centralized_planner]: Sent plan [44, 45, 56, 55, 39, 53, 51, 32, 35, 10, 9] to robotA
[ccr_fake_execution-2] [INFO] [1729085050.677996332] [ccr_fake_execution]: got plan for robotA: [44, 45, 56, 55, 39, 53, 51, 32, 35, 10, 9]
[ccr_centralized_planner-3] [INFO] [1729085050.705442581] [ccr_centralized_planner]: Received state 44 from robotA
[ccr_centralized_planner-3] [INFO] [1729085051.676998249] [ccr_centralized_planner]: 
[ccr_centralized_planner-3] 
[ccr_centralized_planner-3]  did not replan 
[ccr_centralized_planner-3] 
[ccr_centralized_planner-3] [INFO] [1729085051.678005905] [ccr_centralized_planner]: Sent plan [44, 45, 56, 55, 39, 53, 51, 32, 35, 10, 9] to robotA
[ccr_fake_execution-2] [INFO] [1729085051.678107786] [ccr_fake_execution]: got plan for robotA: [44, 45, 56, 55, 39, 53, 51, 32, 35, 10, 9]
[ccr_fake_execution-2] [INFO] [1729085051.705182720] [ccr_fake_execution]: robotA: 44 -> 45
[ccr_centralized_planner-3] [INFO] [1729085051.706087945] [ccr_centralized_planner]: Received state 45 from robotA
[ccr_centralized_planner-3] [INFO] [1729085052.676953051] [ccr_centralized_planner]: 
[ccr_centralized_planner-3] 
[ccr_centralized_planner-3]  did not replan 
[ccr_centralized_planner-3] 
[ccr_centralized_planner-3] [INFO] [1729085052.677947582] [ccr_centralized_planner]: Sent plan [45, 56, 55, 39, 53, 51, 32, 35, 10, 9] to robotA
[ccr_fake_execution-2] [INFO] [1729085052.678333715] [ccr_fake_execution]: got plan for robotA: [45, 56, 55, 39, 53, 51, 32, 35, 10, 9]
[ccr_fake_execution-2] [INFO] [1729085052.705123165] [ccr_fake_execution]: robotA: 45 -> 56
[ccr_centralized_planner-3] [INFO] [1729085052.706053597] [ccr_centralized_planner]: Received state 56 from robotA
[ccr_centralized_planner-3] [INFO] [1729085053.677003200] [ccr_centralized_planner]: 
[ccr_centralized_planner-3] 
[ccr_centralized_planner-3]  did not replan 
[ccr_centralized_planner-3] 
[ccr_centralized_planner-3] [INFO] [1729085053.677771408] [ccr_centralized_planner]: Sent plan [56, 55, 39, 53, 51, 32, 35, 10, 9] to robotA
[ccr_fake_execution-2] [INFO] [1729085053.678105554] [ccr_fake_execution]: got plan for robotA: [56, 55, 39, 53, 51, 32, 35, 10, 9]
[ccr_centralized_planner-3] [INFO] [1729085053.705578824] [ccr_centralized_planner]: Received state 56 from robotA
[ccr_centralized_planner-3] [INFO] [1729085054.676915342] [ccr_centralized_planner]: 
[ccr_centralized_planner-3] 
[ccr_centralized_planner-3]  did not replan 
[ccr_centralized_planner-3] 
[ccr_centralized_planner-3] [INFO] [1729085054.677559458] [ccr_centralized_planner]: Sent plan [56, 55, 39, 53, 51, 32, 35, 10, 9] to robotA
[ccr_fake_execution-2] [INFO] [1729085054.677976178] [ccr_fake_execution]: got plan for robotA: [56, 55, 39, 53, 51, 32, 35, 10, 9]
[ccr_centralized_planner-3] [INFO] [1729085054.705387732] [ccr_centralized_planner]: Received state 56 from robotA
[ccr_centralized_planner-3] [INFO] [1729085055.676928102] [ccr_centralized_planner]: 
[ccr_centralized_planner-3] 
[ccr_centralized_planner-3]  did not replan 
[ccr_centralized_planner-3] 
[ccr_centralized_planner-3] [INFO] [1729085055.677579531] [ccr_centralized_planner]: Sent plan [56, 55, 39, 53, 51, 32, 35, 10, 9] to robotA
[ccr_fake_execution-2] [INFO] [1729085055.678053428] [ccr_fake_execution]: got plan for robotA: [56, 55, 39, 53, 51, 32, 35, 10, 9]
[ccr_centralized_planner-3] [INFO] [1729085055.705355468] [ccr_centralized_planner]: Received state 56 from robotA
[ccr_centralized_planner-3] [INFO] [1729085056.676862265] [ccr_centralized_planner]: 
[ccr_centralized_planner-3] 
[ccr_centralized_planner-3]  did not replan 
[ccr_centralized_planner-3] 
[ccr_centralized_planner-3] [INFO] [1729085056.677503725] [ccr_centralized_planner]: Sent plan [56, 55, 39, 53, 51, 32, 35, 10, 9] to robotA
[ccr_fake_execution-2] [INFO] [1729085056.677710132] [ccr_fake_execution]: got plan for robotA: [56, 55, 39, 53, 51, 32, 35, 10, 9]
[ccr_fake_execution-2] [INFO] [1729085056.705134921] [ccr_fake_execution]: robotA: 56 -> 55
[ccr_centralized_planner-3] [INFO] [1729085056.705888331] [ccr_centralized_planner]: Received state 55 from robotA
[ccr_centralized_planner-3] [INFO] [1729085057.676892878] [ccr_centralized_planner]: 
[ccr_centralized_planner-3] 
[ccr_centralized_planner-3]  did not replan 
[ccr_centralized_planner-3] 
[ccr_centralized_planner-3] [INFO] [1729085057.677549447] [ccr_centralized_planner]: Sent plan [55, 39, 53, 51, 32, 35, 10, 9] to robotA
[ccr_fake_execution-2] [INFO] [1729085057.677763588] [ccr_fake_execution]: got plan for robotA: [55, 39, 53, 51, 32, 35, 10, 9]
[ccr_centralized_planner-3] [INFO] [1729085057.705337095] [ccr_centralized_planner]: Received state 55 from robotA
[ccr_centralized_planner-3] [INFO] [1729085058.676917460] [ccr_centralized_planner]: 
[ccr_centralized_planner-3] 
[ccr_centralized_planner-3]  did not replan 
[ccr_centralized_planner-3] 
[ccr_centralized_planner-3] [INFO] [1729085058.677647557] [ccr_centralized_planner]: Sent plan [55, 39, 53, 51, 32, 35, 10, 9] to robotA
[ccr_fake_execution-2] [INFO] [1729085058.678044630] [ccr_fake_execution]: got plan for robotA: [55, 39, 53, 51, 32, 35, 10, 9]
[ccr_fake_execution-2] [INFO] [1729085058.705121758] [ccr_fake_execution]: robotA: 55 -> 39
[ccr_centralized_planner-3] [INFO] [1729085058.705844341] [ccr_centralized_planner]: Received state 39 from robotA
[ccr_centralized_planner-3] [INFO] [1729085059.676846002] [ccr_centralized_planner]: 
[ccr_centralized_planner-3] 
[ccr_centralized_planner-3]  did not replan 
[ccr_centralized_planner-3] 
[ccr_centralized_planner-3] [INFO] [1729085059.677818743] [ccr_centralized_planner]: Sent plan [39, 53, 51, 32, 35, 10, 9] to robotA
[ccr_fake_execution-2] [INFO] [1729085059.678056828] [ccr_fake_execution]: got plan for robotA: [39, 53, 51, 32, 35, 10, 9]
[ccr_centralized_planner-3] [INFO] [1729085059.705377333] [ccr_centralized_planner]: Received state 39 from robotA
[ccr_centralized_planner-3] [INFO] [1729085060.676916630] [ccr_centralized_planner]: 
[ccr_centralized_planner-3] 
[ccr_centralized_planner-3]  did not replan 
[ccr_centralized_planner-3] 
[ccr_centralized_planner-3] [INFO] [1729085060.677659240] [ccr_centralized_planner]: Sent plan [39, 53, 51, 32, 35, 10, 9] to robotA
[ccr_fake_execution-2] [INFO] [1729085060.677941228] [ccr_fake_execution]: got plan for robotA: [39, 53, 51, 32, 35, 10, 9]
[ccr_centralized_planner-3] [INFO] [1729085060.705451257] [ccr_centralized_planner]: Received state 39 from robotA
[ccr_centralized_planner-3] [INFO] [1729085061.676933999] [ccr_centralized_planner]: 
[ccr_centralized_planner-3] 
[ccr_centralized_planner-3]  did not replan 
[ccr_centralized_planner-3] 
[ccr_centralized_planner-3] [INFO] [1729085061.677669676] [ccr_centralized_planner]: Sent plan [39, 53, 51, 32, 35, 10, 9] to robotA
[ccr_fake_execution-2] [INFO] [1729085061.678122664] [ccr_fake_execution]: got plan for robotA: [39, 53, 51, 32, 35, 10, 9]
[ccr_fake_execution-2] [INFO] [1729085061.705191286] [ccr_fake_execution]: robotA: 39 -> 53
[ccr_centralized_planner-3] [INFO] [1729085061.706101800] [ccr_centralized_planner]: Received state 53 from robotA
[ccr_centralized_planner-3] [INFO] [1729085062.676931389] [ccr_centralized_planner]: 
[ccr_centralized_planner-3] 
[ccr_centralized_planner-3]  did not replan 
[ccr_centralized_planner-3] 
[ccr_centralized_planner-3] [INFO] [1729085062.677905273] [ccr_centralized_planner]: Sent plan [53, 51, 32, 35, 10, 9] to robotA
[ccr_fake_execution-2] [INFO] [1729085062.677972068] [ccr_fake_execution]: got plan for robotA: [53, 51, 32, 35, 10, 9]
[ccr_fake_execution-2] [INFO] [1729085062.705237348] [ccr_fake_execution]: robotA: 53 -> 51
[ccr_centralized_planner-3] [INFO] [1729085062.706071560] [ccr_centralized_planner]: Received state 51 from robotA
[ccr_centralized_planner-3] [INFO] [1729085063.676905036] [ccr_centralized_planner]: 
[ccr_centralized_planner-3] 
[ccr_centralized_planner-3]  did not replan 
[ccr_centralized_planner-3] 
[ccr_fake_execution-2] [INFO] [1729085063.677840247] [ccr_fake_execution]: got plan for robotA: [51, 32, 35, 10, 9]
[ccr_centralized_planner-3] [INFO] [1729085063.677914065] [ccr_centralized_planner]: Sent plan [51, 32, 35, 10, 9] to robotA
[ccr_centralized_planner-3] [INFO] [1729085063.705369181] [ccr_centralized_planner]: Received state 51 from robotA
[ccr_centralized_planner-3] [INFO] [1729085064.676874605] [ccr_centralized_planner]: 
[ccr_centralized_planner-3] 
[ccr_centralized_planner-3]  did not replan 
[ccr_centralized_planner-3] 
[ccr_centralized_planner-3] [INFO] [1729085064.677505987] [ccr_centralized_planner]: Sent plan [51, 32, 35, 10, 9] to robotA
[ccr_fake_execution-2] [INFO] [1729085064.677739795] [ccr_fake_execution]: got plan for robotA: [51, 32, 35, 10, 9]
[ccr_centralized_planner-3] [INFO] [1729085064.705418099] [ccr_centralized_planner]: Received state 51 from robotA
[ccr_centralized_planner-3] [INFO] [1729085065.676977694] [ccr_centralized_planner]: 
[ccr_centralized_planner-3] 
[ccr_centralized_planner-3]  did not replan 
[ccr_centralized_planner-3] 
[ccr_centralized_planner-3] [INFO] [1729085065.677994387] [ccr_centralized_planner]: Sent plan [51, 32, 35, 10, 9] to robotA
[ccr_fake_execution-2] [INFO] [1729085065.678010928] [ccr_fake_execution]: got plan for robotA: [51, 32, 35, 10, 9]
[ccr_centralized_planner-3] [INFO] [1729085065.705420298] [ccr_centralized_planner]: Received state 51 from robotA
[ccr_centralized_planner-3] [INFO] [1729085066.676924020] [ccr_centralized_planner]: 
[ccr_centralized_planner-3] 
[ccr_centralized_planner-3]  did not replan 
[ccr_centralized_planner-3] 
[ccr_centralized_planner-3] [INFO] [1729085066.677576812] [ccr_centralized_planner]: Sent plan [51, 32, 35, 10, 9] to robotA
[ccr_fake_execution-2] [INFO] [1729085066.677790602] [ccr_fake_execution]: got plan for robotA: [51, 32, 35, 10, 9]
[ccr_centralized_planner-3] [INFO] [1729085066.705365232] [ccr_centralized_planner]: Received state 51 from robotA
[ccr_centralized_planner-3] [INFO] [1729085067.676900291] [ccr_centralized_planner]: 
[ccr_centralized_planner-3] 
[ccr_centralized_planner-3]  did not replan 
[ccr_centralized_planner-3] 
[ccr_centralized_planner-3] [INFO] [1729085067.677514511] [ccr_centralized_planner]: Sent plan [51, 32, 35, 10, 9] to robotA
[ccr_fake_execution-2] [INFO] [1729085067.678592469] [ccr_fake_execution]: got plan for robotA: [51, 32, 35, 10, 9]
[ccr_centralized_planner-3] [INFO] [1729085067.705460896] [ccr_centralized_planner]: Received state 51 from robotA
[ccr_centralized_planner-3] [INFO] [1729085068.676886371] [ccr_centralized_planner]: 
[ccr_centralized_planner-3] 
[ccr_centralized_planner-3]  did not replan 
[ccr_centralized_planner-3] 
[ccr_centralized_planner-3] [INFO] [1729085068.677537159] [ccr_centralized_planner]: Sent plan [51, 32, 35, 10, 9] to robotA
[ccr_fake_execution-2] [INFO] [1729085068.677905058] [ccr_fake_execution]: got plan for robotA: [51, 32, 35, 10, 9]
[ccr_fake_execution-2] [INFO] [1729085068.705120355] [ccr_fake_execution]: robotA: 51 -> 32
[ccr_centralized_planner-3] [INFO] [1729085068.705845362] [ccr_centralized_planner]: Received state 32 from robotA
[ccr_centralized_planner-3] [INFO] [1729085069.676876829] [ccr_centralized_planner]: 
[ccr_centralized_planner-3] 
[ccr_centralized_planner-3]  did not replan 
[ccr_centralized_planner-3] 
[ccr_centralized_planner-3] [INFO] [1729085069.677540441] [ccr_centralized_planner]: Sent plan [32, 35, 10, 9] to robotA
[ccr_fake_execution-2] [INFO] [1729085069.677932024] [ccr_fake_execution]: got plan for robotA: [32, 35, 10, 9]
[ccr_centralized_planner-3] [INFO] [1729085069.705575653] [ccr_centralized_planner]: Received state 32 from robotA
[ccr_centralized_planner-3] [INFO] [1729085070.676960742] [ccr_centralized_planner]: 
[ccr_centralized_planner-3] 
[ccr_centralized_planner-3]  did not replan 
[ccr_centralized_planner-3] 
[ccr_centralized_planner-3] [INFO] [1729085070.677638541] [ccr_centralized_planner]: Sent plan [32, 35, 10, 9] to robotA
[ccr_fake_execution-2] [INFO] [1729085070.678051444] [ccr_fake_execution]: got plan for robotA: [32, 35, 10, 9]
[ccr_fake_execution-2] [INFO] [1729085070.705233078] [ccr_fake_execution]: robotA: 32 -> 35
[ccr_centralized_planner-3] [INFO] [1729085070.706040549] [ccr_centralized_planner]: Received state 35 from robotA
[ccr_centralized_planner-3] [INFO] [1729085071.676990484] [ccr_centralized_planner]: 
[ccr_centralized_planner-3] 
[ccr_centralized_planner-3]  did not replan 
[ccr_centralized_planner-3] 
[ccr_centralized_planner-3] [INFO] [1729085071.677684863] [ccr_centralized_planner]: Sent plan [35, 10, 9] to robotA
[ccr_fake_execution-2] [INFO] [1729085071.678039978] [ccr_fake_execution]: got plan for robotA: [35, 10, 9]
[ccr_fake_execution-2] [INFO] [1729085071.705256528] [ccr_fake_execution]: robotA: 35 -> 10
[ccr_centralized_planner-3] [INFO] [1729085071.705948884] [ccr_centralized_planner]: Received state 10 from robotA
[ccr_centralized_planner-3] [INFO] [1729085072.676977536] [ccr_centralized_planner]: 
[ccr_centralized_planner-3] 
[ccr_centralized_planner-3]  did not replan 
[ccr_centralized_planner-3] 
[ccr_centralized_planner-3] [INFO] [1729085072.677707933] [ccr_centralized_planner]: Sent plan [10, 9] to robotA
[ccr_fake_execution-2] [INFO] [1729085072.678028323] [ccr_fake_execution]: got plan for robotA: [10, 9]
[ccr_fake_execution-2] [INFO] [1729085072.705286810] [ccr_fake_execution]: robotA: 10 -> 9
[ccr_centralized_planner-3] [INFO] [1729085072.706004143] [ccr_centralized_planner]: Received state 9 from robotA
[ccr_goal_provider-1] [INFO] [1729085072.706588226] [ccr_goal_provider]: [32mgoal completed:[0m robotA reached goal 9, going to goal 1 within state 1
[ccr_centralized_planner-3] [INFO] [1729085072.783248264] [ccr_centralized_planner]: Received goal 1 from robotA
[ccr_centralized_planner-3] [INFO] [1729085073.676987570] [ccr_centralized_planner]: 
[ccr_centralized_planner-3] 
[ccr_centralized_planner-3]  replaned due to new goal
[ccr_centralized_planner-3] 
[ccr_centralized_planner-3] [INFO] [1729085073.699623625] [ccr_centralized_planner]: Sent plan [9, 11, 35, 50, 51, 53, 39, 55, 56, 57, 5, 1] to robotA
[ccr_fake_execution-2] [INFO] [1729085073.700082624] [ccr_fake_execution]: got plan for robotA: [9, 11, 35, 50, 51, 53, 39, 55, 56, 57, 5, 1]
[ccr_centralized_planner-3] [INFO] [1729085073.705604271] [ccr_centralized_planner]: Received state 9 from robotA
[ccr_centralized_planner-3] [INFO] [1729085074.676808922] [ccr_centralized_planner]: 
[ccr_centralized_planner-3] 
[ccr_centralized_planner-3]  did not replan 
[ccr_centralized_planner-3] 
[ccr_centralized_planner-3] [INFO] [1729085074.677439362] [ccr_centralized_planner]: Sent plan [9, 11, 35, 50, 51, 53, 39, 55, 56, 57, 5, 1] to robotA
[ccr_fake_execution-2] [INFO] [1729085074.678006794] [ccr_fake_execution]: got plan for robotA: [9, 11, 35, 50, 51, 53, 39, 55, 56, 57, 5, 1]
[ccr_centralized_planner-3] [INFO] [1729085074.705506093] [ccr_centralized_planner]: Received state 9 from robotA
[ccr_centralized_planner-3] [INFO] [1729085075.677048636] [ccr_centralized_planner]: 
[ccr_centralized_planner-3] 
[ccr_centralized_planner-3]  did not replan 
[ccr_centralized_planner-3] 
[ccr_centralized_planner-3] [INFO] [1729085075.677793130] [ccr_centralized_planner]: Sent plan [9, 11, 35, 50, 51, 53, 39, 55, 56, 57, 5, 1] to robotA
[ccr_fake_execution-2] [INFO] [1729085075.678208979] [ccr_fake_execution]: got plan for robotA: [9, 11, 35, 50, 51, 53, 39, 55, 56, 57, 5, 1]
[ccr_centralized_planner-3] [INFO] [1729085075.705855363] [ccr_centralized_planner]: Received state 9 from robotA
[ccr_centralized_planner-3] [INFO] [1729085076.676944187] [ccr_centralized_planner]: 
[ccr_centralized_planner-3] 
[ccr_centralized_planner-3]  did not replan 
[ccr_centralized_planner-3] 
[ccr_centralized_planner-3] [INFO] [1729085076.677629009] [ccr_centralized_planner]: Sent plan [9, 11, 35, 50, 51, 53, 39, 55, 56, 57, 5, 1] to robotA
[ccr_fake_execution-2] [INFO] [1729085076.678059505] [ccr_fake_execution]: got plan for robotA: [9, 11, 35, 50, 51, 53, 39, 55, 56, 57, 5, 1]
[ccr_fake_execution-2] [INFO] [1729085076.705310719] [ccr_fake_execution]: robotA: 9 -> 11
[ccr_centralized_planner-3] [INFO] [1729085076.706195726] [ccr_centralized_planner]: Received state 11 from robotA
[ccr_centralized_planner-3] [INFO] [1729085077.676979248] [ccr_centralized_planner]: 
[ccr_centralized_planner-3] 
[ccr_centralized_planner-3]  did not replan 
[ccr_centralized_planner-3] 
[ccr_centralized_planner-3] [INFO] [1729085077.677954614] [ccr_centralized_planner]: Sent plan [11, 35, 50, 51, 53, 39, 55, 56, 57, 5, 1] to robotA
[ccr_fake_execution-2] [INFO] [1729085077.678069830] [ccr_fake_execution]: got plan for robotA: [11, 35, 50, 51, 53, 39, 55, 56, 57, 5, 1]
[ccr_centralized_planner-3] [INFO] [1729085077.705478158] [ccr_centralized_planner]: Received state 11 from robotA
[ccr_centralized_planner-3] [INFO] [1729085078.676984845] [ccr_centralized_planner]: 
[ccr_centralized_planner-3] 
[ccr_centralized_planner-3]  did not replan 
[ccr_centralized_planner-3] 
[ccr_centralized_planner-3] [INFO] [1729085078.677844093] [ccr_centralized_planner]: Sent plan [11, 35, 50, 51, 53, 39, 55, 56, 57, 5, 1] to robotA
[ccr_fake_execution-2] [INFO] [1729085078.678077350] [ccr_fake_execution]: got plan for robotA: [11, 35, 50, 51, 53, 39, 55, 56, 57, 5, 1]
[ccr_fake_execution-2] [INFO] [1729085078.705228557] [ccr_fake_execution]: robotA: 11 -> 35
[ccr_centralized_planner-3] [INFO] [1729085078.706293411] [ccr_centralized_planner]: Received state 35 from robotA
[ccr_centralized_planner-3] [INFO] [1729085079.676972478] [ccr_centralized_planner]: 
[ccr_centralized_planner-3] 
[ccr_centralized_planner-3]  did not replan 
[ccr_centralized_planner-3] 
[ccr_centralized_planner-3] [INFO] [1729085079.677713034] [ccr_centralized_planner]: Sent plan [35, 50, 51, 53, 39, 55, 56, 57, 5, 1] to robotA
[ccr_fake_execution-2] [INFO] [1729085079.678094378] [ccr_fake_execution]: got plan for robotA: [35, 50, 51, 53, 39, 55, 56, 57, 5, 1]
[ccr_fake_execution-2] [INFO] [1729085079.705256035] [ccr_fake_execution]: robotA: 35 -> 50
[ccr_centralized_planner-3] [INFO] [1729085079.706317421] [ccr_centralized_planner]: Received state 50 from robotA
[ccr_centralized_planner-3] [INFO] [1729085080.677021485] [ccr_centralized_planner]: 
[ccr_centralized_planner-3] 
[ccr_centralized_planner-3]  did not replan 
[ccr_centralized_planner-3] 
[ccr_centralized_planner-3] [INFO] [1729085080.677779083] [ccr_centralized_planner]: Sent plan [50, 51, 53, 39, 55, 56, 57, 5, 1] to robotA
[ccr_fake_execution-2] [INFO] [1729085080.678120733] [ccr_fake_execution]: got plan for robotA: [50, 51, 53, 39, 55, 56, 57, 5, 1]
[ccr_centralized_planner-3] [INFO] [1729085080.705511709] [ccr_centralized_planner]: Received state 50 from robotA
[ccr_centralized_planner-3] [INFO] [1729085081.677023545] [ccr_centralized_planner]: 
[ccr_centralized_planner-3] 
[ccr_centralized_planner-3]  did not replan 
[ccr_centralized_planner-3] 
[ccr_centralized_planner-3] [INFO] [1729085081.677739666] [ccr_centralized_planner]: Sent plan [50, 51, 53, 39, 55, 56, 57, 5, 1] to robotA
[ccr_fake_execution-2] [INFO] [1729085081.678186602] [ccr_fake_execution]: got plan for robotA: [50, 51, 53, 39, 55, 56, 57, 5, 1]
[ccr_fake_execution-2] [INFO] [1729085081.705225779] [ccr_fake_execution]: robotA: 50 -> 51
[ccr_centralized_planner-3] [INFO] [1729085081.706123219] [ccr_centralized_planner]: Received state 51 from robotA
[ccr_centralized_planner-3] [INFO] [1729085082.676961284] [ccr_centralized_planner]: 
[ccr_centralized_planner-3] 
[ccr_centralized_planner-3]  did not replan 
[ccr_centralized_planner-3] 
[ccr_centralized_planner-3] [INFO] [1729085082.677945968] [ccr_centralized_planner]: Sent plan [51, 53, 39, 55, 56, 57, 5, 1] to robotA
[ccr_fake_execution-2] [INFO] [1729085082.678080119] [ccr_fake_execution]: got plan for robotA: [51, 53, 39, 55, 56, 57, 5, 1]
[ccr_fake_execution-2] [INFO] [1729085082.705091564] [ccr_fake_execution]: robotA: 51 -> 53
[ccr_centralized_planner-3] [INFO] [1729085082.706072631] [ccr_centralized_planner]: Received state 53 from robotA
[ccr_centralized_planner-3] [INFO] [1729085083.676959307] [ccr_centralized_planner]: 
[ccr_centralized_planner-3] 
[ccr_centralized_planner-3]  did not replan 
[ccr_centralized_planner-3] 
[ccr_centralized_planner-3] [INFO] [1729085083.677937859] [ccr_centralized_planner]: Sent plan [53, 39, 55, 56, 57, 5, 1] to robotA
[ccr_fake_execution-2] [INFO] [1729085083.678074855] [ccr_fake_execution]: got plan for robotA: [53, 39, 55, 56, 57, 5, 1]
[ccr_fake_execution-2] [INFO] [1729085083.705225681] [ccr_fake_execution]: robotA: 53 -> 39
[ccr_centralized_planner-3] [INFO] [1729085083.706162295] [ccr_centralized_planner]: Received state 39 from robotA
[ccr_centralized_planner-3] [INFO] [1729085084.676976485] [ccr_centralized_planner]: 
[ccr_centralized_planner-3] 
[ccr_centralized_planner-3]  did not replan 
[ccr_centralized_planner-3] 
[ccr_centralized_planner-3] [INFO] [1729085084.677881158] [ccr_centralized_planner]: Sent plan [39, 55, 56, 57, 5, 1] to robotA
[ccr_fake_execution-2] [INFO] [1729085084.678370625] [ccr_fake_execution]: got plan for robotA: [39, 55, 56, 57, 5, 1]
[ccr_fake_execution-2] [INFO] [1729085084.705179351] [ccr_fake_execution]: robotA: 39 -> 55
[ccr_centralized_planner-3] [INFO] [1729085084.706106556] [ccr_centralized_planner]: Received state 55 from robotA
[ccr_centralized_planner-3] [INFO] [1729085085.676882335] [ccr_centralized_planner]: 
[ccr_centralized_planner-3] 
[ccr_centralized_planner-3]  did not replan 
[ccr_centralized_planner-3] 
[ccr_centralized_planner-3] [INFO] [1729085085.677428758] [ccr_centralized_planner]: Sent plan [55, 56, 57, 5, 1] to robotA
[ccr_fake_execution-2] [INFO] [1729085085.678019123] [ccr_fake_execution]: got plan for robotA: [55, 56, 57, 5, 1]
[ccr_fake_execution-2] [INFO] [1729085085.705234560] [ccr_fake_execution]: robotA: 55 -> 56
[ccr_centralized_planner-3] [INFO] [1729085085.706054835] [ccr_centralized_planner]: Received state 56 from robotA
[ccr_centralized_planner-3] [INFO] [1729085086.676974994] [ccr_centralized_planner]: 
[ccr_centralized_planner-3] 
[ccr_centralized_planner-3]  did not replan 
[ccr_centralized_planner-3] 
[ccr_centralized_planner-3] [INFO] [1729085086.677660698] [ccr_centralized_planner]: Sent plan [56, 57, 5, 1] to robotA
[ccr_fake_execution-2] [INFO] [1729085086.678018808] [ccr_fake_execution]: got plan for robotA: [56, 57, 5, 1]
[ccr_fake_execution-2] [INFO] [1729085086.705243363] [ccr_fake_execution]: robotA: 56 -> 57
[ccr_centralized_planner-3] [INFO] [1729085086.706060382] [ccr_centralized_planner]: Received state 57 from robotA
[ccr_centralized_planner-3] [INFO] [1729085087.677008553] [ccr_centralized_planner]: 
[ccr_centralized_planner-3] 
[ccr_centralized_planner-3]  did not replan 
[ccr_centralized_planner-3] 
[ccr_centralized_planner-3] [INFO] [1729085087.677715356] [ccr_centralized_planner]: Sent plan [57, 5, 1] to robotA
[ccr_fake_execution-2] [INFO] [1729085087.678158406] [ccr_fake_execution]: got plan for robotA: [57, 5, 1]
[ccr_centralized_planner-3] [INFO] [1729085087.705726072] [ccr_centralized_planner]: Received state 57 from robotA
[ccr_centralized_planner-3] [INFO] [1729085088.677023306] [ccr_centralized_planner]: 
[ccr_centralized_planner-3] 
[ccr_centralized_planner-3]  did not replan 
[ccr_centralized_planner-3] 
[ccr_centralized_planner-3] [INFO] [1729085088.678025072] [ccr_centralized_planner]: Sent plan [57, 5, 1] to robotA
[ccr_fake_execution-2] [INFO] [1729085088.678152280] [ccr_fake_execution]: got plan for robotA: [57, 5, 1]
[ccr_centralized_planner-3] [INFO] [1729085088.705638344] [ccr_centralized_planner]: Received state 57 from robotA
[ccr_centralized_planner-3] [INFO] [1729085089.677038761] [ccr_centralized_planner]: 
[ccr_centralized_planner-3] 
[ccr_centralized_planner-3]  did not replan 
[ccr_centralized_planner-3] 
[ccr_centralized_planner-3] [INFO] [1729085089.678043081] [ccr_centralized_planner]: Sent plan [57, 5, 1] to robotA
[ccr_fake_execution-2] [INFO] [1729085089.678475471] [ccr_fake_execution]: got plan for robotA: [57, 5, 1]
[ccr_centralized_planner-3] [INFO] [1729085089.705783031] [ccr_centralized_planner]: Received state 57 from robotA
[ccr_centralized_planner-3] [INFO] [1729085090.677043196] [ccr_centralized_planner]: 
[ccr_centralized_planner-3] 
[ccr_centralized_planner-3]  did not replan 
[ccr_centralized_planner-3] 
[ccr_centralized_planner-3] [INFO] [1729085090.678054308] [ccr_centralized_planner]: Sent plan [57, 5, 1] to robotA
[ccr_fake_execution-2] [INFO] [1729085090.678474695] [ccr_fake_execution]: got plan for robotA: [57, 5, 1]
[ccr_fake_execution-2] [INFO] [1729085090.705063449] [ccr_fake_execution]: robotA: 57 -> 5
[ccr_centralized_planner-3] [INFO] [1729085090.705848809] [ccr_centralized_planner]: Received state 5 from robotA
[ccr_centralized_planner-3] [INFO] [1729085091.676953944] [ccr_centralized_planner]: 
[ccr_centralized_planner-3] 
[ccr_centralized_planner-3]  did not replan 
[ccr_centralized_planner-3] 
[ccr_centralized_planner-3] [INFO] [1729085091.677852416] [ccr_centralized_planner]: Sent plan [5, 1] to robotA
[ccr_fake_execution-2] [INFO] [1729085091.678394271] [ccr_fake_execution]: got plan for robotA: [5, 1]
[ccr_centralized_planner-3] [INFO] [1729085091.705709865] [ccr_centralized_planner]: Received state 5 from robotA
[ccr_centralized_planner-3] [INFO] [1729085092.676956796] [ccr_centralized_planner]: 
[ccr_centralized_planner-3] 
[ccr_centralized_planner-3]  did not replan 
[ccr_centralized_planner-3] 
[ccr_centralized_planner-3] [INFO] [1729085092.677858594] [ccr_centralized_planner]: Sent plan [5, 1] to robotA
[ccr_fake_execution-2] [INFO] [1729085092.678356827] [ccr_fake_execution]: got plan for robotA: [5, 1]
[ccr_centralized_planner-3] [INFO] [1729085092.705579748] [ccr_centralized_planner]: Received state 5 from robotA
[ccr_centralized_planner-3] [INFO] [1729085093.677029508] [ccr_centralized_planner]: 
[ccr_centralized_planner-3] 
[ccr_centralized_planner-3]  did not replan 
[ccr_centralized_planner-3] 
[ccr_centralized_planner-3] [INFO] [1729085093.677818595] [ccr_centralized_planner]: Sent plan [5, 1] to robotA
[ccr_fake_execution-2] [INFO] [1729085093.678075616] [ccr_fake_execution]: got plan for robotA: [5, 1]
[ccr_centralized_planner-3] [INFO] [1729085093.705356235] [ccr_centralized_planner]: Received state 5 from robotA
[ccr_centralized_planner-3] [INFO] [1729085094.676918596] [ccr_centralized_planner]: 
[ccr_centralized_planner-3] 
[ccr_centralized_planner-3]  did not replan 
[ccr_centralized_planner-3] 
[ccr_centralized_planner-3] [INFO] [1729085094.677894453] [ccr_centralized_planner]: Sent plan [5, 1] to robotA
[ccr_fake_execution-2] [INFO] [1729085094.678015019] [ccr_fake_execution]: got plan for robotA: [5, 1]
[ccr_centralized_planner-3] [INFO] [1729085094.705431923] [ccr_centralized_planner]: Received state 5 from robotA
[ccr_centralized_planner-3] [INFO] [1729085095.676885500] [ccr_centralized_planner]: 
[ccr_centralized_planner-3] 
[ccr_centralized_planner-3]  did not replan 
[ccr_centralized_planner-3] 
[ccr_centralized_planner-3] [INFO] [1729085095.677847431] [ccr_centralized_planner]: Sent plan [5, 1] to robotA
[ccr_fake_execution-2] [INFO] [1729085095.677903305] [ccr_fake_execution]: got plan for robotA: [5, 1]
[ccr_fake_execution-2] [INFO] [1729085095.705138400] [ccr_fake_execution]: robotA: 5 -> 1
[ccr_centralized_planner-3] [INFO] [1729085095.705908702] [ccr_centralized_planner]: Received state 1 from robotA
[ccr_goal_provider-1] [INFO] [1729085095.706058552] [ccr_goal_provider]: [32mgoal completed:[0m robotA reached goal 1, going to goal 0 within state 9
[ccr_centralized_planner-3] [INFO] [1729085095.782910569] [ccr_centralized_planner]: Received goal 9 from robotA
[ccr_centralized_planner-3] [INFO] [1729085096.676910032] [ccr_centralized_planner]: 
[ccr_centralized_planner-3] 
[ccr_centralized_planner-3]  replaned due to new goal
[ccr_centralized_planner-3] 
[ccr_centralized_planner-3] [INFO] [1729085096.698651001] [ccr_centralized_planner]: Sent plan [1, 44, 45, 56, 55, 39, 53, 51, 32, 35, 10, 9] to robotA
[ccr_fake_execution-2] [INFO] [1729085096.698969928] [ccr_fake_execution]: got plan for robotA: [1, 44, 45, 56, 55, 39, 53, 51, 32, 35, 10, 9]
[ccr_fake_execution-2] [INFO] [1729085096.704884610] [ccr_fake_execution]: robotA: 1 -> 44
[ccr_centralized_planner-3] [INFO] [1729085096.705546790] [ccr_centralized_planner]: Received state 44 from robotA
[ccr_centralized_planner-3] [INFO] [1729085097.676951956] [ccr_centralized_planner]: 
[ccr_centralized_planner-3] 
[ccr_centralized_planner-3]  did not replan 
[ccr_centralized_planner-3] 
[ccr_centralized_planner-3] [INFO] [1729085097.677877359] [ccr_centralized_planner]: Sent plan [44, 45, 56, 55, 39, 53, 51, 32, 35, 10, 9] to robotA
[ccr_fake_execution-2] [INFO] [1729085097.678233906] [ccr_fake_execution]: got plan for robotA: [44, 45, 56, 55, 39, 53, 51, 32, 35, 10, 9]
[ccr_fake_execution-2] [INFO] [1729085097.705150775] [ccr_fake_execution]: robotA: 44 -> 45
[ccr_centralized_planner-3] [INFO] [1729085097.706035491] [ccr_centralized_planner]: Received state 45 from robotA
[ccr_centralized_planner-3] [INFO] [1729085098.676889826] [ccr_centralized_planner]: 
[ccr_centralized_planner-3] 
[ccr_centralized_planner-3]  did not replan 
[ccr_centralized_planner-3] 
[ccr_centralized_planner-3] [INFO] [1729085098.677781896] [ccr_centralized_planner]: Sent plan [45, 56, 55, 39, 53, 51, 32, 35, 10, 9] to robotA
[ccr_fake_execution-2] [INFO] [1729085098.678193126] [ccr_fake_execution]: got plan for robotA: [45, 56, 55, 39, 53, 51, 32, 35, 10, 9]
[ccr_fake_execution-2] [INFO] [1729085098.705254986] [ccr_fake_execution]: robotA: 45 -> 56
[ccr_centralized_planner-3] [INFO] [1729085098.706274855] [ccr_centralized_planner]: Received state 56 from robotA
[ccr_centralized_planner-3] [INFO] [1729085099.676932612] [ccr_centralized_planner]: 
[ccr_centralized_planner-3] 
[ccr_centralized_planner-3]  did not replan 
[ccr_centralized_planner-3] 
[ccr_centralized_planner-3] [INFO] [1729085099.677853596] [ccr_centralized_planner]: Sent plan [56, 55, 39, 53, 51, 32, 35, 10, 9] to robotA
[ccr_fake_execution-2] [INFO] [1729085099.678354965] [ccr_fake_execution]: got plan for robotA: [56, 55, 39, 53, 51, 32, 35, 10, 9]
[ccr_fake_execution-2] [INFO] [1729085099.705144975] [ccr_fake_execution]: robotA: 56 -> 55
[ccr_centralized_planner-3] [INFO] [1729085099.706114270] [ccr_centralized_planner]: Received state 55 from robotA
[ccr_centralized_planner-3] [INFO] [1729085100.676944690] [ccr_centralized_planner]: 
[ccr_centralized_planner-3] 
[ccr_centralized_planner-3]  did not replan 
[ccr_centralized_planner-3] 
[ccr_centralized_planner-3] [INFO] [1729085100.677614374] [ccr_centralized_planner]: Sent plan [55, 39, 53, 51, 32, 35, 10, 9] to robotA
[ccr_fake_execution-2] [INFO] [1729085100.677978245] [ccr_fake_execution]: got plan for robotA: [55, 39, 53, 51, 32, 35, 10, 9]
[ccr_fake_execution-2] [INFO] [1729085100.705104085] [ccr_fake_execution]: robotA: 55 -> 39
[ccr_centralized_planner-3] [INFO] [1729085100.705902970] [ccr_centralized_planner]: Received state 39 from robotA
[ccr_centralized_planner-3] [INFO] [1729085101.677047740] [ccr_centralized_planner]: 
[ccr_centralized_planner-3] 
[ccr_centralized_planner-3]  did not replan 
[ccr_centralized_planner-3] 
[ccr_centralized_planner-3] [INFO] [1729085101.677805398] [ccr_centralized_planner]: Sent plan [39, 53, 51, 32, 35, 10, 9] to robotA
[ccr_fake_execution-2] [INFO] [1729085101.678174539] [ccr_fake_execution]: got plan for robotA: [39, 53, 51, 32, 35, 10, 9]
[ccr_fake_execution-2] [INFO] [1729085101.705152000] [ccr_fake_execution]: robotA: 39 -> 53
[ccr_centralized_planner-3] [INFO] [1729085101.705920740] [ccr_centralized_planner]: Received state 53 from robotA
[ccr_centralized_planner-3] [INFO] [1729085102.676918854] [ccr_centralized_planner]: 
[ccr_centralized_planner-3] 
[ccr_centralized_planner-3]  did not replan 
[ccr_centralized_planner-3] 
[ccr_centralized_planner-3] [INFO] [1729085102.677592816] [ccr_centralized_planner]: Sent plan [53, 51, 32, 35, 10, 9] to robotA
[ccr_fake_execution-2] [INFO] [1729085102.677956767] [ccr_fake_execution]: got plan for robotA: [53, 51, 32, 35, 10, 9]
[ccr_centralized_planner-3] [INFO] [1729085102.705572814] [ccr_centralized_planner]: Received state 53 from robotA
[ccr_centralized_planner-3] [INFO] [1729085103.676894595] [ccr_centralized_planner]: 
[ccr_centralized_planner-3] 
[ccr_centralized_planner-3]  did not replan 
[ccr_centralized_planner-3] 
[ccr_centralized_planner-3] [INFO] [1729085103.677592231] [ccr_centralized_planner]: Sent plan [53, 51, 32, 35, 10, 9] to robotA
[ccr_fake_execution-2] [INFO] [1729085103.677799078] [ccr_fake_execution]: got plan for robotA: [53, 51, 32, 35, 10, 9]
[ccr_fake_execution-2] [INFO] [1729085103.705146492] [ccr_fake_execution]: robotA: 53 -> 51
[ccr_centralized_planner-3] [INFO] [1729085103.705964914] [ccr_centralized_planner]: Received state 51 from robotA
[ccr_centralized_planner-3] [INFO] [1729085104.676907465] [ccr_centralized_planner]: 
[ccr_centralized_planner-3] 
[ccr_centralized_planner-3]  did not replan 
[ccr_centralized_planner-3] 
[ccr_centralized_planner-3] [INFO] [1729085104.677547743] [ccr_centralized_planner]: Sent plan [51, 32, 35, 10, 9] to robotA
[ccr_fake_execution-2] [INFO] [1729085104.677896657] [ccr_fake_execution]: got plan for robotA: [51, 32, 35, 10, 9]
[ccr_centralized_planner-3] [INFO] [1729085104.705389553] [ccr_centralized_planner]: Received state 51 from robotA
[ccr_centralized_planner-3] [INFO] [1729085105.676884157] [ccr_centralized_planner]: 
[ccr_centralized_planner-3] 
[ccr_centralized_planner-3]  did not replan 
[ccr_centralized_planner-3] 
[ccr_centralized_planner-3] [INFO] [1729085105.677561666] [ccr_centralized_planner]: Sent plan [51, 32, 35, 10, 9] to robotA
[ccr_fake_execution-2] [INFO] [1729085105.677817144] [ccr_fake_execution]: got plan for robotA: [51, 32, 35, 10, 9]
[ccr_fake_execution-2] [INFO] [1729085105.705147686] [ccr_fake_execution]: robotA: 51 -> 32
[ccr_centralized_planner-3] [INFO] [1729085105.706156465] [ccr_centralized_planner]: Received state 32 from robotA
[ccr_centralized_planner-3] [INFO] [1729085106.676911795] [ccr_centralized_planner]: 
[ccr_centralized_planner-3] 
[ccr_centralized_planner-3]  did not replan 
[ccr_centralized_planner-3] 
[ccr_centralized_planner-3] [INFO] [1729085106.677555340] [ccr_centralized_planner]: Sent plan [32, 35, 10, 9] to robotA
[ccr_fake_execution-2] [INFO] [1729085106.677865150] [ccr_fake_execution]: got plan for robotA: [32, 35, 10, 9]
[ccr_fake_execution-2] [INFO] [1729085106.705148133] [ccr_fake_execution]: robotA: 32 -> 35
[ccr_centralized_planner-3] [INFO] [1729085106.705895933] [ccr_centralized_planner]: Received state 35 from robotA
[ccr_centralized_planner-3] [INFO] [1729085107.676877066] [ccr_centralized_planner]: 
[ccr_centralized_planner-3] 
[ccr_centralized_planner-3]  did not replan 
[ccr_centralized_planner-3] 
[ccr_centralized_planner-3] [INFO] [1729085107.677512796] [ccr_centralized_planner]: Sent plan [35, 10, 9] to robotA
[ccr_fake_execution-2] [INFO] [1729085107.677861018] [ccr_fake_execution]: got plan for robotA: [35, 10, 9]
[ccr_fake_execution-2] [INFO] [1729085107.705118063] [ccr_fake_execution]: robotA: 35 -> 10
[ccr_centralized_planner-3] [INFO] [1729085107.705825497] [ccr_centralized_planner]: Received state 10 from robotA
[ccr_centralized_planner-3] [INFO] [1729085108.676936242] [ccr_centralized_planner]: 
[ccr_centralized_planner-3] 
[ccr_centralized_planner-3]  did not replan 
[ccr_centralized_planner-3] 
[ccr_centralized_planner-3] [INFO] [1729085108.677935403] [ccr_centralized_planner]: Sent plan [10, 9] to robotA
[ccr_fake_execution-2] [INFO] [1729085108.678039217] [ccr_fake_execution]: got plan for robotA: [10, 9]
[ccr_fake_execution-2] [INFO] [1729085108.705111497] [ccr_fake_execution]: robotA: 10 -> 9
[ccr_centralized_planner-3] [INFO] [1729085108.705803422] [ccr_centralized_planner]: Received state 9 from robotA
[ccr_goal_provider-1] [INFO] [1729085108.705935279] [ccr_goal_provider]: [32mgoal completed:[0m robotA reached goal 9, going to goal 1 within state 1
[ccr_centralized_planner-3] [INFO] [1729085108.782977852] [ccr_centralized_planner]: Received goal 1 from robotA
[ccr_centralized_planner-3] [INFO] [1729085109.676919898] [ccr_centralized_planner]: 
[ccr_centralized_planner-3] 
[ccr_centralized_planner-3]  replaned due to new goal
[ccr_centralized_planner-3] 
[ccr_centralized_planner-3] [INFO] [1729085109.698317574] [ccr_centralized_planner]: Sent plan [9, 11, 35, 50, 51, 53, 39, 55, 56, 57, 5, 1] to robotA
[ccr_fake_execution-2] [INFO] [1729085109.698850852] [ccr_fake_execution]: got plan for robotA: [9, 11, 35, 50, 51, 53, 39, 55, 56, 57, 5, 1]
[ccr_fake_execution-2] [INFO] [1729085109.705164802] [ccr_fake_execution]: robotA: 9 -> 11
[ccr_centralized_planner-3] [INFO] [1729085109.705671681] [ccr_centralized_planner]: Received state 11 from robotA
[ccr_centralized_planner-3] [INFO] [1729085110.676852528] [ccr_centralized_planner]: 
[ccr_centralized_planner-3] 
[ccr_centralized_planner-3]  did not replan 
[ccr_centralized_planner-3] 
[ccr_centralized_planner-3] [INFO] [1729085110.677482577] [ccr_centralized_planner]: Sent plan [11, 35, 50, 51, 53, 39, 55, 56, 57, 5, 1] to robotA
[ccr_fake_execution-2] [INFO] [1729085110.677868950] [ccr_fake_execution]: got plan for robotA: [11, 35, 50, 51, 53, 39, 55, 56, 57, 5, 1]
[ccr_centralized_planner-3] [INFO] [1729085110.705332913] [ccr_centralized_planner]: Received state 11 from robotA
[ccr_centralized_planner-3] [INFO] [1729085111.676873302] [ccr_centralized_planner]: 
[ccr_centralized_planner-3] 
[ccr_centralized_planner-3]  did not replan 
[ccr_centralized_planner-3] 
[ccr_centralized_planner-3] [INFO] [1729085111.677512870] [ccr_centralized_planner]: Sent plan [11, 35, 50, 51, 53, 39, 55, 56, 57, 5, 1] to robotA
[ccr_fake_execution-2] [INFO] [1729085111.677962291] [ccr_fake_execution]: got plan for robotA: [11, 35, 50, 51, 53, 39, 55, 56, 57, 5, 1]
[ccr_centralized_planner-3] [INFO] [1729085111.705273187] [ccr_centralized_planner]: Received state 11 from robotA
[ccr_centralized_planner-3] [INFO] [1729085112.676971713] [ccr_centralized_planner]: 
[ccr_centralized_planner-3] 
[ccr_centralized_planner-3]  did not replan 
[ccr_centralized_planner-3] 
[ccr_centralized_planner-3] [INFO] [1729085112.677641487] [ccr_centralized_planner]: Sent plan [11, 35, 50, 51, 53, 39, 55, 56, 57, 5, 1] to robotA
[ccr_fake_execution-2] [INFO] [1729085112.678070740] [ccr_fake_execution]: got plan for robotA: [11, 35, 50, 51, 53, 39, 55, 56, 57, 5, 1]
[ccr_fake_execution-2] [INFO] [1729085112.705119174] [ccr_fake_execution]: robotA: 11 -> 35
[ccr_centralized_planner-3] [INFO] [1729085112.705855643] [ccr_centralized_planner]: Received state 35 from robotA
[ccr_centralized_planner-3] [INFO] [1729085113.676958223] [ccr_centralized_planner]: 
[ccr_centralized_planner-3] 
[ccr_centralized_planner-3]  did not replan 
[ccr_centralized_planner-3] 
[ccr_centralized_planner-3] [INFO] [1729085113.677647844] [ccr_centralized_planner]: Sent plan [35, 50, 51, 53, 39, 55, 56, 57, 5, 1] to robotA
[ccr_fake_execution-2] [INFO] [1729085113.678058122] [ccr_fake_execution]: got plan for robotA: [35, 50, 51, 53, 39, 55, 56, 57, 5, 1]
[ccr_centralized_planner-3] [INFO] [1729085113.705362386] [ccr_centralized_planner]: Received state 35 from robotA
[ccr_centralized_planner-3] [INFO] [1729085114.677137054] [ccr_centralized_planner]: 
[ccr_centralized_planner-3] 
[ccr_centralized_planner-3]  did not replan 
[ccr_centralized_planner-3] 
[ccr_centralized_planner-3] [INFO] [1729085114.677889262] [ccr_centralized_planner]: Sent plan [35, 50, 51, 53, 39, 55, 56, 57, 5, 1] to robotA
[ccr_fake_execution-2] [INFO] [1729085114.678198391] [ccr_fake_execution]: got plan for robotA: [35, 50, 51, 53, 39, 55, 56, 57, 5, 1]
[ccr_centralized_planner-3] [INFO] [1729085114.705602872] [ccr_centralized_planner]: Received state 35 from robotA
[ccr_centralized_planner-3] [INFO] [1729085115.677005734] [ccr_centralized_planner]: 
[ccr_centralized_planner-3] 
[ccr_centralized_planner-3]  did not replan 
[ccr_centralized_planner-3] 
[ccr_centralized_planner-3] [INFO] [1729085115.677754466] [ccr_centralized_planner]: Sent plan [35, 50, 51, 53, 39, 55, 56, 57, 5, 1] to robotA
[ccr_fake_execution-2] [INFO] [1729085115.678097017] [ccr_fake_execution]: got plan for robotA: [35, 50, 51, 53, 39, 55, 56, 57, 5, 1]
[ccr_centralized_planner-3] [INFO] [1729085115.705531985] [ccr_centralized_planner]: Received state 35 from robotA
[ccr_centralized_planner-3] [INFO] [1729085116.676941560] [ccr_centralized_planner]: 
[ccr_centralized_planner-3] 
[ccr_centralized_planner-3]  did not replan 
[ccr_centralized_planner-3] 
[ccr_centralized_planner-3] [INFO] [1729085116.677633345] [ccr_centralized_planner]: Sent plan [35, 50, 51, 53, 39, 55, 56, 57, 5, 1] to robotA
[ccr_fake_execution-2] [INFO] [1729085116.678124224] [ccr_fake_execution]: got plan for robotA: [35, 50, 51, 53, 39, 55, 56, 57, 5, 1]
[ccr_centralized_planner-3] [INFO] [1729085116.705378143] [ccr_centralized_planner]: Received state 35 from robotA
[ccr_centralized_planner-3] [INFO] [1729085117.676944622] [ccr_centralized_planner]: 
[ccr_centralized_planner-3] 
[ccr_centralized_planner-3]  did not replan 
[ccr_centralized_planner-3] 
[ccr_centralized_planner-3] [INFO] [1729085117.677647778] [ccr_centralized_planner]: Sent plan [35, 50, 51, 53, 39, 55, 56, 57, 5, 1] to robotA
[ccr_fake_execution-2] [INFO] [1729085117.678048448] [ccr_fake_execution]: got plan for robotA: [35, 50, 51, 53, 39, 55, 56, 57, 5, 1]
[ccr_centralized_planner-3] [INFO] [1729085117.705377308] [ccr_centralized_planner]: Received state 35 from robotA
[ccr_centralized_planner-3] [INFO] [1729085118.676929098] [ccr_centralized_planner]: 
[ccr_centralized_planner-3] 
[ccr_centralized_planner-3]  did not replan 
[ccr_centralized_planner-3] 
[ccr_centralized_planner-3] [INFO] [1729085118.677605485] [ccr_centralized_planner]: Sent plan [35, 50, 51, 53, 39, 55, 56, 57, 5, 1] to robotA
[ccr_fake_execution-2] [INFO] [1729085118.677870340] [ccr_fake_execution]: got plan for robotA: [35, 50, 51, 53, 39, 55, 56, 57, 5, 1]
[ccr_centralized_planner-3] [INFO] [1729085118.705336738] [ccr_centralized_planner]: Received state 35 from robotA
[ccr_centralized_planner-3] [INFO] [1729085119.676919517] [ccr_centralized_planner]: 
[ccr_centralized_planner-3] 
[ccr_centralized_planner-3]  did not replan 
[ccr_centralized_planner-3] 
[ccr_centralized_planner-3] [INFO] [1729085119.677578991] [ccr_centralized_planner]: Sent plan [35, 50, 51, 53, 39, 55, 56, 57, 5, 1] to robotA
[ccr_fake_execution-2] [INFO] [1729085119.677919278] [ccr_fake_execution]: got plan for robotA: [35, 50, 51, 53, 39, 55, 56, 57, 5, 1]
[ccr_centralized_planner-3] [INFO] [1729085119.705352723] [ccr_centralized_planner]: Received state 35 from robotA
[ccr_centralized_planner-3] [INFO] [1729085120.676904695] [ccr_centralized_planner]: 
[ccr_centralized_planner-3] 
[ccr_centralized_planner-3]  did not replan 
[ccr_centralized_planner-3] 
[ccr_centralized_planner-3] [INFO] [1729085120.677566524] [ccr_centralized_planner]: Sent plan [35, 50, 51, 53, 39, 55, 56, 57, 5, 1] to robotA
[ccr_fake_execution-2] [INFO] [1729085120.677968486] [ccr_fake_execution]: got plan for robotA: [35, 50, 51, 53, 39, 55, 56, 57, 5, 1]
[ccr_centralized_planner-3] [INFO] [1729085120.705381964] [ccr_centralized_planner]: Received state 35 from robotA
[ccr_centralized_planner-3] [INFO] [1729085121.676921292] [ccr_centralized_planner]: 
[ccr_centralized_planner-3] 
[ccr_centralized_planner-3]  did not replan 
[ccr_centralized_planner-3] 
[ccr_centralized_planner-3] [INFO] [1729085121.677616153] [ccr_centralized_planner]: Sent plan [35, 50, 51, 53, 39, 55, 56, 57, 5, 1] to robotA
[ccr_fake_execution-2] [INFO] [1729085121.677972400] [ccr_fake_execution]: got plan for robotA: [35, 50, 51, 53, 39, 55, 56, 57, 5, 1]
[ccr_centralized_planner-3] [INFO] [1729085121.705368044] [ccr_centralized_planner]: Received state 35 from robotA
[ccr_centralized_planner-3] [INFO] [1729085122.676871975] [ccr_centralized_planner]: 
[ccr_centralized_planner-3] 
[ccr_centralized_planner-3]  did not replan 
[ccr_centralized_planner-3] 
[ccr_centralized_planner-3] [INFO] [1729085122.677436392] [ccr_centralized_planner]: Sent plan [35, 50, 51, 53, 39, 55, 56, 57, 5, 1] to robotA
[ccr_fake_execution-2] [INFO] [1729085122.677886615] [ccr_fake_execution]: got plan for robotA: [35, 50, 51, 53, 39, 55, 56, 57, 5, 1]
[ccr_fake_execution-2] [INFO] [1729085122.705114485] [ccr_fake_execution]: robotA: 35 -> 50
[ccr_centralized_planner-3] [INFO] [1729085122.705916487] [ccr_centralized_planner]: Received state 50 from robotA
[ccr_centralized_planner-3] [INFO] [1729085123.676994852] [ccr_centralized_planner]: 
[ccr_centralized_planner-3] 
[ccr_centralized_planner-3]  did not replan 
[ccr_centralized_planner-3] 
[ccr_centralized_planner-3] [INFO] [1729085123.677671408] [ccr_centralized_planner]: Sent plan [50, 51, 53, 39, 55, 56, 57, 5, 1] to robotA
[ccr_fake_execution-2] [INFO] [1729085123.678002548] [ccr_fake_execution]: got plan for robotA: [50, 51, 53, 39, 55, 56, 57, 5, 1]
[ccr_centralized_planner-3] [INFO] [1729085123.705432747] [ccr_centralized_planner]: Received state 50 from robotA
[ccr_centralized_planner-3] [INFO] [1729085124.677094243] [ccr_centralized_planner]: 
[ccr_centralized_planner-3] 
[ccr_centralized_planner-3]  did not replan 
[ccr_centralized_planner-3] 
[ccr_centralized_planner-3] [INFO] [1729085124.677873262] [ccr_centralized_planner]: Sent plan [50, 51, 53, 39, 55, 56, 57, 5, 1] to robotA
[ccr_fake_execution-2] [INFO] [1729085124.678117880] [ccr_fake_execution]: got plan for robotA: [50, 51, 53, 39, 55, 56, 57, 5, 1]
[ccr_fake_execution-2] [INFO] [1729085124.705100481] [ccr_fake_execution]: robotA: 50 -> 51
[ccr_centralized_planner-3] [INFO] [1729085124.705982803] [ccr_centralized_planner]: Received state 51 from robotA
[ccr_centralized_planner-3] [INFO] [1729085125.677008499] [ccr_centralized_planner]: 
[ccr_centralized_planner-3] 
[ccr_centralized_planner-3]  did not replan 
[ccr_centralized_planner-3] 
[ccr_centralized_planner-3] [INFO] [1729085125.677731342] [ccr_centralized_planner]: Sent plan [51, 53, 39, 55, 56, 57, 5, 1] to robotA
[ccr_fake_execution-2] [INFO] [1729085125.678018800] [ccr_fake_execution]: got plan for robotA: [51, 53, 39, 55, 56, 57, 5, 1]
[ccr_centralized_planner-3] [INFO] [1729085125.705396621] [ccr_centralized_planner]: Received state 51 from robotA
[ccr_centralized_planner-3] [INFO] [1729085126.676982366] [ccr_centralized_planner]: 
[ccr_centralized_planner-3] 
[ccr_centralized_planner-3]  did not replan 
[ccr_centralized_planner-3] 
[ccr_centralized_planner-3] [INFO] [1729085126.677659504] [ccr_centralized_planner]: Sent plan [51, 53, 39, 55, 56, 57, 5, 1] to robotA
[ccr_fake_execution-2] [INFO] [1729085126.678123933] [ccr_fake_execution]: got plan for robotA: [51, 53, 39, 55, 56, 57, 5, 1]
[ccr_centralized_planner-3] [INFO] [1729085126.705453113] [ccr_centralized_planner]: Received state 51 from robotA
[ccr_centralized_planner-3] [INFO] [1729085127.677049056] [ccr_centralized_planner]: 
[ccr_centralized_planner-3] 
[ccr_centralized_planner-3]  did not replan 
[ccr_centralized_planner-3] 
[ccr_centralized_planner-3] [INFO] [1729085127.677725142] [ccr_centralized_planner]: Sent plan [51, 53, 39, 55, 56, 57, 5, 1] to robotA
[ccr_fake_execution-2] [INFO] [1729085127.678049329] [ccr_fake_execution]: got plan for robotA: [51, 53, 39, 55, 56, 57, 5, 1]
[ccr_fake_execution-2] [INFO] [1729085127.705115908] [ccr_fake_execution]: robotA: 51 -> 53
[ccr_centralized_planner-3] [INFO] [1729085127.705911668] [ccr_centralized_planner]: Received state 53 from robotA
[ccr_centralized_planner-3] [INFO] [1729085128.677028444] [ccr_centralized_planner]: 
[ccr_centralized_planner-3] 
[ccr_centralized_planner-3]  did not replan 
[ccr_centralized_planner-3] 
[ccr_centralized_planner-3] [INFO] [1729085128.677708617] [ccr_centralized_planner]: Sent plan [53, 39, 55, 56, 57, 5, 1] to robotA
[ccr_fake_execution-2] [INFO] [1729085128.678109748] [ccr_fake_execution]: got plan for robotA: [53, 39, 55, 56, 57, 5, 1]
[ccr_centralized_planner-3] [INFO] [1729085128.705446433] [ccr_centralized_planner]: Received state 53 from robotA
[ccr_centralized_planner-3] [INFO] [1729085129.676971664] [ccr_centralized_planner]: 
[ccr_centralized_planner-3] 
[ccr_centralized_planner-3]  did not replan 
[ccr_centralized_planner-3] 
[ccr_centralized_planner-3] [INFO] [1729085129.677671143] [ccr_centralized_planner]: Sent plan [53, 39, 55, 56, 57, 5, 1] to robotA
[ccr_fake_execution-2] [INFO] [1729085129.678015778] [ccr_fake_execution]: got plan for robotA: [53, 39, 55, 56, 57, 5, 1]
[ccr_fake_execution-2] [INFO] [1729085129.705201059] [ccr_fake_execution]: robotA: 53 -> 39
[ccr_centralized_planner-3] [INFO] [1729085129.705969147] [ccr_centralized_planner]: Received state 39 from robotA
[ccr_centralized_planner-3] [INFO] [1729085130.677033245] [ccr_centralized_planner]: 
[ccr_centralized_planner-3] 
[ccr_centralized_planner-3]  did not replan 
[ccr_centralized_planner-3] 
[ccr_centralized_planner-3] [INFO] [1729085130.677729989] [ccr_centralized_planner]: Sent plan [39, 55, 56, 57, 5, 1] to robotA
[ccr_fake_execution-2] [INFO] [1729085130.678163040] [ccr_fake_execution]: got plan for robotA: [39, 55, 56, 57, 5, 1]
[ccr_centralized_planner-3] [INFO] [1729085130.705407171] [ccr_centralized_planner]: Received state 39 from robotA
[ccr_centralized_planner-3] [INFO] [1729085131.676951688] [ccr_centralized_planner]: 
[ccr_centralized_planner-3] 
[ccr_centralized_planner-3]  did not replan 
[ccr_centralized_planner-3] 
[ccr_centralized_planner-3] [INFO] [1729085131.677619228] [ccr_centralized_planner]: Sent plan [39, 55, 56, 57, 5, 1] to robotA
[ccr_fake_execution-2] [INFO] [1729085131.677937033] [ccr_fake_execution]: got plan for robotA: [39, 55, 56, 57, 5, 1]
[ccr_centralized_planner-3] [INFO] [1729085131.705368104] [ccr_centralized_planner]: Received state 39 from robotA
[ccr_centralized_planner-3] [INFO] [1729085132.677016606] [ccr_centralized_planner]: 
[ccr_centralized_planner-3] 
[ccr_centralized_planner-3]  did not replan 
[ccr_centralized_planner-3] 
[ccr_centralized_planner-3] [INFO] [1729085132.677841029] [ccr_centralized_planner]: Sent plan [39, 55, 56, 57, 5, 1] to robotA
[ccr_fake_execution-2] [INFO] [1729085132.677998724] [ccr_fake_execution]: got plan for robotA: [39, 55, 56, 57, 5, 1]
[ccr_fake_execution-2] [INFO] [1729085132.705103444] [ccr_fake_execution]: robotA: 39 -> 55
[ccr_centralized_planner-3] [INFO] [1729085132.705886129] [ccr_centralized_planner]: Received state 55 from robotA
[ccr_centralized_planner-3] [INFO] [1729085133.676946100] [ccr_centralized_planner]: 
[ccr_centralized_planner-3] 
[ccr_centralized_planner-3]  did not replan 
[ccr_centralized_planner-3] 
[ccr_centralized_planner-3] [INFO] [1729085133.677713045] [ccr_centralized_planner]: Sent plan [55, 56, 57, 5, 1] to robotA
[ccr_fake_execution-2] [INFO] [1729085133.678075454] [ccr_fake_execution]: got plan for robotA: [55, 56, 57, 5, 1]
[ccr_centralized_planner-3] [INFO] [1729085133.705362255] [ccr_centralized_planner]: Received state 55 from robotA
[ccr_centralized_planner-3] [INFO] [1729085134.676908035] [ccr_centralized_planner]: 
[ccr_centralized_planner-3] 
[ccr_centralized_planner-3]  did not replan 
[ccr_centralized_planner-3] 
[ccr_centralized_planner-3] [INFO] [1729085134.677557711] [ccr_centralized_planner]: Sent plan [55, 56, 57, 5, 1] to robotA
[ccr_fake_execution-2] [INFO] [1729085134.677937943] [ccr_fake_execution]: got plan for robotA: [55, 56, 57, 5, 1]
[ccr_centralized_planner-3] [INFO] [1729085134.705309452] [ccr_centralized_planner]: Received state 55 from robotA
[ccr_centralized_planner-3] [INFO] [1729085135.676886921] [ccr_centralized_planner]: 
[ccr_centralized_planner-3] 
[ccr_centralized_planner-3]  did not replan 
[ccr_centralized_planner-3] 
[ccr_centralized_planner-3] [INFO] [1729085135.677502273] [ccr_centralized_planner]: Sent plan [55, 56, 57, 5, 1] to robotA
[ccr_fake_execution-2] [INFO] [1729085135.677964488] [ccr_fake_execution]: got plan for robotA: [55, 56, 57, 5, 1]
[ccr_centralized_planner-3] [INFO] [1729085135.705418873] [ccr_centralized_planner]: Received state 55 from robotA
[ccr_centralized_planner-3] [INFO] [1729085136.676859867] [ccr_centralized_planner]: 
[ccr_centralized_planner-3] 
[ccr_centralized_planner-3]  did not replan 
[ccr_centralized_planner-3] 
[ccr_centralized_planner-3] [INFO] [1729085136.677478144] [ccr_centralized_planner]: Sent plan [55, 56, 57, 5, 1] to robotA
[ccr_fake_execution-2] [INFO] [1729085136.677921233] [ccr_fake_execution]: got plan for robotA: [55, 56, 57, 5, 1]
[ccr_centralized_planner-3] [INFO] [1729085136.705394864] [ccr_centralized_planner]: Received state 55 from robotA
[ccr_centralized_planner-3] [INFO] [1729085137.676897913] [ccr_centralized_planner]: 
[ccr_centralized_planner-3] 
[ccr_centralized_planner-3]  did not replan 
[ccr_centralized_planner-3] 
[ccr_centralized_planner-3] [INFO] [1729085137.677599727] [ccr_centralized_planner]: Sent plan [55, 56, 57, 5, 1] to robotA
[ccr_fake_execution-2] [INFO] [1729085137.677995458] [ccr_fake_execution]: got plan for robotA: [55, 56, 57, 5, 1]
[ccr_centralized_planner-3] [INFO] [1729085137.705374031] [ccr_centralized_planner]: Received state 55 from robotA
[ccr_centralized_planner-3] [INFO] [1729085138.676885746] [ccr_centralized_planner]: 
[ccr_centralized_planner-3] 
[ccr_centralized_planner-3]  did not replan 
[ccr_centralized_planner-3] 
[ccr_centralized_planner-3] [INFO] [1729085138.677533419] [ccr_centralized_planner]: Sent plan [55, 56, 57, 5, 1] to robotA
[ccr_fake_execution-2] [INFO] [1729085138.677955950] [ccr_fake_execution]: got plan for robotA: [55, 56, 57, 5, 1]
[ccr_centralized_planner-3] [INFO] [1729085138.705403983] [ccr_centralized_planner]: Received state 55 from robotA
[ccr_centralized_planner-3] [INFO] [1729085139.676938922] [ccr_centralized_planner]: 
[ccr_centralized_planner-3] 
[ccr_centralized_planner-3]  did not replan 
[ccr_centralized_planner-3] 
[ccr_centralized_planner-3] [INFO] [1729085139.677603566] [ccr_centralized_planner]: Sent plan [55, 56, 57, 5, 1] to robotA
[ccr_fake_execution-2] [INFO] [1729085139.678003775] [ccr_fake_execution]: got plan for robotA: [55, 56, 57, 5, 1]
[ccr_fake_execution-2] [INFO] [1729085139.705121419] [ccr_fake_execution]: robotA: 55 -> 56
[ccr_centralized_planner-3] [INFO] [1729085139.705878066] [ccr_centralized_planner]: Received state 56 from robotA
[ccr_centralized_planner-3] [INFO] [1729085140.676864629] [ccr_centralized_planner]: 
[ccr_centralized_planner-3] 
[ccr_centralized_planner-3]  did not replan 
[ccr_centralized_planner-3] 
[ccr_centralized_planner-3] [INFO] [1729085140.677416281] [ccr_centralized_planner]: Sent plan [56, 57, 5, 1] to robotA
[ccr_fake_execution-2] [INFO] [1729085140.677809317] [ccr_fake_execution]: got plan for robotA: [56, 57, 5, 1]
[ccr_centralized_planner-3] [INFO] [1729085140.705412340] [ccr_centralized_planner]: Received state 56 from robotA
[ccr_centralized_planner-3] [INFO] [1729085141.676969682] [ccr_centralized_planner]: 
[ccr_centralized_planner-3] 
[ccr_centralized_planner-3]  did not replan 
[ccr_centralized_planner-3] 
[ccr_centralized_planner-3] [INFO] [1729085141.677668951] [ccr_centralized_planner]: Sent plan [56, 57, 5, 1] to robotA
[ccr_fake_execution-2] [INFO] [1729085141.678080972] [ccr_fake_execution]: got plan for robotA: [56, 57, 5, 1]
[ccr_centralized_planner-3] [INFO] [1729085141.705410583] [ccr_centralized_planner]: Received state 56 from robotA
[ccr_centralized_planner-3] [INFO] [1729085142.676969497] [ccr_centralized_planner]: 
[ccr_centralized_planner-3] 
[ccr_centralized_planner-3]  did not replan 
[ccr_centralized_planner-3] 
[ccr_centralized_planner-3] [INFO] [1729085142.677649220] [ccr_centralized_planner]: Sent plan [56, 57, 5, 1] to robotA
[ccr_fake_execution-2] [INFO] [1729085142.678022268] [ccr_fake_execution]: got plan for robotA: [56, 57, 5, 1]
[ccr_fake_execution-2] [INFO] [1729085142.705141695] [ccr_fake_execution]: robotA: 56 -> 57
[ccr_centralized_planner-3] [INFO] [1729085142.705952423] [ccr_centralized_planner]: Received state 57 from robotA
[ccr_centralized_planner-3] [INFO] [1729085143.676986695] [ccr_centralized_planner]: 
[ccr_centralized_planner-3] 
[ccr_centralized_planner-3]  did not replan 
[ccr_centralized_planner-3] 
[ccr_centralized_planner-3] [INFO] [1729085143.677705972] [ccr_centralized_planner]: Sent plan [57, 5, 1] to robotA
[ccr_fake_execution-2] [INFO] [1729085143.678122742] [ccr_fake_execution]: got plan for robotA: [57, 5, 1]
[ccr_centralized_planner-3] [INFO] [1729085143.705351484] [ccr_centralized_planner]: Received state 57 from robotA
[ccr_centralized_planner-3] [INFO] [1729085144.676913624] [ccr_centralized_planner]: 
[ccr_centralized_planner-3] 
[ccr_centralized_planner-3]  did not replan 
[ccr_centralized_planner-3] 
[ccr_centralized_planner-3] [INFO] [1729085144.677591634] [ccr_centralized_planner]: Sent plan [57, 5, 1] to robotA
[ccr_fake_execution-2] [INFO] [1729085144.677872279] [ccr_fake_execution]: got plan for robotA: [57, 5, 1]
[ccr_fake_execution-2] [INFO] [1729085144.705135606] [ccr_fake_execution]: robotA: 57 -> 5
[ccr_centralized_planner-3] [INFO] [1729085144.705884708] [ccr_centralized_planner]: Received state 5 from robotA
[ccr_centralized_planner-3] [INFO] [1729085145.676886931] [ccr_centralized_planner]: 
[ccr_centralized_planner-3] 
[ccr_centralized_planner-3]  did not replan 
[ccr_centralized_planner-3] 
[ccr_centralized_planner-3] [INFO] [1729085145.677634079] [ccr_centralized_planner]: Sent plan [5, 1] to robotA
[ccr_fake_execution-2] [INFO] [1729085145.677808315] [ccr_fake_execution]: got plan for robotA: [5, 1]
[ccr_fake_execution-2] [INFO] [1729085145.705128178] [ccr_fake_execution]: robotA: 5 -> 1
[ccr_centralized_planner-3] [INFO] [1729085145.705933796] [ccr_centralized_planner]: Received state 1 from robotA
[ccr_goal_provider-1] [INFO] [1729085145.706089548] [ccr_goal_provider]: [32mgoal completed:[0m robotA reached goal 1, going to goal 0 within state 9
[ccr_centralized_planner-3] [INFO] [1729085145.782893675] [ccr_centralized_planner]: Received goal 9 from robotA
[ccr_centralized_planner-3] [INFO] [1729085146.676970653] [ccr_centralized_planner]: 
[ccr_centralized_planner-3] 
[ccr_centralized_planner-3]  replaned due to new goal
[ccr_centralized_planner-3] 
[ccr_centralized_planner-3] [INFO] [1729085146.698600244] [ccr_centralized_planner]: Sent plan [1, 44, 45, 56, 55, 39, 53, 51, 32, 35, 10, 9] to robotA
[ccr_fake_execution-2] [INFO] [1729085146.699160042] [ccr_fake_execution]: got plan for robotA: [1, 44, 45, 56, 55, 39, 53, 51, 32, 35, 10, 9]
[ccr_centralized_planner-3] [INFO] [1729085146.705100031] [ccr_centralized_planner]: Received state 1 from robotA
[ccr_centralized_planner-3] [INFO] [1729085147.676942807] [ccr_centralized_planner]: 
[ccr_centralized_planner-3] 
[ccr_centralized_planner-3]  did not replan 
[ccr_centralized_planner-3] 
[ccr_centralized_planner-3] [INFO] [1729085147.677706236] [ccr_centralized_planner]: Sent plan [1, 44, 45, 56, 55, 39, 53, 51, 32, 35, 10, 9] to robotA
[ccr_fake_execution-2] [INFO] [1729085147.677978055] [ccr_fake_execution]: got plan for robotA: [1, 44, 45, 56, 55, 39, 53, 51, 32, 35, 10, 9]
[ccr_centralized_planner-3] [INFO] [1729085147.705430706] [ccr_centralized_planner]: Received state 1 from robotA
[ccr_centralized_planner-3] [INFO] [1729085148.676900253] [ccr_centralized_planner]: 
[ccr_centralized_planner-3] 
[ccr_centralized_planner-3]  did not replan 
[ccr_centralized_planner-3] 
[ccr_centralized_planner-3] [INFO] [1729085148.677647171] [ccr_centralized_planner]: Sent plan [1, 44, 45, 56, 55, 39, 53, 51, 32, 35, 10, 9] to robotA
[ccr_fake_execution-2] [INFO] [1729085148.677987058] [ccr_fake_execution]: got plan for robotA: [1, 44, 45, 56, 55, 39, 53, 51, 32, 35, 10, 9]
[ccr_fake_execution-2] [INFO] [1729085148.705254752] [ccr_fake_execution]: robotA: 1 -> 44
[ccr_centralized_planner-3] [INFO] [1729085148.706243984] [ccr_centralized_planner]: Received state 44 from robotA
[ccr_centralized_planner-3] [INFO] [1729085149.676959169] [ccr_centralized_planner]: 
[ccr_centralized_planner-3] 
[ccr_centralized_planner-3]  did not replan 
[ccr_centralized_planner-3] 
[ccr_centralized_planner-3] [INFO] [1729085149.677678296] [ccr_centralized_planner]: Sent plan [44, 45, 56, 55, 39, 53, 51, 32, 35, 10, 9] to robotA
[ccr_fake_execution-2] [INFO] [1729085149.678010938] [ccr_fake_execution]: got plan for robotA: [44, 45, 56, 55, 39, 53, 51, 32, 35, 10, 9]
[ccr_fake_execution-2] [INFO] [1729085149.705125697] [ccr_fake_execution]: robotA: 44 -> 45
[ccr_centralized_planner-3] [INFO] [1729085149.705970308] [ccr_centralized_planner]: Received state 45 from robotA
[ccr_centralized_planner-3] [INFO] [1729085150.676909803] [ccr_centralized_planner]: 
[ccr_centralized_planner-3] 
[ccr_centralized_planner-3]  did not replan 
[ccr_centralized_planner-3] 
[ccr_centralized_planner-3] [INFO] [1729085150.677659216] [ccr_centralized_planner]: Sent plan [45, 56, 55, 39, 53, 51, 32, 35, 10, 9] to robotA
[ccr_fake_execution-2] [INFO] [1729085150.677983884] [ccr_fake_execution]: got plan for robotA: [45, 56, 55, 39, 53, 51, 32, 35, 10, 9]
[ccr_centralized_planner-3] [INFO] [1729085150.705471069] [ccr_centralized_planner]: Received state 45 from robotA
[ccr_centralized_planner-3] [INFO] [1729085151.676885463] [ccr_centralized_planner]: 
[ccr_centralized_planner-3] 
[ccr_centralized_planner-3]  did not replan 
[ccr_centralized_planner-3] 
[ccr_centralized_planner-3] [INFO] [1729085151.677684720] [ccr_centralized_planner]: Sent plan [45, 56, 55, 39, 53, 51, 32, 35, 10, 9] to robotA
[ccr_fake_execution-2] [INFO] [1729085151.678007674] [ccr_fake_execution]: got plan for robotA: [45, 56, 55, 39, 53, 51, 32, 35, 10, 9]
[ccr_fake_execution-2] [INFO] [1729085151.705106213] [ccr_fake_execution]: robotA: 45 -> 56
[ccr_centralized_planner-3] [INFO] [1729085151.706039680] [ccr_centralized_planner]: Received state 56 from robotA
[ccr_centralized_planner-3] [INFO] [1729085152.676929632] [ccr_centralized_planner]: 
[ccr_centralized_planner-3] 
[ccr_centralized_planner-3]  did not replan 
[ccr_centralized_planner-3] 
[ccr_centralized_planner-3] [INFO] [1729085152.677671862] [ccr_centralized_planner]: Sent plan [56, 55, 39, 53, 51, 32, 35, 10, 9] to robotA
[ccr_fake_execution-2] [INFO] [1729085152.678020835] [ccr_fake_execution]: got plan for robotA: [56, 55, 39, 53, 51, 32, 35, 10, 9]
[ccr_fake_execution-2] [INFO] [1729085152.705091381] [ccr_fake_execution]: robotA: 56 -> 55
[ccr_centralized_planner-3] [INFO] [1729085152.705977540] [ccr_centralized_planner]: Received state 55 from robotA
[ccr_centralized_planner-3] [INFO] [1729085153.676856481] [ccr_centralized_planner]: 
[ccr_centralized_planner-3] 
[ccr_centralized_planner-3]  did not replan 
[ccr_centralized_planner-3] 
[ccr_centralized_planner-3] [INFO] [1729085153.677579414] [ccr_centralized_planner]: Sent plan [55, 39, 53, 51, 32, 35, 10, 9] to robotA
[ccr_fake_execution-2] [INFO] [1729085153.677825365] [ccr_fake_execution]: got plan for robotA: [55, 39, 53, 51, 32, 35, 10, 9]
[ccr_centralized_planner-3] [INFO] [1729085153.705512225] [ccr_centralized_planner]: Received state 55 from robotA
[ccr_centralized_planner-3] [INFO] [1729085154.676880222] [ccr_centralized_planner]: 
[ccr_centralized_planner-3] 
[ccr_centralized_planner-3]  did not replan 
[ccr_centralized_planner-3] 
[ccr_centralized_planner-3] [INFO] [1729085154.677630877] [ccr_centralized_planner]: Sent plan [55, 39, 53, 51, 32, 35, 10, 9] to robotA
[ccr_fake_execution-2] [INFO] [1729085154.677818708] [ccr_fake_execution]: got plan for robotA: [55, 39, 53, 51, 32, 35, 10, 9]
[ccr_fake_execution-2] [INFO] [1729085154.705109486] [ccr_fake_execution]: robotA: 55 -> 39
[ccr_centralized_planner-3] [INFO] [1729085154.706009121] [ccr_centralized_planner]: Received state 39 from robotA
[ccr_centralized_planner-3] [INFO] [1729085155.676889926] [ccr_centralized_planner]: 
[ccr_centralized_planner-3] 
[ccr_centralized_planner-3]  did not replan 
[ccr_centralized_planner-3] 
[ccr_centralized_planner-3] [INFO] [1729085155.677601939] [ccr_centralized_planner]: Sent plan [39, 53, 51, 32, 35, 10, 9] to robotA
[ccr_fake_execution-2] [INFO] [1729085155.677832360] [ccr_fake_execution]: got plan for robotA: [39, 53, 51, 32, 35, 10, 9]
[ccr_centralized_planner-3] [INFO] [1729085155.705485627] [ccr_centralized_planner]: Received state 39 from robotA
[ccr_centralized_planner-3] [INFO] [1729085156.676868532] [ccr_centralized_planner]: 
[ccr_centralized_planner-3] 
[ccr_centralized_planner-3]  did not replan 
[ccr_centralized_planner-3] 
[ccr_centralized_planner-3] [INFO] [1729085156.677575195] [ccr_centralized_planner]: Sent plan [39, 53, 51, 32, 35, 10, 9] to robotA
[ccr_fake_execution-2] [INFO] [1729085156.677821145] [ccr_fake_execution]: got plan for robotA: [39, 53, 51, 32, 35, 10, 9]
[ccr_centralized_planner-3] [INFO] [1729085156.705475704] [ccr_centralized_planner]: Received state 39 from robotA
[ccr_centralized_planner-3] [INFO] [1729085157.676914053] [ccr_centralized_planner]: 
[ccr_centralized_planner-3] 
[ccr_centralized_planner-3]  did not replan 
[ccr_centralized_planner-3] 
[ccr_centralized_planner-3] [INFO] [1729085157.677651864] [ccr_centralized_planner]: Sent plan [39, 53, 51, 32, 35, 10, 9] to robotA
[ccr_fake_execution-2] [INFO] [1729085157.677935384] [ccr_fake_execution]: got plan for robotA: [39, 53, 51, 32, 35, 10, 9]
[ccr_centralized_planner-3] [INFO] [1729085157.705590866] [ccr_centralized_planner]: Received state 39 from robotA
[ccr_centralized_planner-3] [INFO] [1729085158.676886938] [ccr_centralized_planner]: 
[ccr_centralized_planner-3] 
[ccr_centralized_planner-3]  did not replan 
[ccr_centralized_planner-3] 
[ccr_centralized_planner-3] [INFO] [1729085158.677594262] [ccr_centralized_planner]: Sent plan [39, 53, 51, 32, 35, 10, 9] to robotA
[ccr_fake_execution-2] [INFO] [1729085158.677905174] [ccr_fake_execution]: got plan for robotA: [39, 53, 51, 32, 35, 10, 9]
[ccr_fake_execution-2] [INFO] [1729085158.705122625] [ccr_fake_execution]: robotA: 39 -> 53
[ccr_centralized_planner-3] [INFO] [1729085158.705807266] [ccr_centralized_planner]: Received state 53 from robotA
[ccr_centralized_planner-3] [INFO] [1729085159.676875492] [ccr_centralized_planner]: 
[ccr_centralized_planner-3] 
[ccr_centralized_planner-3]  did not replan 
[ccr_centralized_planner-3] 
[ccr_centralized_planner-3] [INFO] [1729085159.677594258] [ccr_centralized_planner]: Sent plan [53, 51, 32, 35, 10, 9] to robotA
[ccr_fake_execution-2] [INFO] [1729085159.677782500] [ccr_fake_execution]: got plan for robotA: [53, 51, 32, 35, 10, 9]
[ccr_fake_execution-2] [INFO] [1729085159.705324799] [ccr_fake_execution]: robotA: 53 -> 51
[ccr_centralized_planner-3] [INFO] [1729085159.706199366] [ccr_centralized_planner]: Received state 51 from robotA
[ccr_centralized_planner-3] [INFO] [1729085160.676863125] [ccr_centralized_planner]: 
[ccr_centralized_planner-3] 
[ccr_centralized_planner-3]  did not replan 
[ccr_centralized_planner-3] 
[ccr_centralized_planner-3] [INFO] [1729085160.677625813] [ccr_centralized_planner]: Sent plan [51, 32, 35, 10, 9] to robotA
[ccr_fake_execution-2] [INFO] [1729085160.678026543] [ccr_fake_execution]: got plan for robotA: [51, 32, 35, 10, 9]
[ccr_fake_execution-2] [INFO] [1729085160.705144568] [ccr_fake_execution]: robotA: 51 -> 32
[ccr_centralized_planner-3] [INFO] [1729085160.706002865] [ccr_centralized_planner]: Received state 32 from robotA
[ccr_centralized_planner-3] [INFO] [1729085161.676895903] [ccr_centralized_planner]: 
[ccr_centralized_planner-3] 
[ccr_centralized_planner-3]  did not replan 
[ccr_centralized_planner-3] 
[ccr_centralized_planner-3] [INFO] [1729085161.677673939] [ccr_centralized_planner]: Sent plan [32, 35, 10, 9] to robotA
[ccr_fake_execution-2] [INFO] [1729085161.678002274] [ccr_fake_execution]: got plan for robotA: [32, 35, 10, 9]
[ccr_centralized_planner-3] [INFO] [1729085161.705592092] [ccr_centralized_planner]: Received state 32 from robotA
[ccr_centralized_planner-3] [INFO] [1729085162.676871062] [ccr_centralized_planner]: 
[ccr_centralized_planner-3] 
[ccr_centralized_planner-3]  did not replan 
[ccr_centralized_planner-3] 
[ccr_centralized_planner-3] [INFO] [1729085162.677616057] [ccr_centralized_planner]: Sent plan [32, 35, 10, 9] to robotA
[ccr_fake_execution-2] [INFO] [1729085162.678013961] [ccr_fake_execution]: got plan for robotA: [32, 35, 10, 9]
[ccr_centralized_planner-3] [INFO] [1729085162.705535301] [ccr_centralized_planner]: Received state 32 from robotA
[ccr_centralized_planner-3] [INFO] [1729085163.676875937] [ccr_centralized_planner]: 
[ccr_centralized_planner-3] 
[ccr_centralized_planner-3]  did not replan 
[ccr_centralized_planner-3] 
[ccr_centralized_planner-3] [INFO] [1729085163.677995954] [ccr_centralized_planner]: Sent plan [32, 35, 10, 9] to robotA
[ccr_fake_execution-2] [INFO] [1729085163.678253857] [ccr_fake_execution]: got plan for robotA: [32, 35, 10, 9]
[ccr_centralized_planner-3] [INFO] [1729085163.705809721] [ccr_centralized_planner]: Received state 32 from robotA
[ccr_centralized_planner-3] [INFO] [1729085164.676877285] [ccr_centralized_planner]: 
[ccr_centralized_planner-3] 
[ccr_centralized_planner-3]  did not replan 
[ccr_centralized_planner-3] 
[ccr_fake_execution-2] [INFO] [1729085164.678180054] [ccr_fake_execution]: got plan for robotA: [32, 35, 10, 9]
[ccr_centralized_planner-3] [INFO] [1729085164.678248132] [ccr_centralized_planner]: Sent plan [32, 35, 10, 9] to robotA
[ccr_centralized_planner-3] [INFO] [1729085164.705787305] [ccr_centralized_planner]: Received state 32 from robotA
[ccr_centralized_planner-3] [INFO] [1729085165.676890947] [ccr_centralized_planner]: 
[ccr_centralized_planner-3] 
[ccr_centralized_planner-3]  did not replan 
[ccr_centralized_planner-3] 
[ccr_centralized_planner-3] [INFO] [1729085165.677633347] [ccr_centralized_planner]: Sent plan [32, 35, 10, 9] to robotA
[ccr_fake_execution-2] [INFO] [1729085165.677931074] [ccr_fake_execution]: got plan for robotA: [32, 35, 10, 9]
[ccr_fake_execution-2] [INFO] [1729085165.705229597] [ccr_fake_execution]: robotA: 32 -> 35
[ccr_centralized_planner-3] [INFO] [1729085165.706096500] [ccr_centralized_planner]: Received state 35 from robotA
[ccr_centralized_planner-3] [INFO] [1729085166.676912834] [ccr_centralized_planner]: 
[ccr_centralized_planner-3] 
[ccr_centralized_planner-3]  did not replan 
[ccr_centralized_planner-3] 
[ccr_centralized_planner-3] [INFO] [1729085166.677590292] [ccr_centralized_planner]: Sent plan [35, 10, 9] to robotA
[ccr_fake_execution-2] [INFO] [1729085166.678197910] [ccr_fake_execution]: got plan for robotA: [35, 10, 9]
[ccr_fake_execution-2] [INFO] [1729085166.705101684] [ccr_fake_execution]: robotA: 35 -> 10
[ccr_centralized_planner-3] [INFO] [1729085166.705900208] [ccr_centralized_planner]: Received state 10 from robotA
[ccr_centralized_planner-3] [INFO] [1729085167.676877654] [ccr_centralized_planner]: 
[ccr_centralized_planner-3] 
[ccr_centralized_planner-3]  did not replan 
[ccr_centralized_planner-3] 
[ccr_centralized_planner-3] [INFO] [1729085167.677570771] [ccr_centralized_planner]: Sent plan [10, 9] to robotA
[ccr_fake_execution-2] [INFO] [1729085167.678131942] [ccr_fake_execution]: got plan for robotA: [10, 9]
[ccr_centralized_planner-3] [INFO] [1729085167.705559607] [ccr_centralized_planner]: Received state 10 from robotA
[ccr_centralized_planner-3] [INFO] [1729085168.676915270] [ccr_centralized_planner]: 
[ccr_centralized_planner-3] 
[ccr_centralized_planner-3]  did not replan 
[ccr_centralized_planner-3] 
[ccr_centralized_planner-3] [INFO] [1729085168.677546582] [ccr_centralized_planner]: Sent plan [10, 9] to robotA
[ccr_fake_execution-2] [INFO] [1729085168.678189045] [ccr_fake_execution]: got plan for robotA: [10, 9]
[ccr_centralized_planner-3] [INFO] [1729085168.705357604] [ccr_centralized_planner]: Received state 10 from robotA
[ccr_centralized_planner-3] [INFO] [1729085169.676896070] [ccr_centralized_planner]: 
[ccr_centralized_planner-3] 
[ccr_centralized_planner-3]  did not replan 
[ccr_centralized_planner-3] 
[ccr_centralized_planner-3] [INFO] [1729085169.677592003] [ccr_centralized_planner]: Sent plan [10, 9] to robotA
[ccr_fake_execution-2] [INFO] [1729085169.677884160] [ccr_fake_execution]: got plan for robotA: [10, 9]
[ccr_centralized_planner-3] [INFO] [1729085169.705370765] [ccr_centralized_planner]: Received state 10 from robotA
[ccr_centralized_planner-3] [INFO] [1729085170.676898200] [ccr_centralized_planner]: 
[ccr_centralized_planner-3] 
[ccr_centralized_planner-3]  did not replan 
[ccr_centralized_planner-3] 
[ccr_centralized_planner-3] [INFO] [1729085170.677692337] [ccr_centralized_planner]: Sent plan [10, 9] to robotA
[ccr_fake_execution-2] [INFO] [1729085170.678241876] [ccr_fake_execution]: got plan for robotA: [10, 9]
[ccr_fake_execution-2] [INFO] [1729085170.705146301] [ccr_fake_execution]: robotA: 10 -> 9
[ccr_centralized_planner-3] [INFO] [1729085170.705946068] [ccr_centralized_planner]: Received state 9 from robotA
[ccr_goal_provider-1] [INFO] [1729085170.705992104] [ccr_goal_provider]: [32mgoal completed:[0m robotA reached goal 9, going to goal 1 within state 1
[ccr_centralized_planner-3] [INFO] [1729085170.782962653] [ccr_centralized_planner]: Received goal 1 from robotA
[ccr_centralized_planner-3] [INFO] [1729085171.676900541] [ccr_centralized_planner]: 
[ccr_centralized_planner-3] 
[ccr_centralized_planner-3]  replaned due to new goal
[ccr_centralized_planner-3] 
[ccr_centralized_planner-3] [INFO] [1729085171.699345527] [ccr_centralized_planner]: Sent plan [9, 11, 35, 50, 51, 53, 39, 55, 56, 57, 5, 1] to robotA
[ccr_fake_execution-2] [INFO] [1729085171.700076205] [ccr_fake_execution]: got plan for robotA: [9, 11, 35, 50, 51, 53, 39, 55, 56, 57, 5, 1]
[ccr_fake_execution-2] [INFO] [1729085171.705129766] [ccr_fake_execution]: robotA: 9 -> 11
[ccr_centralized_planner-3] [INFO] [1729085171.705688892] [ccr_centralized_planner]: Received state 11 from robotA
[ccr_centralized_planner-3] [INFO] [1729085172.676907019] [ccr_centralized_planner]: 
[ccr_centralized_planner-3] 
[ccr_centralized_planner-3]  did not replan 
[ccr_centralized_planner-3] 
[ccr_centralized_planner-3] [INFO] [1729085172.677863299] [ccr_centralized_planner]: Sent plan [11, 35, 50, 51, 53, 39, 55, 56, 57, 5, 1] to robotA
[ccr_fake_execution-2] [INFO] [1729085172.677981500] [ccr_fake_execution]: got plan for robotA: [11, 35, 50, 51, 53, 39, 55, 56, 57, 5, 1]
[ccr_centralized_planner-3] [INFO] [1729085172.705613647] [ccr_centralized_planner]: Received state 11 from robotA
[ccr_centralized_planner-3] [INFO] [1729085173.676896004] [ccr_centralized_planner]: 
[ccr_centralized_planner-3] 
[ccr_centralized_planner-3]  did not replan 
[ccr_centralized_planner-3] 
[ccr_centralized_planner-3] [INFO] [1729085173.677619879] [ccr_centralized_planner]: Sent plan [11, 35, 50, 51, 53, 39, 55, 56, 57, 5, 1] to robotA
[ccr_fake_execution-2] [INFO] [1729085173.677884595] [ccr_fake_execution]: got plan for robotA: [11, 35, 50, 51, 53, 39, 55, 56, 57, 5, 1]
[ccr_centralized_planner-3] [INFO] [1729085173.705515650] [ccr_centralized_planner]: Received state 11 from robotA
[ccr_centralized_planner-3] [INFO] [1729085174.676899517] [ccr_centralized_planner]: 
[ccr_centralized_planner-3] 
[ccr_centralized_planner-3]  did not replan 
[ccr_centralized_planner-3] 
[ccr_centralized_planner-3] [INFO] [1729085174.677546087] [ccr_centralized_planner]: Sent plan [11, 35, 50, 51, 53, 39, 55, 56, 57, 5, 1] to robotA
[ccr_fake_execution-2] [INFO] [1729085174.677928683] [ccr_fake_execution]: got plan for robotA: [11, 35, 50, 51, 53, 39, 55, 56, 57, 5, 1]
[ccr_fake_execution-2] [INFO] [1729085174.705123462] [ccr_fake_execution]: robotA: 11 -> 35
[ccr_centralized_planner-3] [INFO] [1729085174.706085653] [ccr_centralized_planner]: Received state 35 from robotA
[ccr_centralized_planner-3] [INFO] [1729085175.676923017] [ccr_centralized_planner]: 
[ccr_centralized_planner-3] 
[ccr_centralized_planner-3]  did not replan 
[ccr_centralized_planner-3] 
[ccr_centralized_planner-3] [INFO] [1729085175.677898272] [ccr_centralized_planner]: Sent plan [35, 50, 51, 53, 39, 55, 56, 57, 5, 1] to robotA
[ccr_fake_execution-2] [INFO] [1729085175.677969065] [ccr_fake_execution]: got plan for robotA: [35, 50, 51, 53, 39, 55, 56, 57, 5, 1]
[ccr_fake_execution-2] [INFO] [1729085175.705115413] [ccr_fake_execution]: robotA: 35 -> 50
[ccr_centralized_planner-3] [INFO] [1729085175.705882539] [ccr_centralized_planner]: Received state 50 from robotA
[ccr_centralized_planner-3] [INFO] [1729085176.676869252] [ccr_centralized_planner]: 
[ccr_centralized_planner-3] 
[ccr_centralized_planner-3]  did not replan 
[ccr_centralized_planner-3] 
[ccr_centralized_planner-3] [INFO] [1729085176.677507506] [ccr_centralized_planner]: Sent plan [50, 51, 53, 39, 55, 56, 57, 5, 1] to robotA
[ccr_fake_execution-2] [INFO] [1729085176.677791047] [ccr_fake_execution]: got plan for robotA: [50, 51, 53, 39, 55, 56, 57, 5, 1]
[ccr_centralized_planner-3] [INFO] [1729085176.705308550] [ccr_centralized_planner]: Received state 50 from robotA
[ccr_centralized_planner-3] [INFO] [1729085177.676867885] [ccr_centralized_planner]: 
[ccr_centralized_planner-3] 
[ccr_centralized_planner-3]  did not replan 
[ccr_centralized_planner-3] 
[ccr_centralized_planner-3] [INFO] [1729085177.677751249] [ccr_centralized_planner]: Sent plan [50, 51, 53, 39, 55, 56, 57, 5, 1] to robotA
[ccr_fake_execution-2] [INFO] [1729085177.678189419] [ccr_fake_execution]: got plan for robotA: [50, 51, 53, 39, 55, 56, 57, 5, 1]
[ccr_centralized_planner-3] [INFO] [1729085177.705690371] [ccr_centralized_planner]: Received state 50 from robotA
[ccr_centralized_planner-3] [INFO] [1729085178.676957058] [ccr_centralized_planner]: 
[ccr_centralized_planner-3] 
[ccr_centralized_planner-3]  did not replan 
[ccr_centralized_planner-3] 
[ccr_centralized_planner-3] [INFO] [1729085178.677718994] [ccr_centralized_planner]: Sent plan [50, 51, 53, 39, 55, 56, 57, 5, 1] to robotA
[ccr_fake_execution-2] [INFO] [1729085178.678004990] [ccr_fake_execution]: got plan for robotA: [50, 51, 53, 39, 55, 56, 57, 5, 1]
[ccr_fake_execution-2] [INFO] [1729085178.705184329] [ccr_fake_execution]: robotA: 50 -> 51
[ccr_centralized_planner-3] [INFO] [1729085178.706259232] [ccr_centralized_planner]: Received state 51 from robotA
[ccr_centralized_planner-3] [INFO] [1729085179.676943399] [ccr_centralized_planner]: 
[ccr_centralized_planner-3] 
[ccr_centralized_planner-3]  did not replan 
[ccr_centralized_planner-3] 
[ccr_centralized_planner-3] [INFO] [1729085179.677599326] [ccr_centralized_planner]: Sent plan [51, 53, 39, 55, 56, 57, 5, 1] to robotA
[ccr_fake_execution-2] [INFO] [1729085179.678025745] [ccr_fake_execution]: got plan for robotA: [51, 53, 39, 55, 56, 57, 5, 1]
[ccr_fake_execution-2] [INFO] [1729085179.705171882] [ccr_fake_execution]: robotA: 51 -> 53
[ccr_centralized_planner-3] [INFO] [1729085179.705962893] [ccr_centralized_planner]: Received state 53 from robotA
[ccr_centralized_planner-3] [INFO] [1729085180.676875217] [ccr_centralized_planner]: 
[ccr_centralized_planner-3] 
[ccr_centralized_planner-3]  did not replan 
[ccr_centralized_planner-3] 
[ccr_centralized_planner-3] [INFO] [1729085180.677509023] [ccr_centralized_planner]: Sent plan [53, 39, 55, 56, 57, 5, 1] to robotA
[ccr_fake_execution-2] [INFO] [1729085180.677877543] [ccr_fake_execution]: got plan for robotA: [53, 39, 55, 56, 57, 5, 1]
[ccr_centralized_planner-3] [INFO] [1729085180.705423609] [ccr_centralized_planner]: Received state 53 from robotA
[ccr_centralized_planner-3] [INFO] [1729085181.676966173] [ccr_centralized_planner]: 
[ccr_centralized_planner-3] 
[ccr_centralized_planner-3]  did not replan 
[ccr_centralized_planner-3] 
[ccr_centralized_planner-3] [INFO] [1729085181.677686051] [ccr_centralized_planner]: Sent plan [53, 39, 55, 56, 57, 5, 1] to robotA
[ccr_fake_execution-2] [INFO] [1729085181.678003866] [ccr_fake_execution]: got plan for robotA: [53, 39, 55, 56, 57, 5, 1]
[ccr_centralized_planner-3] [INFO] [1729085181.705453371] [ccr_centralized_planner]: Received state 53 from robotA
[ccr_centralized_planner-3] [INFO] [1729085182.676977660] [ccr_centralized_planner]: 
[ccr_centralized_planner-3] 
[ccr_centralized_planner-3]  did not replan 
[ccr_centralized_planner-3] 
[ccr_centralized_planner-3] [INFO] [1729085182.677694072] [ccr_centralized_planner]: Sent plan [53, 39, 55, 56, 57, 5, 1] to robotA
[ccr_fake_execution-2] [INFO] [1729085182.677998712] [ccr_fake_execution]: got plan for robotA: [53, 39, 55, 56, 57, 5, 1]
[ccr_centralized_planner-3] [INFO] [1729085182.705457435] [ccr_centralized_planner]: Received state 53 from robotA
[ccr_centralized_planner-3] [INFO] [1729085183.676965694] [ccr_centralized_planner]: 
[ccr_centralized_planner-3] 
[ccr_centralized_planner-3]  did not replan 
[ccr_centralized_planner-3] 
[ccr_centralized_planner-3] [INFO] [1729085183.677673529] [ccr_centralized_planner]: Sent plan [53, 39, 55, 56, 57, 5, 1] to robotA
[ccr_fake_execution-2] [INFO] [1729085183.677986305] [ccr_fake_execution]: got plan for robotA: [53, 39, 55, 56, 57, 5, 1]
[ccr_fake_execution-2] [INFO] [1729085183.705204447] [ccr_fake_execution]: robotA: 53 -> 39
[ccr_centralized_planner-3] [INFO] [1729085183.705996139] [ccr_centralized_planner]: Received state 39 from robotA
[ccr_centralized_planner-3] [INFO] [1729085184.676937978] [ccr_centralized_planner]: 
[ccr_centralized_planner-3] 
[ccr_centralized_planner-3]  did not replan 
[ccr_centralized_planner-3] 
[ccr_centralized_planner-3] [INFO] [1729085184.677598575] [ccr_centralized_planner]: Sent plan [39, 55, 56, 57, 5, 1] to robotA
[ccr_fake_execution-2] [INFO] [1729085184.677972054] [ccr_fake_execution]: got plan for robotA: [39, 55, 56, 57, 5, 1]
[ccr_fake_execution-2] [INFO] [1729085184.705202710] [ccr_fake_execution]: robotA: 39 -> 55
[ccr_centralized_planner-3] [INFO] [1729085184.706103837] [ccr_centralized_planner]: Received state 55 from robotA
[ccr_centralized_planner-3] [INFO] [1729085185.676939097] [ccr_centralized_planner]: 
[ccr_centralized_planner-3] 
[ccr_centralized_planner-3]  did not replan 
[ccr_centralized_planner-3] 
[ccr_centralized_planner-3] [INFO] [1729085185.677599974] [ccr_centralized_planner]: Sent plan [55, 56, 57, 5, 1] to robotA
[ccr_fake_execution-2] [INFO] [1729085185.678317918] [ccr_fake_execution]: got plan for robotA: [55, 56, 57, 5, 1]
[ccr_centralized_planner-3] [INFO] [1729085185.705372644] [ccr_centralized_planner]: Received state 55 from robotA
[ccr_centralized_planner-3] [INFO] [1729085186.676926559] [ccr_centralized_planner]: 
[ccr_centralized_planner-3] 
[ccr_centralized_planner-3]  did not replan 
[ccr_centralized_planner-3] 
[ccr_centralized_planner-3] [INFO] [1729085186.677718822] [ccr_centralized_planner]: Sent plan [55, 56, 57, 5, 1] to robotA
[ccr_fake_execution-2] [INFO] [1729085186.677959653] [ccr_fake_execution]: got plan for robotA: [55, 56, 57, 5, 1]
[ccr_centralized_planner-3] [INFO] [1729085186.705465223] [ccr_centralized_planner]: Received state 55 from robotA
[ccr_centralized_planner-3] [INFO] [1729085187.676934489] [ccr_centralized_planner]: 
[ccr_centralized_planner-3] 
[ccr_centralized_planner-3]  did not replan 
[ccr_centralized_planner-3] 
[ccr_centralized_planner-3] [INFO] [1729085187.677854321] [ccr_centralized_planner]: Sent plan [55, 56, 57, 5, 1] to robotA
[ccr_fake_execution-2] [INFO] [1729085187.678338077] [ccr_fake_execution]: got plan for robotA: [55, 56, 57, 5, 1]
[ccr_centralized_planner-3] [INFO] [1729085187.705556690] [ccr_centralized_planner]: Received state 55 from robotA
[ccr_centralized_planner-3] [INFO] [1729085188.676927442] [ccr_centralized_planner]: 
[ccr_centralized_planner-3] 
[ccr_centralized_planner-3]  did not replan 
[ccr_centralized_planner-3] 
[ccr_centralized_planner-3] [INFO] [1729085188.677686283] [ccr_centralized_planner]: Sent plan [55, 56, 57, 5, 1] to robotA
[ccr_fake_execution-2] [INFO] [1729085188.677946831] [ccr_fake_execution]: got plan for robotA: [55, 56, 57, 5, 1]
[ccr_centralized_planner-3] [INFO] [1729085188.705280809] [ccr_centralized_planner]: Received state 55 from robotA
[ccr_centralized_planner-3] [INFO] [1729085189.676901930] [ccr_centralized_planner]: 
[ccr_centralized_planner-3] 
[ccr_centralized_planner-3]  did not replan 
[ccr_centralized_planner-3] 
[ccr_centralized_planner-3] [INFO] [1729085189.677559892] [ccr_centralized_planner]: Sent plan [55, 56, 57, 5, 1] to robotA
[ccr_fake_execution-2] [INFO] [1729085189.677909166] [ccr_fake_execution]: got plan for robotA: [55, 56, 57, 5, 1]
[ccr_centralized_planner-3] [INFO] [1729085189.705340728] [ccr_centralized_planner]: Received state 55 from robotA
[ccr_centralized_planner-3] [INFO] [1729085190.676919640] [ccr_centralized_planner]: 
[ccr_centralized_planner-3] 
[ccr_centralized_planner-3]  did not replan 
[ccr_centralized_planner-3] 
[ccr_centralized_planner-3] [INFO] [1729085190.677673190] [ccr_centralized_planner]: Sent plan [55, 56, 57, 5, 1] to robotA
[ccr_fake_execution-2] [INFO] [1729085190.677957913] [ccr_fake_execution]: got plan for robotA: [55, 56, 57, 5, 1]
[ccr_centralized_planner-3] [INFO] [1729085190.705571435] [ccr_centralized_planner]: Received state 55 from robotA
[ccr_centralized_planner-3] [INFO] [1729085191.676918403] [ccr_centralized_planner]: 
[ccr_centralized_planner-3] 
[ccr_centralized_planner-3]  did not replan 
[ccr_centralized_planner-3] 
[ccr_centralized_planner-3] [INFO] [1729085191.677813669] [ccr_centralized_planner]: Sent plan [55, 56, 57, 5, 1] to robotA
[ccr_fake_execution-2] [INFO] [1729085191.678295752] [ccr_fake_execution]: got plan for robotA: [55, 56, 57, 5, 1]
[ccr_centralized_planner-3] [INFO] [1729085191.705503635] [ccr_centralized_planner]: Received state 55 from robotA
[ccr_centralized_planner-3] [INFO] [1729085192.676924200] [ccr_centralized_planner]: 
[ccr_centralized_planner-3] 
[ccr_centralized_planner-3]  did not replan 
[ccr_centralized_planner-3] 
[ccr_centralized_planner-3] [INFO] [1729085192.677580669] [ccr_centralized_planner]: Sent plan [55, 56, 57, 5, 1] to robotA
[ccr_fake_execution-2] [INFO] [1729085192.677941765] [ccr_fake_execution]: got plan for robotA: [55, 56, 57, 5, 1]
[ccr_fake_execution-2] [INFO] [1729085192.705141563] [ccr_fake_execution]: robotA: 55 -> 56
[ccr_centralized_planner-3] [INFO] [1729085192.706151253] [ccr_centralized_planner]: Received state 56 from robotA
[ccr_centralized_planner-3] [INFO] [1729085193.676915129] [ccr_centralized_planner]: 
[ccr_centralized_planner-3] 
[ccr_centralized_planner-3]  did not replan 
[ccr_centralized_planner-3] 
[ccr_centralized_planner-3] [INFO] [1729085193.677606403] [ccr_centralized_planner]: Sent plan [56, 57, 5, 1] to robotA
[ccr_fake_execution-2] [INFO] [1729085193.677924479] [ccr_fake_execution]: got plan for robotA: [56, 57, 5, 1]
[ccr_centralized_planner-3] [INFO] [1729085193.705393110] [ccr_centralized_planner]: Received state 56 from robotA
[ccr_centralized_planner-3] [INFO] [1729085194.676932989] [ccr_centralized_planner]: 
[ccr_centralized_planner-3] 
[ccr_centralized_planner-3]  did not replan 
[ccr_centralized_planner-3] 
[ccr_centralized_planner-3] [INFO] [1729085194.677590159] [ccr_centralized_planner]: Sent plan [56, 57, 5, 1] to robotA
[ccr_fake_execution-2] [INFO] [1729085194.677962095] [ccr_fake_execution]: got plan for robotA: [56, 57, 5, 1]
[ccr_fake_execution-2] [INFO] [1729085194.705185547] [ccr_fake_execution]: robotA: 56 -> 57
[ccr_centralized_planner-3] [INFO] [1729085194.706135906] [ccr_centralized_planner]: Received state 57 from robotA
[ccr_centralized_planner-3] [INFO] [1729085195.676953222] [ccr_centralized_planner]: 
[ccr_centralized_planner-3] 
[ccr_centralized_planner-3]  did not replan 
[ccr_centralized_planner-3] 
[ccr_centralized_planner-3] [INFO] [1729085195.677786943] [ccr_centralized_planner]: Sent plan [57, 5, 1] to robotA
[ccr_fake_execution-2] [INFO] [1729085195.677960498] [ccr_fake_execution]: got plan for robotA: [57, 5, 1]
[ccr_fake_execution-2] [INFO] [1729085195.705142873] [ccr_fake_execution]: robotA: 57 -> 5
[ccr_centralized_planner-3] [INFO] [1729085195.705907064] [ccr_centralized_planner]: Received state 5 from robotA
[ccr_centralized_planner-3] [INFO] [1729085196.676916108] [ccr_centralized_planner]: 
[ccr_centralized_planner-3] 
[ccr_centralized_planner-3]  did not replan 
[ccr_centralized_planner-3] 
[ccr_centralized_planner-3] [INFO] [1729085196.677549554] [ccr_centralized_planner]: Sent plan [5, 1] to robotA
[ccr_fake_execution-2] [INFO] [1729085196.677952599] [ccr_fake_execution]: got plan for robotA: [5, 1]
[ccr_centralized_planner-3] [INFO] [1729085196.705395242] [ccr_centralized_planner]: Received state 5 from robotA
[ccr_centralized_planner-3] [INFO] [1729085197.676876410] [ccr_centralized_planner]: 
[ccr_centralized_planner-3] 
[ccr_centralized_planner-3]  did not replan 
[ccr_centralized_planner-3] 
[ccr_centralized_planner-3] [INFO] [1729085197.677471404] [ccr_centralized_planner]: Sent plan [5, 1] to robotA
[ccr_fake_execution-2] [INFO] [1729085197.677759333] [ccr_fake_execution]: got plan for robotA: [5, 1]
[ccr_fake_execution-2] [INFO] [1729085197.705139579] [ccr_fake_execution]: robotA: 5 -> 1
[ccr_centralized_planner-3] [INFO] [1729085197.705910482] [ccr_centralized_planner]: Received state 1 from robotA
[ccr_goal_provider-1] [INFO] [1729085197.706082905] [ccr_goal_provider]: [32mgoal completed:[0m robotA reached goal 1, going to goal 0 within state 9
[ccr_centralized_planner-3] [INFO] [1729085197.782924021] [ccr_centralized_planner]: Received goal 9 from robotA
[ccr_centralized_planner-3] [INFO] [1729085198.676871377] [ccr_centralized_planner]: 
[ccr_centralized_planner-3] 
[ccr_centralized_planner-3]  replaned due to new goal
[ccr_centralized_planner-3] 
[ccr_centralized_planner-3] [INFO] [1729085198.697461421] [ccr_centralized_planner]: Sent plan [1, 44, 45, 56, 55, 39, 53, 51, 32, 35, 10, 9] to robotA
[ccr_fake_execution-2] [INFO] [1729085198.697978790] [ccr_fake_execution]: got plan for robotA: [1, 44, 45, 56, 55, 39, 53, 51, 32, 35, 10, 9]
[ccr_fake_execution-2] [INFO] [1729085198.705133784] [ccr_fake_execution]: robotA: 1 -> 44
[ccr_centralized_planner-3] [INFO] [1729085198.705599426] [ccr_centralized_planner]: Received state 44 from robotA
[ccr_centralized_planner-3] [INFO] [1729085199.676932537] [ccr_centralized_planner]: 
[ccr_centralized_planner-3] 
[ccr_centralized_planner-3]  did not replan 
[ccr_centralized_planner-3] 
[ccr_centralized_planner-3] [INFO] [1729085199.677585740] [ccr_centralized_planner]: Sent plan [44, 45, 56, 55, 39, 53, 51, 32, 35, 10, 9] to robotA
[ccr_fake_execution-2] [INFO] [1729085199.677904146] [ccr_fake_execution]: got plan for robotA: [44, 45, 56, 55, 39, 53, 51, 32, 35, 10, 9]
[ccr_centralized_planner-3] [INFO] [1729085199.705390871] [ccr_centralized_planner]: Received state 44 from robotA
[ccr_centralized_planner-3] [INFO] [1729085200.676903599] [ccr_centralized_planner]: 
[ccr_centralized_planner-3] 
[ccr_centralized_planner-3]  did not replan 
[ccr_centralized_planner-3] 
[ccr_centralized_planner-3] [INFO] [1729085200.677550480] [ccr_centralized_planner]: Sent plan [44, 45, 56, 55, 39, 53, 51, 32, 35, 10, 9] to robotA
[ccr_fake_execution-2] [INFO] [1729085200.677930872] [ccr_fake_execution]: got plan for robotA: [44, 45, 56, 55, 39, 53, 51, 32, 35, 10, 9]
[ccr_fake_execution-2] [INFO] [1729085200.705118337] [ccr_fake_execution]: robotA: 44 -> 45
[ccr_centralized_planner-3] [INFO] [1729085200.705884862] [ccr_centralized_planner]: Received state 45 from robotA
[ccr_centralized_planner-3] [INFO] [1729085201.676939973] [ccr_centralized_planner]: 
[ccr_centralized_planner-3] 
[ccr_centralized_planner-3]  did not replan 
[ccr_centralized_planner-3] 
[ccr_centralized_planner-3] [INFO] [1729085201.677605088] [ccr_centralized_planner]: Sent plan [45, 56, 55, 39, 53, 51, 32, 35, 10, 9] to robotA
[ccr_fake_execution-2] [INFO] [1729085201.678149197] [ccr_fake_execution]: got plan for robotA: [45, 56, 55, 39, 53, 51, 32, 35, 10, 9]
[ccr_centralized_planner-3] [INFO] [1729085201.705356469] [ccr_centralized_planner]: Received state 45 from robotA
[ccr_centralized_planner-3] [INFO] [1729085202.676893081] [ccr_centralized_planner]: 
[ccr_centralized_planner-3] 
[ccr_centralized_planner-3]  did not replan 
[ccr_centralized_planner-3] 
[ccr_centralized_planner-3] [INFO] [1729085202.677833161] [ccr_centralized_planner]: Sent plan [45, 56, 55, 39, 53, 51, 32, 35, 10, 9] to robotA
[ccr_fake_execution-2] [INFO] [1729085202.677912049] [ccr_fake_execution]: got plan for robotA: [45, 56, 55, 39, 53, 51, 32, 35, 10, 9]
[ccr_centralized_planner-3] [INFO] [1729085202.705631880] [ccr_centralized_planner]: Received state 45 from robotA
[ccr_centralized_planner-3] [INFO] [1729085203.676843455] [ccr_centralized_planner]: 
[ccr_centralized_planner-3] 
[ccr_centralized_planner-3]  did not replan 
[ccr_centralized_planner-3] 
[ccr_centralized_planner-3] [INFO] [1729085203.677399395] [ccr_centralized_planner]: Sent plan [45, 56, 55, 39, 53, 51, 32, 35, 10, 9] to robotA
[ccr_fake_execution-2] [INFO] [1729085203.678134201] [ccr_fake_execution]: got plan for robotA: [45, 56, 55, 39, 53, 51, 32, 35, 10, 9]
[ccr_fake_execution-2] [INFO] [1729085203.705112624] [ccr_fake_execution]: robotA: 45 -> 56
[ccr_centralized_planner-3] [INFO] [1729085203.705882024] [ccr_centralized_planner]: Received state 56 from robotA
[ccr_centralized_planner-3] [INFO] [1729085204.676819245] [ccr_centralized_planner]: 
[ccr_centralized_planner-3] 
[ccr_centralized_planner-3]  did not replan 
[ccr_centralized_planner-3] 
[ccr_centralized_planner-3] [INFO] [1729085204.677369595] [ccr_centralized_planner]: Sent plan [56, 55, 39, 53, 51, 32, 35, 10, 9] to robotA
[ccr_fake_execution-2] [INFO] [1729085204.677782538] [ccr_fake_execution]: got plan for robotA: [56, 55, 39, 53, 51, 32, 35, 10, 9]
[ccr_fake_execution-2] [INFO] [1729085204.705143999] [ccr_fake_execution]: robotA: 56 -> 55
[ccr_centralized_planner-3] [INFO] [1729085204.705794206] [ccr_centralized_planner]: Received state 55 from robotA
[ccr_centralized_planner-3] [INFO] [1729085205.676958312] [ccr_centralized_planner]: 
[ccr_centralized_planner-3] 
[ccr_centralized_planner-3]  did not replan 
[ccr_centralized_planner-3] 
[ccr_centralized_planner-3] [INFO] [1729085205.677623677] [ccr_centralized_planner]: Sent plan [55, 39, 53, 51, 32, 35, 10, 9] to robotA
[ccr_fake_execution-2] [INFO] [1729085205.677935481] [ccr_fake_execution]: got plan for robotA: [55, 39, 53, 51, 32, 35, 10, 9]
[ccr_centralized_planner-3] [INFO] [1729085205.705375819] [ccr_centralized_planner]: Received state 55 from robotA
[ccr_centralized_planner-3] [INFO] [1729085206.676927530] [ccr_centralized_planner]: 
[ccr_centralized_planner-3] 
[ccr_centralized_planner-3]  did not replan 
[ccr_centralized_planner-3] 
[ccr_centralized_planner-3] [INFO] [1729085206.677591392] [ccr_centralized_planner]: Sent plan [55, 39, 53, 51, 32, 35, 10, 9] to robotA
[ccr_fake_execution-2] [INFO] [1729085206.677862820] [ccr_fake_execution]: got plan for robotA: [55, 39, 53, 51, 32, 35, 10, 9]
[ccr_fake_execution-2] [INFO] [1729085206.705128883] [ccr_fake_execution]: robotA: 55 -> 39
[ccr_centralized_planner-3] [INFO] [1729085206.705853098] [ccr_centralized_planner]: Received state 39 from robotA
[ccr_centralized_planner-3] [INFO] [1729085207.676918929] [ccr_centralized_planner]: 
[ccr_centralized_planner-3] 
[ccr_centralized_planner-3]  did not replan 
[ccr_centralized_planner-3] 
[ccr_centralized_planner-3] [INFO] [1729085207.677577171] [ccr_centralized_planner]: Sent plan [39, 53, 51, 32, 35, 10, 9] to robotA
[ccr_fake_execution-2] [INFO] [1729085207.677847017] [ccr_fake_execution]: got plan for robotA: [39, 53, 51, 32, 35, 10, 9]
[ccr_centralized_planner-3] [INFO] [1729085207.705369118] [ccr_centralized_planner]: Received state 39 from robotA
[ccr_centralized_planner-3] [INFO] [1729085208.677038389] [ccr_centralized_planner]: 
[ccr_centralized_planner-3] 
[ccr_centralized_planner-3]  did not replan 
[ccr_centralized_planner-3] 
[ccr_centralized_planner-3] [INFO] [1729085208.677731677] [ccr_centralized_planner]: Sent plan [39, 53, 51, 32, 35, 10, 9] to robotA
[ccr_fake_execution-2] [INFO] [1729085208.678117489] [ccr_fake_execution]: got plan for robotA: [39, 53, 51, 32, 35, 10, 9]
[ccr_fake_execution-2] [INFO] [1729085208.705149342] [ccr_fake_execution]: robotA: 39 -> 53
[ccr_centralized_planner-3] [INFO] [1729085208.705890289] [ccr_centralized_planner]: Received state 53 from robotA
[ccr_centralized_planner-3] [INFO] [1729085209.676980667] [ccr_centralized_planner]: 
[ccr_centralized_planner-3] 
[ccr_centralized_planner-3]  did not replan 
[ccr_centralized_planner-3] 
[ccr_centralized_planner-3] [INFO] [1729085209.677684194] [ccr_centralized_planner]: Sent plan [53, 51, 32, 35, 10, 9] to robotA
[ccr_fake_execution-2] [INFO] [1729085209.677902052] [ccr_fake_execution]: got plan for robotA: [53, 51, 32, 35, 10, 9]
[ccr_centralized_planner-3] [INFO] [1729085209.705375332] [ccr_centralized_planner]: Received state 53 from robotA
[ccr_centralized_planner-3] [INFO] [1729085210.676947942] [ccr_centralized_planner]: 
[ccr_centralized_planner-3] 
[ccr_centralized_planner-3]  did not replan 
[ccr_centralized_planner-3] 
[ccr_centralized_planner-3] [INFO] [1729085210.677652340] [ccr_centralized_planner]: Sent plan [53, 51, 32, 35, 10, 9] to robotA
[ccr_fake_execution-2] [INFO] [1729085210.678019648] [ccr_fake_execution]: got plan for robotA: [53, 51, 32, 35, 10, 9]
[ccr_centralized_planner-3] [INFO] [1729085210.705458263] [ccr_centralized_planner]: Received state 53 from robotA
[ccr_centralized_planner-3] [INFO] [1729085211.676965731] [ccr_centralized_planner]: 
[ccr_centralized_planner-3] 
[ccr_centralized_planner-3]  did not replan 
[ccr_centralized_planner-3] 
[ccr_centralized_planner-3] [INFO] [1729085211.677647357] [ccr_centralized_planner]: Sent plan [53, 51, 32, 35, 10, 9] to robotA
[ccr_fake_execution-2] [INFO] [1729085211.678006629] [ccr_fake_execution]: got plan for robotA: [53, 51, 32, 35, 10, 9]
[ccr_fake_execution-2] [INFO] [1729085211.705134813] [ccr_fake_execution]: robotA: 53 -> 51
[ccr_centralized_planner-3] [INFO] [1729085211.705984915] [ccr_centralized_planner]: Received state 51 from robotA
[ccr_centralized_planner-3] [INFO] [1729085212.676897209] [ccr_centralized_planner]: 
[ccr_centralized_planner-3] 
[ccr_centralized_planner-3]  did not replan 
[ccr_centralized_planner-3] 
[ccr_centralized_planner-3] [INFO] [1729085212.677516849] [ccr_centralized_planner]: Sent plan [51, 32, 35, 10, 9] to robotA
[ccr_fake_execution-2] [INFO] [1729085212.677889446] [ccr_fake_execution]: got plan for robotA: [51, 32, 35, 10, 9]
[ccr_centralized_planner-3] [INFO] [1729085212.705344081] [ccr_centralized_planner]: Received state 51 from robotA
[ccr_centralized_planner-3] [INFO] [1729085213.676892165] [ccr_centralized_planner]: 
[ccr_centralized_planner-3] 
[ccr_centralized_planner-3]  did not replan 
[ccr_centralized_planner-3] 
[ccr_centralized_planner-3] [INFO] [1729085213.677530550] [ccr_centralized_planner]: Sent plan [51, 32, 35, 10, 9] to robotA
[ccr_fake_execution-2] [INFO] [1729085213.677856631] [ccr_fake_execution]: got plan for robotA: [51, 32, 35, 10, 9]
[ccr_fake_execution-2] [INFO] [1729085213.705111442] [ccr_fake_execution]: robotA: 51 -> 32
[ccr_centralized_planner-3] [INFO] [1729085213.706116222] [ccr_centralized_planner]: Received state 32 from robotA
[ccr_centralized_planner-3] [INFO] [1729085214.676896389] [ccr_centralized_planner]: 
[ccr_centralized_planner-3] 
[ccr_centralized_planner-3]  did not replan 
[ccr_centralized_planner-3] 
[ccr_centralized_planner-3] [INFO] [1729085214.677541266] [ccr_centralized_planner]: Sent plan [32, 35, 10, 9] to robotA
[ccr_fake_execution-2] [INFO] [1729085214.677796053] [ccr_fake_execution]: got plan for robotA: [32, 35, 10, 9]
[ccr_fake_execution-2] [INFO] [1729085214.705146623] [ccr_fake_execution]: robotA: 32 -> 35
[ccr_centralized_planner-3] [INFO] [1729085214.706136957] [ccr_centralized_planner]: Received state 35 from robotA
[ccr_centralized_planner-3] [INFO] [1729085215.676893860] [ccr_centralized_planner]: 
[ccr_centralized_planner-3] 
[ccr_centralized_planner-3]  did not replan 
[ccr_centralized_planner-3] 
[ccr_centralized_planner-3] [INFO] [1729085215.677506267] [ccr_centralized_planner]: Sent plan [35, 10, 9] to robotA
[ccr_fake_execution-2] [INFO] [1729085215.677790028] [ccr_fake_execution]: got plan for robotA: [35, 10, 9]
[ccr_fake_execution-2] [INFO] [1729085215.705129538] [ccr_fake_execution]: robotA: 35 -> 10
[ccr_centralized_planner-3] [INFO] [1729085215.706115363] [ccr_centralized_planner]: Received state 10 from robotA
[ccr_centralized_planner-3] [INFO] [1729085216.677069324] [ccr_centralized_planner]: 
[ccr_centralized_planner-3] 
[ccr_centralized_planner-3]  did not replan 
[ccr_centralized_planner-3] 
[ccr_centralized_planner-3] [INFO] [1729085216.677877467] [ccr_centralized_planner]: Sent plan [10, 9] to robotA
[ccr_fake_execution-2] [INFO] [1729085216.678166629] [ccr_fake_execution]: got plan for robotA: [10, 9]
[ccr_centralized_planner-3] [INFO] [1729085216.705442469] [ccr_centralized_planner]: Received state 10 from robotA
[ccr_centralized_planner-3] [INFO] [1729085217.676946170] [ccr_centralized_planner]: 
[ccr_centralized_planner-3] 
[ccr_centralized_planner-3]  did not replan 
[ccr_centralized_planner-3] 
[ccr_centralized_planner-3] [INFO] [1729085217.677579215] [ccr_centralized_planner]: Sent plan [10, 9] to robotA
[ccr_fake_execution-2] [INFO] [1729085217.678073620] [ccr_fake_execution]: got plan for robotA: [10, 9]
[ccr_centralized_planner-3] [INFO] [1729085217.705387211] [ccr_centralized_planner]: Received state 10 from robotA
[ccr_centralized_planner-3] [INFO] [1729085218.676865635] [ccr_centralized_planner]: 
[ccr_centralized_planner-3] 
[ccr_centralized_planner-3]  did not replan 
[ccr_centralized_planner-3] 
[ccr_centralized_planner-3] [INFO] [1729085218.677583128] [ccr_centralized_planner]: Sent plan [10, 9] to robotA
[ccr_fake_execution-2] [INFO] [1729085218.677923014] [ccr_fake_execution]: got plan for robotA: [10, 9]
[ccr_fake_execution-2] [INFO] [1729085218.705148501] [ccr_fake_execution]: robotA: 10 -> 9
[ccr_centralized_planner-3] [INFO] [1729085218.705921397] [ccr_centralized_planner]: Received state 9 from robotA
[ccr_goal_provider-1] [INFO] [1729085218.705995917] [ccr_goal_provider]: [32mgoal completed:[0m robotA reached goal 9, going to goal 1 within state 1
[ccr_centralized_planner-3] [INFO] [1729085218.782967518] [ccr_centralized_planner]: Received goal 1 from robotA
[ccr_centralized_planner-3] [INFO] [1729085219.676927156] [ccr_centralized_planner]: 
[ccr_centralized_planner-3] 
[ccr_centralized_planner-3]  replaned due to new goal
[ccr_centralized_planner-3] 
[ccr_centralized_planner-3] [INFO] [1729085219.698482067] [ccr_centralized_planner]: Sent plan [9, 11, 35, 50, 51, 53, 39, 55, 56, 57, 5, 1] to robotA
[ccr_fake_execution-2] [INFO] [1729085219.699040112] [ccr_fake_execution]: got plan for robotA: [9, 11, 35, 50, 51, 53, 39, 55, 56, 57, 5, 1]
[ccr_centralized_planner-3] [INFO] [1729085219.705188792] [ccr_centralized_planner]: Received state 9 from robotA
[ccr_centralized_planner-3] [INFO] [1729085220.676881597] [ccr_centralized_planner]: 
[ccr_centralized_planner-3] 
[ccr_centralized_planner-3]  did not replan 
[ccr_centralized_planner-3] 
[ccr_centralized_planner-3] [INFO] [1729085220.677540530] [ccr_centralized_planner]: Sent plan [9, 11, 35, 50, 51, 53, 39, 55, 56, 57, 5, 1] to robotA
[ccr_fake_execution-2] [INFO] [1729085220.677840512] [ccr_fake_execution]: got plan for robotA: [9, 11, 35, 50, 51, 53, 39, 55, 56, 57, 5, 1]
[ccr_centralized_planner-3] [INFO] [1729085220.705323400] [ccr_centralized_planner]: Received state 9 from robotA
[ccr_centralized_planner-3] [INFO] [1729085221.676880882] [ccr_centralized_planner]: 
[ccr_centralized_planner-3] 
[ccr_centralized_planner-3]  did not replan 
[ccr_centralized_planner-3] 
[ccr_centralized_planner-3] [INFO] [1729085221.677584389] [ccr_centralized_planner]: Sent plan [9, 11, 35, 50, 51, 53, 39, 55, 56, 57, 5, 1] to robotA
[ccr_fake_execution-2] [INFO] [1729085221.677817104] [ccr_fake_execution]: got plan for robotA: [9, 11, 35, 50, 51, 53, 39, 55, 56, 57, 5, 1]
[ccr_fake_execution-2] [INFO] [1729085221.705119624] [ccr_fake_execution]: robotA: 9 -> 11
[ccr_centralized_planner-3] [INFO] [1729085221.705833611] [ccr_centralized_planner]: Received state 11 from robotA
[ccr_centralized_planner-3] [INFO] [1729085222.676919560] [ccr_centralized_planner]: 
[ccr_centralized_planner-3] 
[ccr_centralized_planner-3]  did not replan 
[ccr_centralized_planner-3] 
[ccr_centralized_planner-3] [INFO] [1729085222.677641281] [ccr_centralized_planner]: Sent plan [11, 35, 50, 51, 53, 39, 55, 56, 57, 5, 1] to robotA
[ccr_fake_execution-2] [INFO] [1729085222.677935913] [ccr_fake_execution]: got plan for robotA: [11, 35, 50, 51, 53, 39, 55, 56, 57, 5, 1]
[ccr_fake_execution-2] [INFO] [1729085222.705117106] [ccr_fake_execution]: robotA: 11 -> 35
[ccr_centralized_planner-3] [INFO] [1729085222.705824099] [ccr_centralized_planner]: Received state 35 from robotA
[ccr_centralized_planner-3] [INFO] [1729085223.676863221] [ccr_centralized_planner]: 
[ccr_centralized_planner-3] 
[ccr_centralized_planner-3]  did not replan 
[ccr_centralized_planner-3] 
[ccr_centralized_planner-3] [INFO] [1729085223.677551830] [ccr_centralized_planner]: Sent plan [35, 50, 51, 53, 39, 55, 56, 57, 5, 1] to robotA
[ccr_fake_execution-2] [INFO] [1729085223.677716388] [ccr_fake_execution]: got plan for robotA: [35, 50, 51, 53, 39, 55, 56, 57, 5, 1]
[ccr_centralized_planner-3] [INFO] [1729085223.705543720] [ccr_centralized_planner]: Received state 35 from robotA
[ccr_centralized_planner-3] [INFO] [1729085224.676870841] [ccr_centralized_planner]: 
[ccr_centralized_planner-3] 
[ccr_centralized_planner-3]  did not replan 
[ccr_centralized_planner-3] 
[ccr_centralized_planner-3] [INFO] [1729085224.677557426] [ccr_centralized_planner]: Sent plan [35, 50, 51, 53, 39, 55, 56, 57, 5, 1] to robotA
[ccr_fake_execution-2] [INFO] [1729085224.677713749] [ccr_fake_execution]: got plan for robotA: [35, 50, 51, 53, 39, 55, 56, 57, 5, 1]
[ccr_centralized_planner-3] [INFO] [1729085224.705408523] [ccr_centralized_planner]: Received state 35 from robotA
[ccr_centralized_planner-3] [INFO] [1729085225.676955445] [ccr_centralized_planner]: 
[ccr_centralized_planner-3] 
[ccr_centralized_planner-3]  did not replan 
[ccr_centralized_planner-3] 
[ccr_centralized_planner-3] [INFO] [1729085225.677635568] [ccr_centralized_planner]: Sent plan [35, 50, 51, 53, 39, 55, 56, 57, 5, 1] to robotA
[ccr_fake_execution-2] [INFO] [1729085225.678046868] [ccr_fake_execution]: got plan for robotA: [35, 50, 51, 53, 39, 55, 56, 57, 5, 1]
[ccr_fake_execution-2] [INFO] [1729085225.705162088] [ccr_fake_execution]: robotA: 35 -> 50
[ccr_centralized_planner-3] [INFO] [1729085225.705944272] [ccr_centralized_planner]: Received state 50 from robotA
[ccr_centralized_planner-3] [INFO] [1729085226.676957114] [ccr_centralized_planner]: 
[ccr_centralized_planner-3] 
[ccr_centralized_planner-3]  did not replan 
[ccr_centralized_planner-3] 
[ccr_centralized_planner-3] [INFO] [1729085226.677623562] [ccr_centralized_planner]: Sent plan [50, 51, 53, 39, 55, 56, 57, 5, 1] to robotA
[ccr_fake_execution-2] [INFO] [1729085226.677988374] [ccr_fake_execution]: got plan for robotA: [50, 51, 53, 39, 55, 56, 57, 5, 1]
[ccr_fake_execution-2] [INFO] [1729085226.705193843] [ccr_fake_execution]: robotA: 50 -> 51
[ccr_centralized_planner-3] [INFO] [1729085226.705985946] [ccr_centralized_planner]: Received state 51 from robotA
[ccr_centralized_planner-3] [INFO] [1729085227.677024806] [ccr_centralized_planner]: 
[ccr_centralized_planner-3] 
[ccr_centralized_planner-3]  did not replan 
[ccr_centralized_planner-3] 
[ccr_centralized_planner-3] [INFO] [1729085227.677694300] [ccr_centralized_planner]: Sent plan [51, 53, 39, 55, 56, 57, 5, 1] to robotA
[ccr_fake_execution-2] [INFO] [1729085227.678073740] [ccr_fake_execution]: got plan for robotA: [51, 53, 39, 55, 56, 57, 5, 1]
[ccr_fake_execution-2] [INFO] [1729085227.705045982] [ccr_fake_execution]: robotA: 51 -> 53
[ccr_centralized_planner-3] [INFO] [1729085227.705931860] [ccr_centralized_planner]: Received state 53 from robotA
[ccr_centralized_planner-3] [INFO] [1729085228.677100094] [ccr_centralized_planner]: 
[ccr_centralized_planner-3] 
[ccr_centralized_planner-3]  did not replan 
[ccr_centralized_planner-3] 
[ccr_centralized_planner-3] [INFO] [1729085228.677843125] [ccr_centralized_planner]: Sent plan [53, 39, 55, 56, 57, 5, 1] to robotA
[ccr_fake_execution-2] [INFO] [1729085228.678163544] [ccr_fake_execution]: got plan for robotA: [53, 39, 55, 56, 57, 5, 1]
[ccr_centralized_planner-3] [INFO] [1729085228.705577192] [ccr_centralized_planner]: Received state 53 from robotA
[ccr_centralized_planner-3] [INFO] [1729085229.676987098] [ccr_centralized_planner]: 
[ccr_centralized_planner-3] 
[ccr_centralized_planner-3]  did not replan 
[ccr_centralized_planner-3] 
[ccr_centralized_planner-3] [INFO] [1729085229.677833222] [ccr_centralized_planner]: Sent plan [53, 39, 55, 56, 57, 5, 1] to robotA
[ccr_fake_execution-2] [INFO] [1729085229.678175473] [ccr_fake_execution]: got plan for robotA: [53, 39, 55, 56, 57, 5, 1]
[ccr_centralized_planner-3] [INFO] [1729085229.705513129] [ccr_centralized_planner]: Received state 53 from robotA
[ccr_centralized_planner-3] [INFO] [1729085230.676928875] [ccr_centralized_planner]: 
[ccr_centralized_planner-3] 
[ccr_centralized_planner-3]  did not replan 
[ccr_centralized_planner-3] 
[ccr_centralized_planner-3] [INFO] [1729085230.677700199] [ccr_centralized_planner]: Sent plan [53, 39, 55, 56, 57, 5, 1] to robotA
[ccr_fake_execution-2] [INFO] [1729085230.678038763] [ccr_fake_execution]: got plan for robotA: [53, 39, 55, 56, 57, 5, 1]
[ccr_centralized_planner-3] [INFO] [1729085230.705547559] [ccr_centralized_planner]: Received state 53 from robotA
[ccr_centralized_planner-3] [INFO] [1729085231.676854492] [ccr_centralized_planner]: 
[ccr_centralized_planner-3] 
[ccr_centralized_planner-3]  did not replan 
[ccr_centralized_planner-3] 
[ccr_centralized_planner-3] [INFO] [1729085231.677529024] [ccr_centralized_planner]: Sent plan [53, 39, 55, 56, 57, 5, 1] to robotA
[ccr_fake_execution-2] [INFO] [1729085231.677905028] [ccr_fake_execution]: got plan for robotA: [53, 39, 55, 56, 57, 5, 1]
[ccr_centralized_planner-3] [INFO] [1729085231.705342111] [ccr_centralized_planner]: Received state 53 from robotA
[ccr_centralized_planner-3] [INFO] [1729085232.676860760] [ccr_centralized_planner]: 
[ccr_centralized_planner-3] 
[ccr_centralized_planner-3]  did not replan 
[ccr_centralized_planner-3] 
[ccr_centralized_planner-3] [INFO] [1729085232.677586037] [ccr_centralized_planner]: Sent plan [53, 39, 55, 56, 57, 5, 1] to robotA
[ccr_fake_execution-2] [INFO] [1729085232.677763570] [ccr_fake_execution]: got plan for robotA: [53, 39, 55, 56, 57, 5, 1]
[ccr_fake_execution-2] [INFO] [1729085232.705097258] [ccr_fake_execution]: robotA: 53 -> 39
[ccr_centralized_planner-3] [INFO] [1729085232.705826704] [ccr_centralized_planner]: Received state 39 from robotA
[ccr_centralized_planner-3] [INFO] [1729085233.676901401] [ccr_centralized_planner]: 
[ccr_centralized_planner-3] 
[ccr_centralized_planner-3]  did not replan 
[ccr_centralized_planner-3] 
[ccr_centralized_planner-3] [INFO] [1729085233.677543694] [ccr_centralized_planner]: Sent plan [39, 55, 56, 57, 5, 1] to robotA
[ccr_fake_execution-2] [INFO] [1729085233.677921892] [ccr_fake_execution]: got plan for robotA: [39, 55, 56, 57, 5, 1]
[ccr_fake_execution-2] [INFO] [1729085233.705088808] [ccr_fake_execution]: robotA: 39 -> 55
[ccr_centralized_planner-3] [INFO] [1729085233.705983704] [ccr_centralized_planner]: Received state 55 from robotA
[ccr_centralized_planner-3] [INFO] [1729085234.676940471] [ccr_centralized_planner]: 
[ccr_centralized_planner-3] 
[ccr_centralized_planner-3]  did not replan 
[ccr_centralized_planner-3] 
[ccr_centralized_planner-3] [INFO] [1729085234.677618931] [ccr_centralized_planner]: Sent plan [55, 56, 57, 5, 1] to robotA
[ccr_fake_execution-2] [INFO] [1729085234.678024119] [ccr_fake_execution]: got plan for robotA: [55, 56, 57, 5, 1]
[ccr_centralized_planner-3] [INFO] [1729085234.705512427] [ccr_centralized_planner]: Received state 55 from robotA
[ccr_centralized_planner-3] [INFO] [1729085235.676965694] [ccr_centralized_planner]: 
[ccr_centralized_planner-3] 
[ccr_centralized_planner-3]  did not replan 
[ccr_centralized_planner-3] 
[ccr_centralized_planner-3] [INFO] [1729085235.677647119] [ccr_centralized_planner]: Sent plan [55, 56, 57, 5, 1] to robotA
[ccr_fake_execution-2] [INFO] [1729085235.678038201] [ccr_fake_execution]: got plan for robotA: [55, 56, 57, 5, 1]
[ccr_centralized_planner-3] [INFO] [1729085235.705345471] [ccr_centralized_planner]: Received state 55 from robotA
[ccr_centralized_planner-3] [INFO] [1729085236.676903623] [ccr_centralized_planner]: 
[ccr_centralized_planner-3] 
[ccr_centralized_planner-3]  did not replan 
[ccr_centralized_planner-3] 
[ccr_centralized_planner-3] [INFO] [1729085236.677555173] [ccr_centralized_planner]: Sent plan [55, 56, 57, 5, 1] to robotA
[ccr_fake_execution-2] [INFO] [1729085236.678027177] [ccr_fake_execution]: got plan for robotA: [55, 56, 57, 5, 1]
[ccr_centralized_planner-3] [INFO] [1729085236.705437409] [ccr_centralized_planner]: Received state 55 from robotA
[ccr_centralized_planner-3] [INFO] [1729085237.676847024] [ccr_centralized_planner]: 
[ccr_centralized_planner-3] 
[ccr_centralized_planner-3]  did not replan 
[ccr_centralized_planner-3] 
[ccr_centralized_planner-3] [INFO] [1729085237.677450563] [ccr_centralized_planner]: Sent plan [55, 56, 57, 5, 1] to robotA
[ccr_fake_execution-2] [INFO] [1729085237.677794337] [ccr_fake_execution]: got plan for robotA: [55, 56, 57, 5, 1]
[ccr_centralized_planner-3] [INFO] [1729085237.705362714] [ccr_centralized_planner]: Received state 55 from robotA
[ccr_centralized_planner-3] [INFO] [1729085238.676853171] [ccr_centralized_planner]: 
[ccr_centralized_planner-3] 
[ccr_centralized_planner-3]  did not replan 
[ccr_centralized_planner-3] 
[ccr_centralized_planner-3] [INFO] [1729085238.677448195] [ccr_centralized_planner]: Sent plan [55, 56, 57, 5, 1] to robotA
[ccr_fake_execution-2] [INFO] [1729085238.677814701] [ccr_fake_execution]: got plan for robotA: [55, 56, 57, 5, 1]
[ccr_fake_execution-2] [INFO] [1729085238.705119115] [ccr_fake_execution]: robotA: 55 -> 56
[ccr_centralized_planner-3] [INFO] [1729085238.705852678] [ccr_centralized_planner]: Received state 56 from robotA
[ccr_centralized_planner-3] [INFO] [1729085239.676840914] [ccr_centralized_planner]: 
[ccr_centralized_planner-3] 
[ccr_centralized_planner-3]  did not replan 
[ccr_centralized_planner-3] 
[ccr_centralized_planner-3] [INFO] [1729085239.677440386] [ccr_centralized_planner]: Sent plan [56, 57, 5, 1] to robotA
[ccr_fake_execution-2] [INFO] [1729085239.677835626] [ccr_fake_execution]: got plan for robotA: [56, 57, 5, 1]
[ccr_centralized_planner-3] [INFO] [1729085239.705313294] [ccr_centralized_planner]: Received state 56 from robotA
[ccr_centralized_planner-3] [INFO] [1729085240.676836992] [ccr_centralized_planner]: 
[ccr_centralized_planner-3] 
[ccr_centralized_planner-3]  did not replan 
[ccr_centralized_planner-3] 
[ccr_centralized_planner-3] [INFO] [1729085240.677436214] [ccr_centralized_planner]: Sent plan [56, 57, 5, 1] to robotA
[ccr_fake_execution-2] [INFO] [1729085240.677781680] [ccr_fake_execution]: got plan for robotA: [56, 57, 5, 1]
[ccr_centralized_planner-3] [INFO] [1729085240.705322428] [ccr_centralized_planner]: Received state 56 from robotA
[ccr_centralized_planner-3] [INFO] [1729085241.676840257] [ccr_centralized_planner]: 
[ccr_centralized_planner-3] 
[ccr_centralized_planner-3]  did not replan 
[ccr_centralized_planner-3] 
[ccr_centralized_planner-3] [INFO] [1729085241.677436844] [ccr_centralized_planner]: Sent plan [56, 57, 5, 1] to robotA
[ccr_fake_execution-2] [INFO] [1729085241.677822536] [ccr_fake_execution]: got plan for robotA: [56, 57, 5, 1]
[ccr_centralized_planner-3] [INFO] [1729085241.705320303] [ccr_centralized_planner]: Received state 56 from robotA
[ccr_centralized_planner-3] [INFO] [1729085242.676841969] [ccr_centralized_planner]: 
[ccr_centralized_planner-3] 
[ccr_centralized_planner-3]  did not replan 
[ccr_centralized_planner-3] 
[ccr_centralized_planner-3] [INFO] [1729085242.677437594] [ccr_centralized_planner]: Sent plan [56, 57, 5, 1] to robotA
[ccr_fake_execution-2] [INFO] [1729085242.677818727] [ccr_fake_execution]: got plan for robotA: [56, 57, 5, 1]
[ccr_centralized_planner-3] [INFO] [1729085242.705307107] [ccr_centralized_planner]: Received state 56 from robotA
[ccr_centralized_planner-3] [INFO] [1729085243.676840515] [ccr_centralized_planner]: 
[ccr_centralized_planner-3] 
[ccr_centralized_planner-3]  did not replan 
[ccr_centralized_planner-3] 
[ccr_centralized_planner-3] [INFO] [1729085243.677448653] [ccr_centralized_planner]: Sent plan [56, 57, 5, 1] to robotA
[ccr_fake_execution-2] [INFO] [1729085243.677827092] [ccr_fake_execution]: got plan for robotA: [56, 57, 5, 1]
[ccr_centralized_planner-3] [INFO] [1729085243.705330891] [ccr_centralized_planner]: Received state 56 from robotA
[ccr_centralized_planner-3] [INFO] [1729085244.676839733] [ccr_centralized_planner]: 
[ccr_centralized_planner-3] 
[ccr_centralized_planner-3]  did not replan 
[ccr_centralized_planner-3] 
[ccr_centralized_planner-3] [INFO] [1729085244.677444295] [ccr_centralized_planner]: Sent plan [56, 57, 5, 1] to robotA
[ccr_fake_execution-2] [INFO] [1729085244.677814417] [ccr_fake_execution]: got plan for robotA: [56, 57, 5, 1]
[ccr_centralized_planner-3] [INFO] [1729085244.705311754] [ccr_centralized_planner]: Received state 56 from robotA
[ccr_centralized_planner-3] [INFO] [1729085245.676857535] [ccr_centralized_planner]: 
[ccr_centralized_planner-3] 
[ccr_centralized_planner-3]  did not replan 
[ccr_centralized_planner-3] 
[ccr_centralized_planner-3] [INFO] [1729085245.677469631] [ccr_centralized_planner]: Sent plan [56, 57, 5, 1] to robotA
[ccr_fake_execution-2] [INFO] [1729085245.677936014] [ccr_fake_execution]: got plan for robotA: [56, 57, 5, 1]
[ccr_fake_execution-2] [INFO] [1729085245.705205204] [ccr_fake_execution]: robotA: 56 -> 57
[ccr_centralized_planner-3] [INFO] [1729085245.705964285] [ccr_centralized_planner]: Received state 57 from robotA
[ccr_centralized_planner-3] [INFO] [1729085246.676870718] [ccr_centralized_planner]: 
[ccr_centralized_planner-3] 
[ccr_centralized_planner-3]  did not replan 
[ccr_centralized_planner-3] 
[ccr_centralized_planner-3] [INFO] [1729085246.677480249] [ccr_centralized_planner]: Sent plan [57, 5, 1] to robotA
[ccr_fake_execution-2] [INFO] [1729085246.677951522] [ccr_fake_execution]: got plan for robotA: [57, 5, 1]
[ccr_fake_execution-2] [INFO] [1729085246.705292135] [ccr_fake_execution]: robotA: 57 -> 5
[ccr_centralized_planner-3] [INFO] [1729085246.706039133] [ccr_centralized_planner]: Received state 5 from robotA
[ccr_centralized_planner-3] [INFO] [1729085247.676853885] [ccr_centralized_planner]: 
[ccr_centralized_planner-3] 
[ccr_centralized_planner-3]  did not replan 
[ccr_centralized_planner-3] 
[ccr_centralized_planner-3] [INFO] [1729085247.677456273] [ccr_centralized_planner]: Sent plan [5, 1] to robotA
[ccr_fake_execution-2] [INFO] [1729085247.677904602] [ccr_fake_execution]: got plan for robotA: [5, 1]
[ccr_centralized_planner-3] [INFO] [1729085247.705345914] [ccr_centralized_planner]: Received state 5 from robotA
[ccr_centralized_planner-3] [INFO] [1729085248.676850579] [ccr_centralized_planner]: 
[ccr_centralized_planner-3] 
[ccr_centralized_planner-3]  did not replan 
[ccr_centralized_planner-3] 
[ccr_centralized_planner-3] [INFO] [1729085248.677457114] [ccr_centralized_planner]: Sent plan [5, 1] to robotA
[ccr_fake_execution-2] [INFO] [1729085248.677928797] [ccr_fake_execution]: got plan for robotA: [5, 1]
[ccr_fake_execution-2] [INFO] [1729085248.705155477] [ccr_fake_execution]: robotA: 5 -> 1
[ccr_centralized_planner-3] [INFO] [1729085248.705926881] [ccr_centralized_planner]: Received state 1 from robotA
[ccr_goal_provider-1] [INFO] [1729085248.706144799] [ccr_goal_provider]: [32mgoal completed:[0m robotA reached goal 1, going to goal 0 within state 9
[ccr_centralized_planner-3] [INFO] [1729085248.782948812] [ccr_centralized_planner]: Received goal 9 from robotA
[ccr_centralized_planner-3] [INFO] [1729085249.676842272] [ccr_centralized_planner]: 
[ccr_centralized_planner-3] 
[ccr_centralized_planner-3]  replaned due to new goal
[ccr_centralized_planner-3] 
[ccr_centralized_planner-3] [INFO] [1729085249.697732089] [ccr_centralized_planner]: Sent plan [1, 44, 45, 56, 55, 39, 53, 51, 32, 35, 10, 9] to robotA
[ccr_fake_execution-2] [INFO] [1729085249.698271679] [ccr_fake_execution]: got plan for robotA: [1, 44, 45, 56, 55, 39, 53, 51, 32, 35, 10, 9]
[ccr_fake_execution-2] [INFO] [1729085249.705122795] [ccr_fake_execution]: robotA: 1 -> 44
[ccr_centralized_planner-3] [INFO] [1729085249.705577276] [ccr_centralized_planner]: Received state 44 from robotA
[ccr_centralized_planner-3] [INFO] [1729085250.676828916] [ccr_centralized_planner]: 
[ccr_centralized_planner-3] 
[ccr_centralized_planner-3]  did not replan 
[ccr_centralized_planner-3] 
[ccr_centralized_planner-3] [INFO] [1729085250.677432185] [ccr_centralized_planner]: Sent plan [44, 45, 56, 55, 39, 53, 51, 32, 35, 10, 9] to robotA
[ccr_fake_execution-2] [INFO] [1729085250.677828076] [ccr_fake_execution]: got plan for robotA: [44, 45, 56, 55, 39, 53, 51, 32, 35, 10, 9]
[ccr_fake_execution-2] [INFO] [1729085250.705144595] [ccr_fake_execution]: robotA: 44 -> 45
[ccr_centralized_planner-3] [INFO] [1729085250.705830449] [ccr_centralized_planner]: Received state 45 from robotA
[ccr_centralized_planner-3] [INFO] [1729085251.676823865] [ccr_centralized_planner]: 
[ccr_centralized_planner-3] 
[ccr_centralized_planner-3]  did not replan 
[ccr_centralized_planner-3] 
[ccr_centralized_planner-3] [INFO] [1729085251.677417376] [ccr_centralized_planner]: Sent plan [45, 56, 55, 39, 53, 51, 32, 35, 10, 9] to robotA
[ccr_fake_execution-2] [INFO] [1729085251.677766480] [ccr_fake_execution]: got plan for robotA: [45, 56, 55, 39, 53, 51, 32, 35, 10, 9]
[ccr_fake_execution-2] [INFO] [1729085251.705127121] [ccr_fake_execution]: robotA: 45 -> 56
[ccr_centralized_planner-3] [INFO] [1729085251.705813345] [ccr_centralized_planner]: Received state 56 from robotA
[ccr_centralized_planner-3] [INFO] [1729085252.676824896] [ccr_centralized_planner]: 
[ccr_centralized_planner-3] 
[ccr_centralized_planner-3]  did not replan 
[ccr_centralized_planner-3] 
[ccr_centralized_planner-3] [INFO] [1729085252.677439717] [ccr_centralized_planner]: Sent plan [56, 55, 39, 53, 51, 32, 35, 10, 9] to robotA
[ccr_fake_execution-2] [INFO] [1729085252.677769064] [ccr_fake_execution]: got plan for robotA: [56, 55, 39, 53, 51, 32, 35, 10, 9]
[ccr_centralized_planner-3] [INFO] [1729085252.705292149] [ccr_centralized_planner]: Received state 56 from robotA
[ccr_centralized_planner-3] [INFO] [1729085253.676821198] [ccr_centralized_planner]: 
[ccr_centralized_planner-3] 
[ccr_centralized_planner-3]  did not replan 
[ccr_centralized_planner-3] 
[ccr_centralized_planner-3] [INFO] [1729085253.677432242] [ccr_centralized_planner]: Sent plan [56, 55, 39, 53, 51, 32, 35, 10, 9] to robotA
[ccr_fake_execution-2] [INFO] [1729085253.677839665] [ccr_fake_execution]: got plan for robotA: [56, 55, 39, 53, 51, 32, 35, 10, 9]
[ccr_centralized_planner-3] [INFO] [1729085253.705340378] [ccr_centralized_planner]: Received state 56 from robotA
[ccr_centralized_planner-3] [INFO] [1729085254.676839241] [ccr_centralized_planner]: 
[ccr_centralized_planner-3] 
[ccr_centralized_planner-3]  did not replan 
[ccr_centralized_planner-3] 
[ccr_centralized_planner-3] [INFO] [1729085254.677436379] [ccr_centralized_planner]: Sent plan [56, 55, 39, 53, 51, 32, 35, 10, 9] to robotA
[ccr_fake_execution-2] [INFO] [1729085254.677864821] [ccr_fake_execution]: got plan for robotA: [56, 55, 39, 53, 51, 32, 35, 10, 9]
[ccr_fake_execution-2] [INFO] [1729085254.705180427] [ccr_fake_execution]: robotA: 56 -> 55
[ccr_centralized_planner-3] [INFO] [1729085254.705900405] [ccr_centralized_planner]: Received state 55 from robotA
[ccr_centralized_planner-3] [INFO] [1729085255.676831766] [ccr_centralized_planner]: 
[ccr_centralized_planner-3] 
[ccr_centralized_planner-3]  did not replan 
[ccr_centralized_planner-3] 
[ccr_centralized_planner-3] [INFO] [1729085255.677430647] [ccr_centralized_planner]: Sent plan [55, 39, 53, 51, 32, 35, 10, 9] to robotA
[ccr_fake_execution-2] [INFO] [1729085255.677798485] [ccr_fake_execution]: got plan for robotA: [55, 39, 53, 51, 32, 35, 10, 9]
[ccr_fake_execution-2] [INFO] [1729085255.705177501] [ccr_fake_execution]: robotA: 55 -> 39
[ccr_centralized_planner-3] [INFO] [1729085255.706003687] [ccr_centralized_planner]: Received state 39 from robotA
[ccr_centralized_planner-3] [INFO] [1729085256.676926172] [ccr_centralized_planner]: 
[ccr_centralized_planner-3] 
[ccr_centralized_planner-3]  did not replan 
[ccr_centralized_planner-3] 
[ccr_centralized_planner-3] [INFO] [1729085256.677805357] [ccr_centralized_planner]: Sent plan [39, 53, 51, 32, 35, 10, 9] to robotA
[ccr_fake_execution-2] [INFO] [1729085256.678068781] [ccr_fake_execution]: got plan for robotA: [39, 53, 51, 32, 35, 10, 9]
[ccr_fake_execution-2] [INFO] [1729085256.705119121] [ccr_fake_execution]: robotA: 39 -> 53
[ccr_centralized_planner-3] [INFO] [1729085256.705917325] [ccr_centralized_planner]: Received state 53 from robotA
[ccr_centralized_planner-3] [INFO] [1729085257.676934697] [ccr_centralized_planner]: 
[ccr_centralized_planner-3] 
[ccr_centralized_planner-3]  did not replan 
[ccr_centralized_planner-3] 
[ccr_centralized_planner-3] [INFO] [1729085257.677601615] [ccr_centralized_planner]: Sent plan [53, 51, 32, 35, 10, 9] to robotA
[ccr_fake_execution-2] [INFO] [1729085257.677938436] [ccr_fake_execution]: got plan for robotA: [53, 51, 32, 35, 10, 9]
[ccr_fake_execution-2] [INFO] [1729085257.705117687] [ccr_fake_execution]: robotA: 53 -> 51
[ccr_centralized_planner-3] [INFO] [1729085257.705853224] [ccr_centralized_planner]: Received state 51 from robotA
[ccr_centralized_planner-3] [INFO] [1729085258.676918976] [ccr_centralized_planner]: 
[ccr_centralized_planner-3] 
[ccr_centralized_planner-3]  did not replan 
[ccr_centralized_planner-3] 
[ccr_centralized_planner-3] [INFO] [1729085258.677592677] [ccr_centralized_planner]: Sent plan [51, 32, 35, 10, 9] to robotA
[ccr_fake_execution-2] [INFO] [1729085258.677946700] [ccr_fake_execution]: got plan for robotA: [51, 32, 35, 10, 9]
[ccr_centralized_planner-3] [INFO] [1729085258.705364818] [ccr_centralized_planner]: Received state 51 from robotA
[ccr_centralized_planner-3] [INFO] [1729085259.676916159] [ccr_centralized_planner]: 
[ccr_centralized_planner-3] 
[ccr_centralized_planner-3]  did not replan 
[ccr_centralized_planner-3] 
[ccr_centralized_planner-3] [INFO] [1729085259.677607514] [ccr_centralized_planner]: Sent plan [51, 32, 35, 10, 9] to robotA
[ccr_fake_execution-2] [INFO] [1729085259.677909689] [ccr_fake_execution]: got plan for robotA: [51, 32, 35, 10, 9]
[ccr_centralized_planner-3] [INFO] [1729085259.705335072] [ccr_centralized_planner]: Received state 51 from robotA
[ccr_centralized_planner-3] [INFO] [1729085260.676892003] [ccr_centralized_planner]: 
[ccr_centralized_planner-3] 
[ccr_centralized_planner-3]  did not replan 
[ccr_centralized_planner-3] 
[ccr_centralized_planner-3] [INFO] [1729085260.677558771] [ccr_centralized_planner]: Sent plan [51, 32, 35, 10, 9] to robotA
[ccr_fake_execution-2] [INFO] [1729085260.677844396] [ccr_fake_execution]: got plan for robotA: [51, 32, 35, 10, 9]
[ccr_centralized_planner-3] [INFO] [1729085260.705236396] [ccr_centralized_planner]: Received state 51 from robotA
[ccr_centralized_planner-3] [INFO] [1729085261.676892103] [ccr_centralized_planner]: 
[ccr_centralized_planner-3] 
[ccr_centralized_planner-3]  did not replan 
[ccr_centralized_planner-3] 
[ccr_centralized_planner-3] [INFO] [1729085261.677582245] [ccr_centralized_planner]: Sent plan [51, 32, 35, 10, 9] to robotA
[ccr_fake_execution-2] [INFO] [1729085261.677888458] [ccr_fake_execution]: got plan for robotA: [51, 32, 35, 10, 9]
[ccr_centralized_planner-3] [INFO] [1729085261.705345579] [ccr_centralized_planner]: Received state 51 from robotA
[ccr_centralized_planner-3] [INFO] [1729085262.676901359] [ccr_centralized_planner]: 
[ccr_centralized_planner-3] 
[ccr_centralized_planner-3]  did not replan 
[ccr_centralized_planner-3] 
[ccr_centralized_planner-3] [INFO] [1729085262.677585950] [ccr_centralized_planner]: Sent plan [51, 32, 35, 10, 9] to robotA
[ccr_fake_execution-2] [INFO] [1729085262.677872777] [ccr_fake_execution]: got plan for robotA: [51, 32, 35, 10, 9]
[ccr_fake_execution-2] [INFO] [1729085262.705122851] [ccr_fake_execution]: robotA: 51 -> 32
[ccr_centralized_planner-3] [INFO] [1729085262.705899595] [ccr_centralized_planner]: Received state 32 from robotA
[ccr_centralized_planner-3] [INFO] [1729085263.676937866] [ccr_centralized_planner]: 
[ccr_centralized_planner-3] 
[ccr_centralized_planner-3]  did not replan 
[ccr_centralized_planner-3] 
[ccr_centralized_planner-3] [INFO] [1729085263.677662823] [ccr_centralized_planner]: Sent plan [32, 35, 10, 9] to robotA
[ccr_fake_execution-2] [INFO] [1729085263.677968074] [ccr_fake_execution]: got plan for robotA: [32, 35, 10, 9]
[ccr_centralized_planner-3] [INFO] [1729085263.705261359] [ccr_centralized_planner]: Received state 32 from robotA
[ccr_centralized_planner-3] [INFO] [1729085264.676913910] [ccr_centralized_planner]: 
[ccr_centralized_planner-3] 
[ccr_centralized_planner-3]  did not replan 
[ccr_centralized_planner-3] 
[ccr_centralized_planner-3] [INFO] [1729085264.677624500] [ccr_centralized_planner]: Sent plan [32, 35, 10, 9] to robotA
[ccr_fake_execution-2] [INFO] [1729085264.677904755] [ccr_fake_execution]: got plan for robotA: [32, 35, 10, 9]
[ccr_centralized_planner-3] [INFO] [1729085264.705347299] [ccr_centralized_planner]: Received state 32 from robotA
[ccr_centralized_planner-3] [INFO] [1729085265.676908910] [ccr_centralized_planner]: 
[ccr_centralized_planner-3] 
[ccr_centralized_planner-3]  did not replan 
[ccr_centralized_planner-3] 
[ccr_centralized_planner-3] [INFO] [1729085265.677586879] [ccr_centralized_planner]: Sent plan [32, 35, 10, 9] to robotA
[ccr_fake_execution-2] [INFO] [1729085265.678041280] [ccr_fake_execution]: got plan for robotA: [32, 35, 10, 9]
[ccr_fake_execution-2] [INFO] [1729085265.705120524] [ccr_fake_execution]: robotA: 32 -> 35
[ccr_centralized_planner-3] [INFO] [1729085265.705740374] [ccr_centralized_planner]: Received state 35 from robotA
[ccr_centralized_planner-3] [INFO] [1729085266.676948623] [ccr_centralized_planner]: 
[ccr_centralized_planner-3] 
[ccr_centralized_planner-3]  did not replan 
[ccr_centralized_planner-3] 
[ccr_centralized_planner-3] [INFO] [1729085266.677626191] [ccr_centralized_planner]: Sent plan [35, 10, 9] to robotA
[ccr_fake_execution-2] [INFO] [1729085266.677961609] [ccr_fake_execution]: got plan for robotA: [35, 10, 9]
[ccr_centralized_planner-3] [INFO] [1729085266.705373877] [ccr_centralized_planner]: Received state 35 from robotA
[ccr_centralized_planner-3] [INFO] [1729085267.676906102] [ccr_centralized_planner]: 
[ccr_centralized_planner-3] 
[ccr_centralized_planner-3]  did not replan 
[ccr_centralized_planner-3] 
[ccr_centralized_planner-3] [INFO] [1729085267.677572770] [ccr_centralized_planner]: Sent plan [35, 10, 9] to robotA
[ccr_fake_execution-2] [INFO] [1729085267.677886508] [ccr_fake_execution]: got plan for robotA: [35, 10, 9]
[ccr_fake_execution-2] [INFO] [1729085267.705129699] [ccr_fake_execution]: robotA: 35 -> 10
[ccr_centralized_planner-3] [INFO] [1729085267.705739380] [ccr_centralized_planner]: Received state 10 from robotA
[ccr_centralized_planner-3] [INFO] [1729085268.676929705] [ccr_centralized_planner]: 
[ccr_centralized_planner-3] 
[ccr_centralized_planner-3]  did not replan 
[ccr_centralized_planner-3] 
[ccr_centralized_planner-3] [INFO] [1729085268.677607825] [ccr_centralized_planner]: Sent plan [10, 9] to robotA
[ccr_fake_execution-2] [INFO] [1729085268.677929787] [ccr_fake_execution]: got plan for robotA: [10, 9]
[ccr_fake_execution-2] [INFO] [1729085268.705117444] [ccr_fake_execution]: robotA: 10 -> 9
[ccr_centralized_planner-3] [INFO] [1729085268.705762923] [ccr_centralized_planner]: Received state 9 from robotA
[ccr_goal_provider-1] [INFO] [1729085268.705964190] [ccr_goal_provider]: [32mgoal completed:[0m robotA reached goal 9, going to goal 1 within state 1
[ccr_centralized_planner-3] [INFO] [1729085268.782832433] [ccr_centralized_planner]: Received goal 1 from robotA
[ccr_centralized_planner-3] [INFO] [1729085269.676907934] [ccr_centralized_planner]: 
[ccr_centralized_planner-3] 
[ccr_centralized_planner-3]  replaned due to new goal
[ccr_centralized_planner-3] 
[ccr_centralized_planner-3] [INFO] [1729085269.698102892] [ccr_centralized_planner]: Sent plan [9, 11, 35, 50, 51, 53, 39, 55, 56, 57, 5, 1] to robotA
[ccr_fake_execution-2] [INFO] [1729085269.698591757] [ccr_fake_execution]: got plan for robotA: [9, 11, 35, 50, 51, 53, 39, 55, 56, 57, 5, 1]
[ccr_centralized_planner-3] [INFO] [1729085269.705084432] [ccr_centralized_planner]: Received state 9 from robotA
[ccr_centralized_planner-3] [INFO] [1729085270.676897784] [ccr_centralized_planner]: 
[ccr_centralized_planner-3] 
[ccr_centralized_planner-3]  did not replan 
[ccr_centralized_planner-3] 
[ccr_centralized_planner-3] [INFO] [1729085270.677563089] [ccr_centralized_planner]: Sent plan [9, 11, 35, 50, 51, 53, 39, 55, 56, 57, 5, 1] to robotA
[ccr_fake_execution-2] [INFO] [1729085270.677960052] [ccr_fake_execution]: got plan for robotA: [9, 11, 35, 50, 51, 53, 39, 55, 56, 57, 5, 1]
[ccr_centralized_planner-3] [INFO] [1729085270.705289455] [ccr_centralized_planner]: Received state 9 from robotA
[ccr_centralized_planner-3] [INFO] [1729085271.676919894] [ccr_centralized_planner]: 
[ccr_centralized_planner-3] 
[ccr_centralized_planner-3]  did not replan 
[ccr_centralized_planner-3] 
[ccr_centralized_planner-3] [INFO] [1729085271.677583446] [ccr_centralized_planner]: Sent plan [9, 11, 35, 50, 51, 53, 39, 55, 56, 57, 5, 1] to robotA
[ccr_fake_execution-2] [INFO] [1729085271.678088501] [ccr_fake_execution]: got plan for robotA: [9, 11, 35, 50, 51, 53, 39, 55, 56, 57, 5, 1]
[ccr_centralized_planner-3] [INFO] [1729085271.705455254] [ccr_centralized_planner]: Received state 9 from robotA
[ccr_centralized_planner-3] [INFO] [1729085272.676874948] [ccr_centralized_planner]: 
[ccr_centralized_planner-3] 
[ccr_centralized_planner-3]  did not replan 
[ccr_centralized_planner-3] 
[ccr_centralized_planner-3] [INFO] [1729085272.677512382] [ccr_centralized_planner]: Sent plan [9, 11, 35, 50, 51, 53, 39, 55, 56, 57, 5, 1] to robotA
[ccr_fake_execution-2] [INFO] [1729085272.677898384] [ccr_fake_execution]: got plan for robotA: [9, 11, 35, 50, 51, 53, 39, 55, 56, 57, 5, 1]
[ccr_fake_execution-2] [INFO] [1729085272.705138830] [ccr_fake_execution]: robotA: 9 -> 11
[ccr_centralized_planner-3] [INFO] [1729085272.705877643] [ccr_centralized_planner]: Received state 11 from robotA
[ccr_centralized_planner-3] [INFO] [1729085273.676857635] [ccr_centralized_planner]: 
[ccr_centralized_planner-3] 
[ccr_centralized_planner-3]  did not replan 
[ccr_centralized_planner-3] 
[ccr_centralized_planner-3] [INFO] [1729085273.677523021] [ccr_centralized_planner]: Sent plan [11, 35, 50, 51, 53, 39, 55, 56, 57, 5, 1] to robotA
[ccr_fake_execution-2] [INFO] [1729085273.677876853] [ccr_fake_execution]: got plan for robotA: [11, 35, 50, 51, 53, 39, 55, 56, 57, 5, 1]
[ccr_fake_execution-2] [INFO] [1729085273.705128049] [ccr_fake_execution]: robotA: 11 -> 35
[ccr_centralized_planner-3] [INFO] [1729085273.705761866] [ccr_centralized_planner]: Received state 35 from robotA
[ccr_centralized_planner-3] [INFO] [1729085274.676885196] [ccr_centralized_planner]: 
[ccr_centralized_planner-3] 
[ccr_centralized_planner-3]  did not replan 
[ccr_centralized_planner-3] 
[ccr_centralized_planner-3] [INFO] [1729085274.677520615] [ccr_centralized_planner]: Sent plan [35, 50, 51, 53, 39, 55, 56, 57, 5, 1] to robotA
[ccr_fake_execution-2] [INFO] [1729085274.677892702] [ccr_fake_execution]: got plan for robotA: [35, 50, 51, 53, 39, 55, 56, 57, 5, 1]
[ccr_fake_execution-2] [INFO] [1729085274.705129170] [ccr_fake_execution]: robotA: 35 -> 50
[ccr_centralized_planner-3] [INFO] [1729085274.705890626] [ccr_centralized_planner]: Received state 50 from robotA
[ccr_centralized_planner-3] [INFO] [1729085275.676925981] [ccr_centralized_planner]: 
[ccr_centralized_planner-3] 
[ccr_centralized_planner-3]  did not replan 
[ccr_centralized_planner-3] 
[ccr_centralized_planner-3] [INFO] [1729085275.677622886] [ccr_centralized_planner]: Sent plan [50, 51, 53, 39, 55, 56, 57, 5, 1] to robotA
[ccr_fake_execution-2] [INFO] [1729085275.678082115] [ccr_fake_execution]: got plan for robotA: [50, 51, 53, 39, 55, 56, 57, 5, 1]
[ccr_centralized_planner-3] [INFO] [1729085275.705369609] [ccr_centralized_planner]: Received state 50 from robotA
[ccr_centralized_planner-3] [INFO] [1729085276.676911783] [ccr_centralized_planner]: 
[ccr_centralized_planner-3] 
[ccr_centralized_planner-3]  did not replan 
[ccr_centralized_planner-3] 
[ccr_centralized_planner-3] [INFO] [1729085276.677591295] [ccr_centralized_planner]: Sent plan [50, 51, 53, 39, 55, 56, 57, 5, 1] to robotA
[ccr_fake_execution-2] [INFO] [1729085276.677944056] [ccr_fake_execution]: got plan for robotA: [50, 51, 53, 39, 55, 56, 57, 5, 1]
[ccr_fake_execution-2] [INFO] [1729085276.705115913] [ccr_fake_execution]: robotA: 50 -> 51
[ccr_centralized_planner-3] [INFO] [1729085276.705905441] [ccr_centralized_planner]: Received state 51 from robotA
[ccr_centralized_planner-3] [INFO] [1729085277.676918946] [ccr_centralized_planner]: 
[ccr_centralized_planner-3] 
[ccr_centralized_planner-3]  did not replan 
[ccr_centralized_planner-3] 
[ccr_centralized_planner-3] [INFO] [1729085277.677570375] [ccr_centralized_planner]: Sent plan [51, 53, 39, 55, 56, 57, 5, 1] to robotA
[ccr_fake_execution-2] [INFO] [1729085277.678063148] [ccr_fake_execution]: got plan for robotA: [51, 53, 39, 55, 56, 57, 5, 1]
[ccr_fake_execution-2] [INFO] [1729085277.705125270] [ccr_fake_execution]: robotA: 51 -> 53
[ccr_centralized_planner-3] [INFO] [1729085277.705891394] [ccr_centralized_planner]: Received state 53 from robotA
[ccr_centralized_planner-3] [INFO] [1729085278.676890732] [ccr_centralized_planner]: 
[ccr_centralized_planner-3] 
[ccr_centralized_planner-3]  did not replan 
[ccr_centralized_planner-3] 
[ccr_centralized_planner-3] [INFO] [1729085278.677519329] [ccr_centralized_planner]: Sent plan [53, 39, 55, 56, 57, 5, 1] to robotA
[ccr_fake_execution-2] [INFO] [1729085278.677927313] [ccr_fake_execution]: got plan for robotA: [53, 39, 55, 56, 57, 5, 1]
[ccr_fake_execution-2] [INFO] [1729085278.705123987] [ccr_fake_execution]: robotA: 53 -> 39
[ccr_centralized_planner-3] [INFO] [1729085278.705906471] [ccr_centralized_planner]: Received state 39 from robotA
[ccr_centralized_planner-3] [INFO] [1729085279.676891121] [ccr_centralized_planner]: 
[ccr_centralized_planner-3] 
[ccr_centralized_planner-3]  did not replan 
[ccr_centralized_planner-3] 
[ccr_centralized_planner-3] [INFO] [1729085279.677559453] [ccr_centralized_planner]: Sent plan [39, 55, 56, 57, 5, 1] to robotA
[ccr_fake_execution-2] [INFO] [1729085279.677940967] [ccr_fake_execution]: got plan for robotA: [39, 55, 56, 57, 5, 1]
[ccr_fake_execution-2] [INFO] [1729085279.705129285] [ccr_fake_execution]: robotA: 39 -> 55
[ccr_centralized_planner-3] [INFO] [1729085279.705952096] [ccr_centralized_planner]: Received state 55 from robotA
[ccr_centralized_planner-3] [INFO] [1729085280.676902972] [ccr_centralized_planner]: 
[ccr_centralized_planner-3] 
[ccr_centralized_planner-3]  did not replan 
[ccr_centralized_planner-3] 
[ccr_centralized_planner-3] [INFO] [1729085280.677572546] [ccr_centralized_planner]: Sent plan [55, 56, 57, 5, 1] to robotA
[ccr_fake_execution-2] [INFO] [1729085280.677997381] [ccr_fake_execution]: got plan for robotA: [55, 56, 57, 5, 1]
[ccr_centralized_planner-3] [INFO] [1729085280.705412324] [ccr_centralized_planner]: Received state 55 from robotA
[ccr_centralized_planner-3] [INFO] [1729085281.676889446] [ccr_centralized_planner]: 
[ccr_centralized_planner-3] 
[ccr_centralized_planner-3]  did not replan 
[ccr_centralized_planner-3] 
[ccr_centralized_planner-3] [INFO] [1729085281.677523072] [ccr_centralized_planner]: Sent plan [55, 56, 57, 5, 1] to robotA
[ccr_fake_execution-2] [INFO] [1729085281.677993483] [ccr_fake_execution]: got plan for robotA: [55, 56, 57, 5, 1]
[ccr_centralized_planner-3] [INFO] [1729085281.705383740] [ccr_centralized_planner]: Received state 55 from robotA
[ccr_centralized_planner-3] [INFO] [1729085282.676886009] [ccr_centralized_planner]: 
[ccr_centralized_planner-3] 
[ccr_centralized_planner-3]  did not replan 
[ccr_centralized_planner-3] 
[ccr_centralized_planner-3] [INFO] [1729085282.677522180] [ccr_centralized_planner]: Sent plan [55, 56, 57, 5, 1] to robotA
[ccr_fake_execution-2] [INFO] [1729085282.677928290] [ccr_fake_execution]: got plan for robotA: [55, 56, 57, 5, 1]
[ccr_fake_execution-2] [INFO] [1729085282.705154620] [ccr_fake_execution]: robotA: 55 -> 56
[ccr_centralized_planner-3] [INFO] [1729085282.705932306] [ccr_centralized_planner]: Received state 56 from robotA
[ccr_centralized_planner-3] [INFO] [1729085283.676880177] [ccr_centralized_planner]: 
[ccr_centralized_planner-3] 
[ccr_centralized_planner-3]  did not replan 
[ccr_centralized_planner-3] 
[ccr_centralized_planner-3] [INFO] [1729085283.677517370] [ccr_centralized_planner]: Sent plan [56, 57, 5, 1] to robotA
[ccr_fake_execution-2] [INFO] [1729085283.677941494] [ccr_fake_execution]: got plan for robotA: [56, 57, 5, 1]
[ccr_centralized_planner-3] [INFO] [1729085283.705379069] [ccr_centralized_planner]: Received state 56 from robotA
[ccr_centralized_planner-3] [INFO] [1729085284.676889012] [ccr_centralized_planner]: 
[ccr_centralized_planner-3] 
[ccr_centralized_planner-3]  did not replan 
[ccr_centralized_planner-3] 
[ccr_centralized_planner-3] [INFO] [1729085284.677554438] [ccr_centralized_planner]: Sent plan [56, 57, 5, 1] to robotA
[ccr_fake_execution-2] [INFO] [1729085284.677808914] [ccr_fake_execution]: got plan for robotA: [56, 57, 5, 1]
[ccr_fake_execution-2] [INFO] [1729085284.705124531] [ccr_fake_execution]: robotA: 56 -> 57
[ccr_centralized_planner-3] [INFO] [1729085284.705878633] [ccr_centralized_planner]: Received state 57 from robotA
[ccr_centralized_planner-3] [INFO] [1729085285.676891065] [ccr_centralized_planner]: 
[ccr_centralized_planner-3] 
[ccr_centralized_planner-3]  did not replan 
[ccr_centralized_planner-3] 
[ccr_centralized_planner-3] [INFO] [1729085285.677519641] [ccr_centralized_planner]: Sent plan [57, 5, 1] to robotA
[ccr_fake_execution-2] [INFO] [1729085285.677877261] [ccr_fake_execution]: got plan for robotA: [57, 5, 1]
[ccr_fake_execution-2] [INFO] [1729085285.705123327] [ccr_fake_execution]: robotA: 57 -> 5
[ccr_centralized_planner-3] [INFO] [1729085285.705845279] [ccr_centralized_planner]: Received state 5 from robotA
[ccr_centralized_planner-3] [INFO] [1729085286.676904349] [ccr_centralized_planner]: 
[ccr_centralized_planner-3] 
[ccr_centralized_planner-3]  did not replan 
[ccr_centralized_planner-3] 
[ccr_centralized_planner-3] [INFO] [1729085286.677534519] [ccr_centralized_planner]: Sent plan [5, 1] to robotA
[ccr_fake_execution-2] [INFO] [1729085286.677902768] [ccr_fake_execution]: got plan for robotA: [5, 1]
[ccr_fake_execution-2] [INFO] [1729085286.705109852] [ccr_fake_execution]: robotA: 5 -> 1
[ccr_centralized_planner-3] [INFO] [1729085286.705876687] [ccr_centralized_planner]: Received state 1 from robotA
[ccr_goal_provider-1] [INFO] [1729085286.705939284] [ccr_goal_provider]: [32mgoal completed:[0m robotA reached goal 1, going to goal 0 within state 9
[ccr_centralized_planner-3] [INFO] [1729085286.782895161] [ccr_centralized_planner]: Received goal 9 from robotA
[ccr_centralized_planner-3] [INFO] [1729085287.676866367] [ccr_centralized_planner]: 
[ccr_centralized_planner-3] 
[ccr_centralized_planner-3]  replaned due to new goal
[ccr_centralized_planner-3] 
[ccr_centralized_planner-3] [INFO] [1729085287.698883845] [ccr_centralized_planner]: Sent plan [1, 44, 45, 56, 55, 39, 53, 51, 32, 35, 10, 9] to robotA
[ccr_fake_execution-2] [INFO] [1729085287.699450796] [ccr_fake_execution]: got plan for robotA: [1, 44, 45, 56, 55, 39, 53, 51, 32, 35, 10, 9]
[ccr_centralized_planner-3] [INFO] [1729085287.705090534] [ccr_centralized_planner]: Received state 1 from robotA
[ccr_centralized_planner-3] [INFO] [1729085288.676858280] [ccr_centralized_planner]: 
[ccr_centralized_planner-3] 
[ccr_centralized_planner-3]  did not replan 
[ccr_centralized_planner-3] 
[ccr_centralized_planner-3] [INFO] [1729085288.677491947] [ccr_centralized_planner]: Sent plan [1, 44, 45, 56, 55, 39, 53, 51, 32, 35, 10, 9] to robotA
[ccr_fake_execution-2] [INFO] [1729085288.677919507] [ccr_fake_execution]: got plan for robotA: [1, 44, 45, 56, 55, 39, 53, 51, 32, 35, 10, 9]
[ccr_centralized_planner-3] [INFO] [1729085288.705199737] [ccr_centralized_planner]: Received state 1 from robotA
[ccr_centralized_planner-3] [INFO] [1729085289.676872025] [ccr_centralized_planner]: 
[ccr_centralized_planner-3] 
[ccr_centralized_planner-3]  did not replan 
[ccr_centralized_planner-3] 
[ccr_centralized_planner-3] [INFO] [1729085289.677497416] [ccr_centralized_planner]: Sent plan [1, 44, 45, 56, 55, 39, 53, 51, 32, 35, 10, 9] to robotA
[ccr_fake_execution-2] [INFO] [1729085289.677940585] [ccr_fake_execution]: got plan for robotA: [1, 44, 45, 56, 55, 39, 53, 51, 32, 35, 10, 9]
[ccr_fake_execution-2] [INFO] [1729085289.705128042] [ccr_fake_execution]: robotA: 1 -> 44
[ccr_centralized_planner-3] [INFO] [1729085289.705833332] [ccr_centralized_planner]: Received state 44 from robotA
[ccr_centralized_planner-3] [INFO] [1729085290.676965189] [ccr_centralized_planner]: 
[ccr_centralized_planner-3] 
[ccr_centralized_planner-3]  did not replan 
[ccr_centralized_planner-3] 
[ccr_centralized_planner-3] [INFO] [1729085290.677658346] [ccr_centralized_planner]: Sent plan [44, 45, 56, 55, 39, 53, 51, 32, 35, 10, 9] to robotA
[ccr_fake_execution-2] [INFO] [1729085290.678081448] [ccr_fake_execution]: got plan for robotA: [44, 45, 56, 55, 39, 53, 51, 32, 35, 10, 9]
[ccr_fake_execution-2] [INFO] [1729085290.705111000] [ccr_fake_execution]: robotA: 44 -> 45
[ccr_centralized_planner-3] [INFO] [1729085290.705875511] [ccr_centralized_planner]: Received state 45 from robotA
[ccr_centralized_planner-3] [INFO] [1729085291.676962853] [ccr_centralized_planner]: 
[ccr_centralized_planner-3] 
[ccr_centralized_planner-3]  did not replan 
[ccr_centralized_planner-3] 
[ccr_centralized_planner-3] [INFO] [1729085291.677640702] [ccr_centralized_planner]: Sent plan [45, 56, 55, 39, 53, 51, 32, 35, 10, 9] to robotA
[ccr_fake_execution-2] [INFO] [1729085291.678030872] [ccr_fake_execution]: got plan for robotA: [45, 56, 55, 39, 53, 51, 32, 35, 10, 9]
[ccr_centralized_planner-3] [INFO] [1729085291.705340558] [ccr_centralized_planner]: Received state 45 from robotA
[ccr_centralized_planner-3] [INFO] [1729085292.676937715] [ccr_centralized_planner]: 
[ccr_centralized_planner-3] 
[ccr_centralized_planner-3]  did not replan 
[ccr_centralized_planner-3] 
[ccr_centralized_planner-3] [INFO] [1729085292.677590857] [ccr_centralized_planner]: Sent plan [45, 56, 55, 39, 53, 51, 32, 35, 10, 9] to robotA
[ccr_fake_execution-2] [INFO] [1729085292.678136910] [ccr_fake_execution]: got plan for robotA: [45, 56, 55, 39, 53, 51, 32, 35, 10, 9]
[ccr_centralized_planner-3] [INFO] [1729085292.705404226] [ccr_centralized_planner]: Received state 45 from robotA
[ccr_centralized_planner-3] [INFO] [1729085293.676893150] [ccr_centralized_planner]: 
[ccr_centralized_planner-3] 
[ccr_centralized_planner-3]  did not replan 
[ccr_centralized_planner-3] 
[ccr_centralized_planner-3] [INFO] [1729085293.677509424] [ccr_centralized_planner]: Sent plan [45, 56, 55, 39, 53, 51, 32, 35, 10, 9] to robotA
[ccr_fake_execution-2] [INFO] [1729085293.678049966] [ccr_fake_execution]: got plan for robotA: [45, 56, 55, 39, 53, 51, 32, 35, 10, 9]
[ccr_centralized_planner-3] [INFO] [1729085293.705345926] [ccr_centralized_planner]: Received state 45 from robotA
[ccr_centralized_planner-3] [INFO] [1729085294.676897588] [ccr_centralized_planner]: 
[ccr_centralized_planner-3] 
[ccr_centralized_planner-3]  did not replan 
[ccr_centralized_planner-3] 
[ccr_centralized_planner-3] [INFO] [1729085294.677516747] [ccr_centralized_planner]: Sent plan [45, 56, 55, 39, 53, 51, 32, 35, 10, 9] to robotA
[ccr_fake_execution-2] [INFO] [1729085294.678029056] [ccr_fake_execution]: got plan for robotA: [45, 56, 55, 39, 53, 51, 32, 35, 10, 9]
[ccr_fake_execution-2] [INFO] [1729085294.705183952] [ccr_fake_execution]: robotA: 45 -> 56
[ccr_centralized_planner-3] [INFO] [1729085294.705910842] [ccr_centralized_planner]: Received state 56 from robotA
[ccr_centralized_planner-3] [INFO] [1729085295.676949684] [ccr_centralized_planner]: 
[ccr_centralized_planner-3] 
[ccr_centralized_planner-3]  did not replan 
[ccr_centralized_planner-3] 
[ccr_centralized_planner-3] [INFO] [1729085295.677592498] [ccr_centralized_planner]: Sent plan [56, 55, 39, 53, 51, 32, 35, 10, 9] to robotA
[ccr_fake_execution-2] [INFO] [1729085295.677884685] [ccr_fake_execution]: got plan for robotA: [56, 55, 39, 53, 51, 32, 35, 10, 9]
[ccr_fake_execution-2] [INFO] [1729085295.705296451] [ccr_fake_execution]: robotA: 56 -> 55
[ccr_centralized_planner-3] [INFO] [1729085295.706027570] [ccr_centralized_planner]: Received state 55 from robotA
[ccr_centralized_planner-3] [INFO] [1729085296.676863411] [ccr_centralized_planner]: 
[ccr_centralized_planner-3] 
[ccr_centralized_planner-3]  did not replan 
[ccr_centralized_planner-3] 
[ccr_centralized_planner-3] [INFO] [1729085296.677465098] [ccr_centralized_planner]: Sent plan [55, 39, 53, 51, 32, 35, 10, 9] to robotA
[ccr_fake_execution-2] [INFO] [1729085296.677963631] [ccr_fake_execution]: got plan for robotA: [55, 39, 53, 51, 32, 35, 10, 9]
[ccr_centralized_planner-3] [INFO] [1729085296.705406757] [ccr_centralized_planner]: Received state 55 from robotA
[ccr_centralized_planner-3] [INFO] [1729085297.676865795] [ccr_centralized_planner]: 
[ccr_centralized_planner-3] 
[ccr_centralized_planner-3]  did not replan 
[ccr_centralized_planner-3] 
[ccr_centralized_planner-3] [INFO] [1729085297.677467251] [ccr_centralized_planner]: Sent plan [55, 39, 53, 51, 32, 35, 10, 9] to robotA
[ccr_fake_execution-2] [INFO] [1729085297.677889802] [ccr_fake_execution]: got plan for robotA: [55, 39, 53, 51, 32, 35, 10, 9]
[ccr_fake_execution-2] [INFO] [1729085297.705178308] [ccr_fake_execution]: robotA: 55 -> 39
[ccr_centralized_planner-3] [INFO] [1729085297.705938110] [ccr_centralized_planner]: Received state 39 from robotA
[ccr_centralized_planner-3] [INFO] [1729085298.676874390] [ccr_centralized_planner]: 
[ccr_centralized_planner-3] 
[ccr_centralized_planner-3]  did not replan 
[ccr_centralized_planner-3] 
[ccr_centralized_planner-3] [INFO] [1729085298.677499951] [ccr_centralized_planner]: Sent plan [39, 53, 51, 32, 35, 10, 9] to robotA
[ccr_fake_execution-2] [INFO] [1729085298.677992082] [ccr_fake_execution]: got plan for robotA: [39, 53, 51, 32, 35, 10, 9]
[ccr_centralized_planner-3] [INFO] [1729085298.705336934] [ccr_centralized_planner]: Received state 39 from robotA
[ccr_centralized_planner-3] [INFO] [1729085299.676867686] [ccr_centralized_planner]: 
[ccr_centralized_planner-3] 
[ccr_centralized_planner-3]  did not replan 
[ccr_centralized_planner-3] 
[ccr_centralized_planner-3] [INFO] [1729085299.677504669] [ccr_centralized_planner]: Sent plan [39, 53, 51, 32, 35, 10, 9] to robotA
[ccr_fake_execution-2] [INFO] [1729085299.677905600] [ccr_fake_execution]: got plan for robotA: [39, 53, 51, 32, 35, 10, 9]
[ccr_centralized_planner-3] [INFO] [1729085299.705367450] [ccr_centralized_planner]: Received state 39 from robotA
[ccr_centralized_planner-3] [INFO] [1729085300.676848960] [ccr_centralized_planner]: 
[ccr_centralized_planner-3] 
[ccr_centralized_planner-3]  did not replan 
[ccr_centralized_planner-3] 
[ccr_centralized_planner-3] [INFO] [1729085300.677459423] [ccr_centralized_planner]: Sent plan [39, 53, 51, 32, 35, 10, 9] to robotA
[ccr_fake_execution-2] [INFO] [1729085300.677856917] [ccr_fake_execution]: got plan for robotA: [39, 53, 51, 32, 35, 10, 9]
[ccr_fake_execution-2] [INFO] [1729085300.705272140] [ccr_fake_execution]: robotA: 39 -> 53
[ccr_centralized_planner-3] [INFO] [1729085300.706053473] [ccr_centralized_planner]: Received state 53 from robotA
[ccr_centralized_planner-3] [INFO] [1729085301.676856092] [ccr_centralized_planner]: 
[ccr_centralized_planner-3] 
[ccr_centralized_planner-3]  did not replan 
[ccr_centralized_planner-3] 
[ccr_centralized_planner-3] [INFO] [1729085301.677500058] [ccr_centralized_planner]: Sent plan [53, 51, 32, 35, 10, 9] to robotA
[ccr_fake_execution-2] [INFO] [1729085301.677884367] [ccr_fake_execution]: got plan for robotA: [53, 51, 32, 35, 10, 9]
[ccr_fake_execution-2] [INFO] [1729085301.705155310] [ccr_fake_execution]: robotA: 53 -> 51
[ccr_centralized_planner-3] [INFO] [1729085301.705965838] [ccr_centralized_planner]: Received state 51 from robotA
[ccr_centralized_planner-3] [INFO] [1729085302.676859358] [ccr_centralized_planner]: 
[ccr_centralized_planner-3] 
[ccr_centralized_planner-3]  did not replan 
[ccr_centralized_planner-3] 
[ccr_centralized_planner-3] [INFO] [1729085302.677492944] [ccr_centralized_planner]: Sent plan [51, 32, 35, 10, 9] to robotA
[ccr_fake_execution-2] [INFO] [1729085302.677759984] [ccr_fake_execution]: got plan for robotA: [51, 32, 35, 10, 9]
[ccr_fake_execution-2] [INFO] [1729085302.705166180] [ccr_fake_execution]: robotA: 51 -> 32
[ccr_centralized_planner-3] [INFO] [1729085302.705907388] [ccr_centralized_planner]: Received state 32 from robotA
[ccr_centralized_planner-3] [INFO] [1729085303.676866189] [ccr_centralized_planner]: 
[ccr_centralized_planner-3] 
[ccr_centralized_planner-3]  did not replan 
[ccr_centralized_planner-3] 
[ccr_centralized_planner-3] [INFO] [1729085303.677522358] [ccr_centralized_planner]: Sent plan [32, 35, 10, 9] to robotA
[ccr_fake_execution-2] [INFO] [1729085303.677877062] [ccr_fake_execution]: got plan for robotA: [32, 35, 10, 9]
[ccr_centralized_planner-3] [INFO] [1729085303.705322221] [ccr_centralized_planner]: Received state 32 from robotA
[ccr_centralized_planner-3] [INFO] [1729085304.676851401] [ccr_centralized_planner]: 
[ccr_centralized_planner-3] 
[ccr_centralized_planner-3]  did not replan 
[ccr_centralized_planner-3] 
[ccr_centralized_planner-3] [INFO] [1729085304.677512989] [ccr_centralized_planner]: Sent plan [32, 35, 10, 9] to robotA
[ccr_fake_execution-2] [INFO] [1729085304.677908039] [ccr_fake_execution]: got plan for robotA: [32, 35, 10, 9]
[ccr_fake_execution-2] [INFO] [1729085304.705148124] [ccr_fake_execution]: robotA: 32 -> 35
[ccr_centralized_planner-3] [INFO] [1729085304.705880525] [ccr_centralized_planner]: Received state 35 from robotA
[ccr_centralized_planner-3] [INFO] [1729085305.676852660] [ccr_centralized_planner]: 
[ccr_centralized_planner-3] 
[ccr_centralized_planner-3]  did not replan 
[ccr_centralized_planner-3] 
[ccr_centralized_planner-3] [INFO] [1729085305.677459786] [ccr_centralized_planner]: Sent plan [35, 10, 9] to robotA
[ccr_fake_execution-2] [INFO] [1729085305.677873170] [ccr_fake_execution]: got plan for robotA: [35, 10, 9]
[ccr_centralized_planner-3] [INFO] [1729085305.705388214] [ccr_centralized_planner]: Received state 35 from robotA
[ccr_centralized_planner-3] [INFO] [1729085306.676837496] [ccr_centralized_planner]: 
[ccr_centralized_planner-3] 
[ccr_centralized_planner-3]  did not replan 
[ccr_centralized_planner-3] 
[ccr_centralized_planner-3] [INFO] [1729085306.677432991] [ccr_centralized_planner]: Sent plan [35, 10, 9] to robotA
[ccr_fake_execution-2] [INFO] [1729085306.677874127] [ccr_fake_execution]: got plan for robotA: [35, 10, 9]
[ccr_fake_execution-2] [INFO] [1729085306.705230744] [ccr_fake_execution]: robotA: 35 -> 10
[ccr_centralized_planner-3] [INFO] [1729085306.705931676] [ccr_centralized_planner]: Received state 10 from robotA
[ccr_centralized_planner-3] [INFO] [1729085307.676848773] [ccr_centralized_planner]: 
[ccr_centralized_planner-3] 
[ccr_centralized_planner-3]  did not replan 
[ccr_centralized_planner-3] 
[ccr_centralized_planner-3] [INFO] [1729085307.677461610] [ccr_centralized_planner]: Sent plan [10, 9] to robotA
[ccr_fake_execution-2] [INFO] [1729085307.678019264] [ccr_fake_execution]: got plan for robotA: [10, 9]
[ccr_fake_execution-2] [INFO] [1729085307.705163353] [ccr_fake_execution]: robotA: 10 -> 9
[ccr_centralized_planner-3] [INFO] [1729085307.705865928] [ccr_centralized_planner]: Received state 9 from robotA
[ccr_goal_provider-1] [INFO] [1729085307.706024896] [ccr_goal_provider]: [32mgoal completed:[0m robotA reached goal 9, going to goal 1 within state 1
[ccr_centralized_planner-3] [INFO] [1729085307.782947550] [ccr_centralized_planner]: Received goal 1 from robotA
[ccr_centralized_planner-3] [INFO] [1729085308.676849900] [ccr_centralized_planner]: 
[ccr_centralized_planner-3] 
[ccr_centralized_planner-3]  replaned due to new goal
[ccr_centralized_planner-3] 
[ccr_centralized_planner-3] [INFO] [1729085308.697763985] [ccr_centralized_planner]: Sent plan [9, 11, 35, 50, 51, 53, 39, 55, 56, 57, 5, 1] to robotA
[ccr_fake_execution-2] [INFO] [1729085308.698373887] [ccr_fake_execution]: got plan for robotA: [9, 11, 35, 50, 51, 53, 39, 55, 56, 57, 5, 1]
[ccr_fake_execution-2] [INFO] [1729085308.705118604] [ccr_fake_execution]: robotA: 9 -> 11
[ccr_centralized_planner-3] [INFO] [1729085308.705844203] [ccr_centralized_planner]: Received state 11 from robotA
[ccr_centralized_planner-3] [INFO] [1729085309.676870473] [ccr_centralized_planner]: 
[ccr_centralized_planner-3] 
[ccr_centralized_planner-3]  did not replan 
[ccr_centralized_planner-3] 
[ccr_centralized_planner-3] [INFO] [1729085309.677521182] [ccr_centralized_planner]: Sent plan [11, 35, 50, 51, 53, 39, 55, 56, 57, 5, 1] to robotA
[ccr_fake_execution-2] [INFO] [1729085309.677957138] [ccr_fake_execution]: got plan for robotA: [11, 35, 50, 51, 53, 39, 55, 56, 57, 5, 1]
[ccr_fake_execution-2] [INFO] [1729085309.705170537] [ccr_fake_execution]: robotA: 11 -> 35
[ccr_centralized_planner-3] [INFO] [1729085309.705885716] [ccr_centralized_planner]: Received state 35 from robotA
[ccr_centralized_planner-3] [INFO] [1729085310.676843568] [ccr_centralized_planner]: 
[ccr_centralized_planner-3] 
[ccr_centralized_planner-3]  did not replan 
[ccr_centralized_planner-3] 
[ccr_centralized_planner-3] [INFO] [1729085310.677461956] [ccr_centralized_planner]: Sent plan [35, 50, 51, 53, 39, 55, 56, 57, 5, 1] to robotA
[ccr_fake_execution-2] [INFO] [1729085310.677955129] [ccr_fake_execution]: got plan for robotA: [35, 50, 51, 53, 39, 55, 56, 57, 5, 1]
[ccr_centralized_planner-3] [INFO] [1729085310.705328918] [ccr_centralized_planner]: Received state 35 from robotA
[ccr_centralized_planner-3] [INFO] [1729085311.676863280] [ccr_centralized_planner]: 
[ccr_centralized_planner-3] 
[ccr_centralized_planner-3]  did not replan 
[ccr_centralized_planner-3] 
[ccr_centralized_planner-3] [INFO] [1729085311.677484012] [ccr_centralized_planner]: Sent plan [35, 50, 51, 53, 39, 55, 56, 57, 5, 1] to robotA
[ccr_fake_execution-2] [INFO] [1729085311.677823678] [ccr_fake_execution]: got plan for robotA: [35, 50, 51, 53, 39, 55, 56, 57, 5, 1]
[ccr_fake_execution-2] [INFO] [1729085311.705124290] [ccr_fake_execution]: robotA: 35 -> 50
[ccr_centralized_planner-3] [INFO] [1729085311.705841703] [ccr_centralized_planner]: Received state 50 from robotA
[ccr_centralized_planner-3] [INFO] [1729085312.676837467] [ccr_centralized_planner]: 
[ccr_centralized_planner-3] 
[ccr_centralized_planner-3]  did not replan 
[ccr_centralized_planner-3] 
[ccr_centralized_planner-3] [INFO] [1729085312.677453931] [ccr_centralized_planner]: Sent plan [50, 51, 53, 39, 55, 56, 57, 5, 1] to robotA
[ccr_fake_execution-2] [INFO] [1729085312.677860292] [ccr_fake_execution]: got plan for robotA: [50, 51, 53, 39, 55, 56, 57, 5, 1]
[ccr_centralized_planner-3] [INFO] [1729085312.705302299] [ccr_centralized_planner]: Received state 50 from robotA
[ccr_centralized_planner-3] [INFO] [1729085313.676848152] [ccr_centralized_planner]: 
[ccr_centralized_planner-3] 
[ccr_centralized_planner-3]  did not replan 
[ccr_centralized_planner-3] 
[ccr_centralized_planner-3] [INFO] [1729085313.677453014] [ccr_centralized_planner]: Sent plan [50, 51, 53, 39, 55, 56, 57, 5, 1] to robotA
[ccr_fake_execution-2] [INFO] [1729085313.677826964] [ccr_fake_execution]: got plan for robotA: [50, 51, 53, 39, 55, 56, 57, 5, 1]
[ccr_fake_execution-2] [INFO] [1729085313.705197768] [ccr_fake_execution]: robotA: 50 -> 51
[ccr_centralized_planner-3] [INFO] [1729085313.705881007] [ccr_centralized_planner]: Received state 51 from robotA
[ccr_centralized_planner-3] [INFO] [1729085314.676831105] [ccr_centralized_planner]: 
[ccr_centralized_planner-3] 
[ccr_centralized_planner-3]  did not replan 
[ccr_centralized_planner-3] 
[ccr_centralized_planner-3] [INFO] [1729085314.677433814] [ccr_centralized_planner]: Sent plan [51, 53, 39, 55, 56, 57, 5, 1] to robotA
[ccr_fake_execution-2] [INFO] [1729085314.677773850] [ccr_fake_execution]: got plan for robotA: [51, 53, 39, 55, 56, 57, 5, 1]
[ccr_centralized_planner-3] [INFO] [1729085314.705289755] [ccr_centralized_planner]: Received state 51 from robotA
[ccr_centralized_planner-3] [INFO] [1729085315.676851208] [ccr_centralized_planner]: 
[ccr_centralized_planner-3] 
[ccr_centralized_planner-3]  did not replan 
[ccr_centralized_planner-3] 
[ccr_centralized_planner-3] [INFO] [1729085315.677493711] [ccr_centralized_planner]: Sent plan [51, 53, 39, 55, 56, 57, 5, 1] to robotA
[ccr_fake_execution-2] [INFO] [1729085315.677833276] [ccr_fake_execution]: got plan for robotA: [51, 53, 39, 55, 56, 57, 5, 1]
[ccr_fake_execution-2] [INFO] [1729085315.705184684] [ccr_fake_execution]: robotA: 51 -> 53
[ccr_centralized_planner-3] [INFO] [1729085315.705937213] [ccr_centralized_planner]: Received state 53 from robotA
[ccr_centralized_planner-3] [INFO] [1729085316.676872162] [ccr_centralized_planner]: 
[ccr_centralized_planner-3] 
[ccr_centralized_planner-3]  did not replan 
[ccr_centralized_planner-3] 
[ccr_centralized_planner-3] [INFO] [1729085316.677497383] [ccr_centralized_planner]: Sent plan [53, 39, 55, 56, 57, 5, 1] to robotA
[ccr_fake_execution-2] [INFO] [1729085316.677864710] [ccr_fake_execution]: got plan for robotA: [53, 39, 55, 56, 57, 5, 1]
[ccr_centralized_planner-3] [INFO] [1729085316.705315935] [ccr_centralized_planner]: Received state 53 from robotA
[ccr_centralized_planner-3] [INFO] [1729085317.676856057] [ccr_centralized_planner]: 
[ccr_centralized_planner-3] 
[ccr_centralized_planner-3]  did not replan 
[ccr_centralized_planner-3] 
[ccr_centralized_planner-3] [INFO] [1729085317.677456211] [ccr_centralized_planner]: Sent plan [53, 39, 55, 56, 57, 5, 1] to robotA
[ccr_fake_execution-2] [INFO] [1729085317.677841953] [ccr_fake_execution]: got plan for robotA: [53, 39, 55, 56, 57, 5, 1]
[ccr_centralized_planner-3] [INFO] [1729085317.705318645] [ccr_centralized_planner]: Received state 53 from robotA
[ccr_centralized_planner-3] [INFO] [1729085318.676855732] [ccr_centralized_planner]: 
[ccr_centralized_planner-3] 
[ccr_centralized_planner-3]  did not replan 
[ccr_centralized_planner-3] 
[ccr_centralized_planner-3] [INFO] [1729085318.677456156] [ccr_centralized_planner]: Sent plan [53, 39, 55, 56, 57, 5, 1] to robotA
[ccr_fake_execution-2] [INFO] [1729085318.677831158] [ccr_fake_execution]: got plan for robotA: [53, 39, 55, 56, 57, 5, 1]
[ccr_fake_execution-2] [INFO] [1729085318.705129766] [ccr_fake_execution]: robotA: 53 -> 39
[ccr_centralized_planner-3] [INFO] [1729085318.705832322] [ccr_centralized_planner]: Received state 39 from robotA
[ccr_centralized_planner-3] [INFO] [1729085319.676859093] [ccr_centralized_planner]: 
[ccr_centralized_planner-3] 
[ccr_centralized_planner-3]  did not replan 
[ccr_centralized_planner-3] 
[ccr_centralized_planner-3] [INFO] [1729085319.677461822] [ccr_centralized_planner]: Sent plan [39, 55, 56, 57, 5, 1] to robotA
[ccr_fake_execution-2] [INFO] [1729085319.677878782] [ccr_fake_execution]: got plan for robotA: [39, 55, 56, 57, 5, 1]
[ccr_fake_execution-2] [INFO] [1729085319.705197368] [ccr_fake_execution]: robotA: 39 -> 55
[ccr_centralized_planner-3] [INFO] [1729085319.705922706] [ccr_centralized_planner]: Received state 55 from robotA
[ccr_centralized_planner-3] [INFO] [1729085320.676868897] [ccr_centralized_planner]: 
[ccr_centralized_planner-3] 
[ccr_centralized_planner-3]  did not replan 
[ccr_centralized_planner-3] 
[ccr_centralized_planner-3] [INFO] [1729085320.677475302] [ccr_centralized_planner]: Sent plan [55, 56, 57, 5, 1] to robotA
[ccr_fake_execution-2] [INFO] [1729085320.677907240] [ccr_fake_execution]: got plan for robotA: [55, 56, 57, 5, 1]
[ccr_fake_execution-2] [INFO] [1729085320.705152519] [ccr_fake_execution]: robotA: 55 -> 56
[ccr_centralized_planner-3] [INFO] [1729085320.705906721] [ccr_centralized_planner]: Received state 56 from robotA
[ccr_centralized_planner-3] [INFO] [1729085321.676852371] [ccr_centralized_planner]: 
[ccr_centralized_planner-3] 
[ccr_centralized_planner-3]  did not replan 
[ccr_centralized_planner-3] 
[ccr_centralized_planner-3] [INFO] [1729085321.677446172] [ccr_centralized_planner]: Sent plan [56, 57, 5, 1] to robotA
[ccr_fake_execution-2] [INFO] [1729085321.677844849] [ccr_fake_execution]: got plan for robotA: [56, 57, 5, 1]
[ccr_fake_execution-2] [INFO] [1729085321.705152734] [ccr_fake_execution]: robotA: 56 -> 57
[ccr_centralized_planner-3] [INFO] [1729085321.705873294] [ccr_centralized_planner]: Received state 57 from robotA
[ccr_centralized_planner-3] [INFO] [1729085322.676856854] [ccr_centralized_planner]: 
[ccr_centralized_planner-3] 
[ccr_centralized_planner-3]  did not replan 
[ccr_centralized_planner-3] 
[ccr_centralized_planner-3] [INFO] [1729085322.677464762] [ccr_centralized_planner]: Sent plan [57, 5, 1] to robotA
[ccr_fake_execution-2] [INFO] [1729085322.677878777] [ccr_fake_execution]: got plan for robotA: [57, 5, 1]
[ccr_fake_execution-2] [INFO] [1729085322.705147860] [ccr_fake_execution]: robotA: 57 -> 5
[ccr_centralized_planner-3] [INFO] [1729085322.705863130] [ccr_centralized_planner]: Received state 5 from robotA
[ccr_centralized_planner-3] [INFO] [1729085323.676860256] [ccr_centralized_planner]: 
[ccr_centralized_planner-3] 
[ccr_centralized_planner-3]  did not replan 
[ccr_centralized_planner-3] 
[ccr_centralized_planner-3] [INFO] [1729085323.677459818] [ccr_centralized_planner]: Sent plan [5, 1] to robotA
[ccr_fake_execution-2] [INFO] [1729085323.677880676] [ccr_fake_execution]: got plan for robotA: [5, 1]
[ccr_centralized_planner-3] [INFO] [1729085323.705355264] [ccr_centralized_planner]: Received state 5 from robotA
[ccr_centralized_planner-3] [INFO] [1729085324.676861964] [ccr_centralized_planner]: 
[ccr_centralized_planner-3] 
[ccr_centralized_planner-3]  did not replan 
[ccr_centralized_planner-3] 
[ccr_centralized_planner-3] [INFO] [1729085324.677465584] [ccr_centralized_planner]: Sent plan [5, 1] to robotA
[ccr_fake_execution-2] [INFO] [1729085324.677877064] [ccr_fake_execution]: got plan for robotA: [5, 1]
[ccr_centralized_planner-3] [INFO] [1729085324.705338788] [ccr_centralized_planner]: Received state 5 from robotA
[ccr_centralized_planner-3] [INFO] [1729085325.676860197] [ccr_centralized_planner]: 
[ccr_centralized_planner-3] 
[ccr_centralized_planner-3]  did not replan 
[ccr_centralized_planner-3] 
[ccr_centralized_planner-3] [INFO] [1729085325.677459248] [ccr_centralized_planner]: Sent plan [5, 1] to robotA
[ccr_fake_execution-2] [INFO] [1729085325.677922165] [ccr_fake_execution]: got plan for robotA: [5, 1]
[ccr_centralized_planner-3] [INFO] [1729085325.705331741] [ccr_centralized_planner]: Received state 5 from robotA
[ccr_centralized_planner-3] [INFO] [1729085326.676884407] [ccr_centralized_planner]: 
[ccr_centralized_planner-3] 
[ccr_centralized_planner-3]  did not replan 
[ccr_centralized_planner-3] 
[ccr_centralized_planner-3] [INFO] [1729085326.677504689] [ccr_centralized_planner]: Sent plan [5, 1] to robotA
[ccr_fake_execution-2] [INFO] [1729085326.678091898] [ccr_fake_execution]: got plan for robotA: [5, 1]
[ccr_fake_execution-2] [INFO] [1729085326.705241808] [ccr_fake_execution]: robotA: 5 -> 1
[ccr_centralized_planner-3] [INFO] [1729085326.705986312] [ccr_centralized_planner]: Received state 1 from robotA
[ccr_goal_provider-1] [INFO] [1729085326.706211213] [ccr_goal_provider]: [32mgoal completed:[0m robotA reached goal 1, going to goal 0 within state 9
[ccr_centralized_planner-3] [INFO] [1729085326.782919836] [ccr_centralized_planner]: Received goal 9 from robotA
[ccr_centralized_planner-3] [INFO] [1729085327.676853494] [ccr_centralized_planner]: 
[ccr_centralized_planner-3] 
[ccr_centralized_planner-3]  replaned due to new goal
[ccr_centralized_planner-3] 
[ccr_centralized_planner-3] [INFO] [1729085327.698116873] [ccr_centralized_planner]: Sent plan [1, 44, 45, 56, 55, 39, 53, 51, 32, 35, 10, 9] to robotA
[ccr_fake_execution-2] [INFO] [1729085327.698850136] [ccr_fake_execution]: got plan for robotA: [1, 44, 45, 56, 55, 39, 53, 51, 32, 35, 10, 9]
[ccr_centralized_planner-3] [INFO] [1729085327.705135153] [ccr_centralized_planner]: Received state 1 from robotA
[ccr_centralized_planner-3] [INFO] [1729085328.676864781] [ccr_centralized_planner]: 
[ccr_centralized_planner-3] 
[ccr_centralized_planner-3]  did not replan 
[ccr_centralized_planner-3] 
[ccr_centralized_planner-3] [INFO] [1729085328.677478600] [ccr_centralized_planner]: Sent plan [1, 44, 45, 56, 55, 39, 53, 51, 32, 35, 10, 9] to robotA
[ccr_fake_execution-2] [INFO] [1729085328.677977564] [ccr_fake_execution]: got plan for robotA: [1, 44, 45, 56, 55, 39, 53, 51, 32, 35, 10, 9]
[ccr_centralized_planner-3] [INFO] [1729085328.705228563] [ccr_centralized_planner]: Received state 1 from robotA
[ccr_centralized_planner-3] [INFO] [1729085329.676866249] [ccr_centralized_planner]: 
[ccr_centralized_planner-3] 
[ccr_centralized_planner-3]  did not replan 
[ccr_centralized_planner-3] 
[ccr_centralized_planner-3] [INFO] [1729085329.677476351] [ccr_centralized_planner]: Sent plan [1, 44, 45, 56, 55, 39, 53, 51, 32, 35, 10, 9] to robotA
[ccr_fake_execution-2] [INFO] [1729085329.677909512] [ccr_fake_execution]: got plan for robotA: [1, 44, 45, 56, 55, 39, 53, 51, 32, 35, 10, 9]
[ccr_fake_execution-2] [INFO] [1729085329.705242685] [ccr_fake_execution]: robotA: 1 -> 44
[ccr_centralized_planner-3] [INFO] [1729085329.705989162] [ccr_centralized_planner]: Received state 44 from robotA
[ccr_centralized_planner-3] [INFO] [1729085330.676861675] [ccr_centralized_planner]: 
[ccr_centralized_planner-3] 
[ccr_centralized_planner-3]  did not replan 
[ccr_centralized_planner-3] 
[ccr_centralized_planner-3] [INFO] [1729085330.677465816] [ccr_centralized_planner]: Sent plan [44, 45, 56, 55, 39, 53, 51, 32, 35, 10, 9] to robotA
[ccr_fake_execution-2] [INFO] [1729085330.677937069] [ccr_fake_execution]: got plan for robotA: [44, 45, 56, 55, 39, 53, 51, 32, 35, 10, 9]
[ccr_fake_execution-2] [INFO] [1729085330.705167228] [ccr_fake_execution]: robotA: 44 -> 45
[ccr_centralized_planner-3] [INFO] [1729085330.705896814] [ccr_centralized_planner]: Received state 45 from robotA
[ccr_centralized_planner-3] [INFO] [1729085331.676851421] [ccr_centralized_planner]: 
[ccr_centralized_planner-3] 
[ccr_centralized_planner-3]  did not replan 
[ccr_centralized_planner-3] 
[ccr_centralized_planner-3] [INFO] [1729085331.677456965] [ccr_centralized_planner]: Sent plan [45, 56, 55, 39, 53, 51, 32, 35, 10, 9] to robotA
[ccr_fake_execution-2] [INFO] [1729085331.677919220] [ccr_fake_execution]: got plan for robotA: [45, 56, 55, 39, 53, 51, 32, 35, 10, 9]
[ccr_centralized_planner-3] [INFO] [1729085331.705375493] [ccr_centralized_planner]: Received state 45 from robotA
[ccr_centralized_planner-3] [INFO] [1729085332.676883576] [ccr_centralized_planner]: 
[ccr_centralized_planner-3] 
[ccr_centralized_planner-3]  did not replan 
[ccr_centralized_planner-3] 
[ccr_centralized_planner-3] [INFO] [1729085332.677521952] [ccr_centralized_planner]: Sent plan [45, 56, 55, 39, 53, 51, 32, 35, 10, 9] to robotA
[ccr_fake_execution-2] [INFO] [1729085332.677932981] [ccr_fake_execution]: got plan for robotA: [45, 56, 55, 39, 53, 51, 32, 35, 10, 9]
[ccr_centralized_planner-3] [INFO] [1729085332.705390477] [ccr_centralized_planner]: Received state 45 from robotA
[ccr_centralized_planner-3] [INFO] [1729085333.676864636] [ccr_centralized_planner]: 
[ccr_centralized_planner-3] 
[ccr_centralized_planner-3]  did not replan 
[ccr_centralized_planner-3] 
[ccr_centralized_planner-3] [INFO] [1729085333.677482362] [ccr_centralized_planner]: Sent plan [45, 56, 55, 39, 53, 51, 32, 35, 10, 9] to robotA
[ccr_fake_execution-2] [INFO] [1729085333.678116159] [ccr_fake_execution]: got plan for robotA: [45, 56, 55, 39, 53, 51, 32, 35, 10, 9]
[ccr_centralized_planner-3] [INFO] [1729085333.705330730] [ccr_centralized_planner]: Received state 45 from robotA
[ccr_centralized_planner-3] [INFO] [1729085334.676874540] [ccr_centralized_planner]: 
[ccr_centralized_planner-3] 
[ccr_centralized_planner-3]  did not replan 
[ccr_centralized_planner-3] 
[ccr_centralized_planner-3] [INFO] [1729085334.677489230] [ccr_centralized_planner]: Sent plan [45, 56, 55, 39, 53, 51, 32, 35, 10, 9] to robotA
[ccr_fake_execution-2] [INFO] [1729085334.677915138] [ccr_fake_execution]: got plan for robotA: [45, 56, 55, 39, 53, 51, 32, 35, 10, 9]
[ccr_fake_execution-2] [INFO] [1729085334.705172298] [ccr_fake_execution]: robotA: 45 -> 56
[ccr_centralized_planner-3] [INFO] [1729085334.705893288] [ccr_centralized_planner]: Received state 56 from robotA
[ccr_centralized_planner-3] [INFO] [1729085335.676877300] [ccr_centralized_planner]: 
[ccr_centralized_planner-3] 
[ccr_centralized_planner-3]  did not replan 
[ccr_centralized_planner-3] 
[ccr_centralized_planner-3] [INFO] [1729085335.677511858] [ccr_centralized_planner]: Sent plan [56, 55, 39, 53, 51, 32, 35, 10, 9] to robotA
[ccr_fake_execution-2] [INFO] [1729085335.677985454] [ccr_fake_execution]: got plan for robotA: [56, 55, 39, 53, 51, 32, 35, 10, 9]
[ccr_fake_execution-2] [INFO] [1729085335.705207389] [ccr_fake_execution]: robotA: 56 -> 55
[ccr_centralized_planner-3] [INFO] [1729085335.705930042] [ccr_centralized_planner]: Received state 55 from robotA
[ccr_centralized_planner-3] [INFO] [1729085336.676896902] [ccr_centralized_planner]: 
[ccr_centralized_planner-3] 
[ccr_centralized_planner-3]  did not replan 
[ccr_centralized_planner-3] 
[ccr_centralized_planner-3] [INFO] [1729085336.677528153] [ccr_centralized_planner]: Sent plan [55, 39, 53, 51, 32, 35, 10, 9] to robotA
[ccr_fake_execution-2] [INFO] [1729085336.678011668] [ccr_fake_execution]: got plan for robotA: [55, 39, 53, 51, 32, 35, 10, 9]
[ccr_fake_execution-2] [INFO] [1729085336.705203297] [ccr_fake_execution]: robotA: 55 -> 39
[ccr_centralized_planner-3] [INFO] [1729085336.705995400] [ccr_centralized_planner]: Received state 39 from robotA
[ccr_centralized_planner-3] [INFO] [1729085337.676911193] [ccr_centralized_planner]: 
[ccr_centralized_planner-3] 
[ccr_centralized_planner-3]  did not replan 
[ccr_centralized_planner-3] 
[ccr_centralized_planner-3] [INFO] [1729085337.677556582] [ccr_centralized_planner]: Sent plan [39, 53, 51, 32, 35, 10, 9] to robotA
[ccr_fake_execution-2] [INFO] [1729085337.677944748] [ccr_fake_execution]: got plan for robotA: [39, 53, 51, 32, 35, 10, 9]
[ccr_fake_execution-2] [INFO] [1729085337.705201258] [ccr_fake_execution]: robotA: 39 -> 53
[ccr_centralized_planner-3] [INFO] [1729085337.705929561] [ccr_centralized_planner]: Received state 53 from robotA
[ccr_centralized_planner-3] [INFO] [1729085338.676895028] [ccr_centralized_planner]: 
[ccr_centralized_planner-3] 
[ccr_centralized_planner-3]  did not replan 
[ccr_centralized_planner-3] 
[ccr_centralized_planner-3] [INFO] [1729085338.677544254] [ccr_centralized_planner]: Sent plan [53, 51, 32, 35, 10, 9] to robotA
[ccr_fake_execution-2] [INFO] [1729085338.677910379] [ccr_fake_execution]: got plan for robotA: [53, 51, 32, 35, 10, 9]
[ccr_fake_execution-2] [INFO] [1729085338.705190894] [ccr_fake_execution]: robotA: 53 -> 51
[ccr_centralized_planner-3] [INFO] [1729085338.705918806] [ccr_centralized_planner]: Received state 51 from robotA
[ccr_centralized_planner-3] [INFO] [1729085339.676963351] [ccr_centralized_planner]: 
[ccr_centralized_planner-3] 
[ccr_centralized_planner-3]  did not replan 
[ccr_centralized_planner-3] 
[ccr_centralized_planner-3] [INFO] [1729085339.677684601] [ccr_centralized_planner]: Sent plan [51, 32, 35, 10, 9] to robotA
[ccr_fake_execution-2] [INFO] [1729085339.678113815] [ccr_fake_execution]: got plan for robotA: [51, 32, 35, 10, 9]
[ccr_centralized_planner-3] [INFO] [1729085339.705459041] [ccr_centralized_planner]: Received state 51 from robotA
[ccr_centralized_planner-3] [INFO] [1729085340.676905929] [ccr_centralized_planner]: 
[ccr_centralized_planner-3] 
[ccr_centralized_planner-3]  did not replan 
[ccr_centralized_planner-3] 
[ccr_centralized_planner-3] [INFO] [1729085340.677600649] [ccr_centralized_planner]: Sent plan [51, 32, 35, 10, 9] to robotA
[ccr_fake_execution-2] [INFO] [1729085340.678295921] [ccr_fake_execution]: got plan for robotA: [51, 32, 35, 10, 9]
[ccr_fake_execution-2] [INFO] [1729085340.705160387] [ccr_fake_execution]: robotA: 51 -> 32
[ccr_centralized_planner-3] [INFO] [1729085340.705893479] [ccr_centralized_planner]: Received state 32 from robotA
[ccr_centralized_planner-3] [INFO] [1729085341.676869225] [ccr_centralized_planner]: 
[ccr_centralized_planner-3] 
[ccr_centralized_planner-3]  did not replan 
[ccr_centralized_planner-3] 
[ccr_centralized_planner-3] [INFO] [1729085341.677526526] [ccr_centralized_planner]: Sent plan [32, 35, 10, 9] to robotA
[ccr_fake_execution-2] [INFO] [1729085341.677859399] [ccr_fake_execution]: got plan for robotA: [32, 35, 10, 9]
[ccr_fake_execution-2] [INFO] [1729085341.705227898] [ccr_fake_execution]: robotA: 32 -> 35
[ccr_centralized_planner-3] [INFO] [1729085341.705978964] [ccr_centralized_planner]: Received state 35 from robotA
[ccr_centralized_planner-3] [INFO] [1729085342.676851547] [ccr_centralized_planner]: 
[ccr_centralized_planner-3] 
[ccr_centralized_planner-3]  did not replan 
[ccr_centralized_planner-3] 
[ccr_centralized_planner-3] [INFO] [1729085342.677477719] [ccr_centralized_planner]: Sent plan [35, 10, 9] to robotA
[ccr_fake_execution-2] [INFO] [1729085342.677846770] [ccr_fake_execution]: got plan for robotA: [35, 10, 9]
[ccr_centralized_planner-3] [INFO] [1729085342.705353919] [ccr_centralized_planner]: Received state 35 from robotA
[ccr_centralized_planner-3] [INFO] [1729085343.677249157] [ccr_centralized_planner]: 
[ccr_centralized_planner-3] 
[ccr_centralized_planner-3]  did not replan 
[ccr_centralized_planner-3] 
[ccr_fake_execution-2] [INFO] [1729085343.678394130] [ccr_fake_execution]: got plan for robotA: [35, 10, 9]
[ccr_centralized_planner-3] [INFO] [1729085343.678442130] [ccr_centralized_planner]: Sent plan [35, 10, 9] to robotA
[ccr_fake_execution-2] [INFO] [1729085343.705149231] [ccr_fake_execution]: robotA: 35 -> 10
[ccr_centralized_planner-3] [INFO] [1729085343.706109729] [ccr_centralized_planner]: Received state 10 from robotA
[ccr_centralized_planner-3] [INFO] [1729085344.676863891] [ccr_centralized_planner]: 
[ccr_centralized_planner-3] 
[ccr_centralized_planner-3]  did not replan 
[ccr_centralized_planner-3] 
[ccr_centralized_planner-3] [INFO] [1729085344.677537171] [ccr_centralized_planner]: Sent plan [10, 9] to robotA
[ccr_fake_execution-2] [INFO] [1729085344.677895452] [ccr_fake_execution]: got plan for robotA: [10, 9]
[ccr_centralized_planner-3] [INFO] [1729085344.705423830] [ccr_centralized_planner]: Received state 10 from robotA
[ccr_centralized_planner-3] [INFO] [1729085345.676846042] [ccr_centralized_planner]: 
[ccr_centralized_planner-3] 
[ccr_centralized_planner-3]  did not replan 
[ccr_centralized_planner-3] 
[ccr_centralized_planner-3] [INFO] [1729085345.677473407] [ccr_centralized_planner]: Sent plan [10, 9] to robotA
[ccr_fake_execution-2] [INFO] [1729085345.677870901] [ccr_fake_execution]: got plan for robotA: [10, 9]
[ccr_centralized_planner-3] [INFO] [1729085345.705433594] [ccr_centralized_planner]: Received state 10 from robotA
[ccr_centralized_planner-3] [INFO] [1729085346.676886553] [ccr_centralized_planner]: 
[ccr_centralized_planner-3] 
[ccr_centralized_planner-3]  did not replan 
[ccr_centralized_planner-3] 
[ccr_centralized_planner-3] [INFO] [1729085346.677550406] [ccr_centralized_planner]: Sent plan [10, 9] to robotA
[ccr_fake_execution-2] [INFO] [1729085346.677965513] [ccr_fake_execution]: got plan for robotA: [10, 9]
[ccr_fake_execution-2] [INFO] [1729085346.705262408] [ccr_fake_execution]: robotA: 10 -> 9
[ccr_centralized_planner-3] [INFO] [1729085346.706117820] [ccr_centralized_planner]: Received state 9 from robotA
[ccr_goal_provider-1] [INFO] [1729085346.706394668] [ccr_goal_provider]: [32mgoal completed:[0m robotA reached goal 9, going to goal 1 within state 1
[ccr_centralized_planner-3] [INFO] [1729085346.783075269] [ccr_centralized_planner]: Received goal 1 from robotA
[ccr_centralized_planner-3] [INFO] [1729085347.676860349] [ccr_centralized_planner]: 
[ccr_centralized_planner-3] 
[ccr_centralized_planner-3]  replaned due to new goal
[ccr_centralized_planner-3] 
[ccr_centralized_planner-3] [INFO] [1729085347.698780769] [ccr_centralized_planner]: Sent plan [9, 11, 35, 50, 51, 53, 39, 55, 56, 57, 5, 1] to robotA
[ccr_fake_execution-2] [INFO] [1729085347.699451084] [ccr_fake_execution]: got plan for robotA: [9, 11, 35, 50, 51, 53, 39, 55, 56, 57, 5, 1]
[ccr_fake_execution-2] [INFO] [1729085347.705123473] [ccr_fake_execution]: robotA: 9 -> 11
[ccr_centralized_planner-3] [INFO] [1729085347.706100132] [ccr_centralized_planner]: Received state 11 from robotA
[ccr_centralized_planner-3] [INFO] [1729085348.676900339] [ccr_centralized_planner]: 
[ccr_centralized_planner-3] 
[ccr_centralized_planner-3]  did not replan 
[ccr_centralized_planner-3] 
[ccr_centralized_planner-3] [INFO] [1729085348.677558982] [ccr_centralized_planner]: Sent plan [11, 35, 50, 51, 53, 39, 55, 56, 57, 5, 1] to robotA
[ccr_fake_execution-2] [INFO] [1729085348.677914648] [ccr_fake_execution]: got plan for robotA: [11, 35, 50, 51, 53, 39, 55, 56, 57, 5, 1]
[ccr_centralized_planner-3] [INFO] [1729085348.705331358] [ccr_centralized_planner]: Received state 11 from robotA
[ccr_centralized_planner-3] [INFO] [1729085349.676888773] [ccr_centralized_planner]: 
[ccr_centralized_planner-3] 
[ccr_centralized_planner-3]  did not replan 
[ccr_centralized_planner-3] 
[ccr_centralized_planner-3] [INFO] [1729085349.677777927] [ccr_centralized_planner]: Sent plan [11, 35, 50, 51, 53, 39, 55, 56, 57, 5, 1] to robotA
[ccr_fake_execution-2] [INFO] [1729085349.678108927] [ccr_fake_execution]: got plan for robotA: [11, 35, 50, 51, 53, 39, 55, 56, 57, 5, 1]
[ccr_centralized_planner-3] [INFO] [1729085349.705340991] [ccr_centralized_planner]: Received state 11 from robotA
[ccr_centralized_planner-3] [INFO] [1729085350.676896993] [ccr_centralized_planner]: 
[ccr_centralized_planner-3] 
[ccr_centralized_planner-3]  did not replan 
[ccr_centralized_planner-3] 
[ccr_centralized_planner-3] [INFO] [1729085350.677536300] [ccr_centralized_planner]: Sent plan [11, 35, 50, 51, 53, 39, 55, 56, 57, 5, 1] to robotA
[ccr_fake_execution-2] [INFO] [1729085350.677751343] [ccr_fake_execution]: got plan for robotA: [11, 35, 50, 51, 53, 39, 55, 56, 57, 5, 1]
[ccr_fake_execution-2] [INFO] [1729085350.705131604] [ccr_fake_execution]: robotA: 11 -> 35
[ccr_centralized_planner-3] [INFO] [1729085350.705909901] [ccr_centralized_planner]: Received state 35 from robotA
[ccr_centralized_planner-3] [INFO] [1729085351.676859869] [ccr_centralized_planner]: 
[ccr_centralized_planner-3] 
[ccr_centralized_planner-3]  did not replan 
[ccr_centralized_planner-3] 
[ccr_centralized_planner-3] [INFO] [1729085351.677540303] [ccr_centralized_planner]: Sent plan [35, 50, 51, 53, 39, 55, 56, 57, 5, 1] to robotA
[ccr_fake_execution-2] [INFO] [1729085351.677770834] [ccr_fake_execution]: got plan for robotA: [35, 50, 51, 53, 39, 55, 56, 57, 5, 1]
[ccr_fake_execution-2] [INFO] [1729085351.705137009] [ccr_fake_execution]: robotA: 35 -> 50
[ccr_centralized_planner-3] [INFO] [1729085351.705893405] [ccr_centralized_planner]: Received state 50 from robotA
[ccr_centralized_planner-3] [INFO] [1729085352.676900420] [ccr_centralized_planner]: 
[ccr_centralized_planner-3] 
[ccr_centralized_planner-3]  did not replan 
[ccr_centralized_planner-3] 
[ccr_centralized_planner-3] [INFO] [1729085352.677536631] [ccr_centralized_planner]: Sent plan [50, 51, 53, 39, 55, 56, 57, 5, 1] to robotA
[ccr_fake_execution-2] [INFO] [1729085352.677792750] [ccr_fake_execution]: got plan for robotA: [50, 51, 53, 39, 55, 56, 57, 5, 1]
[ccr_centralized_planner-3] [INFO] [1729085352.705409614] [ccr_centralized_planner]: Received state 50 from robotA
[ccr_centralized_planner-3] [INFO] [1729085353.676878804] [ccr_centralized_planner]: 
[ccr_centralized_planner-3] 
[ccr_centralized_planner-3]  did not replan 
[ccr_centralized_planner-3] 
[ccr_centralized_planner-3] [INFO] [1729085353.677498084] [ccr_centralized_planner]: Sent plan [50, 51, 53, 39, 55, 56, 57, 5, 1] to robotA
[ccr_fake_execution-2] [INFO] [1729085353.677714218] [ccr_fake_execution]: got plan for robotA: [50, 51, 53, 39, 55, 56, 57, 5, 1]
[ccr_fake_execution-2] [INFO] [1729085353.705140035] [ccr_fake_execution]: robotA: 50 -> 51
[ccr_centralized_planner-3] [INFO] [1729085353.705899767] [ccr_centralized_planner]: Received state 51 from robotA
[ccr_centralized_planner-3] [INFO] [1729085354.676880693] [ccr_centralized_planner]: 
[ccr_centralized_planner-3] 
[ccr_centralized_planner-3]  did not replan 
[ccr_centralized_planner-3] 
[ccr_centralized_planner-3] [INFO] [1729085354.677523446] [ccr_centralized_planner]: Sent plan [51, 53, 39, 55, 56, 57, 5, 1] to robotA
[ccr_fake_execution-2] [INFO] [1729085354.677710607] [ccr_fake_execution]: got plan for robotA: [51, 53, 39, 55, 56, 57, 5, 1]
[ccr_fake_execution-2] [INFO] [1729085354.705133928] [ccr_fake_execution]: robotA: 51 -> 53
[ccr_centralized_planner-3] [INFO] [1729085354.705988308] [ccr_centralized_planner]: Received state 53 from robotA
[ccr_centralized_planner-3] [INFO] [1729085355.676860871] [ccr_centralized_planner]: 
[ccr_centralized_planner-3] 
[ccr_centralized_planner-3]  did not replan 
[ccr_centralized_planner-3] 
[ccr_centralized_planner-3] [INFO] [1729085355.677551394] [ccr_centralized_planner]: Sent plan [53, 39, 55, 56, 57, 5, 1] to robotA
[ccr_fake_execution-2] [INFO] [1729085355.677753342] [ccr_fake_execution]: got plan for robotA: [53, 39, 55, 56, 57, 5, 1]
[ccr_centralized_planner-3] [INFO] [1729085355.705527530] [ccr_centralized_planner]: Received state 53 from robotA
[ccr_centralized_planner-3] [INFO] [1729085356.676887867] [ccr_centralized_planner]: 
[ccr_centralized_planner-3] 
[ccr_centralized_planner-3]  did not replan 
[ccr_centralized_planner-3] 
[ccr_centralized_planner-3] [INFO] [1729085356.677517896] [ccr_centralized_planner]: Sent plan [53, 39, 55, 56, 57, 5, 1] to robotA
[ccr_fake_execution-2] [INFO] [1729085356.677760360] [ccr_fake_execution]: got plan for robotA: [53, 39, 55, 56, 57, 5, 1]
[ccr_centralized_planner-3] [INFO] [1729085356.705389357] [ccr_centralized_planner]: Received state 53 from robotA
[ccr_centralized_planner-3] [INFO] [1729085357.677066807] [ccr_centralized_planner]: 
[ccr_centralized_planner-3] 
[ccr_centralized_planner-3]  did not replan 
[ccr_centralized_planner-3] 
[ccr_centralized_planner-3] [INFO] [1729085357.677730509] [ccr_centralized_planner]: Sent plan [53, 39, 55, 56, 57, 5, 1] to robotA
[ccr_fake_execution-2] [INFO] [1729085357.678970280] [ccr_fake_execution]: got plan for robotA: [53, 39, 55, 56, 57, 5, 1]
[ccr_fake_execution-2] [INFO] [1729085357.705138242] [ccr_fake_execution]: robotA: 53 -> 39
[ccr_centralized_planner-3] [INFO] [1729085357.706009653] [ccr_centralized_planner]: Received state 39 from robotA
[ccr_centralized_planner-3] [INFO] [1729085358.676942539] [ccr_centralized_planner]: 
[ccr_centralized_planner-3] 
[ccr_centralized_planner-3]  did not replan 
[ccr_centralized_planner-3] 
[ccr_centralized_planner-3] [INFO] [1729085358.677667426] [ccr_centralized_planner]: Sent plan [39, 55, 56, 57, 5, 1] to robotA
[ccr_fake_execution-2] [INFO] [1729085358.678146834] [ccr_fake_execution]: got plan for robotA: [39, 55, 56, 57, 5, 1]
[ccr_centralized_planner-3] [INFO] [1729085358.705407100] [ccr_centralized_planner]: Received state 39 from robotA
[ccr_centralized_planner-3] [INFO] [1729085359.676924100] [ccr_centralized_planner]: 
[ccr_centralized_planner-3] 
[ccr_centralized_planner-3]  did not replan 
[ccr_centralized_planner-3] 
[ccr_centralized_planner-3] [INFO] [1729085359.677510437] [ccr_centralized_planner]: Sent plan [39, 55, 56, 57, 5, 1] to robotA
[ccr_fake_execution-2] [INFO] [1729085359.677878316] [ccr_fake_execution]: got plan for robotA: [39, 55, 56, 57, 5, 1]
[ccr_fake_execution-2] [INFO] [1729085359.705116581] [ccr_fake_execution]: robotA: 39 -> 55
[ccr_centralized_planner-3] [INFO] [1729085359.706027657] [ccr_centralized_planner]: Received state 55 from robotA
[ccr_centralized_planner-3] [INFO] [1729085360.676957317] [ccr_centralized_planner]: 
[ccr_centralized_planner-3] 
[ccr_centralized_planner-3]  did not replan 
[ccr_centralized_planner-3] 
[ccr_centralized_planner-3] [INFO] [1729085360.677640486] [ccr_centralized_planner]: Sent plan [55, 56, 57, 5, 1] to robotA
[ccr_fake_execution-2] [INFO] [1729085360.677865648] [ccr_fake_execution]: got plan for robotA: [55, 56, 57, 5, 1]
[ccr_centralized_planner-3] [INFO] [1729085360.705213929] [ccr_centralized_planner]: Received state 55 from robotA
[ccr_centralized_planner-3] [INFO] [1729085361.676945580] [ccr_centralized_planner]: 
[ccr_centralized_planner-3] 
[ccr_centralized_planner-3]  did not replan 
[ccr_centralized_planner-3] 
[ccr_centralized_planner-3] [INFO] [1729085361.677660679] [ccr_centralized_planner]: Sent plan [55, 56, 57, 5, 1] to robotA
[ccr_fake_execution-2] [INFO] [1729085361.677863739] [ccr_fake_execution]: got plan for robotA: [55, 56, 57, 5, 1]
[ccr_fake_execution-2] [INFO] [1729085361.705116151] [ccr_fake_execution]: robotA: 55 -> 56
[ccr_centralized_planner-3] [INFO] [1729085361.705910708] [ccr_centralized_planner]: Received state 56 from robotA
[ccr_centralized_planner-3] [INFO] [1729085362.677162672] [ccr_centralized_planner]: 
[ccr_centralized_planner-3] 
[ccr_centralized_planner-3]  did not replan 
[ccr_centralized_planner-3] 
[ccr_centralized_planner-3] [INFO] [1729085362.677990982] [ccr_centralized_planner]: Sent plan [56, 57, 5, 1] to robotA
[ccr_fake_execution-2] [INFO] [1729085362.678165539] [ccr_fake_execution]: got plan for robotA: [56, 57, 5, 1]
[ccr_fake_execution-2] [INFO] [1729085362.705119342] [ccr_fake_execution]: robotA: 56 -> 57
[ccr_centralized_planner-3] [INFO] [1729085362.705970155] [ccr_centralized_planner]: Received state 57 from robotA
[ccr_centralized_planner-3] [INFO] [1729085363.677011384] [ccr_centralized_planner]: 
[ccr_centralized_planner-3] 
[ccr_centralized_planner-3]  did not replan 
[ccr_centralized_planner-3] 
[ccr_centralized_planner-3] [INFO] [1729085363.677716494] [ccr_centralized_planner]: Sent plan [57, 5, 1] to robotA
[ccr_fake_execution-2] [INFO] [1729085363.677945142] [ccr_fake_execution]: got plan for robotA: [57, 5, 1]
[ccr_centralized_planner-3] [INFO] [1729085363.705538953] [ccr_centralized_planner]: Received state 57 from robotA
[ccr_centralized_planner-3] [INFO] [1729085364.676950064] [ccr_centralized_planner]: 
[ccr_centralized_planner-3] 
[ccr_centralized_planner-3]  did not replan 
[ccr_centralized_planner-3] 
[ccr_centralized_planner-3] [INFO] [1729085364.677671635] [ccr_centralized_planner]: Sent plan [57, 5, 1] to robotA
[ccr_fake_execution-2] [INFO] [1729085364.678002003] [ccr_fake_execution]: got plan for robotA: [57, 5, 1]
[ccr_centralized_planner-3] [INFO] [1729085364.705425766] [ccr_centralized_planner]: Received state 57 from robotA
[ccr_centralized_planner-3] [INFO] [1729085365.676973363] [ccr_centralized_planner]: 
[ccr_centralized_planner-3] 
[ccr_centralized_planner-3]  did not replan 
[ccr_centralized_planner-3] 
[ccr_centralized_planner-3] [INFO] [1729085365.677626816] [ccr_centralized_planner]: Sent plan [57, 5, 1] to robotA
[ccr_fake_execution-2] [INFO] [1729085365.678104771] [ccr_fake_execution]: got plan for robotA: [57, 5, 1]
[ccr_centralized_planner-3] [INFO] [1729085365.705651033] [ccr_centralized_planner]: Received state 57 from robotA
[ccr_centralized_planner-3] [INFO] [1729085366.676995088] [ccr_centralized_planner]: 
[ccr_centralized_planner-3] 
[ccr_centralized_planner-3]  did not replan 
[ccr_centralized_planner-3] 
[ccr_centralized_planner-3] [INFO] [1729085366.677667407] [ccr_centralized_planner]: Sent plan [57, 5, 1] to robotA
[ccr_fake_execution-2] [INFO] [1729085366.677970184] [ccr_fake_execution]: got plan for robotA: [57, 5, 1]
[ccr_fake_execution-2] [INFO] [1729085366.705142516] [ccr_fake_execution]: robotA: 57 -> 5
[ccr_centralized_planner-3] [INFO] [1729085366.706192381] [ccr_centralized_planner]: Received state 5 from robotA
[ccr_centralized_planner-3] [INFO] [1729085367.676984093] [ccr_centralized_planner]: 
[ccr_centralized_planner-3] 
[ccr_centralized_planner-3]  did not replan 
[ccr_centralized_planner-3] 
[ccr_centralized_planner-3] [INFO] [1729085367.677743034] [ccr_centralized_planner]: Sent plan [5, 1] to robotA
[ccr_fake_execution-2] [INFO] [1729085367.677911048] [ccr_fake_execution]: got plan for robotA: [5, 1]
[ccr_centralized_planner-3] [INFO] [1729085367.705520719] [ccr_centralized_planner]: Received state 5 from robotA
[ccr_centralized_planner-3] [INFO] [1729085368.676982394] [ccr_centralized_planner]: 
[ccr_centralized_planner-3] 
[ccr_centralized_planner-3]  did not replan 
[ccr_centralized_planner-3] 
[ccr_centralized_planner-3] [INFO] [1729085368.677733380] [ccr_centralized_planner]: Sent plan [5, 1] to robotA
[ccr_fake_execution-2] [INFO] [1729085368.677900112] [ccr_fake_execution]: got plan for robotA: [5, 1]
[ccr_centralized_planner-3] [INFO] [1729085368.705405959] [ccr_centralized_planner]: Received state 5 from robotA
[ccr_centralized_planner-3] [INFO] [1729085369.677109702] [ccr_centralized_planner]: 
[ccr_centralized_planner-3] 
[ccr_centralized_planner-3]  did not replan 
[ccr_centralized_planner-3] 
[ccr_centralized_planner-3] [INFO] [1729085369.677936049] [ccr_centralized_planner]: Sent plan [5, 1] to robotA
[ccr_fake_execution-2] [INFO] [1729085369.678332120] [ccr_fake_execution]: got plan for robotA: [5, 1]
[ccr_centralized_planner-3] [INFO] [1729085369.705669942] [ccr_centralized_planner]: Received state 5 from robotA
[ccr_centralized_planner-3] [INFO] [1729085370.676962618] [ccr_centralized_planner]: 
[ccr_centralized_planner-3] 
[ccr_centralized_planner-3]  did not replan 
[ccr_centralized_planner-3] 
[ccr_centralized_planner-3] [INFO] [1729085370.677672848] [ccr_centralized_planner]: Sent plan [5, 1] to robotA
[ccr_fake_execution-2] [INFO] [1729085370.678064150] [ccr_fake_execution]: got plan for robotA: [5, 1]
[ccr_fake_execution-2] [INFO] [1729085370.705194353] [ccr_fake_execution]: robotA: 5 -> 1
[ccr_centralized_planner-3] [INFO] [1729085370.706011794] [ccr_centralized_planner]: Received state 1 from robotA
[ccr_goal_provider-1] [INFO] [1729085370.706144702] [ccr_goal_provider]: [32mgoal completed:[0m robotA reached goal 1, going to goal 0 within state 9
[ccr_centralized_planner-3] [INFO] [1729085370.783075841] [ccr_centralized_planner]: Received goal 9 from robotA
[ccr_centralized_planner-3] [INFO] [1729085371.677025879] [ccr_centralized_planner]: 
[ccr_centralized_planner-3] 
[ccr_centralized_planner-3]  replaned due to new goal
[ccr_centralized_planner-3] 
[ccr_centralized_planner-3] [INFO] [1729085371.699346206] [ccr_centralized_planner]: Sent plan [1, 44, 45, 56, 55, 39, 53, 51, 32, 35, 10, 9] to robotA
[ccr_fake_execution-2] [INFO] [1729085371.700135183] [ccr_fake_execution]: got plan for robotA: [1, 44, 45, 56, 55, 39, 53, 51, 32, 35, 10, 9]
[ccr_fake_execution-2] [INFO] [1729085371.705180229] [ccr_fake_execution]: robotA: 1 -> 44
[ccr_centralized_planner-3] [INFO] [1729085371.705832630] [ccr_centralized_planner]: Received state 44 from robotA
[ccr_centralized_planner-3] [INFO] [1729085372.676940861] [ccr_centralized_planner]: 
[ccr_centralized_planner-3] 
[ccr_centralized_planner-3]  did not replan 
[ccr_centralized_planner-3] 
[ccr_centralized_planner-3] [INFO] [1729085372.677913312] [ccr_centralized_planner]: Sent plan [44, 45, 56, 55, 39, 53, 51, 32, 35, 10, 9] to robotA
[ccr_fake_execution-2] [INFO] [1729085372.678016475] [ccr_fake_execution]: got plan for robotA: [44, 45, 56, 55, 39, 53, 51, 32, 35, 10, 9]
[ccr_fake_execution-2] [INFO] [1729085372.705188065] [ccr_fake_execution]: robotA: 44 -> 45
[ccr_centralized_planner-3] [INFO] [1729085372.706232060] [ccr_centralized_planner]: Received state 45 from robotA
[ccr_centralized_planner-3] [INFO] [1729085373.676925314] [ccr_centralized_planner]: 
[ccr_centralized_planner-3] 
[ccr_centralized_planner-3]  did not replan 
[ccr_centralized_planner-3] 
[ccr_centralized_planner-3] [INFO] [1729085373.677620395] [ccr_centralized_planner]: Sent plan [45, 56, 55, 39, 53, 51, 32, 35, 10, 9] to robotA
[ccr_fake_execution-2] [INFO] [1729085373.677982433] [ccr_fake_execution]: got plan for robotA: [45, 56, 55, 39, 53, 51, 32, 35, 10, 9]
[ccr_centralized_planner-3] [INFO] [1729085373.705377081] [ccr_centralized_planner]: Received state 45 from robotA
[ccr_centralized_planner-3] [INFO] [1729085374.676857389] [ccr_centralized_planner]: 
[ccr_centralized_planner-3] 
[ccr_centralized_planner-3]  did not replan 
[ccr_centralized_planner-3] 
[ccr_centralized_planner-3] [INFO] [1729085374.677491165] [ccr_centralized_planner]: Sent plan [45, 56, 55, 39, 53, 51, 32, 35, 10, 9] to robotA
[ccr_fake_execution-2] [INFO] [1729085374.677882658] [ccr_fake_execution]: got plan for robotA: [45, 56, 55, 39, 53, 51, 32, 35, 10, 9]
[ccr_centralized_planner-3] [INFO] [1729085374.705373406] [ccr_centralized_planner]: Received state 45 from robotA
[ccr_centralized_planner-3] [INFO] [1729085375.676837393] [ccr_centralized_planner]: 
[ccr_centralized_planner-3] 
[ccr_centralized_planner-3]  did not replan 
[ccr_centralized_planner-3] 
[ccr_centralized_planner-3] [INFO] [1729085375.677487640] [ccr_centralized_planner]: Sent plan [45, 56, 55, 39, 53, 51, 32, 35, 10, 9] to robotA
[ccr_fake_execution-2] [INFO] [1729085375.677884043] [ccr_fake_execution]: got plan for robotA: [45, 56, 55, 39, 53, 51, 32, 35, 10, 9]
[ccr_centralized_planner-3] [INFO] [1729085375.705507579] [ccr_centralized_planner]: Received state 45 from robotA
[ccr_centralized_planner-3] [INFO] [1729085376.676935198] [ccr_centralized_planner]: 
[ccr_centralized_planner-3] 
[ccr_centralized_planner-3]  did not replan 
[ccr_centralized_planner-3] 
[ccr_centralized_planner-3] [INFO] [1729085376.677663121] [ccr_centralized_planner]: Sent plan [45, 56, 55, 39, 53, 51, 32, 35, 10, 9] to robotA
[ccr_fake_execution-2] [INFO] [1729085376.678048152] [ccr_fake_execution]: got plan for robotA: [45, 56, 55, 39, 53, 51, 32, 35, 10, 9]
[ccr_fake_execution-2] [INFO] [1729085376.705158307] [ccr_fake_execution]: robotA: 45 -> 56
[ccr_centralized_planner-3] [INFO] [1729085376.705977290] [ccr_centralized_planner]: Received state 56 from robotA
[ccr_centralized_planner-3] [INFO] [1729085377.676906216] [ccr_centralized_planner]: 
[ccr_centralized_planner-3] 
[ccr_centralized_planner-3]  did not replan 
[ccr_centralized_planner-3] 
[ccr_centralized_planner-3] [INFO] [1729085377.677611917] [ccr_centralized_planner]: Sent plan [56, 55, 39, 53, 51, 32, 35, 10, 9] to robotA
[ccr_fake_execution-2] [INFO] [1729085377.677993411] [ccr_fake_execution]: got plan for robotA: [56, 55, 39, 53, 51, 32, 35, 10, 9]
[ccr_fake_execution-2] [INFO] [1729085377.705175831] [ccr_fake_execution]: robotA: 56 -> 55
[ccr_centralized_planner-3] [INFO] [1729085377.705936044] [ccr_centralized_planner]: Received state 55 from robotA
[ccr_centralized_planner-3] [INFO] [1729085378.676841216] [ccr_centralized_planner]: 
[ccr_centralized_planner-3] 
[ccr_centralized_planner-3]  did not replan 
[ccr_centralized_planner-3] 
[ccr_centralized_planner-3] [INFO] [1729085378.677502725] [ccr_centralized_planner]: Sent plan [55, 39, 53, 51, 32, 35, 10, 9] to robotA
[ccr_fake_execution-2] [INFO] [1729085378.677886934] [ccr_fake_execution]: got plan for robotA: [55, 39, 53, 51, 32, 35, 10, 9]
[ccr_centralized_planner-3] [INFO] [1729085378.705441320] [ccr_centralized_planner]: Received state 55 from robotA
[ccr_centralized_planner-3] [INFO] [1729085379.676855345] [ccr_centralized_planner]: 
[ccr_centralized_planner-3] 
[ccr_centralized_planner-3]  did not replan 
[ccr_centralized_planner-3] 
[ccr_centralized_planner-3] [INFO] [1729085379.677527884] [ccr_centralized_planner]: Sent plan [55, 39, 53, 51, 32, 35, 10, 9] to robotA
[ccr_fake_execution-2] [INFO] [1729085379.677878270] [ccr_fake_execution]: got plan for robotA: [55, 39, 53, 51, 32, 35, 10, 9]
[ccr_fake_execution-2] [INFO] [1729085379.705284629] [ccr_fake_execution]: robotA: 55 -> 39
[ccr_centralized_planner-3] [INFO] [1729085379.706120584] [ccr_centralized_planner]: Received state 39 from robotA
[ccr_centralized_planner-3] [INFO] [1729085380.676837914] [ccr_centralized_planner]: 
[ccr_centralized_planner-3] 
[ccr_centralized_planner-3]  did not replan 
[ccr_centralized_planner-3] 
[ccr_centralized_planner-3] [INFO] [1729085380.677514881] [ccr_centralized_planner]: Sent plan [39, 53, 51, 32, 35, 10, 9] to robotA
[ccr_fake_execution-2] [INFO] [1729085380.677871889] [ccr_fake_execution]: got plan for robotA: [39, 53, 51, 32, 35, 10, 9]
[ccr_centralized_planner-3] [INFO] [1729085380.705434802] [ccr_centralized_planner]: Received state 39 from robotA
[ccr_centralized_planner-3] [INFO] [1729085381.676844538] [ccr_centralized_planner]: 
[ccr_centralized_planner-3] 
[ccr_centralized_planner-3]  did not replan 
[ccr_centralized_planner-3] 
[ccr_centralized_planner-3] [INFO] [1729085381.677524972] [ccr_centralized_planner]: Sent plan [39, 53, 51, 32, 35, 10, 9] to robotA
[ccr_fake_execution-2] [INFO] [1729085381.677884254] [ccr_fake_execution]: got plan for robotA: [39, 53, 51, 32, 35, 10, 9]
[ccr_fake_execution-2] [INFO] [1729085381.705175799] [ccr_fake_execution]: robotA: 39 -> 53
[ccr_centralized_planner-3] [INFO] [1729085381.705984803] [ccr_centralized_planner]: Received state 53 from robotA
[ccr_centralized_planner-3] [INFO] [1729085382.676834150] [ccr_centralized_planner]: 
[ccr_centralized_planner-3] 
[ccr_centralized_planner-3]  did not replan 
[ccr_centralized_planner-3] 
[ccr_centralized_planner-3] [INFO] [1729085382.677516999] [ccr_centralized_planner]: Sent plan [53, 51, 32, 35, 10, 9] to robotA
[ccr_fake_execution-2] [INFO] [1729085382.677873155] [ccr_fake_execution]: got plan for robotA: [53, 51, 32, 35, 10, 9]
[ccr_centralized_planner-3] [INFO] [1729085382.705458660] [ccr_centralized_planner]: Received state 53 from robotA
[ccr_centralized_planner-3] [INFO] [1729085383.676840735] [ccr_centralized_planner]: 
[ccr_centralized_planner-3] 
[ccr_centralized_planner-3]  did not replan 
[ccr_centralized_planner-3] 
[ccr_centralized_planner-3] [INFO] [1729085383.677498476] [ccr_centralized_planner]: Sent plan [53, 51, 32, 35, 10, 9] to robotA
[ccr_fake_execution-2] [INFO] [1729085383.677855164] [ccr_fake_execution]: got plan for robotA: [53, 51, 32, 35, 10, 9]
[ccr_fake_execution-2] [INFO] [1729085383.705162417] [ccr_fake_execution]: robotA: 53 -> 51
[ccr_centralized_planner-3] [INFO] [1729085383.705995547] [ccr_centralized_planner]: Received state 51 from robotA
[ccr_centralized_planner-3] [INFO] [1729085384.676847870] [ccr_centralized_planner]: 
[ccr_centralized_planner-3] 
[ccr_centralized_planner-3]  did not replan 
[ccr_centralized_planner-3] 
[ccr_centralized_planner-3] [INFO] [1729085384.677550174] [ccr_centralized_planner]: Sent plan [51, 32, 35, 10, 9] to robotA
[ccr_fake_execution-2] [INFO] [1729085384.677866847] [ccr_fake_execution]: got plan for robotA: [51, 32, 35, 10, 9]
[ccr_fake_execution-2] [INFO] [1729085384.705133305] [ccr_fake_execution]: robotA: 51 -> 32
[ccr_centralized_planner-3] [INFO] [1729085384.705947159] [ccr_centralized_planner]: Received state 32 from robotA
[ccr_centralized_planner-3] [INFO] [1729085385.676845838] [ccr_centralized_planner]: 
[ccr_centralized_planner-3] 
[ccr_centralized_planner-3]  did not replan 
[ccr_centralized_planner-3] 
[ccr_centralized_planner-3] [INFO] [1729085385.677549485] [ccr_centralized_planner]: Sent plan [32, 35, 10, 9] to robotA
[ccr_fake_execution-2] [INFO] [1729085385.677877189] [ccr_fake_execution]: got plan for robotA: [32, 35, 10, 9]
[ccr_centralized_planner-3] [INFO] [1729085385.705419443] [ccr_centralized_planner]: Received state 32 from robotA
[ccr_centralized_planner-3] [INFO] [1729085386.676882448] [ccr_centralized_planner]: 
[ccr_centralized_planner-3] 
[ccr_centralized_planner-3]  did not replan 
[ccr_centralized_planner-3] 
[ccr_centralized_planner-3] [INFO] [1729085386.677588470] [ccr_centralized_planner]: Sent plan [32, 35, 10, 9] to robotA
[ccr_fake_execution-2] [INFO] [1729085386.677907186] [ccr_fake_execution]: got plan for robotA: [32, 35, 10, 9]
[ccr_fake_execution-2] [INFO] [1729085386.705174716] [ccr_fake_execution]: robotA: 32 -> 35
[ccr_centralized_planner-3] [INFO] [1729085386.706014088] [ccr_centralized_planner]: Received state 35 from robotA
[ccr_centralized_planner-3] [INFO] [1729085387.676927134] [ccr_centralized_planner]: 
[ccr_centralized_planner-3] 
[ccr_centralized_planner-3]  did not replan 
[ccr_centralized_planner-3] 
[ccr_centralized_planner-3] [INFO] [1729085387.677656459] [ccr_centralized_planner]: Sent plan [35, 10, 9] to robotA
[ccr_fake_execution-2] [INFO] [1729085387.678003729] [ccr_fake_execution]: got plan for robotA: [35, 10, 9]
[ccr_fake_execution-2] [INFO] [1729085387.705189887] [ccr_fake_execution]: robotA: 35 -> 10
[ccr_centralized_planner-3] [INFO] [1729085387.706013659] [ccr_centralized_planner]: Received state 10 from robotA
[ccr_centralized_planner-3] [INFO] [1729085388.676889475] [ccr_centralized_planner]: 
[ccr_centralized_planner-3] 
[ccr_centralized_planner-3]  did not replan 
[ccr_centralized_planner-3] 
[ccr_centralized_planner-3] [INFO] [1729085388.677594846] [ccr_centralized_planner]: Sent plan [10, 9] to robotA
[ccr_fake_execution-2] [INFO] [1729085388.677946063] [ccr_fake_execution]: got plan for robotA: [10, 9]
[ccr_fake_execution-2] [INFO] [1729085388.705171023] [ccr_fake_execution]: robotA: 10 -> 9
[ccr_centralized_planner-3] [INFO] [1729085388.705999644] [ccr_centralized_planner]: Received state 9 from robotA
[ccr_goal_provider-1] [INFO] [1729085388.706163100] [ccr_goal_provider]: [32mgoal completed:[0m robotA reached goal 9, going to goal 1 within state 1
[ccr_centralized_planner-3] [INFO] [1729085388.782995925] [ccr_centralized_planner]: Received goal 1 from robotA
[ccr_centralized_planner-3] [INFO] [1729085389.676905847] [ccr_centralized_planner]: 
[ccr_centralized_planner-3] 
[ccr_centralized_planner-3]  replaned due to new goal
[ccr_centralized_planner-3] 
[ccr_centralized_planner-3] [INFO] [1729085389.698827238] [ccr_centralized_planner]: Sent plan [9, 11, 35, 50, 51, 53, 39, 55, 56, 57, 5, 1] to robotA
[ccr_fake_execution-2] [INFO] [1729085389.699407775] [ccr_fake_execution]: got plan for robotA: [9, 11, 35, 50, 51, 53, 39, 55, 56, 57, 5, 1]
[ccr_centralized_planner-3] [INFO] [1729085389.705078482] [ccr_centralized_planner]: Received state 9 from robotA
[ccr_centralized_planner-3] [INFO] [1729085390.676919305] [ccr_centralized_planner]: 
[ccr_centralized_planner-3] 
[ccr_centralized_planner-3]  did not replan 
[ccr_centralized_planner-3] 
[ccr_centralized_planner-3] [INFO] [1729085390.677637790] [ccr_centralized_planner]: Sent plan [9, 11, 35, 50, 51, 53, 39, 55, 56, 57, 5, 1] to robotA
[ccr_fake_execution-2] [INFO] [1729085390.677964672] [ccr_fake_execution]: got plan for robotA: [9, 11, 35, 50, 51, 53, 39, 55, 56, 57, 5, 1]
[ccr_centralized_planner-3] [INFO] [1729085390.705492318] [ccr_centralized_planner]: Received state 9 from robotA
[ccr_centralized_planner-3] [INFO] [1729085391.676896764] [ccr_centralized_planner]: 
[ccr_centralized_planner-3] 
[ccr_centralized_planner-3]  did not replan 
[ccr_centralized_planner-3] 
[ccr_centralized_planner-3] [INFO] [1729085391.677620639] [ccr_centralized_planner]: Sent plan [9, 11, 35, 50, 51, 53, 39, 55, 56, 57, 5, 1] to robotA
[ccr_fake_execution-2] [INFO] [1729085391.677919198] [ccr_fake_execution]: got plan for robotA: [9, 11, 35, 50, 51, 53, 39, 55, 56, 57, 5, 1]
[ccr_centralized_planner-3] [INFO] [1729085391.705546411] [ccr_centralized_planner]: Received state 9 from robotA
[ccr_centralized_planner-3] [INFO] [1729085392.676915331] [ccr_centralized_planner]: 
[ccr_centralized_planner-3] 
[ccr_centralized_planner-3]  did not replan 
[ccr_centralized_planner-3] 
[ccr_centralized_planner-3] [INFO] [1729085392.677649626] [ccr_centralized_planner]: Sent plan [9, 11, 35, 50, 51, 53, 39, 55, 56, 57, 5, 1] to robotA
[ccr_fake_execution-2] [INFO] [1729085392.677936573] [ccr_fake_execution]: got plan for robotA: [9, 11, 35, 50, 51, 53, 39, 55, 56, 57, 5, 1]
[ccr_centralized_planner-3] [INFO] [1729085392.705441306] [ccr_centralized_planner]: Received state 9 from robotA
[ccr_centralized_planner-3] [INFO] [1729085393.676863346] [ccr_centralized_planner]: 
[ccr_centralized_planner-3] 
[ccr_centralized_planner-3]  did not replan 
[ccr_centralized_planner-3] 
[ccr_centralized_planner-3] [INFO] [1729085393.677577132] [ccr_centralized_planner]: Sent plan [9, 11, 35, 50, 51, 53, 39, 55, 56, 57, 5, 1] to robotA
[ccr_fake_execution-2] [INFO] [1729085393.677844994] [ccr_fake_execution]: got plan for robotA: [9, 11, 35, 50, 51, 53, 39, 55, 56, 57, 5, 1]
[ccr_centralized_planner-3] [INFO] [1729085393.705446658] [ccr_centralized_planner]: Received state 9 from robotA
[ccr_centralized_planner-3] [INFO] [1729085394.676897371] [ccr_centralized_planner]: 
[ccr_centralized_planner-3] 
[ccr_centralized_planner-3]  did not replan 
[ccr_centralized_planner-3] 
[ccr_centralized_planner-3] [INFO] [1729085394.677586101] [ccr_centralized_planner]: Sent plan [9, 11, 35, 50, 51, 53, 39, 55, 56, 57, 5, 1] to robotA
[ccr_fake_execution-2] [INFO] [1729085394.677941486] [ccr_fake_execution]: got plan for robotA: [9, 11, 35, 50, 51, 53, 39, 55, 56, 57, 5, 1]
[ccr_fake_execution-2] [INFO] [1729085394.705175853] [ccr_fake_execution]: robotA: 9 -> 11
[ccr_centralized_planner-3] [INFO] [1729085394.705971362] [ccr_centralized_planner]: Received state 11 from robotA
[ccr_centralized_planner-3] [INFO] [1729085395.676897243] [ccr_centralized_planner]: 
[ccr_centralized_planner-3] 
[ccr_centralized_planner-3]  did not replan 
[ccr_centralized_planner-3] 
[ccr_centralized_planner-3] [INFO] [1729085395.677569512] [ccr_centralized_planner]: Sent plan [11, 35, 50, 51, 53, 39, 55, 56, 57, 5, 1] to robotA
[ccr_fake_execution-2] [INFO] [1729085395.677966445] [ccr_fake_execution]: got plan for robotA: [11, 35, 50, 51, 53, 39, 55, 56, 57, 5, 1]
[ccr_fake_execution-2] [INFO] [1729085395.705182137] [ccr_fake_execution]: robotA: 11 -> 35
[ccr_centralized_planner-3] [INFO] [1729085395.705990921] [ccr_centralized_planner]: Received state 35 from robotA
[ccr_centralized_planner-3] [INFO] [1729085396.676867609] [ccr_centralized_planner]: 
[ccr_centralized_planner-3] 
[ccr_centralized_planner-3]  did not replan 
[ccr_centralized_planner-3] 
[ccr_centralized_planner-3] [INFO] [1729085396.677543885] [ccr_centralized_planner]: Sent plan [35, 50, 51, 53, 39, 55, 56, 57, 5, 1] to robotA
[ccr_fake_execution-2] [INFO] [1729085396.677943644] [ccr_fake_execution]: got plan for robotA: [35, 50, 51, 53, 39, 55, 56, 57, 5, 1]
[ccr_fake_execution-2] [INFO] [1729085396.705271646] [ccr_fake_execution]: robotA: 35 -> 50
[ccr_centralized_planner-3] [INFO] [1729085396.706158246] [ccr_centralized_planner]: Received state 50 from robotA
[ccr_centralized_planner-3] [INFO] [1729085397.676869795] [ccr_centralized_planner]: 
[ccr_centralized_planner-3] 
[ccr_centralized_planner-3]  did not replan 
[ccr_centralized_planner-3] 
[ccr_centralized_planner-3] [INFO] [1729085397.677523679] [ccr_centralized_planner]: Sent plan [50, 51, 53, 39, 55, 56, 57, 5, 1] to robotA
[ccr_fake_execution-2] [INFO] [1729085397.677927646] [ccr_fake_execution]: got plan for robotA: [50, 51, 53, 39, 55, 56, 57, 5, 1]
[ccr_centralized_planner-3] [INFO] [1729085397.705435796] [ccr_centralized_planner]: Received state 50 from robotA
[ccr_centralized_planner-3] [INFO] [1729085398.676885797] [ccr_centralized_planner]: 
[ccr_centralized_planner-3] 
[ccr_centralized_planner-3]  did not replan 
[ccr_centralized_planner-3] 
[ccr_centralized_planner-3] [INFO] [1729085398.677566602] [ccr_centralized_planner]: Sent plan [50, 51, 53, 39, 55, 56, 57, 5, 1] to robotA
[ccr_fake_execution-2] [INFO] [1729085398.677967843] [ccr_fake_execution]: got plan for robotA: [50, 51, 53, 39, 55, 56, 57, 5, 1]
[ccr_centralized_planner-3] [INFO] [1729085398.705509926] [ccr_centralized_planner]: Received state 50 from robotA
[ccr_centralized_planner-3] [INFO] [1729085399.676872464] [ccr_centralized_planner]: 
[ccr_centralized_planner-3] 
[ccr_centralized_planner-3]  did not replan 
[ccr_centralized_planner-3] 
[ccr_centralized_planner-3] [INFO] [1729085399.677567215] [ccr_centralized_planner]: Sent plan [50, 51, 53, 39, 55, 56, 57, 5, 1] to robotA
[ccr_fake_execution-2] [INFO] [1729085399.677956183] [ccr_fake_execution]: got plan for robotA: [50, 51, 53, 39, 55, 56, 57, 5, 1]
[ccr_fake_execution-2] [INFO] [1729085399.705214535] [ccr_fake_execution]: robotA: 50 -> 51
[ccr_centralized_planner-3] [INFO] [1729085399.706046863] [ccr_centralized_planner]: Received state 51 from robotA
[ccr_centralized_planner-3] [INFO] [1729085400.676875892] [ccr_centralized_planner]: 
[ccr_centralized_planner-3] 
[ccr_centralized_planner-3]  did not replan 
[ccr_centralized_planner-3] 
[ccr_centralized_planner-3] [INFO] [1729085400.677557248] [ccr_centralized_planner]: Sent plan [51, 53, 39, 55, 56, 57, 5, 1] to robotA
[ccr_fake_execution-2] [INFO] [1729085400.677934384] [ccr_fake_execution]: got plan for robotA: [51, 53, 39, 55, 56, 57, 5, 1]
[ccr_centralized_planner-3] [INFO] [1729085400.705460808] [ccr_centralized_planner]: Received state 51 from robotA
[ccr_centralized_planner-3] [INFO] [1729085401.676894138] [ccr_centralized_planner]: 
[ccr_centralized_planner-3] 
[ccr_centralized_planner-3]  did not replan 
[ccr_centralized_planner-3] 
[ccr_centralized_planner-3] [INFO] [1729085401.677581786] [ccr_centralized_planner]: Sent plan [51, 53, 39, 55, 56, 57, 5, 1] to robotA
[ccr_fake_execution-2] [INFO] [1729085401.678024845] [ccr_fake_execution]: got plan for robotA: [51, 53, 39, 55, 56, 57, 5, 1]
[ccr_fake_execution-2] [INFO] [1729085401.705198649] [ccr_fake_execution]: robotA: 51 -> 53
[ccr_centralized_planner-3] [INFO] [1729085401.706043772] [ccr_centralized_planner]: Received state 53 from robotA
[ccr_centralized_planner-3] [INFO] [1729085402.676863232] [ccr_centralized_planner]: 
[ccr_centralized_planner-3] 
[ccr_centralized_planner-3]  did not replan 
[ccr_centralized_planner-3] 
[ccr_centralized_planner-3] [INFO] [1729085402.677587208] [ccr_centralized_planner]: Sent plan [53, 39, 55, 56, 57, 5, 1] to robotA
[ccr_fake_execution-2] [INFO] [1729085402.677933887] [ccr_fake_execution]: got plan for robotA: [53, 39, 55, 56, 57, 5, 1]
[ccr_fake_execution-2] [INFO] [1729085402.705197950] [ccr_fake_execution]: robotA: 53 -> 39
[ccr_centralized_planner-3] [INFO] [1729085402.706061046] [ccr_centralized_planner]: Received state 39 from robotA
[ccr_centralized_planner-3] [INFO] [1729085403.676900865] [ccr_centralized_planner]: 
[ccr_centralized_planner-3] 
[ccr_centralized_planner-3]  did not replan 
[ccr_centralized_planner-3] 
[ccr_centralized_planner-3] [INFO] [1729085403.677644817] [ccr_centralized_planner]: Sent plan [39, 55, 56, 57, 5, 1] to robotA
[ccr_fake_execution-2] [INFO] [1729085403.677992699] [ccr_fake_execution]: got plan for robotA: [39, 55, 56, 57, 5, 1]
[ccr_centralized_planner-3] [INFO] [1729085403.705485089] [ccr_centralized_planner]: Received state 39 from robotA
[ccr_centralized_planner-3] [INFO] [1729085404.676877132] [ccr_centralized_planner]: 
[ccr_centralized_planner-3] 
[ccr_centralized_planner-3]  did not replan 
[ccr_centralized_planner-3] 
[ccr_centralized_planner-3] [INFO] [1729085404.677563978] [ccr_centralized_planner]: Sent plan [39, 55, 56, 57, 5, 1] to robotA
[ccr_fake_execution-2] [INFO] [1729085404.677910607] [ccr_fake_execution]: got plan for robotA: [39, 55, 56, 57, 5, 1]
[ccr_fake_execution-2] [INFO] [1729085404.705195950] [ccr_fake_execution]: robotA: 39 -> 55
[ccr_centralized_planner-3] [INFO] [1729085404.705985558] [ccr_centralized_planner]: Received state 55 from robotA
[ccr_centralized_planner-3] [INFO] [1729085405.676867556] [ccr_centralized_planner]: 
[ccr_centralized_planner-3] 
[ccr_centralized_planner-3]  did not replan 
[ccr_centralized_planner-3] 
[ccr_centralized_planner-3] [INFO] [1729085405.677577325] [ccr_centralized_planner]: Sent plan [55, 56, 57, 5, 1] to robotA
[ccr_fake_execution-2] [INFO] [1729085405.677932971] [ccr_fake_execution]: got plan for robotA: [55, 56, 57, 5, 1]
[ccr_centralized_planner-3] [INFO] [1729085405.705529937] [ccr_centralized_planner]: Received state 55 from robotA
[ccr_centralized_planner-3] [INFO] [1729085406.676863049] [ccr_centralized_planner]: 
[ccr_centralized_planner-3] 
[ccr_centralized_planner-3]  did not replan 
[ccr_centralized_planner-3] 
[ccr_centralized_planner-3] [INFO] [1729085406.677524948] [ccr_centralized_planner]: Sent plan [55, 56, 57, 5, 1] to robotA
[ccr_fake_execution-2] [INFO] [1729085406.677936529] [ccr_fake_execution]: got plan for robotA: [55, 56, 57, 5, 1]
[ccr_fake_execution-2] [INFO] [1729085406.705333772] [ccr_fake_execution]: robotA: 55 -> 56
[ccr_centralized_planner-3] [INFO] [1729085406.706163475] [ccr_centralized_planner]: Received state 56 from robotA
[ccr_centralized_planner-3] [INFO] [1729085407.676856990] [ccr_centralized_planner]: 
[ccr_centralized_planner-3] 
[ccr_centralized_planner-3]  did not replan 
[ccr_centralized_planner-3] 
[ccr_centralized_planner-3] [INFO] [1729085407.677522696] [ccr_centralized_planner]: Sent plan [56, 57, 5, 1] to robotA
[ccr_fake_execution-2] [INFO] [1729085407.677886798] [ccr_fake_execution]: got plan for robotA: [56, 57, 5, 1]
[ccr_fake_execution-2] [INFO] [1729085407.705115475] [ccr_fake_execution]: robotA: 56 -> 57
[ccr_centralized_planner-3] [INFO] [1729085407.705961839] [ccr_centralized_planner]: Received state 57 from robotA
[ccr_centralized_planner-3] [INFO] [1729085408.676890305] [ccr_centralized_planner]: 
[ccr_centralized_planner-3] 
[ccr_centralized_planner-3]  did not replan 
[ccr_centralized_planner-3] 
[ccr_centralized_planner-3] [INFO] [1729085408.677595956] [ccr_centralized_planner]: Sent plan [57, 5, 1] to robotA
[ccr_fake_execution-2] [INFO] [1729085408.677990304] [ccr_fake_execution]: got plan for robotA: [57, 5, 1]
[ccr_fake_execution-2] [INFO] [1729085408.705265377] [ccr_fake_execution]: robotA: 57 -> 5
[ccr_centralized_planner-3] [INFO] [1729085408.706126690] [ccr_centralized_planner]: Received state 5 from robotA
[ccr_centralized_planner-3] [INFO] [1729085409.676876981] [ccr_centralized_planner]: 
[ccr_centralized_planner-3] 
[ccr_centralized_planner-3]  did not replan 
[ccr_centralized_planner-3] 
[ccr_centralized_planner-3] [INFO] [1729085409.677578605] [ccr_centralized_planner]: Sent plan [5, 1] to robotA
[ccr_fake_execution-2] [INFO] [1729085409.677919984] [ccr_fake_execution]: got plan for robotA: [5, 1]
[ccr_centralized_planner-3] [INFO] [1729085409.705409950] [ccr_centralized_planner]: Received state 5 from robotA
[ccr_centralized_planner-3] [INFO] [1729085410.676959728] [ccr_centralized_planner]: 
[ccr_centralized_planner-3] 
[ccr_centralized_planner-3]  did not replan 
[ccr_centralized_planner-3] 
[ccr_centralized_planner-3] [INFO] [1729085410.677665710] [ccr_centralized_planner]: Sent plan [5, 1] to robotA
[ccr_fake_execution-2] [INFO] [1729085410.678041033] [ccr_fake_execution]: got plan for robotA: [5, 1]
[ccr_centralized_planner-3] [INFO] [1729085410.705449536] [ccr_centralized_planner]: Received state 5 from robotA
[ccr_centralized_planner-3] [INFO] [1729085411.676878789] [ccr_centralized_planner]: 
[ccr_centralized_planner-3] 
[ccr_centralized_planner-3]  did not replan 
[ccr_centralized_planner-3] 
[ccr_centralized_planner-3] [INFO] [1729085411.677614255] [ccr_centralized_planner]: Sent plan [5, 1] to robotA
[ccr_fake_execution-2] [INFO] [1729085411.677983717] [ccr_fake_execution]: got plan for robotA: [5, 1]
[ccr_centralized_planner-3] [INFO] [1729085411.705304656] [ccr_centralized_planner]: Received state 5 from robotA
[ccr_centralized_planner-3] [INFO] [1729085412.676859144] [ccr_centralized_planner]: 
[ccr_centralized_planner-3] 
[ccr_centralized_planner-3]  did not replan 
[ccr_centralized_planner-3] 
[ccr_centralized_planner-3] [INFO] [1729085412.677519229] [ccr_centralized_planner]: Sent plan [5, 1] to robotA
[ccr_fake_execution-2] [INFO] [1729085412.677905623] [ccr_fake_execution]: got plan for robotA: [5, 1]
[ccr_fake_execution-2] [INFO] [1729085412.705141202] [ccr_fake_execution]: robotA: 5 -> 1
[ccr_centralized_planner-3] [INFO] [1729085412.705787272] [ccr_centralized_planner]: Received state 1 from robotA
[ccr_goal_provider-1] [INFO] [1729085412.705975294] [ccr_goal_provider]: [32mgoal completed:[0m robotA reached goal 1, going to goal 0 within state 9
[ccr_centralized_planner-3] [INFO] [1729085412.782990840] [ccr_centralized_planner]: Received goal 9 from robotA
[ccr_centralized_planner-3] [INFO] [1729085413.676934306] [ccr_centralized_planner]: 
[ccr_centralized_planner-3] 
[ccr_centralized_planner-3]  replaned due to new goal
[ccr_centralized_planner-3] 
[ccr_centralized_planner-3] [INFO] [1729085413.699042006] [ccr_centralized_planner]: Sent plan [1, 44, 45, 56, 55, 39, 53, 51, 32, 35, 10, 9] to robotA
[ccr_fake_execution-2] [INFO] [1729085413.699650465] [ccr_fake_execution]: got plan for robotA: [1, 44, 45, 56, 55, 39, 53, 51, 32, 35, 10, 9]
[ccr_fake_execution-2] [INFO] [1729085413.705119123] [ccr_fake_execution]: robotA: 1 -> 44
[ccr_centralized_planner-3] [INFO] [1729085413.705834983] [ccr_centralized_planner]: Received state 44 from robotA
[ccr_centralized_planner-3] [INFO] [1729085414.676864838] [ccr_centralized_planner]: 
[ccr_centralized_planner-3] 
[ccr_centralized_planner-3]  did not replan 
[ccr_centralized_planner-3] 
[ccr_centralized_planner-3] [INFO] [1729085414.677578584] [ccr_centralized_planner]: Sent plan [44, 45, 56, 55, 39, 53, 51, 32, 35, 10, 9] to robotA
[ccr_fake_execution-2] [INFO] [1729085414.677937035] [ccr_fake_execution]: got plan for robotA: [44, 45, 56, 55, 39, 53, 51, 32, 35, 10, 9]
[ccr_centralized_planner-3] [INFO] [1729085414.705419046] [ccr_centralized_planner]: Received state 44 from robotA
[ccr_centralized_planner-3] [INFO] [1729085415.676894415] [ccr_centralized_planner]: 
[ccr_centralized_planner-3] 
[ccr_centralized_planner-3]  did not replan 
[ccr_centralized_planner-3] 
[ccr_centralized_planner-3] [INFO] [1729085415.677559230] [ccr_centralized_planner]: Sent plan [44, 45, 56, 55, 39, 53, 51, 32, 35, 10, 9] to robotA
[ccr_fake_execution-2] [INFO] [1729085415.677952005] [ccr_fake_execution]: got plan for robotA: [44, 45, 56, 55, 39, 53, 51, 32, 35, 10, 9]
[ccr_fake_execution-2] [INFO] [1729085415.705167176] [ccr_fake_execution]: robotA: 44 -> 45
[ccr_centralized_planner-3] [INFO] [1729085415.705933792] [ccr_centralized_planner]: Received state 45 from robotA
[ccr_centralized_planner-3] [INFO] [1729085416.676855604] [ccr_centralized_planner]: 
[ccr_centralized_planner-3] 
[ccr_centralized_planner-3]  did not replan 
[ccr_centralized_planner-3] 
[ccr_centralized_planner-3] [INFO] [1729085416.677504850] [ccr_centralized_planner]: Sent plan [45, 56, 55, 39, 53, 51, 32, 35, 10, 9] to robotA
[ccr_fake_execution-2] [INFO] [1729085416.677921850] [ccr_fake_execution]: got plan for robotA: [45, 56, 55, 39, 53, 51, 32, 35, 10, 9]
[ccr_centralized_planner-3] [INFO] [1729085416.705293475] [ccr_centralized_planner]: Received state 45 from robotA
[ccr_centralized_planner-3] [INFO] [1729085417.676854183] [ccr_centralized_planner]: 
[ccr_centralized_planner-3] 
[ccr_centralized_planner-3]  did not replan 
[ccr_centralized_planner-3] 
[ccr_centralized_planner-3] [INFO] [1729085417.677495093] [ccr_centralized_planner]: Sent plan [45, 56, 55, 39, 53, 51, 32, 35, 10, 9] to robotA
[ccr_fake_execution-2] [INFO] [1729085417.677956567] [ccr_fake_execution]: got plan for robotA: [45, 56, 55, 39, 53, 51, 32, 35, 10, 9]
[ccr_fake_execution-2] [INFO] [1729085417.705174815] [ccr_fake_execution]: robotA: 45 -> 56
[ccr_centralized_planner-3] [INFO] [1729085417.706002054] [ccr_centralized_planner]: Received state 56 from robotA
[ccr_centralized_planner-3] [INFO] [1729085418.676881216] [ccr_centralized_planner]: 
[ccr_centralized_planner-3] 
[ccr_centralized_planner-3]  did not replan 
[ccr_centralized_planner-3] 
[ccr_centralized_planner-3] [INFO] [1729085418.677557582] [ccr_centralized_planner]: Sent plan [56, 55, 39, 53, 51, 32, 35, 10, 9] to robotA
[ccr_fake_execution-2] [INFO] [1729085418.677983239] [ccr_fake_execution]: got plan for robotA: [56, 55, 39, 53, 51, 32, 35, 10, 9]
[ccr_centralized_planner-3] [INFO] [1729085418.705445413] [ccr_centralized_planner]: Received state 56 from robotA
[ccr_centralized_planner-3] [INFO] [1729085419.676851031] [ccr_centralized_planner]: 
[ccr_centralized_planner-3] 
[ccr_centralized_planner-3]  did not replan 
[ccr_centralized_planner-3] 
[ccr_centralized_planner-3] [INFO] [1729085419.677524242] [ccr_centralized_planner]: Sent plan [56, 55, 39, 53, 51, 32, 35, 10, 9] to robotA
[ccr_fake_execution-2] [INFO] [1729085419.677869318] [ccr_fake_execution]: got plan for robotA: [56, 55, 39, 53, 51, 32, 35, 10, 9]
[ccr_centralized_planner-3] [INFO] [1729085419.705421480] [ccr_centralized_planner]: Received state 56 from robotA
[ccr_centralized_planner-3] [INFO] [1729085420.676852456] [ccr_centralized_planner]: 
[ccr_centralized_planner-3] 
[ccr_centralized_planner-3]  did not replan 
[ccr_centralized_planner-3] 
[ccr_centralized_planner-3] [INFO] [1729085420.677516198] [ccr_centralized_planner]: Sent plan [56, 55, 39, 53, 51, 32, 35, 10, 9] to robotA
[ccr_fake_execution-2] [INFO] [1729085420.677928991] [ccr_fake_execution]: got plan for robotA: [56, 55, 39, 53, 51, 32, 35, 10, 9]
[ccr_fake_execution-2] [INFO] [1729085420.705132782] [ccr_fake_execution]: robotA: 56 -> 55
[ccr_centralized_planner-3] [INFO] [1729085420.705950493] [ccr_centralized_planner]: Received state 55 from robotA
[ccr_centralized_planner-3] [INFO] [1729085421.676851626] [ccr_centralized_planner]: 
[ccr_centralized_planner-3] 
[ccr_centralized_planner-3]  did not replan 
[ccr_centralized_planner-3] 
[ccr_centralized_planner-3] [INFO] [1729085421.677537911] [ccr_centralized_planner]: Sent plan [55, 39, 53, 51, 32, 35, 10, 9] to robotA
[ccr_fake_execution-2] [INFO] [1729085421.677933582] [ccr_fake_execution]: got plan for robotA: [55, 39, 53, 51, 32, 35, 10, 9]
[ccr_fake_execution-2] [INFO] [1729085421.705163291] [ccr_fake_execution]: robotA: 55 -> 39
[ccr_centralized_planner-3] [INFO] [1729085421.705963388] [ccr_centralized_planner]: Received state 39 from robotA
[ccr_centralized_planner-3] [INFO] [1729085422.676857449] [ccr_centralized_planner]: 
[ccr_centralized_planner-3] 
[ccr_centralized_planner-3]  did not replan 
[ccr_centralized_planner-3] 
[ccr_centralized_planner-3] [INFO] [1729085422.677507626] [ccr_centralized_planner]: Sent plan [39, 53, 51, 32, 35, 10, 9] to robotA
[ccr_fake_execution-2] [INFO] [1729085422.677895292] [ccr_fake_execution]: got plan for robotA: [39, 53, 51, 32, 35, 10, 9]
[ccr_fake_execution-2] [INFO] [1729085422.705146411] [ccr_fake_execution]: robotA: 39 -> 53
[ccr_centralized_planner-3] [INFO] [1729085422.705978378] [ccr_centralized_planner]: Received state 53 from robotA
[ccr_centralized_planner-3] [INFO] [1729085423.676878340] [ccr_centralized_planner]: 
[ccr_centralized_planner-3] 
[ccr_centralized_planner-3]  did not replan 
[ccr_centralized_planner-3] 
[ccr_centralized_planner-3] [INFO] [1729085423.677576247] [ccr_centralized_planner]: Sent plan [53, 51, 32, 35, 10, 9] to robotA
[ccr_fake_execution-2] [INFO] [1729085423.677914160] [ccr_fake_execution]: got plan for robotA: [53, 51, 32, 35, 10, 9]
[ccr_fake_execution-2] [INFO] [1729085423.705170888] [ccr_fake_execution]: robotA: 53 -> 51
[ccr_centralized_planner-3] [INFO] [1729085423.706056316] [ccr_centralized_planner]: Received state 51 from robotA
[ccr_centralized_planner-3] [INFO] [1729085424.676847785] [ccr_centralized_planner]: 
[ccr_centralized_planner-3] 
[ccr_centralized_planner-3]  did not replan 
[ccr_centralized_planner-3] 
[ccr_centralized_planner-3] [INFO] [1729085424.677492602] [ccr_centralized_planner]: Sent plan [51, 32, 35, 10, 9] to robotA
[ccr_fake_execution-2] [INFO] [1729085424.677847306] [ccr_fake_execution]: got plan for robotA: [51, 32, 35, 10, 9]
[ccr_centralized_planner-3] [INFO] [1729085424.705401773] [ccr_centralized_planner]: Received state 51 from robotA
[ccr_centralized_planner-3] [INFO] [1729085425.676848178] [ccr_centralized_planner]: 
[ccr_centralized_planner-3] 
[ccr_centralized_planner-3]  did not replan 
[ccr_centralized_planner-3] 
[ccr_centralized_planner-3] [INFO] [1729085425.677514495] [ccr_centralized_planner]: Sent plan [51, 32, 35, 10, 9] to robotA
[ccr_fake_execution-2] [INFO] [1729085425.677875731] [ccr_fake_execution]: got plan for robotA: [51, 32, 35, 10, 9]
[ccr_centralized_planner-3] [INFO] [1729085425.705269918] [ccr_centralized_planner]: Received state 51 from robotA
[ccr_centralized_planner-3] [INFO] [1729085426.676847378] [ccr_centralized_planner]: 
[ccr_centralized_planner-3] 
[ccr_centralized_planner-3]  did not replan 
[ccr_centralized_planner-3] 
[ccr_centralized_planner-3] [INFO] [1729085426.677513956] [ccr_centralized_planner]: Sent plan [51, 32, 35, 10, 9] to robotA
[ccr_fake_execution-2] [INFO] [1729085426.677847570] [ccr_fake_execution]: got plan for robotA: [51, 32, 35, 10, 9]
[ccr_fake_execution-2] [INFO] [1729085426.705191332] [ccr_fake_execution]: robotA: 51 -> 32
[ccr_centralized_planner-3] [INFO] [1729085426.706024883] [ccr_centralized_planner]: Received state 32 from robotA
[ccr_centralized_planner-3] [INFO] [1729085427.676936567] [ccr_centralized_planner]: 
[ccr_centralized_planner-3] 
[ccr_centralized_planner-3]  did not replan 
[ccr_centralized_planner-3] 
[ccr_centralized_planner-3] [INFO] [1729085427.677655453] [ccr_centralized_planner]: Sent plan [32, 35, 10, 9] to robotA
[ccr_fake_execution-2] [INFO] [1729085427.678018592] [ccr_fake_execution]: got plan for robotA: [32, 35, 10, 9]
[ccr_fake_execution-2] [INFO] [1729085427.705216802] [ccr_fake_execution]: robotA: 32 -> 35
[ccr_centralized_planner-3] [INFO] [1729085427.706060121] [ccr_centralized_planner]: Received state 35 from robotA
[ccr_centralized_planner-3] [INFO] [1729085428.676844476] [ccr_centralized_planner]: 
[ccr_centralized_planner-3] 
[ccr_centralized_planner-3]  did not replan 
[ccr_centralized_planner-3] 
[ccr_centralized_planner-3] [INFO] [1729085428.677479315] [ccr_centralized_planner]: Sent plan [35, 10, 9] to robotA
[ccr_fake_execution-2] [INFO] [1729085428.677893230] [ccr_fake_execution]: got plan for robotA: [35, 10, 9]
[ccr_fake_execution-2] [INFO] [1729085428.705142094] [ccr_fake_execution]: robotA: 35 -> 10
[ccr_centralized_planner-3] [INFO] [1729085428.705923717] [ccr_centralized_planner]: Received state 10 from robotA
[ccr_centralized_planner-3] [INFO] [1729085429.676847874] [ccr_centralized_planner]: 
[ccr_centralized_planner-3] 
[ccr_centralized_planner-3]  did not replan 
[ccr_centralized_planner-3] 
[ccr_centralized_planner-3] [INFO] [1729085429.677505035] [ccr_centralized_planner]: Sent plan [10, 9] to robotA
[ccr_fake_execution-2] [INFO] [1729085429.677857975] [ccr_fake_execution]: got plan for robotA: [10, 9]
[ccr_centralized_planner-3] [INFO] [1729085429.705467004] [ccr_centralized_planner]: Received state 10 from robotA
[ccr_centralized_planner-3] [INFO] [1729085430.676846373] [ccr_centralized_planner]: 
[ccr_centralized_planner-3] 
[ccr_centralized_planner-3]  did not replan 
[ccr_centralized_planner-3] 
[ccr_centralized_planner-3] [INFO] [1729085430.677481132] [ccr_centralized_planner]: Sent plan [10, 9] to robotA
[ccr_fake_execution-2] [INFO] [1729085430.677844312] [ccr_fake_execution]: got plan for robotA: [10, 9]
[ccr_fake_execution-2] [INFO] [1729085430.705146446] [ccr_fake_execution]: robotA: 10 -> 9
[ccr_centralized_planner-3] [INFO] [1729085430.705930183] [ccr_centralized_planner]: Received state 9 from robotA
[ccr_goal_provider-1] [INFO] [1729085430.706155735] [ccr_goal_provider]: [32mgoal completed:[0m robotA reached goal 9, going to goal 1 within state 1
[ccr_centralized_planner-3] [INFO] [1729085430.782925111] [ccr_centralized_planner]: Received goal 1 from robotA
[ccr_centralized_planner-3] [INFO] [1729085431.676843680] [ccr_centralized_planner]: 
[ccr_centralized_planner-3] 
[ccr_centralized_planner-3]  replaned due to new goal
[ccr_centralized_planner-3] 
[ccr_centralized_planner-3] [INFO] [1729085431.698713114] [ccr_centralized_planner]: Sent plan [9, 11, 35, 50, 51, 53, 39, 55, 56, 57, 5, 1] to robotA
[ccr_fake_execution-2] [INFO] [1729085431.699415989] [ccr_fake_execution]: got plan for robotA: [9, 11, 35, 50, 51, 53, 39, 55, 56, 57, 5, 1]
[ccr_fake_execution-2] [INFO] [1729085431.705104319] [ccr_fake_execution]: robotA: 9 -> 11
[ccr_centralized_planner-3] [INFO] [1729085431.705536589] [ccr_centralized_planner]: Received state 11 from robotA
[ccr_centralized_planner-3] [INFO] [1729085432.676850324] [ccr_centralized_planner]: 
[ccr_centralized_planner-3] 
[ccr_centralized_planner-3]  did not replan 
[ccr_centralized_planner-3] 
[ccr_centralized_planner-3] [INFO] [1729085432.677515199] [ccr_centralized_planner]: Sent plan [11, 35, 50, 51, 53, 39, 55, 56, 57, 5, 1] to robotA
[ccr_fake_execution-2] [INFO] [1729085432.677731995] [ccr_fake_execution]: got plan for robotA: [11, 35, 50, 51, 53, 39, 55, 56, 57, 5, 1]
[ccr_fake_execution-2] [INFO] [1729085432.705116374] [ccr_fake_execution]: robotA: 11 -> 35
[ccr_centralized_planner-3] [INFO] [1729085432.705899840] [ccr_centralized_planner]: Received state 35 from robotA
[ccr_centralized_planner-3] [INFO] [1729085433.676855900] [ccr_centralized_planner]: 
[ccr_centralized_planner-3] 
[ccr_centralized_planner-3]  did not replan 
[ccr_centralized_planner-3] 
[ccr_centralized_planner-3] [INFO] [1729085433.677506308] [ccr_centralized_planner]: Sent plan [35, 50, 51, 53, 39, 55, 56, 57, 5, 1] to robotA
[ccr_fake_execution-2] [INFO] [1729085433.677738512] [ccr_fake_execution]: got plan for robotA: [35, 50, 51, 53, 39, 55, 56, 57, 5, 1]
[ccr_fake_execution-2] [INFO] [1729085433.705166681] [ccr_fake_execution]: robotA: 35 -> 50
[ccr_centralized_planner-3] [INFO] [1729085433.705957141] [ccr_centralized_planner]: Received state 50 from robotA
[ccr_centralized_planner-3] [INFO] [1729085434.676847025] [ccr_centralized_planner]: 
[ccr_centralized_planner-3] 
[ccr_centralized_planner-3]  did not replan 
[ccr_centralized_planner-3] 
[ccr_centralized_planner-3] [INFO] [1729085434.677496481] [ccr_centralized_planner]: Sent plan [50, 51, 53, 39, 55, 56, 57, 5, 1] to robotA
[ccr_fake_execution-2] [INFO] [1729085434.677785963] [ccr_fake_execution]: got plan for robotA: [50, 51, 53, 39, 55, 56, 57, 5, 1]
[ccr_fake_execution-2] [INFO] [1729085434.705122932] [ccr_fake_execution]: robotA: 50 -> 51
[ccr_centralized_planner-3] [INFO] [1729085434.705899125] [ccr_centralized_planner]: Received state 51 from robotA
[ccr_centralized_planner-3] [INFO] [1729085435.676874760] [ccr_centralized_planner]: 
[ccr_centralized_planner-3] 
[ccr_centralized_planner-3]  did not replan 
[ccr_centralized_planner-3] 
[ccr_centralized_planner-3] [INFO] [1729085435.677543141] [ccr_centralized_planner]: Sent plan [51, 53, 39, 55, 56, 57, 5, 1] to robotA
[ccr_fake_execution-2] [INFO] [1729085435.677840127] [ccr_fake_execution]: got plan for robotA: [51, 53, 39, 55, 56, 57, 5, 1]
[ccr_centralized_planner-3] [INFO] [1729085435.705419750] [ccr_centralized_planner]: Received state 51 from robotA
[ccr_centralized_planner-3] [INFO] [1729085436.676871927] [ccr_centralized_planner]: 
[ccr_centralized_planner-3] 
[ccr_centralized_planner-3]  did not replan 
[ccr_centralized_planner-3] 
[ccr_centralized_planner-3] [INFO] [1729085436.677541761] [ccr_centralized_planner]: Sent plan [51, 53, 39, 55, 56, 57, 5, 1] to robotA
[ccr_fake_execution-2] [INFO] [1729085436.677844468] [ccr_fake_execution]: got plan for robotA: [51, 53, 39, 55, 56, 57, 5, 1]
[ccr_centralized_planner-3] [INFO] [1729085436.705383705] [ccr_centralized_planner]: Received state 51 from robotA
[ccr_centralized_planner-3] [INFO] [1729085437.676867060] [ccr_centralized_planner]: 
[ccr_centralized_planner-3] 
[ccr_centralized_planner-3]  did not replan 
[ccr_centralized_planner-3] 
[ccr_centralized_planner-3] [INFO] [1729085437.677563985] [ccr_centralized_planner]: Sent plan [51, 53, 39, 55, 56, 57, 5, 1] to robotA
[ccr_fake_execution-2] [INFO] [1729085437.677859007] [ccr_fake_execution]: got plan for robotA: [51, 53, 39, 55, 56, 57, 5, 1]
[ccr_centralized_planner-3] [INFO] [1729085437.705407331] [ccr_centralized_planner]: Received state 51 from robotA
[ccr_centralized_planner-3] [INFO] [1729085438.676869908] [ccr_centralized_planner]: 
[ccr_centralized_planner-3] 
[ccr_centralized_planner-3]  did not replan 
[ccr_centralized_planner-3] 
[ccr_centralized_planner-3] [INFO] [1729085438.677548729] [ccr_centralized_planner]: Sent plan [51, 53, 39, 55, 56, 57, 5, 1] to robotA
[ccr_fake_execution-2] [INFO] [1729085438.677909995] [ccr_fake_execution]: got plan for robotA: [51, 53, 39, 55, 56, 57, 5, 1]
[ccr_centralized_planner-3] [INFO] [1729085438.705444233] [ccr_centralized_planner]: Received state 51 from robotA
[ccr_centralized_planner-3] [INFO] [1729085439.676917840] [ccr_centralized_planner]: 
[ccr_centralized_planner-3] 
[ccr_centralized_planner-3]  did not replan 
[ccr_centralized_planner-3] 
[ccr_centralized_planner-3] [INFO] [1729085439.677588976] [ccr_centralized_planner]: Sent plan [51, 53, 39, 55, 56, 57, 5, 1] to robotA
[ccr_fake_execution-2] [INFO] [1729085439.677970751] [ccr_fake_execution]: got plan for robotA: [51, 53, 39, 55, 56, 57, 5, 1]
[ccr_fake_execution-2] [INFO] [1729085439.705160614] [ccr_fake_execution]: robotA: 51 -> 53
[ccr_centralized_planner-3] [INFO] [1729085439.706005907] [ccr_centralized_planner]: Received state 53 from robotA
[ccr_centralized_planner-3] [INFO] [1729085440.676915468] [ccr_centralized_planner]: 
[ccr_centralized_planner-3] 
[ccr_centralized_planner-3]  did not replan 
[ccr_centralized_planner-3] 
[ccr_centralized_planner-3] [INFO] [1729085440.677599779] [ccr_centralized_planner]: Sent plan [53, 39, 55, 56, 57, 5, 1] to robotA
[ccr_fake_execution-2] [INFO] [1729085440.678000108] [ccr_fake_execution]: got plan for robotA: [53, 39, 55, 56, 57, 5, 1]
[ccr_fake_execution-2] [INFO] [1729085440.705159294] [ccr_fake_execution]: robotA: 53 -> 39
[ccr_centralized_planner-3] [INFO] [1729085440.705906363] [ccr_centralized_planner]: Received state 39 from robotA
[ccr_centralized_planner-3] [INFO] [1729085441.676909379] [ccr_centralized_planner]: 
[ccr_centralized_planner-3] 
[ccr_centralized_planner-3]  did not replan 
[ccr_centralized_planner-3] 
[ccr_centralized_planner-3] [INFO] [1729085441.677549948] [ccr_centralized_planner]: Sent plan [39, 55, 56, 57, 5, 1] to robotA
[ccr_fake_execution-2] [INFO] [1729085441.677952702] [ccr_fake_execution]: got plan for robotA: [39, 55, 56, 57, 5, 1]
[ccr_fake_execution-2] [INFO] [1729085441.705180726] [ccr_fake_execution]: robotA: 39 -> 55
[ccr_centralized_planner-3] [INFO] [1729085441.705946420] [ccr_centralized_planner]: Received state 55 from robotA
[ccr_centralized_planner-3] [INFO] [1729085442.676890717] [ccr_centralized_planner]: 
[ccr_centralized_planner-3] 
[ccr_centralized_planner-3]  did not replan 
[ccr_centralized_planner-3] 
[ccr_centralized_planner-3] [INFO] [1729085442.677539952] [ccr_centralized_planner]: Sent plan [55, 56, 57, 5, 1] to robotA
[ccr_fake_execution-2] [INFO] [1729085442.677968054] [ccr_fake_execution]: got plan for robotA: [55, 56, 57, 5, 1]
[ccr_fake_execution-2] [INFO] [1729085442.705166372] [ccr_fake_execution]: robotA: 55 -> 56
[ccr_centralized_planner-3] [INFO] [1729085442.705907540] [ccr_centralized_planner]: Received state 56 from robotA
[ccr_centralized_planner-3] [INFO] [1729085443.676884507] [ccr_centralized_planner]: 
[ccr_centralized_planner-3] 
[ccr_centralized_planner-3]  did not replan 
[ccr_centralized_planner-3] 
[ccr_centralized_planner-3] [INFO] [1729085443.677537109] [ccr_centralized_planner]: Sent plan [56, 57, 5, 1] to robotA
[ccr_fake_execution-2] [INFO] [1729085443.677987241] [ccr_fake_execution]: got plan for robotA: [56, 57, 5, 1]
[ccr_fake_execution-2] [INFO] [1729085443.705158780] [ccr_fake_execution]: robotA: 56 -> 57
[ccr_centralized_planner-3] [INFO] [1729085443.705912311] [ccr_centralized_planner]: Received state 57 from robotA
[ccr_centralized_planner-3] [INFO] [1729085444.676894889] [ccr_centralized_planner]: 
[ccr_centralized_planner-3] 
[ccr_centralized_planner-3]  did not replan 
[ccr_centralized_planner-3] 
[ccr_centralized_planner-3] [INFO] [1729085444.677552380] [ccr_centralized_planner]: Sent plan [57, 5, 1] to robotA
[ccr_fake_execution-2] [INFO] [1729085444.677925539] [ccr_fake_execution]: got plan for robotA: [57, 5, 1]
[ccr_fake_execution-2] [INFO] [1729085444.705153593] [ccr_fake_execution]: robotA: 57 -> 5
[ccr_centralized_planner-3] [INFO] [1729085444.705914958] [ccr_centralized_planner]: Received state 5 from robotA
[ccr_centralized_planner-3] [INFO] [1729085445.676899500] [ccr_centralized_planner]: 
[ccr_centralized_planner-3] 
[ccr_centralized_planner-3]  did not replan 
[ccr_centralized_planner-3] 
[ccr_centralized_planner-3] [INFO] [1729085445.677545058] [ccr_centralized_planner]: Sent plan [5, 1] to robotA
[ccr_fake_execution-2] [INFO] [1729085445.678026920] [ccr_fake_execution]: got plan for robotA: [5, 1]
[ccr_centralized_planner-3] [INFO] [1729085445.705402832] [ccr_centralized_planner]: Received state 5 from robotA
[ccr_centralized_planner-3] [INFO] [1729085446.676883092] [ccr_centralized_planner]: 
[ccr_centralized_planner-3] 
[ccr_centralized_planner-3]  did not replan 
[ccr_centralized_planner-3] 
[ccr_centralized_planner-3] [INFO] [1729085446.677524352] [ccr_centralized_planner]: Sent plan [5, 1] to robotA
[ccr_fake_execution-2] [INFO] [1729085446.677880629] [ccr_fake_execution]: got plan for robotA: [5, 1]
[ccr_centralized_planner-3] [INFO] [1729085446.705352520] [ccr_centralized_planner]: Received state 5 from robotA
[ccr_centralized_planner-3] [INFO] [1729085447.676914472] [ccr_centralized_planner]: 
[ccr_centralized_planner-3] 
[ccr_centralized_planner-3]  did not replan 
[ccr_centralized_planner-3] 
[ccr_centralized_planner-3] [INFO] [1729085447.677653075] [ccr_centralized_planner]: Sent plan [5, 1] to robotA
[ccr_fake_execution-2] [INFO] [1729085447.678089232] [ccr_fake_execution]: got plan for robotA: [5, 1]
[ccr_centralized_planner-3] [INFO] [1729085447.705325852] [ccr_centralized_planner]: Received state 5 from robotA
[ccr_centralized_planner-3] [INFO] [1729085448.676889418] [ccr_centralized_planner]: 
[ccr_centralized_planner-3] 
[ccr_centralized_planner-3]  did not replan 
[ccr_centralized_planner-3] 
[ccr_centralized_planner-3] [INFO] [1729085448.677537281] [ccr_centralized_planner]: Sent plan [5, 1] to robotA
[ccr_fake_execution-2] [INFO] [1729085448.677925899] [ccr_fake_execution]: got plan for robotA: [5, 1]
[ccr_fake_execution-2] [INFO] [1729085448.705213284] [ccr_fake_execution]: robotA: 5 -> 1
[ccr_centralized_planner-3] [INFO] [1729085448.706009986] [ccr_centralized_planner]: Received state 1 from robotA
[ccr_goal_provider-1] [INFO] [1729085448.706242140] [ccr_goal_provider]: [32mgoal completed:[0m robotA reached goal 1, going to goal 0 within state 9
[ccr_centralized_planner-3] [INFO] [1729085448.783010020] [ccr_centralized_planner]: Received goal 9 from robotA
[ccr_centralized_planner-3] [INFO] [1729085449.676882377] [ccr_centralized_planner]: 
[ccr_centralized_planner-3] 
[ccr_centralized_planner-3]  replaned due to new goal
[ccr_centralized_planner-3] 
[ccr_centralized_planner-3] [INFO] [1729085449.697929240] [ccr_centralized_planner]: Sent plan [1, 44, 45, 56, 55, 39, 53, 51, 32, 35, 10, 9] to robotA
[ccr_fake_execution-2] [INFO] [1729085449.698574337] [ccr_fake_execution]: got plan for robotA: [1, 44, 45, 56, 55, 39, 53, 51, 32, 35, 10, 9]
[ccr_centralized_planner-3] [INFO] [1729085449.705197847] [ccr_centralized_planner]: Received state 1 from robotA
[ccr_centralized_planner-3] [INFO] [1729085450.676884103] [ccr_centralized_planner]: 
[ccr_centralized_planner-3] 
[ccr_centralized_planner-3]  did not replan 
[ccr_centralized_planner-3] 
[ccr_centralized_planner-3] [INFO] [1729085450.677487182] [ccr_centralized_planner]: Sent plan [1, 44, 45, 56, 55, 39, 53, 51, 32, 35, 10, 9] to robotA
[ccr_fake_execution-2] [INFO] [1729085450.677911837] [ccr_fake_execution]: got plan for robotA: [1, 44, 45, 56, 55, 39, 53, 51, 32, 35, 10, 9]
[ccr_fake_execution-2] [INFO] [1729085450.705164638] [ccr_fake_execution]: robotA: 1 -> 44
[ccr_centralized_planner-3] [INFO] [1729085450.705930371] [ccr_centralized_planner]: Received state 44 from robotA
[ccr_centralized_planner-3] [INFO] [1729085451.676887601] [ccr_centralized_planner]: 
[ccr_centralized_planner-3] 
[ccr_centralized_planner-3]  did not replan 
[ccr_centralized_planner-3] 
[ccr_centralized_planner-3] [INFO] [1729085451.677492203] [ccr_centralized_planner]: Sent plan [44, 45, 56, 55, 39, 53, 51, 32, 35, 10, 9] to robotA
[ccr_fake_execution-2] [INFO] [1729085451.677938469] [ccr_fake_execution]: got plan for robotA: [44, 45, 56, 55, 39, 53, 51, 32, 35, 10, 9]
[ccr_fake_execution-2] [INFO] [1729085451.705335680] [ccr_fake_execution]: robotA: 44 -> 45
[ccr_centralized_planner-3] [INFO] [1729085451.706151087] [ccr_centralized_planner]: Received state 45 from robotA
[ccr_centralized_planner-3] [INFO] [1729085452.676925525] [ccr_centralized_planner]: 
[ccr_centralized_planner-3] 
[ccr_centralized_planner-3]  did not replan 
[ccr_centralized_planner-3] 
[ccr_centralized_planner-3] [INFO] [1729085452.677572116] [ccr_centralized_planner]: Sent plan [45, 56, 55, 39, 53, 51, 32, 35, 10, 9] to robotA
[ccr_fake_execution-2] [INFO] [1729085452.678036465] [ccr_fake_execution]: got plan for robotA: [45, 56, 55, 39, 53, 51, 32, 35, 10, 9]
[ccr_fake_execution-2] [INFO] [1729085452.705197454] [ccr_fake_execution]: robotA: 45 -> 56
[ccr_centralized_planner-3] [INFO] [1729085452.705974038] [ccr_centralized_planner]: Received state 56 from robotA
[ccr_centralized_planner-3] [INFO] [1729085453.676884791] [ccr_centralized_planner]: 
[ccr_centralized_planner-3] 
[ccr_centralized_planner-3]  did not replan 
[ccr_centralized_planner-3] 
[ccr_centralized_planner-3] [INFO] [1729085453.677484794] [ccr_centralized_planner]: Sent plan [56, 55, 39, 53, 51, 32, 35, 10, 9] to robotA
[ccr_fake_execution-2] [INFO] [1729085453.677986153] [ccr_fake_execution]: got plan for robotA: [56, 55, 39, 53, 51, 32, 35, 10, 9]
[ccr_fake_execution-2] [INFO] [1729085453.705114340] [ccr_fake_execution]: robotA: 56 -> 55
[ccr_centralized_planner-3] [INFO] [1729085453.705882949] [ccr_centralized_planner]: Received state 55 from robotA
[ccr_centralized_planner-3] [INFO] [1729085454.676888420] [ccr_centralized_planner]: 
[ccr_centralized_planner-3] 
[ccr_centralized_planner-3]  did not replan 
[ccr_centralized_planner-3] 
[ccr_centralized_planner-3] [INFO] [1729085454.677497190] [ccr_centralized_planner]: Sent plan [55, 39, 53, 51, 32, 35, 10, 9] to robotA
[ccr_fake_execution-2] [INFO] [1729085454.677833770] [ccr_fake_execution]: got plan for robotA: [55, 39, 53, 51, 32, 35, 10, 9]
[ccr_fake_execution-2] [INFO] [1729085454.705121566] [ccr_fake_execution]: robotA: 55 -> 39
[ccr_centralized_planner-3] [INFO] [1729085454.705871681] [ccr_centralized_planner]: Received state 39 from robotA
[ccr_centralized_planner-3] [INFO] [1729085455.676884625] [ccr_centralized_planner]: 
[ccr_centralized_planner-3] 
[ccr_centralized_planner-3]  did not replan 
[ccr_centralized_planner-3] 
[ccr_centralized_planner-3] [INFO] [1729085455.677518111] [ccr_centralized_planner]: Sent plan [39, 53, 51, 32, 35, 10, 9] to robotA
[ccr_fake_execution-2] [INFO] [1729085455.677766296] [ccr_fake_execution]: got plan for robotA: [39, 53, 51, 32, 35, 10, 9]
[ccr_fake_execution-2] [INFO] [1729085455.705140594] [ccr_fake_execution]: robotA: 39 -> 53
[ccr_centralized_planner-3] [INFO] [1729085455.706168388] [ccr_centralized_planner]: Received state 53 from robotA
[ccr_centralized_planner-3] [INFO] [1729085456.676895969] [ccr_centralized_planner]: 
[ccr_centralized_planner-3] 
[ccr_centralized_planner-3]  did not replan 
[ccr_centralized_planner-3] 
[ccr_centralized_planner-3] [INFO] [1729085456.677500030] [ccr_centralized_planner]: Sent plan [53, 51, 32, 35, 10, 9] to robotA
[ccr_fake_execution-2] [INFO] [1729085456.677784943] [ccr_fake_execution]: got plan for robotA: [53, 51, 32, 35, 10, 9]
[ccr_fake_execution-2] [INFO] [1729085456.705142250] [ccr_fake_execution]: robotA: 53 -> 51
[ccr_centralized_planner-3] [INFO] [1729085456.706123306] [ccr_centralized_planner]: Received state 51 from robotA
[ccr_centralized_planner-3] [INFO] [1729085457.676923733] [ccr_centralized_planner]: 
[ccr_centralized_planner-3] 
[ccr_centralized_planner-3]  did not replan 
[ccr_centralized_planner-3] 
[ccr_centralized_planner-3] [INFO] [1729085457.677557760] [ccr_centralized_planner]: Sent plan [51, 32, 35, 10, 9] to robotA
[ccr_fake_execution-2] [INFO] [1729085457.678041386] [ccr_fake_execution]: got plan for robotA: [51, 32, 35, 10, 9]
[ccr_centralized_planner-3] [INFO] [1729085457.705365420] [ccr_centralized_planner]: Received state 51 from robotA
[ccr_centralized_planner-3] [INFO] [1729085458.676896345] [ccr_centralized_planner]: 
[ccr_centralized_planner-3] 
[ccr_centralized_planner-3]  did not replan 
[ccr_centralized_planner-3] 
[ccr_centralized_planner-3] [INFO] [1729085458.677520754] [ccr_centralized_planner]: Sent plan [51, 32, 35, 10, 9] to robotA
[ccr_fake_execution-2] [INFO] [1729085458.677768527] [ccr_fake_execution]: got plan for robotA: [51, 32, 35, 10, 9]
[ccr_fake_execution-2] [INFO] [1729085458.705145871] [ccr_fake_execution]: robotA: 51 -> 32
[ccr_centralized_planner-3] [INFO] [1729085458.705877691] [ccr_centralized_planner]: Received state 32 from robotA
[ccr_centralized_planner-3] [INFO] [1729085459.676892009] [ccr_centralized_planner]: 
[ccr_centralized_planner-3] 
[ccr_centralized_planner-3]  did not replan 
[ccr_centralized_planner-3] 
[ccr_centralized_planner-3] [INFO] [1729085459.677512340] [ccr_centralized_planner]: Sent plan [32, 35, 10, 9] to robotA
[ccr_fake_execution-2] [INFO] [1729085459.677791493] [ccr_fake_execution]: got plan for robotA: [32, 35, 10, 9]
[ccr_fake_execution-2] [INFO] [1729085459.705141867] [ccr_fake_execution]: robotA: 32 -> 35
[ccr_centralized_planner-3] [INFO] [1729085459.705888785] [ccr_centralized_planner]: Received state 35 from robotA
[ccr_centralized_planner-3] [INFO] [1729085460.676892883] [ccr_centralized_planner]: 
[ccr_centralized_planner-3] 
[ccr_centralized_planner-3]  did not replan 
[ccr_centralized_planner-3] 
[ccr_centralized_planner-3] [INFO] [1729085460.677515278] [ccr_centralized_planner]: Sent plan [35, 10, 9] to robotA
[ccr_fake_execution-2] [INFO] [1729085460.677779172] [ccr_fake_execution]: got plan for robotA: [35, 10, 9]
[ccr_fake_execution-2] [INFO] [1729085460.705140416] [ccr_fake_execution]: robotA: 35 -> 10
[ccr_centralized_planner-3] [INFO] [1729085460.705887154] [ccr_centralized_planner]: Received state 10 from robotA
[ccr_centralized_planner-3] [INFO] [1729085461.676911770] [ccr_centralized_planner]: 
[ccr_centralized_planner-3] 
[ccr_centralized_planner-3]  did not replan 
[ccr_centralized_planner-3] 
[ccr_centralized_planner-3] [INFO] [1729085461.677570293] [ccr_centralized_planner]: Sent plan [10, 9] to robotA
[ccr_fake_execution-2] [INFO] [1729085461.677812978] [ccr_fake_execution]: got plan for robotA: [10, 9]
[ccr_fake_execution-2] [INFO] [1729085461.705121804] [ccr_fake_execution]: robotA: 10 -> 9
[ccr_centralized_planner-3] [INFO] [1729085461.705886866] [ccr_centralized_planner]: Received state 9 from robotA
[ccr_goal_provider-1] [INFO] [1729085461.705974580] [ccr_goal_provider]: [32mgoal completed:[0m robotA reached goal 9, going to goal 1 within state 1
[ccr_centralized_planner-3] [INFO] [1729085461.782935481] [ccr_centralized_planner]: Received goal 1 from robotA
[ccr_centralized_planner-3] [INFO] [1729085462.676903317] [ccr_centralized_planner]: 
[ccr_centralized_planner-3] 
[ccr_centralized_planner-3]  replaned due to new goal
[ccr_centralized_planner-3] 
[ccr_centralized_planner-3] [INFO] [1729085462.699166557] [ccr_centralized_planner]: Sent plan [9, 11, 35, 50, 51, 53, 39, 55, 56, 57, 5, 1] to robotA
[ccr_fake_execution-2] [INFO] [1729085462.699716406] [ccr_fake_execution]: got plan for robotA: [9, 11, 35, 50, 51, 53, 39, 55, 56, 57, 5, 1]
[ccr_fake_execution-2] [INFO] [1729085462.705150740] [ccr_fake_execution]: robotA: 9 -> 11
[ccr_centralized_planner-3] [INFO] [1729085462.705565857] [ccr_centralized_planner]: Received state 11 from robotA
[ccr_centralized_planner-3] [INFO] [1729085463.676959154] [ccr_centralized_planner]: 
[ccr_centralized_planner-3] 
[ccr_centralized_planner-3]  did not replan 
[ccr_centralized_planner-3] 
[ccr_centralized_planner-3] [INFO] [1729085463.677699881] [ccr_centralized_planner]: Sent plan [11, 35, 50, 51, 53, 39, 55, 56, 57, 5, 1] to robotA
[ccr_fake_execution-2] [INFO] [1729085463.677925053] [ccr_fake_execution]: got plan for robotA: [11, 35, 50, 51, 53, 39, 55, 56, 57, 5, 1]
[ccr_centralized_planner-3] [INFO] [1729085463.705443290] [ccr_centralized_planner]: Received state 11 from robotA
[ccr_centralized_planner-3] [INFO] [1729085464.676918781] [ccr_centralized_planner]: 
[ccr_centralized_planner-3] 
[ccr_centralized_planner-3]  did not replan 
[ccr_centralized_planner-3] 
[ccr_centralized_planner-3] [INFO] [1729085464.677673063] [ccr_centralized_planner]: Sent plan [11, 35, 50, 51, 53, 39, 55, 56, 57, 5, 1] to robotA
[ccr_fake_execution-2] [INFO] [1729085464.677884559] [ccr_fake_execution]: got plan for robotA: [11, 35, 50, 51, 53, 39, 55, 56, 57, 5, 1]
[ccr_centralized_planner-3] [INFO] [1729085464.705348795] [ccr_centralized_planner]: Received state 11 from robotA
[ccr_centralized_planner-3] [INFO] [1729085465.676942588] [ccr_centralized_planner]: 
[ccr_centralized_planner-3] 
[ccr_centralized_planner-3]  did not replan 
[ccr_centralized_planner-3] 
[ccr_centralized_planner-3] [INFO] [1729085465.677588597] [ccr_centralized_planner]: Sent plan [11, 35, 50, 51, 53, 39, 55, 56, 57, 5, 1] to robotA
[ccr_fake_execution-2] [INFO] [1729085465.677844567] [ccr_fake_execution]: got plan for robotA: [11, 35, 50, 51, 53, 39, 55, 56, 57, 5, 1]
[ccr_fake_execution-2] [INFO] [1729085465.705140398] [ccr_fake_execution]: robotA: 11 -> 35
[ccr_centralized_planner-3] [INFO] [1729085465.705853503] [ccr_centralized_planner]: Received state 35 from robotA
[ccr_centralized_planner-3] [INFO] [1729085466.676919166] [ccr_centralized_planner]: 
[ccr_centralized_planner-3] 
[ccr_centralized_planner-3]  did not replan 
[ccr_centralized_planner-3] 
[ccr_centralized_planner-3] [INFO] [1729085466.677540279] [ccr_centralized_planner]: Sent plan [35, 50, 51, 53, 39, 55, 56, 57, 5, 1] to robotA
[ccr_fake_execution-2] [INFO] [1729085466.677799434] [ccr_fake_execution]: got plan for robotA: [35, 50, 51, 53, 39, 55, 56, 57, 5, 1]
[ccr_fake_execution-2] [INFO] [1729085466.705139899] [ccr_fake_execution]: robotA: 35 -> 50
[ccr_centralized_planner-3] [INFO] [1729085466.705829901] [ccr_centralized_planner]: Received state 50 from robotA
[ccr_centralized_planner-3] [INFO] [1729085467.676930670] [ccr_centralized_planner]: 
[ccr_centralized_planner-3] 
[ccr_centralized_planner-3]  did not replan 
[ccr_centralized_planner-3] 
[ccr_centralized_planner-3] [INFO] [1729085467.677540652] [ccr_centralized_planner]: Sent plan [50, 51, 53, 39, 55, 56, 57, 5, 1] to robotA
[ccr_fake_execution-2] [INFO] [1729085467.677809025] [ccr_fake_execution]: got plan for robotA: [50, 51, 53, 39, 55, 56, 57, 5, 1]
[ccr_centralized_planner-3] [INFO] [1729085467.705326020] [ccr_centralized_planner]: Received state 50 from robotA
[ccr_centralized_planner-3] [INFO] [1729085468.676935311] [ccr_centralized_planner]: 
[ccr_centralized_planner-3] 
[ccr_centralized_planner-3]  did not replan 
[ccr_centralized_planner-3] 
[ccr_centralized_planner-3] [INFO] [1729085468.677598332] [ccr_centralized_planner]: Sent plan [50, 51, 53, 39, 55, 56, 57, 5, 1] to robotA
[ccr_fake_execution-2] [INFO] [1729085468.678023027] [ccr_fake_execution]: got plan for robotA: [50, 51, 53, 39, 55, 56, 57, 5, 1]
[ccr_centralized_planner-3] [INFO] [1729085468.705420088] [ccr_centralized_planner]: Received state 50 from robotA
[ccr_centralized_planner-3] [INFO] [1729085469.676986520] [ccr_centralized_planner]: 
[ccr_centralized_planner-3] 
[ccr_centralized_planner-3]  did not replan 
[ccr_centralized_planner-3] 
[ccr_centralized_planner-3] [INFO] [1729085469.677666903] [ccr_centralized_planner]: Sent plan [50, 51, 53, 39, 55, 56, 57, 5, 1] to robotA
[ccr_fake_execution-2] [INFO] [1729085469.678038409] [ccr_fake_execution]: got plan for robotA: [50, 51, 53, 39, 55, 56, 57, 5, 1]
[ccr_fake_execution-2] [INFO] [1729085469.705144154] [ccr_fake_execution]: robotA: 50 -> 51
[ccr_centralized_planner-3] [INFO] [1729085469.705928312] [ccr_centralized_planner]: Received state 51 from robotA
[ccr_centralized_planner-3] [INFO] [1729085470.676974499] [ccr_centralized_planner]: 
[ccr_centralized_planner-3] 
[ccr_centralized_planner-3]  did not replan 
[ccr_centralized_planner-3] 
[ccr_centralized_planner-3] [INFO] [1729085470.677668528] [ccr_centralized_planner]: Sent plan [51, 53, 39, 55, 56, 57, 5, 1] to robotA
[ccr_fake_execution-2] [INFO] [1729085470.678030115] [ccr_fake_execution]: got plan for robotA: [51, 53, 39, 55, 56, 57, 5, 1]
[ccr_fake_execution-2] [INFO] [1729085470.705107177] [ccr_fake_execution]: robotA: 51 -> 53
[ccr_centralized_planner-3] [INFO] [1729085470.705835661] [ccr_centralized_planner]: Received state 53 from robotA
[ccr_centralized_planner-3] [INFO] [1729085471.676935859] [ccr_centralized_planner]: 
[ccr_centralized_planner-3] 
[ccr_centralized_planner-3]  did not replan 
[ccr_centralized_planner-3] 
[ccr_centralized_planner-3] [INFO] [1729085471.677591166] [ccr_centralized_planner]: Sent plan [53, 39, 55, 56, 57, 5, 1] to robotA
[ccr_fake_execution-2] [INFO] [1729085471.678057419] [ccr_fake_execution]: got plan for robotA: [53, 39, 55, 56, 57, 5, 1]
[ccr_fake_execution-2] [INFO] [1729085471.705426457] [ccr_fake_execution]: robotA: 53 -> 39
[ccr_centralized_planner-3] [INFO] [1729085471.706210355] [ccr_centralized_planner]: Received state 39 from robotA
[ccr_centralized_planner-3] [INFO] [1729085472.676884615] [ccr_centralized_planner]: 
[ccr_centralized_planner-3] 
[ccr_centralized_planner-3]  did not replan 
[ccr_centralized_planner-3] 
[ccr_centralized_planner-3] [INFO] [1729085472.677512942] [ccr_centralized_planner]: Sent plan [39, 55, 56, 57, 5, 1] to robotA
[ccr_fake_execution-2] [INFO] [1729085472.677934210] [ccr_fake_execution]: got plan for robotA: [39, 55, 56, 57, 5, 1]
[ccr_fake_execution-2] [INFO] [1729085472.705125165] [ccr_fake_execution]: robotA: 39 -> 55
[ccr_centralized_planner-3] [INFO] [1729085472.705903903] [ccr_centralized_planner]: Received state 55 from robotA
[ccr_centralized_planner-3] [INFO] [1729085473.676881993] [ccr_centralized_planner]: 
[ccr_centralized_planner-3] 
[ccr_centralized_planner-3]  did not replan 
[ccr_centralized_planner-3] 
[ccr_centralized_planner-3] [INFO] [1729085473.677500721] [ccr_centralized_planner]: Sent plan [55, 56, 57, 5, 1] to robotA
[ccr_fake_execution-2] [INFO] [1729085473.677924896] [ccr_fake_execution]: got plan for robotA: [55, 56, 57, 5, 1]
[ccr_centralized_planner-3] [INFO] [1729085473.705377270] [ccr_centralized_planner]: Received state 55 from robotA
[ccr_centralized_planner-3] [INFO] [1729085474.676897664] [ccr_centralized_planner]: 
[ccr_centralized_planner-3] 
[ccr_centralized_planner-3]  did not replan 
[ccr_centralized_planner-3] 
[ccr_centralized_planner-3] [INFO] [1729085474.677504410] [ccr_centralized_planner]: Sent plan [55, 56, 57, 5, 1] to robotA
[ccr_fake_execution-2] [INFO] [1729085474.677890613] [ccr_fake_execution]: got plan for robotA: [55, 56, 57, 5, 1]
[ccr_centralized_planner-3] [INFO] [1729085474.705395606] [ccr_centralized_planner]: Received state 55 from robotA
[ccr_centralized_planner-3] [INFO] [1729085475.676858975] [ccr_centralized_planner]: 
[ccr_centralized_planner-3] 
[ccr_centralized_planner-3]  did not replan 
[ccr_centralized_planner-3] 
[ccr_centralized_planner-3] [INFO] [1729085475.677547504] [ccr_centralized_planner]: Sent plan [55, 56, 57, 5, 1] to robotA
[ccr_fake_execution-2] [INFO] [1729085475.677860720] [ccr_fake_execution]: got plan for robotA: [55, 56, 57, 5, 1]
[ccr_fake_execution-2] [INFO] [1729085475.705160248] [ccr_fake_execution]: robotA: 55 -> 56
[ccr_centralized_planner-3] [INFO] [1729085475.706194595] [ccr_centralized_planner]: Received state 56 from robotA
[ccr_centralized_planner-3] [INFO] [1729085476.676884504] [ccr_centralized_planner]: 
[ccr_centralized_planner-3] 
[ccr_centralized_planner-3]  did not replan 
[ccr_centralized_planner-3] 
[ccr_centralized_planner-3] [INFO] [1729085476.677510607] [ccr_centralized_planner]: Sent plan [56, 57, 5, 1] to robotA
[ccr_fake_execution-2] [INFO] [1729085476.677949258] [ccr_fake_execution]: got plan for robotA: [56, 57, 5, 1]
[ccr_fake_execution-2] [INFO] [1729085476.705128110] [ccr_fake_execution]: robotA: 56 -> 57
[ccr_centralized_planner-3] [INFO] [1729085476.705943567] [ccr_centralized_planner]: Received state 57 from robotA
[ccr_centralized_planner-3] [INFO] [1729085477.676885419] [ccr_centralized_planner]: 
[ccr_centralized_planner-3] 
[ccr_centralized_planner-3]  did not replan 
[ccr_centralized_planner-3] 
[ccr_centralized_planner-3] [INFO] [1729085477.677496633] [ccr_centralized_planner]: Sent plan [57, 5, 1] to robotA
[ccr_fake_execution-2] [INFO] [1729085477.677923933] [ccr_fake_execution]: got plan for robotA: [57, 5, 1]
[ccr_centralized_planner-3] [INFO] [1729085477.705355919] [ccr_centralized_planner]: Received state 57 from robotA
[ccr_centralized_planner-3] [INFO] [1729085478.676856717] [ccr_centralized_planner]: 
[ccr_centralized_planner-3] 
[ccr_centralized_planner-3]  did not replan 
[ccr_centralized_planner-3] 
[ccr_centralized_planner-3] [INFO] [1729085478.677542591] [ccr_centralized_planner]: Sent plan [57, 5, 1] to robotA
[ccr_fake_execution-2] [INFO] [1729085478.677901073] [ccr_fake_execution]: got plan for robotA: [57, 5, 1]
[ccr_centralized_planner-3] [INFO] [1729085478.705760690] [ccr_centralized_planner]: Received state 57 from robotA
[ccr_centralized_planner-3] [INFO] [1729085479.676880735] [ccr_centralized_planner]: 
[ccr_centralized_planner-3] 
[ccr_centralized_planner-3]  did not replan 
[ccr_centralized_planner-3] 
[ccr_centralized_planner-3] [INFO] [1729085479.677512668] [ccr_centralized_planner]: Sent plan [57, 5, 1] to robotA
[ccr_fake_execution-2] [INFO] [1729085479.677823770] [ccr_fake_execution]: got plan for robotA: [57, 5, 1]
[ccr_fake_execution-2] [INFO] [1729085479.704991882] [ccr_fake_execution]: robotA: 57 -> 5
[ccr_centralized_planner-3] [INFO] [1729085479.705725356] [ccr_centralized_planner]: Received state 5 from robotA
[ccr_centralized_planner-3] [INFO] [1729085480.676885145] [ccr_centralized_planner]: 
[ccr_centralized_planner-3] 
[ccr_centralized_planner-3]  did not replan 
[ccr_centralized_planner-3] 
[ccr_centralized_planner-3] [INFO] [1729085480.677527618] [ccr_centralized_planner]: Sent plan [5, 1] to robotA
[ccr_fake_execution-2] [INFO] [1729085480.677916196] [ccr_fake_execution]: got plan for robotA: [5, 1]
[ccr_centralized_planner-3] [INFO] [1729085480.705406912] [ccr_centralized_planner]: Received state 5 from robotA
[ccr_centralized_planner-3] [INFO] [1729085481.676882022] [ccr_centralized_planner]: 
[ccr_centralized_planner-3] 
[ccr_centralized_planner-3]  did not replan 
[ccr_centralized_planner-3] 
[ccr_centralized_planner-3] [INFO] [1729085481.677519295] [ccr_centralized_planner]: Sent plan [5, 1] to robotA
[ccr_fake_execution-2] [INFO] [1729085481.678041062] [ccr_fake_execution]: got plan for robotA: [5, 1]
[ccr_centralized_planner-3] [INFO] [1729085481.705388730] [ccr_centralized_planner]: Received state 5 from robotA
[ccr_centralized_planner-3] [INFO] [1729085482.676889718] [ccr_centralized_planner]: 
[ccr_centralized_planner-3] 
[ccr_centralized_planner-3]  did not replan 
[ccr_centralized_planner-3] 
[ccr_centralized_planner-3] [INFO] [1729085482.677504980] [ccr_centralized_planner]: Sent plan [5, 1] to robotA
[ccr_fake_execution-2] [INFO] [1729085482.678026316] [ccr_fake_execution]: got plan for robotA: [5, 1]
[ccr_centralized_planner-3] [INFO] [1729085482.705359749] [ccr_centralized_planner]: Received state 5 from robotA
[ccr_centralized_planner-3] [INFO] [1729085483.676880714] [ccr_centralized_planner]: 
[ccr_centralized_planner-3] 
[ccr_centralized_planner-3]  did not replan 
[ccr_centralized_planner-3] 
[ccr_centralized_planner-3] [INFO] [1729085483.677472913] [ccr_centralized_planner]: Sent plan [5, 1] to robotA
[ccr_fake_execution-2] [INFO] [1729085483.677919569] [ccr_fake_execution]: got plan for robotA: [5, 1]
[ccr_centralized_planner-3] [INFO] [1729085483.705350002] [ccr_centralized_planner]: Received state 5 from robotA
[ccr_centralized_planner-3] [INFO] [1729085484.676882319] [ccr_centralized_planner]: 
[ccr_centralized_planner-3] 
[ccr_centralized_planner-3]  did not replan 
[ccr_centralized_planner-3] 
[ccr_centralized_planner-3] [INFO] [1729085484.677476902] [ccr_centralized_planner]: Sent plan [5, 1] to robotA
[ccr_fake_execution-2] [INFO] [1729085484.677829062] [ccr_fake_execution]: got plan for robotA: [5, 1]
[ccr_fake_execution-2] [INFO] [1729085484.705124613] [ccr_fake_execution]: robotA: 5 -> 1
[ccr_centralized_planner-3] [INFO] [1729085484.705891158] [ccr_centralized_planner]: Received state 1 from robotA
[ccr_goal_provider-1] [INFO] [1729085484.705994011] [ccr_goal_provider]: [32mgoal completed:[0m robotA reached goal 1, going to goal 0 within state 9
[ccr_centralized_planner-3] [INFO] [1729085484.782912432] [ccr_centralized_planner]: Received goal 9 from robotA
[ccr_centralized_planner-3] [INFO] [1729085485.676874076] [ccr_centralized_planner]: 
[ccr_centralized_planner-3] 
[ccr_centralized_planner-3]  replaned due to new goal
[ccr_centralized_planner-3] 
[ccr_centralized_planner-3] [INFO] [1729085485.698245186] [ccr_centralized_planner]: Sent plan [1, 44, 45, 56, 55, 39, 53, 51, 32, 35, 10, 9] to robotA
[ccr_fake_execution-2] [INFO] [1729085485.698858855] [ccr_fake_execution]: got plan for robotA: [1, 44, 45, 56, 55, 39, 53, 51, 32, 35, 10, 9]
[ccr_fake_execution-2] [INFO] [1729085485.705103435] [ccr_fake_execution]: robotA: 1 -> 44
[ccr_centralized_planner-3] [INFO] [1729085485.705602440] [ccr_centralized_planner]: Received state 44 from robotA
[ccr_centralized_planner-3] [INFO] [1729085486.676981630] [ccr_centralized_planner]: 
[ccr_centralized_planner-3] 
[ccr_centralized_planner-3]  did not replan 
[ccr_centralized_planner-3] 
[ccr_centralized_planner-3] [INFO] [1729085486.677636657] [ccr_centralized_planner]: Sent plan [44, 45, 56, 55, 39, 53, 51, 32, 35, 10, 9] to robotA
[ccr_fake_execution-2] [INFO] [1729085486.678026847] [ccr_fake_execution]: got plan for robotA: [44, 45, 56, 55, 39, 53, 51, 32, 35, 10, 9]
[ccr_fake_execution-2] [INFO] [1729085486.705106313] [ccr_fake_execution]: robotA: 44 -> 45
[ccr_centralized_planner-3] [INFO] [1729085486.706101336] [ccr_centralized_planner]: Received state 45 from robotA
[ccr_centralized_planner-3] [INFO] [1729085487.676919626] [ccr_centralized_planner]: 
[ccr_centralized_planner-3] 
[ccr_centralized_planner-3]  did not replan 
[ccr_centralized_planner-3] 
[ccr_centralized_planner-3] [INFO] [1729085487.677583840] [ccr_centralized_planner]: Sent plan [45, 56, 55, 39, 53, 51, 32, 35, 10, 9] to robotA
[ccr_fake_execution-2] [INFO] [1729085487.677943253] [ccr_fake_execution]: got plan for robotA: [45, 56, 55, 39, 53, 51, 32, 35, 10, 9]
[ccr_fake_execution-2] [INFO] [1729085487.705124169] [ccr_fake_execution]: robotA: 45 -> 56
[ccr_centralized_planner-3] [INFO] [1729085487.706005799] [ccr_centralized_planner]: Received state 56 from robotA
[ccr_centralized_planner-3] [INFO] [1729085488.676943464] [ccr_centralized_planner]: 
[ccr_centralized_planner-3] 
[ccr_centralized_planner-3]  did not replan 
[ccr_centralized_planner-3] 
[ccr_centralized_planner-3] [INFO] [1729085488.677620672] [ccr_centralized_planner]: Sent plan [56, 55, 39, 53, 51, 32, 35, 10, 9] to robotA
[ccr_fake_execution-2] [INFO] [1729085488.677985474] [ccr_fake_execution]: got plan for robotA: [56, 55, 39, 53, 51, 32, 35, 10, 9]
[ccr_fake_execution-2] [INFO] [1729085488.705119483] [ccr_fake_execution]: robotA: 56 -> 55
[ccr_centralized_planner-3] [INFO] [1729085488.705863977] [ccr_centralized_planner]: Received state 55 from robotA
[ccr_centralized_planner-3] [INFO] [1729085489.677002356] [ccr_centralized_planner]: 
[ccr_centralized_planner-3] 
[ccr_centralized_planner-3]  did not replan 
[ccr_centralized_planner-3] 
[ccr_centralized_planner-3] [INFO] [1729085489.677693370] [ccr_centralized_planner]: Sent plan [55, 39, 53, 51, 32, 35, 10, 9] to robotA
[ccr_fake_execution-2] [INFO] [1729085489.678070015] [ccr_fake_execution]: got plan for robotA: [55, 39, 53, 51, 32, 35, 10, 9]
[ccr_centralized_planner-3] [INFO] [1729085489.705359624] [ccr_centralized_planner]: Received state 55 from robotA
[ccr_centralized_planner-3] [INFO] [1729085490.676954439] [ccr_centralized_planner]: 
[ccr_centralized_planner-3] 
[ccr_centralized_planner-3]  did not replan 
[ccr_centralized_planner-3] 
[ccr_centralized_planner-3] [INFO] [1729085490.677622940] [ccr_centralized_planner]: Sent plan [55, 39, 53, 51, 32, 35, 10, 9] to robotA
[ccr_fake_execution-2] [INFO] [1729085490.677953209] [ccr_fake_execution]: got plan for robotA: [55, 39, 53, 51, 32, 35, 10, 9]
[ccr_centralized_planner-3] [INFO] [1729085490.705350851] [ccr_centralized_planner]: Received state 55 from robotA
[ccr_centralized_planner-3] [INFO] [1729085491.676909256] [ccr_centralized_planner]: 
[ccr_centralized_planner-3] 
[ccr_centralized_planner-3]  did not replan 
[ccr_centralized_planner-3] 
[ccr_centralized_planner-3] [INFO] [1729085491.677571185] [ccr_centralized_planner]: Sent plan [55, 39, 53, 51, 32, 35, 10, 9] to robotA
[ccr_fake_execution-2] [INFO] [1729085491.677940797] [ccr_fake_execution]: got plan for robotA: [55, 39, 53, 51, 32, 35, 10, 9]
[ccr_centralized_planner-3] [INFO] [1729085491.705360070] [ccr_centralized_planner]: Received state 55 from robotA
[ccr_centralized_planner-3] [INFO] [1729085492.676891516] [ccr_centralized_planner]: 
[ccr_centralized_planner-3] 
[ccr_centralized_planner-3]  did not replan 
[ccr_centralized_planner-3] 
[ccr_centralized_planner-3] [INFO] [1729085492.677574064] [ccr_centralized_planner]: Sent plan [55, 39, 53, 51, 32, 35, 10, 9] to robotA
[ccr_fake_execution-2] [INFO] [1729085492.677899894] [ccr_fake_execution]: got plan for robotA: [55, 39, 53, 51, 32, 35, 10, 9]
[ccr_centralized_planner-3] [INFO] [1729085492.705440293] [ccr_centralized_planner]: Received state 55 from robotA
[ccr_centralized_planner-3] [INFO] [1729085493.676929058] [ccr_centralized_planner]: 
[ccr_centralized_planner-3] 
[ccr_centralized_planner-3]  did not replan 
[ccr_centralized_planner-3] 
[ccr_centralized_planner-3] [INFO] [1729085493.677604623] [ccr_centralized_planner]: Sent plan [55, 39, 53, 51, 32, 35, 10, 9] to robotA
[ccr_fake_execution-2] [INFO] [1729085493.677972261] [ccr_fake_execution]: got plan for robotA: [55, 39, 53, 51, 32, 35, 10, 9]
[ccr_centralized_planner-3] [INFO] [1729085493.705360415] [ccr_centralized_planner]: Received state 55 from robotA
[ccr_centralized_planner-3] [INFO] [1729085494.676913181] [ccr_centralized_planner]: 
[ccr_centralized_planner-3] 
[ccr_centralized_planner-3]  did not replan 
[ccr_centralized_planner-3] 
[ccr_centralized_planner-3] [INFO] [1729085494.677565753] [ccr_centralized_planner]: Sent plan [55, 39, 53, 51, 32, 35, 10, 9] to robotA
[ccr_fake_execution-2] [INFO] [1729085494.677923052] [ccr_fake_execution]: got plan for robotA: [55, 39, 53, 51, 32, 35, 10, 9]
[ccr_fake_execution-2] [INFO] [1729085494.705110490] [ccr_fake_execution]: robotA: 55 -> 39
[ccr_centralized_planner-3] [INFO] [1729085494.705896792] [ccr_centralized_planner]: Received state 39 from robotA
[ccr_centralized_planner-3] [INFO] [1729085495.676916649] [ccr_centralized_planner]: 
[ccr_centralized_planner-3] 
[ccr_centralized_planner-3]  did not replan 
[ccr_centralized_planner-3] 
[ccr_centralized_planner-3] [INFO] [1729085495.677565123] [ccr_centralized_planner]: Sent plan [39, 53, 51, 32, 35, 10, 9] to robotA
[ccr_fake_execution-2] [INFO] [1729085495.677896023] [ccr_fake_execution]: got plan for robotA: [39, 53, 51, 32, 35, 10, 9]
[ccr_centralized_planner-3] [INFO] [1729085495.705357965] [ccr_centralized_planner]: Received state 39 from robotA
[ccr_centralized_planner-3] [INFO] [1729085496.676909529] [ccr_centralized_planner]: 
[ccr_centralized_planner-3] 
[ccr_centralized_planner-3]  did not replan 
[ccr_centralized_planner-3] 
[ccr_centralized_planner-3] [INFO] [1729085496.677557171] [ccr_centralized_planner]: Sent plan [39, 53, 51, 32, 35, 10, 9] to robotA
[ccr_fake_execution-2] [INFO] [1729085496.677879615] [ccr_fake_execution]: got plan for robotA: [39, 53, 51, 32, 35, 10, 9]
[ccr_fake_execution-2] [INFO] [1729085496.705115454] [ccr_fake_execution]: robotA: 39 -> 53
[ccr_centralized_planner-3] [INFO] [1729085496.705855720] [ccr_centralized_planner]: Received state 53 from robotA
[ccr_centralized_planner-3] [INFO] [1729085497.676940769] [ccr_centralized_planner]: 
[ccr_centralized_planner-3] 
[ccr_centralized_planner-3]  did not replan 
[ccr_centralized_planner-3] 
[ccr_centralized_planner-3] [INFO] [1729085497.677630430] [ccr_centralized_planner]: Sent plan [53, 51, 32, 35, 10, 9] to robotA
[ccr_fake_execution-2] [INFO] [1729085497.677957653] [ccr_fake_execution]: got plan for robotA: [53, 51, 32, 35, 10, 9]
[ccr_centralized_planner-3] [INFO] [1729085497.705385552] [ccr_centralized_planner]: Received state 53 from robotA
[ccr_centralized_planner-3] [INFO] [1729085498.676945220] [ccr_centralized_planner]: 
[ccr_centralized_planner-3] 
[ccr_centralized_planner-3]  did not replan 
[ccr_centralized_planner-3] 
[ccr_centralized_planner-3] [INFO] [1729085498.677616277] [ccr_centralized_planner]: Sent plan [53, 51, 32, 35, 10, 9] to robotA
[ccr_fake_execution-2] [INFO] [1729085498.677977613] [ccr_fake_execution]: got plan for robotA: [53, 51, 32, 35, 10, 9]
[ccr_fake_execution-2] [INFO] [1729085498.705119937] [ccr_fake_execution]: robotA: 53 -> 51
[ccr_centralized_planner-3] [INFO] [1729085498.705880050] [ccr_centralized_planner]: Received state 51 from robotA
[ccr_centralized_planner-3] [INFO] [1729085499.676974828] [ccr_centralized_planner]: 
[ccr_centralized_planner-3] 
[ccr_centralized_planner-3]  did not replan 
[ccr_centralized_planner-3] 
[ccr_centralized_planner-3] [INFO] [1729085499.677901302] [ccr_centralized_planner]: Sent plan [51, 32, 35, 10, 9] to robotA
[ccr_fake_execution-2] [INFO] [1729085499.678358929] [ccr_fake_execution]: got plan for robotA: [51, 32, 35, 10, 9]
[ccr_fake_execution-2] [INFO] [1729085499.705123837] [ccr_fake_execution]: robotA: 51 -> 32
[ccr_centralized_planner-3] [INFO] [1729085499.706018091] [ccr_centralized_planner]: Received state 32 from robotA
[ccr_centralized_planner-3] [INFO] [1729085500.676922222] [ccr_centralized_planner]: 
[ccr_centralized_planner-3] 
[ccr_centralized_planner-3]  did not replan 
[ccr_centralized_planner-3] 
[ccr_centralized_planner-3] [INFO] [1729085500.677818560] [ccr_centralized_planner]: Sent plan [32, 35, 10, 9] to robotA
[ccr_fake_execution-2] [INFO] [1729085500.678339866] [ccr_fake_execution]: got plan for robotA: [32, 35, 10, 9]
[ccr_centralized_planner-3] [INFO] [1729085500.705503580] [ccr_centralized_planner]: Received state 32 from robotA
[ccr_centralized_planner-3] [INFO] [1729085501.676913307] [ccr_centralized_planner]: 
[ccr_centralized_planner-3] 
[ccr_centralized_planner-3]  did not replan 
[ccr_centralized_planner-3] 
[ccr_centralized_planner-3] [INFO] [1729085501.677832148] [ccr_centralized_planner]: Sent plan [32, 35, 10, 9] to robotA
[ccr_fake_execution-2] [INFO] [1729085501.678312217] [ccr_fake_execution]: got plan for robotA: [32, 35, 10, 9]
[ccr_fake_execution-2] [INFO] [1729085501.705158937] [ccr_fake_execution]: robotA: 32 -> 35
[ccr_centralized_planner-3] [INFO] [1729085501.706046369] [ccr_centralized_planner]: Received state 35 from robotA
[ccr_centralized_planner-3] [INFO] [1729085502.676936734] [ccr_centralized_planner]: 
[ccr_centralized_planner-3] 
[ccr_centralized_planner-3]  did not replan 
[ccr_centralized_planner-3] 
[ccr_centralized_planner-3] [INFO] [1729085502.677607369] [ccr_centralized_planner]: Sent plan [35, 10, 9] to robotA
[ccr_fake_execution-2] [INFO] [1729085502.677891862] [ccr_fake_execution]: got plan for robotA: [35, 10, 9]
[ccr_fake_execution-2] [INFO] [1729085502.705206709] [ccr_fake_execution]: robotA: 35 -> 10
[ccr_centralized_planner-3] [INFO] [1729085502.705856535] [ccr_centralized_planner]: Received state 10 from robotA
[ccr_centralized_planner-3] [INFO] [1729085503.676951103] [ccr_centralized_planner]: 
[ccr_centralized_planner-3] 
[ccr_centralized_planner-3]  did not replan 
[ccr_centralized_planner-3] 
[ccr_centralized_planner-3] [INFO] [1729085503.677526560] [ccr_centralized_planner]: Sent plan [10, 9] to robotA
[ccr_fake_execution-2] [INFO] [1729085503.678109872] [ccr_fake_execution]: got plan for robotA: [10, 9]
[ccr_centralized_planner-3] [INFO] [1729085503.705336665] [ccr_centralized_planner]: Received state 10 from robotA
[ccr_centralized_planner-3] [INFO] [1729085504.676961715] [ccr_centralized_planner]: 
[ccr_centralized_planner-3] 
[ccr_centralized_planner-3]  did not replan 
[ccr_centralized_planner-3] 
[ccr_centralized_planner-3] [INFO] [1729085504.677614818] [ccr_centralized_planner]: Sent plan [10, 9] to robotA
[ccr_fake_execution-2] [INFO] [1729085504.678033903] [ccr_fake_execution]: got plan for robotA: [10, 9]
[ccr_fake_execution-2] [INFO] [1729085504.705105975] [ccr_fake_execution]: robotA: 10 -> 9
[ccr_centralized_planner-3] [INFO] [1729085504.705877800] [ccr_centralized_planner]: Received state 9 from robotA
[ccr_goal_provider-1] [INFO] [1729085504.705987515] [ccr_goal_provider]: [32mgoal completed:[0m robotA reached goal 9, going to goal 1 within state 1
[ccr_centralized_planner-3] [INFO] [1729085504.782954648] [ccr_centralized_planner]: Received goal 1 from robotA
[ccr_centralized_planner-3] [INFO] [1729085505.676943393] [ccr_centralized_planner]: 
[ccr_centralized_planner-3] 
[ccr_centralized_planner-3]  replaned due to new goal
[ccr_centralized_planner-3] 
[ccr_centralized_planner-3] [INFO] [1729085505.698388752] [ccr_centralized_planner]: Sent plan [9, 11, 35, 50, 51, 53, 39, 55, 56, 57, 5, 1] to robotA
[ccr_fake_execution-2] [INFO] [1729085505.698987472] [ccr_fake_execution]: got plan for robotA: [9, 11, 35, 50, 51, 53, 39, 55, 56, 57, 5, 1]
[ccr_centralized_planner-3] [INFO] [1729085505.705045905] [ccr_centralized_planner]: Received state 9 from robotA
[ccr_centralized_planner-3] [INFO] [1729085506.676901637] [ccr_centralized_planner]: 
[ccr_centralized_planner-3] 
[ccr_centralized_planner-3]  did not replan 
[ccr_centralized_planner-3] 
[ccr_centralized_planner-3] [INFO] [1729085506.677556003] [ccr_centralized_planner]: Sent plan [9, 11, 35, 50, 51, 53, 39, 55, 56, 57, 5, 1] to robotA
[ccr_fake_execution-2] [INFO] [1729085506.677931806] [ccr_fake_execution]: got plan for robotA: [9, 11, 35, 50, 51, 53, 39, 55, 56, 57, 5, 1]
[ccr_centralized_planner-3] [INFO] [1729085506.705304752] [ccr_centralized_planner]: Received state 9 from robotA
[ccr_centralized_planner-3] [INFO] [1729085507.676823514] [ccr_centralized_planner]: 
[ccr_centralized_planner-3] 
[ccr_centralized_planner-3]  did not replan 
[ccr_centralized_planner-3] 
[ccr_centralized_planner-3] [INFO] [1729085507.677433195] [ccr_centralized_planner]: Sent plan [9, 11, 35, 50, 51, 53, 39, 55, 56, 57, 5, 1] to robotA
[ccr_fake_execution-2] [INFO] [1729085507.677885091] [ccr_fake_execution]: got plan for robotA: [9, 11, 35, 50, 51, 53, 39, 55, 56, 57, 5, 1]
[ccr_fake_execution-2] [INFO] [1729085507.705134095] [ccr_fake_execution]: robotA: 9 -> 11
[ccr_centralized_planner-3] [INFO] [1729085507.705838884] [ccr_centralized_planner]: Received state 11 from robotA
[ccr_centralized_planner-3] [INFO] [1729085508.676836019] [ccr_centralized_planner]: 
[ccr_centralized_planner-3] 
[ccr_centralized_planner-3]  did not replan 
[ccr_centralized_planner-3] 
[ccr_centralized_planner-3] [INFO] [1729085508.677440271] [ccr_centralized_planner]: Sent plan [11, 35, 50, 51, 53, 39, 55, 56, 57, 5, 1] to robotA
[ccr_fake_execution-2] [INFO] [1729085508.677826594] [ccr_fake_execution]: got plan for robotA: [11, 35, 50, 51, 53, 39, 55, 56, 57, 5, 1]
[ccr_fake_execution-2] [INFO] [1729085508.705134528] [ccr_fake_execution]: robotA: 11 -> 35
[ccr_centralized_planner-3] [INFO] [1729085508.705875084] [ccr_centralized_planner]: Received state 35 from robotA
[ccr_centralized_planner-3] [INFO] [1729085509.676825733] [ccr_centralized_planner]: 
[ccr_centralized_planner-3] 
[ccr_centralized_planner-3]  did not replan 
[ccr_centralized_planner-3] 
[ccr_centralized_planner-3] [INFO] [1729085509.677426077] [ccr_centralized_planner]: Sent plan [35, 50, 51, 53, 39, 55, 56, 57, 5, 1] to robotA
[ccr_fake_execution-2] [INFO] [1729085509.677820836] [ccr_fake_execution]: got plan for robotA: [35, 50, 51, 53, 39, 55, 56, 57, 5, 1]
[ccr_centralized_planner-3] [INFO] [1729085509.705328974] [ccr_centralized_planner]: Received state 35 from robotA
[ccr_centralized_planner-3] [INFO] [1729085510.676813321] [ccr_centralized_planner]: 
[ccr_centralized_planner-3] 
[ccr_centralized_planner-3]  did not replan 
[ccr_centralized_planner-3] 
[ccr_centralized_planner-3] [INFO] [1729085510.677410099] [ccr_centralized_planner]: Sent plan [35, 50, 51, 53, 39, 55, 56, 57, 5, 1] to robotA
[ccr_fake_execution-2] [INFO] [1729085510.677851725] [ccr_fake_execution]: got plan for robotA: [35, 50, 51, 53, 39, 55, 56, 57, 5, 1]
[ccr_fake_execution-2] [INFO] [1729085510.705114084] [ccr_fake_execution]: robotA: 35 -> 50
[ccr_centralized_planner-3] [INFO] [1729085510.705813463] [ccr_centralized_planner]: Received state 50 from robotA
[ccr_centralized_planner-3] [INFO] [1729085511.676811781] [ccr_centralized_planner]: 
[ccr_centralized_planner-3] 
[ccr_centralized_planner-3]  did not replan 
[ccr_centralized_planner-3] 
[ccr_centralized_planner-3] [INFO] [1729085511.677406064] [ccr_centralized_planner]: Sent plan [50, 51, 53, 39, 55, 56, 57, 5, 1] to robotA
[ccr_fake_execution-2] [INFO] [1729085511.677849133] [ccr_fake_execution]: got plan for robotA: [50, 51, 53, 39, 55, 56, 57, 5, 1]
[ccr_fake_execution-2] [INFO] [1729085511.705195800] [ccr_fake_execution]: robotA: 50 -> 51
[ccr_centralized_planner-3] [INFO] [1729085511.705894839] [ccr_centralized_planner]: Received state 51 from robotA
[ccr_centralized_planner-3] [INFO] [1729085512.676817885] [ccr_centralized_planner]: 
[ccr_centralized_planner-3] 
[ccr_centralized_planner-3]  did not replan 
[ccr_centralized_planner-3] 
[ccr_centralized_planner-3] [INFO] [1729085512.677413339] [ccr_centralized_planner]: Sent plan [51, 53, 39, 55, 56, 57, 5, 1] to robotA
[ccr_fake_execution-2] [INFO] [1729085512.677920108] [ccr_fake_execution]: got plan for robotA: [51, 53, 39, 55, 56, 57, 5, 1]
[ccr_centralized_planner-3] [INFO] [1729085512.705354058] [ccr_centralized_planner]: Received state 51 from robotA
[ccr_centralized_planner-3] [INFO] [1729085513.676842143] [ccr_centralized_planner]: 
[ccr_centralized_planner-3] 
[ccr_centralized_planner-3]  did not replan 
[ccr_centralized_planner-3] 
[ccr_centralized_planner-3] [INFO] [1729085513.677457104] [ccr_centralized_planner]: Sent plan [51, 53, 39, 55, 56, 57, 5, 1] to robotA
[ccr_fake_execution-2] [INFO] [1729085513.677973601] [ccr_fake_execution]: got plan for robotA: [51, 53, 39, 55, 56, 57, 5, 1]
[ccr_centralized_planner-3] [INFO] [1729085513.705314346] [ccr_centralized_planner]: Received state 51 from robotA
[ccr_centralized_planner-3] [INFO] [1729085514.676807460] [ccr_centralized_planner]: 
[ccr_centralized_planner-3] 
[ccr_centralized_planner-3]  did not replan 
[ccr_centralized_planner-3] 
[ccr_centralized_planner-3] [INFO] [1729085514.677395641] [ccr_centralized_planner]: Sent plan [51, 53, 39, 55, 56, 57, 5, 1] to robotA
[ccr_fake_execution-2] [INFO] [1729085514.677839612] [ccr_fake_execution]: got plan for robotA: [51, 53, 39, 55, 56, 57, 5, 1]
[ccr_fake_execution-2] [INFO] [1729085514.705193372] [ccr_fake_execution]: robotA: 51 -> 53
[ccr_centralized_planner-3] [INFO] [1729085514.705925533] [ccr_centralized_planner]: Received state 53 from robotA
[ccr_centralized_planner-3] [INFO] [1729085515.676821850] [ccr_centralized_planner]: 
[ccr_centralized_planner-3] 
[ccr_centralized_planner-3]  did not replan 
[ccr_centralized_planner-3] 
[ccr_centralized_planner-3] [INFO] [1729085515.677412095] [ccr_centralized_planner]: Sent plan [53, 39, 55, 56, 57, 5, 1] to robotA
[ccr_fake_execution-2] [INFO] [1729085515.677859713] [ccr_fake_execution]: got plan for robotA: [53, 39, 55, 56, 57, 5, 1]
[ccr_centralized_planner-3] [INFO] [1729085515.705343486] [ccr_centralized_planner]: Received state 53 from robotA
[ccr_centralized_planner-3] [INFO] [1729085516.676821942] [ccr_centralized_planner]: 
[ccr_centralized_planner-3] 
[ccr_centralized_planner-3]  did not replan 
[ccr_centralized_planner-3] 
[ccr_centralized_planner-3] [INFO] [1729085516.677451801] [ccr_centralized_planner]: Sent plan [53, 39, 55, 56, 57, 5, 1] to robotA
[ccr_fake_execution-2] [INFO] [1729085516.677847892] [ccr_fake_execution]: got plan for robotA: [53, 39, 55, 56, 57, 5, 1]
[ccr_fake_execution-2] [INFO] [1729085516.705208736] [ccr_fake_execution]: robotA: 53 -> 39
[ccr_centralized_planner-3] [INFO] [1729085516.705945014] [ccr_centralized_planner]: Received state 39 from robotA
[ccr_centralized_planner-3] [INFO] [1729085517.676838105] [ccr_centralized_planner]: 
[ccr_centralized_planner-3] 
[ccr_centralized_planner-3]  did not replan 
[ccr_centralized_planner-3] 
[ccr_centralized_planner-3] [INFO] [1729085517.677432057] [ccr_centralized_planner]: Sent plan [39, 55, 56, 57, 5, 1] to robotA
[ccr_fake_execution-2] [INFO] [1729085517.677955216] [ccr_fake_execution]: got plan for robotA: [39, 55, 56, 57, 5, 1]
[ccr_centralized_planner-3] [INFO] [1729085517.705331929] [ccr_centralized_planner]: Received state 39 from robotA
[ccr_centralized_planner-3] [INFO] [1729085518.676813661] [ccr_centralized_planner]: 
[ccr_centralized_planner-3] 
[ccr_centralized_planner-3]  did not replan 
[ccr_centralized_planner-3] 
[ccr_centralized_planner-3] [INFO] [1729085518.677405509] [ccr_centralized_planner]: Sent plan [39, 55, 56, 57, 5, 1] to robotA
[ccr_fake_execution-2] [INFO] [1729085518.677855992] [ccr_fake_execution]: got plan for robotA: [39, 55, 56, 57, 5, 1]
[ccr_fake_execution-2] [INFO] [1729085518.705193281] [ccr_fake_execution]: robotA: 39 -> 55
[ccr_centralized_planner-3] [INFO] [1729085518.705920833] [ccr_centralized_planner]: Received state 55 from robotA
[ccr_centralized_planner-3] [INFO] [1729085519.676821518] [ccr_centralized_planner]: 
[ccr_centralized_planner-3] 
[ccr_centralized_planner-3]  did not replan 
[ccr_centralized_planner-3] 
[ccr_centralized_planner-3] [INFO] [1729085519.677431801] [ccr_centralized_planner]: Sent plan [55, 56, 57, 5, 1] to robotA
[ccr_fake_execution-2] [INFO] [1729085519.677991088] [ccr_fake_execution]: got plan for robotA: [55, 56, 57, 5, 1]
[ccr_fake_execution-2] [INFO] [1729085519.705129344] [ccr_fake_execution]: robotA: 55 -> 56
[ccr_centralized_planner-3] [INFO] [1729085519.705850013] [ccr_centralized_planner]: Received state 56 from robotA
[ccr_centralized_planner-3] [INFO] [1729085520.676933149] [ccr_centralized_planner]: 
[ccr_centralized_planner-3] 
[ccr_centralized_planner-3]  did not replan 
[ccr_centralized_planner-3] 
[ccr_centralized_planner-3] [INFO] [1729085520.677589007] [ccr_centralized_planner]: Sent plan [56, 57, 5, 1] to robotA
[ccr_fake_execution-2] [INFO] [1729085520.678005858] [ccr_fake_execution]: got plan for robotA: [56, 57, 5, 1]
[ccr_centralized_planner-3] [INFO] [1729085520.705350100] [ccr_centralized_planner]: Received state 56 from robotA
[ccr_centralized_planner-3] [INFO] [1729085521.676912573] [ccr_centralized_planner]: 
[ccr_centralized_planner-3] 
[ccr_centralized_planner-3]  did not replan 
[ccr_centralized_planner-3] 
[ccr_centralized_planner-3] [INFO] [1729085521.677560126] [ccr_centralized_planner]: Sent plan [56, 57, 5, 1] to robotA
[ccr_fake_execution-2] [INFO] [1729085521.677996873] [ccr_fake_execution]: got plan for robotA: [56, 57, 5, 1]
[ccr_centralized_planner-3] [INFO] [1729085521.705353549] [ccr_centralized_planner]: Received state 56 from robotA
[ccr_centralized_planner-3] [INFO] [1729085522.676915601] [ccr_centralized_planner]: 
[ccr_centralized_planner-3] 
[ccr_centralized_planner-3]  did not replan 
[ccr_centralized_planner-3] 
[ccr_centralized_planner-3] [INFO] [1729085522.677566309] [ccr_centralized_planner]: Sent plan [56, 57, 5, 1] to robotA
[ccr_fake_execution-2] [INFO] [1729085522.677914561] [ccr_fake_execution]: got plan for robotA: [56, 57, 5, 1]
[ccr_fake_execution-2] [INFO] [1729085522.705115536] [ccr_fake_execution]: robotA: 56 -> 57
[ccr_centralized_planner-3] [INFO] [1729085522.705846654] [ccr_centralized_planner]: Received state 57 from robotA
[ccr_centralized_planner-3] [INFO] [1729085523.676891228] [ccr_centralized_planner]: 
[ccr_centralized_planner-3] 
[ccr_centralized_planner-3]  did not replan 
[ccr_centralized_planner-3] 
[ccr_centralized_planner-3] [INFO] [1729085523.677557435] [ccr_centralized_planner]: Sent plan [57, 5, 1] to robotA
[ccr_fake_execution-2] [INFO] [1729085523.677907070] [ccr_fake_execution]: got plan for robotA: [57, 5, 1]
[ccr_fake_execution-2] [INFO] [1729085523.705115407] [ccr_fake_execution]: robotA: 57 -> 5
[ccr_centralized_planner-3] [INFO] [1729085523.705800249] [ccr_centralized_planner]: Received state 5 from robotA
[ccr_centralized_planner-3] [INFO] [1729085524.676882864] [ccr_centralized_planner]: 
[ccr_centralized_planner-3] 
[ccr_centralized_planner-3]  did not replan 
[ccr_centralized_planner-3] 
[ccr_centralized_planner-3] [INFO] [1729085524.677536338] [ccr_centralized_planner]: Sent plan [5, 1] to robotA
[ccr_fake_execution-2] [INFO] [1729085524.677916049] [ccr_fake_execution]: got plan for robotA: [5, 1]
[ccr_centralized_planner-3] [INFO] [1729085524.705303472] [ccr_centralized_planner]: Received state 5 from robotA
[ccr_centralized_planner-3] [INFO] [1729085525.676863641] [ccr_centralized_planner]: 
[ccr_centralized_planner-3] 
[ccr_centralized_planner-3]  did not replan 
[ccr_centralized_planner-3] 
[ccr_centralized_planner-3] [INFO] [1729085525.677472621] [ccr_centralized_planner]: Sent plan [5, 1] to robotA
[ccr_fake_execution-2] [INFO] [1729085525.677794885] [ccr_fake_execution]: got plan for robotA: [5, 1]
[ccr_fake_execution-2] [INFO] [1729085525.705110302] [ccr_fake_execution]: robotA: 5 -> 1
[ccr_centralized_planner-3] [INFO] [1729085525.705877869] [ccr_centralized_planner]: Received state 1 from robotA
[ccr_goal_provider-1] [INFO] [1729085525.705960234] [ccr_goal_provider]: [32mgoal completed:[0m robotA reached goal 1, going to goal 0 within state 9
[ccr_centralized_planner-3] [INFO] [1729085525.782922888] [ccr_centralized_planner]: Received goal 9 from robotA
[ccr_centralized_planner-3] [INFO] [1729085526.676851981] [ccr_centralized_planner]: 
[ccr_centralized_planner-3] 
[ccr_centralized_planner-3]  replaned due to new goal
[ccr_centralized_planner-3] 
[ccr_centralized_planner-3] [INFO] [1729085526.697467336] [ccr_centralized_planner]: Sent plan [1, 44, 45, 56, 55, 39, 53, 51, 32, 35, 10, 9] to robotA
[ccr_fake_execution-2] [INFO] [1729085526.698036632] [ccr_fake_execution]: got plan for robotA: [1, 44, 45, 56, 55, 39, 53, 51, 32, 35, 10, 9]
[ccr_fake_execution-2] [INFO] [1729085526.705107219] [ccr_fake_execution]: robotA: 1 -> 44
[ccr_centralized_planner-3] [INFO] [1729085526.705885557] [ccr_centralized_planner]: Received state 44 from robotA
[ccr_centralized_planner-3] [INFO] [1729085527.676861883] [ccr_centralized_planner]: 
[ccr_centralized_planner-3] 
[ccr_centralized_planner-3]  did not replan 
[ccr_centralized_planner-3] 
[ccr_centralized_planner-3] [INFO] [1729085527.677479028] [ccr_centralized_planner]: Sent plan [44, 45, 56, 55, 39, 53, 51, 32, 35, 10, 9] to robotA
[ccr_fake_execution-2] [INFO] [1729085527.677825096] [ccr_fake_execution]: got plan for robotA: [44, 45, 56, 55, 39, 53, 51, 32, 35, 10, 9]
[ccr_centralized_planner-3] [INFO] [1729085527.705307066] [ccr_centralized_planner]: Received state 44 from robotA
[ccr_centralized_planner-3] [INFO] [1729085528.676817652] [ccr_centralized_planner]: 
[ccr_centralized_planner-3] 
[ccr_centralized_planner-3]  did not replan 
[ccr_centralized_planner-3] 
[ccr_centralized_planner-3] [INFO] [1729085528.677432784] [ccr_centralized_planner]: Sent plan [44, 45, 56, 55, 39, 53, 51, 32, 35, 10, 9] to robotA
[ccr_fake_execution-2] [INFO] [1729085528.677856036] [ccr_fake_execution]: got plan for robotA: [44, 45, 56, 55, 39, 53, 51, 32, 35, 10, 9]
[ccr_fake_execution-2] [INFO] [1729085528.705165173] [ccr_fake_execution]: robotA: 44 -> 45
[ccr_centralized_planner-3] [INFO] [1729085528.705895169] [ccr_centralized_planner]: Received state 45 from robotA
[ccr_centralized_planner-3] [INFO] [1729085529.676817023] [ccr_centralized_planner]: 
[ccr_centralized_planner-3] 
[ccr_centralized_planner-3]  did not replan 
[ccr_centralized_planner-3] 
[ccr_centralized_planner-3] [INFO] [1729085529.677418900] [ccr_centralized_planner]: Sent plan [45, 56, 55, 39, 53, 51, 32, 35, 10, 9] to robotA
[ccr_fake_execution-2] [INFO] [1729085529.677882849] [ccr_fake_execution]: got plan for robotA: [45, 56, 55, 39, 53, 51, 32, 35, 10, 9]
[ccr_centralized_planner-3] [INFO] [1729085529.705346213] [ccr_centralized_planner]: Received state 45 from robotA
[ccr_centralized_planner-3] [INFO] [1729085530.676829099] [ccr_centralized_planner]: 
[ccr_centralized_planner-3] 
[ccr_centralized_planner-3]  did not replan 
[ccr_centralized_planner-3] 
[ccr_centralized_planner-3] [INFO] [1729085530.677424052] [ccr_centralized_planner]: Sent plan [45, 56, 55, 39, 53, 51, 32, 35, 10, 9] to robotA
[ccr_fake_execution-2] [INFO] [1729085530.677883172] [ccr_fake_execution]: got plan for robotA: [45, 56, 55, 39, 53, 51, 32, 35, 10, 9]
[ccr_centralized_planner-3] [INFO] [1729085530.705366805] [ccr_centralized_planner]: Received state 45 from robotA
[ccr_centralized_planner-3] [INFO] [1729085531.676820815] [ccr_centralized_planner]: 
[ccr_centralized_planner-3] 
[ccr_centralized_planner-3]  did not replan 
[ccr_centralized_planner-3] 
[ccr_centralized_planner-3] [INFO] [1729085531.677435095] [ccr_centralized_planner]: Sent plan [45, 56, 55, 39, 53, 51, 32, 35, 10, 9] to robotA
[ccr_fake_execution-2] [INFO] [1729085531.677892121] [ccr_fake_execution]: got plan for robotA: [45, 56, 55, 39, 53, 51, 32, 35, 10, 9]
[ccr_fake_execution-2] [INFO] [1729085531.705155641] [ccr_fake_execution]: robotA: 45 -> 56
[ccr_centralized_planner-3] [INFO] [1729085531.705869788] [ccr_centralized_planner]: Received state 56 from robotA
[ccr_centralized_planner-3] [INFO] [1729085532.676887282] [ccr_centralized_planner]: 
[ccr_centralized_planner-3] 
[ccr_centralized_planner-3]  did not replan 
[ccr_centralized_planner-3] 
[ccr_centralized_planner-3] [INFO] [1729085532.677481154] [ccr_centralized_planner]: Sent plan [56, 55, 39, 53, 51, 32, 35, 10, 9] to robotA
[ccr_fake_execution-2] [INFO] [1729085532.677952326] [ccr_fake_execution]: got plan for robotA: [56, 55, 39, 53, 51, 32, 35, 10, 9]
[ccr_fake_execution-2] [INFO] [1729085532.705170201] [ccr_fake_execution]: robotA: 56 -> 55
[ccr_centralized_planner-3] [INFO] [1729085532.705895249] [ccr_centralized_planner]: Received state 55 from robotA
[ccr_centralized_planner-3] [INFO] [1729085533.676843111] [ccr_centralized_planner]: 
[ccr_centralized_planner-3] 
[ccr_centralized_planner-3]  did not replan 
[ccr_centralized_planner-3] 
[ccr_centralized_planner-3] [INFO] [1729085533.677451591] [ccr_centralized_planner]: Sent plan [55, 39, 53, 51, 32, 35, 10, 9] to robotA
[ccr_fake_execution-2] [INFO] [1729085533.677991501] [ccr_fake_execution]: got plan for robotA: [55, 39, 53, 51, 32, 35, 10, 9]
[ccr_fake_execution-2] [INFO] [1729085533.705170344] [ccr_fake_execution]: robotA: 55 -> 39
[ccr_centralized_planner-3] [INFO] [1729085533.705918705] [ccr_centralized_planner]: Received state 39 from robotA
[ccr_centralized_planner-3] [INFO] [1729085534.676838956] [ccr_centralized_planner]: 
[ccr_centralized_planner-3] 
[ccr_centralized_planner-3]  did not replan 
[ccr_centralized_planner-3] 
[ccr_centralized_planner-3] [INFO] [1729085534.677445302] [ccr_centralized_planner]: Sent plan [39, 53, 51, 32, 35, 10, 9] to robotA
[ccr_fake_execution-2] [INFO] [1729085534.677913328] [ccr_fake_execution]: got plan for robotA: [39, 53, 51, 32, 35, 10, 9]
[ccr_centralized_planner-3] [INFO] [1729085534.705389166] [ccr_centralized_planner]: Received state 39 from robotA
[ccr_centralized_planner-3] [INFO] [1729085535.676833578] [ccr_centralized_planner]: 
[ccr_centralized_planner-3] 
[ccr_centralized_planner-3]  did not replan 
[ccr_centralized_planner-3] 
[ccr_centralized_planner-3] [INFO] [1729085535.677457075] [ccr_centralized_planner]: Sent plan [39, 53, 51, 32, 35, 10, 9] to robotA
[ccr_fake_execution-2] [INFO] [1729085535.677894434] [ccr_fake_execution]: got plan for robotA: [39, 53, 51, 32, 35, 10, 9]
[ccr_centralized_planner-3] [INFO] [1729085535.705367127] [ccr_centralized_planner]: Received state 39 from robotA
[ccr_centralized_planner-3] [INFO] [1729085536.676868116] [ccr_centralized_planner]: 
[ccr_centralized_planner-3] 
[ccr_centralized_planner-3]  did not replan 
[ccr_centralized_planner-3] 
[ccr_centralized_planner-3] [INFO] [1729085536.677502914] [ccr_centralized_planner]: Sent plan [39, 53, 51, 32, 35, 10, 9] to robotA
[ccr_fake_execution-2] [INFO] [1729085536.678071589] [ccr_fake_execution]: got plan for robotA: [39, 53, 51, 32, 35, 10, 9]
[ccr_centralized_planner-3] [INFO] [1729085536.705337794] [ccr_centralized_planner]: Received state 39 from robotA
[ccr_centralized_planner-3] [INFO] [1729085537.676847269] [ccr_centralized_planner]: 
[ccr_centralized_planner-3] 
[ccr_centralized_planner-3]  did not replan 
[ccr_centralized_planner-3] 
[ccr_centralized_planner-3] [INFO] [1729085537.677528113] [ccr_centralized_planner]: Sent plan [39, 53, 51, 32, 35, 10, 9] to robotA
[ccr_fake_execution-2] [INFO] [1729085537.678016267] [ccr_fake_execution]: got plan for robotA: [39, 53, 51, 32, 35, 10, 9]
[ccr_fake_execution-2] [INFO] [1729085537.705125239] [ccr_fake_execution]: robotA: 39 -> 53
[ccr_centralized_planner-3] [INFO] [1729085537.705856658] [ccr_centralized_planner]: Received state 53 from robotA
[ccr_centralized_planner-3] [INFO] [1729085538.676927321] [ccr_centralized_planner]: 
[ccr_centralized_planner-3] 
[ccr_centralized_planner-3]  did not replan 
[ccr_centralized_planner-3] 
[ccr_centralized_planner-3] [INFO] [1729085538.677647840] [ccr_centralized_planner]: Sent plan [53, 51, 32, 35, 10, 9] to robotA
[ccr_fake_execution-2] [INFO] [1729085538.678018835] [ccr_fake_execution]: got plan for robotA: [53, 51, 32, 35, 10, 9]
[ccr_centralized_planner-3] [INFO] [1729085538.705331688] [ccr_centralized_planner]: Received state 53 from robotA
[ccr_centralized_planner-3] [INFO] [1729085539.676923436] [ccr_centralized_planner]: 
[ccr_centralized_planner-3] 
[ccr_centralized_planner-3]  did not replan 
[ccr_centralized_planner-3] 
[ccr_centralized_planner-3] [INFO] [1729085539.677638755] [ccr_centralized_planner]: Sent plan [53, 51, 32, 35, 10, 9] to robotA
[ccr_fake_execution-2] [INFO] [1729085539.678113293] [ccr_fake_execution]: got plan for robotA: [53, 51, 32, 35, 10, 9]
[ccr_centralized_planner-3] [INFO] [1729085539.705417430] [ccr_centralized_planner]: Received state 53 from robotA
[ccr_centralized_planner-3] [INFO] [1729085540.676931534] [ccr_centralized_planner]: 
[ccr_centralized_planner-3] 
[ccr_centralized_planner-3]  did not replan 
[ccr_centralized_planner-3] 
[ccr_centralized_planner-3] [INFO] [1729085540.677691276] [ccr_centralized_planner]: Sent plan [53, 51, 32, 35, 10, 9] to robotA
[ccr_fake_execution-2] [INFO] [1729085540.677973314] [ccr_fake_execution]: got plan for robotA: [53, 51, 32, 35, 10, 9]
[ccr_fake_execution-2] [INFO] [1729085540.705116439] [ccr_fake_execution]: robotA: 53 -> 51
[ccr_centralized_planner-3] [INFO] [1729085540.705885018] [ccr_centralized_planner]: Received state 51 from robotA
[ccr_centralized_planner-3] [INFO] [1729085541.676941164] [ccr_centralized_planner]: 
[ccr_centralized_planner-3] 
[ccr_centralized_planner-3]  did not replan 
[ccr_centralized_planner-3] 
[ccr_centralized_planner-3] [INFO] [1729085541.677591692] [ccr_centralized_planner]: Sent plan [51, 32, 35, 10, 9] to robotA
[ccr_fake_execution-2] [INFO] [1729085541.678045572] [ccr_fake_execution]: got plan for robotA: [51, 32, 35, 10, 9]
[ccr_centralized_planner-3] [INFO] [1729085541.705391257] [ccr_centralized_planner]: Received state 51 from robotA
[ccr_centralized_planner-3] [INFO] [1729085542.676875193] [ccr_centralized_planner]: 
[ccr_centralized_planner-3] 
[ccr_centralized_planner-3]  did not replan 
[ccr_centralized_planner-3] 
[ccr_centralized_planner-3] [INFO] [1729085542.677506735] [ccr_centralized_planner]: Sent plan [51, 32, 35, 10, 9] to robotA
[ccr_fake_execution-2] [INFO] [1729085542.677885855] [ccr_fake_execution]: got plan for robotA: [51, 32, 35, 10, 9]
[ccr_fake_execution-2] [INFO] [1729085542.705145539] [ccr_fake_execution]: robotA: 51 -> 32
[ccr_centralized_planner-3] [INFO] [1729085542.705895513] [ccr_centralized_planner]: Received state 32 from robotA
[ccr_centralized_planner-3] [INFO] [1729085543.676881497] [ccr_centralized_planner]: 
[ccr_centralized_planner-3] 
[ccr_centralized_planner-3]  did not replan 
[ccr_centralized_planner-3] 
[ccr_centralized_planner-3] [INFO] [1729085543.677573903] [ccr_centralized_planner]: Sent plan [32, 35, 10, 9] to robotA
[ccr_fake_execution-2] [INFO] [1729085543.677805346] [ccr_fake_execution]: got plan for robotA: [32, 35, 10, 9]
[ccr_centralized_planner-3] [INFO] [1729085543.705516546] [ccr_centralized_planner]: Received state 32 from robotA
[ccr_centralized_planner-3] [INFO] [1729085544.676891448] [ccr_centralized_planner]: 
[ccr_centralized_planner-3] 
[ccr_centralized_planner-3]  did not replan 
[ccr_centralized_planner-3] 
[ccr_centralized_planner-3] [INFO] [1729085544.677499256] [ccr_centralized_planner]: Sent plan [32, 35, 10, 9] to robotA
[ccr_fake_execution-2] [INFO] [1729085544.677767789] [ccr_fake_execution]: got plan for robotA: [32, 35, 10, 9]
[ccr_centralized_planner-3] [INFO] [1729085544.705362680] [ccr_centralized_planner]: Received state 32 from robotA
[ccr_centralized_planner-3] [INFO] [1729085545.676897812] [ccr_centralized_planner]: 
[ccr_centralized_planner-3] 
[ccr_centralized_planner-3]  did not replan 
[ccr_centralized_planner-3] 
[ccr_centralized_planner-3] [INFO] [1729085545.677564901] [ccr_centralized_planner]: Sent plan [32, 35, 10, 9] to robotA
[ccr_fake_execution-2] [INFO] [1729085545.678031274] [ccr_fake_execution]: got plan for robotA: [32, 35, 10, 9]
[ccr_centralized_planner-3] [INFO] [1729085545.705352403] [ccr_centralized_planner]: Received state 32 from robotA
[ccr_centralized_planner-3] [INFO] [1729085546.676898366] [ccr_centralized_planner]: 
[ccr_centralized_planner-3] 
[ccr_centralized_planner-3]  did not replan 
[ccr_centralized_planner-3] 
[ccr_centralized_planner-3] [INFO] [1729085546.677536360] [ccr_centralized_planner]: Sent plan [32, 35, 10, 9] to robotA
[ccr_fake_execution-2] [INFO] [1729085546.677917423] [ccr_fake_execution]: got plan for robotA: [32, 35, 10, 9]
[ccr_fake_execution-2] [INFO] [1729085546.705109931] [ccr_fake_execution]: robotA: 32 -> 35
[ccr_centralized_planner-3] [INFO] [1729085546.705854856] [ccr_centralized_planner]: Received state 35 from robotA
[ccr_centralized_planner-3] [INFO] [1729085547.676895953] [ccr_centralized_planner]: 
[ccr_centralized_planner-3] 
[ccr_centralized_planner-3]  did not replan 
[ccr_centralized_planner-3] 
[ccr_centralized_planner-3] [INFO] [1729085547.677529369] [ccr_centralized_planner]: Sent plan [35, 10, 9] to robotA
[ccr_fake_execution-2] [INFO] [1729085547.677923116] [ccr_fake_execution]: got plan for robotA: [35, 10, 9]
[ccr_fake_execution-2] [INFO] [1729085547.705156151] [ccr_fake_execution]: robotA: 35 -> 10
[ccr_centralized_planner-3] [INFO] [1729085547.705883632] [ccr_centralized_planner]: Received state 10 from robotA
[ccr_centralized_planner-3] [INFO] [1729085548.676907558] [ccr_centralized_planner]: 
[ccr_centralized_planner-3] 
[ccr_centralized_planner-3]  did not replan 
[ccr_centralized_planner-3] 
[ccr_centralized_planner-3] [INFO] [1729085548.677524923] [ccr_centralized_planner]: Sent plan [10, 9] to robotA
[ccr_fake_execution-2] [INFO] [1729085548.678133062] [ccr_fake_execution]: got plan for robotA: [10, 9]
[ccr_centralized_planner-3] [INFO] [1729085548.705382326] [ccr_centralized_planner]: Received state 10 from robotA
[ccr_centralized_planner-3] [INFO] [1729085549.676926145] [ccr_centralized_planner]: 
[ccr_centralized_planner-3] 
[ccr_centralized_planner-3]  did not replan 
[ccr_centralized_planner-3] 
[ccr_centralized_planner-3] [INFO] [1729085549.677594877] [ccr_centralized_planner]: Sent plan [10, 9] to robotA
[ccr_fake_execution-2] [INFO] [1729085549.678165986] [ccr_fake_execution]: got plan for robotA: [10, 9]
[ccr_centralized_planner-3] [INFO] [1729085549.705435168] [ccr_centralized_planner]: Received state 10 from robotA
[ccr_centralized_planner-3] [INFO] [1729085550.676918252] [ccr_centralized_planner]: 
[ccr_centralized_planner-3] 
[ccr_centralized_planner-3]  did not replan 
[ccr_centralized_planner-3] 
[ccr_centralized_planner-3] [INFO] [1729085550.677582917] [ccr_centralized_planner]: Sent plan [10, 9] to robotA
[ccr_fake_execution-2] [INFO] [1729085550.677941568] [ccr_fake_execution]: got plan for robotA: [10, 9]
[ccr_fake_execution-2] [INFO] [1729085550.705146088] [ccr_fake_execution]: robotA: 10 -> 9
[ccr_centralized_planner-3] [INFO] [1729085550.705873911] [ccr_centralized_planner]: Received state 9 from robotA
[ccr_goal_provider-1] [INFO] [1729085550.705966274] [ccr_goal_provider]: [32mgoal completed:[0m robotA reached goal 9, going to goal 1 within state 1
[ccr_centralized_planner-3] [INFO] [1729085550.782914291] [ccr_centralized_planner]: Received goal 1 from robotA
[ccr_centralized_planner-3] [INFO] [1729085551.676954012] [ccr_centralized_planner]: 
[ccr_centralized_planner-3] 
[ccr_centralized_planner-3]  replaned due to new goal
[ccr_centralized_planner-3] 
[ccr_centralized_planner-3] [INFO] [1729085551.698946124] [ccr_centralized_planner]: Sent plan [9, 11, 35, 50, 51, 53, 39, 55, 56, 57, 5, 1] to robotA
[ccr_fake_execution-2] [INFO] [1729085551.699488670] [ccr_fake_execution]: got plan for robotA: [9, 11, 35, 50, 51, 53, 39, 55, 56, 57, 5, 1]
[ccr_centralized_planner-3] [INFO] [1729085551.705210462] [ccr_centralized_planner]: Received state 9 from robotA
[ccr_centralized_planner-3] [INFO] [1729085552.676949035] [ccr_centralized_planner]: 
[ccr_centralized_planner-3] 
[ccr_centralized_planner-3]  did not replan 
[ccr_centralized_planner-3] 
[ccr_centralized_planner-3] [INFO] [1729085552.677654255] [ccr_centralized_planner]: Sent plan [9, 11, 35, 50, 51, 53, 39, 55, 56, 57, 5, 1] to robotA
[ccr_fake_execution-2] [INFO] [1729085552.677932506] [ccr_fake_execution]: got plan for robotA: [9, 11, 35, 50, 51, 53, 39, 55, 56, 57, 5, 1]
[ccr_centralized_planner-3] [INFO] [1729085552.705575276] [ccr_centralized_planner]: Received state 9 from robotA
[ccr_centralized_planner-3] [INFO] [1729085553.676904474] [ccr_centralized_planner]: 
[ccr_centralized_planner-3] 
[ccr_centralized_planner-3]  did not replan 
[ccr_centralized_planner-3] 
[ccr_centralized_planner-3] [INFO] [1729085553.677616507] [ccr_centralized_planner]: Sent plan [9, 11, 35, 50, 51, 53, 39, 55, 56, 57, 5, 1] to robotA
[ccr_fake_execution-2] [INFO] [1729085553.677898645] [ccr_fake_execution]: got plan for robotA: [9, 11, 35, 50, 51, 53, 39, 55, 56, 57, 5, 1]
[ccr_fake_execution-2] [INFO] [1729085553.705110559] [ccr_fake_execution]: robotA: 9 -> 11
[ccr_centralized_planner-3] [INFO] [1729085553.706093810] [ccr_centralized_planner]: Received state 11 from robotA
[ccr_centralized_planner-3] [INFO] [1729085554.676957876] [ccr_centralized_planner]: 
[ccr_centralized_planner-3] 
[ccr_centralized_planner-3]  did not replan 
[ccr_centralized_planner-3] 
[ccr_centralized_planner-3] [INFO] [1729085554.677639883] [ccr_centralized_planner]: Sent plan [11, 35, 50, 51, 53, 39, 55, 56, 57, 5, 1] to robotA
[ccr_fake_execution-2] [INFO] [1729085554.677934574] [ccr_fake_execution]: got plan for robotA: [11, 35, 50, 51, 53, 39, 55, 56, 57, 5, 1]
[ccr_fake_execution-2] [INFO] [1729085554.705102516] [ccr_fake_execution]: robotA: 11 -> 35
[ccr_centralized_planner-3] [INFO] [1729085554.705845206] [ccr_centralized_planner]: Received state 35 from robotA
[ccr_centralized_planner-3] [INFO] [1729085555.676954081] [ccr_centralized_planner]: 
[ccr_centralized_planner-3] 
[ccr_centralized_planner-3]  did not replan 
[ccr_centralized_planner-3] 
[ccr_centralized_planner-3] [INFO] [1729085555.677630608] [ccr_centralized_planner]: Sent plan [35, 50, 51, 53, 39, 55, 56, 57, 5, 1] to robotA
[ccr_fake_execution-2] [INFO] [1729085555.677986905] [ccr_fake_execution]: got plan for robotA: [35, 50, 51, 53, 39, 55, 56, 57, 5, 1]
[ccr_centralized_planner-3] [INFO] [1729085555.705199240] [ccr_centralized_planner]: Received state 35 from robotA
[ccr_centralized_planner-3] [INFO] [1729085556.677040555] [ccr_centralized_planner]: 
[ccr_centralized_planner-3] 
[ccr_centralized_planner-3]  did not replan 
[ccr_centralized_planner-3] 
[ccr_centralized_planner-3] [INFO] [1729085556.677735847] [ccr_centralized_planner]: Sent plan [35, 50, 51, 53, 39, 55, 56, 57, 5, 1] to robotA
[ccr_fake_execution-2] [INFO] [1729085556.678172725] [ccr_fake_execution]: got plan for robotA: [35, 50, 51, 53, 39, 55, 56, 57, 5, 1]
[ccr_centralized_planner-3] [INFO] [1729085556.705382776] [ccr_centralized_planner]: Received state 35 from robotA
[ccr_centralized_planner-3] [INFO] [1729085557.677098396] [ccr_centralized_planner]: 
[ccr_centralized_planner-3] 
[ccr_centralized_planner-3]  did not replan 
[ccr_centralized_planner-3] 
[ccr_centralized_planner-3] [INFO] [1729085557.677832310] [ccr_centralized_planner]: Sent plan [35, 50, 51, 53, 39, 55, 56, 57, 5, 1] to robotA
[ccr_fake_execution-2] [INFO] [1729085557.678337245] [ccr_fake_execution]: got plan for robotA: [35, 50, 51, 53, 39, 55, 56, 57, 5, 1]
[ccr_centralized_planner-3] [INFO] [1729085557.705538690] [ccr_centralized_planner]: Received state 35 from robotA
[ccr_centralized_planner-3] [INFO] [1729085558.677152029] [ccr_centralized_planner]: 
[ccr_centralized_planner-3] 
[ccr_centralized_planner-3]  did not replan 
[ccr_centralized_planner-3] 
[ccr_centralized_planner-3] [INFO] [1729085558.677970661] [ccr_centralized_planner]: Sent plan [35, 50, 51, 53, 39, 55, 56, 57, 5, 1] to robotA
[ccr_fake_execution-2] [INFO] [1729085558.678457152] [ccr_fake_execution]: got plan for robotA: [35, 50, 51, 53, 39, 55, 56, 57, 5, 1]
[ccr_centralized_planner-3] [INFO] [1729085558.705771308] [ccr_centralized_planner]: Received state 35 from robotA
[ccr_centralized_planner-3] [INFO] [1729085559.677134579] [ccr_centralized_planner]: 
[ccr_centralized_planner-3] 
[ccr_centralized_planner-3]  did not replan 
[ccr_centralized_planner-3] 
[ccr_centralized_planner-3] [INFO] [1729085559.677943032] [ccr_centralized_planner]: Sent plan [35, 50, 51, 53, 39, 55, 56, 57, 5, 1] to robotA
[ccr_fake_execution-2] [INFO] [1729085559.678604410] [ccr_fake_execution]: got plan for robotA: [35, 50, 51, 53, 39, 55, 56, 57, 5, 1]
[ccr_centralized_planner-3] [INFO] [1729085559.705823067] [ccr_centralized_planner]: Received state 35 from robotA
[ccr_centralized_planner-3] [INFO] [1729085560.677099405] [ccr_centralized_planner]: 
[ccr_centralized_planner-3] 
[ccr_centralized_planner-3]  did not replan 
[ccr_centralized_planner-3] 
[ccr_centralized_planner-3] [INFO] [1729085560.677929048] [ccr_centralized_planner]: Sent plan [35, 50, 51, 53, 39, 55, 56, 57, 5, 1] to robotA
[ccr_fake_execution-2] [INFO] [1729085560.678314489] [ccr_fake_execution]: got plan for robotA: [35, 50, 51, 53, 39, 55, 56, 57, 5, 1]
[ccr_centralized_planner-3] [INFO] [1729085560.705453738] [ccr_centralized_planner]: Received state 35 from robotA
[ccr_centralized_planner-3] [INFO] [1729085561.676948345] [ccr_centralized_planner]: 
[ccr_centralized_planner-3] 
[ccr_centralized_planner-3]  did not replan 
[ccr_centralized_planner-3] 
[ccr_centralized_planner-3] [INFO] [1729085561.677671128] [ccr_centralized_planner]: Sent plan [35, 50, 51, 53, 39, 55, 56, 57, 5, 1] to robotA
[ccr_fake_execution-2] [INFO] [1729085561.678138433] [ccr_fake_execution]: got plan for robotA: [35, 50, 51, 53, 39, 55, 56, 57, 5, 1]
[ccr_fake_execution-2] [INFO] [1729085561.705290615] [ccr_fake_execution]: robotA: 35 -> 50
[ccr_centralized_planner-3] [INFO] [1729085561.706240844] [ccr_centralized_planner]: Received state 50 from robotA
[ccr_centralized_planner-3] [INFO] [1729085562.676959728] [ccr_centralized_planner]: 
[ccr_centralized_planner-3] 
[ccr_centralized_planner-3]  did not replan 
[ccr_centralized_planner-3] 
[ccr_centralized_planner-3] [INFO] [1729085562.677572085] [ccr_centralized_planner]: Sent plan [50, 51, 53, 39, 55, 56, 57, 5, 1] to robotA
[ccr_fake_execution-2] [INFO] [1729085562.678037636] [ccr_fake_execution]: got plan for robotA: [50, 51, 53, 39, 55, 56, 57, 5, 1]
[ccr_centralized_planner-3] [INFO] [1729085562.705436801] [ccr_centralized_planner]: Received state 50 from robotA
[ccr_centralized_planner-3] [INFO] [1729085563.676940204] [ccr_centralized_planner]: 
[ccr_centralized_planner-3] 
[ccr_centralized_planner-3]  did not replan 
[ccr_centralized_planner-3] 
[ccr_centralized_planner-3] [INFO] [1729085563.677638592] [ccr_centralized_planner]: Sent plan [50, 51, 53, 39, 55, 56, 57, 5, 1] to robotA
[ccr_fake_execution-2] [INFO] [1729085563.678061403] [ccr_fake_execution]: got plan for robotA: [50, 51, 53, 39, 55, 56, 57, 5, 1]
[ccr_fake_execution-2] [INFO] [1729085563.705114069] [ccr_fake_execution]: robotA: 50 -> 51
[ccr_centralized_planner-3] [INFO] [1729085563.705817396] [ccr_centralized_planner]: Received state 51 from robotA
[ccr_centralized_planner-3] [INFO] [1729085564.677050793] [ccr_centralized_planner]: 
[ccr_centralized_planner-3] 
[ccr_centralized_planner-3]  did not replan 
[ccr_centralized_planner-3] 
[ccr_centralized_planner-3] [INFO] [1729085564.677776772] [ccr_centralized_planner]: Sent plan [51, 53, 39, 55, 56, 57, 5, 1] to robotA
[ccr_fake_execution-2] [INFO] [1729085564.678203992] [ccr_fake_execution]: got plan for robotA: [51, 53, 39, 55, 56, 57, 5, 1]
[ccr_centralized_planner-3] [INFO] [1729085564.705369250] [ccr_centralized_planner]: Received state 51 from robotA
[ccr_centralized_planner-3] [INFO] [1729085565.676956529] [ccr_centralized_planner]: 
[ccr_centralized_planner-3] 
[ccr_centralized_planner-3]  did not replan 
[ccr_centralized_planner-3] 
[ccr_centralized_planner-3] [INFO] [1729085565.677657021] [ccr_centralized_planner]: Sent plan [51, 53, 39, 55, 56, 57, 5, 1] to robotA
[ccr_fake_execution-2] [INFO] [1729085565.678019920] [ccr_fake_execution]: got plan for robotA: [51, 53, 39, 55, 56, 57, 5, 1]
[ccr_fake_execution-2] [INFO] [1729085565.705432580] [ccr_fake_execution]: robotA: 51 -> 53
[ccr_centralized_planner-3] [INFO] [1729085565.706184327] [ccr_centralized_planner]: Received state 53 from robotA
[ccr_centralized_planner-3] [INFO] [1729085566.676959497] [ccr_centralized_planner]: 
[ccr_centralized_planner-3] 
[ccr_centralized_planner-3]  did not replan 
[ccr_centralized_planner-3] 
[ccr_centralized_planner-3] [INFO] [1729085566.677678473] [ccr_centralized_planner]: Sent plan [53, 39, 55, 56, 57, 5, 1] to robotA
[ccr_fake_execution-2] [INFO] [1729085566.678106575] [ccr_fake_execution]: got plan for robotA: [53, 39, 55, 56, 57, 5, 1]
[ccr_fake_execution-2] [INFO] [1729085566.705497715] [ccr_fake_execution]: robotA: 53 -> 39
[ccr_centralized_planner-3] [INFO] [1729085566.706331025] [ccr_centralized_planner]: Received state 39 from robotA
[ccr_centralized_planner-3] [INFO] [1729085567.676918262] [ccr_centralized_planner]: 
[ccr_centralized_planner-3] 
[ccr_centralized_planner-3]  did not replan 
[ccr_centralized_planner-3] 
[ccr_centralized_planner-3] [INFO] [1729085567.677617662] [ccr_centralized_planner]: Sent plan [39, 55, 56, 57, 5, 1] to robotA
[ccr_fake_execution-2] [INFO] [1729085567.678025215] [ccr_fake_execution]: got plan for robotA: [39, 55, 56, 57, 5, 1]
[ccr_centralized_planner-3] [INFO] [1729085567.705324352] [ccr_centralized_planner]: Received state 39 from robotA
[ccr_centralized_planner-3] [INFO] [1729085568.676814370] [ccr_centralized_planner]: 
[ccr_centralized_planner-3] 
[ccr_centralized_planner-3]  did not replan 
[ccr_centralized_planner-3] 
[ccr_centralized_planner-3] [INFO] [1729085568.677293357] [ccr_centralized_planner]: Sent plan [39, 55, 56, 57, 5, 1] to robotA
[ccr_fake_execution-2] [INFO] [1729085568.677794144] [ccr_fake_execution]: got plan for robotA: [39, 55, 56, 57, 5, 1]
[ccr_centralized_planner-3] [INFO] [1729085568.705456863] [ccr_centralized_planner]: Received state 39 from robotA
[ccr_centralized_planner-3] [INFO] [1729085569.676923076] [ccr_centralized_planner]: 
[ccr_centralized_planner-3] 
[ccr_centralized_planner-3]  did not replan 
[ccr_centralized_planner-3] 
[ccr_centralized_planner-3] [INFO] [1729085569.677607157] [ccr_centralized_planner]: Sent plan [39, 55, 56, 57, 5, 1] to robotA
[ccr_fake_execution-2] [INFO] [1729085569.677997928] [ccr_fake_execution]: got plan for robotA: [39, 55, 56, 57, 5, 1]
[ccr_centralized_planner-3] [INFO] [1729085569.705354283] [ccr_centralized_planner]: Received state 39 from robotA
[ccr_centralized_planner-3] [INFO] [1729085570.676929892] [ccr_centralized_planner]: 
[ccr_centralized_planner-3] 
[ccr_centralized_planner-3]  did not replan 
[ccr_centralized_planner-3] 
[ccr_centralized_planner-3] [INFO] [1729085570.677598794] [ccr_centralized_planner]: Sent plan [39, 55, 56, 57, 5, 1] to robotA
[ccr_fake_execution-2] [INFO] [1729085570.678039860] [ccr_fake_execution]: got plan for robotA: [39, 55, 56, 57, 5, 1]
[ccr_centralized_planner-3] [INFO] [1729085570.705406403] [ccr_centralized_planner]: Received state 39 from robotA
[ccr_centralized_planner-3] [INFO] [1729085571.676914735] [ccr_centralized_planner]: 
[ccr_centralized_planner-3] 
[ccr_centralized_planner-3]  did not replan 
[ccr_centralized_planner-3] 
[ccr_centralized_planner-3] [INFO] [1729085571.677571234] [ccr_centralized_planner]: Sent plan [39, 55, 56, 57, 5, 1] to robotA
[ccr_fake_execution-2] [INFO] [1729085571.678002431] [ccr_fake_execution]: got plan for robotA: [39, 55, 56, 57, 5, 1]
[ccr_centralized_planner-3] [INFO] [1729085571.705381639] [ccr_centralized_planner]: Received state 39 from robotA
[ccr_centralized_planner-3] [INFO] [1729085572.676917062] [ccr_centralized_planner]: 
[ccr_centralized_planner-3] 
[ccr_centralized_planner-3]  did not replan 
[ccr_centralized_planner-3] 
[ccr_centralized_planner-3] [INFO] [1729085572.677575665] [ccr_centralized_planner]: Sent plan [39, 55, 56, 57, 5, 1] to robotA
[ccr_fake_execution-2] [INFO] [1729085572.677972468] [ccr_fake_execution]: got plan for robotA: [39, 55, 56, 57, 5, 1]
[ccr_fake_execution-2] [INFO] [1729085572.705137965] [ccr_fake_execution]: robotA: 39 -> 55
[ccr_centralized_planner-3] [INFO] [1729085572.705867060] [ccr_centralized_planner]: Received state 55 from robotA
[ccr_centralized_planner-3] [INFO] [1729085573.677005690] [ccr_centralized_planner]: 
[ccr_centralized_planner-3] 
[ccr_centralized_planner-3]  did not replan 
[ccr_centralized_planner-3] 
[ccr_centralized_planner-3] [INFO] [1729085573.677748030] [ccr_centralized_planner]: Sent plan [55, 56, 57, 5, 1] to robotA
[ccr_fake_execution-2] [INFO] [1729085573.678064542] [ccr_fake_execution]: got plan for robotA: [55, 56, 57, 5, 1]
[ccr_centralized_planner-3] [INFO] [1729085573.705321741] [ccr_centralized_planner]: Received state 55 from robotA
[ccr_centralized_planner-3] [INFO] [1729085574.676890026] [ccr_centralized_planner]: 
[ccr_centralized_planner-3] 
[ccr_centralized_planner-3]  did not replan 
[ccr_centralized_planner-3] 
[ccr_centralized_planner-3] [INFO] [1729085574.677567134] [ccr_centralized_planner]: Sent plan [55, 56, 57, 5, 1] to robotA
[ccr_fake_execution-2] [INFO] [1729085574.677979095] [ccr_fake_execution]: got plan for robotA: [55, 56, 57, 5, 1]
[ccr_centralized_planner-3] [INFO] [1729085574.705358012] [ccr_centralized_planner]: Received state 55 from robotA
[ccr_centralized_planner-3] [INFO] [1729085575.676902772] [ccr_centralized_planner]: 
[ccr_centralized_planner-3] 
[ccr_centralized_planner-3]  did not replan 
[ccr_centralized_planner-3] 
[ccr_centralized_planner-3] [INFO] [1729085575.677584238] [ccr_centralized_planner]: Sent plan [55, 56, 57, 5, 1] to robotA
[ccr_fake_execution-2] [INFO] [1729085575.677942248] [ccr_fake_execution]: got plan for robotA: [55, 56, 57, 5, 1]
[ccr_centralized_planner-3] [INFO] [1729085575.705377390] [ccr_centralized_planner]: Received state 55 from robotA
[ccr_centralized_planner-3] [INFO] [1729085576.676864844] [ccr_centralized_planner]: 
[ccr_centralized_planner-3] 
[ccr_centralized_planner-3]  did not replan 
[ccr_centralized_planner-3] 
[ccr_centralized_planner-3] [INFO] [1729085576.677522014] [ccr_centralized_planner]: Sent plan [55, 56, 57, 5, 1] to robotA
[ccr_fake_execution-2] [INFO] [1729085576.678003425] [ccr_fake_execution]: got plan for robotA: [55, 56, 57, 5, 1]
[ccr_fake_execution-2] [INFO] [1729085576.705183500] [ccr_fake_execution]: robotA: 55 -> 56
[ccr_centralized_planner-3] [INFO] [1729085576.705937001] [ccr_centralized_planner]: Received state 56 from robotA
[ccr_centralized_planner-3] [INFO] [1729085577.676955666] [ccr_centralized_planner]: 
[ccr_centralized_planner-3] 
[ccr_centralized_planner-3]  did not replan 
[ccr_centralized_planner-3] 
[ccr_centralized_planner-3] [INFO] [1729085577.677670344] [ccr_centralized_planner]: Sent plan [56, 57, 5, 1] to robotA
[ccr_fake_execution-2] [INFO] [1729085577.678076324] [ccr_fake_execution]: got plan for robotA: [56, 57, 5, 1]
[ccr_centralized_planner-3] [INFO] [1729085577.705505635] [ccr_centralized_planner]: Received state 56 from robotA
[ccr_centralized_planner-3] [INFO] [1729085578.676914011] [ccr_centralized_planner]: 
[ccr_centralized_planner-3] 
[ccr_centralized_planner-3]  did not replan 
[ccr_centralized_planner-3] 
[ccr_centralized_planner-3] [INFO] [1729085578.677610665] [ccr_centralized_planner]: Sent plan [56, 57, 5, 1] to robotA
[ccr_fake_execution-2] [INFO] [1729085578.678000635] [ccr_fake_execution]: got plan for robotA: [56, 57, 5, 1]
[ccr_centralized_planner-3] [INFO] [1729085578.705351229] [ccr_centralized_planner]: Received state 56 from robotA
[ccr_centralized_planner-3] [INFO] [1729085579.676953647] [ccr_centralized_planner]: 
[ccr_centralized_planner-3] 
[ccr_centralized_planner-3]  did not replan 
[ccr_centralized_planner-3] 
[ccr_centralized_planner-3] [INFO] [1729085579.677626667] [ccr_centralized_planner]: Sent plan [56, 57, 5, 1] to robotA
[ccr_fake_execution-2] [INFO] [1729085579.678001408] [ccr_fake_execution]: got plan for robotA: [56, 57, 5, 1]
[ccr_centralized_planner-3] [INFO] [1729085579.705378602] [ccr_centralized_planner]: Received state 56 from robotA
[ccr_centralized_planner-3] [INFO] [1729085580.676955884] [ccr_centralized_planner]: 
[ccr_centralized_planner-3] 
[ccr_centralized_planner-3]  did not replan 
[ccr_centralized_planner-3] 
[ccr_centralized_planner-3] [INFO] [1729085580.677609507] [ccr_centralized_planner]: Sent plan [56, 57, 5, 1] to robotA
[ccr_fake_execution-2] [INFO] [1729085580.677986553] [ccr_fake_execution]: got plan for robotA: [56, 57, 5, 1]
[ccr_centralized_planner-3] [INFO] [1729085580.705708051] [ccr_centralized_planner]: Received state 56 from robotA
[ccr_centralized_planner-3] [INFO] [1729085581.677161490] [ccr_centralized_planner]: 
[ccr_centralized_planner-3] 
[ccr_centralized_planner-3]  did not replan 
[ccr_centralized_planner-3] 
[ccr_centralized_planner-3] [INFO] [1729085581.678040195] [ccr_centralized_planner]: Sent plan [56, 57, 5, 1] to robotA
[ccr_fake_execution-2] [INFO] [1729085581.678411450] [ccr_fake_execution]: got plan for robotA: [56, 57, 5, 1]
[ccr_centralized_planner-3] [INFO] [1729085581.705663390] [ccr_centralized_planner]: Received state 56 from robotA
[ccr_centralized_planner-3] [INFO] [1729085582.677194655] [ccr_centralized_planner]: 
[ccr_centralized_planner-3] 
[ccr_centralized_planner-3]  did not replan 
[ccr_centralized_planner-3] 
[ccr_centralized_planner-3] [INFO] [1729085582.678029428] [ccr_centralized_planner]: Sent plan [56, 57, 5, 1] to robotA
[ccr_fake_execution-2] [INFO] [1729085582.678194277] [ccr_fake_execution]: got plan for robotA: [56, 57, 5, 1]
[ccr_fake_execution-2] [INFO] [1729085582.705194064] [ccr_fake_execution]: robotA: 56 -> 57
[ccr_centralized_planner-3] [INFO] [1729085582.706579618] [ccr_centralized_planner]: Received state 57 from robotA
[ccr_centralized_planner-3] [INFO] [1729085583.676843480] [ccr_centralized_planner]: 
[ccr_centralized_planner-3] 
[ccr_centralized_planner-3]  did not replan 
[ccr_centralized_planner-3] 
[ccr_centralized_planner-3] [INFO] [1729085583.677406213] [ccr_centralized_planner]: Sent plan [57, 5, 1] to robotA
[ccr_fake_execution-2] [INFO] [1729085583.677966232] [ccr_fake_execution]: got plan for robotA: [57, 5, 1]
[ccr_fake_execution-2] [INFO] [1729085583.705149382] [ccr_fake_execution]: robotA: 57 -> 5
[ccr_centralized_planner-3] [INFO] [1729085583.706198757] [ccr_centralized_planner]: Received state 5 from robotA
[ccr_centralized_planner-3] [INFO] [1729085584.677004955] [ccr_centralized_planner]: 
[ccr_centralized_planner-3] 
[ccr_centralized_planner-3]  did not replan 
[ccr_centralized_planner-3] 
[ccr_centralized_planner-3] [INFO] [1729085584.677706468] [ccr_centralized_planner]: Sent plan [5, 1] to robotA
[ccr_fake_execution-2] [INFO] [1729085584.678055752] [ccr_fake_execution]: got plan for robotA: [5, 1]
[ccr_centralized_planner-3] [INFO] [1729085584.705464204] [ccr_centralized_planner]: Received state 5 from robotA
[ccr_centralized_planner-3] [INFO] [1729085585.676954783] [ccr_centralized_planner]: 
[ccr_centralized_planner-3] 
[ccr_centralized_planner-3]  did not replan 
[ccr_centralized_planner-3] 
[ccr_centralized_planner-3] [INFO] [1729085585.677645506] [ccr_centralized_planner]: Sent plan [5, 1] to robotA
[ccr_fake_execution-2] [INFO] [1729085585.678008065] [ccr_fake_execution]: got plan for robotA: [5, 1]
[ccr_centralized_planner-3] [INFO] [1729085585.705407561] [ccr_centralized_planner]: Received state 5 from robotA
[ccr_centralized_planner-3] [INFO] [1729085586.677059862] [ccr_centralized_planner]: 
[ccr_centralized_planner-3] 
[ccr_centralized_planner-3]  did not replan 
[ccr_centralized_planner-3] 
[ccr_centralized_planner-3] [INFO] [1729085586.677783226] [ccr_centralized_planner]: Sent plan [5, 1] to robotA
[ccr_fake_execution-2] [INFO] [1729085586.678133813] [ccr_fake_execution]: got plan for robotA: [5, 1]
[ccr_fake_execution-2] [INFO] [1729085586.705141725] [ccr_fake_execution]: robotA: 5 -> 1
[ccr_goal_provider-1] [INFO] [1729085586.705997577] [ccr_goal_provider]: [32mgoal completed:[0m robotA reached goal 1, going to goal 0 within state 9
[ccr_centralized_planner-3] [INFO] [1729085586.706157968] [ccr_centralized_planner]: Received state 1 from robotA
[ccr_centralized_planner-3] [INFO] [1729085586.782956815] [ccr_centralized_planner]: Received goal 9 from robotA
[ccr_centralized_planner-3] [INFO] [1729085587.676946232] [ccr_centralized_planner]: 
[ccr_centralized_planner-3] 
[ccr_centralized_planner-3]  replaned due to new goal
[ccr_centralized_planner-3] 
[ccr_fake_execution-2] [WARN] [1729085587.705513113] [ccr_fake_execution]: robotA is not at the expected state 5, instead at 1
[ccr_centralized_planner-3] [INFO] [1729085587.743317327] [ccr_centralized_planner]: Sent plan [1, 44, 45, 56, 55, 39, 53, 51, 32, 35, 10, 9] to robotA
[ccr_centralized_planner-3] [INFO] [1729085587.743809078] [ccr_centralized_planner]: Received state 1 from robotA
[ccr_fake_execution-2] [INFO] [1729085587.743936546] [ccr_fake_execution]: got plan for robotA: [1, 44, 45, 56, 55, 39, 53, 51, 32, 35, 10, 9]
[ccr_centralized_planner-3] [INFO] [1729085588.677070036] [ccr_centralized_planner]: 
[ccr_centralized_planner-3] 
[ccr_centralized_planner-3]  did not replan 
[ccr_centralized_planner-3] 
[ccr_centralized_planner-3] [INFO] [1729085588.677808699] [ccr_centralized_planner]: Sent plan [1, 44, 45, 56, 55, 39, 53, 51, 32, 35, 10, 9] to robotA
[ccr_fake_execution-2] [INFO] [1729085588.678163393] [ccr_fake_execution]: got plan for robotA: [1, 44, 45, 56, 55, 39, 53, 51, 32, 35, 10, 9]
[ccr_fake_execution-2] [INFO] [1729085588.705127874] [ccr_fake_execution]: robotA: 1 -> 44
[ccr_centralized_planner-3] [INFO] [1729085588.705903075] [ccr_centralized_planner]: Received state 44 from robotA
[ccr_centralized_planner-3] [INFO] [1729085589.677055491] [ccr_centralized_planner]: 
[ccr_centralized_planner-3] 
[ccr_centralized_planner-3]  did not replan 
[ccr_centralized_planner-3] 
[ccr_centralized_planner-3] [INFO] [1729085589.677999669] [ccr_centralized_planner]: Sent plan [44, 45, 56, 55, 39, 53, 51, 32, 35, 10, 9] to robotA
[ccr_fake_execution-2] [INFO] [1729085589.678493363] [ccr_fake_execution]: got plan for robotA: [44, 45, 56, 55, 39, 53, 51, 32, 35, 10, 9]
[ccr_centralized_planner-3] [INFO] [1729085589.705591555] [ccr_centralized_planner]: Received state 44 from robotA
[ccr_centralized_planner-3] [INFO] [1729085590.676954394] [ccr_centralized_planner]: 
[ccr_centralized_planner-3] 
[ccr_centralized_planner-3]  did not replan 
[ccr_centralized_planner-3] 
[ccr_centralized_planner-3] [INFO] [1729085590.677851093] [ccr_centralized_planner]: Sent plan [44, 45, 56, 55, 39, 53, 51, 32, 35, 10, 9] to robotA
[ccr_fake_execution-2] [INFO] [1729085590.678354125] [ccr_fake_execution]: got plan for robotA: [44, 45, 56, 55, 39, 53, 51, 32, 35, 10, 9]
[ccr_fake_execution-2] [INFO] [1729085590.705144069] [ccr_fake_execution]: robotA: 44 -> 45
[ccr_centralized_planner-3] [INFO] [1729085590.705899273] [ccr_centralized_planner]: Received state 45 from robotA
[ccr_centralized_planner-3] [INFO] [1729085591.676927647] [ccr_centralized_planner]: 
[ccr_centralized_planner-3] 
[ccr_centralized_planner-3]  did not replan 
[ccr_centralized_planner-3] 
[ccr_centralized_planner-3] [INFO] [1729085591.677586791] [ccr_centralized_planner]: Sent plan [45, 56, 55, 39, 53, 51, 32, 35, 10, 9] to robotA
[ccr_fake_execution-2] [INFO] [1729085591.677933149] [ccr_fake_execution]: got plan for robotA: [45, 56, 55, 39, 53, 51, 32, 35, 10, 9]
[ccr_fake_execution-2] [INFO] [1729085591.705148209] [ccr_fake_execution]: robotA: 45 -> 56
[ccr_centralized_planner-3] [INFO] [1729085591.706162598] [ccr_centralized_planner]: Received state 56 from robotA
[ccr_centralized_planner-3] [INFO] [1729085592.676945252] [ccr_centralized_planner]: 
[ccr_centralized_planner-3] 
[ccr_centralized_planner-3]  did not replan 
[ccr_centralized_planner-3] 
[ccr_centralized_planner-3] [INFO] [1729085592.677614725] [ccr_centralized_planner]: Sent plan [56, 55, 39, 53, 51, 32, 35, 10, 9] to robotA
[ccr_fake_execution-2] [INFO] [1729085592.678030253] [ccr_fake_execution]: got plan for robotA: [56, 55, 39, 53, 51, 32, 35, 10, 9]
[ccr_centralized_planner-3] [INFO] [1729085592.705409030] [ccr_centralized_planner]: Received state 56 from robotA
[ccr_centralized_planner-3] [INFO] [1729085593.677038990] [ccr_centralized_planner]: 
[ccr_centralized_planner-3] 
[ccr_centralized_planner-3]  did not replan 
[ccr_centralized_planner-3] 
[ccr_centralized_planner-3] [INFO] [1729085593.677739471] [ccr_centralized_planner]: Sent plan [56, 55, 39, 53, 51, 32, 35, 10, 9] to robotA
[ccr_fake_execution-2] [INFO] [1729085593.678079067] [ccr_fake_execution]: got plan for robotA: [56, 55, 39, 53, 51, 32, 35, 10, 9]
[ccr_centralized_planner-3] [INFO] [1729085593.705365381] [ccr_centralized_planner]: Received state 56 from robotA
[ccr_centralized_planner-3] [INFO] [1729085594.676945116] [ccr_centralized_planner]: 
[ccr_centralized_planner-3] 
[ccr_centralized_planner-3]  did not replan 
[ccr_centralized_planner-3] 
[ccr_centralized_planner-3] [INFO] [1729085594.677615311] [ccr_centralized_planner]: Sent plan [56, 55, 39, 53, 51, 32, 35, 10, 9] to robotA
[ccr_fake_execution-2] [INFO] [1729085594.677967690] [ccr_fake_execution]: got plan for robotA: [56, 55, 39, 53, 51, 32, 35, 10, 9]
[ccr_centralized_planner-3] [INFO] [1729085594.705401420] [ccr_centralized_planner]: Received state 56 from robotA
[ccr_centralized_planner-3] [INFO] [1729085595.676940701] [ccr_centralized_planner]: 
[ccr_centralized_planner-3] 
[ccr_centralized_planner-3]  did not replan 
[ccr_centralized_planner-3] 
[ccr_centralized_planner-3] [INFO] [1729085595.677605415] [ccr_centralized_planner]: Sent plan [56, 55, 39, 53, 51, 32, 35, 10, 9] to robotA
[ccr_fake_execution-2] [INFO] [1729085595.677963646] [ccr_fake_execution]: got plan for robotA: [56, 55, 39, 53, 51, 32, 35, 10, 9]
[ccr_centralized_planner-3] [INFO] [1729085595.705364694] [ccr_centralized_planner]: Received state 56 from robotA
[ccr_centralized_planner-3] [INFO] [1729085596.676927528] [ccr_centralized_planner]: 
[ccr_centralized_planner-3] 
[ccr_centralized_planner-3]  did not replan 
[ccr_centralized_planner-3] 
[ccr_centralized_planner-3] [INFO] [1729085596.677590649] [ccr_centralized_planner]: Sent plan [56, 55, 39, 53, 51, 32, 35, 10, 9] to robotA
[ccr_fake_execution-2] [INFO] [1729085596.677912722] [ccr_fake_execution]: got plan for robotA: [56, 55, 39, 53, 51, 32, 35, 10, 9]
[ccr_fake_execution-2] [INFO] [1729085596.705140536] [ccr_fake_execution]: robotA: 56 -> 55
[ccr_centralized_planner-3] [INFO] [1729085596.705938240] [ccr_centralized_planner]: Received state 55 from robotA
[ccr_centralized_planner-3] [INFO] [1729085597.676958959] [ccr_centralized_planner]: 
[ccr_centralized_planner-3] 
[ccr_centralized_planner-3]  did not replan 
[ccr_centralized_planner-3] 
[ccr_centralized_planner-3] [INFO] [1729085597.677639263] [ccr_centralized_planner]: Sent plan [55, 39, 53, 51, 32, 35, 10, 9] to robotA
[ccr_fake_execution-2] [INFO] [1729085597.677992564] [ccr_fake_execution]: got plan for robotA: [55, 39, 53, 51, 32, 35, 10, 9]
[ccr_fake_execution-2] [INFO] [1729085597.705141090] [ccr_fake_execution]: robotA: 55 -> 39
[ccr_centralized_planner-3] [INFO] [1729085597.705899149] [ccr_centralized_planner]: Received state 39 from robotA
[ccr_centralized_planner-3] [INFO] [1729085598.676950255] [ccr_centralized_planner]: 
[ccr_centralized_planner-3] 
[ccr_centralized_planner-3]  did not replan 
[ccr_centralized_planner-3] 
[ccr_centralized_planner-3] [INFO] [1729085598.677622103] [ccr_centralized_planner]: Sent plan [39, 53, 51, 32, 35, 10, 9] to robotA
[ccr_fake_execution-2] [INFO] [1729085598.677971727] [ccr_fake_execution]: got plan for robotA: [39, 53, 51, 32, 35, 10, 9]
[ccr_centralized_planner-3] [INFO] [1729085598.705376363] [ccr_centralized_planner]: Received state 39 from robotA
[ccr_centralized_planner-3] [INFO] [1729085599.676946511] [ccr_centralized_planner]: 
[ccr_centralized_planner-3] 
[ccr_centralized_planner-3]  did not replan 
[ccr_centralized_planner-3] 
[ccr_centralized_planner-3] [INFO] [1729085599.677616615] [ccr_centralized_planner]: Sent plan [39, 53, 51, 32, 35, 10, 9] to robotA
[ccr_fake_execution-2] [INFO] [1729085599.677969917] [ccr_fake_execution]: got plan for robotA: [39, 53, 51, 32, 35, 10, 9]
[ccr_centralized_planner-3] [INFO] [1729085599.705392565] [ccr_centralized_planner]: Received state 39 from robotA
[ccr_centralized_planner-3] [INFO] [1729085600.676952123] [ccr_centralized_planner]: 
[ccr_centralized_planner-3] 
[ccr_centralized_planner-3]  did not replan 
[ccr_centralized_planner-3] 
[ccr_centralized_planner-3] [INFO] [1729085600.677631014] [ccr_centralized_planner]: Sent plan [39, 53, 51, 32, 35, 10, 9] to robotA
[ccr_fake_execution-2] [INFO] [1729085600.677987351] [ccr_fake_execution]: got plan for robotA: [39, 53, 51, 32, 35, 10, 9]
[ccr_fake_execution-2] [INFO] [1729085600.705144373] [ccr_fake_execution]: robotA: 39 -> 53
[ccr_centralized_planner-3] [INFO] [1729085600.705930194] [ccr_centralized_planner]: Received state 53 from robotA
[ccr_centralized_planner-3] [INFO] [1729085601.676924765] [ccr_centralized_planner]: 
[ccr_centralized_planner-3] 
[ccr_centralized_planner-3]  did not replan 
[ccr_centralized_planner-3] 
[ccr_centralized_planner-3] [INFO] [1729085601.677574261] [ccr_centralized_planner]: Sent plan [53, 51, 32, 35, 10, 9] to robotA
[ccr_fake_execution-2] [INFO] [1729085601.677885894] [ccr_fake_execution]: got plan for robotA: [53, 51, 32, 35, 10, 9]
[ccr_fake_execution-2] [INFO] [1729085601.705140548] [ccr_fake_execution]: robotA: 53 -> 51
[ccr_centralized_planner-3] [INFO] [1729085601.705885894] [ccr_centralized_planner]: Received state 51 from robotA
[ccr_centralized_planner-3] [INFO] [1729085602.676951346] [ccr_centralized_planner]: 
[ccr_centralized_planner-3] 
[ccr_centralized_planner-3]  did not replan 
[ccr_centralized_planner-3] 
[ccr_centralized_planner-3] [INFO] [1729085602.677610901] [ccr_centralized_planner]: Sent plan [51, 32, 35, 10, 9] to robotA
[ccr_fake_execution-2] [INFO] [1729085602.677950136] [ccr_fake_execution]: got plan for robotA: [51, 32, 35, 10, 9]
[ccr_fake_execution-2] [INFO] [1729085602.705122276] [ccr_fake_execution]: robotA: 51 -> 32
[ccr_centralized_planner-3] [INFO] [1729085602.705868684] [ccr_centralized_planner]: Received state 32 from robotA
[ccr_centralized_planner-3] [INFO] [1729085603.676921022] [ccr_centralized_planner]: 
[ccr_centralized_planner-3] 
[ccr_centralized_planner-3]  did not replan 
[ccr_centralized_planner-3] 
[ccr_centralized_planner-3] [INFO] [1729085603.677585166] [ccr_centralized_planner]: Sent plan [32, 35, 10, 9] to robotA
[ccr_fake_execution-2] [INFO] [1729085603.677948987] [ccr_fake_execution]: got plan for robotA: [32, 35, 10, 9]
[ccr_centralized_planner-3] [INFO] [1729085603.705352700] [ccr_centralized_planner]: Received state 32 from robotA
[ccr_centralized_planner-3] [INFO] [1729085604.676943847] [ccr_centralized_planner]: 
[ccr_centralized_planner-3] 
[ccr_centralized_planner-3]  did not replan 
[ccr_centralized_planner-3] 
[ccr_centralized_planner-3] [INFO] [1729085604.677606458] [ccr_centralized_planner]: Sent plan [32, 35, 10, 9] to robotA
[ccr_fake_execution-2] [INFO] [1729085604.677960340] [ccr_fake_execution]: got plan for robotA: [32, 35, 10, 9]
[ccr_fake_execution-2] [INFO] [1729085604.705290997] [ccr_fake_execution]: robotA: 32 -> 35
[ccr_centralized_planner-3] [INFO] [1729085604.705961773] [ccr_centralized_planner]: Received state 35 from robotA
[ccr_centralized_planner-3] [INFO] [1729085605.676947246] [ccr_centralized_planner]: 
[ccr_centralized_planner-3] 
[ccr_centralized_planner-3]  did not replan 
[ccr_centralized_planner-3] 
[ccr_centralized_planner-3] [INFO] [1729085605.677586854] [ccr_centralized_planner]: Sent plan [35, 10, 9] to robotA
[ccr_fake_execution-2] [INFO] [1729085605.677968869] [ccr_fake_execution]: got plan for robotA: [35, 10, 9]
[ccr_centralized_planner-3] [INFO] [1729085605.705411264] [ccr_centralized_planner]: Received state 35 from robotA
[ccr_centralized_planner-3] [INFO] [1729085606.676927191] [ccr_centralized_planner]: 
[ccr_centralized_planner-3] 
[ccr_centralized_planner-3]  did not replan 
[ccr_centralized_planner-3] 
[ccr_centralized_planner-3] [INFO] [1729085606.677557831] [ccr_centralized_planner]: Sent plan [35, 10, 9] to robotA
[ccr_fake_execution-2] [INFO] [1729085606.677908238] [ccr_fake_execution]: got plan for robotA: [35, 10, 9]
[ccr_fake_execution-2] [INFO] [1729085606.705142073] [ccr_fake_execution]: robotA: 35 -> 10
[ccr_centralized_planner-3] [INFO] [1729085606.705895173] [ccr_centralized_planner]: Received state 10 from robotA
[ccr_centralized_planner-3] [INFO] [1729085607.676927263] [ccr_centralized_planner]: 
[ccr_centralized_planner-3] 
[ccr_centralized_planner-3]  did not replan 
[ccr_centralized_planner-3] 
[ccr_centralized_planner-3] [INFO] [1729085607.677557323] [ccr_centralized_planner]: Sent plan [10, 9] to robotA
[ccr_fake_execution-2] [INFO] [1729085607.677916205] [ccr_fake_execution]: got plan for robotA: [10, 9]
[ccr_centralized_planner-3] [INFO] [1729085607.705401681] [ccr_centralized_planner]: Received state 10 from robotA
[ccr_centralized_planner-3] [INFO] [1729085608.676934649] [ccr_centralized_planner]: 
[ccr_centralized_planner-3] 
[ccr_centralized_planner-3]  did not replan 
[ccr_centralized_planner-3] 
[ccr_centralized_planner-3] [INFO] [1729085608.677567454] [ccr_centralized_planner]: Sent plan [10, 9] to robotA
[ccr_fake_execution-2] [INFO] [1729085608.677961442] [ccr_fake_execution]: got plan for robotA: [10, 9]
[ccr_fake_execution-2] [INFO] [1729085608.705185129] [ccr_fake_execution]: robotA: 10 -> 9
[ccr_centralized_planner-3] [INFO] [1729085608.705997590] [ccr_centralized_planner]: Received state 9 from robotA
[ccr_goal_provider-1] [INFO] [1729085608.706071448] [ccr_goal_provider]: [32mgoal completed:[0m robotA reached goal 9, going to goal 1 within state 1
[ccr_centralized_planner-3] [INFO] [1729085608.782953591] [ccr_centralized_planner]: Received goal 1 from robotA
[ccr_centralized_planner-3] [INFO] [1729085609.676925134] [ccr_centralized_planner]: 
[ccr_centralized_planner-3] 
[ccr_centralized_planner-3]  replaned due to new goal
[ccr_centralized_planner-3] 
[ccr_centralized_planner-3] [INFO] [1729085609.697212896] [ccr_centralized_planner]: Sent plan [9, 11, 35, 50, 51, 53, 39, 55, 56, 57, 5, 1] to robotA
[ccr_fake_execution-2] [INFO] [1729085609.697568331] [ccr_fake_execution]: got plan for robotA: [9, 11, 35, 50, 51, 53, 39, 55, 56, 57, 5, 1]
[ccr_centralized_planner-3] [INFO] [1729085609.705102907] [ccr_centralized_planner]: Received state 9 from robotA
[ccr_centralized_planner-3] [INFO] [1729085610.676909587] [ccr_centralized_planner]: 
[ccr_centralized_planner-3] 
[ccr_centralized_planner-3]  did not replan 
[ccr_centralized_planner-3] 
[ccr_centralized_planner-3] [INFO] [1729085610.677559714] [ccr_centralized_planner]: Sent plan [9, 11, 35, 50, 51, 53, 39, 55, 56, 57, 5, 1] to robotA
[ccr_fake_execution-2] [INFO] [1729085610.677861590] [ccr_fake_execution]: got plan for robotA: [9, 11, 35, 50, 51, 53, 39, 55, 56, 57, 5, 1]
[ccr_fake_execution-2] [INFO] [1729085610.705145389] [ccr_fake_execution]: robotA: 9 -> 11
[ccr_centralized_planner-3] [INFO] [1729085610.705876778] [ccr_centralized_planner]: Received state 11 from robotA
[ccr_centralized_planner-3] [INFO] [1729085611.676871078] [ccr_centralized_planner]: 
[ccr_centralized_planner-3] 
[ccr_centralized_planner-3]  did not replan 
[ccr_centralized_planner-3] 
[ccr_centralized_planner-3] [INFO] [1729085611.677507449] [ccr_centralized_planner]: Sent plan [11, 35, 50, 51, 53, 39, 55, 56, 57, 5, 1] to robotA
[ccr_fake_execution-2] [INFO] [1729085611.677710860] [ccr_fake_execution]: got plan for robotA: [11, 35, 50, 51, 53, 39, 55, 56, 57, 5, 1]
[ccr_centralized_planner-3] [INFO] [1729085611.705398655] [ccr_centralized_planner]: Received state 11 from robotA
[ccr_centralized_planner-3] [INFO] [1729085612.676874216] [ccr_centralized_planner]: 
[ccr_centralized_planner-3] 
[ccr_centralized_planner-3]  did not replan 
[ccr_centralized_planner-3] 
[ccr_centralized_planner-3] [INFO] [1729085612.677466335] [ccr_centralized_planner]: Sent plan [11, 35, 50, 51, 53, 39, 55, 56, 57, 5, 1] to robotA
[ccr_fake_execution-2] [INFO] [1729085612.677730339] [ccr_fake_execution]: got plan for robotA: [11, 35, 50, 51, 53, 39, 55, 56, 57, 5, 1]
[ccr_fake_execution-2] [INFO] [1729085612.705199655] [ccr_fake_execution]: robotA: 11 -> 35
[ccr_centralized_planner-3] [INFO] [1729085612.705971620] [ccr_centralized_planner]: Received state 35 from robotA
[ccr_centralized_planner-3] [INFO] [1729085613.676886020] [ccr_centralized_planner]: 
[ccr_centralized_planner-3] 
[ccr_centralized_planner-3]  did not replan 
[ccr_centralized_planner-3] 
[ccr_centralized_planner-3] [INFO] [1729085613.677483649] [ccr_centralized_planner]: Sent plan [35, 50, 51, 53, 39, 55, 56, 57, 5, 1] to robotA
[ccr_fake_execution-2] [INFO] [1729085613.677727255] [ccr_fake_execution]: got plan for robotA: [35, 50, 51, 53, 39, 55, 56, 57, 5, 1]
[ccr_centralized_planner-3] [INFO] [1729085613.705615816] [ccr_centralized_planner]: Received state 35 from robotA
[ccr_centralized_planner-3] [INFO] [1729085614.676883348] [ccr_centralized_planner]: 
[ccr_centralized_planner-3] 
[ccr_centralized_planner-3]  did not replan 
[ccr_centralized_planner-3] 
[ccr_centralized_planner-3] [INFO] [1729085614.677532002] [ccr_centralized_planner]: Sent plan [35, 50, 51, 53, 39, 55, 56, 57, 5, 1] to robotA
[ccr_fake_execution-2] [INFO] [1729085614.677747456] [ccr_fake_execution]: got plan for robotA: [35, 50, 51, 53, 39, 55, 56, 57, 5, 1]
[ccr_centralized_planner-3] [INFO] [1729085614.705634073] [ccr_centralized_planner]: Received state 35 from robotA
[ccr_centralized_planner-3] [INFO] [1729085615.676940527] [ccr_centralized_planner]: 
[ccr_centralized_planner-3] 
[ccr_centralized_planner-3]  did not replan 
[ccr_centralized_planner-3] 
[ccr_centralized_planner-3] [INFO] [1729085615.677584983] [ccr_centralized_planner]: Sent plan [35, 50, 51, 53, 39, 55, 56, 57, 5, 1] to robotA
[ccr_fake_execution-2] [INFO] [1729085615.677785479] [ccr_fake_execution]: got plan for robotA: [35, 50, 51, 53, 39, 55, 56, 57, 5, 1]
[ccr_centralized_planner-3] [INFO] [1729085615.705371463] [ccr_centralized_planner]: Received state 35 from robotA
[ccr_centralized_planner-3] [INFO] [1729085616.676873304] [ccr_centralized_planner]: 
[ccr_centralized_planner-3] 
[ccr_centralized_planner-3]  did not replan 
[ccr_centralized_planner-3] 
[ccr_centralized_planner-3] [INFO] [1729085616.677494958] [ccr_centralized_planner]: Sent plan [35, 50, 51, 53, 39, 55, 56, 57, 5, 1] to robotA
[ccr_fake_execution-2] [INFO] [1729085616.677710191] [ccr_fake_execution]: got plan for robotA: [35, 50, 51, 53, 39, 55, 56, 57, 5, 1]
[ccr_centralized_planner-3] [INFO] [1729085616.705629750] [ccr_centralized_planner]: Received state 35 from robotA
[ccr_centralized_planner-3] [INFO] [1729085617.676966430] [ccr_centralized_planner]: 
[ccr_centralized_planner-3] 
[ccr_centralized_planner-3]  did not replan 
[ccr_centralized_planner-3] 
[ccr_centralized_planner-3] [INFO] [1729085617.677652635] [ccr_centralized_planner]: Sent plan [35, 50, 51, 53, 39, 55, 56, 57, 5, 1] to robotA
[ccr_fake_execution-2] [INFO] [1729085617.677867317] [ccr_fake_execution]: got plan for robotA: [35, 50, 51, 53, 39, 55, 56, 57, 5, 1]
[ccr_fake_execution-2] [INFO] [1729085617.705135777] [ccr_fake_execution]: robotA: 35 -> 50
[ccr_centralized_planner-3] [INFO] [1729085617.705949500] [ccr_centralized_planner]: Received state 50 from robotA
[ccr_centralized_planner-3] [INFO] [1729085618.676946145] [ccr_centralized_planner]: 
[ccr_centralized_planner-3] 
[ccr_centralized_planner-3]  did not replan 
[ccr_centralized_planner-3] 
[ccr_centralized_planner-3] [INFO] [1729085618.677618634] [ccr_centralized_planner]: Sent plan [50, 51, 53, 39, 55, 56, 57, 5, 1] to robotA
[ccr_fake_execution-2] [INFO] [1729085618.677860938] [ccr_fake_execution]: got plan for robotA: [50, 51, 53, 39, 55, 56, 57, 5, 1]
[ccr_fake_execution-2] [INFO] [1729085618.705136421] [ccr_fake_execution]: robotA: 50 -> 51
[ccr_centralized_planner-3] [INFO] [1729085618.705864243] [ccr_centralized_planner]: Received state 51 from robotA
[ccr_centralized_planner-3] [INFO] [1729085619.676943422] [ccr_centralized_planner]: 
[ccr_centralized_planner-3] 
[ccr_centralized_planner-3]  did not replan 
[ccr_centralized_planner-3] 
[ccr_centralized_planner-3] [INFO] [1729085619.677621862] [ccr_centralized_planner]: Sent plan [51, 53, 39, 55, 56, 57, 5, 1] to robotA
[ccr_fake_execution-2] [INFO] [1729085619.677905904] [ccr_fake_execution]: got plan for robotA: [51, 53, 39, 55, 56, 57, 5, 1]
[ccr_fake_execution-2] [INFO] [1729085619.705140841] [ccr_fake_execution]: robotA: 51 -> 53
[ccr_centralized_planner-3] [INFO] [1729085619.705952831] [ccr_centralized_planner]: Received state 53 from robotA
[ccr_centralized_planner-3] [INFO] [1729085620.676978530] [ccr_centralized_planner]: 
[ccr_centralized_planner-3] 
[ccr_centralized_planner-3]  did not replan 
[ccr_centralized_planner-3] 
[ccr_centralized_planner-3] [INFO] [1729085620.677664444] [ccr_centralized_planner]: Sent plan [53, 39, 55, 56, 57, 5, 1] to robotA
[ccr_fake_execution-2] [INFO] [1729085620.677913481] [ccr_fake_execution]: got plan for robotA: [53, 39, 55, 56, 57, 5, 1]
[ccr_centralized_planner-3] [INFO] [1729085620.705444763] [ccr_centralized_planner]: Received state 53 from robotA
[ccr_centralized_planner-3] [INFO] [1729085621.677002247] [ccr_centralized_planner]: 
[ccr_centralized_planner-3] 
[ccr_centralized_planner-3]  did not replan 
[ccr_centralized_planner-3] 
[ccr_centralized_planner-3] [INFO] [1729085621.677668885] [ccr_centralized_planner]: Sent plan [53, 39, 55, 56, 57, 5, 1] to robotA
[ccr_fake_execution-2] [INFO] [1729085621.677914885] [ccr_fake_execution]: got plan for robotA: [53, 39, 55, 56, 57, 5, 1]
[ccr_centralized_planner-3] [INFO] [1729085621.705445827] [ccr_centralized_planner]: Received state 53 from robotA
[ccr_centralized_planner-3] [INFO] [1729085622.676953979] [ccr_centralized_planner]: 
[ccr_centralized_planner-3] 
[ccr_centralized_planner-3]  did not replan 
[ccr_centralized_planner-3] 
[ccr_centralized_planner-3] [INFO] [1729085622.677618794] [ccr_centralized_planner]: Sent plan [53, 39, 55, 56, 57, 5, 1] to robotA
[ccr_fake_execution-2] [INFO] [1729085622.677880193] [ccr_fake_execution]: got plan for robotA: [53, 39, 55, 56, 57, 5, 1]
[ccr_centralized_planner-3] [INFO] [1729085622.705528765] [ccr_centralized_planner]: Received state 53 from robotA
[ccr_centralized_planner-3] [INFO] [1729085623.676996200] [ccr_centralized_planner]: 
[ccr_centralized_planner-3] 
[ccr_centralized_planner-3]  did not replan 
[ccr_centralized_planner-3] 
[ccr_centralized_planner-3] [INFO] [1729085623.677697823] [ccr_centralized_planner]: Sent plan [53, 39, 55, 56, 57, 5, 1] to robotA
[ccr_fake_execution-2] [INFO] [1729085623.677998206] [ccr_fake_execution]: got plan for robotA: [53, 39, 55, 56, 57, 5, 1]
[ccr_centralized_planner-3] [INFO] [1729085623.705496817] [ccr_centralized_planner]: Received state 53 from robotA
[ccr_centralized_planner-3] [INFO] [1729085624.677011702] [ccr_centralized_planner]: 
[ccr_centralized_planner-3] 
[ccr_centralized_planner-3]  did not replan 
[ccr_centralized_planner-3] 
[ccr_centralized_planner-3] [INFO] [1729085624.677735306] [ccr_centralized_planner]: Sent plan [53, 39, 55, 56, 57, 5, 1] to robotA
[ccr_fake_execution-2] [INFO] [1729085624.677958394] [ccr_fake_execution]: got plan for robotA: [53, 39, 55, 56, 57, 5, 1]
[ccr_fake_execution-2] [INFO] [1729085624.705138509] [ccr_fake_execution]: robotA: 53 -> 39
[ccr_centralized_planner-3] [INFO] [1729085624.705997497] [ccr_centralized_planner]: Received state 39 from robotA
[ccr_centralized_planner-3] [INFO] [1729085625.676947043] [ccr_centralized_planner]: 
[ccr_centralized_planner-3] 
[ccr_centralized_planner-3]  did not replan 
[ccr_centralized_planner-3] 
[ccr_centralized_planner-3] [INFO] [1729085625.677628348] [ccr_centralized_planner]: Sent plan [39, 55, 56, 57, 5, 1] to robotA
[ccr_fake_execution-2] [INFO] [1729085625.677854682] [ccr_fake_execution]: got plan for robotA: [39, 55, 56, 57, 5, 1]
[ccr_fake_execution-2] [INFO] [1729085625.705116540] [ccr_fake_execution]: robotA: 39 -> 55
[ccr_centralized_planner-3] [INFO] [1729085625.705883105] [ccr_centralized_planner]: Received state 55 from robotA
[ccr_centralized_planner-3] [INFO] [1729085626.676949894] [ccr_centralized_planner]: 
[ccr_centralized_planner-3] 
[ccr_centralized_planner-3]  did not replan 
[ccr_centralized_planner-3] 
[ccr_centralized_planner-3] [INFO] [1729085626.677630298] [ccr_centralized_planner]: Sent plan [55, 56, 57, 5, 1] to robotA
[ccr_fake_execution-2] [INFO] [1729085626.677848606] [ccr_fake_execution]: got plan for robotA: [55, 56, 57, 5, 1]
[ccr_centralized_planner-3] [INFO] [1729085626.705424280] [ccr_centralized_planner]: Received state 55 from robotA
[ccr_centralized_planner-3] [INFO] [1729085627.676952360] [ccr_centralized_planner]: 
[ccr_centralized_planner-3] 
[ccr_centralized_planner-3]  did not replan 
[ccr_centralized_planner-3] 
[ccr_centralized_planner-3] [INFO] [1729085627.677631802] [ccr_centralized_planner]: Sent plan [55, 56, 57, 5, 1] to robotA
[ccr_fake_execution-2] [INFO] [1729085627.677853066] [ccr_fake_execution]: got plan for robotA: [55, 56, 57, 5, 1]
[ccr_centralized_planner-3] [INFO] [1729085627.705358699] [ccr_centralized_planner]: Received state 55 from robotA
[ccr_centralized_planner-3] [INFO] [1729085628.676959185] [ccr_centralized_planner]: 
[ccr_centralized_planner-3] 
[ccr_centralized_planner-3]  did not replan 
[ccr_centralized_planner-3] 
[ccr_centralized_planner-3] [INFO] [1729085628.677645429] [ccr_centralized_planner]: Sent plan [55, 56, 57, 5, 1] to robotA
[ccr_fake_execution-2] [INFO] [1729085628.677883395] [ccr_fake_execution]: got plan for robotA: [55, 56, 57, 5, 1]
[ccr_centralized_planner-3] [INFO] [1729085628.705379320] [ccr_centralized_planner]: Received state 55 from robotA
[ccr_centralized_planner-3] [INFO] [1729085629.676957934] [ccr_centralized_planner]: 
[ccr_centralized_planner-3] 
[ccr_centralized_planner-3]  did not replan 
[ccr_centralized_planner-3] 
[ccr_centralized_planner-3] [INFO] [1729085629.677635803] [ccr_centralized_planner]: Sent plan [55, 56, 57, 5, 1] to robotA
[ccr_fake_execution-2] [INFO] [1729085629.677847129] [ccr_fake_execution]: got plan for robotA: [55, 56, 57, 5, 1]
[ccr_centralized_planner-3] [INFO] [1729085629.705656751] [ccr_centralized_planner]: Received state 55 from robotA
[ccr_centralized_planner-3] [INFO] [1729085630.677016787] [ccr_centralized_planner]: 
[ccr_centralized_planner-3] 
[ccr_centralized_planner-3]  did not replan 
[ccr_centralized_planner-3] 
[ccr_centralized_planner-3] [INFO] [1729085630.677710806] [ccr_centralized_planner]: Sent plan [55, 56, 57, 5, 1] to robotA
[ccr_fake_execution-2] [INFO] [1729085630.677925247] [ccr_fake_execution]: got plan for robotA: [55, 56, 57, 5, 1]
[ccr_centralized_planner-3] [INFO] [1729085630.705406535] [ccr_centralized_planner]: Received state 55 from robotA
[ccr_centralized_planner-3] [INFO] [1729085631.676998284] [ccr_centralized_planner]: 
[ccr_centralized_planner-3] 
[ccr_centralized_planner-3]  did not replan 
[ccr_centralized_planner-3] 
[ccr_centralized_planner-3] [INFO] [1729085631.677682825] [ccr_centralized_planner]: Sent plan [55, 56, 57, 5, 1] to robotA
[ccr_fake_execution-2] [INFO] [1729085631.677904240] [ccr_fake_execution]: got plan for robotA: [55, 56, 57, 5, 1]
[ccr_centralized_planner-3] [INFO] [1729085631.705404273] [ccr_centralized_planner]: Received state 55 from robotA
[ccr_centralized_planner-3] [INFO] [1729085632.677054341] [ccr_centralized_planner]: 
[ccr_centralized_planner-3] 
[ccr_centralized_planner-3]  did not replan 
[ccr_centralized_planner-3] 
[ccr_centralized_planner-3] [INFO] [1729085632.677739233] [ccr_centralized_planner]: Sent plan [55, 56, 57, 5, 1] to robotA
[ccr_fake_execution-2] [INFO] [1729085632.677966629] [ccr_fake_execution]: got plan for robotA: [55, 56, 57, 5, 1]
[ccr_centralized_planner-3] [INFO] [1729085632.705406779] [ccr_centralized_planner]: Received state 55 from robotA
[ccr_centralized_planner-3] [INFO] [1729085633.677136417] [ccr_centralized_planner]: 
[ccr_centralized_planner-3] 
[ccr_centralized_planner-3]  did not replan 
[ccr_centralized_planner-3] 
[ccr_centralized_planner-3] [INFO] [1729085633.677908632] [ccr_centralized_planner]: Sent plan [55, 56, 57, 5, 1] to robotA
[ccr_fake_execution-2] [INFO] [1729085633.678052411] [ccr_fake_execution]: got plan for robotA: [55, 56, 57, 5, 1]
[ccr_fake_execution-2] [INFO] [1729085633.705136536] [ccr_fake_execution]: robotA: 55 -> 56
[ccr_centralized_planner-3] [INFO] [1729085633.705957703] [ccr_centralized_planner]: Received state 56 from robotA
[ccr_centralized_planner-3] [INFO] [1729085634.677010703] [ccr_centralized_planner]: 
[ccr_centralized_planner-3] 
[ccr_centralized_planner-3]  did not replan 
[ccr_centralized_planner-3] 
[ccr_centralized_planner-3] [INFO] [1729085634.677719220] [ccr_centralized_planner]: Sent plan [56, 57, 5, 1] to robotA
[ccr_fake_execution-2] [INFO] [1729085634.677923833] [ccr_fake_execution]: got plan for robotA: [56, 57, 5, 1]
[ccr_centralized_planner-3] [INFO] [1729085634.705311655] [ccr_centralized_planner]: Received state 56 from robotA
[ccr_centralized_planner-3] [INFO] [1729085635.677054347] [ccr_centralized_planner]: 
[ccr_centralized_planner-3] 
[ccr_centralized_planner-3]  did not replan 
[ccr_centralized_planner-3] 
[ccr_centralized_planner-3] [INFO] [1729085635.677742365] [ccr_centralized_planner]: Sent plan [56, 57, 5, 1] to robotA
[ccr_fake_execution-2] [INFO] [1729085635.677957999] [ccr_fake_execution]: got plan for robotA: [56, 57, 5, 1]
[ccr_fake_execution-2] [INFO] [1729085635.705134425] [ccr_fake_execution]: robotA: 56 -> 57
[ccr_centralized_planner-3] [INFO] [1729085635.706187657] [ccr_centralized_planner]: Received state 57 from robotA
[ccr_centralized_planner-3] [INFO] [1729085636.677021447] [ccr_centralized_planner]: 
[ccr_centralized_planner-3] 
[ccr_centralized_planner-3]  did not replan 
[ccr_centralized_planner-3] 
[ccr_centralized_planner-3] [INFO] [1729085636.677707081] [ccr_centralized_planner]: Sent plan [57, 5, 1] to robotA
[ccr_fake_execution-2] [INFO] [1729085636.677938745] [ccr_fake_execution]: got plan for robotA: [57, 5, 1]
[ccr_centralized_planner-3] [INFO] [1729085636.705448114] [ccr_centralized_planner]: Received state 57 from robotA
[ccr_centralized_planner-3] [INFO] [1729085637.677032119] [ccr_centralized_planner]: 
[ccr_centralized_planner-3] 
[ccr_centralized_planner-3]  did not replan 
[ccr_centralized_planner-3] 
[ccr_centralized_planner-3] [INFO] [1729085637.677765783] [ccr_centralized_planner]: Sent plan [57, 5, 1] to robotA
[ccr_fake_execution-2] [INFO] [1729085637.677923138] [ccr_fake_execution]: got plan for robotA: [57, 5, 1]
[ccr_centralized_planner-3] [INFO] [1729085637.705498030] [ccr_centralized_planner]: Received state 57 from robotA
[ccr_centralized_planner-3] [INFO] [1729085638.676940209] [ccr_centralized_planner]: 
[ccr_centralized_planner-3] 
[ccr_centralized_planner-3]  did not replan 
[ccr_centralized_planner-3] 
[ccr_centralized_planner-3] [INFO] [1729085638.677629820] [ccr_centralized_planner]: Sent plan [57, 5, 1] to robotA
[ccr_fake_execution-2] [INFO] [1729085638.677817923] [ccr_fake_execution]: got plan for robotA: [57, 5, 1]
[ccr_fake_execution-2] [INFO] [1729085638.705114153] [ccr_fake_execution]: robotA: 57 -> 5
[ccr_centralized_planner-3] [INFO] [1729085638.705851183] [ccr_centralized_planner]: Received state 5 from robotA
[ccr_centralized_planner-3] [INFO] [1729085639.676919012] [ccr_centralized_planner]: 
[ccr_centralized_planner-3] 
[ccr_centralized_planner-3]  did not replan 
[ccr_centralized_planner-3] 
[ccr_centralized_planner-3] [INFO] [1729085639.677565001] [ccr_centralized_planner]: Sent plan [5, 1] to robotA
[ccr_fake_execution-2] [INFO] [1729085639.677791625] [ccr_fake_execution]: got plan for robotA: [5, 1]
[ccr_fake_execution-2] [INFO] [1729085639.705113374] [ccr_fake_execution]: robotA: 5 -> 1
[ccr_centralized_planner-3] [INFO] [1729085639.705921176] [ccr_centralized_planner]: Received state 1 from robotA
[ccr_goal_provider-1] [INFO] [1729085639.705949739] [ccr_goal_provider]: [32mgoal completed:[0m robotA reached goal 1, going to goal 0 within state 9
[ccr_centralized_planner-3] [INFO] [1729085639.782960019] [ccr_centralized_planner]: Received goal 9 from robotA
[ccr_centralized_planner-3] [INFO] [1729085640.676905418] [ccr_centralized_planner]: 
[ccr_centralized_planner-3] 
[ccr_centralized_planner-3]  replaned due to new goal
[ccr_centralized_planner-3] 
[ccr_centralized_planner-3] [INFO] [1729085640.698447096] [ccr_centralized_planner]: Sent plan [1, 44, 45, 56, 55, 39, 53, 51, 32, 35, 10, 9] to robotA
[ccr_fake_execution-2] [INFO] [1729085640.698841454] [ccr_fake_execution]: got plan for robotA: [1, 44, 45, 56, 55, 39, 53, 51, 32, 35, 10, 9]
[ccr_fake_execution-2] [INFO] [1729085640.705113867] [ccr_fake_execution]: robotA: 1 -> 44
[ccr_centralized_planner-3] [INFO] [1729085640.705572655] [ccr_centralized_planner]: Received state 44 from robotA
[ccr_centralized_planner-3] [INFO] [1729085641.676914738] [ccr_centralized_planner]: 
[ccr_centralized_planner-3] 
[ccr_centralized_planner-3]  did not replan 
[ccr_centralized_planner-3] 
[ccr_centralized_planner-3] [INFO] [1729085641.677593609] [ccr_centralized_planner]: Sent plan [44, 45, 56, 55, 39, 53, 51, 32, 35, 10, 9] to robotA
[ccr_fake_execution-2] [INFO] [1729085641.677819482] [ccr_fake_execution]: got plan for robotA: [44, 45, 56, 55, 39, 53, 51, 32, 35, 10, 9]
[ccr_centralized_planner-3] [INFO] [1729085641.705218765] [ccr_centralized_planner]: Received state 44 from robotA
[ccr_centralized_planner-3] [INFO] [1729085642.676924107] [ccr_centralized_planner]: 
[ccr_centralized_planner-3] 
[ccr_centralized_planner-3]  did not replan 
[ccr_centralized_planner-3] 
[ccr_centralized_planner-3] [INFO] [1729085642.677598961] [ccr_centralized_planner]: Sent plan [44, 45, 56, 55, 39, 53, 51, 32, 35, 10, 9] to robotA
[ccr_fake_execution-2] [INFO] [1729085642.677835894] [ccr_fake_execution]: got plan for robotA: [44, 45, 56, 55, 39, 53, 51, 32, 35, 10, 9]
[ccr_fake_execution-2] [INFO] [1729085642.705136042] [ccr_fake_execution]: robotA: 44 -> 45
[ccr_centralized_planner-3] [INFO] [1729085642.705707883] [ccr_centralized_planner]: Received state 45 from robotA
[ccr_centralized_planner-3] [INFO] [1729085643.676908340] [ccr_centralized_planner]: 
[ccr_centralized_planner-3] 
[ccr_centralized_planner-3]  did not replan 
[ccr_centralized_planner-3] 
[ccr_centralized_planner-3] [INFO] [1729085643.677585207] [ccr_centralized_planner]: Sent plan [45, 56, 55, 39, 53, 51, 32, 35, 10, 9] to robotA
[ccr_fake_execution-2] [INFO] [1729085643.677834884] [ccr_fake_execution]: got plan for robotA: [45, 56, 55, 39, 53, 51, 32, 35, 10, 9]
[ccr_fake_execution-2] [INFO] [1729085643.705134191] [ccr_fake_execution]: robotA: 45 -> 56
[ccr_centralized_planner-3] [INFO] [1729085643.705855221] [ccr_centralized_planner]: Received state 56 from robotA
[ccr_centralized_planner-3] [INFO] [1729085644.676867364] [ccr_centralized_planner]: 
[ccr_centralized_planner-3] 
[ccr_centralized_planner-3]  did not replan 
[ccr_centralized_planner-3] 
[ccr_centralized_planner-3] [INFO] [1729085644.677410732] [ccr_centralized_planner]: Sent plan [56, 55, 39, 53, 51, 32, 35, 10, 9] to robotA
[ccr_fake_execution-2] [INFO] [1729085644.677757190] [ccr_fake_execution]: got plan for robotA: [56, 55, 39, 53, 51, 32, 35, 10, 9]
[ccr_fake_execution-2] [INFO] [1729085644.705139503] [ccr_fake_execution]: robotA: 56 -> 55
[ccr_centralized_planner-3] [INFO] [1729085644.705874709] [ccr_centralized_planner]: Received state 55 from robotA
[ccr_centralized_planner-3] [INFO] [1729085645.677063183] [ccr_centralized_planner]: 
[ccr_centralized_planner-3] 
[ccr_centralized_planner-3]  did not replan 
[ccr_centralized_planner-3] 
[ccr_centralized_planner-3] [INFO] [1729085645.677853883] [ccr_centralized_planner]: Sent plan [55, 39, 53, 51, 32, 35, 10, 9] to robotA
[ccr_fake_execution-2] [INFO] [1729085645.677985400] [ccr_fake_execution]: got plan for robotA: [55, 39, 53, 51, 32, 35, 10, 9]
[ccr_centralized_planner-3] [INFO] [1729085645.705600618] [ccr_centralized_planner]: Received state 55 from robotA
[ccr_centralized_planner-3] [INFO] [1729085646.676968117] [ccr_centralized_planner]: 
[ccr_centralized_planner-3] 
[ccr_centralized_planner-3]  did not replan 
[ccr_centralized_planner-3] 
[ccr_centralized_planner-3] [INFO] [1729085646.677745613] [ccr_centralized_planner]: Sent plan [55, 39, 53, 51, 32, 35, 10, 9] to robotA
[ccr_fake_execution-2] [INFO] [1729085646.677887088] [ccr_fake_execution]: got plan for robotA: [55, 39, 53, 51, 32, 35, 10, 9]
[ccr_centralized_planner-3] [INFO] [1729085646.705438136] [ccr_centralized_planner]: Received state 55 from robotA
[ccr_centralized_planner-3] [INFO] [1729085647.676985782] [ccr_centralized_planner]: 
[ccr_centralized_planner-3] 
[ccr_centralized_planner-3]  did not replan 
[ccr_centralized_planner-3] 
[ccr_centralized_planner-3] [INFO] [1729085647.677728753] [ccr_centralized_planner]: Sent plan [55, 39, 53, 51, 32, 35, 10, 9] to robotA
[ccr_fake_execution-2] [INFO] [1729085647.677909502] [ccr_fake_execution]: got plan for robotA: [55, 39, 53, 51, 32, 35, 10, 9]
[ccr_centralized_planner-3] [INFO] [1729085647.705447025] [ccr_centralized_planner]: Received state 55 from robotA
[ccr_centralized_planner-3] [INFO] [1729085648.676974263] [ccr_centralized_planner]: 
[ccr_centralized_planner-3] 
[ccr_centralized_planner-3]  did not replan 
[ccr_centralized_planner-3] 
[ccr_centralized_planner-3] [INFO] [1729085648.677726802] [ccr_centralized_planner]: Sent plan [55, 39, 53, 51, 32, 35, 10, 9] to robotA
[ccr_fake_execution-2] [INFO] [1729085648.677892191] [ccr_fake_execution]: got plan for robotA: [55, 39, 53, 51, 32, 35, 10, 9]
[ccr_fake_execution-2] [INFO] [1729085648.705127669] [ccr_fake_execution]: robotA: 55 -> 39
[ccr_centralized_planner-3] [INFO] [1729085648.705940931] [ccr_centralized_planner]: Received state 39 from robotA
[ccr_centralized_planner-3] [INFO] [1729085649.676918250] [ccr_centralized_planner]: 
[ccr_centralized_planner-3] 
[ccr_centralized_planner-3]  did not replan 
[ccr_centralized_planner-3] 
[ccr_centralized_planner-3] [INFO] [1729085649.677645341] [ccr_centralized_planner]: Sent plan [39, 53, 51, 32, 35, 10, 9] to robotA
[ccr_fake_execution-2] [INFO] [1729085649.677846658] [ccr_fake_execution]: got plan for robotA: [39, 53, 51, 32, 35, 10, 9]
[ccr_fake_execution-2] [INFO] [1729085649.705275197] [ccr_fake_execution]: robotA: 39 -> 53
[ccr_centralized_planner-3] [INFO] [1729085649.706103788] [ccr_centralized_planner]: Received state 53 from robotA
[ccr_centralized_planner-3] [INFO] [1729085650.676942848] [ccr_centralized_planner]: 
[ccr_centralized_planner-3] 
[ccr_centralized_planner-3]  did not replan 
[ccr_centralized_planner-3] 
[ccr_centralized_planner-3] [INFO] [1729085650.677657386] [ccr_centralized_planner]: Sent plan [53, 51, 32, 35, 10, 9] to robotA
[ccr_fake_execution-2] [INFO] [1729085650.678194992] [ccr_fake_execution]: got plan for robotA: [53, 51, 32, 35, 10, 9]
[ccr_centralized_planner-3] [INFO] [1729085650.705474602] [ccr_centralized_planner]: Received state 53 from robotA
[ccr_centralized_planner-3] [INFO] [1729085651.676958930] [ccr_centralized_planner]: 
[ccr_centralized_planner-3] 
[ccr_centralized_planner-3]  did not replan 
[ccr_centralized_planner-3] 
[ccr_centralized_planner-3] [INFO] [1729085651.677657758] [ccr_centralized_planner]: Sent plan [53, 51, 32, 35, 10, 9] to robotA
[ccr_fake_execution-2] [INFO] [1729085651.678066774] [ccr_fake_execution]: got plan for robotA: [53, 51, 32, 35, 10, 9]
[ccr_fake_execution-2] [INFO] [1729085651.705183048] [ccr_fake_execution]: robotA: 53 -> 51
[ccr_centralized_planner-3] [INFO] [1729085651.705958630] [ccr_centralized_planner]: Received state 51 from robotA
[ccr_centralized_planner-3] [INFO] [1729085652.676948032] [ccr_centralized_planner]: 
[ccr_centralized_planner-3] 
[ccr_centralized_planner-3]  did not replan 
[ccr_centralized_planner-3] 
[ccr_centralized_planner-3] [INFO] [1729085652.677693317] [ccr_centralized_planner]: Sent plan [51, 32, 35, 10, 9] to robotA
[ccr_fake_execution-2] [INFO] [1729085652.678076965] [ccr_fake_execution]: got plan for robotA: [51, 32, 35, 10, 9]
[ccr_fake_execution-2] [INFO] [1729085652.705267708] [ccr_fake_execution]: robotA: 51 -> 32
[ccr_centralized_planner-3] [INFO] [1729085652.706091400] [ccr_centralized_planner]: Received state 32 from robotA
[ccr_centralized_planner-3] [INFO] [1729085653.676979733] [ccr_centralized_planner]: 
[ccr_centralized_planner-3] 
[ccr_centralized_planner-3]  did not replan 
[ccr_centralized_planner-3] 
[ccr_centralized_planner-3] [INFO] [1729085653.677714429] [ccr_centralized_planner]: Sent plan [32, 35, 10, 9] to robotA
[ccr_fake_execution-2] [INFO] [1729085653.678108577] [ccr_fake_execution]: got plan for robotA: [32, 35, 10, 9]
[ccr_fake_execution-2] [INFO] [1729085653.705321922] [ccr_fake_execution]: robotA: 32 -> 35
[ccr_centralized_planner-3] [INFO] [1729085653.706181892] [ccr_centralized_planner]: Received state 35 from robotA
[ccr_centralized_planner-3] [INFO] [1729085654.676921576] [ccr_centralized_planner]: 
[ccr_centralized_planner-3] 
[ccr_centralized_planner-3]  did not replan 
[ccr_centralized_planner-3] 
[ccr_centralized_planner-3] [INFO] [1729085654.677627628] [ccr_centralized_planner]: Sent plan [35, 10, 9] to robotA
[ccr_fake_execution-2] [INFO] [1729085654.678038537] [ccr_fake_execution]: got plan for robotA: [35, 10, 9]
[ccr_centralized_planner-3] [INFO] [1729085654.705515446] [ccr_centralized_planner]: Received state 35 from robotA
[ccr_centralized_planner-3] [INFO] [1729085655.676959540] [ccr_centralized_planner]: 
[ccr_centralized_planner-3] 
[ccr_centralized_planner-3]  did not replan 
[ccr_centralized_planner-3] 
[ccr_centralized_planner-3] [INFO] [1729085655.677680479] [ccr_centralized_planner]: Sent plan [35, 10, 9] to robotA
[ccr_fake_execution-2] [INFO] [1729085655.678058417] [ccr_fake_execution]: got plan for robotA: [35, 10, 9]
[ccr_centralized_planner-3] [INFO] [1729085655.705502674] [ccr_centralized_planner]: Received state 35 from robotA
[ccr_centralized_planner-3] [INFO] [1729085656.676928824] [ccr_centralized_planner]: 
[ccr_centralized_planner-3] 
[ccr_centralized_planner-3]  did not replan 
[ccr_centralized_planner-3] 
[ccr_centralized_planner-3] [INFO] [1729085656.677635237] [ccr_centralized_planner]: Sent plan [35, 10, 9] to robotA
[ccr_fake_execution-2] [INFO] [1729085656.678053780] [ccr_fake_execution]: got plan for robotA: [35, 10, 9]
[ccr_fake_execution-2] [INFO] [1729085656.705309625] [ccr_fake_execution]: robotA: 35 -> 10
[ccr_centralized_planner-3] [INFO] [1729085656.706196084] [ccr_centralized_planner]: Received state 10 from robotA
[ccr_centralized_planner-3] [INFO] [1729085657.676956207] [ccr_centralized_planner]: 
[ccr_centralized_planner-3] 
[ccr_centralized_planner-3]  did not replan 
[ccr_centralized_planner-3] 
[ccr_centralized_planner-3] [INFO] [1729085657.677653012] [ccr_centralized_planner]: Sent plan [10, 9] to robotA
[ccr_fake_execution-2] [INFO] [1729085657.678055976] [ccr_fake_execution]: got plan for robotA: [10, 9]
[ccr_fake_execution-2] [INFO] [1729085657.705298396] [ccr_fake_execution]: robotA: 10 -> 9
[ccr_centralized_planner-3] [INFO] [1729085657.706243245] [ccr_centralized_planner]: Received state 9 from robotA
[ccr_goal_provider-1] [INFO] [1729085657.706325388] [ccr_goal_provider]: [32mgoal completed:[0m robotA reached goal 9, going to goal 1 within state 1
[ccr_centralized_planner-3] [INFO] [1729085657.783023254] [ccr_centralized_planner]: Received goal 1 from robotA
[ccr_centralized_planner-3] [INFO] [1729085658.676911476] [ccr_centralized_planner]: 
[ccr_centralized_planner-3] 
[ccr_centralized_planner-3]  replaned due to new goal
[ccr_centralized_planner-3] 
[ccr_centralized_planner-3] [INFO] [1729085658.698903015] [ccr_centralized_planner]: Sent plan [9, 11, 35, 50, 51, 53, 39, 55, 56, 57, 5, 1] to robotA
[ccr_fake_execution-2] [INFO] [1729085658.699649092] [ccr_fake_execution]: got plan for robotA: [9, 11, 35, 50, 51, 53, 39, 55, 56, 57, 5, 1]
[ccr_centralized_planner-3] [INFO] [1729085658.705103703] [ccr_centralized_planner]: Received state 9 from robotA
[ccr_centralized_planner-3] [INFO] [1729085659.676943548] [ccr_centralized_planner]: 
[ccr_centralized_planner-3] 
[ccr_centralized_planner-3]  did not replan 
[ccr_centralized_planner-3] 
[ccr_centralized_planner-3] [INFO] [1729085659.677689253] [ccr_centralized_planner]: Sent plan [9, 11, 35, 50, 51, 53, 39, 55, 56, 57, 5, 1] to robotA
[ccr_fake_execution-2] [INFO] [1729085659.678083802] [ccr_fake_execution]: got plan for robotA: [9, 11, 35, 50, 51, 53, 39, 55, 56, 57, 5, 1]
[ccr_fake_execution-2] [INFO] [1729085659.705211537] [ccr_fake_execution]: robotA: 9 -> 11
[ccr_centralized_planner-3] [INFO] [1729085659.705910486] [ccr_centralized_planner]: Received state 11 from robotA
[ccr_centralized_planner-3] [INFO] [1729085660.676944251] [ccr_centralized_planner]: 
[ccr_centralized_planner-3] 
[ccr_centralized_planner-3]  did not replan 
[ccr_centralized_planner-3] 
[ccr_centralized_planner-3] [INFO] [1729085660.677658809] [ccr_centralized_planner]: Sent plan [11, 35, 50, 51, 53, 39, 55, 56, 57, 5, 1] to robotA
[ccr_fake_execution-2] [INFO] [1729085660.678065380] [ccr_fake_execution]: got plan for robotA: [11, 35, 50, 51, 53, 39, 55, 56, 57, 5, 1]
[ccr_centralized_planner-3] [INFO] [1729085660.705498436] [ccr_centralized_planner]: Received state 11 from robotA
[ccr_centralized_planner-3] [INFO] [1729085661.676929815] [ccr_centralized_planner]: 
[ccr_centralized_planner-3] 
[ccr_centralized_planner-3]  did not replan 
[ccr_centralized_planner-3] 
[ccr_centralized_planner-3] [INFO] [1729085661.677628173] [ccr_centralized_planner]: Sent plan [11, 35, 50, 51, 53, 39, 55, 56, 57, 5, 1] to robotA
[ccr_fake_execution-2] [INFO] [1729085661.677995250] [ccr_fake_execution]: got plan for robotA: [11, 35, 50, 51, 53, 39, 55, 56, 57, 5, 1]
[ccr_fake_execution-2] [INFO] [1729085661.705132113] [ccr_fake_execution]: robotA: 11 -> 35
[ccr_centralized_planner-3] [INFO] [1729085661.706020686] [ccr_centralized_planner]: Received state 35 from robotA
[ccr_centralized_planner-3] [INFO] [1729085662.676948472] [ccr_centralized_planner]: 
[ccr_centralized_planner-3] 
[ccr_centralized_planner-3]  did not replan 
[ccr_centralized_planner-3] 
[ccr_centralized_planner-3] [INFO] [1729085662.677692245] [ccr_centralized_planner]: Sent plan [35, 50, 51, 53, 39, 55, 56, 57, 5, 1] to robotA
[ccr_fake_execution-2] [INFO] [1729085662.678033864] [ccr_fake_execution]: got plan for robotA: [35, 50, 51, 53, 39, 55, 56, 57, 5, 1]
[ccr_centralized_planner-3] [INFO] [1729085662.705343861] [ccr_centralized_planner]: Received state 35 from robotA
[ccr_centralized_planner-3] [INFO] [1729085663.676956579] [ccr_centralized_planner]: 
[ccr_centralized_planner-3] 
[ccr_centralized_planner-3]  did not replan 
[ccr_centralized_planner-3] 
[ccr_centralized_planner-3] [INFO] [1729085663.677696605] [ccr_centralized_planner]: Sent plan [35, 50, 51, 53, 39, 55, 56, 57, 5, 1] to robotA
[ccr_fake_execution-2] [INFO] [1729085663.678078730] [ccr_fake_execution]: got plan for robotA: [35, 50, 51, 53, 39, 55, 56, 57, 5, 1]
[ccr_fake_execution-2] [INFO] [1729085663.705197329] [ccr_fake_execution]: robotA: 35 -> 50
[ccr_centralized_planner-3] [INFO] [1729085663.706070564] [ccr_centralized_planner]: Received state 50 from robotA
[ccr_centralized_planner-3] [INFO] [1729085664.676926185] [ccr_centralized_planner]: 
[ccr_centralized_planner-3] 
[ccr_centralized_planner-3]  did not replan 
[ccr_centralized_planner-3] 
[ccr_centralized_planner-3] [INFO] [1729085664.677670588] [ccr_centralized_planner]: Sent plan [50, 51, 53, 39, 55, 56, 57, 5, 1] to robotA
[ccr_fake_execution-2] [INFO] [1729085664.678062582] [ccr_fake_execution]: got plan for robotA: [50, 51, 53, 39, 55, 56, 57, 5, 1]
[ccr_fake_execution-2] [INFO] [1729085664.705208001] [ccr_fake_execution]: robotA: 50 -> 51
[ccr_centralized_planner-3] [INFO] [1729085664.706065476] [ccr_centralized_planner]: Received state 51 from robotA
[ccr_centralized_planner-3] [INFO] [1729085665.676954119] [ccr_centralized_planner]: 
[ccr_centralized_planner-3] 
[ccr_centralized_planner-3]  did not replan 
[ccr_centralized_planner-3] 
[ccr_centralized_planner-3] [INFO] [1729085665.677680940] [ccr_centralized_planner]: Sent plan [51, 53, 39, 55, 56, 57, 5, 1] to robotA
[ccr_fake_execution-2] [INFO] [1729085665.678054779] [ccr_fake_execution]: got plan for robotA: [51, 53, 39, 55, 56, 57, 5, 1]
[ccr_fake_execution-2] [INFO] [1729085665.705184699] [ccr_fake_execution]: robotA: 51 -> 53
[ccr_centralized_planner-3] [INFO] [1729085665.705854082] [ccr_centralized_planner]: Received state 53 from robotA
[ccr_centralized_planner-3] [INFO] [1729085666.676922882] [ccr_centralized_planner]: 
[ccr_centralized_planner-3] 
[ccr_centralized_planner-3]  did not replan 
[ccr_centralized_planner-3] 
[ccr_centralized_planner-3] [INFO] [1729085666.677671504] [ccr_centralized_planner]: Sent plan [53, 39, 55, 56, 57, 5, 1] to robotA
[ccr_fake_execution-2] [INFO] [1729085666.678050764] [ccr_fake_execution]: got plan for robotA: [53, 39, 55, 56, 57, 5, 1]
[ccr_centralized_planner-3] [INFO] [1729085666.705516833] [ccr_centralized_planner]: Received state 53 from robotA
[ccr_centralized_planner-3] [INFO] [1729085667.676909640] [ccr_centralized_planner]: 
[ccr_centralized_planner-3] 
[ccr_centralized_planner-3]  did not replan 
[ccr_centralized_planner-3] 
[ccr_centralized_planner-3] [INFO] [1729085667.677665515] [ccr_centralized_planner]: Sent plan [53, 39, 55, 56, 57, 5, 1] to robotA
[ccr_fake_execution-2] [INFO] [1729085667.678021111] [ccr_fake_execution]: got plan for robotA: [53, 39, 55, 56, 57, 5, 1]
[ccr_centralized_planner-3] [INFO] [1729085667.705489874] [ccr_centralized_planner]: Received state 53 from robotA
[ccr_centralized_planner-3] [INFO] [1729085668.676916344] [ccr_centralized_planner]: 
[ccr_centralized_planner-3] 
[ccr_centralized_planner-3]  did not replan 
[ccr_centralized_planner-3] 
[ccr_centralized_planner-3] [INFO] [1729085668.677643606] [ccr_centralized_planner]: Sent plan [53, 39, 55, 56, 57, 5, 1] to robotA
[ccr_fake_execution-2] [INFO] [1729085668.678094510] [ccr_fake_execution]: got plan for robotA: [53, 39, 55, 56, 57, 5, 1]
[ccr_centralized_planner-3] [INFO] [1729085668.705568653] [ccr_centralized_planner]: Received state 53 from robotA
[ccr_centralized_planner-3] [INFO] [1729085669.677080744] [ccr_centralized_planner]: 
[ccr_centralized_planner-3] 
[ccr_centralized_planner-3]  did not replan 
[ccr_centralized_planner-3] 
[ccr_centralized_planner-3] [INFO] [1729085669.678091236] [ccr_centralized_planner]: Sent plan [53, 39, 55, 56, 57, 5, 1] to robotA
[ccr_fake_execution-2] [INFO] [1729085669.678330313] [ccr_fake_execution]: got plan for robotA: [53, 39, 55, 56, 57, 5, 1]
[ccr_fake_execution-2] [INFO] [1729085669.705311985] [ccr_fake_execution]: robotA: 53 -> 39
[ccr_centralized_planner-3] [INFO] [1729085669.706376167] [ccr_centralized_planner]: Received state 39 from robotA
[ccr_centralized_planner-3] [INFO] [1729085670.676983334] [ccr_centralized_planner]: 
[ccr_centralized_planner-3] 
[ccr_centralized_planner-3]  did not replan 
[ccr_centralized_planner-3] 
[ccr_centralized_planner-3] [INFO] [1729085670.677685999] [ccr_centralized_planner]: Sent plan [39, 55, 56, 57, 5, 1] to robotA
[ccr_fake_execution-2] [INFO] [1729085670.678021768] [ccr_fake_execution]: got plan for robotA: [39, 55, 56, 57, 5, 1]
[ccr_centralized_planner-3] [INFO] [1729085670.705455786] [ccr_centralized_planner]: Received state 39 from robotA
[ccr_centralized_planner-3] [INFO] [1729085671.676961465] [ccr_centralized_planner]: 
[ccr_centralized_planner-3] 
[ccr_centralized_planner-3]  did not replan 
[ccr_centralized_planner-3] 
[ccr_centralized_planner-3] [INFO] [1729085671.677753608] [ccr_centralized_planner]: Sent plan [39, 55, 56, 57, 5, 1] to robotA
[ccr_fake_execution-2] [INFO] [1729085671.677999468] [ccr_fake_execution]: got plan for robotA: [39, 55, 56, 57, 5, 1]
[ccr_fake_execution-2] [INFO] [1729085671.705148563] [ccr_fake_execution]: robotA: 39 -> 55
[ccr_centralized_planner-3] [INFO] [1729085671.706047496] [ccr_centralized_planner]: Received state 55 from robotA
[ccr_centralized_planner-3] [INFO] [1729085672.676940418] [ccr_centralized_planner]: 
[ccr_centralized_planner-3] 
[ccr_centralized_planner-3]  did not replan 
[ccr_centralized_planner-3] 
[ccr_centralized_planner-3] [INFO] [1729085672.677651178] [ccr_centralized_planner]: Sent plan [55, 56, 57, 5, 1] to robotA
[ccr_fake_execution-2] [INFO] [1729085672.677985895] [ccr_fake_execution]: got plan for robotA: [55, 56, 57, 5, 1]
[ccr_centralized_planner-3] [INFO] [1729085672.705371713] [ccr_centralized_planner]: Received state 55 from robotA
[ccr_centralized_planner-3] [INFO] [1729085673.676917577] [ccr_centralized_planner]: 
[ccr_centralized_planner-3] 
[ccr_centralized_planner-3]  did not replan 
[ccr_centralized_planner-3] 
[ccr_centralized_planner-3] [INFO] [1729085673.677557515] [ccr_centralized_planner]: Sent plan [55, 56, 57, 5, 1] to robotA
[ccr_fake_execution-2] [INFO] [1729085673.677874699] [ccr_fake_execution]: got plan for robotA: [55, 56, 57, 5, 1]
[ccr_fake_execution-2] [INFO] [1729085673.705106218] [ccr_fake_execution]: robotA: 55 -> 56
[ccr_centralized_planner-3] [INFO] [1729085673.705888763] [ccr_centralized_planner]: Received state 56 from robotA
[ccr_centralized_planner-3] [INFO] [1729085674.677086856] [ccr_centralized_planner]: 
[ccr_centralized_planner-3] 
[ccr_centralized_planner-3]  did not replan 
[ccr_centralized_planner-3] 
[ccr_centralized_planner-3] [INFO] [1729085674.677810731] [ccr_centralized_planner]: Sent plan [56, 57, 5, 1] to robotA
[ccr_fake_execution-2] [INFO] [1729085674.678223393] [ccr_fake_execution]: got plan for robotA: [56, 57, 5, 1]
[ccr_centralized_planner-3] [INFO] [1729085674.705319159] [ccr_centralized_planner]: Received state 56 from robotA
[ccr_centralized_planner-3] [INFO] [1729085675.676925706] [ccr_centralized_planner]: 
[ccr_centralized_planner-3] 
[ccr_centralized_planner-3]  did not replan 
[ccr_centralized_planner-3] 
[ccr_centralized_planner-3] [INFO] [1729085675.677612502] [ccr_centralized_planner]: Sent plan [56, 57, 5, 1] to robotA
[ccr_fake_execution-2] [INFO] [1729085675.678081871] [ccr_fake_execution]: got plan for robotA: [56, 57, 5, 1]
[ccr_centralized_planner-3] [INFO] [1729085675.705383030] [ccr_centralized_planner]: Received state 56 from robotA
[ccr_centralized_planner-3] [INFO] [1729085676.676872939] [ccr_centralized_planner]: 
[ccr_centralized_planner-3] 
[ccr_centralized_planner-3]  did not replan 
[ccr_centralized_planner-3] 
[ccr_centralized_planner-3] [INFO] [1729085676.677524459] [ccr_centralized_planner]: Sent plan [56, 57, 5, 1] to robotA
[ccr_fake_execution-2] [INFO] [1729085676.677980182] [ccr_fake_execution]: got plan for robotA: [56, 57, 5, 1]
[ccr_centralized_planner-3] [INFO] [1729085676.705376380] [ccr_centralized_planner]: Received state 56 from robotA
[ccr_centralized_planner-3] [INFO] [1729085677.676971545] [ccr_centralized_planner]: 
[ccr_centralized_planner-3] 
[ccr_centralized_planner-3]  did not replan 
[ccr_centralized_planner-3] 
[ccr_centralized_planner-3] [INFO] [1729085677.677653161] [ccr_centralized_planner]: Sent plan [56, 57, 5, 1] to robotA
[ccr_fake_execution-2] [INFO] [1729085677.677916554] [ccr_fake_execution]: got plan for robotA: [56, 57, 5, 1]
[ccr_centralized_planner-3] [INFO] [1729085677.705243162] [ccr_centralized_planner]: Received state 56 from robotA
[ccr_centralized_planner-3] [INFO] [1729085678.676915342] [ccr_centralized_planner]: 
[ccr_centralized_planner-3] 
[ccr_centralized_planner-3]  did not replan 
[ccr_centralized_planner-3] 
[ccr_centralized_planner-3] [INFO] [1729085678.677579485] [ccr_centralized_planner]: Sent plan [56, 57, 5, 1] to robotA
[ccr_fake_execution-2] [INFO] [1729085678.678110540] [ccr_fake_execution]: got plan for robotA: [56, 57, 5, 1]
[ccr_centralized_planner-3] [INFO] [1729085678.705339024] [ccr_centralized_planner]: Received state 56 from robotA
[ccr_centralized_planner-3] [INFO] [1729085679.677014349] [ccr_centralized_planner]: 
[ccr_centralized_planner-3] 
[ccr_centralized_planner-3]  did not replan 
[ccr_centralized_planner-3] 
[ccr_centralized_planner-3] [INFO] [1729085679.677706776] [ccr_centralized_planner]: Sent plan [56, 57, 5, 1] to robotA
[ccr_fake_execution-2] [INFO] [1729085679.678174872] [ccr_fake_execution]: got plan for robotA: [56, 57, 5, 1]
[ccr_fake_execution-2] [INFO] [1729085679.705229812] [ccr_fake_execution]: robotA: 56 -> 57
[ccr_centralized_planner-3] [INFO] [1729085679.705979575] [ccr_centralized_planner]: Received state 57 from robotA
[ccr_centralized_planner-3] [INFO] [1729085680.676920235] [ccr_centralized_planner]: 
[ccr_centralized_planner-3] 
[ccr_centralized_planner-3]  did not replan 
[ccr_centralized_planner-3] 
[ccr_centralized_planner-3] [INFO] [1729085680.677593385] [ccr_centralized_planner]: Sent plan [57, 5, 1] to robotA
[ccr_fake_execution-2] [INFO] [1729085680.678069126] [ccr_fake_execution]: got plan for robotA: [57, 5, 1]
[ccr_centralized_planner-3] [INFO] [1729085680.705337134] [ccr_centralized_planner]: Received state 57 from robotA
[ccr_centralized_planner-3] [INFO] [1729085681.677067663] [ccr_centralized_planner]: 
[ccr_centralized_planner-3] 
[ccr_centralized_planner-3]  did not replan 
[ccr_centralized_planner-3] 
[ccr_centralized_planner-3] [INFO] [1729085681.677768596] [ccr_centralized_planner]: Sent plan [57, 5, 1] to robotA
[ccr_fake_execution-2] [INFO] [1729085681.678217285] [ccr_fake_execution]: got plan for robotA: [57, 5, 1]
[ccr_centralized_planner-3] [INFO] [1729085681.705373064] [ccr_centralized_planner]: Received state 57 from robotA
[ccr_centralized_planner-3] [INFO] [1729085682.677099285] [ccr_centralized_planner]: 
[ccr_centralized_planner-3] 
[ccr_centralized_planner-3]  did not replan 
[ccr_centralized_planner-3] 
[ccr_centralized_planner-3] [INFO] [1729085682.677820344] [ccr_centralized_planner]: Sent plan [57, 5, 1] to robotA
[ccr_fake_execution-2] [INFO] [1729085682.678229851] [ccr_fake_execution]: got plan for robotA: [57, 5, 1]
[ccr_centralized_planner-3] [INFO] [1729085682.705458466] [ccr_centralized_planner]: Received state 57 from robotA
[ccr_centralized_planner-3] [INFO] [1729085683.677086663] [ccr_centralized_planner]: 
[ccr_centralized_planner-3] 
[ccr_centralized_planner-3]  did not replan 
[ccr_centralized_planner-3] 
[ccr_centralized_planner-3] [INFO] [1729085683.677792164] [ccr_centralized_planner]: Sent plan [57, 5, 1] to robotA
[ccr_fake_execution-2] [INFO] [1729085683.678082878] [ccr_fake_execution]: got plan for robotA: [57, 5, 1]
[ccr_centralized_planner-3] [INFO] [1729085683.705494234] [ccr_centralized_planner]: Received state 57 from robotA
[ccr_centralized_planner-3] [INFO] [1729085684.676966420] [ccr_centralized_planner]: 
[ccr_centralized_planner-3] 
[ccr_centralized_planner-3]  did not replan 
[ccr_centralized_planner-3] 
[ccr_centralized_planner-3] [INFO] [1729085684.677652224] [ccr_centralized_planner]: Sent plan [57, 5, 1] to robotA
[ccr_fake_execution-2] [INFO] [1729085684.678105472] [ccr_fake_execution]: got plan for robotA: [57, 5, 1]
[ccr_centralized_planner-3] [INFO] [1729085684.705356960] [ccr_centralized_planner]: Received state 57 from robotA
[ccr_centralized_planner-3] [INFO] [1729085685.676883837] [ccr_centralized_planner]: 
[ccr_centralized_planner-3] 
[ccr_centralized_planner-3]  did not replan 
[ccr_centralized_planner-3] 
[ccr_centralized_planner-3] [INFO] [1729085685.677535267] [ccr_centralized_planner]: Sent plan [57, 5, 1] to robotA
[ccr_fake_execution-2] [INFO] [1729085685.677905680] [ccr_fake_execution]: got plan for robotA: [57, 5, 1]
[ccr_fake_execution-2] [INFO] [1729085685.705117733] [ccr_fake_execution]: robotA: 57 -> 5
[ccr_centralized_planner-3] [INFO] [1729085685.705853881] [ccr_centralized_planner]: Received state 5 from robotA
[ccr_centralized_planner-3] [INFO] [1729085686.676887466] [ccr_centralized_planner]: 
[ccr_centralized_planner-3] 
[ccr_centralized_planner-3]  did not replan 
[ccr_centralized_planner-3] 
[ccr_centralized_planner-3] [INFO] [1729085686.677506495] [ccr_centralized_planner]: Sent plan [5, 1] to robotA
[ccr_fake_execution-2] [INFO] [1729085686.677781139] [ccr_fake_execution]: got plan for robotA: [5, 1]
[ccr_centralized_planner-3] [INFO] [1729085686.705340222] [ccr_centralized_planner]: Received state 5 from robotA
[ccr_centralized_planner-3] [INFO] [1729085687.676906925] [ccr_centralized_planner]: 
[ccr_centralized_planner-3] 
[ccr_centralized_planner-3]  did not replan 
[ccr_centralized_planner-3] 
[ccr_centralized_planner-3] [INFO] [1729085687.677539960] [ccr_centralized_planner]: Sent plan [5, 1] to robotA
[ccr_fake_execution-2] [INFO] [1729085687.677856142] [ccr_fake_execution]: got plan for robotA: [5, 1]
[ccr_centralized_planner-3] [INFO] [1729085687.705389536] [ccr_centralized_planner]: Received state 5 from robotA
[ccr_centralized_planner-3] [INFO] [1729085688.676944016] [ccr_centralized_planner]: 
[ccr_centralized_planner-3] 
[ccr_centralized_planner-3]  did not replan 
[ccr_centralized_planner-3] 
[ccr_centralized_planner-3] [INFO] [1729085688.677648325] [ccr_centralized_planner]: Sent plan [5, 1] to robotA
[ccr_fake_execution-2] [INFO] [1729085688.678091104] [ccr_fake_execution]: got plan for robotA: [5, 1]
[ccr_centralized_planner-3] [INFO] [1729085688.705416008] [ccr_centralized_planner]: Received state 5 from robotA
[ccr_centralized_planner-3] [INFO] [1729085689.676934029] [ccr_centralized_planner]: 
[ccr_centralized_planner-3] 
[ccr_centralized_planner-3]  did not replan 
[ccr_centralized_planner-3] 
[ccr_centralized_planner-3] [INFO] [1729085689.677593795] [ccr_centralized_planner]: Sent plan [5, 1] to robotA
[ccr_fake_execution-2] [INFO] [1729085689.677950492] [ccr_fake_execution]: got plan for robotA: [5, 1]
[ccr_centralized_planner-3] [INFO] [1729085689.705328145] [ccr_centralized_planner]: Received state 5 from robotA
[ccr_centralized_planner-3] [INFO] [1729085690.676938770] [ccr_centralized_planner]: 
[ccr_centralized_planner-3] 
[ccr_centralized_planner-3]  did not replan 
[ccr_centralized_planner-3] 
[ccr_centralized_planner-3] [INFO] [1729085690.677622110] [ccr_centralized_planner]: Sent plan [5, 1] to robotA
[ccr_fake_execution-2] [INFO] [1729085690.678056162] [ccr_fake_execution]: got plan for robotA: [5, 1]
[ccr_fake_execution-2] [INFO] [1729085690.705415901] [ccr_fake_execution]: robotA: 5 -> 1
[ccr_centralized_planner-3] [INFO] [1729085690.706219967] [ccr_centralized_planner]: Received state 1 from robotA
[ccr_goal_provider-1] [INFO] [1729085690.706547961] [ccr_goal_provider]: [32mgoal completed:[0m robotA reached goal 1, going to goal 0 within state 9
[ccr_centralized_planner-3] [INFO] [1729085690.783316628] [ccr_centralized_planner]: Received goal 9 from robotA
[ccr_centralized_planner-3] [INFO] [1729085691.676993154] [ccr_centralized_planner]: 
[ccr_centralized_planner-3] 
[ccr_centralized_planner-3]  replaned due to new goal
[ccr_centralized_planner-3] 
[ccr_centralized_planner-3] [INFO] [1729085691.698613559] [ccr_centralized_planner]: Sent plan [1, 44, 45, 56, 55, 39, 53, 51, 32, 35, 10, 9] to robotA
[ccr_fake_execution-2] [INFO] [1729085691.699142930] [ccr_fake_execution]: got plan for robotA: [1, 44, 45, 56, 55, 39, 53, 51, 32, 35, 10, 9]
[ccr_fake_execution-2] [INFO] [1729085691.705122995] [ccr_fake_execution]: robotA: 1 -> 44
[ccr_centralized_planner-3] [INFO] [1729085691.705725483] [ccr_centralized_planner]: Received state 44 from robotA
[ccr_centralized_planner-3] [INFO] [1729085692.677018353] [ccr_centralized_planner]: 
[ccr_centralized_planner-3] 
[ccr_centralized_planner-3]  did not replan 
[ccr_centralized_planner-3] 
[ccr_centralized_planner-3] [INFO] [1729085692.677699468] [ccr_centralized_planner]: Sent plan [44, 45, 56, 55, 39, 53, 51, 32, 35, 10, 9] to robotA
[ccr_fake_execution-2] [INFO] [1729085692.678138530] [ccr_fake_execution]: got plan for robotA: [44, 45, 56, 55, 39, 53, 51, 32, 35, 10, 9]
[ccr_fake_execution-2] [INFO] [1729085692.705179703] [ccr_fake_execution]: robotA: 44 -> 45
[ccr_centralized_planner-3] [INFO] [1729085692.705938845] [ccr_centralized_planner]: Received state 45 from robotA
[ccr_centralized_planner-3] [INFO] [1729085693.676983449] [ccr_centralized_planner]: 
[ccr_centralized_planner-3] 
[ccr_centralized_planner-3]  did not replan 
[ccr_centralized_planner-3] 
[ccr_centralized_planner-3] [INFO] [1729085693.677659285] [ccr_centralized_planner]: Sent plan [45, 56, 55, 39, 53, 51, 32, 35, 10, 9] to robotA
[ccr_fake_execution-2] [INFO] [1729085693.678321614] [ccr_fake_execution]: got plan for robotA: [45, 56, 55, 39, 53, 51, 32, 35, 10, 9]
[ccr_centralized_planner-3] [INFO] [1729085693.705461944] [ccr_centralized_planner]: Received state 45 from robotA
[ccr_centralized_planner-3] [INFO] [1729085694.676948346] [ccr_centralized_planner]: 
[ccr_centralized_planner-3] 
[ccr_centralized_planner-3]  did not replan 
[ccr_centralized_planner-3] 
[ccr_centralized_planner-3] [INFO] [1729085694.677619512] [ccr_centralized_planner]: Sent plan [45, 56, 55, 39, 53, 51, 32, 35, 10, 9] to robotA
[ccr_fake_execution-2] [INFO] [1729085694.678027937] [ccr_fake_execution]: got plan for robotA: [45, 56, 55, 39, 53, 51, 32, 35, 10, 9]
[ccr_centralized_planner-3] [INFO] [1729085694.705339286] [ccr_centralized_planner]: Received state 45 from robotA
[ccr_centralized_planner-3] [INFO] [1729085695.676871414] [ccr_centralized_planner]: 
[ccr_centralized_planner-3] 
[ccr_centralized_planner-3]  did not replan 
[ccr_centralized_planner-3] 
[ccr_centralized_planner-3] [INFO] [1729085695.677513466] [ccr_centralized_planner]: Sent plan [45, 56, 55, 39, 53, 51, 32, 35, 10, 9] to robotA
[ccr_fake_execution-2] [INFO] [1729085695.677803879] [ccr_fake_execution]: got plan for robotA: [45, 56, 55, 39, 53, 51, 32, 35, 10, 9]
[ccr_fake_execution-2] [INFO] [1729085695.705110179] [ccr_fake_execution]: robotA: 45 -> 56
[ccr_centralized_planner-3] [INFO] [1729085695.705812454] [ccr_centralized_planner]: Received state 56 from robotA
[ccr_centralized_planner-3] [INFO] [1729085696.676904498] [ccr_centralized_planner]: 
[ccr_centralized_planner-3] 
[ccr_centralized_planner-3]  did not replan 
[ccr_centralized_planner-3] 
[ccr_centralized_planner-3] [INFO] [1729085696.677559694] [ccr_centralized_planner]: Sent plan [56, 55, 39, 53, 51, 32, 35, 10, 9] to robotA
[ccr_fake_execution-2] [INFO] [1729085696.677936570] [ccr_fake_execution]: got plan for robotA: [56, 55, 39, 53, 51, 32, 35, 10, 9]
[ccr_centralized_planner-3] [INFO] [1729085696.705359819] [ccr_centralized_planner]: Received state 56 from robotA
[ccr_centralized_planner-3] [INFO] [1729085697.676885123] [ccr_centralized_planner]: 
[ccr_centralized_planner-3] 
[ccr_centralized_planner-3]  did not replan 
[ccr_centralized_planner-3] 
[ccr_centralized_planner-3] [INFO] [1729085697.677521655] [ccr_centralized_planner]: Sent plan [56, 55, 39, 53, 51, 32, 35, 10, 9] to robotA
[ccr_fake_execution-2] [INFO] [1729085697.677828429] [ccr_fake_execution]: got plan for robotA: [56, 55, 39, 53, 51, 32, 35, 10, 9]
[ccr_centralized_planner-3] [INFO] [1729085697.705544456] [ccr_centralized_planner]: Received state 56 from robotA
[ccr_centralized_planner-3] [INFO] [1729085698.676917947] [ccr_centralized_planner]: 
[ccr_centralized_planner-3] 
[ccr_centralized_planner-3]  did not replan 
[ccr_centralized_planner-3] 
[ccr_centralized_planner-3] [INFO] [1729085698.677578704] [ccr_centralized_planner]: Sent plan [56, 55, 39, 53, 51, 32, 35, 10, 9] to robotA
[ccr_fake_execution-2] [INFO] [1729085698.677831407] [ccr_fake_execution]: got plan for robotA: [56, 55, 39, 53, 51, 32, 35, 10, 9]
[ccr_fake_execution-2] [INFO] [1729085698.705116708] [ccr_fake_execution]: robotA: 56 -> 55
[ccr_centralized_planner-3] [INFO] [1729085698.705848678] [ccr_centralized_planner]: Received state 55 from robotA
[ccr_centralized_planner-3] [INFO] [1729085699.676982089] [ccr_centralized_planner]: 
[ccr_centralized_planner-3] 
[ccr_centralized_planner-3]  did not replan 
[ccr_centralized_planner-3] 
[ccr_centralized_planner-3] [INFO] [1729085699.677642916] [ccr_centralized_planner]: Sent plan [55, 39, 53, 51, 32, 35, 10, 9] to robotA
[ccr_fake_execution-2] [INFO] [1729085699.677885931] [ccr_fake_execution]: got plan for robotA: [55, 39, 53, 51, 32, 35, 10, 9]
[ccr_fake_execution-2] [INFO] [1729085699.705121078] [ccr_fake_execution]: robotA: 55 -> 39
[ccr_centralized_planner-3] [INFO] [1729085699.705829404] [ccr_centralized_planner]: Received state 39 from robotA
[ccr_centralized_planner-3] [INFO] [1729085700.676900358] [ccr_centralized_planner]: 
[ccr_centralized_planner-3] 
[ccr_centralized_planner-3]  did not replan 
[ccr_centralized_planner-3] 
[ccr_centralized_planner-3] [INFO] [1729085700.677553551] [ccr_centralized_planner]: Sent plan [39, 53, 51, 32, 35, 10, 9] to robotA
[ccr_fake_execution-2] [INFO] [1729085700.677924185] [ccr_fake_execution]: got plan for robotA: [39, 53, 51, 32, 35, 10, 9]
[ccr_fake_execution-2] [INFO] [1729085700.705083219] [ccr_fake_execution]: robotA: 39 -> 53
[ccr_centralized_planner-3] [INFO] [1729085700.705773241] [ccr_centralized_planner]: Received state 53 from robotA
[ccr_centralized_planner-3] [INFO] [1729085701.676871366] [ccr_centralized_planner]: 
[ccr_centralized_planner-3] 
[ccr_centralized_planner-3]  did not replan 
[ccr_centralized_planner-3] 
[ccr_centralized_planner-3] [INFO] [1729085701.677511534] [ccr_centralized_planner]: Sent plan [53, 51, 32, 35, 10, 9] to robotA
[ccr_fake_execution-2] [INFO] [1729085701.677734522] [ccr_fake_execution]: got plan for robotA: [53, 51, 32, 35, 10, 9]
[ccr_fake_execution-2] [INFO] [1729085701.705100673] [ccr_fake_execution]: robotA: 53 -> 51
[ccr_centralized_planner-3] [INFO] [1729085701.705848182] [ccr_centralized_planner]: Received state 51 from robotA
[ccr_centralized_planner-3] [INFO] [1729085702.676862581] [ccr_centralized_planner]: 
[ccr_centralized_planner-3] 
[ccr_centralized_planner-3]  did not replan 
[ccr_centralized_planner-3] 
[ccr_centralized_planner-3] [INFO] [1729085702.677486119] [ccr_centralized_planner]: Sent plan [51, 32, 35, 10, 9] to robotA
[ccr_fake_execution-2] [INFO] [1729085702.677722561] [ccr_fake_execution]: got plan for robotA: [51, 32, 35, 10, 9]
[ccr_centralized_planner-3] [INFO] [1729085702.705314666] [ccr_centralized_planner]: Received state 51 from robotA
[ccr_centralized_planner-3] [INFO] [1729085703.676871771] [ccr_centralized_planner]: 
[ccr_centralized_planner-3] 
[ccr_centralized_planner-3]  did not replan 
[ccr_centralized_planner-3] 
[ccr_centralized_planner-3] [INFO] [1729085703.677479699] [ccr_centralized_planner]: Sent plan [51, 32, 35, 10, 9] to robotA
[ccr_fake_execution-2] [INFO] [1729085703.677745096] [ccr_fake_execution]: got plan for robotA: [51, 32, 35, 10, 9]
[ccr_centralized_planner-3] [INFO] [1729085703.705331068] [ccr_centralized_planner]: Received state 51 from robotA
[ccr_centralized_planner-3] [INFO] [1729085704.676904374] [ccr_centralized_planner]: 
[ccr_centralized_planner-3] 
[ccr_centralized_planner-3]  did not replan 
[ccr_centralized_planner-3] 
[ccr_centralized_planner-3] [INFO] [1729085704.677593514] [ccr_centralized_planner]: Sent plan [51, 32, 35, 10, 9] to robotA
[ccr_fake_execution-2] [INFO] [1729085704.677873438] [ccr_fake_execution]: got plan for robotA: [51, 32, 35, 10, 9]
[ccr_centralized_planner-3] [INFO] [1729085704.705309730] [ccr_centralized_planner]: Received state 51 from robotA
[ccr_centralized_planner-3] [INFO] [1729085705.676867807] [ccr_centralized_planner]: 
[ccr_centralized_planner-3] 
[ccr_centralized_planner-3]  did not replan 
[ccr_centralized_planner-3] 
[ccr_centralized_planner-3] [INFO] [1729085705.677491846] [ccr_centralized_planner]: Sent plan [51, 32, 35, 10, 9] to robotA
[ccr_fake_execution-2] [INFO] [1729085705.677736474] [ccr_fake_execution]: got plan for robotA: [51, 32, 35, 10, 9]
[ccr_fake_execution-2] [INFO] [1729085705.705077628] [ccr_fake_execution]: robotA: 51 -> 32
[ccr_centralized_planner-3] [INFO] [1729085705.705743805] [ccr_centralized_planner]: Received state 32 from robotA
[ccr_centralized_planner-3] [INFO] [1729085706.676935987] [ccr_centralized_planner]: 
[ccr_centralized_planner-3] 
[ccr_centralized_planner-3]  did not replan 
[ccr_centralized_planner-3] 
[ccr_centralized_planner-3] [INFO] [1729085706.677608266] [ccr_centralized_planner]: Sent plan [32, 35, 10, 9] to robotA
[ccr_fake_execution-2] [INFO] [1729085706.677996172] [ccr_fake_execution]: got plan for robotA: [32, 35, 10, 9]
[ccr_centralized_planner-3] [INFO] [1729085706.705294746] [ccr_centralized_planner]: Received state 32 from robotA
[ccr_centralized_planner-3] [INFO] [1729085707.676854496] [ccr_centralized_planner]: 
[ccr_centralized_planner-3] 
[ccr_centralized_planner-3]  did not replan 
[ccr_centralized_planner-3] 
[ccr_centralized_planner-3] [INFO] [1729085707.677460150] [ccr_centralized_planner]: Sent plan [32, 35, 10, 9] to robotA
[ccr_fake_execution-2] [INFO] [1729085707.677678709] [ccr_fake_execution]: got plan for robotA: [32, 35, 10, 9]
[ccr_fake_execution-2] [INFO] [1729085707.705076871] [ccr_fake_execution]: robotA: 32 -> 35
[ccr_centralized_planner-3] [INFO] [1729085707.705769718] [ccr_centralized_planner]: Received state 35 from robotA
[ccr_centralized_planner-3] [INFO] [1729085708.676917737] [ccr_centralized_planner]: 
[ccr_centralized_planner-3] 
[ccr_centralized_planner-3]  did not replan 
[ccr_centralized_planner-3] 
[ccr_centralized_planner-3] [INFO] [1729085708.677628978] [ccr_centralized_planner]: Sent plan [35, 10, 9] to robotA
[ccr_fake_execution-2] [INFO] [1729085708.677941624] [ccr_fake_execution]: got plan for robotA: [35, 10, 9]
[ccr_fake_execution-2] [INFO] [1729085708.705083816] [ccr_fake_execution]: robotA: 35 -> 10
[ccr_centralized_planner-3] [INFO] [1729085708.705824352] [ccr_centralized_planner]: Received state 10 from robotA
[ccr_centralized_planner-3] [INFO] [1729085709.676907259] [ccr_centralized_planner]: 
[ccr_centralized_planner-3] 
[ccr_centralized_planner-3]  did not replan 
[ccr_centralized_planner-3] 
[ccr_centralized_planner-3] [INFO] [1729085709.677822302] [ccr_centralized_planner]: Sent plan [10, 9] to robotA
[ccr_fake_execution-2] [INFO] [1729085709.678225797] [ccr_fake_execution]: got plan for robotA: [10, 9]
[ccr_fake_execution-2] [INFO] [1729085709.705112231] [ccr_fake_execution]: robotA: 10 -> 9
[ccr_centralized_planner-3] [INFO] [1729085709.705872344] [ccr_centralized_planner]: Received state 9 from robotA
[ccr_goal_provider-1] [INFO] [1729085709.705971480] [ccr_goal_provider]: [32mgoal completed:[0m robotA reached goal 9, going to goal 1 within state 1
[ccr_centralized_planner-3] [INFO] [1729085709.782934050] [ccr_centralized_planner]: Received goal 1 from robotA
[ccr_centralized_planner-3] [INFO] [1729085710.676905317] [ccr_centralized_planner]: 
[ccr_centralized_planner-3] 
[ccr_centralized_planner-3]  replaned due to new goal
[ccr_centralized_planner-3] 
[ccr_centralized_planner-3] [INFO] [1729085710.703586777] [ccr_centralized_planner]: Sent plan [9, 11, 35, 50, 51, 53, 39, 55, 56, 57, 5, 1] to robotA
[ccr_fake_execution-2] [INFO] [1729085710.704188654] [ccr_fake_execution]: got plan for robotA: [9, 11, 35, 50, 51, 53, 39, 55, 56, 57, 5, 1]
[ccr_centralized_planner-3] [INFO] [1729085710.705479110] [ccr_centralized_planner]: Received state 9 from robotA
[ccr_centralized_planner-3] [INFO] [1729085711.676869802] [ccr_centralized_planner]: 
[ccr_centralized_planner-3] 
[ccr_centralized_planner-3]  did not replan 
[ccr_centralized_planner-3] 
[ccr_centralized_planner-3] [INFO] [1729085711.677532343] [ccr_centralized_planner]: Sent plan [9, 11, 35, 50, 51, 53, 39, 55, 56, 57, 5, 1] to robotA
[ccr_fake_execution-2] [INFO] [1729085711.677807498] [ccr_fake_execution]: got plan for robotA: [9, 11, 35, 50, 51, 53, 39, 55, 56, 57, 5, 1]
[ccr_centralized_planner-3] [INFO] [1729085711.705365790] [ccr_centralized_planner]: Received state 9 from robotA
[ccr_centralized_planner-3] [INFO] [1729085712.676878040] [ccr_centralized_planner]: 
[ccr_centralized_planner-3] 
[ccr_centralized_planner-3]  did not replan 
[ccr_centralized_planner-3] 
[ccr_centralized_planner-3] [INFO] [1729085712.677511235] [ccr_centralized_planner]: Sent plan [9, 11, 35, 50, 51, 53, 39, 55, 56, 57, 5, 1] to robotA
[ccr_fake_execution-2] [INFO] [1729085712.677845050] [ccr_fake_execution]: got plan for robotA: [9, 11, 35, 50, 51, 53, 39, 55, 56, 57, 5, 1]
[ccr_centralized_planner-3] [INFO] [1729085712.705332149] [ccr_centralized_planner]: Received state 9 from robotA
[ccr_centralized_planner-3] [INFO] [1729085713.676868083] [ccr_centralized_planner]: 
[ccr_centralized_planner-3] 
[ccr_centralized_planner-3]  did not replan 
[ccr_centralized_planner-3] 
[ccr_centralized_planner-3] [INFO] [1729085713.677520615] [ccr_centralized_planner]: Sent plan [9, 11, 35, 50, 51, 53, 39, 55, 56, 57, 5, 1] to robotA
[ccr_fake_execution-2] [INFO] [1729085713.677846285] [ccr_fake_execution]: got plan for robotA: [9, 11, 35, 50, 51, 53, 39, 55, 56, 57, 5, 1]
[ccr_fake_execution-2] [INFO] [1729085713.705107410] [ccr_fake_execution]: robotA: 9 -> 11
[ccr_centralized_planner-3] [INFO] [1729085713.705836966] [ccr_centralized_planner]: Received state 11 from robotA
[ccr_centralized_planner-3] [INFO] [1729085714.676871832] [ccr_centralized_planner]: 
[ccr_centralized_planner-3] 
[ccr_centralized_planner-3]  did not replan 
[ccr_centralized_planner-3] 
[ccr_centralized_planner-3] [INFO] [1729085714.677493897] [ccr_centralized_planner]: Sent plan [11, 35, 50, 51, 53, 39, 55, 56, 57, 5, 1] to robotA
[ccr_fake_execution-2] [INFO] [1729085714.677718568] [ccr_fake_execution]: got plan for robotA: [11, 35, 50, 51, 53, 39, 55, 56, 57, 5, 1]
[ccr_fake_execution-2] [INFO] [1729085714.705119084] [ccr_fake_execution]: robotA: 11 -> 35
[ccr_centralized_planner-3] [INFO] [1729085714.705877183] [ccr_centralized_planner]: Received state 35 from robotA
[ccr_centralized_planner-3] [INFO] [1729085715.676887764] [ccr_centralized_planner]: 
[ccr_centralized_planner-3] 
[ccr_centralized_planner-3]  did not replan 
[ccr_centralized_planner-3] 
[ccr_centralized_planner-3] [INFO] [1729085715.677555214] [ccr_centralized_planner]: Sent plan [35, 50, 51, 53, 39, 55, 56, 57, 5, 1] to robotA
[ccr_fake_execution-2] [INFO] [1729085715.677795864] [ccr_fake_execution]: got plan for robotA: [35, 50, 51, 53, 39, 55, 56, 57, 5, 1]
[ccr_centralized_planner-3] [INFO] [1729085715.705334159] [ccr_centralized_planner]: Received state 35 from robotA
[ccr_centralized_planner-3] [INFO] [1729085716.676927220] [ccr_centralized_planner]: 
[ccr_centralized_planner-3] 
[ccr_centralized_planner-3]  did not replan 
[ccr_centralized_planner-3] 
[ccr_centralized_planner-3] [INFO] [1729085716.677582787] [ccr_centralized_planner]: Sent plan [35, 50, 51, 53, 39, 55, 56, 57, 5, 1] to robotA
[ccr_fake_execution-2] [INFO] [1729085716.677939595] [ccr_fake_execution]: got plan for robotA: [35, 50, 51, 53, 39, 55, 56, 57, 5, 1]
[ccr_centralized_planner-3] [INFO] [1729085716.705354038] [ccr_centralized_planner]: Received state 35 from robotA
[ccr_centralized_planner-3] [INFO] [1729085717.676876808] [ccr_centralized_planner]: 
[ccr_centralized_planner-3] 
[ccr_centralized_planner-3]  did not replan 
[ccr_centralized_planner-3] 
[ccr_centralized_planner-3] [INFO] [1729085717.677505124] [ccr_centralized_planner]: Sent plan [35, 50, 51, 53, 39, 55, 56, 57, 5, 1] to robotA
[ccr_fake_execution-2] [INFO] [1729085717.677815856] [ccr_fake_execution]: got plan for robotA: [35, 50, 51, 53, 39, 55, 56, 57, 5, 1]
[ccr_centralized_planner-3] [INFO] [1729085717.705372784] [ccr_centralized_planner]: Received state 35 from robotA
[ccr_centralized_planner-3] [INFO] [1729085718.676895805] [ccr_centralized_planner]: 
[ccr_centralized_planner-3] 
[ccr_centralized_planner-3]  did not replan 
[ccr_centralized_planner-3] 
[ccr_centralized_planner-3] [INFO] [1729085718.677548788] [ccr_centralized_planner]: Sent plan [35, 50, 51, 53, 39, 55, 56, 57, 5, 1] to robotA
[ccr_fake_execution-2] [INFO] [1729085718.677784078] [ccr_fake_execution]: got plan for robotA: [35, 50, 51, 53, 39, 55, 56, 57, 5, 1]
[ccr_fake_execution-2] [INFO] [1729085718.705119081] [ccr_fake_execution]: robotA: 35 -> 50
[ccr_centralized_planner-3] [INFO] [1729085718.705835993] [ccr_centralized_planner]: Received state 50 from robotA
[ccr_centralized_planner-3] [INFO] [1729085719.676899795] [ccr_centralized_planner]: 
[ccr_centralized_planner-3] 
[ccr_centralized_planner-3]  did not replan 
[ccr_centralized_planner-3] 
[ccr_centralized_planner-3] [INFO] [1729085719.677575570] [ccr_centralized_planner]: Sent plan [50, 51, 53, 39, 55, 56, 57, 5, 1] to robotA
[ccr_fake_execution-2] [INFO] [1729085719.677905548] [ccr_fake_execution]: got plan for robotA: [50, 51, 53, 39, 55, 56, 57, 5, 1]
[ccr_fake_execution-2] [INFO] [1729085719.705105318] [ccr_fake_execution]: robotA: 50 -> 51
[ccr_centralized_planner-3] [INFO] [1729085719.705820797] [ccr_centralized_planner]: Received state 51 from robotA
[ccr_centralized_planner-3] [INFO] [1729085720.676922800] [ccr_centralized_planner]: 
[ccr_centralized_planner-3] 
[ccr_centralized_planner-3]  did not replan 
[ccr_centralized_planner-3] 
[ccr_centralized_planner-3] [INFO] [1729085720.677577496] [ccr_centralized_planner]: Sent plan [51, 53, 39, 55, 56, 57, 5, 1] to robotA
[ccr_fake_execution-2] [INFO] [1729085720.677899769] [ccr_fake_execution]: got plan for robotA: [51, 53, 39, 55, 56, 57, 5, 1]
[ccr_fake_execution-2] [INFO] [1729085720.705122832] [ccr_fake_execution]: robotA: 51 -> 53
[ccr_centralized_planner-3] [INFO] [1729085720.705850234] [ccr_centralized_planner]: Received state 53 from robotA
[ccr_centralized_planner-3] [INFO] [1729085721.676895822] [ccr_centralized_planner]: 
[ccr_centralized_planner-3] 
[ccr_centralized_planner-3]  did not replan 
[ccr_centralized_planner-3] 
[ccr_centralized_planner-3] [INFO] [1729085721.677589570] [ccr_centralized_planner]: Sent plan [53, 39, 55, 56, 57, 5, 1] to robotA
[ccr_fake_execution-2] [INFO] [1729085721.677840019] [ccr_fake_execution]: got plan for robotA: [53, 39, 55, 56, 57, 5, 1]
[ccr_centralized_planner-3] [INFO] [1729085721.705322739] [ccr_centralized_planner]: Received state 53 from robotA
[ccr_centralized_planner-3] [INFO] [1729085722.676888981] [ccr_centralized_planner]: 
[ccr_centralized_planner-3] 
[ccr_centralized_planner-3]  did not replan 
[ccr_centralized_planner-3] 
[ccr_centralized_planner-3] [INFO] [1729085722.677544718] [ccr_centralized_planner]: Sent plan [53, 39, 55, 56, 57, 5, 1] to robotA
[ccr_fake_execution-2] [INFO] [1729085722.677884545] [ccr_fake_execution]: got plan for robotA: [53, 39, 55, 56, 57, 5, 1]
[ccr_centralized_planner-3] [INFO] [1729085722.705372384] [ccr_centralized_planner]: Received state 53 from robotA
[ccr_centralized_planner-3] [INFO] [1729085723.676912397] [ccr_centralized_planner]: 
[ccr_centralized_planner-3] 
[ccr_centralized_planner-3]  did not replan 
[ccr_centralized_planner-3] 
[ccr_centralized_planner-3] [INFO] [1729085723.677591779] [ccr_centralized_planner]: Sent plan [53, 39, 55, 56, 57, 5, 1] to robotA
[ccr_fake_execution-2] [INFO] [1729085723.677886029] [ccr_fake_execution]: got plan for robotA: [53, 39, 55, 56, 57, 5, 1]
[ccr_fake_execution-2] [INFO] [1729085723.705127557] [ccr_fake_execution]: robotA: 53 -> 39
[ccr_centralized_planner-3] [INFO] [1729085723.705885386] [ccr_centralized_planner]: Received state 39 from robotA
[ccr_centralized_planner-3] [INFO] [1729085724.676928389] [ccr_centralized_planner]: 
[ccr_centralized_planner-3] 
[ccr_centralized_planner-3]  did not replan 
[ccr_centralized_planner-3] 
[ccr_centralized_planner-3] [INFO] [1729085724.677597351] [ccr_centralized_planner]: Sent plan [39, 55, 56, 57, 5, 1] to robotA
[ccr_fake_execution-2] [INFO] [1729085724.678231117] [ccr_fake_execution]: got plan for robotA: [39, 55, 56, 57, 5, 1]
[ccr_fake_execution-2] [INFO] [1729085724.705119104] [ccr_fake_execution]: robotA: 39 -> 55
[ccr_centralized_planner-3] [INFO] [1729085724.705865972] [ccr_centralized_planner]: Received state 55 from robotA
[ccr_centralized_planner-3] [INFO] [1729085725.676920215] [ccr_centralized_planner]: 
[ccr_centralized_planner-3] 
[ccr_centralized_planner-3]  did not replan 
[ccr_centralized_planner-3] 
[ccr_centralized_planner-3] [INFO] [1729085725.677539294] [ccr_centralized_planner]: Sent plan [55, 56, 57, 5, 1] to robotA
[ccr_fake_execution-2] [INFO] [1729085725.678745161] [ccr_fake_execution]: got plan for robotA: [55, 56, 57, 5, 1]
[ccr_centralized_planner-3] [INFO] [1729085725.705351811] [ccr_centralized_planner]: Received state 55 from robotA
[ccr_centralized_planner-3] [INFO] [1729085726.676932449] [ccr_centralized_planner]: 
[ccr_centralized_planner-3] 
[ccr_centralized_planner-3]  did not replan 
[ccr_centralized_planner-3] 
[ccr_centralized_planner-3] [INFO] [1729085726.677575203] [ccr_centralized_planner]: Sent plan [55, 56, 57, 5, 1] to robotA
[ccr_fake_execution-2] [INFO] [1729085726.677954312] [ccr_fake_execution]: got plan for robotA: [55, 56, 57, 5, 1]
[ccr_centralized_planner-3] [INFO] [1729085726.705374907] [ccr_centralized_planner]: Received state 55 from robotA
[ccr_centralized_planner-3] [INFO] [1729085727.676997413] [ccr_centralized_planner]: 
[ccr_centralized_planner-3] 
[ccr_centralized_planner-3]  did not replan 
[ccr_centralized_planner-3] 
[ccr_centralized_planner-3] [INFO] [1729085727.677697654] [ccr_centralized_planner]: Sent plan [55, 56, 57, 5, 1] to robotA
[ccr_fake_execution-2] [INFO] [1729085727.678037260] [ccr_fake_execution]: got plan for robotA: [55, 56, 57, 5, 1]
[ccr_centralized_planner-3] [INFO] [1729085727.705346666] [ccr_centralized_planner]: Received state 55 from robotA
[ccr_centralized_planner-3] [INFO] [1729085728.676931141] [ccr_centralized_planner]: 
[ccr_centralized_planner-3] 
[ccr_centralized_planner-3]  did not replan 
[ccr_centralized_planner-3] 
[ccr_centralized_planner-3] [INFO] [1729085728.677610743] [ccr_centralized_planner]: Sent plan [55, 56, 57, 5, 1] to robotA
[ccr_fake_execution-2] [INFO] [1729085728.678028135] [ccr_fake_execution]: got plan for robotA: [55, 56, 57, 5, 1]
[ccr_centralized_planner-3] [INFO] [1729085728.705379108] [ccr_centralized_planner]: Received state 55 from robotA
[ccr_centralized_planner-3] [INFO] [1729085729.676901337] [ccr_centralized_planner]: 
[ccr_centralized_planner-3] 
[ccr_centralized_planner-3]  did not replan 
[ccr_centralized_planner-3] 
[ccr_centralized_planner-3] [INFO] [1729085729.677582012] [ccr_centralized_planner]: Sent plan [55, 56, 57, 5, 1] to robotA
[ccr_fake_execution-2] [INFO] [1729085729.677912290] [ccr_fake_execution]: got plan for robotA: [55, 56, 57, 5, 1]
[ccr_fake_execution-2] [INFO] [1729085729.705114946] [ccr_fake_execution]: robotA: 55 -> 56
[ccr_centralized_planner-3] [INFO] [1729085729.705873686] [ccr_centralized_planner]: Received state 56 from robotA
[ccr_centralized_planner-3] [INFO] [1729085730.676895108] [ccr_centralized_planner]: 
[ccr_centralized_planner-3] 
[ccr_centralized_planner-3]  did not replan 
[ccr_centralized_planner-3] 
[ccr_centralized_planner-3] [INFO] [1729085730.677777850] [ccr_centralized_planner]: Sent plan [56, 57, 5, 1] to robotA
[ccr_fake_execution-2] [INFO] [1729085730.678210811] [ccr_fake_execution]: got plan for robotA: [56, 57, 5, 1]
[ccr_fake_execution-2] [INFO] [1729085730.704994833] [ccr_fake_execution]: robotA: 56 -> 57
[ccr_centralized_planner-3] [INFO] [1729085730.705822182] [ccr_centralized_planner]: Received state 57 from robotA
[ccr_centralized_planner-3] [INFO] [1729085731.676905539] [ccr_centralized_planner]: 
[ccr_centralized_planner-3] 
[ccr_centralized_planner-3]  did not replan 
[ccr_centralized_planner-3] 
[ccr_centralized_planner-3] [INFO] [1729085731.677577768] [ccr_centralized_planner]: Sent plan [57, 5, 1] to robotA
[ccr_fake_execution-2] [INFO] [1729085731.677946999] [ccr_fake_execution]: got plan for robotA: [57, 5, 1]
[ccr_centralized_planner-3] [INFO] [1729085731.705357414] [ccr_centralized_planner]: Received state 57 from robotA
[ccr_centralized_planner-3] [INFO] [1729085732.676930558] [ccr_centralized_planner]: 
[ccr_centralized_planner-3] 
[ccr_centralized_planner-3]  did not replan 
[ccr_centralized_planner-3] 
[ccr_centralized_planner-3] [INFO] [1729085732.677594431] [ccr_centralized_planner]: Sent plan [57, 5, 1] to robotA
[ccr_fake_execution-2] [INFO] [1729085732.677978320] [ccr_fake_execution]: got plan for robotA: [57, 5, 1]
[ccr_centralized_planner-3] [INFO] [1729085732.705356404] [ccr_centralized_planner]: Received state 57 from robotA
[ccr_centralized_planner-3] [INFO] [1729085733.676938786] [ccr_centralized_planner]: 
[ccr_centralized_planner-3] 
[ccr_centralized_planner-3]  did not replan 
[ccr_centralized_planner-3] 
[ccr_centralized_planner-3] [INFO] [1729085733.677910735] [ccr_centralized_planner]: Sent plan [57, 5, 1] to robotA
[ccr_fake_execution-2] [INFO] [1729085733.678053442] [ccr_fake_execution]: got plan for robotA: [57, 5, 1]
[ccr_centralized_planner-3] [INFO] [1729085733.705356697] [ccr_centralized_planner]: Received state 57 from robotA
[ccr_centralized_planner-3] [INFO] [1729085734.676919822] [ccr_centralized_planner]: 
[ccr_centralized_planner-3] 
[ccr_centralized_planner-3]  did not replan 
[ccr_centralized_planner-3] 
[ccr_centralized_planner-3] [INFO] [1729085734.677794500] [ccr_centralized_planner]: Sent plan [57, 5, 1] to robotA
[ccr_fake_execution-2] [INFO] [1729085734.678316196] [ccr_fake_execution]: got plan for robotA: [57, 5, 1]
[ccr_centralized_planner-3] [INFO] [1729085734.705443290] [ccr_centralized_planner]: Received state 57 from robotA
[ccr_centralized_planner-3] [INFO] [1729085735.676937327] [ccr_centralized_planner]: 
[ccr_centralized_planner-3] 
[ccr_centralized_planner-3]  did not replan 
[ccr_centralized_planner-3] 
[ccr_centralized_planner-3] [INFO] [1729085735.677833425] [ccr_centralized_planner]: Sent plan [57, 5, 1] to robotA
[ccr_fake_execution-2] [INFO] [1729085735.678330766] [ccr_fake_execution]: got plan for robotA: [57, 5, 1]
[ccr_centralized_planner-3] [INFO] [1729085735.705468830] [ccr_centralized_planner]: Received state 57 from robotA
[ccr_centralized_planner-3] [INFO] [1729085736.677078002] [ccr_centralized_planner]: 
[ccr_centralized_planner-3] 
[ccr_centralized_planner-3]  did not replan 
[ccr_centralized_planner-3] 
[ccr_centralized_planner-3] [INFO] [1729085736.677773635] [ccr_centralized_planner]: Sent plan [57, 5, 1] to robotA
[ccr_fake_execution-2] [INFO] [1729085736.678185937] [ccr_fake_execution]: got plan for robotA: [57, 5, 1]
[ccr_centralized_planner-3] [INFO] [1729085736.705580261] [ccr_centralized_planner]: Received state 57 from robotA
[ccr_centralized_planner-3] [INFO] [1729085737.676952159] [ccr_centralized_planner]: 
[ccr_centralized_planner-3] 
[ccr_centralized_planner-3]  did not replan 
[ccr_centralized_planner-3] 
[ccr_centralized_planner-3] [INFO] [1729085737.677607616] [ccr_centralized_planner]: Sent plan [57, 5, 1] to robotA
[ccr_fake_execution-2] [INFO] [1729085737.678118352] [ccr_fake_execution]: got plan for robotA: [57, 5, 1]
[ccr_centralized_planner-3] [INFO] [1729085737.705364288] [ccr_centralized_planner]: Received state 57 from robotA
[ccr_centralized_planner-3] [INFO] [1729085738.676936652] [ccr_centralized_planner]: 
[ccr_centralized_planner-3] 
[ccr_centralized_planner-3]  did not replan 
[ccr_centralized_planner-3] 
[ccr_centralized_planner-3] [INFO] [1729085738.677842177] [ccr_centralized_planner]: Sent plan [57, 5, 1] to robotA
[ccr_fake_execution-2] [INFO] [1729085738.678327746] [ccr_fake_execution]: got plan for robotA: [57, 5, 1]
[ccr_centralized_planner-3] [INFO] [1729085738.705517587] [ccr_centralized_planner]: Received state 57 from robotA
[ccr_centralized_planner-3] [INFO] [1729085739.676959957] [ccr_centralized_planner]: 
[ccr_centralized_planner-3] 
[ccr_centralized_planner-3]  did not replan 
[ccr_centralized_planner-3] 
[ccr_centralized_planner-3] [INFO] [1729085739.677645701] [ccr_centralized_planner]: Sent plan [57, 5, 1] to robotA
[ccr_fake_execution-2] [INFO] [1729085739.678074123] [ccr_fake_execution]: got plan for robotA: [57, 5, 1]
[ccr_fake_execution-2] [INFO] [1729085739.705131657] [ccr_fake_execution]: robotA: 57 -> 5
[ccr_centralized_planner-3] [INFO] [1729085739.706049225] [ccr_centralized_planner]: Received state 5 from robotA
[ccr_centralized_planner-3] [INFO] [1729085740.676950271] [ccr_centralized_planner]: 
[ccr_centralized_planner-3] 
[ccr_centralized_planner-3]  did not replan 
[ccr_centralized_planner-3] 
[ccr_centralized_planner-3] [INFO] [1729085740.677996470] [ccr_centralized_planner]: Sent plan [5, 1] to robotA
[ccr_fake_execution-2] [INFO] [1729085740.678019363] [ccr_fake_execution]: got plan for robotA: [5, 1]
[ccr_fake_execution-2] [INFO] [1729085740.705203503] [ccr_fake_execution]: robotA: 5 -> 1
[ccr_goal_provider-1] [INFO] [1729085740.706026093] [ccr_goal_provider]: [32mgoal completed:[0m robotA reached goal 1, going to goal 0 within state 9
[ccr_centralized_planner-3] [INFO] [1729085740.706092518] [ccr_centralized_planner]: Received state 1 from robotA
[ccr_centralized_planner-3] [INFO] [1729085740.782939933] [ccr_centralized_planner]: Received goal 9 from robotA
[ccr_centralized_planner-3] [INFO] [1729085741.676952247] [ccr_centralized_planner]: 
[ccr_centralized_planner-3] 
[ccr_centralized_planner-3]  replaned due to new goal
[ccr_centralized_planner-3] 
[ccr_centralized_planner-3] [INFO] [1729085741.698216725] [ccr_centralized_planner]: Sent plan [1, 44, 45, 56, 55, 39, 53, 51, 32, 35, 10, 9] to robotA
[ccr_fake_execution-2] [INFO] [1729085741.698796701] [ccr_fake_execution]: got plan for robotA: [1, 44, 45, 56, 55, 39, 53, 51, 32, 35, 10, 9]
[ccr_fake_execution-2] [INFO] [1729085741.705507725] [ccr_fake_execution]: robotA: 1 -> 44
[ccr_centralized_planner-3] [INFO] [1729085741.706622672] [ccr_centralized_planner]: Received state 44 from robotA
[ccr_centralized_planner-3] [INFO] [1729085742.676933484] [ccr_centralized_planner]: 
[ccr_centralized_planner-3] 
[ccr_centralized_planner-3]  did not replan 
[ccr_centralized_planner-3] 
[ccr_centralized_planner-3] [INFO] [1729085742.677606995] [ccr_centralized_planner]: Sent plan [44, 45, 56, 55, 39, 53, 51, 32, 35, 10, 9] to robotA
[ccr_fake_execution-2] [INFO] [1729085742.678285445] [ccr_fake_execution]: got plan for robotA: [44, 45, 56, 55, 39, 53, 51, 32, 35, 10, 9]
[ccr_fake_execution-2] [INFO] [1729085742.705110864] [ccr_fake_execution]: robotA: 44 -> 45
[ccr_centralized_planner-3] [INFO] [1729085742.705860427] [ccr_centralized_planner]: Received state 45 from robotA
[ccr_centralized_planner-3] [INFO] [1729085743.676898790] [ccr_centralized_planner]: 
[ccr_centralized_planner-3] 
[ccr_centralized_planner-3]  did not replan 
[ccr_centralized_planner-3] 
[ccr_centralized_planner-3] [INFO] [1729085743.677538808] [ccr_centralized_planner]: Sent plan [45, 56, 55, 39, 53, 51, 32, 35, 10, 9] to robotA
[ccr_fake_execution-2] [INFO] [1729085743.677914011] [ccr_fake_execution]: got plan for robotA: [45, 56, 55, 39, 53, 51, 32, 35, 10, 9]
[ccr_centralized_planner-3] [INFO] [1729085743.705323634] [ccr_centralized_planner]: Received state 45 from robotA
[ccr_centralized_planner-3] [INFO] [1729085744.676904543] [ccr_centralized_planner]: 
[ccr_centralized_planner-3] 
[ccr_centralized_planner-3]  did not replan 
[ccr_centralized_planner-3] 
[ccr_centralized_planner-3] [INFO] [1729085744.677546545] [ccr_centralized_planner]: Sent plan [45, 56, 55, 39, 53, 51, 32, 35, 10, 9] to robotA
[ccr_fake_execution-2] [INFO] [1729085744.677880490] [ccr_fake_execution]: got plan for robotA: [45, 56, 55, 39, 53, 51, 32, 35, 10, 9]
[ccr_fake_execution-2] [INFO] [1729085744.705158607] [ccr_fake_execution]: robotA: 45 -> 56
[ccr_centralized_planner-3] [INFO] [1729085744.706014710] [ccr_centralized_planner]: Received state 56 from robotA
[ccr_centralized_planner-3] [INFO] [1729085745.676967794] [ccr_centralized_planner]: 
[ccr_centralized_planner-3] 
[ccr_centralized_planner-3]  did not replan 
[ccr_centralized_planner-3] 
[ccr_centralized_planner-3] [INFO] [1729085745.677978305] [ccr_centralized_planner]: Sent plan [56, 55, 39, 53, 51, 32, 35, 10, 9] to robotA
[ccr_fake_execution-2] [INFO] [1729085745.678079665] [ccr_fake_execution]: got plan for robotA: [56, 55, 39, 53, 51, 32, 35, 10, 9]
[ccr_centralized_planner-3] [INFO] [1729085745.705403628] [ccr_centralized_planner]: Received state 56 from robotA
[ccr_centralized_planner-3] [INFO] [1729085746.676929654] [ccr_centralized_planner]: 
[ccr_centralized_planner-3] 
[ccr_centralized_planner-3]  did not replan 
[ccr_centralized_planner-3] 
[ccr_centralized_planner-3] [INFO] [1729085746.677916582] [ccr_centralized_planner]: Sent plan [56, 55, 39, 53, 51, 32, 35, 10, 9] to robotA
[ccr_fake_execution-2] [INFO] [1729085746.678058728] [ccr_fake_execution]: got plan for robotA: [56, 55, 39, 53, 51, 32, 35, 10, 9]
[ccr_centralized_planner-3] [INFO] [1729085746.705396447] [ccr_centralized_planner]: Received state 56 from robotA
[ccr_centralized_planner-3] [INFO] [1729085747.676942029] [ccr_centralized_planner]: 
[ccr_centralized_planner-3] 
[ccr_centralized_planner-3]  did not replan 
[ccr_centralized_planner-3] 
[ccr_centralized_planner-3] [INFO] [1729085747.677944686] [ccr_centralized_planner]: Sent plan [56, 55, 39, 53, 51, 32, 35, 10, 9] to robotA
[ccr_fake_execution-2] [INFO] [1729085747.678076343] [ccr_fake_execution]: got plan for robotA: [56, 55, 39, 53, 51, 32, 35, 10, 9]
[ccr_centralized_planner-3] [INFO] [1729085747.705376922] [ccr_centralized_planner]: Received state 56 from robotA
[ccr_centralized_planner-3] [INFO] [1729085748.676949115] [ccr_centralized_planner]: 
[ccr_centralized_planner-3] 
[ccr_centralized_planner-3]  did not replan 
[ccr_centralized_planner-3] 
[ccr_centralized_planner-3] [INFO] [1729085748.677956481] [ccr_centralized_planner]: Sent plan [56, 55, 39, 53, 51, 32, 35, 10, 9] to robotA
[ccr_fake_execution-2] [INFO] [1729085748.678024999] [ccr_fake_execution]: got plan for robotA: [56, 55, 39, 53, 51, 32, 35, 10, 9]
[ccr_fake_execution-2] [INFO] [1729085748.705124822] [ccr_fake_execution]: robotA: 56 -> 55
[ccr_centralized_planner-3] [INFO] [1729085748.705960537] [ccr_centralized_planner]: Received state 55 from robotA
[ccr_centralized_planner-3] [INFO] [1729085749.676938317] [ccr_centralized_planner]: 
[ccr_centralized_planner-3] 
[ccr_centralized_planner-3]  did not replan 
[ccr_centralized_planner-3] 
[ccr_centralized_planner-3] [INFO] [1729085749.677920135] [ccr_centralized_planner]: Sent plan [55, 39, 53, 51, 32, 35, 10, 9] to robotA
[ccr_fake_execution-2] [INFO] [1729085749.677994043] [ccr_fake_execution]: got plan for robotA: [55, 39, 53, 51, 32, 35, 10, 9]
[ccr_centralized_planner-3] [INFO] [1729085749.705350597] [ccr_centralized_planner]: Received state 55 from robotA
[ccr_centralized_planner-3] [INFO] [1729085750.677061820] [ccr_centralized_planner]: 
[ccr_centralized_planner-3] 
[ccr_centralized_planner-3]  did not replan 
[ccr_centralized_planner-3] 
[ccr_centralized_planner-3] [INFO] [1729085750.677780295] [ccr_centralized_planner]: Sent plan [55, 39, 53, 51, 32, 35, 10, 9] to robotA
[ccr_fake_execution-2] [INFO] [1729085750.678118929] [ccr_fake_execution]: got plan for robotA: [55, 39, 53, 51, 32, 35, 10, 9]
[ccr_centralized_planner-3] [INFO] [1729085750.705856646] [ccr_centralized_planner]: Received state 55 from robotA
[ccr_centralized_planner-3] [INFO] [1729085751.677049569] [ccr_centralized_planner]: 
[ccr_centralized_planner-3] 
[ccr_centralized_planner-3]  did not replan 
[ccr_centralized_planner-3] 
[ccr_centralized_planner-3] [INFO] [1729085751.677818118] [ccr_centralized_planner]: Sent plan [55, 39, 53, 51, 32, 35, 10, 9] to robotA
[ccr_fake_execution-2] [INFO] [1729085751.678375531] [ccr_fake_execution]: got plan for robotA: [55, 39, 53, 51, 32, 35, 10, 9]
[ccr_centralized_planner-3] [INFO] [1729085751.705450758] [ccr_centralized_planner]: Received state 55 from robotA
[ccr_centralized_planner-3] [INFO] [1729085752.676939765] [ccr_centralized_planner]: 
[ccr_centralized_planner-3] 
[ccr_centralized_planner-3]  did not replan 
[ccr_centralized_planner-3] 
[ccr_centralized_planner-3] [INFO] [1729085752.677618286] [ccr_centralized_planner]: Sent plan [55, 39, 53, 51, 32, 35, 10, 9] to robotA
[ccr_fake_execution-2] [INFO] [1729085752.677987196] [ccr_fake_execution]: got plan for robotA: [55, 39, 53, 51, 32, 35, 10, 9]
[ccr_fake_execution-2] [INFO] [1729085752.705133576] [ccr_fake_execution]: robotA: 55 -> 39
[ccr_centralized_planner-3] [INFO] [1729085752.705954924] [ccr_centralized_planner]: Received state 39 from robotA
[ccr_centralized_planner-3] [INFO] [1729085753.677057267] [ccr_centralized_planner]: 
[ccr_centralized_planner-3] 
[ccr_centralized_planner-3]  did not replan 
[ccr_centralized_planner-3] 
[ccr_centralized_planner-3] [INFO] [1729085753.677765002] [ccr_centralized_planner]: Sent plan [39, 53, 51, 32, 35, 10, 9] to robotA
[ccr_fake_execution-2] [INFO] [1729085753.678256272] [ccr_fake_execution]: got plan for robotA: [39, 53, 51, 32, 35, 10, 9]
[ccr_fake_execution-2] [INFO] [1729085753.705094735] [ccr_fake_execution]: robotA: 39 -> 53
[ccr_centralized_planner-3] [INFO] [1729085753.705897348] [ccr_centralized_planner]: Received state 53 from robotA
[ccr_centralized_planner-3] [INFO] [1729085754.676953575] [ccr_centralized_planner]: 
[ccr_centralized_planner-3] 
[ccr_centralized_planner-3]  did not replan 
[ccr_centralized_planner-3] 
[ccr_centralized_planner-3] [INFO] [1729085754.677744706] [ccr_centralized_planner]: Sent plan [53, 51, 32, 35, 10, 9] to robotA
[ccr_fake_execution-2] [INFO] [1729085754.678114439] [ccr_fake_execution]: got plan for robotA: [53, 51, 32, 35, 10, 9]
[ccr_centralized_planner-3] [INFO] [1729085754.705422281] [ccr_centralized_planner]: Received state 53 from robotA
[ccr_centralized_planner-3] [INFO] [1729085755.676946401] [ccr_centralized_planner]: 
[ccr_centralized_planner-3] 
[ccr_centralized_planner-3]  did not replan 
[ccr_centralized_planner-3] 
[ccr_centralized_planner-3] [INFO] [1729085755.677650539] [ccr_centralized_planner]: Sent plan [53, 51, 32, 35, 10, 9] to robotA
[ccr_fake_execution-2] [INFO] [1729085755.678009762] [ccr_fake_execution]: got plan for robotA: [53, 51, 32, 35, 10, 9]
[ccr_centralized_planner-3] [INFO] [1729085755.705392929] [ccr_centralized_planner]: Received state 53 from robotA
[ccr_centralized_planner-3] [INFO] [1729085756.676955898] [ccr_centralized_planner]: 
[ccr_centralized_planner-3] 
[ccr_centralized_planner-3]  did not replan 
[ccr_centralized_planner-3] 
[ccr_centralized_planner-3] [INFO] [1729085756.677617437] [ccr_centralized_planner]: Sent plan [53, 51, 32, 35, 10, 9] to robotA
[ccr_fake_execution-2] [INFO] [1729085756.677964026] [ccr_fake_execution]: got plan for robotA: [53, 51, 32, 35, 10, 9]
[ccr_fake_execution-2] [INFO] [1729085756.705135837] [ccr_fake_execution]: robotA: 53 -> 51
[ccr_centralized_planner-3] [INFO] [1729085756.705962956] [ccr_centralized_planner]: Received state 51 from robotA
[ccr_centralized_planner-3] [INFO] [1729085757.676946350] [ccr_centralized_planner]: 
[ccr_centralized_planner-3] 
[ccr_centralized_planner-3]  did not replan 
[ccr_centralized_planner-3] 
[ccr_centralized_planner-3] [INFO] [1729085757.677996587] [ccr_centralized_planner]: Sent plan [51, 32, 35, 10, 9] to robotA
[ccr_fake_execution-2] [INFO] [1729085757.678043124] [ccr_fake_execution]: got plan for robotA: [51, 32, 35, 10, 9]
[ccr_centralized_planner-3] [INFO] [1729085757.705399841] [ccr_centralized_planner]: Received state 51 from robotA
[ccr_centralized_planner-3] [INFO] [1729085758.676919499] [ccr_centralized_planner]: 
[ccr_centralized_planner-3] 
[ccr_centralized_planner-3]  did not replan 
[ccr_centralized_planner-3] 
[ccr_centralized_planner-3] [INFO] [1729085758.677599773] [ccr_centralized_planner]: Sent plan [51, 32, 35, 10, 9] to robotA
[ccr_fake_execution-2] [INFO] [1729085758.678241665] [ccr_fake_execution]: got plan for robotA: [51, 32, 35, 10, 9]
[ccr_fake_execution-2] [INFO] [1729085758.705124505] [ccr_fake_execution]: robotA: 51 -> 32
[ccr_centralized_planner-3] [INFO] [1729085758.705920896] [ccr_centralized_planner]: Received state 32 from robotA
[ccr_centralized_planner-3] [INFO] [1729085759.676942332] [ccr_centralized_planner]: 
[ccr_centralized_planner-3] 
[ccr_centralized_planner-3]  did not replan 
[ccr_centralized_planner-3] 
[ccr_centralized_planner-3] [INFO] [1729085759.677638435] [ccr_centralized_planner]: Sent plan [32, 35, 10, 9] to robotA
[ccr_fake_execution-2] [INFO] [1729085759.677964886] [ccr_fake_execution]: got plan for robotA: [32, 35, 10, 9]
[ccr_fake_execution-2] [INFO] [1729085759.705099668] [ccr_fake_execution]: robotA: 32 -> 35
[ccr_centralized_planner-3] [INFO] [1729085759.706020943] [ccr_centralized_planner]: Received state 35 from robotA
[ccr_centralized_planner-3] [INFO] [1729085760.676922244] [ccr_centralized_planner]: 
[ccr_centralized_planner-3] 
[ccr_centralized_planner-3]  did not replan 
[ccr_centralized_planner-3] 
[ccr_centralized_planner-3] [INFO] [1729085760.677834842] [ccr_centralized_planner]: Sent plan [35, 10, 9] to robotA
[ccr_fake_execution-2] [INFO] [1729085760.678292820] [ccr_fake_execution]: got plan for robotA: [35, 10, 9]
[ccr_centralized_planner-3] [INFO] [1729085760.705506900] [ccr_centralized_planner]: Received state 35 from robotA
[ccr_centralized_planner-3] [INFO] [1729085761.676936851] [ccr_centralized_planner]: 
[ccr_centralized_planner-3] 
[ccr_centralized_planner-3]  did not replan 
[ccr_centralized_planner-3] 
[ccr_centralized_planner-3] [INFO] [1729085761.677836715] [ccr_centralized_planner]: Sent plan [35, 10, 9] to robotA
[ccr_fake_execution-2] [INFO] [1729085761.678294633] [ccr_fake_execution]: got plan for robotA: [35, 10, 9]
[ccr_fake_execution-2] [INFO] [1729085761.705114665] [ccr_fake_execution]: robotA: 35 -> 10
[ccr_centralized_planner-3] [INFO] [1729085761.705872905] [ccr_centralized_planner]: Received state 10 from robotA
[ccr_centralized_planner-3] [INFO] [1729085762.676930909] [ccr_centralized_planner]: 
[ccr_centralized_planner-3] 
[ccr_centralized_planner-3]  did not replan 
[ccr_centralized_planner-3] 
[ccr_centralized_planner-3] [INFO] [1729085762.677657700] [ccr_centralized_planner]: Sent plan [10, 9] to robotA
[ccr_fake_execution-2] [INFO] [1729085762.677997546] [ccr_fake_execution]: got plan for robotA: [10, 9]
[ccr_fake_execution-2] [INFO] [1729085762.705121407] [ccr_fake_execution]: robotA: 10 -> 9
[ccr_centralized_planner-3] [INFO] [1729085762.705973383] [ccr_centralized_planner]: Received state 9 from robotA
[ccr_goal_provider-1] [INFO] [1729085762.706014590] [ccr_goal_provider]: [32mgoal completed:[0m robotA reached goal 9, going to goal 1 within state 1
[ccr_centralized_planner-3] [INFO] [1729085762.783241534] [ccr_centralized_planner]: Received goal 1 from robotA
[ccr_centralized_planner-3] [INFO] [1729085763.677042868] [ccr_centralized_planner]: 
[ccr_centralized_planner-3] 
[ccr_centralized_planner-3]  replaned due to new goal
[ccr_centralized_planner-3] 
[ccr_fake_execution-2] [WARN] [1729085763.705377146] [ccr_fake_execution]: robotA is not at the expected state 10, instead at 9
[ccr_centralized_planner-3] [INFO] [1729085763.706896851] [ccr_centralized_planner]: Sent plan [9, 11, 35, 50, 51, 53, 39, 55, 56, 57, 5, 1] to robotA
[ccr_centralized_planner-3] [INFO] [1729085763.707345481] [ccr_centralized_planner]: Received state 9 from robotA
[ccr_fake_execution-2] [INFO] [1729085763.707355690] [ccr_fake_execution]: got plan for robotA: [9, 11, 35, 50, 51, 53, 39, 55, 56, 57, 5, 1]
[ccr_centralized_planner-3] [INFO] [1729085764.676901654] [ccr_centralized_planner]: 
[ccr_centralized_planner-3] 
[ccr_centralized_planner-3]  did not replan 
[ccr_centralized_planner-3] 
[ccr_centralized_planner-3] [INFO] [1729085764.677825604] [ccr_centralized_planner]: Sent plan [9, 11, 35, 50, 51, 53, 39, 55, 56, 57, 5, 1] to robotA
[ccr_fake_execution-2] [INFO] [1729085764.678248886] [ccr_fake_execution]: got plan for robotA: [9, 11, 35, 50, 51, 53, 39, 55, 56, 57, 5, 1]
[ccr_centralized_planner-3] [INFO] [1729085764.705517388] [ccr_centralized_planner]: Received state 9 from robotA
[ccr_centralized_planner-3] [INFO] [1729085765.676923604] [ccr_centralized_planner]: 
[ccr_centralized_planner-3] 
[ccr_centralized_planner-3]  did not replan 
[ccr_centralized_planner-3] 
[ccr_centralized_planner-3] [INFO] [1729085765.677929368] [ccr_centralized_planner]: Sent plan [9, 11, 35, 50, 51, 53, 39, 55, 56, 57, 5, 1] to robotA
[ccr_fake_execution-2] [INFO] [1729085765.678281527] [ccr_fake_execution]: got plan for robotA: [9, 11, 35, 50, 51, 53, 39, 55, 56, 57, 5, 1]
[ccr_centralized_planner-3] [INFO] [1729085765.705514152] [ccr_centralized_planner]: Received state 9 from robotA
[ccr_centralized_planner-3] [INFO] [1729085766.676891314] [ccr_centralized_planner]: 
[ccr_centralized_planner-3] 
[ccr_centralized_planner-3]  did not replan 
[ccr_centralized_planner-3] 
[ccr_centralized_planner-3] [INFO] [1729085766.677558854] [ccr_centralized_planner]: Sent plan [9, 11, 35, 50, 51, 53, 39, 55, 56, 57, 5, 1] to robotA
[ccr_fake_execution-2] [INFO] [1729085766.677829591] [ccr_fake_execution]: got plan for robotA: [9, 11, 35, 50, 51, 53, 39, 55, 56, 57, 5, 1]
[ccr_fake_execution-2] [INFO] [1729085766.705084918] [ccr_fake_execution]: robotA: 9 -> 11
[ccr_centralized_planner-3] [INFO] [1729085766.705824873] [ccr_centralized_planner]: Received state 11 from robotA
[ccr_centralized_planner-3] [INFO] [1729085767.676936338] [ccr_centralized_planner]: 
[ccr_centralized_planner-3] 
[ccr_centralized_planner-3]  did not replan 
[ccr_centralized_planner-3] 
[ccr_centralized_planner-3] [INFO] [1729085767.677573711] [ccr_centralized_planner]: Sent plan [11, 35, 50, 51, 53, 39, 55, 56, 57, 5, 1] to robotA
[ccr_fake_execution-2] [INFO] [1729085767.677889372] [ccr_fake_execution]: got plan for robotA: [11, 35, 50, 51, 53, 39, 55, 56, 57, 5, 1]
[ccr_centralized_planner-3] [INFO] [1729085767.705399957] [ccr_centralized_planner]: Received state 11 from robotA
[ccr_centralized_planner-3] [INFO] [1729085768.676888287] [ccr_centralized_planner]: 
[ccr_centralized_planner-3] 
[ccr_centralized_planner-3]  did not replan 
[ccr_centralized_planner-3] 
[ccr_centralized_planner-3] [INFO] [1729085768.677814060] [ccr_centralized_planner]: Sent plan [11, 35, 50, 51, 53, 39, 55, 56, 57, 5, 1] to robotA
[ccr_fake_execution-2] [INFO] [1729085768.678193962] [ccr_fake_execution]: got plan for robotA: [11, 35, 50, 51, 53, 39, 55, 56, 57, 5, 1]
[ccr_fake_execution-2] [INFO] [1729085768.705112088] [ccr_fake_execution]: robotA: 11 -> 35
[ccr_centralized_planner-3] [INFO] [1729085768.705992025] [ccr_centralized_planner]: Received state 35 from robotA
[ccr_centralized_planner-3] [INFO] [1729085769.676870804] [ccr_centralized_planner]: 
[ccr_centralized_planner-3] 
[ccr_centralized_planner-3]  did not replan 
[ccr_centralized_planner-3] 
[ccr_centralized_planner-3] [INFO] [1729085769.677798481] [ccr_centralized_planner]: Sent plan [35, 50, 51, 53, 39, 55, 56, 57, 5, 1] to robotA
[ccr_fake_execution-2] [INFO] [1729085769.678143787] [ccr_fake_execution]: got plan for robotA: [35, 50, 51, 53, 39, 55, 56, 57, 5, 1]
[ccr_centralized_planner-3] [INFO] [1729085769.705486599] [ccr_centralized_planner]: Received state 35 from robotA
[ccr_centralized_planner-3] [INFO] [1729085770.676902092] [ccr_centralized_planner]: 
[ccr_centralized_planner-3] 
[ccr_centralized_planner-3]  did not replan 
[ccr_centralized_planner-3] 
[ccr_centralized_planner-3] [INFO] [1729085770.677586083] [ccr_centralized_planner]: Sent plan [35, 50, 51, 53, 39, 55, 56, 57, 5, 1] to robotA
[ccr_fake_execution-2] [INFO] [1729085770.678374609] [ccr_fake_execution]: got plan for robotA: [35, 50, 51, 53, 39, 55, 56, 57, 5, 1]
[ccr_centralized_planner-3] [INFO] [1729085770.705344983] [ccr_centralized_planner]: Received state 35 from robotA
[ccr_centralized_planner-3] [INFO] [1729085771.677193688] [ccr_centralized_planner]: 
[ccr_centralized_planner-3] 
[ccr_centralized_planner-3]  did not replan 
[ccr_centralized_planner-3] 
[ccr_centralized_planner-3] [INFO] [1729085771.677974961] [ccr_centralized_planner]: Sent plan [35, 50, 51, 53, 39, 55, 56, 57, 5, 1] to robotA
[ccr_fake_execution-2] [INFO] [1729085771.678373166] [ccr_fake_execution]: got plan for robotA: [35, 50, 51, 53, 39, 55, 56, 57, 5, 1]
[ccr_centralized_planner-3] [INFO] [1729085771.705639474] [ccr_centralized_planner]: Received state 35 from robotA
[ccr_centralized_planner-3] [INFO] [1729085772.677038176] [ccr_centralized_planner]: 
[ccr_centralized_planner-3] 
[ccr_centralized_planner-3]  did not replan 
[ccr_centralized_planner-3] 
[ccr_centralized_planner-3] [INFO] [1729085772.677735482] [ccr_centralized_planner]: Sent plan [35, 50, 51, 53, 39, 55, 56, 57, 5, 1] to robotA
[ccr_fake_execution-2] [INFO] [1729085772.678122086] [ccr_fake_execution]: got plan for robotA: [35, 50, 51, 53, 39, 55, 56, 57, 5, 1]
[ccr_centralized_planner-3] [INFO] [1729085772.705422708] [ccr_centralized_planner]: Received state 35 from robotA
[ccr_centralized_planner-3] [INFO] [1729085773.676997139] [ccr_centralized_planner]: 
[ccr_centralized_planner-3] 
[ccr_centralized_planner-3]  did not replan 
[ccr_centralized_planner-3] 
[ccr_centralized_planner-3] [INFO] [1729085773.677825240] [ccr_centralized_planner]: Sent plan [35, 50, 51, 53, 39, 55, 56, 57, 5, 1] to robotA
[ccr_fake_execution-2] [INFO] [1729085773.678035714] [ccr_fake_execution]: got plan for robotA: [35, 50, 51, 53, 39, 55, 56, 57, 5, 1]
[ccr_fake_execution-2] [INFO] [1729085773.705127976] [ccr_fake_execution]: robotA: 35 -> 50
[ccr_centralized_planner-3] [INFO] [1729085773.705960525] [ccr_centralized_planner]: Received state 50 from robotA
[ccr_centralized_planner-3] [INFO] [1729085774.677096194] [ccr_centralized_planner]: 
[ccr_centralized_planner-3] 
[ccr_centralized_planner-3]  did not replan 
[ccr_centralized_planner-3] 
[ccr_centralized_planner-3] [INFO] [1729085774.677825019] [ccr_centralized_planner]: Sent plan [50, 51, 53, 39, 55, 56, 57, 5, 1] to robotA
[ccr_fake_execution-2] [INFO] [1729085774.678223084] [ccr_fake_execution]: got plan for robotA: [50, 51, 53, 39, 55, 56, 57, 5, 1]
[ccr_fake_execution-2] [INFO] [1729085774.705103129] [ccr_fake_execution]: robotA: 50 -> 51
[ccr_centralized_planner-3] [INFO] [1729085774.706069478] [ccr_centralized_planner]: Received state 51 from robotA
[ccr_centralized_planner-3] [INFO] [1729085775.677083470] [ccr_centralized_planner]: 
[ccr_centralized_planner-3] 
[ccr_centralized_planner-3]  did not replan 
[ccr_centralized_planner-3] 
[ccr_centralized_planner-3] [INFO] [1729085775.677796064] [ccr_centralized_planner]: Sent plan [51, 53, 39, 55, 56, 57, 5, 1] to robotA
[ccr_fake_execution-2] [INFO] [1729085775.678001980] [ccr_fake_execution]: got plan for robotA: [51, 53, 39, 55, 56, 57, 5, 1]
[ccr_fake_execution-2] [INFO] [1729085775.705136701] [ccr_fake_execution]: robotA: 51 -> 53
[ccr_centralized_planner-3] [INFO] [1729085775.705972766] [ccr_centralized_planner]: Received state 53 from robotA
[ccr_centralized_planner-3] [INFO] [1729085776.677029038] [ccr_centralized_planner]: 
[ccr_centralized_planner-3] 
[ccr_centralized_planner-3]  did not replan 
[ccr_centralized_planner-3] 
[ccr_centralized_planner-3] [INFO] [1729085776.677718829] [ccr_centralized_planner]: Sent plan [53, 39, 55, 56, 57, 5, 1] to robotA
[ccr_fake_execution-2] [INFO] [1729085776.677907011] [ccr_fake_execution]: got plan for robotA: [53, 39, 55, 56, 57, 5, 1]
[ccr_centralized_planner-3] [INFO] [1729085776.705431212] [ccr_centralized_planner]: Received state 53 from robotA
[ccr_centralized_planner-3] [INFO] [1729085777.676970077] [ccr_centralized_planner]: 
[ccr_centralized_planner-3] 
[ccr_centralized_planner-3]  did not replan 
[ccr_centralized_planner-3] 
[ccr_centralized_planner-3] [INFO] [1729085777.677661081] [ccr_centralized_planner]: Sent plan [53, 39, 55, 56, 57, 5, 1] to robotA
[ccr_fake_execution-2] [INFO] [1729085777.677906029] [ccr_fake_execution]: got plan for robotA: [53, 39, 55, 56, 57, 5, 1]
[ccr_fake_execution-2] [INFO] [1729085777.705137422] [ccr_fake_execution]: robotA: 53 -> 39
[ccr_centralized_planner-3] [INFO] [1729085777.706151000] [ccr_centralized_planner]: Received state 39 from robotA
[ccr_centralized_planner-3] [INFO] [1729085778.676893894] [ccr_centralized_planner]: 
[ccr_centralized_planner-3] 
[ccr_centralized_planner-3]  did not replan 
[ccr_centralized_planner-3] 
[ccr_centralized_planner-3] [INFO] [1729085778.677574839] [ccr_centralized_planner]: Sent plan [39, 55, 56, 57, 5, 1] to robotA
[ccr_fake_execution-2] [INFO] [1729085778.677846768] [ccr_fake_execution]: got plan for robotA: [39, 55, 56, 57, 5, 1]
[ccr_fake_execution-2] [INFO] [1729085778.705087368] [ccr_fake_execution]: robotA: 39 -> 55
[ccr_centralized_planner-3] [INFO] [1729085778.706331607] [ccr_centralized_planner]: Received state 55 from robotA
[ccr_centralized_planner-3] [INFO] [1729085779.676985405] [ccr_centralized_planner]: 
[ccr_centralized_planner-3] 
[ccr_centralized_planner-3]  did not replan 
[ccr_centralized_planner-3] 
[ccr_centralized_planner-3] [INFO] [1729085779.677677270] [ccr_centralized_planner]: Sent plan [55, 56, 57, 5, 1] to robotA
[ccr_fake_execution-2] [INFO] [1729085779.677928360] [ccr_fake_execution]: got plan for robotA: [55, 56, 57, 5, 1]
[ccr_fake_execution-2] [INFO] [1729085779.705088890] [ccr_fake_execution]: robotA: 55 -> 56
[ccr_centralized_planner-3] [INFO] [1729085779.705806764] [ccr_centralized_planner]: Received state 56 from robotA
[ccr_centralized_planner-3] [INFO] [1729085780.676962201] [ccr_centralized_planner]: 
[ccr_centralized_planner-3] 
[ccr_centralized_planner-3]  did not replan 
[ccr_centralized_planner-3] 
[ccr_centralized_planner-3] [INFO] [1729085780.677639710] [ccr_centralized_planner]: Sent plan [56, 57, 5, 1] to robotA
[ccr_fake_execution-2] [INFO] [1729085780.677903053] [ccr_fake_execution]: got plan for robotA: [56, 57, 5, 1]
[ccr_fake_execution-2] [INFO] [1729085780.705119768] [ccr_fake_execution]: robotA: 56 -> 57
[ccr_centralized_planner-3] [INFO] [1729085780.705925667] [ccr_centralized_planner]: Received state 57 from robotA
[ccr_centralized_planner-3] [INFO] [1729085781.676935992] [ccr_centralized_planner]: 
[ccr_centralized_planner-3] 
[ccr_centralized_planner-3]  did not replan 
[ccr_centralized_planner-3] 
[ccr_centralized_planner-3] [INFO] [1729085781.677610525] [ccr_centralized_planner]: Sent plan [57, 5, 1] to robotA
[ccr_fake_execution-2] [INFO] [1729085781.678087718] [ccr_fake_execution]: got plan for robotA: [57, 5, 1]
[ccr_centralized_planner-3] [INFO] [1729085781.705355008] [ccr_centralized_planner]: Received state 57 from robotA
[ccr_centralized_planner-3] [INFO] [1729085782.676947533] [ccr_centralized_planner]: 
[ccr_centralized_planner-3] 
[ccr_centralized_planner-3]  did not replan 
[ccr_centralized_planner-3] 
[ccr_centralized_planner-3] [INFO] [1729085782.677637345] [ccr_centralized_planner]: Sent plan [57, 5, 1] to robotA
[ccr_fake_execution-2] [INFO] [1729085782.677982651] [ccr_fake_execution]: got plan for robotA: [57, 5, 1]
[ccr_centralized_planner-3] [INFO] [1729085782.705324510] [ccr_centralized_planner]: Received state 57 from robotA
[ccr_centralized_planner-3] [INFO] [1729085783.677056707] [ccr_centralized_planner]: 
[ccr_centralized_planner-3] 
[ccr_centralized_planner-3]  did not replan 
[ccr_centralized_planner-3] 
[ccr_centralized_planner-3] [INFO] [1729085783.677806621] [ccr_centralized_planner]: Sent plan [57, 5, 1] to robotA
[ccr_fake_execution-2] [INFO] [1729085783.678139775] [ccr_fake_execution]: got plan for robotA: [57, 5, 1]
[ccr_centralized_planner-3] [INFO] [1729085783.705557235] [ccr_centralized_planner]: Received state 57 from robotA
[ccr_centralized_planner-3] [INFO] [1729085784.677037701] [ccr_centralized_planner]: 
[ccr_centralized_planner-3] 
[ccr_centralized_planner-3]  did not replan 
[ccr_centralized_planner-3] 
[ccr_centralized_planner-3] [INFO] [1729085784.677783647] [ccr_centralized_planner]: Sent plan [57, 5, 1] to robotA
[ccr_fake_execution-2] [INFO] [1729085784.678075323] [ccr_fake_execution]: got plan for robotA: [57, 5, 1]
[ccr_centralized_planner-3] [INFO] [1729085784.705421010] [ccr_centralized_planner]: Received state 57 from robotA
[ccr_centralized_planner-3] [INFO] [1729085785.677001403] [ccr_centralized_planner]: 
[ccr_centralized_planner-3] 
[ccr_centralized_planner-3]  did not replan 
[ccr_centralized_planner-3] 
[ccr_centralized_planner-3] [INFO] [1729085785.677721982] [ccr_centralized_planner]: Sent plan [57, 5, 1] to robotA
[ccr_fake_execution-2] [INFO] [1729085785.678038424] [ccr_fake_execution]: got plan for robotA: [57, 5, 1]
[ccr_fake_execution-2] [INFO] [1729085785.705279124] [ccr_fake_execution]: robotA: 57 -> 5
[ccr_centralized_planner-3] [INFO] [1729085785.706387259] [ccr_centralized_planner]: Received state 5 from robotA
[ccr_centralized_planner-3] [INFO] [1729085786.676912856] [ccr_centralized_planner]: 
[ccr_centralized_planner-3] 
[ccr_centralized_planner-3]  did not replan 
[ccr_centralized_planner-3] 
[ccr_centralized_planner-3] [INFO] [1729085786.677644666] [ccr_centralized_planner]: Sent plan [5, 1] to robotA
[ccr_fake_execution-2] [INFO] [1729085786.677920824] [ccr_fake_execution]: got plan for robotA: [5, 1]
[ccr_centralized_planner-3] [INFO] [1729085786.705360997] [ccr_centralized_planner]: Received state 5 from robotA
[ccr_centralized_planner-3] [INFO] [1729085787.677095719] [ccr_centralized_planner]: 
[ccr_centralized_planner-3] 
[ccr_centralized_planner-3]  did not replan 
[ccr_centralized_planner-3] 
[ccr_centralized_planner-3] [INFO] [1729085787.677855060] [ccr_centralized_planner]: Sent plan [5, 1] to robotA
[ccr_fake_execution-2] [INFO] [1729085787.678164439] [ccr_fake_execution]: got plan for robotA: [5, 1]
[ccr_fake_execution-2] [INFO] [1729085787.705129714] [ccr_fake_execution]: robotA: 5 -> 1
[ccr_centralized_planner-3] [INFO] [1729085787.705973834] [ccr_centralized_planner]: Received state 1 from robotA
[ccr_goal_provider-1] [INFO] [1729085787.706031462] [ccr_goal_provider]: [32mgoal completed:[0m robotA reached goal 1, going to goal 0 within state 9
[ccr_centralized_planner-3] [INFO] [1729085787.782990385] [ccr_centralized_planner]: Received goal 9 from robotA
[ccr_centralized_planner-3] [INFO] [1729085788.676944034] [ccr_centralized_planner]: 
[ccr_centralized_planner-3] 
[ccr_centralized_planner-3]  replaned due to new goal
[ccr_centralized_planner-3] 
[ccr_centralized_planner-3] [INFO] [1729085788.701777137] [ccr_centralized_planner]: Sent plan [1, 44, 45, 56, 55, 39, 53, 51, 32, 35, 10, 9] to robotA
[ccr_fake_execution-2] [INFO] [1729085788.702259319] [ccr_fake_execution]: got plan for robotA: [1, 44, 45, 56, 55, 39, 53, 51, 32, 35, 10, 9]
[ccr_centralized_planner-3] [INFO] [1729085788.705337753] [ccr_centralized_planner]: Received state 1 from robotA
[ccr_centralized_planner-3] [INFO] [1729085789.676952760] [ccr_centralized_planner]: 
[ccr_centralized_planner-3] 
[ccr_centralized_planner-3]  did not replan 
[ccr_centralized_planner-3] 
[ccr_centralized_planner-3] [INFO] [1729085789.677616793] [ccr_centralized_planner]: Sent plan [1, 44, 45, 56, 55, 39, 53, 51, 32, 35, 10, 9] to robotA
[ccr_fake_execution-2] [INFO] [1729085789.678195206] [ccr_fake_execution]: got plan for robotA: [1, 44, 45, 56, 55, 39, 53, 51, 32, 35, 10, 9]
[ccr_centralized_planner-3] [INFO] [1729085789.705373069] [ccr_centralized_planner]: Received state 1 from robotA
[ccr_centralized_planner-3] [INFO] [1729085790.676942881] [ccr_centralized_planner]: 
[ccr_centralized_planner-3] 
[ccr_centralized_planner-3]  did not replan 
[ccr_centralized_planner-3] 
[ccr_centralized_planner-3] [INFO] [1729085790.677688788] [ccr_centralized_planner]: Sent plan [1, 44, 45, 56, 55, 39, 53, 51, 32, 35, 10, 9] to robotA
[ccr_fake_execution-2] [INFO] [1729085790.678111980] [ccr_fake_execution]: got plan for robotA: [1, 44, 45, 56, 55, 39, 53, 51, 32, 35, 10, 9]
[ccr_centralized_planner-3] [INFO] [1729085790.705384440] [ccr_centralized_planner]: Received state 1 from robotA
[ccr_centralized_planner-3] [INFO] [1729085791.676867921] [ccr_centralized_planner]: 
[ccr_centralized_planner-3] 
[ccr_centralized_planner-3]  did not replan 
[ccr_centralized_planner-3] 
[ccr_centralized_planner-3] [INFO] [1729085791.677516776] [ccr_centralized_planner]: Sent plan [1, 44, 45, 56, 55, 39, 53, 51, 32, 35, 10, 9] to robotA
[ccr_fake_execution-2] [INFO] [1729085791.677768116] [ccr_fake_execution]: got plan for robotA: [1, 44, 45, 56, 55, 39, 53, 51, 32, 35, 10, 9]
[ccr_fake_execution-2] [INFO] [1729085791.705168295] [ccr_fake_execution]: robotA: 1 -> 44
[ccr_centralized_planner-3] [INFO] [1729085791.706145564] [ccr_centralized_planner]: Received state 44 from robotA
[ccr_centralized_planner-3] [INFO] [1729085792.676896283] [ccr_centralized_planner]: 
[ccr_centralized_planner-3] 
[ccr_centralized_planner-3]  did not replan 
[ccr_centralized_planner-3] 
[ccr_centralized_planner-3] [INFO] [1729085792.677788213] [ccr_centralized_planner]: Sent plan [44, 45, 56, 55, 39, 53, 51, 32, 35, 10, 9] to robotA
[ccr_fake_execution-2] [INFO] [1729085792.678225452] [ccr_fake_execution]: got plan for robotA: [44, 45, 56, 55, 39, 53, 51, 32, 35, 10, 9]
[ccr_centralized_planner-3] [INFO] [1729085792.705557292] [ccr_centralized_planner]: Received state 44 from robotA
[ccr_centralized_planner-3] [INFO] [1729085793.676922001] [ccr_centralized_planner]: 
[ccr_centralized_planner-3] 
[ccr_centralized_planner-3]  did not replan 
[ccr_centralized_planner-3] 
[ccr_centralized_planner-3] [INFO] [1729085793.677594971] [ccr_centralized_planner]: Sent plan [44, 45, 56, 55, 39, 53, 51, 32, 35, 10, 9] to robotA
[ccr_fake_execution-2] [INFO] [1729085793.678064780] [ccr_fake_execution]: got plan for robotA: [44, 45, 56, 55, 39, 53, 51, 32, 35, 10, 9]
[ccr_centralized_planner-3] [INFO] [1729085793.705352128] [ccr_centralized_planner]: Received state 44 from robotA
[ccr_centralized_planner-3] [INFO] [1729085794.676902384] [ccr_centralized_planner]: 
[ccr_centralized_planner-3] 
[ccr_centralized_planner-3]  did not replan 
[ccr_centralized_planner-3] 
[ccr_centralized_planner-3] [INFO] [1729085794.677560616] [ccr_centralized_planner]: Sent plan [44, 45, 56, 55, 39, 53, 51, 32, 35, 10, 9] to robotA
[ccr_fake_execution-2] [INFO] [1729085794.677893389] [ccr_fake_execution]: got plan for robotA: [44, 45, 56, 55, 39, 53, 51, 32, 35, 10, 9]
[ccr_fake_execution-2] [INFO] [1729085794.705103702] [ccr_fake_execution]: robotA: 44 -> 45
[ccr_centralized_planner-3] [INFO] [1729085794.705978881] [ccr_centralized_planner]: Received state 45 from robotA
[ccr_centralized_planner-3] [INFO] [1729085795.676937309] [ccr_centralized_planner]: 
[ccr_centralized_planner-3] 
[ccr_centralized_planner-3]  did not replan 
[ccr_centralized_planner-3] 
[ccr_centralized_planner-3] [INFO] [1729085795.677705086] [ccr_centralized_planner]: Sent plan [45, 56, 55, 39, 53, 51, 32, 35, 10, 9] to robotA
[ccr_fake_execution-2] [INFO] [1729085795.677929316] [ccr_fake_execution]: got plan for robotA: [45, 56, 55, 39, 53, 51, 32, 35, 10, 9]
[ccr_fake_execution-2] [INFO] [1729085795.705091780] [ccr_fake_execution]: robotA: 45 -> 56
[ccr_centralized_planner-3] [INFO] [1729085795.706007334] [ccr_centralized_planner]: Received state 56 from robotA
[ccr_centralized_planner-3] [INFO] [1729085796.676952187] [ccr_centralized_planner]: 
[ccr_centralized_planner-3] 
[ccr_centralized_planner-3]  did not replan 
[ccr_centralized_planner-3] 
[ccr_centralized_planner-3] [INFO] [1729085796.677780377] [ccr_centralized_planner]: Sent plan [56, 55, 39, 53, 51, 32, 35, 10, 9] to robotA
[ccr_fake_execution-2] [INFO] [1729085796.677937351] [ccr_fake_execution]: got plan for robotA: [56, 55, 39, 53, 51, 32, 35, 10, 9]
[ccr_centralized_planner-3] [INFO] [1729085796.705589481] [ccr_centralized_planner]: Received state 56 from robotA
[ccr_centralized_planner-3] [INFO] [1729085797.676883808] [ccr_centralized_planner]: 
[ccr_centralized_planner-3] 
[ccr_centralized_planner-3]  did not replan 
[ccr_centralized_planner-3] 
[ccr_centralized_planner-3] [INFO] [1729085797.677673557] [ccr_centralized_planner]: Sent plan [56, 55, 39, 53, 51, 32, 35, 10, 9] to robotA
[ccr_fake_execution-2] [INFO] [1729085797.677888289] [ccr_fake_execution]: got plan for robotA: [56, 55, 39, 53, 51, 32, 35, 10, 9]
[ccr_fake_execution-2] [INFO] [1729085797.705103752] [ccr_fake_execution]: robotA: 56 -> 55
[ccr_centralized_planner-3] [INFO] [1729085797.706079929] [ccr_centralized_planner]: Received state 55 from robotA
[ccr_centralized_planner-3] [INFO] [1729085798.676936356] [ccr_centralized_planner]: 
[ccr_centralized_planner-3] 
[ccr_centralized_planner-3]  did not replan 
[ccr_centralized_planner-3] 
[ccr_centralized_planner-3] [INFO] [1729085798.677690909] [ccr_centralized_planner]: Sent plan [55, 39, 53, 51, 32, 35, 10, 9] to robotA
[ccr_fake_execution-2] [INFO] [1729085798.677870395] [ccr_fake_execution]: got plan for robotA: [55, 39, 53, 51, 32, 35, 10, 9]
[ccr_fake_execution-2] [INFO] [1729085798.705103641] [ccr_fake_execution]: robotA: 55 -> 39
[ccr_centralized_planner-3] [INFO] [1729085798.705845340] [ccr_centralized_planner]: Received state 39 from robotA
[ccr_centralized_planner-3] [INFO] [1729085799.676877536] [ccr_centralized_planner]: 
[ccr_centralized_planner-3] 
[ccr_centralized_planner-3]  did not replan 
[ccr_centralized_planner-3] 
[ccr_centralized_planner-3] [INFO] [1729085799.677505802] [ccr_centralized_planner]: Sent plan [39, 53, 51, 32, 35, 10, 9] to robotA
[ccr_fake_execution-2] [INFO] [1729085799.677872929] [ccr_fake_execution]: got plan for robotA: [39, 53, 51, 32, 35, 10, 9]
[ccr_centralized_planner-3] [INFO] [1729085799.705317100] [ccr_centralized_planner]: Received state 39 from robotA
[ccr_centralized_planner-3] [INFO] [1729085800.676889588] [ccr_centralized_planner]: 
[ccr_centralized_planner-3] 
[ccr_centralized_planner-3]  did not replan 
[ccr_centralized_planner-3] 
[ccr_centralized_planner-3] [INFO] [1729085800.677525138] [ccr_centralized_planner]: Sent plan [39, 53, 51, 32, 35, 10, 9] to robotA
[ccr_fake_execution-2] [INFO] [1729085800.677850868] [ccr_fake_execution]: got plan for robotA: [39, 53, 51, 32, 35, 10, 9]
[ccr_centralized_planner-3] [INFO] [1729085800.705332519] [ccr_centralized_planner]: Received state 39 from robotA
[ccr_centralized_planner-3] [INFO] [1729085801.676946775] [ccr_centralized_planner]: 
[ccr_centralized_planner-3] 
[ccr_centralized_planner-3]  did not replan 
[ccr_centralized_planner-3] 
[ccr_centralized_planner-3] [INFO] [1729085801.677620185] [ccr_centralized_planner]: Sent plan [39, 53, 51, 32, 35, 10, 9] to robotA
[ccr_fake_execution-2] [INFO] [1729085801.677959731] [ccr_fake_execution]: got plan for robotA: [39, 53, 51, 32, 35, 10, 9]
[ccr_centralized_planner-3] [INFO] [1729085801.705607042] [ccr_centralized_planner]: Received state 39 from robotA
[ccr_centralized_planner-3] [INFO] [1729085802.677002388] [ccr_centralized_planner]: 
[ccr_centralized_planner-3] 
[ccr_centralized_planner-3]  did not replan 
[ccr_centralized_planner-3] 
[ccr_centralized_planner-3] [INFO] [1729085802.677708770] [ccr_centralized_planner]: Sent plan [39, 53, 51, 32, 35, 10, 9] to robotA
[ccr_fake_execution-2] [INFO] [1729085802.678013832] [ccr_fake_execution]: got plan for robotA: [39, 53, 51, 32, 35, 10, 9]
[ccr_fake_execution-2] [INFO] [1729085802.705090515] [ccr_fake_execution]: robotA: 39 -> 53
[ccr_centralized_planner-3] [INFO] [1729085802.705852852] [ccr_centralized_planner]: Received state 53 from robotA
[ccr_centralized_planner-3] [INFO] [1729085803.677082037] [ccr_centralized_planner]: 
[ccr_centralized_planner-3] 
[ccr_centralized_planner-3]  did not replan 
[ccr_centralized_planner-3] 
[ccr_centralized_planner-3] [INFO] [1729085803.677881584] [ccr_centralized_planner]: Sent plan [53, 51, 32, 35, 10, 9] to robotA
[ccr_fake_execution-2] [INFO] [1729085803.678105834] [ccr_fake_execution]: got plan for robotA: [53, 51, 32, 35, 10, 9]
[ccr_fake_execution-2] [INFO] [1729085803.705093450] [ccr_fake_execution]: robotA: 53 -> 51
[ccr_centralized_planner-3] [INFO] [1729085803.705999456] [ccr_centralized_planner]: Received state 51 from robotA
[ccr_centralized_planner-3] [INFO] [1729085804.677014340] [ccr_centralized_planner]: 
[ccr_centralized_planner-3] 
[ccr_centralized_planner-3]  did not replan 
[ccr_centralized_planner-3] 
[ccr_centralized_planner-3] [INFO] [1729085804.677730731] [ccr_centralized_planner]: Sent plan [51, 32, 35, 10, 9] to robotA
[ccr_fake_execution-2] [INFO] [1729085804.678070387] [ccr_fake_execution]: got plan for robotA: [51, 32, 35, 10, 9]
[ccr_fake_execution-2] [INFO] [1729085804.705091756] [ccr_fake_execution]: robotA: 51 -> 32
[ccr_centralized_planner-3] [INFO] [1729085804.705894589] [ccr_centralized_planner]: Received state 32 from robotA
[ccr_centralized_planner-3] [INFO] [1729085805.677024689] [ccr_centralized_planner]: 
[ccr_centralized_planner-3] 
[ccr_centralized_planner-3]  did not replan 
[ccr_centralized_planner-3] 
[ccr_centralized_planner-3] [INFO] [1729085805.677733095] [ccr_centralized_planner]: Sent plan [32, 35, 10, 9] to robotA
[ccr_fake_execution-2] [INFO] [1729085805.678102146] [ccr_fake_execution]: got plan for robotA: [32, 35, 10, 9]
[ccr_fake_execution-2] [INFO] [1729085805.705092397] [ccr_fake_execution]: robotA: 32 -> 35
[ccr_centralized_planner-3] [INFO] [1729085805.706047736] [ccr_centralized_planner]: Received state 35 from robotA
[ccr_centralized_planner-3] [INFO] [1729085806.677044606] [ccr_centralized_planner]: 
[ccr_centralized_planner-3] 
[ccr_centralized_planner-3]  did not replan 
[ccr_centralized_planner-3] 
[ccr_centralized_planner-3] [INFO] [1729085806.677746099] [ccr_centralized_planner]: Sent plan [35, 10, 9] to robotA
[ccr_fake_execution-2] [INFO] [1729085806.678124958] [ccr_fake_execution]: got plan for robotA: [35, 10, 9]
[ccr_centralized_planner-3] [INFO] [1729085806.705506693] [ccr_centralized_planner]: Received state 35 from robotA
[ccr_centralized_planner-3] [INFO] [1729085807.677303430] [ccr_centralized_planner]: 
[ccr_centralized_planner-3] 
[ccr_centralized_planner-3]  did not replan 
[ccr_centralized_planner-3] 
[ccr_centralized_planner-3] [INFO] [1729085807.678264409] [ccr_centralized_planner]: Sent plan [35, 10, 9] to robotA
[ccr_fake_execution-2] [INFO] [1729085807.678454675] [ccr_fake_execution]: got plan for robotA: [35, 10, 9]
[ccr_centralized_planner-3] [INFO] [1729085807.705464353] [ccr_centralized_planner]: Received state 35 from robotA
[ccr_centralized_planner-3] [INFO] [1729085808.677109086] [ccr_centralized_planner]: 
[ccr_centralized_planner-3] 
[ccr_centralized_planner-3]  did not replan 
[ccr_centralized_planner-3] 
[ccr_centralized_planner-3] [INFO] [1729085808.677860723] [ccr_centralized_planner]: Sent plan [35, 10, 9] to robotA
[ccr_fake_execution-2] [INFO] [1729085808.678174981] [ccr_fake_execution]: got plan for robotA: [35, 10, 9]
[ccr_centralized_planner-3] [INFO] [1729085808.705550364] [ccr_centralized_planner]: Received state 35 from robotA
[ccr_centralized_planner-3] [INFO] [1729085809.677086944] [ccr_centralized_planner]: 
[ccr_centralized_planner-3] 
[ccr_centralized_planner-3]  did not replan 
[ccr_centralized_planner-3] 
[ccr_centralized_planner-3] [INFO] [1729085809.677799348] [ccr_centralized_planner]: Sent plan [35, 10, 9] to robotA
[ccr_fake_execution-2] [INFO] [1729085809.678162778] [ccr_fake_execution]: got plan for robotA: [35, 10, 9]
[ccr_centralized_planner-3] [INFO] [1729085809.705558638] [ccr_centralized_planner]: Received state 35 from robotA
[ccr_centralized_planner-3] [INFO] [1729085810.676950618] [ccr_centralized_planner]: 
[ccr_centralized_planner-3] 
[ccr_centralized_planner-3]  did not replan 
[ccr_centralized_planner-3] 
[ccr_centralized_planner-3] [INFO] [1729085810.677633106] [ccr_centralized_planner]: Sent plan [35, 10, 9] to robotA
[ccr_fake_execution-2] [INFO] [1729085810.678008439] [ccr_fake_execution]: got plan for robotA: [35, 10, 9]
[ccr_fake_execution-2] [INFO] [1729085810.705110108] [ccr_fake_execution]: robotA: 35 -> 10
[ccr_centralized_planner-3] [INFO] [1729085810.705864962] [ccr_centralized_planner]: Received state 10 from robotA
[ccr_centralized_planner-3] [INFO] [1729085811.676964514] [ccr_centralized_planner]: 
[ccr_centralized_planner-3] 
[ccr_centralized_planner-3]  did not replan 
[ccr_centralized_planner-3] 
[ccr_centralized_planner-3] [INFO] [1729085811.677633366] [ccr_centralized_planner]: Sent plan [10, 9] to robotA
[ccr_fake_execution-2] [INFO] [1729085811.678004010] [ccr_fake_execution]: got plan for robotA: [10, 9]
[ccr_centralized_planner-3] [INFO] [1729085811.705400662] [ccr_centralized_planner]: Received state 10 from robotA
[ccr_centralized_planner-3] [INFO] [1729085812.676943835] [ccr_centralized_planner]: 
[ccr_centralized_planner-3] 
[ccr_centralized_planner-3]  did not replan 
[ccr_centralized_planner-3] 
[ccr_centralized_planner-3] [INFO] [1729085812.677642383] [ccr_centralized_planner]: Sent plan [10, 9] to robotA
[ccr_fake_execution-2] [INFO] [1729085812.677978833] [ccr_fake_execution]: got plan for robotA: [10, 9]
[ccr_fake_execution-2] [INFO] [1729085812.705105980] [ccr_fake_execution]: robotA: 10 -> 9
[ccr_centralized_planner-3] [INFO] [1729085812.705868427] [ccr_centralized_planner]: Received state 9 from robotA
[ccr_goal_provider-1] [INFO] [1729085812.706083250] [ccr_goal_provider]: [32mgoal completed:[0m robotA reached goal 9, going to goal 1 within state 1
[ccr_centralized_planner-3] [INFO] [1729085812.782987289] [ccr_centralized_planner]: Received goal 1 from robotA
[ccr_centralized_planner-3] [INFO] [1729085813.676879814] [ccr_centralized_planner]: 
[ccr_centralized_planner-3] 
[ccr_centralized_planner-3]  replaned due to new goal
[ccr_centralized_planner-3] 
[ccr_centralized_planner-3] [INFO] [1729085813.698120251] [ccr_centralized_planner]: Sent plan [9, 11, 35, 50, 51, 53, 39, 55, 56, 57, 5, 1] to robotA
[ccr_fake_execution-2] [INFO] [1729085813.698772692] [ccr_fake_execution]: got plan for robotA: [9, 11, 35, 50, 51, 53, 39, 55, 56, 57, 5, 1]
[ccr_fake_execution-2] [INFO] [1729085813.705095510] [ccr_fake_execution]: robotA: 9 -> 11
[ccr_centralized_planner-3] [INFO] [1729085813.706022005] [ccr_centralized_planner]: Received state 11 from robotA
[ccr_centralized_planner-3] [INFO] [1729085814.676957059] [ccr_centralized_planner]: 
[ccr_centralized_planner-3] 
[ccr_centralized_planner-3]  did not replan 
[ccr_centralized_planner-3] 
[ccr_centralized_planner-3] [INFO] [1729085814.677657220] [ccr_centralized_planner]: Sent plan [11, 35, 50, 51, 53, 39, 55, 56, 57, 5, 1] to robotA
[ccr_fake_execution-2] [INFO] [1729085814.678184076] [ccr_fake_execution]: got plan for robotA: [11, 35, 50, 51, 53, 39, 55, 56, 57, 5, 1]
[ccr_fake_execution-2] [INFO] [1729085814.705133581] [ccr_fake_execution]: robotA: 11 -> 35
[ccr_centralized_planner-3] [INFO] [1729085814.705870591] [ccr_centralized_planner]: Received state 35 from robotA
[ccr_centralized_planner-3] [INFO] [1729085815.676950666] [ccr_centralized_planner]: 
[ccr_centralized_planner-3] 
[ccr_centralized_planner-3]  did not replan 
[ccr_centralized_planner-3] 
[ccr_centralized_planner-3] [INFO] [1729085815.677707674] [ccr_centralized_planner]: Sent plan [35, 50, 51, 53, 39, 55, 56, 57, 5, 1] to robotA
[ccr_fake_execution-2] [INFO] [1729085815.678117291] [ccr_fake_execution]: got plan for robotA: [35, 50, 51, 53, 39, 55, 56, 57, 5, 1]
[ccr_centralized_planner-3] [INFO] [1729085815.705415408] [ccr_centralized_planner]: Received state 35 from robotA
[ccr_centralized_planner-3] [INFO] [1729085816.676948402] [ccr_centralized_planner]: 
[ccr_centralized_planner-3] 
[ccr_centralized_planner-3]  did not replan 
[ccr_centralized_planner-3] 
[ccr_centralized_planner-3] [INFO] [1729085816.677623877] [ccr_centralized_planner]: Sent plan [35, 50, 51, 53, 39, 55, 56, 57, 5, 1] to robotA
[ccr_fake_execution-2] [INFO] [1729085816.678097453] [ccr_fake_execution]: got plan for robotA: [35, 50, 51, 53, 39, 55, 56, 57, 5, 1]
[ccr_centralized_planner-3] [INFO] [1729085816.705841345] [ccr_centralized_planner]: Received state 35 from robotA
[ccr_centralized_planner-3] [INFO] [1729085817.676929707] [ccr_centralized_planner]: 
[ccr_centralized_planner-3] 
[ccr_centralized_planner-3]  did not replan 
[ccr_centralized_planner-3] 
[ccr_centralized_planner-3] [INFO] [1729085817.677623035] [ccr_centralized_planner]: Sent plan [35, 50, 51, 53, 39, 55, 56, 57, 5, 1] to robotA
[ccr_fake_execution-2] [INFO] [1729085817.678004058] [ccr_fake_execution]: got plan for robotA: [35, 50, 51, 53, 39, 55, 56, 57, 5, 1]
[ccr_fake_execution-2] [INFO] [1729085817.705126888] [ccr_fake_execution]: robotA: 35 -> 50
[ccr_centralized_planner-3] [INFO] [1729085817.705883634] [ccr_centralized_planner]: Received state 50 from robotA
[ccr_centralized_planner-3] [INFO] [1729085818.676928104] [ccr_centralized_planner]: 
[ccr_centralized_planner-3] 
[ccr_centralized_planner-3]  did not replan 
[ccr_centralized_planner-3] 
[ccr_centralized_planner-3] [INFO] [1729085818.677603708] [ccr_centralized_planner]: Sent plan [50, 51, 53, 39, 55, 56, 57, 5, 1] to robotA
[ccr_fake_execution-2] [INFO] [1729085818.678009668] [ccr_fake_execution]: got plan for robotA: [50, 51, 53, 39, 55, 56, 57, 5, 1]
[ccr_fake_execution-2] [INFO] [1729085818.705167162] [ccr_fake_execution]: robotA: 50 -> 51
[ccr_centralized_planner-3] [INFO] [1729085818.705946191] [ccr_centralized_planner]: Received state 51 from robotA
[ccr_centralized_planner-3] [INFO] [1729085819.676921340] [ccr_centralized_planner]: 
[ccr_centralized_planner-3] 
[ccr_centralized_planner-3]  did not replan 
[ccr_centralized_planner-3] 
[ccr_centralized_planner-3] [INFO] [1729085819.677637601] [ccr_centralized_planner]: Sent plan [51, 53, 39, 55, 56, 57, 5, 1] to robotA
[ccr_fake_execution-2] [INFO] [1729085819.677986114] [ccr_fake_execution]: got plan for robotA: [51, 53, 39, 55, 56, 57, 5, 1]
[ccr_fake_execution-2] [INFO] [1729085819.705141544] [ccr_fake_execution]: robotA: 51 -> 53
[ccr_centralized_planner-3] [INFO] [1729085819.705869577] [ccr_centralized_planner]: Received state 53 from robotA
[ccr_centralized_planner-3] [INFO] [1729085820.676936318] [ccr_centralized_planner]: 
[ccr_centralized_planner-3] 
[ccr_centralized_planner-3]  did not replan 
[ccr_centralized_planner-3] 
[ccr_centralized_planner-3] [INFO] [1729085820.677604559] [ccr_centralized_planner]: Sent plan [53, 39, 55, 56, 57, 5, 1] to robotA
[ccr_fake_execution-2] [INFO] [1729085820.678005219] [ccr_fake_execution]: got plan for robotA: [53, 39, 55, 56, 57, 5, 1]
[ccr_centralized_planner-3] [INFO] [1729085820.705382395] [ccr_centralized_planner]: Received state 53 from robotA
[ccr_centralized_planner-3] [INFO] [1729085821.676942188] [ccr_centralized_planner]: 
[ccr_centralized_planner-3] 
[ccr_centralized_planner-3]  did not replan 
[ccr_centralized_planner-3] 
[ccr_centralized_planner-3] [INFO] [1729085821.677602966] [ccr_centralized_planner]: Sent plan [53, 39, 55, 56, 57, 5, 1] to robotA
[ccr_fake_execution-2] [INFO] [1729085821.677988447] [ccr_fake_execution]: got plan for robotA: [53, 39, 55, 56, 57, 5, 1]
[ccr_fake_execution-2] [INFO] [1729085821.705122888] [ccr_fake_execution]: robotA: 53 -> 39
[ccr_centralized_planner-3] [INFO] [1729085821.705893872] [ccr_centralized_planner]: Received state 39 from robotA
[ccr_centralized_planner-3] [INFO] [1729085822.676919265] [ccr_centralized_planner]: 
[ccr_centralized_planner-3] 
[ccr_centralized_planner-3]  did not replan 
[ccr_centralized_planner-3] 
[ccr_centralized_planner-3] [INFO] [1729085822.677669500] [ccr_centralized_planner]: Sent plan [39, 55, 56, 57, 5, 1] to robotA
[ccr_fake_execution-2] [INFO] [1729085822.677956958] [ccr_fake_execution]: got plan for robotA: [39, 55, 56, 57, 5, 1]
[ccr_centralized_planner-3] [INFO] [1729085822.705375731] [ccr_centralized_planner]: Received state 39 from robotA
[ccr_centralized_planner-3] [INFO] [1729085823.676937309] [ccr_centralized_planner]: 
[ccr_centralized_planner-3] 
[ccr_centralized_planner-3]  did not replan 
[ccr_centralized_planner-3] 
[ccr_centralized_planner-3] [INFO] [1729085823.677656976] [ccr_centralized_planner]: Sent plan [39, 55, 56, 57, 5, 1] to robotA
[ccr_fake_execution-2] [INFO] [1729085823.677975222] [ccr_fake_execution]: got plan for robotA: [39, 55, 56, 57, 5, 1]
[ccr_fake_execution-2] [INFO] [1729085823.705105174] [ccr_fake_execution]: robotA: 39 -> 55
[ccr_centralized_planner-3] [INFO] [1729085823.705863444] [ccr_centralized_planner]: Received state 55 from robotA
[ccr_centralized_planner-3] [INFO] [1729085824.676923382] [ccr_centralized_planner]: 
[ccr_centralized_planner-3] 
[ccr_centralized_planner-3]  did not replan 
[ccr_centralized_planner-3] 
[ccr_centralized_planner-3] [INFO] [1729085824.677589900] [ccr_centralized_planner]: Sent plan [55, 56, 57, 5, 1] to robotA
[ccr_fake_execution-2] [INFO] [1729085824.677969761] [ccr_fake_execution]: got plan for robotA: [55, 56, 57, 5, 1]
[ccr_fake_execution-2] [INFO] [1729085824.705125132] [ccr_fake_execution]: robotA: 55 -> 56
[ccr_centralized_planner-3] [INFO] [1729085824.705854657] [ccr_centralized_planner]: Received state 56 from robotA
[ccr_centralized_planner-3] [INFO] [1729085825.676924654] [ccr_centralized_planner]: 
[ccr_centralized_planner-3] 
[ccr_centralized_planner-3]  did not replan 
[ccr_centralized_planner-3] 
[ccr_centralized_planner-3] [INFO] [1729085825.677588968] [ccr_centralized_planner]: Sent plan [56, 57, 5, 1] to robotA
[ccr_fake_execution-2] [INFO] [1729085825.677966956] [ccr_fake_execution]: got plan for robotA: [56, 57, 5, 1]
[ccr_fake_execution-2] [INFO] [1729085825.705119320] [ccr_fake_execution]: robotA: 56 -> 57
[ccr_centralized_planner-3] [INFO] [1729085825.706136294] [ccr_centralized_planner]: Received state 57 from robotA
[ccr_centralized_planner-3] [INFO] [1729085826.676971491] [ccr_centralized_planner]: 
[ccr_centralized_planner-3] 
[ccr_centralized_planner-3]  did not replan 
[ccr_centralized_planner-3] 
[ccr_centralized_planner-3] [INFO] [1729085826.677752995] [ccr_centralized_planner]: Sent plan [57, 5, 1] to robotA
[ccr_fake_execution-2] [INFO] [1729085826.678000318] [ccr_fake_execution]: got plan for robotA: [57, 5, 1]
[ccr_fake_execution-2] [INFO] [1729085826.705004155] [ccr_fake_execution]: robotA: 57 -> 5
[ccr_centralized_planner-3] [INFO] [1729085826.705996542] [ccr_centralized_planner]: Received state 5 from robotA
[ccr_centralized_planner-3] [INFO] [1729085827.676943339] [ccr_centralized_planner]: 
[ccr_centralized_planner-3] 
[ccr_centralized_planner-3]  did not replan 
[ccr_centralized_planner-3] 
[ccr_centralized_planner-3] [INFO] [1729085827.677683665] [ccr_centralized_planner]: Sent plan [5, 1] to robotA
[ccr_fake_execution-2] [INFO] [1729085827.677961204] [ccr_fake_execution]: got plan for robotA: [5, 1]
[ccr_centralized_planner-3] [INFO] [1729085827.705482229] [ccr_centralized_planner]: Received state 5 from robotA
[ccr_centralized_planner-3] [INFO] [1729085828.676967383] [ccr_centralized_planner]: 
[ccr_centralized_planner-3] 
[ccr_centralized_planner-3]  did not replan 
[ccr_centralized_planner-3] 
[ccr_centralized_planner-3] [INFO] [1729085828.677743606] [ccr_centralized_planner]: Sent plan [5, 1] to robotA
[ccr_fake_execution-2] [INFO] [1729085828.678012940] [ccr_fake_execution]: got plan for robotA: [5, 1]
[ccr_centralized_planner-3] [INFO] [1729085828.705409111] [ccr_centralized_planner]: Received state 5 from robotA
[ccr_centralized_planner-3] [INFO] [1729085829.676931866] [ccr_centralized_planner]: 
[ccr_centralized_planner-3] 
[ccr_centralized_planner-3]  did not replan 
[ccr_centralized_planner-3] 
[ccr_centralized_planner-3] [INFO] [1729085829.677772570] [ccr_centralized_planner]: Sent plan [5, 1] to robotA
[ccr_fake_execution-2] [INFO] [1729085829.678028559] [ccr_fake_execution]: got plan for robotA: [5, 1]
[ccr_centralized_planner-3] [INFO] [1729085829.705470717] [ccr_centralized_planner]: Received state 5 from robotA
[ccr_centralized_planner-3] [INFO] [1729085830.676917990] [ccr_centralized_planner]: 
[ccr_centralized_planner-3] 
[ccr_centralized_planner-3]  did not replan 
[ccr_centralized_planner-3] 
[ccr_centralized_planner-3] [INFO] [1729085830.677772550] [ccr_centralized_planner]: Sent plan [5, 1] to robotA
[ccr_fake_execution-2] [INFO] [1729085830.677949601] [ccr_fake_execution]: got plan for robotA: [5, 1]
[ccr_fake_execution-2] [INFO] [1729085830.705187085] [ccr_fake_execution]: robotA: 5 -> 1
[ccr_goal_provider-1] [INFO] [1729085830.706133828] [ccr_goal_provider]: [32mgoal completed:[0m robotA reached goal 1, going to goal 0 within state 9
[ccr_centralized_planner-3] [INFO] [1729085830.706138887] [ccr_centralized_planner]: Received state 1 from robotA
[ccr_centralized_planner-3] [INFO] [1729085830.783221892] [ccr_centralized_planner]: Received goal 9 from robotA
[ccr_centralized_planner-3] [INFO] [1729085831.676946402] [ccr_centralized_planner]: 
[ccr_centralized_planner-3] 
[ccr_centralized_planner-3]  replaned due to new goal
[ccr_centralized_planner-3] 
[ccr_centralized_planner-3] [INFO] [1729085831.698825625] [ccr_centralized_planner]: Sent plan [1, 44, 45, 56, 55, 39, 53, 51, 32, 35, 10, 9] to robotA
[ccr_fake_execution-2] [INFO] [1729085831.699395221] [ccr_fake_execution]: got plan for robotA: [1, 44, 45, 56, 55, 39, 53, 51, 32, 35, 10, 9]
[ccr_centralized_planner-3] [INFO] [1729085831.705087318] [ccr_centralized_planner]: Received state 1 from robotA
[ccr_centralized_planner-3] [INFO] [1729085832.676905746] [ccr_centralized_planner]: 
[ccr_centralized_planner-3] 
[ccr_centralized_planner-3]  did not replan 
[ccr_centralized_planner-3] 
[ccr_centralized_planner-3] [INFO] [1729085832.677791765] [ccr_centralized_planner]: Sent plan [1, 44, 45, 56, 55, 39, 53, 51, 32, 35, 10, 9] to robotA
[ccr_fake_execution-2] [INFO] [1729085832.677901150] [ccr_fake_execution]: got plan for robotA: [1, 44, 45, 56, 55, 39, 53, 51, 32, 35, 10, 9]
[ccr_centralized_planner-3] [INFO] [1729085832.705583597] [ccr_centralized_planner]: Received state 1 from robotA
[ccr_centralized_planner-3] [INFO] [1729085833.676930933] [ccr_centralized_planner]: 
[ccr_centralized_planner-3] 
[ccr_centralized_planner-3]  did not replan 
[ccr_centralized_planner-3] 
[ccr_centralized_planner-3] [INFO] [1729085833.677830377] [ccr_centralized_planner]: Sent plan [1, 44, 45, 56, 55, 39, 53, 51, 32, 35, 10, 9] to robotA
[ccr_fake_execution-2] [INFO] [1729085833.677951353] [ccr_fake_execution]: got plan for robotA: [1, 44, 45, 56, 55, 39, 53, 51, 32, 35, 10, 9]
[ccr_centralized_planner-3] [INFO] [1729085833.705588977] [ccr_centralized_planner]: Received state 1 from robotA
[ccr_centralized_planner-3] [INFO] [1729085834.676917357] [ccr_centralized_planner]: 
[ccr_centralized_planner-3] 
[ccr_centralized_planner-3]  did not replan 
[ccr_centralized_planner-3] 
[ccr_centralized_planner-3] [INFO] [1729085834.677619181] [ccr_centralized_planner]: Sent plan [1, 44, 45, 56, 55, 39, 53, 51, 32, 35, 10, 9] to robotA
[ccr_fake_execution-2] [INFO] [1729085834.678179871] [ccr_fake_execution]: got plan for robotA: [1, 44, 45, 56, 55, 39, 53, 51, 32, 35, 10, 9]
[ccr_centralized_planner-3] [INFO] [1729085834.705437583] [ccr_centralized_planner]: Received state 1 from robotA
[ccr_centralized_planner-3] [INFO] [1729085835.676918419] [ccr_centralized_planner]: 
[ccr_centralized_planner-3] 
[ccr_centralized_planner-3]  did not replan 
[ccr_centralized_planner-3] 
[ccr_centralized_planner-3] [INFO] [1729085835.677611947] [ccr_centralized_planner]: Sent plan [1, 44, 45, 56, 55, 39, 53, 51, 32, 35, 10, 9] to robotA
[ccr_fake_execution-2] [INFO] [1729085835.678250874] [ccr_fake_execution]: got plan for robotA: [1, 44, 45, 56, 55, 39, 53, 51, 32, 35, 10, 9]
[ccr_fake_execution-2] [INFO] [1729085835.705206700] [ccr_fake_execution]: robotA: 1 -> 44
[ccr_centralized_planner-3] [INFO] [1729085835.705826551] [ccr_centralized_planner]: Received state 44 from robotA
[ccr_centralized_planner-3] [INFO] [1729085836.676912648] [ccr_centralized_planner]: 
[ccr_centralized_planner-3] 
[ccr_centralized_planner-3]  did not replan 
[ccr_centralized_planner-3] 
[ccr_centralized_planner-3] [INFO] [1729085836.677579336] [ccr_centralized_planner]: Sent plan [44, 45, 56, 55, 39, 53, 51, 32, 35, 10, 9] to robotA
[ccr_fake_execution-2] [INFO] [1729085836.678170513] [ccr_fake_execution]: got plan for robotA: [44, 45, 56, 55, 39, 53, 51, 32, 35, 10, 9]
[ccr_fake_execution-2] [INFO] [1729085836.705110379] [ccr_fake_execution]: robotA: 44 -> 45
[ccr_centralized_planner-3] [INFO] [1729085836.706140107] [ccr_centralized_planner]: Received state 45 from robotA
[ccr_centralized_planner-3] [INFO] [1729085837.676925772] [ccr_centralized_planner]: 
[ccr_centralized_planner-3] 
[ccr_centralized_planner-3]  did not replan 
[ccr_centralized_planner-3] 
[ccr_centralized_planner-3] [INFO] [1729085837.677678050] [ccr_centralized_planner]: Sent plan [45, 56, 55, 39, 53, 51, 32, 35, 10, 9] to robotA
[ccr_fake_execution-2] [INFO] [1729085837.677947114] [ccr_fake_execution]: got plan for robotA: [45, 56, 55, 39, 53, 51, 32, 35, 10, 9]
[ccr_centralized_planner-3] [INFO] [1729085837.705414859] [ccr_centralized_planner]: Received state 45 from robotA
[ccr_centralized_planner-3] [INFO] [1729085838.676920632] [ccr_centralized_planner]: 
[ccr_centralized_planner-3] 
[ccr_centralized_planner-3]  did not replan 
[ccr_centralized_planner-3] 
[ccr_centralized_planner-3] [INFO] [1729085838.677631973] [ccr_centralized_planner]: Sent plan [45, 56, 55, 39, 53, 51, 32, 35, 10, 9] to robotA
[ccr_fake_execution-2] [INFO] [1729085838.677929561] [ccr_fake_execution]: got plan for robotA: [45, 56, 55, 39, 53, 51, 32, 35, 10, 9]
[ccr_centralized_planner-3] [INFO] [1729085838.705437110] [ccr_centralized_planner]: Received state 45 from robotA
[ccr_centralized_planner-3] [INFO] [1729085839.676902457] [ccr_centralized_planner]: 
[ccr_centralized_planner-3] 
[ccr_centralized_planner-3]  did not replan 
[ccr_centralized_planner-3] 
[ccr_centralized_planner-3] [INFO] [1729085839.677670766] [ccr_centralized_planner]: Sent plan [45, 56, 55, 39, 53, 51, 32, 35, 10, 9] to robotA
[ccr_fake_execution-2] [INFO] [1729085839.677884436] [ccr_fake_execution]: got plan for robotA: [45, 56, 55, 39, 53, 51, 32, 35, 10, 9]
[ccr_fake_execution-2] [INFO] [1729085839.705120387] [ccr_fake_execution]: robotA: 45 -> 56
[ccr_centralized_planner-3] [INFO] [1729085839.705887914] [ccr_centralized_planner]: Received state 56 from robotA
[ccr_centralized_planner-3] [INFO] [1729085840.676926462] [ccr_centralized_planner]: 
[ccr_centralized_planner-3] 
[ccr_centralized_planner-3]  did not replan 
[ccr_centralized_planner-3] 
[ccr_centralized_planner-3] [INFO] [1729085840.677600353] [ccr_centralized_planner]: Sent plan [56, 55, 39, 53, 51, 32, 35, 10, 9] to robotA
[ccr_fake_execution-2] [INFO] [1729085840.677935571] [ccr_fake_execution]: got plan for robotA: [56, 55, 39, 53, 51, 32, 35, 10, 9]
[ccr_centralized_planner-3] [INFO] [1729085840.705337694] [ccr_centralized_planner]: Received state 56 from robotA
[ccr_centralized_planner-3] [INFO] [1729085841.676919188] [ccr_centralized_planner]: 
[ccr_centralized_planner-3] 
[ccr_centralized_planner-3]  did not replan 
[ccr_centralized_planner-3] 
[ccr_centralized_planner-3] [INFO] [1729085841.677668250] [ccr_centralized_planner]: Sent plan [56, 55, 39, 53, 51, 32, 35, 10, 9] to robotA
[ccr_fake_execution-2] [INFO] [1729085841.677920653] [ccr_fake_execution]: got plan for robotA: [56, 55, 39, 53, 51, 32, 35, 10, 9]
[ccr_centralized_planner-3] [INFO] [1729085841.705420468] [ccr_centralized_planner]: Received state 56 from robotA
[ccr_centralized_planner-3] [INFO] [1729085842.677071633] [ccr_centralized_planner]: 
[ccr_centralized_planner-3] 
[ccr_centralized_planner-3]  did not replan 
[ccr_centralized_planner-3] 
[ccr_centralized_planner-3] [INFO] [1729085842.677769860] [ccr_centralized_planner]: Sent plan [56, 55, 39, 53, 51, 32, 35, 10, 9] to robotA
[ccr_fake_execution-2] [INFO] [1729085842.678121579] [ccr_fake_execution]: got plan for robotA: [56, 55, 39, 53, 51, 32, 35, 10, 9]
[ccr_fake_execution-2] [INFO] [1729085842.705107121] [ccr_fake_execution]: robotA: 56 -> 55
[ccr_centralized_planner-3] [INFO] [1729085842.705972111] [ccr_centralized_planner]: Received state 55 from robotA
[ccr_centralized_planner-3] [INFO] [1729085843.677018533] [ccr_centralized_planner]: 
[ccr_centralized_planner-3] 
[ccr_centralized_planner-3]  did not replan 
[ccr_centralized_planner-3] 
[ccr_centralized_planner-3] [INFO] [1729085843.677728913] [ccr_centralized_planner]: Sent plan [55, 39, 53, 51, 32, 35, 10, 9] to robotA
[ccr_fake_execution-2] [INFO] [1729085843.678101130] [ccr_fake_execution]: got plan for robotA: [55, 39, 53, 51, 32, 35, 10, 9]
[ccr_centralized_planner-3] [INFO] [1729085843.705473507] [ccr_centralized_planner]: Received state 55 from robotA
[ccr_centralized_planner-3] [INFO] [1729085844.677023973] [ccr_centralized_planner]: 
[ccr_centralized_planner-3] 
[ccr_centralized_planner-3]  did not replan 
[ccr_centralized_planner-3] 
[ccr_centralized_planner-3] [INFO] [1729085844.677770601] [ccr_centralized_planner]: Sent plan [55, 39, 53, 51, 32, 35, 10, 9] to robotA
[ccr_fake_execution-2] [INFO] [1729085844.678043662] [ccr_fake_execution]: got plan for robotA: [55, 39, 53, 51, 32, 35, 10, 9]
[ccr_centralized_planner-3] [INFO] [1729085844.705463167] [ccr_centralized_planner]: Received state 55 from robotA
[ccr_centralized_planner-3] [INFO] [1729085845.677032329] [ccr_centralized_planner]: 
[ccr_centralized_planner-3] 
[ccr_centralized_planner-3]  did not replan 
[ccr_centralized_planner-3] 
[ccr_centralized_planner-3] [INFO] [1729085845.677749922] [ccr_centralized_planner]: Sent plan [55, 39, 53, 51, 32, 35, 10, 9] to robotA
[ccr_fake_execution-2] [INFO] [1729085845.678128952] [ccr_fake_execution]: got plan for robotA: [55, 39, 53, 51, 32, 35, 10, 9]
[ccr_centralized_planner-3] [INFO] [1729085845.705565428] [ccr_centralized_planner]: Received state 55 from robotA
[ccr_centralized_planner-3] [INFO] [1729085846.676999336] [ccr_centralized_planner]: 
[ccr_centralized_planner-3] 
[ccr_centralized_planner-3]  did not replan 
[ccr_centralized_planner-3] 
[ccr_centralized_planner-3] [INFO] [1729085846.677756023] [ccr_centralized_planner]: Sent plan [55, 39, 53, 51, 32, 35, 10, 9] to robotA
[ccr_fake_execution-2] [INFO] [1729085846.678027892] [ccr_fake_execution]: got plan for robotA: [55, 39, 53, 51, 32, 35, 10, 9]
[ccr_fake_execution-2] [INFO] [1729085846.705117869] [ccr_fake_execution]: robotA: 55 -> 39
[ccr_centralized_planner-3] [INFO] [1729085846.706026280] [ccr_centralized_planner]: Received state 39 from robotA
[ccr_centralized_planner-3] [INFO] [1729085847.677023661] [ccr_centralized_planner]: 
[ccr_centralized_planner-3] 
[ccr_centralized_planner-3]  did not replan 
[ccr_centralized_planner-3] 
[ccr_centralized_planner-3] [INFO] [1729085847.677841262] [ccr_centralized_planner]: Sent plan [39, 53, 51, 32, 35, 10, 9] to robotA
[ccr_fake_execution-2] [INFO] [1729085847.678006792] [ccr_fake_execution]: got plan for robotA: [39, 53, 51, 32, 35, 10, 9]
[ccr_centralized_planner-3] [INFO] [1729085847.705615020] [ccr_centralized_planner]: Received state 39 from robotA
[ccr_centralized_planner-3] [INFO] [1729085848.677132104] [ccr_centralized_planner]: 
[ccr_centralized_planner-3] 
[ccr_centralized_planner-3]  did not replan 
[ccr_centralized_planner-3] 
[ccr_centralized_planner-3] [INFO] [1729085848.677929888] [ccr_centralized_planner]: Sent plan [39, 53, 51, 32, 35, 10, 9] to robotA
[ccr_fake_execution-2] [INFO] [1729085848.678114924] [ccr_fake_execution]: got plan for robotA: [39, 53, 51, 32, 35, 10, 9]
[ccr_fake_execution-2] [INFO] [1729085848.705112609] [ccr_fake_execution]: robotA: 39 -> 53
[ccr_centralized_planner-3] [INFO] [1729085848.705965145] [ccr_centralized_planner]: Received state 53 from robotA
[ccr_centralized_planner-3] [INFO] [1729085849.677000697] [ccr_centralized_planner]: 
[ccr_centralized_planner-3] 
[ccr_centralized_planner-3]  did not replan 
[ccr_centralized_planner-3] 
[ccr_centralized_planner-3] [INFO] [1729085849.677741895] [ccr_centralized_planner]: Sent plan [53, 51, 32, 35, 10, 9] to robotA
[ccr_fake_execution-2] [INFO] [1729085849.677990471] [ccr_fake_execution]: got plan for robotA: [53, 51, 32, 35, 10, 9]
[ccr_fake_execution-2] [INFO] [1729085849.705117458] [ccr_fake_execution]: robotA: 53 -> 51
[ccr_centralized_planner-3] [INFO] [1729085849.706132138] [ccr_centralized_planner]: Received state 51 from robotA
[ccr_centralized_planner-3] [INFO] [1729085850.676936417] [ccr_centralized_planner]: 
[ccr_centralized_planner-3] 
[ccr_centralized_planner-3]  did not replan 
[ccr_centralized_planner-3] 
[ccr_centralized_planner-3] [INFO] [1729085850.677613895] [ccr_centralized_planner]: Sent plan [51, 32, 35, 10, 9] to robotA
[ccr_fake_execution-2] [INFO] [1729085850.677914288] [ccr_fake_execution]: got plan for robotA: [51, 32, 35, 10, 9]
[ccr_centralized_planner-3] [INFO] [1729085850.705402261] [ccr_centralized_planner]: Received state 51 from robotA
[ccr_centralized_planner-3] [INFO] [1729085851.676957225] [ccr_centralized_planner]: 
[ccr_centralized_planner-3] 
[ccr_centralized_planner-3]  did not replan 
[ccr_centralized_planner-3] 
[ccr_centralized_planner-3] [INFO] [1729085851.677611651] [ccr_centralized_planner]: Sent plan [51, 32, 35, 10, 9] to robotA
[ccr_fake_execution-2] [INFO] [1729085851.677884031] [ccr_fake_execution]: got plan for robotA: [51, 32, 35, 10, 9]
[ccr_fake_execution-2] [INFO] [1729085851.705139859] [ccr_fake_execution]: robotA: 51 -> 32
[ccr_centralized_planner-3] [INFO] [1729085851.705889152] [ccr_centralized_planner]: Received state 32 from robotA
[ccr_centralized_planner-3] [INFO] [1729085852.676999384] [ccr_centralized_planner]: 
[ccr_centralized_planner-3] 
[ccr_centralized_planner-3]  did not replan 
[ccr_centralized_planner-3] 
[ccr_centralized_planner-3] [INFO] [1729085852.677660302] [ccr_centralized_planner]: Sent plan [32, 35, 10, 9] to robotA
[ccr_fake_execution-2] [INFO] [1729085852.677961505] [ccr_fake_execution]: got plan for robotA: [32, 35, 10, 9]
[ccr_centralized_planner-3] [INFO] [1729085852.705416617] [ccr_centralized_planner]: Received state 32 from robotA
[ccr_centralized_planner-3] [INFO] [1729085853.676996408] [ccr_centralized_planner]: 
[ccr_centralized_planner-3] 
[ccr_centralized_planner-3]  did not replan 
[ccr_centralized_planner-3] 
[ccr_centralized_planner-3] [INFO] [1729085853.677687853] [ccr_centralized_planner]: Sent plan [32, 35, 10, 9] to robotA
[ccr_fake_execution-2] [INFO] [1729085853.678065800] [ccr_fake_execution]: got plan for robotA: [32, 35, 10, 9]
[ccr_fake_execution-2] [INFO] [1729085853.705149737] [ccr_fake_execution]: robotA: 32 -> 35
[ccr_centralized_planner-3] [INFO] [1729085853.705909960] [ccr_centralized_planner]: Received state 35 from robotA
[ccr_centralized_planner-3] [INFO] [1729085854.676944200] [ccr_centralized_planner]: 
[ccr_centralized_planner-3] 
[ccr_centralized_planner-3]  did not replan 
[ccr_centralized_planner-3] 
[ccr_centralized_planner-3] [INFO] [1729085854.677619655] [ccr_centralized_planner]: Sent plan [35, 10, 9] to robotA
[ccr_fake_execution-2] [INFO] [1729085854.678039140] [ccr_fake_execution]: got plan for robotA: [35, 10, 9]
[ccr_centralized_planner-3] [INFO] [1729085854.705442835] [ccr_centralized_planner]: Received state 35 from robotA
[ccr_centralized_planner-3] [INFO] [1729085855.676926927] [ccr_centralized_planner]: 
[ccr_centralized_planner-3] 
[ccr_centralized_planner-3]  did not replan 
[ccr_centralized_planner-3] 
[ccr_centralized_planner-3] [INFO] [1729085855.677582174] [ccr_centralized_planner]: Sent plan [35, 10, 9] to robotA
[ccr_fake_execution-2] [INFO] [1729085855.678101286] [ccr_fake_execution]: got plan for robotA: [35, 10, 9]
[ccr_centralized_planner-3] [INFO] [1729085855.705650513] [ccr_centralized_planner]: Received state 35 from robotA
[ccr_centralized_planner-3] [INFO] [1729085856.677296138] [ccr_centralized_planner]: 
[ccr_centralized_planner-3] 
[ccr_centralized_planner-3]  did not replan 
[ccr_centralized_planner-3] 
[ccr_centralized_planner-3] [INFO] [1729085856.678319434] [ccr_centralized_planner]: Sent plan [35, 10, 9] to robotA
[ccr_fake_execution-2] [INFO] [1729085856.678473823] [ccr_fake_execution]: got plan for robotA: [35, 10, 9]
[ccr_fake_execution-2] [INFO] [1729085856.705108008] [ccr_fake_execution]: robotA: 35 -> 10
[ccr_centralized_planner-3] [INFO] [1729085856.705863823] [ccr_centralized_planner]: Received state 10 from robotA
[ccr_centralized_planner-3] [INFO] [1729085857.677176303] [ccr_centralized_planner]: 
[ccr_centralized_planner-3] 
[ccr_centralized_planner-3]  did not replan 
[ccr_centralized_planner-3] 
[ccr_centralized_planner-3] [INFO] [1729085857.678005786] [ccr_centralized_planner]: Sent plan [10, 9] to robotA
[ccr_fake_execution-2] [INFO] [1729085857.678250985] [ccr_fake_execution]: got plan for robotA: [10, 9]
[ccr_fake_execution-2] [INFO] [1729085857.705100212] [ccr_fake_execution]: robotA: 10 -> 9
[ccr_centralized_planner-3] [INFO] [1729085857.705960844] [ccr_centralized_planner]: Received state 9 from robotA
[ccr_goal_provider-1] [INFO] [1729085857.706100465] [ccr_goal_provider]: [32mgoal completed:[0m robotA reached goal 9, going to goal 1 within state 1
[ccr_centralized_planner-3] [INFO] [1729085857.782980330] [ccr_centralized_planner]: Received goal 1 from robotA
[ccr_centralized_planner-3] [INFO] [1729085858.677085854] [ccr_centralized_planner]: 
[ccr_centralized_planner-3] 
[ccr_centralized_planner-3]  replaned due to new goal
[ccr_centralized_planner-3] 
[ccr_centralized_planner-3] [INFO] [1729085858.702477722] [ccr_centralized_planner]: Sent plan [9, 11, 35, 50, 51, 53, 39, 55, 56, 57, 5, 1] to robotA
[ccr_fake_execution-2] [INFO] [1729085858.702965766] [ccr_fake_execution]: got plan for robotA: [9, 11, 35, 50, 51, 53, 39, 55, 56, 57, 5, 1]
[ccr_fake_execution-2] [INFO] [1729085858.705073823] [ccr_fake_execution]: robotA: 9 -> 11
[ccr_centralized_planner-3] [INFO] [1729085858.705524196] [ccr_centralized_planner]: Received state 11 from robotA
[ccr_centralized_planner-3] [INFO] [1729085859.676954457] [ccr_centralized_planner]: 
[ccr_centralized_planner-3] 
[ccr_centralized_planner-3]  did not replan 
[ccr_centralized_planner-3] 
[ccr_centralized_planner-3] [INFO] [1729085859.677683352] [ccr_centralized_planner]: Sent plan [11, 35, 50, 51, 53, 39, 55, 56, 57, 5, 1] to robotA
[ccr_fake_execution-2] [INFO] [1729085859.678099952] [ccr_fake_execution]: got plan for robotA: [11, 35, 50, 51, 53, 39, 55, 56, 57, 5, 1]
[ccr_centralized_planner-3] [INFO] [1729085859.705368654] [ccr_centralized_planner]: Received state 11 from robotA
[ccr_centralized_planner-3] [INFO] [1729085860.676947684] [ccr_centralized_planner]: 
[ccr_centralized_planner-3] 
[ccr_centralized_planner-3]  did not replan 
[ccr_centralized_planner-3] 
[ccr_centralized_planner-3] [INFO] [1729085860.677657122] [ccr_centralized_planner]: Sent plan [11, 35, 50, 51, 53, 39, 55, 56, 57, 5, 1] to robotA
[ccr_fake_execution-2] [INFO] [1729085860.677928360] [ccr_fake_execution]: got plan for robotA: [11, 35, 50, 51, 53, 39, 55, 56, 57, 5, 1]
[ccr_centralized_planner-3] [INFO] [1729085860.705426202] [ccr_centralized_planner]: Received state 11 from robotA
[ccr_centralized_planner-3] [INFO] [1729085861.676900546] [ccr_centralized_planner]: 
[ccr_centralized_planner-3] 
[ccr_centralized_planner-3]  did not replan 
[ccr_centralized_planner-3] 
[ccr_centralized_planner-3] [INFO] [1729085861.677561153] [ccr_centralized_planner]: Sent plan [11, 35, 50, 51, 53, 39, 55, 56, 57, 5, 1] to robotA
[ccr_fake_execution-2] [INFO] [1729085861.677860864] [ccr_fake_execution]: got plan for robotA: [11, 35, 50, 51, 53, 39, 55, 56, 57, 5, 1]
[ccr_centralized_planner-3] [INFO] [1729085861.705208534] [ccr_centralized_planner]: Received state 11 from robotA
[ccr_centralized_planner-3] [INFO] [1729085862.676918138] [ccr_centralized_planner]: 
[ccr_centralized_planner-3] 
[ccr_centralized_planner-3]  did not replan 
[ccr_centralized_planner-3] 
[ccr_centralized_planner-3] [INFO] [1729085862.677583384] [ccr_centralized_planner]: Sent plan [11, 35, 50, 51, 53, 39, 55, 56, 57, 5, 1] to robotA
[ccr_fake_execution-2] [INFO] [1729085862.678044798] [ccr_fake_execution]: got plan for robotA: [11, 35, 50, 51, 53, 39, 55, 56, 57, 5, 1]
[ccr_fake_execution-2] [INFO] [1729085862.705219564] [ccr_fake_execution]: exiting after timeout
[ccr_fake_execution-2] [INFO] [1729085862.705746250] [ccr_fake_execution]: shutting down
[INFO] [ccr_fake_execution-2]: process has finished cleanly [pid 33033]
[INFO] [ros2-4]: sending signal 'SIGINT' to process[ros2-4]
[INFO] [ccr_centralized_planner-3]: sending signal 'SIGINT' to process[ccr_centralized_planner-3]
[INFO] [ccr_goal_provider-1]: sending signal 'SIGINT' to process[ccr_goal_provider-1]
[ros2-4] [INFO] [1729085863.114850565] [rclcpp]: signal_handler(signum=2)
[ros2-4] [INFO] [1729085863.151915558] [rosbag2_recorder]: Event publisher thread: Exiting
[ros2-4] [INFO] [1729085863.152108148] [rosbag2_cpp]: Writing remaining messages from cache to the bag. It may take a while
[INFO] [ros2-4]: process has finished cleanly [pid 33037]
[INFO] [ccr_centralized_planner-3]: process has finished cleanly [pid 33035]
[INFO] [ccr_goal_provider-1]: process has finished cleanly [pid 33031]
