[INFO] [launch]: All log files can be found below /home/phlinke/.ros/log/2024-10-16-16-59-59-060709-pinky-90147
[INFO] [launch]: Default logging verbosity is set to INFO
[INFO] [gzserver-1]: process started with pid [90217]
[INFO] [ros2-2]: process started with pid [90219]
[INFO] [command_node-3]: process started with pid [90221]
[INFO] [nav2_gazebo_spawner-4]: process started with pid [90223]
[INFO] [robot_state_publisher-5]: process started with pid [90225]
[INFO] [map_server-6]: process started with pid [90227]
[INFO] [amcl-7]: process started with pid [90229]
[INFO] [lifecycle_manager-8]: process started with pid [90231]
[INFO] [static_transform_publisher-9]: process started with pid [90233]
[INFO] [local_tf_pub-10]: process started with pid [90235]
[INFO] [global_to_local_tf_pub-11]: process started with pid [90237]
[INFO] [ccr_goal_provider-12]: process started with pid [90239]
[INFO] [dwa-13]: process started with pid [90241]
[INFO] [ccr_local_planner-14]: process started with pid [90243]
[INFO] [ccr_centralized_planner-15]: process started with pid [90245]
[static_transform_publisher-9] [INFO] [1729090799.578095779] [robotA.world_map_tf_static_pub]: Spinning until stopped - publishing transform
[static_transform_publisher-9] translation: ('0.000000', '0.000000', '0.000000')
[static_transform_publisher-9] rotation: ('0.000000', '0.000000', '0.000000', '1.000000')
[static_transform_publisher-9] from 'world' to 'map'
[lifecycle_manager-8] [INFO] [1729090799.581198148] [robotA.lifecycle_manager_localization]: Creating
[robot_state_publisher-5] [WARN] [1729090799.581522956] [robotA.robot_state_publisher]: No robot_description parameter, but command-line argument available.  Assuming argument is name of URDF file.  This backwards compatibility fallback will be removed in the future.
[lifecycle_manager-8] [INFO] [1729090799.582834802] [robotA.lifecycle_manager_localization]: [34m[1mCreating and initializing lifecycle service clients[0m[0m
[amcl-7] [INFO] [1729090799.583620393] [robotA.amcl]: 
[amcl-7] 	amcl lifecycle node launched. 
[amcl-7] 	Waiting on external lifecycle transitions to activate
[amcl-7] 	See https://design.ros2.org/articles/node_lifecycle.html for more information.
[amcl-7] [INFO] [1729090799.586654454] [robotA.amcl]: Creating
[map_server-6] [INFO] [1729090799.597903886] [robotA.map_server]: 
[map_server-6] 	map_server lifecycle node launched. 
[map_server-6] 	Waiting on external lifecycle transitions to activate
[map_server-6] 	See https://design.ros2.org/articles/node_lifecycle.html for more information.
[map_server-6] [INFO] [1729090799.597978486] [robotA.map_server]: Creating
[lifecycle_manager-8] [INFO] [1729090799.598236339] [robotA.lifecycle_manager_localization]: [34m[1mStarting managed nodes bringup...[0m[0m
[lifecycle_manager-8] [INFO] [1729090799.598344842] [robotA.lifecycle_manager_localization]: [34m[1mConfiguring map_server[0m[0m
[map_server-6] [INFO] [1729090799.615261095] [robotA.map_server]: Configuring
[map_server-6] [INFO] [map_io]: Loading yaml file: /home/phlinke/ros/driving_swarm_infrastructure/install/driving_swarm_bringup/share/driving_swarm_bringup/maps/icra2024.yaml
[map_server-6] [DEBUG] [map_io]: resolution: 0.05
[map_server-6] [DEBUG] [map_io]: origin[0]: -3.68
[map_server-6] [DEBUG] [map_io]: origin[1]: -3.7
[map_server-6] [DEBUG] [map_io]: origin[2]: 0
[map_server-6] [DEBUG] [map_io]: free_thresh: 0.25
[map_server-6] [DEBUG] [map_io]: occupied_thresh: 0.65
[map_server-6] [DEBUG] [map_io]: mode: trinary
[map_server-6] [DEBUG] [map_io]: negate: 0
[map_server-6] [INFO] [map_io]: Loading image_file: /home/phlinke/ros/driving_swarm_infrastructure/install/driving_swarm_bringup/share/driving_swarm_bringup/maps/icra2024.pgm
[map_server-6] [DEBUG] [map_io]: Read map /home/phlinke/ros/driving_swarm_infrastructure/install/driving_swarm_bringup/share/driving_swarm_bringup/maps/icra2024.pgm: 154 X 132 map @ 0.05 m/cell
[robot_state_publisher-5] [INFO] [1729090799.620569253] [robotA.robot_state_publisher]: got segment base_footprint
[robot_state_publisher-5] [INFO] [1729090799.620647049] [robotA.robot_state_publisher]: got segment base_link
[robot_state_publisher-5] [INFO] [1729090799.620660354] [robotA.robot_state_publisher]: got segment base_scan
[robot_state_publisher-5] [INFO] [1729090799.620672427] [robotA.robot_state_publisher]: got segment caster_back_link
[robot_state_publisher-5] [INFO] [1729090799.620684489] [robotA.robot_state_publisher]: got segment imu_link
[robot_state_publisher-5] [INFO] [1729090799.620695770] [robotA.robot_state_publisher]: got segment wheel_left_link
[robot_state_publisher-5] [INFO] [1729090799.620706751] [robotA.robot_state_publisher]: got segment wheel_right_link
[lifecycle_manager-8] [INFO] [1729090799.622455806] [robotA.lifecycle_manager_localization]: [34m[1mConfiguring amcl[0m[0m
[amcl-7] [INFO] [1729090799.622697458] [robotA.amcl]: Configuring
[amcl-7] [INFO] [1729090799.622843321] [robotA.amcl]: initTransforms
[amcl-7] [INFO] [1729090799.626753542] [robotA.amcl]: initPubSub
[amcl-7] [INFO] [1729090799.628186555] [robotA.amcl]: Subscribed to map topic.
[lifecycle_manager-8] [INFO] [1729090799.629660195] [robotA.lifecycle_manager_localization]: [34m[1mActivating map_server[0m[0m
[map_server-6] [INFO] [1729090799.629810366] [robotA.map_server]: Activating
[map_server-6] [INFO] [1729090799.629952201] [robotA.map_server]: Creating bond (map_server) to lifecycle manager.
[amcl-7] [INFO] [1729090799.630023715] [robotA.amcl]: Received a 154 X 132 map @ 0.050 m/pix
[lifecycle_manager-8] [INFO] [1729090799.731768043] [robotA.lifecycle_manager_localization]: Server map_server connected with bond.
[lifecycle_manager-8] [INFO] [1729090799.731886074] [robotA.lifecycle_manager_localization]: [34m[1mActivating amcl[0m[0m
[amcl-7] [INFO] [1729090799.732085077] [robotA.amcl]: Activating
[amcl-7] [INFO] [1729090799.732162722] [robotA.amcl]: Creating bond (amcl) to lifecycle manager.
[lifecycle_manager-8] [INFO] [1729090799.834014461] [robotA.lifecycle_manager_localization]: Server amcl connected with bond.
[lifecycle_manager-8] [INFO] [1729090799.834076157] [robotA.lifecycle_manager_localization]: [34m[1mManaged nodes are active[0m[0m
[lifecycle_manager-8] [INFO] [1729090799.834095052] [robotA.lifecycle_manager_localization]: [34m[1mCreating bond timer...[0m[0m
[local_tf_pub-10] [INFO] [1729090800.031118323] [robotA.local_tf_pub]: starting node [32mlocal_tf_pub[0m
[ccr_local_planner-14] /usr/lib/python3/dist-packages/scipy/__init__.py:146: UserWarning: A NumPy version >=1.17.3 and <1.25.0 is required for this version of SciPy (detected version 1.26.4
[ccr_local_planner-14]   warnings.warn(f"A NumPy version >={np_minversion} and <{np_maxversion}"
[ccr_goal_provider-12] /usr/lib/python3/dist-packages/scipy/__init__.py:146: UserWarning: A NumPy version >=1.17.3 and <1.25.0 is required for this version of SciPy (detected version 1.26.4
[ccr_goal_provider-12]   warnings.warn(f"A NumPy version >={np_minversion} and <{np_maxversion}"
[ccr_centralized_planner-15] /usr/lib/python3/dist-packages/scipy/__init__.py:146: UserWarning: A NumPy version >=1.17.3 and <1.25.0 is required for this version of SciPy (detected version 1.26.4
[ccr_centralized_planner-15]   warnings.warn(f"A NumPy version >={np_minversion} and <{np_maxversion}"
[gzserver-1] Gazebo multi-robot simulator, version 11.10.2
[gzserver-1] Copyright (C) 2012 Open Source Robotics Foundation.
[gzserver-1] Released under the Apache 2 License.
[gzserver-1] http://gazebosim.org
[gzserver-1] 
[dwa-13] [INFO] [1729090800.135748183] [robotA.trajectory_follower]: starting node [32mtrajectory_follower[0m
[dwa-13] [INFO] [1729090800.174794411] [robotA.trajectory_follower]: waiting for tf [33mrobotA[0m
[ros2-2] stdin is not a terminal device. Keyboard handling disabled.[INFO] [1729090800.188967307] [rosbag2_recorder]: Press SPACE for pausing/resuming
[ros2-2] [INFO] [1729090800.201395937] [rosbag2_storage]: Opened database 'rosbag_1 robots_2024-10-16_14:59:59/rosbag_1 robots_2024-10-16_14:59:59_0.db3' for READ_WRITE.
[ros2-2] [INFO] [1729090800.201874834] [rosbag2_recorder]: Event publisher thread: Starting
[ros2-2] [INFO] [1729090800.202518889] [rosbag2_recorder]: Listening for topics...
[ros2-2] [INFO] [1729090800.208598833] [rosbag2_recorder]: Subscribed to topic '/robotA/cmd_vel'
[command_node-3] [INFO] [1729090800.209979528] [command_node]: starting node [32mcommand_node[0m
[command_node-3] [INFO] [1729090800.212175099] [command_node]: subscribing /robotA/status
[command_node-3] [INFO] [1729090800.212621515] [command_node]: [32mready[0m
[ros2-2] [INFO] [1729090800.216282599] [rosbag2_recorder]: Subscribed to topic '/tf'
[nav2_gazebo_spawner-4] [INFO] [1729090800.247680867] [spawner_robotA]: starting node [32mspawner_robotA[0m
[nav2_gazebo_spawner-4] [INFO] [1729090800.249642340] [spawner_robotA]: Creating Service client to connect to `/spawn_entity`
[nav2_gazebo_spawner-4] [INFO] [1729090800.249939817] [spawner_robotA]: args=Namespace(robot_name='robotA', robot_namespace='robotA', x=2.5, y=1.0, z=0.0, yaw=0.0, turtlebot_type='burger', sdf=None)
[nav2_gazebo_spawner-4] [INFO] [1729090800.251667201] [spawner_robotA]: Connecting to `/spawn_entity` service...
[global_to_local_tf_pub-11] [INFO] [1729090800.304542450] [robotA.global_to_local_tf_pub]: starting node [32mlocal_to_global_tf_pub[0m
[ros2-2] [INFO] [1729090800.326104511] [rosbag2_recorder]: Subscribed to topic '/command'
[ros2-2] [INFO] [1729090800.436771645] [rosbag2_recorder]: Subscribed to topic '/clock'
[gzserver-1] Failed to create secure directory (/run/user/10543/pulse): No such file or directory
[gzserver-1] ALSA lib pcm_dmix.c:1032:(snd_pcm_dmix_open) unable to open slave
[gzserver-1] AL lib: (EE) ALCplaybackAlsa_open: Could not open playback device 'default': No such file or directory
[gzserver-1] [1;31m[Err] [OpenAL.cc:84] [0m[1;31mUnable to open audio device[[0m[1;31mdefault[0m[1;31m]
[gzserver-1]  Audio will be disabled.
[gzserver-1] [1;32m[Msg] [0m[1;32mWaiting for master.[0m[1;32m
[gzserver-1] [0m[1;32m[0m[1;32m[0m[1;32m[Msg] [0m[1;32mConnected to gazebo master @ [0m[1;32mhttp://127.0.0.1:1286[0m[1;32m
[gzserver-1] [0m[1;32m[0m[1;32m[0m[1;32m[Msg] [0m[1;32mPublicized address: [0m[1;32m10.61.10.110[0m[1;32m
[gzserver-1] [0m[1;32m[0m[1;32m[0m[1;32m[Msg] [0m[1;32mLoading world file [[0m[1;32m/home/phlinke/ros/driving_swarm_infrastructure/src/driving_swarm_bringup/worlds/icra2024.world[0m[1;32m][0m[1;32m
[nav2_gazebo_spawner-4] [INFO] [1729090800.752957717] [spawner_robotA]: ...connected!
[nav2_gazebo_spawner-4] [INFO] [1729090800.753466460] [spawner_robotA]: spawning `robotA` on namespace `robotA` at 2.5, 1.0, 0.0
[nav2_gazebo_spawner-4] [INFO] [1729090800.754536443] [spawner_robotA]: sdf: /opt/ros/humble/share/turtlebot3_gazebo/models/turtlebot3_burger/model.sdf
[nav2_gazebo_spawner-4] [INFO] [1729090800.755949629] [spawner_robotA]: Sending service request to `/spawn_entity`
[gzserver-1] [0m[INFO] [1729090800.794037833] [gazebo_ros_state]: Publishing states of gazebo models at [/model_states]
[gzserver-1] [INFO] [1729090800.794422663] [gazebo_ros_state]: Publishing states of gazebo links at [/link_states]
[command_node-3] [INFO] [1729090800.882905030] [command_node]: robotA: None
[nav2_gazebo_spawner-4] [INFO] [1729090800.895249514] [spawner_robotA]: lifecycle_msgs.srv.GetState_Response(current_state=lifecycle_msgs.msg.State(id=3, label='active'))
[gzserver-1] [INFO] [1729090801.003525651] [robotA.turtlebot3_imu]: <initial_orientation_as_reference> is unset, using default value of false to comply with REP 145 (world as orientation reference)
[ros2-2] [INFO] [1729090801.082938407] [rosbag2_recorder]: Subscribed to topic '/robotA/scan'
[gzserver-1] [INFO] [1729090801.189250457] [robotA.turtlebot3_diff_drive]: Wheel pair 1 separation set to [0.160000m]
[gzserver-1] [INFO] [1729090801.189305591] [robotA.turtlebot3_diff_drive]: Wheel pair 1 diameter set to [0.066000m]
[gzserver-1] [INFO] [1729090801.189935660] [robotA.turtlebot3_diff_drive]: Subscribed to [/robotA/cmd_vel]
[gzserver-1] [INFO] [1729090801.191007016] [robotA.turtlebot3_diff_drive]: Advertise odometry on [/robotA/odom]
[gzserver-1] [INFO] [1729090801.192697331] [robotA.turtlebot3_diff_drive]: Publishing odom transforms between [odom] and [base_footprint]
[gzserver-1] [INFO] [1729090801.203832309] [robotA.turtlebot3_joint_state]: Going to publish joint [wheel_left_joint]
[gzserver-1] [INFO] [1729090801.203908832] [robotA.turtlebot3_joint_state]: Going to publish joint [wheel_right_joint]
[amcl-7] [INFO] [1729090801.246029606] [robotA.amcl]: createLaserObject
[amcl-7] [WARN] [1729090801.262517296] [robotA.amcl]: AMCL cannot publish a pose or update the transform. Please set the initial pose...
[amcl-7] [INFO] [1729090801.405351909] [robotA.amcl]: Message Filter dropping message: frame 'base_scan' at time 116.151 for reason 'the timestamp on the message is earlier than all the data in the transform cache'
[ccr_centralized_planner-15] [INFO] [1729090801.413508310] [ccr_centralized_planner]: starting node [32mccr_centralized_planner[0m
[ccr_centralized_planner-15] [INFO] [1729090801.415479240] [ccr_centralized_planner]: loading graph from /home/phlinke/ros/driving_swarm_infrastructure/install/driving_swarm_bringup/share/driving_swarm_bringup/maps/icra2024.yaml
[ccr_centralized_planner-15] [INFO] [1729090801.416568139] [ccr_centralized_planner]: generating square graph with grid size 0.5 and working area (-2.25, 2.75)x(-1.75, 1.25)
[ccr_goal_provider-12] [INFO] [1729090801.417366584] [ccr_goal_provider]: starting node [32mccr_goal_provider[0m
[ccr_goal_provider-12] [INFO] [1729090801.418926925] [ccr_goal_provider]: loading graph from /home/phlinke/ros/driving_swarm_infrastructure/install/driving_swarm_bringup/share/driving_swarm_bringup/maps/icra2024.yaml
[ccr_goal_provider-12] [INFO] [1729090801.419810079] [ccr_goal_provider]: generating square graph with grid size 0.5 and working area (-2.25, 2.75)x(-1.75, 1.25)
[ccr_local_planner-14] [INFO] [1729090801.555166029] [robotA.ccr_local_planner]: starting node [32mccr_local_planner[0m
[ccr_local_planner-14] [INFO] [1729090801.560626453] [robotA.ccr_local_planner]: loading graph from /home/phlinke/ros/driving_swarm_infrastructure/install/driving_swarm_bringup/share/driving_swarm_bringup/maps/icra2024.yaml
[ccr_local_planner-14] [INFO] [1729090801.564028312] [robotA.ccr_local_planner]: generating square graph with grid size 0.5 and working area (-2.25, 2.75)x(-1.75, 1.25)
[ros2-2] [INFO] [1729090801.627292593] [rosbag2_recorder]: Subscribed to topic '/robotA/status'
[amcl-7] [WARN] [1729090801.736845140] [robotA.amcl]: AMCL cannot publish a pose or update the transform. Please set the initial pose...
[command_node-3] [INFO] [1729090802.007458315] [command_node]: robotA: None
[ccr_goal_provider-12] [INFO] [1729090802.142218840] [ccr_goal_provider]: read waypoints from /home/phlinke/ros/driving_swarm_infrastructure/install/driving_swarm_bringup/share/driving_swarm_bringup/params/icra2024_waypoints.yaml
[ccr_goal_provider-12] [INFO] [1729090802.148681139] [ccr_goal_provider]: goals: {'robotA': [9, 1]}
[ccr_centralized_planner-15] [INFO] [1729090802.152601369] [ccr_centralized_planner]: Received goal 9 from robotA
[ros2-2] [INFO] [1729090802.163655125] [rosbag2_recorder]: Subscribed to topic '/robotA/nav/goal_completed'
[ros2-2] [INFO] [1729090802.165710403] [rosbag2_recorder]: Subscribed to topic '/robotA/nav/goal_node'
[ros2-2] [INFO] [1729090802.167719475] [rosbag2_recorder]: Subscribed to topic '/robotA/nav/plan'
[amcl-7] [WARN] [1729090802.227608808] [robotA.amcl]: AMCL cannot publish a pose or update the transform. Please set the initial pose...
[ccr_local_planner-14] [INFO] [1729090802.258049061] [robotA.ccr_local_planner]: graph generated /home/phlinke/ros/driving_swarm_infrastructure/install/driving_swarm_bringup/share/driving_swarm_bringup/maps/icra2024.yaml
[ccr_local_planner-14] [INFO] [1729090802.258354974] [robotA.ccr_local_planner]: waiting for tf [33mccr_local_planner[0m
[ros2-2] [INFO] [1729090802.280843530] [rosbag2_recorder]: Subscribed to topic '/robotA/nav/current_node'
[amcl-7] [WARN] [1729090802.712264137] [robotA.amcl]: AMCL cannot publish a pose or update the transform. Please set the initial pose...
[amcl-7] [WARN] [1729090803.244845430] [robotA.amcl]: AMCL cannot publish a pose or update the transform. Please set the initial pose...
[amcl-7] [WARN] [1729090803.730672104] [robotA.amcl]: AMCL cannot publish a pose or update the transform. Please set the initial pose...
[command_node-3] [INFO] [1729090804.110953863] [command_node]: robotA: None
[amcl-7] [WARN] [1729090804.220127360] [robotA.amcl]: AMCL cannot publish a pose or update the transform. Please set the initial pose...
[amcl-7] [WARN] [1729090804.745136787] [robotA.amcl]: AMCL cannot publish a pose or update the transform. Please set the initial pose...
[amcl-7] [WARN] [1729090805.234588978] [robotA.amcl]: AMCL cannot publish a pose or update the transform. Please set the initial pose...
[amcl-7] [WARN] [1729090805.725314974] [robotA.amcl]: AMCL cannot publish a pose or update the transform. Please set the initial pose...
[nav2_gazebo_spawner-4] [INFO] [1729090805.900807633] [spawner_robotA]: Sending initial pose
[amcl-7] [INFO] [1729090805.901150976] [robotA.amcl]: initialPoseReceived
[amcl-7] [WARN] [1729090805.901302229] [robotA.amcl]: Failed to transform initial pose in time (Lookup would require extrapolation into the future.  Requested time 1729090805.900982 but the latest data is at time 139.237000, when looking up transform from frame [odom] to frame [base_footprint])
[amcl-7] [INFO] [1729090805.901338006] [robotA.amcl]: Setting pose (138.823000): 2.500 1.000 0.000
[nav2_gazebo_spawner-4] [INFO] [1729090805.901455556] [spawner_robotA]: Done! Shutting down self.
[command_node-3] [INFO] [1729090806.115450333] [command_node]: robotA: None
[ccr_local_planner-14] [INFO] [1729090806.125713219] [robotA.ccr_local_planner]: tf available for [32mccr_local_planner[0m
[dwa-13] [INFO] [1729090806.128195957] [robotA.trajectory_follower]: tf available for [32mrobotA[0m
[nav2_gazebo_spawner-4] response: gazebo_msgs.srv.SpawnEntity_Response(success=False, status_message='Entity pushed to spawn queue, but spawn service timed outwaiting for entity to appear in simulation under the name [robotA]')
[nav2_gazebo_spawner-4] response: lifecycle_msgs.srv.GetState_Response(current_state=lifecycle_msgs.msg.State(id=3, label='active'))
[INFO] [nav2_gazebo_spawner-4]: process has finished cleanly [pid 90223]
[ccr_local_planner-14] [INFO] [1729090806.377539879] [robotA.ccr_local_planner]: connected to trajectory follower service
[ccr_local_planner-14] [INFO] [1729090806.378454271] [robotA.ccr_local_planner]: setting state to [34mready[0m
[command_node-3] [INFO] [1729090806.379430108] [command_node]: [33mrobotA: ready[0m
[command_node-3] [INFO] [1729090806.379982612] [command_node]: {'robotA': 'ready'}
[command_node-3] [INFO] [1729090806.380654941] [command_node]: [32mgo[0m
[ccr_local_planner-14] [INFO] [1729090806.403070581] [robotA.ccr_local_planner]: going
[dwa-13] [WARN] [1729090806.416581267] [robotA.trajectory_follower]: no trajectory
[ccr_local_planner-14] [INFO] [1729090806.440256384] [robotA.ccr_local_planner]: new state 1
[ccr_centralized_planner-15] [INFO] [1729090806.440743336] [ccr_centralized_planner]: Received state 1 from robotA
[ccr_centralized_planner-15] [INFO] [1729090806.516175429] [ccr_centralized_planner]: 
[ccr_centralized_planner-15] 
[ccr_centralized_planner-15]  replaned due to new goal
[ccr_centralized_planner-15] 
[ccr_centralized_planner-15] [INFO] [1729090806.543917972] [ccr_centralized_planner]: Sent plan [1, 44, 45, 56, 55, 39, 53, 51, 32, 35, 10, 9] to robotA
[ccr_local_planner-14] [INFO] [1729090806.557338088] [robotA.ccr_local_planner]: setting state to [34mrunning[0m
[ccr_local_planner-14] [INFO] [1729090806.557784474] [robotA.ccr_local_planner]: new plan: [1, 44, 45], remainder: [56, 55, 39, 53, 51, 32, 35, 10, 9]
[command_node-3] [INFO] [1729090806.558292024] [command_node]: [33mrobotA: running[0m
[command_node-3] [INFO] [1729090806.558850149] [command_node]: {'robotA': 'running'}
[ccr_centralized_planner-15] [INFO] [1729090806.631442055] [ccr_centralized_planner]: Received state 1 from robotA
[ccr_centralized_planner-15] [INFO] [1729090806.716264089] [ccr_centralized_planner]: 
[ccr_centralized_planner-15] 
[ccr_centralized_planner-15]  did not replan 
[ccr_centralized_planner-15] 
[ccr_centralized_planner-15] [INFO] [1729090806.717031556] [ccr_centralized_planner]: Sent plan [1, 44, 45, 56, 55, 39, 53, 51, 32, 35, 10, 9] to robotA
[ccr_centralized_planner-15] [INFO] [1729090806.841780126] [ccr_centralized_planner]: Received state 1 from robotA
[ccr_centralized_planner-15] [INFO] [1729090806.916877792] [ccr_centralized_planner]: 
[ccr_centralized_planner-15] 
[ccr_centralized_planner-15]  did not replan 
[ccr_centralized_planner-15] 
[ccr_centralized_planner-15] [INFO] [1729090806.917588743] [ccr_centralized_planner]: Sent plan [1, 44, 45, 56, 55, 39, 53, 51, 32, 35, 10, 9] to robotA
[ccr_centralized_planner-15] [INFO] [1729090807.019650636] [ccr_centralized_planner]: Received state 1 from robotA
[ccr_centralized_planner-15] [INFO] [1729090807.480247882] [ccr_centralized_planner]: 
[ccr_centralized_planner-15] 
[ccr_centralized_planner-15]  did not replan 
[ccr_centralized_planner-15] 
[ccr_centralized_planner-15] [INFO] [1729090807.481529371] [ccr_centralized_planner]: Sent plan [1, 44, 45, 56, 55, 39, 53, 51, 32, 35, 10, 9] to robotA
[ccr_centralized_planner-15] [INFO] [1729090807.482914264] [ccr_centralized_planner]: Received state 1 from robotA
[ccr_centralized_planner-15] [INFO] [1729090807.484060710] [ccr_centralized_planner]: 
[ccr_centralized_planner-15] 
[ccr_centralized_planner-15]  did not replan 
[ccr_centralized_planner-15] 
[ccr_centralized_planner-15] [INFO] [1729090807.484964873] [ccr_centralized_planner]: Sent plan [1, 44, 45, 56, 55, 39, 53, 51, 32, 35, 10, 9] to robotA
[ccr_centralized_planner-15] [INFO] [1729090807.485755313] [ccr_centralized_planner]: Received state 1 from robotA
[ccr_centralized_planner-15] [INFO] [1729090807.665302823] [ccr_centralized_planner]: 
[ccr_centralized_planner-15] 
[ccr_centralized_planner-15]  did not replan 
[ccr_centralized_planner-15] 
[ccr_centralized_planner-15] [INFO] [1729090807.666667489] [ccr_centralized_planner]: Sent plan [1, 44, 45, 56, 55, 39, 53, 51, 32, 35, 10, 9] to robotA
[ccr_centralized_planner-15] [INFO] [1729090807.667687428] [ccr_centralized_planner]: Received state 1 from robotA
[ccr_centralized_planner-15] [INFO] [1729090807.718552454] [ccr_centralized_planner]: 
[ccr_centralized_planner-15] 
[ccr_centralized_planner-15]  did not replan 
[ccr_centralized_planner-15] 
[ccr_centralized_planner-15] [INFO] [1729090807.719341722] [ccr_centralized_planner]: Sent plan [1, 44, 45, 56, 55, 39, 53, 51, 32, 35, 10, 9] to robotA
[ccr_centralized_planner-15] [INFO] [1729090807.820289378] [ccr_centralized_planner]: Received state 1 from robotA
[ccr_centralized_planner-15] [INFO] [1729090807.919075337] [ccr_centralized_planner]: 
[ccr_centralized_planner-15] 
[ccr_centralized_planner-15]  did not replan 
[ccr_centralized_planner-15] 
[ccr_centralized_planner-15] [INFO] [1729090807.920284642] [ccr_centralized_planner]: Sent plan [1, 44, 45, 56, 55, 39, 53, 51, 32, 35, 10, 9] to robotA
[ccr_centralized_planner-15] [INFO] [1729090808.023829070] [ccr_centralized_planner]: Received state 1 from robotA
[ccr_centralized_planner-15] [INFO] [1729090808.118999419] [ccr_centralized_planner]: 
[ccr_centralized_planner-15] 
[ccr_centralized_planner-15]  did not replan 
[ccr_centralized_planner-15] 
[command_node-3] [INFO] [1729090808.119145583] [command_node]: robotA: running
[ccr_centralized_planner-15] [INFO] [1729090808.119910045] [ccr_centralized_planner]: Sent plan [1, 44, 45, 56, 55, 39, 53, 51, 32, 35, 10, 9] to robotA
[ccr_centralized_planner-15] [INFO] [1729090808.225003402] [ccr_centralized_planner]: Received state 1 from robotA
[ccr_centralized_planner-15] [INFO] [1729090808.319393561] [ccr_centralized_planner]: 
[ccr_centralized_planner-15] 
[ccr_centralized_planner-15]  did not replan 
[ccr_centralized_planner-15] 
[ccr_centralized_planner-15] [INFO] [1729090808.320344081] [ccr_centralized_planner]: Sent plan [1, 44, 45, 56, 55, 39, 53, 51, 32, 35, 10, 9] to robotA
[ccr_centralized_planner-15] [INFO] [1729090808.428005558] [ccr_centralized_planner]: Received state 1 from robotA
[ccr_centralized_planner-15] [INFO] [1729090808.519666998] [ccr_centralized_planner]: 
[ccr_centralized_planner-15] 
[ccr_centralized_planner-15]  did not replan 
[ccr_centralized_planner-15] 
[ccr_centralized_planner-15] [INFO] [1729090808.520629059] [ccr_centralized_planner]: Sent plan [1, 44, 45, 56, 55, 39, 53, 51, 32, 35, 10, 9] to robotA
[ccr_centralized_planner-15] [INFO] [1729090808.636029846] [ccr_centralized_planner]: Received state 1 from robotA
[ccr_centralized_planner-15] [INFO] [1729090808.719838733] [ccr_centralized_planner]: 
[ccr_centralized_planner-15] 
[ccr_centralized_planner-15]  did not replan 
[ccr_centralized_planner-15] 
[ccr_centralized_planner-15] [INFO] [1729090808.720813418] [ccr_centralized_planner]: Sent plan [1, 44, 45, 56, 55, 39, 53, 51, 32, 35, 10, 9] to robotA
[ccr_centralized_planner-15] [INFO] [1729090808.830990755] [ccr_centralized_planner]: Received state 1 from robotA
[ccr_centralized_planner-15] [INFO] [1729090808.920299079] [ccr_centralized_planner]: 
[ccr_centralized_planner-15] 
[ccr_centralized_planner-15]  did not replan 
[ccr_centralized_planner-15] 
[ccr_centralized_planner-15] [INFO] [1729090808.921043152] [ccr_centralized_planner]: Sent plan [1, 44, 45, 56, 55, 39, 53, 51, 32, 35, 10, 9] to robotA
[ccr_centralized_planner-15] [INFO] [1729090809.033885299] [ccr_centralized_planner]: Received state 1 from robotA
[ccr_centralized_planner-15] [INFO] [1729090809.120827172] [ccr_centralized_planner]: 
[ccr_centralized_planner-15] 
[ccr_centralized_planner-15]  did not replan 
[ccr_centralized_planner-15] 
[ccr_centralized_planner-15] [INFO] [1729090809.121527263] [ccr_centralized_planner]: Sent plan [1, 44, 45, 56, 55, 39, 53, 51, 32, 35, 10, 9] to robotA
[ccr_centralized_planner-15] [INFO] [1729090809.235433061] [ccr_centralized_planner]: Received state 1 from robotA
[ccr_centralized_planner-15] [INFO] [1729090809.321305832] [ccr_centralized_planner]: 
[ccr_centralized_planner-15] 
[ccr_centralized_planner-15]  did not replan 
[ccr_centralized_planner-15] 
[ccr_centralized_planner-15] [INFO] [1729090809.322083799] [ccr_centralized_planner]: Sent plan [1, 44, 45, 56, 55, 39, 53, 51, 32, 35, 10, 9] to robotA
[ccr_centralized_planner-15] [INFO] [1729090809.441483443] [ccr_centralized_planner]: Received state 1 from robotA
[ccr_centralized_planner-15] [INFO] [1729090809.522047405] [ccr_centralized_planner]: 
[ccr_centralized_planner-15] 
[ccr_centralized_planner-15]  did not replan 
[ccr_centralized_planner-15] 
[ccr_centralized_planner-15] [INFO] [1729090809.522781560] [ccr_centralized_planner]: Sent plan [1, 44, 45, 56, 55, 39, 53, 51, 32, 35, 10, 9] to robotA
[ccr_centralized_planner-15] [INFO] [1729090809.625154294] [ccr_centralized_planner]: Received state 1 from robotA
[ccr_centralized_planner-15] [INFO] [1729090809.722247674] [ccr_centralized_planner]: 
[ccr_centralized_planner-15] 
[ccr_centralized_planner-15]  did not replan 
[ccr_centralized_planner-15] 
[ccr_centralized_planner-15] [INFO] [1729090809.722980766] [ccr_centralized_planner]: Sent plan [1, 44, 45, 56, 55, 39, 53, 51, 32, 35, 10, 9] to robotA
[ccr_centralized_planner-15] [INFO] [1729090809.824661465] [ccr_centralized_planner]: Received state 1 from robotA
[ccr_centralized_planner-15] [INFO] [1729090809.922819048] [ccr_centralized_planner]: 
[ccr_centralized_planner-15] 
[ccr_centralized_planner-15]  did not replan 
[ccr_centralized_planner-15] 
[ccr_centralized_planner-15] [INFO] [1729090809.923511354] [ccr_centralized_planner]: Sent plan [1, 44, 45, 56, 55, 39, 53, 51, 32, 35, 10, 9] to robotA
[ccr_local_planner-14] [INFO] [1729090810.025656072] [robotA.ccr_local_planner]: new state 44
[ccr_centralized_planner-15] [INFO] [1729090810.025901772] [ccr_centralized_planner]: Received state 44 from robotA
[ccr_centralized_planner-15] [INFO] [1729090810.122805056] [ccr_centralized_planner]: 
[ccr_centralized_planner-15] 
[ccr_centralized_planner-15]  did not replan 
[ccr_centralized_planner-15] 
[command_node-3] [INFO] [1729090810.122873394] [command_node]: robotA: running
[ccr_centralized_planner-15] [INFO] [1729090810.123676728] [ccr_centralized_planner]: Sent plan [44, 45, 56, 55, 39, 53, 51, 32, 35, 10, 9] to robotA
[ccr_local_planner-14] [INFO] [1729090810.126916143] [robotA.ccr_local_planner]: new plan: [44, 45, 56], remainder: [55, 39, 53, 51, 32, 35, 10, 9]
[ccr_centralized_planner-15] [INFO] [1729090810.225583911] [ccr_centralized_planner]: Received state 44 from robotA
[ccr_centralized_planner-15] [INFO] [1729090810.423409133] [ccr_centralized_planner]: 
[ccr_centralized_planner-15] 
[ccr_centralized_planner-15]  did not replan 
[ccr_centralized_planner-15] 
[ccr_centralized_planner-15] [INFO] [1729090810.424119684] [ccr_centralized_planner]: Sent plan [44, 45, 56, 55, 39, 53, 51, 32, 35, 10, 9] to robotA
[ccr_centralized_planner-15] [INFO] [1729090810.425305253] [ccr_centralized_planner]: Received state 44 from robotA
[ccr_centralized_planner-15] [INFO] [1729090810.624064805] [ccr_centralized_planner]: 
[ccr_centralized_planner-15] 
[ccr_centralized_planner-15]  did not replan 
[ccr_centralized_planner-15] 
[ccr_centralized_planner-15] [INFO] [1729090810.624843714] [ccr_centralized_planner]: Sent plan [44, 45, 56, 55, 39, 53, 51, 32, 35, 10, 9] to robotA
[ccr_centralized_planner-15] [INFO] [1729090810.625786950] [ccr_centralized_planner]: Received state 44 from robotA
[ccr_centralized_planner-15] [INFO] [1729090810.824162862] [ccr_centralized_planner]: 
[ccr_centralized_planner-15] 
[ccr_centralized_planner-15]  did not replan 
[ccr_centralized_planner-15] 
[ccr_centralized_planner-15] [INFO] [1729090810.824714525] [ccr_centralized_planner]: Sent plan [44, 45, 56, 55, 39, 53, 51, 32, 35, 10, 9] to robotA
[ccr_centralized_planner-15] [INFO] [1729090810.828194942] [ccr_centralized_planner]: Received state 44 from robotA
[ccr_centralized_planner-15] [INFO] [1729090811.024538981] [ccr_centralized_planner]: 
[ccr_centralized_planner-15] 
[ccr_centralized_planner-15]  did not replan 
[ccr_centralized_planner-15] 
[ccr_centralized_planner-15] [INFO] [1729090811.025263488] [ccr_centralized_planner]: Sent plan [44, 45, 56, 55, 39, 53, 51, 32, 35, 10, 9] to robotA
[ccr_centralized_planner-15] [INFO] [1729090811.026781870] [ccr_centralized_planner]: Received state 44 from robotA
[ccr_centralized_planner-15] [INFO] [1729090811.224780146] [ccr_centralized_planner]: 
[ccr_centralized_planner-15] 
[ccr_centralized_planner-15]  did not replan 
[ccr_centralized_planner-15] 
[ccr_centralized_planner-15] [INFO] [1729090811.225462494] [ccr_centralized_planner]: Sent plan [44, 45, 56, 55, 39, 53, 51, 32, 35, 10, 9] to robotA
[ccr_centralized_planner-15] [INFO] [1729090811.229690981] [ccr_centralized_planner]: Received state 44 from robotA
[ccr_centralized_planner-15] [INFO] [1729090811.424973383] [ccr_centralized_planner]: 
[ccr_centralized_planner-15] 
[ccr_centralized_planner-15]  did not replan 
[ccr_centralized_planner-15] 
[ccr_centralized_planner-15] [INFO] [1729090811.425655550] [ccr_centralized_planner]: Sent plan [44, 45, 56, 55, 39, 53, 51, 32, 35, 10, 9] to robotA
[ccr_centralized_planner-15] [INFO] [1729090811.432468025] [ccr_centralized_planner]: Received state 44 from robotA
[ccr_centralized_planner-15] [INFO] [1729090811.625583950] [ccr_centralized_planner]: 
[ccr_centralized_planner-15] 
[ccr_centralized_planner-15]  did not replan 
[ccr_centralized_planner-15] 
[ccr_centralized_planner-15] [INFO] [1729090811.626418252] [ccr_centralized_planner]: Sent plan [44, 45, 56, 55, 39, 53, 51, 32, 35, 10, 9] to robotA
[ccr_centralized_planner-15] [INFO] [1729090811.635350516] [ccr_centralized_planner]: Received state 44 from robotA
[ccr_centralized_planner-15] [INFO] [1729090811.826022435] [ccr_centralized_planner]: 
[ccr_centralized_planner-15] 
[ccr_centralized_planner-15]  did not replan 
[ccr_centralized_planner-15] 
[ccr_centralized_planner-15] [INFO] [1729090811.826788068] [ccr_centralized_planner]: Sent plan [44, 45, 56, 55, 39, 53, 51, 32, 35, 10, 9] to robotA
[ccr_centralized_planner-15] [INFO] [1729090811.838102673] [ccr_centralized_planner]: Received state 44 from robotA
[ccr_centralized_planner-15] [INFO] [1729090812.026686673] [ccr_centralized_planner]: 
[ccr_centralized_planner-15] 
[ccr_centralized_planner-15]  did not replan 
[ccr_centralized_planner-15] 
[ccr_centralized_planner-15] [INFO] [1729090812.027425196] [ccr_centralized_planner]: Sent plan [44, 45, 56, 55, 39, 53, 51, 32, 35, 10, 9] to robotA
[ccr_centralized_planner-15] [INFO] [1729090812.039137805] [ccr_centralized_planner]: Received state 44 from robotA
[command_node-3] [INFO] [1729090812.227356821] [command_node]: robotA: running
[ccr_centralized_planner-15] [INFO] [1729090812.227373723] [ccr_centralized_planner]: 
[ccr_centralized_planner-15] 
[ccr_centralized_planner-15]  did not replan 
[ccr_centralized_planner-15] 
[ccr_centralized_planner-15] [INFO] [1729090812.228218464] [ccr_centralized_planner]: Sent plan [44, 45, 56, 55, 39, 53, 51, 32, 35, 10, 9] to robotA
[ccr_centralized_planner-15] [INFO] [1729090812.229707623] [ccr_centralized_planner]: Received state 44 from robotA
[ccr_centralized_planner-15] [INFO] [1729090812.427618826] [ccr_centralized_planner]: 
[ccr_centralized_planner-15] 
[ccr_centralized_planner-15]  did not replan 
[ccr_centralized_planner-15] 
[ccr_centralized_planner-15] [INFO] [1729090812.428288590] [ccr_centralized_planner]: Sent plan [44, 45, 56, 55, 39, 53, 51, 32, 35, 10, 9] to robotA
[ccr_centralized_planner-15] [INFO] [1729090812.430709373] [ccr_centralized_planner]: Received state 44 from robotA
[ccr_centralized_planner-15] [INFO] [1729090812.628258348] [ccr_centralized_planner]: 
[ccr_centralized_planner-15] 
[ccr_centralized_planner-15]  did not replan 
[ccr_centralized_planner-15] 
[ccr_centralized_planner-15] [INFO] [1729090812.629013572] [ccr_centralized_planner]: Sent plan [44, 45, 56, 55, 39, 53, 51, 32, 35, 10, 9] to robotA
[ccr_centralized_planner-15] [INFO] [1729090812.630981747] [ccr_centralized_planner]: Received state 44 from robotA
[ccr_centralized_planner-15] [INFO] [1729090812.829037501] [ccr_centralized_planner]: 
[ccr_centralized_planner-15] 
[ccr_centralized_planner-15]  did not replan 
[ccr_centralized_planner-15] 
[ccr_centralized_planner-15] [INFO] [1729090812.829783577] [ccr_centralized_planner]: Sent plan [44, 45, 56, 55, 39, 53, 51, 32, 35, 10, 9] to robotA
[ccr_local_planner-14] [INFO] [1729090812.934954661] [robotA.ccr_local_planner]: new state 45
[ccr_centralized_planner-15] [INFO] [1729090812.935312682] [ccr_centralized_planner]: Received state 45 from robotA
[ccr_centralized_planner-15] [INFO] [1729090813.029554753] [ccr_centralized_planner]: 
[ccr_centralized_planner-15] 
[ccr_centralized_planner-15]  did not replan 
[ccr_centralized_planner-15] 
[ccr_centralized_planner-15] [INFO] [1729090813.030339162] [ccr_centralized_planner]: Sent plan [45, 56, 55, 39, 53, 51, 32, 35, 10, 9] to robotA
[ccr_local_planner-14] [INFO] [1729090813.030609729] [robotA.ccr_local_planner]: new plan: [45, 56, 55], remainder: [39, 53, 51, 32, 35, 10, 9]
[ccr_centralized_planner-15] [INFO] [1729090813.139977370] [ccr_centralized_planner]: Received state 45 from robotA
[ccr_centralized_planner-15] [INFO] [1729090813.230044173] [ccr_centralized_planner]: 
[ccr_centralized_planner-15] 
[ccr_centralized_planner-15]  did not replan 
[ccr_centralized_planner-15] 
[ccr_centralized_planner-15] [INFO] [1729090813.230857516] [ccr_centralized_planner]: Sent plan [45, 56, 55, 39, 53, 51, 32, 35, 10, 9] to robotA
[ccr_centralized_planner-15] [INFO] [1729090813.333542966] [ccr_centralized_planner]: Received state 45 from robotA
[ccr_centralized_planner-15] [INFO] [1729090813.431328412] [ccr_centralized_planner]: 
[ccr_centralized_planner-15] 
[ccr_centralized_planner-15]  did not replan 
[ccr_centralized_planner-15] 
[ccr_centralized_planner-15] [INFO] [1729090813.432078326] [ccr_centralized_planner]: Sent plan [45, 56, 55, 39, 53, 51, 32, 35, 10, 9] to robotA
[ccr_centralized_planner-15] [INFO] [1729090813.533775837] [ccr_centralized_planner]: Received state 45 from robotA
[ccr_centralized_planner-15] [INFO] [1729090813.632164763] [ccr_centralized_planner]: 
[ccr_centralized_planner-15] 
[ccr_centralized_planner-15]  did not replan 
[ccr_centralized_planner-15] 
[ccr_centralized_planner-15] [INFO] [1729090813.633390708] [ccr_centralized_planner]: Sent plan [45, 56, 55, 39, 53, 51, 32, 35, 10, 9] to robotA
[ccr_centralized_planner-15] [INFO] [1729090813.734226965] [ccr_centralized_planner]: Received state 45 from robotA
[ccr_centralized_planner-15] [INFO] [1729090813.831974600] [ccr_centralized_planner]: 
[ccr_centralized_planner-15] 
[ccr_centralized_planner-15]  did not replan 
[ccr_centralized_planner-15] 
[ccr_centralized_planner-15] [INFO] [1729090813.832830162] [ccr_centralized_planner]: Sent plan [45, 56, 55, 39, 53, 51, 32, 35, 10, 9] to robotA
[ccr_centralized_planner-15] [INFO] [1729090813.933353374] [ccr_centralized_planner]: Received state 45 from robotA
[ccr_centralized_planner-15] [INFO] [1729090814.031958465] [ccr_centralized_planner]: 
[ccr_centralized_planner-15] 
[ccr_centralized_planner-15]  did not replan 
[ccr_centralized_planner-15] 
[ccr_centralized_planner-15] [INFO] [1729090814.032802745] [ccr_centralized_planner]: Sent plan [45, 56, 55, 39, 53, 51, 32, 35, 10, 9] to robotA
[ccr_centralized_planner-15] [INFO] [1729090814.134312484] [ccr_centralized_planner]: Received state 45 from robotA
[ccr_centralized_planner-15] [INFO] [1729090814.232415945] [ccr_centralized_planner]: 
[ccr_centralized_planner-15] 
[ccr_centralized_planner-15]  did not replan 
[ccr_centralized_planner-15] 
[command_node-3] [INFO] [1729090814.232640024] [command_node]: robotA: running
[ccr_centralized_planner-15] [INFO] [1729090814.233093203] [ccr_centralized_planner]: Sent plan [45, 56, 55, 39, 53, 51, 32, 35, 10, 9] to robotA
[ccr_centralized_planner-15] [INFO] [1729090814.335591853] [ccr_centralized_planner]: Received state 56 from robotA
[ccr_local_planner-14] [INFO] [1729090814.335641346] [robotA.ccr_local_planner]: new state 56
[ccr_centralized_planner-15] [INFO] [1729090814.432734085] [ccr_centralized_planner]: 
[ccr_centralized_planner-15] 
[ccr_centralized_planner-15]  did not replan 
[ccr_centralized_planner-15] 
[ccr_centralized_planner-15] [INFO] [1729090814.433470894] [ccr_centralized_planner]: Sent plan [56, 55, 39, 53, 51, 32, 35, 10, 9] to robotA
[ccr_local_planner-14] [INFO] [1729090814.440427650] [robotA.ccr_local_planner]: new plan: [56, 55, 39], remainder: [53, 51, 32, 35, 10, 9]
[ccr_centralized_planner-15] [INFO] [1729090814.535428221] [ccr_centralized_planner]: Received state 56 from robotA
[ccr_centralized_planner-15] [INFO] [1729090814.633136723] [ccr_centralized_planner]: 
[ccr_centralized_planner-15] 
[ccr_centralized_planner-15]  did not replan 
[ccr_centralized_planner-15] 
[ccr_centralized_planner-15] [INFO] [1729090814.633917335] [ccr_centralized_planner]: Sent plan [56, 55, 39, 53, 51, 32, 35, 10, 9] to robotA
[ccr_centralized_planner-15] [INFO] [1729090814.734777967] [ccr_centralized_planner]: Received state 56 from robotA
[ccr_centralized_planner-15] [INFO] [1729090814.834368353] [ccr_centralized_planner]: 
[ccr_centralized_planner-15] 
[ccr_centralized_planner-15]  did not replan 
[ccr_centralized_planner-15] 
[ccr_centralized_planner-15] [INFO] [1729090814.835468903] [ccr_centralized_planner]: Sent plan [56, 55, 39, 53, 51, 32, 35, 10, 9] to robotA
[ccr_centralized_planner-15] [INFO] [1729090814.935395087] [ccr_centralized_planner]: Received state 56 from robotA
[ccr_centralized_planner-15] [INFO] [1729090815.033852201] [ccr_centralized_planner]: 
[ccr_centralized_planner-15] 
[ccr_centralized_planner-15]  did not replan 
[ccr_centralized_planner-15] 
[ccr_centralized_planner-15] [INFO] [1729090815.034538446] [ccr_centralized_planner]: Sent plan [56, 55, 39, 53, 51, 32, 35, 10, 9] to robotA
[ccr_centralized_planner-15] [INFO] [1729090815.135087576] [ccr_centralized_planner]: Received state 56 from robotA
[ccr_centralized_planner-15] [INFO] [1729090815.234279054] [ccr_centralized_planner]: 
[ccr_centralized_planner-15] 
[ccr_centralized_planner-15]  did not replan 
[ccr_centralized_planner-15] 
[ccr_centralized_planner-15] [INFO] [1729090815.234984585] [ccr_centralized_planner]: Sent plan [56, 55, 39, 53, 51, 32, 35, 10, 9] to robotA
[ccr_centralized_planner-15] [INFO] [1729090815.337273913] [ccr_centralized_planner]: Received state 56 from robotA
[ccr_centralized_planner-15] [INFO] [1729090815.434699105] [ccr_centralized_planner]: 
[ccr_centralized_planner-15] 
[ccr_centralized_planner-15]  did not replan 
[ccr_centralized_planner-15] 
[ccr_centralized_planner-15] [INFO] [1729090815.435413021] [ccr_centralized_planner]: Sent plan [56, 55, 39, 53, 51, 32, 35, 10, 9] to robotA
[ccr_centralized_planner-15] [INFO] [1729090815.545680467] [ccr_centralized_planner]: Received state 56 from robotA
[ccr_centralized_planner-15] [INFO] [1729090815.635142139] [ccr_centralized_planner]: 
[ccr_centralized_planner-15] 
[ccr_centralized_planner-15]  did not replan 
[ccr_centralized_planner-15] 
[ccr_centralized_planner-15] [INFO] [1729090815.635885581] [ccr_centralized_planner]: Sent plan [56, 55, 39, 53, 51, 32, 35, 10, 9] to robotA
[ccr_centralized_planner-15] [INFO] [1729090815.737909562] [ccr_centralized_planner]: Received state 56 from robotA
[ccr_centralized_planner-15] [INFO] [1729090815.835335755] [ccr_centralized_planner]: 
[ccr_centralized_planner-15] 
[ccr_centralized_planner-15]  did not replan 
[ccr_centralized_planner-15] 
[ccr_centralized_planner-15] [INFO] [1729090815.836152554] [ccr_centralized_planner]: Sent plan [56, 55, 39, 53, 51, 32, 35, 10, 9] to robotA
[ccr_local_planner-14] [INFO] [1729090815.937583175] [robotA.ccr_local_planner]: new state 55
[ccr_centralized_planner-15] [INFO] [1729090815.938332788] [ccr_centralized_planner]: Received state 55 from robotA
[ccr_centralized_planner-15] [INFO] [1729090816.035825125] [ccr_centralized_planner]: 
[ccr_centralized_planner-15] 
[ccr_centralized_planner-15]  did not replan 
[ccr_centralized_planner-15] 
[ccr_centralized_planner-15] [INFO] [1729090816.036524575] [ccr_centralized_planner]: Sent plan [55, 39, 53, 51, 32, 35, 10, 9] to robotA
[ccr_local_planner-14] [INFO] [1729090816.036715232] [robotA.ccr_local_planner]: new plan: [55, 39, 53], remainder: [51, 32, 35, 10, 9]
[ccr_centralized_planner-15] [INFO] [1729090816.137945598] [ccr_centralized_planner]: Received state 55 from robotA
[command_node-3] [INFO] [1729090816.236248101] [command_node]: robotA: running
[ccr_centralized_planner-15] [INFO] [1729090816.236290060] [ccr_centralized_planner]: 
[ccr_centralized_planner-15] 
[ccr_centralized_planner-15]  did not replan 
[ccr_centralized_planner-15] 
[ccr_centralized_planner-15] [INFO] [1729090816.237129521] [ccr_centralized_planner]: Sent plan [55, 39, 53, 51, 32, 35, 10, 9] to robotA
[ccr_centralized_planner-15] [INFO] [1729090816.339381139] [ccr_centralized_planner]: Received state 55 from robotA
[ccr_centralized_planner-15] [INFO] [1729090816.436727994] [ccr_centralized_planner]: 
[ccr_centralized_planner-15] 
[ccr_centralized_planner-15]  did not replan 
[ccr_centralized_planner-15] 
[ccr_centralized_planner-15] [INFO] [1729090816.437517662] [ccr_centralized_planner]: Sent plan [55, 39, 53, 51, 32, 35, 10, 9] to robotA
[ccr_centralized_planner-15] [INFO] [1729090816.539150662] [ccr_centralized_planner]: Received state 55 from robotA
[ccr_centralized_planner-15] [INFO] [1729090816.737247873] [ccr_centralized_planner]: 
[ccr_centralized_planner-15] 
[ccr_centralized_planner-15]  did not replan 
[ccr_centralized_planner-15] 
[ccr_centralized_planner-15] [INFO] [1729090816.738266961] [ccr_centralized_planner]: Sent plan [55, 39, 53, 51, 32, 35, 10, 9] to robotA
[ccr_centralized_planner-15] [INFO] [1729090816.740075217] [ccr_centralized_planner]: Received state 55 from robotA
[ccr_centralized_planner-15] [INFO] [1729090816.937949351] [ccr_centralized_planner]: 
[ccr_centralized_planner-15] 
[ccr_centralized_planner-15]  did not replan 
[ccr_centralized_planner-15] 
[ccr_centralized_planner-15] [INFO] [1729090816.938763916] [ccr_centralized_planner]: Sent plan [55, 39, 53, 51, 32, 35, 10, 9] to robotA
[ccr_centralized_planner-15] [INFO] [1729090816.941017656] [ccr_centralized_planner]: Received state 55 from robotA
[ccr_centralized_planner-15] [INFO] [1729090817.138078307] [ccr_centralized_planner]: 
[ccr_centralized_planner-15] 
[ccr_centralized_planner-15]  did not replan 
[ccr_centralized_planner-15] 
[ccr_centralized_planner-15] [INFO] [1729090817.138786292] [ccr_centralized_planner]: Sent plan [55, 39, 53, 51, 32, 35, 10, 9] to robotA
[ccr_centralized_planner-15] [INFO] [1729090817.140796707] [ccr_centralized_planner]: Received state 55 from robotA
[ccr_centralized_planner-15] [INFO] [1729090817.338686409] [ccr_centralized_planner]: 
[ccr_centralized_planner-15] 
[ccr_centralized_planner-15]  did not replan 
[ccr_centralized_planner-15] 
[ccr_centralized_planner-15] [INFO] [1729090817.339476769] [ccr_centralized_planner]: Sent plan [55, 39, 53, 51, 32, 35, 10, 9] to robotA
[ccr_centralized_planner-15] [INFO] [1729090817.341088446] [ccr_centralized_planner]: Received state 55 from robotA
[ccr_centralized_planner-15] [INFO] [1729090817.538857364] [ccr_centralized_planner]: 
[ccr_centralized_planner-15] 
[ccr_centralized_planner-15]  did not replan 
[ccr_centralized_planner-15] 
[ccr_centralized_planner-15] [INFO] [1729090817.539594283] [ccr_centralized_planner]: Sent plan [55, 39, 53, 51, 32, 35, 10, 9] to robotA
[ccr_centralized_planner-15] [INFO] [1729090817.541862570] [ccr_centralized_planner]: Received state 55 from robotA
[ccr_centralized_planner-15] [INFO] [1729090817.739041412] [ccr_centralized_planner]: 
[ccr_centralized_planner-15] 
[ccr_centralized_planner-15]  did not replan 
[ccr_centralized_planner-15] 
[ccr_centralized_planner-15] [INFO] [1729090817.739876425] [ccr_centralized_planner]: Sent plan [55, 39, 53, 51, 32, 35, 10, 9] to robotA
[ccr_centralized_planner-15] [INFO] [1729090817.741255708] [ccr_centralized_planner]: Received state 55 from robotA
[ccr_centralized_planner-15] [INFO] [1729090817.939634517] [ccr_centralized_planner]: 
[ccr_centralized_planner-15] 
[ccr_centralized_planner-15]  did not replan 
[ccr_centralized_planner-15] 
[ccr_centralized_planner-15] [INFO] [1729090817.940719017] [ccr_centralized_planner]: Sent plan [55, 39, 53, 51, 32, 35, 10, 9] to robotA
[ccr_centralized_planner-15] [INFO] [1729090817.944675124] [ccr_centralized_planner]: Received state 55 from robotA
[ccr_centralized_planner-15] [INFO] [1729090818.139978465] [ccr_centralized_planner]: 
[ccr_centralized_planner-15] 
[ccr_centralized_planner-15]  did not replan 
[ccr_centralized_planner-15] 
[ccr_centralized_planner-15] [INFO] [1729090818.140734541] [ccr_centralized_planner]: Sent plan [55, 39, 53, 51, 32, 35, 10, 9] to robotA
[ccr_centralized_planner-15] [INFO] [1729090818.147383359] [ccr_centralized_planner]: Received state 55 from robotA
[ccr_centralized_planner-15] [INFO] [1729090818.340467464] [ccr_centralized_planner]: 
[ccr_centralized_planner-15] 
[ccr_centralized_planner-15]  did not replan 
[ccr_centralized_planner-15] 
[command_node-3] [INFO] [1729090818.340721430] [command_node]: robotA: running
[ccr_centralized_planner-15] [INFO] [1729090818.341391585] [ccr_centralized_planner]: Sent plan [55, 39, 53, 51, 32, 35, 10, 9] to robotA
[ccr_centralized_planner-15] [INFO] [1729090818.343404984] [ccr_centralized_planner]: Received state 55 from robotA
[ccr_centralized_planner-15] [INFO] [1729090818.540937238] [ccr_centralized_planner]: 
[ccr_centralized_planner-15] 
[ccr_centralized_planner-15]  did not replan 
[ccr_centralized_planner-15] 
[ccr_centralized_planner-15] [INFO] [1729090818.541659320] [ccr_centralized_planner]: Sent plan [55, 39, 53, 51, 32, 35, 10, 9] to robotA
[ccr_centralized_planner-15] [INFO] [1729090818.543098465] [ccr_centralized_planner]: Received state 39 from robotA
[ccr_local_planner-14] [INFO] [1729090818.543107231] [robotA.ccr_local_planner]: new state 39
[ccr_centralized_planner-15] [INFO] [1729090818.741592449] [ccr_centralized_planner]: 
[ccr_centralized_planner-15] 
[ccr_centralized_planner-15]  did not replan 
[ccr_centralized_planner-15] 
[ccr_centralized_planner-15] [INFO] [1729090818.742411563] [ccr_centralized_planner]: Sent plan [39, 53, 51, 32, 35, 10, 9] to robotA
[ccr_centralized_planner-15] [INFO] [1729090818.743892957] [ccr_centralized_planner]: Received state 39 from robotA
[ccr_local_planner-14] [INFO] [1729090818.769182847] [robotA.ccr_local_planner]: new plan: [39, 53, 51], remainder: [32, 35, 10, 9]
[ccr_centralized_planner-15] [INFO] [1729090818.941859323] [ccr_centralized_planner]: 
[ccr_centralized_planner-15] 
[ccr_centralized_planner-15]  did not replan 
[ccr_centralized_planner-15] 
[ccr_centralized_planner-15] [INFO] [1729090818.942487990] [ccr_centralized_planner]: Sent plan [39, 53, 51, 32, 35, 10, 9] to robotA
[ccr_centralized_planner-15] [INFO] [1729090819.046056023] [ccr_centralized_planner]: Received state 39 from robotA
[ccr_centralized_planner-15] [INFO] [1729090819.141901186] [ccr_centralized_planner]: 
[ccr_centralized_planner-15] 
[ccr_centralized_planner-15]  did not replan 
[ccr_centralized_planner-15] 
[ccr_centralized_planner-15] [INFO] [1729090819.142636713] [ccr_centralized_planner]: Sent plan [39, 53, 51, 32, 35, 10, 9] to robotA
[ccr_centralized_planner-15] [INFO] [1729090819.250964688] [ccr_centralized_planner]: Received state 39 from robotA
[ccr_centralized_planner-15] [INFO] [1729090819.342048916] [ccr_centralized_planner]: 
[ccr_centralized_planner-15] 
[ccr_centralized_planner-15]  did not replan 
[ccr_centralized_planner-15] 
[ccr_centralized_planner-15] [INFO] [1729090819.342723178] [ccr_centralized_planner]: Sent plan [39, 53, 51, 32, 35, 10, 9] to robotA
[ccr_local_planner-14] [INFO] [1729090819.450416104] [robotA.ccr_local_planner]: new state 53
[ccr_centralized_planner-15] [INFO] [1729090819.450557850] [ccr_centralized_planner]: Received state 53 from robotA
[ccr_centralized_planner-15] [INFO] [1729090819.542888092] [ccr_centralized_planner]: 
[ccr_centralized_planner-15] 
[ccr_centralized_planner-15]  did not replan 
[ccr_centralized_planner-15] 
[ccr_centralized_planner-15] [INFO] [1729090819.543698709] [ccr_centralized_planner]: Sent plan [53, 51, 32, 35, 10, 9] to robotA
[ccr_local_planner-14] [INFO] [1729090819.543990646] [robotA.ccr_local_planner]: new plan: [53, 51, 32], remainder: [35, 10, 9]
[ccr_centralized_planner-15] [INFO] [1729090819.645673279] [ccr_centralized_planner]: Received state 53 from robotA
[ccr_centralized_planner-15] [INFO] [1729090819.743592664] [ccr_centralized_planner]: 
[ccr_centralized_planner-15] 
[ccr_centralized_planner-15]  did not replan 
[ccr_centralized_planner-15] 
[ccr_centralized_planner-15] [INFO] [1729090819.744330817] [ccr_centralized_planner]: Sent plan [53, 51, 32, 35, 10, 9] to robotA
[ccr_centralized_planner-15] [INFO] [1729090819.846039758] [ccr_centralized_planner]: Received state 53 from robotA
[ccr_centralized_planner-15] [INFO] [1729090819.943870880] [ccr_centralized_planner]: 
[ccr_centralized_planner-15] 
[ccr_centralized_planner-15]  did not replan 
[ccr_centralized_planner-15] 
[ccr_centralized_planner-15] [INFO] [1729090819.944697538] [ccr_centralized_planner]: Sent plan [53, 51, 32, 35, 10, 9] to robotA
[ccr_centralized_planner-15] [INFO] [1729090820.046158044] [ccr_centralized_planner]: Received state 53 from robotA
[ccr_centralized_planner-15] [INFO] [1729090820.144798832] [ccr_centralized_planner]: 
[ccr_centralized_planner-15] 
[ccr_centralized_planner-15]  did not replan 
[ccr_centralized_planner-15] 
[ccr_centralized_planner-15] [INFO] [1729090820.145566669] [ccr_centralized_planner]: Sent plan [53, 51, 32, 35, 10, 9] to robotA
[ccr_centralized_planner-15] [INFO] [1729090820.246971291] [ccr_centralized_planner]: Received state 53 from robotA
[command_node-3] [INFO] [1729090820.344906597] [command_node]: robotA: running
[ccr_centralized_planner-15] [INFO] [1729090820.345404539] [ccr_centralized_planner]: 
[ccr_centralized_planner-15] 
[ccr_centralized_planner-15]  did not replan 
[ccr_centralized_planner-15] 
[ccr_centralized_planner-15] [INFO] [1729090820.346169301] [ccr_centralized_planner]: Sent plan [53, 51, 32, 35, 10, 9] to robotA
[ccr_centralized_planner-15] [INFO] [1729090820.447067104] [ccr_centralized_planner]: Received state 53 from robotA
[ccr_centralized_planner-15] [INFO] [1729090820.545260494] [ccr_centralized_planner]: 
[ccr_centralized_planner-15] 
[ccr_centralized_planner-15]  did not replan 
[ccr_centralized_planner-15] 
[ccr_centralized_planner-15] [INFO] [1729090820.546040124] [ccr_centralized_planner]: Sent plan [53, 51, 32, 35, 10, 9] to robotA
[ccr_centralized_planner-15] [INFO] [1729090820.648785276] [ccr_centralized_planner]: Received state 53 from robotA
[ccr_centralized_planner-15] [INFO] [1729090820.746189848] [ccr_centralized_planner]: 
[ccr_centralized_planner-15] 
[ccr_centralized_planner-15]  did not replan 
[ccr_centralized_planner-15] 
[ccr_centralized_planner-15] [INFO] [1729090820.746943389] [ccr_centralized_planner]: Sent plan [53, 51, 32, 35, 10, 9] to robotA
[ccr_centralized_planner-15] [INFO] [1729090820.848249356] [ccr_centralized_planner]: Received state 53 from robotA
[ccr_centralized_planner-15] [INFO] [1729090820.946099283] [ccr_centralized_planner]: 
[ccr_centralized_planner-15] 
[ccr_centralized_planner-15]  did not replan 
[ccr_centralized_planner-15] 
[ccr_centralized_planner-15] [INFO] [1729090820.946786499] [ccr_centralized_planner]: Sent plan [53, 51, 32, 35, 10, 9] to robotA
[ccr_centralized_planner-15] [INFO] [1729090821.047412624] [ccr_centralized_planner]: Received state 53 from robotA
[ccr_centralized_planner-15] [INFO] [1729090821.146402475] [ccr_centralized_planner]: 
[ccr_centralized_planner-15] 
[ccr_centralized_planner-15]  did not replan 
[ccr_centralized_planner-15] 
[ccr_centralized_planner-15] [INFO] [1729090821.147097626] [ccr_centralized_planner]: Sent plan [53, 51, 32, 35, 10, 9] to robotA
[ccr_centralized_planner-15] [INFO] [1729090821.247801036] [ccr_centralized_planner]: Received state 53 from robotA
[ccr_centralized_planner-15] [INFO] [1729090821.347046594] [ccr_centralized_planner]: 
[ccr_centralized_planner-15] 
[ccr_centralized_planner-15]  did not replan 
[ccr_centralized_planner-15] 
[ccr_centralized_planner-15] [INFO] [1729090821.347867511] [ccr_centralized_planner]: Sent plan [53, 51, 32, 35, 10, 9] to robotA
[ccr_centralized_planner-15] [INFO] [1729090821.449524386] [ccr_centralized_planner]: Received state 53 from robotA
[ccr_centralized_planner-15] [INFO] [1729090821.547681177] [ccr_centralized_planner]: 
[ccr_centralized_planner-15] 
[ccr_centralized_planner-15]  did not replan 
[ccr_centralized_planner-15] 
[ccr_centralized_planner-15] [INFO] [1729090821.548454325] [ccr_centralized_planner]: Sent plan [53, 51, 32, 35, 10, 9] to robotA
[ccr_centralized_planner-15] [INFO] [1729090821.653457394] [ccr_centralized_planner]: Received state 53 from robotA
[ccr_centralized_planner-15] [INFO] [1729090821.749017303] [ccr_centralized_planner]: 
[ccr_centralized_planner-15] 
[ccr_centralized_planner-15]  did not replan 
[ccr_centralized_planner-15] 
[ccr_centralized_planner-15] [INFO] [1729090821.750236606] [ccr_centralized_planner]: Sent plan [53, 51, 32, 35, 10, 9] to robotA
[ccr_centralized_planner-15] [INFO] [1729090821.850417646] [ccr_centralized_planner]: Received state 53 from robotA
[ccr_centralized_planner-15] [INFO] [1729090821.949128385] [ccr_centralized_planner]: 
[ccr_centralized_planner-15] 
[ccr_centralized_planner-15]  did not replan 
[ccr_centralized_planner-15] 
[ccr_centralized_planner-15] [INFO] [1729090821.949847211] [ccr_centralized_planner]: Sent plan [53, 51, 32, 35, 10, 9] to robotA
[ccr_centralized_planner-15] [INFO] [1729090822.052227780] [ccr_centralized_planner]: Received state 53 from robotA
[ccr_centralized_planner-15] [INFO] [1729090822.149809414] [ccr_centralized_planner]: 
[ccr_centralized_planner-15] 
[ccr_centralized_planner-15]  did not replan 
[ccr_centralized_planner-15] 
[ccr_centralized_planner-15] [INFO] [1729090822.150727263] [ccr_centralized_planner]: Sent plan [53, 51, 32, 35, 10, 9] to robotA
[ccr_centralized_planner-15] [INFO] [1729090822.254028917] [ccr_centralized_planner]: Received state 51 from robotA
[ccr_local_planner-14] [INFO] [1729090822.254238529] [robotA.ccr_local_planner]: new state 51
[ccr_centralized_planner-15] [INFO] [1729090822.350264059] [ccr_centralized_planner]: 
[ccr_centralized_planner-15] 
[ccr_centralized_planner-15]  did not replan 
[ccr_centralized_planner-15] 
[command_node-3] [INFO] [1729090822.350268928] [command_node]: robotA: running
[ccr_centralized_planner-15] [INFO] [1729090822.351247831] [ccr_centralized_planner]: Sent plan [51, 32, 35, 10, 9] to robotA
[ccr_local_planner-14] [INFO] [1729090822.351773906] [robotA.ccr_local_planner]: new plan: [51, 32, 35], remainder: [10, 9]
[ccr_centralized_planner-15] [INFO] [1729090822.452243337] [ccr_centralized_planner]: Received state 51 from robotA
[ccr_centralized_planner-15] [INFO] [1729090822.650462638] [ccr_centralized_planner]: 
[ccr_centralized_planner-15] 
[ccr_centralized_planner-15]  did not replan 
[ccr_centralized_planner-15] 
[ccr_centralized_planner-15] [INFO] [1729090822.651254460] [ccr_centralized_planner]: Sent plan [51, 32, 35, 10, 9] to robotA
[ccr_centralized_planner-15] [INFO] [1729090822.653831936] [ccr_centralized_planner]: Received state 51 from robotA
[ccr_centralized_planner-15] [INFO] [1729090822.850843314] [ccr_centralized_planner]: 
[ccr_centralized_planner-15] 
[ccr_centralized_planner-15]  did not replan 
[ccr_centralized_planner-15] 
[ccr_centralized_planner-15] [INFO] [1729090822.851481960] [ccr_centralized_planner]: Sent plan [51, 32, 35, 10, 9] to robotA
[ccr_centralized_planner-15] [INFO] [1729090822.853304352] [ccr_centralized_planner]: Received state 51 from robotA
[ccr_centralized_planner-15] [INFO] [1729090823.051467627] [ccr_centralized_planner]: 
[ccr_centralized_planner-15] 
[ccr_centralized_planner-15]  did not replan 
[ccr_centralized_planner-15] 
[ccr_centralized_planner-15] [INFO] [1729090823.052270601] [ccr_centralized_planner]: Sent plan [51, 32, 35, 10, 9] to robotA
[ccr_centralized_planner-15] [INFO] [1729090823.053130010] [ccr_centralized_planner]: Received state 51 from robotA
[ccr_centralized_planner-15] [INFO] [1729090823.252233255] [ccr_centralized_planner]: 
[ccr_centralized_planner-15] 
[ccr_centralized_planner-15]  did not replan 
[ccr_centralized_planner-15] 
[ccr_centralized_planner-15] [INFO] [1729090823.253124574] [ccr_centralized_planner]: Sent plan [51, 32, 35, 10, 9] to robotA
[ccr_local_planner-14] [INFO] [1729090823.254048254] [robotA.ccr_local_planner]: new state 32
[ccr_centralized_planner-15] [INFO] [1729090823.254417946] [ccr_centralized_planner]: Received state 32 from robotA
[ccr_centralized_planner-15] [INFO] [1729090823.452395112] [ccr_centralized_planner]: 
[ccr_centralized_planner-15] 
[ccr_centralized_planner-15]  did not replan 
[ccr_centralized_planner-15] 
[ccr_centralized_planner-15] [INFO] [1729090823.453176786] [ccr_centralized_planner]: Sent plan [32, 35, 10, 9] to robotA
[ccr_centralized_planner-15] [INFO] [1729090823.454122426] [ccr_centralized_planner]: Received state 32 from robotA
[ccr_local_planner-14] [INFO] [1729090823.473417343] [robotA.ccr_local_planner]: new plan: [32, 35, 10], remainder: [9]
[ccr_centralized_planner-15] [INFO] [1729090823.653069429] [ccr_centralized_planner]: 
[ccr_centralized_planner-15] 
[ccr_centralized_planner-15]  did not replan 
[ccr_centralized_planner-15] 
[ccr_centralized_planner-15] [INFO] [1729090823.653964655] [ccr_centralized_planner]: Sent plan [32, 35, 10, 9] to robotA
[ccr_centralized_planner-15] [INFO] [1729090823.656165376] [ccr_centralized_planner]: Received state 32 from robotA
[ccr_centralized_planner-15] [INFO] [1729090823.853529163] [ccr_centralized_planner]: 
[ccr_centralized_planner-15] 
[ccr_centralized_planner-15]  did not replan 
[ccr_centralized_planner-15] 
[ccr_centralized_planner-15] [INFO] [1729090823.854435540] [ccr_centralized_planner]: Sent plan [32, 35, 10, 9] to robotA
[ccr_centralized_planner-15] [INFO] [1729090823.856477223] [ccr_centralized_planner]: Received state 32 from robotA
[ccr_centralized_planner-15] [INFO] [1729090824.054163536] [ccr_centralized_planner]: 
[ccr_centralized_planner-15] 
[ccr_centralized_planner-15]  did not replan 
[ccr_centralized_planner-15] 
[ccr_centralized_planner-15] [INFO] [1729090824.055009099] [ccr_centralized_planner]: Sent plan [32, 35, 10, 9] to robotA
[ccr_centralized_planner-15] [INFO] [1729090824.058374149] [ccr_centralized_planner]: Received state 32 from robotA
[ccr_centralized_planner-15] [INFO] [1729090824.254352945] [ccr_centralized_planner]: 
[ccr_centralized_planner-15] 
[ccr_centralized_planner-15]  did not replan 
[ccr_centralized_planner-15] 
[ccr_centralized_planner-15] [INFO] [1729090824.255054909] [ccr_centralized_planner]: Sent plan [32, 35, 10, 9] to robotA
[ccr_centralized_planner-15] [INFO] [1729090824.262210216] [ccr_centralized_planner]: Received state 32 from robotA
[command_node-3] [INFO] [1729090824.455078316] [command_node]: robotA: running
[ccr_centralized_planner-15] [INFO] [1729090824.455126697] [ccr_centralized_planner]: 
[ccr_centralized_planner-15] 
[ccr_centralized_planner-15]  did not replan 
[ccr_centralized_planner-15] 
[ccr_centralized_planner-15] [INFO] [1729090824.455916927] [ccr_centralized_planner]: Sent plan [32, 35, 10, 9] to robotA
[ccr_centralized_planner-15] [INFO] [1729090824.457054917] [ccr_centralized_planner]: Received state 32 from robotA
[ccr_centralized_planner-15] [INFO] [1729090824.655515620] [ccr_centralized_planner]: 
[ccr_centralized_planner-15] 
[ccr_centralized_planner-15]  did not replan 
[ccr_centralized_planner-15] 
[ccr_centralized_planner-15] [INFO] [1729090824.656196925] [ccr_centralized_planner]: Sent plan [32, 35, 10, 9] to robotA
[ccr_centralized_planner-15] [INFO] [1729090824.658494788] [ccr_centralized_planner]: Received state 32 from robotA
[ccr_centralized_planner-15] [INFO] [1729090824.855912166] [ccr_centralized_planner]: 
[ccr_centralized_planner-15] 
[ccr_centralized_planner-15]  did not replan 
[ccr_centralized_planner-15] 
[ccr_centralized_planner-15] [INFO] [1729090824.856667169] [ccr_centralized_planner]: Sent plan [32, 35, 10, 9] to robotA
[ccr_centralized_planner-15] [INFO] [1729090824.858730773] [ccr_centralized_planner]: Received state 32 from robotA
[ccr_centralized_planner-15] [INFO] [1729090825.056169001] [ccr_centralized_planner]: 
[ccr_centralized_planner-15] 
[ccr_centralized_planner-15]  did not replan 
[ccr_centralized_planner-15] 
[ccr_centralized_planner-15] [INFO] [1729090825.057001219] [ccr_centralized_planner]: Sent plan [32, 35, 10, 9] to robotA
[ccr_local_planner-14] [INFO] [1729090825.159778010] [robotA.ccr_local_planner]: new state 35
[ccr_centralized_planner-15] [INFO] [1729090825.159824087] [ccr_centralized_planner]: Received state 35 from robotA
[ccr_centralized_planner-15] [INFO] [1729090825.256808112] [ccr_centralized_planner]: 
[ccr_centralized_planner-15] 
[ccr_centralized_planner-15]  did not replan 
[ccr_centralized_planner-15] 
[ccr_centralized_planner-15] [INFO] [1729090825.257689011] [ccr_centralized_planner]: Sent plan [35, 10, 9] to robotA
[ccr_local_planner-14] [INFO] [1729090825.257812573] [robotA.ccr_local_planner]: new plan: [35, 10, 9]
[ccr_centralized_planner-15] [INFO] [1729090825.365947706] [ccr_centralized_planner]: Received state 35 from robotA
[ccr_centralized_planner-15] [INFO] [1729090825.457127884] [ccr_centralized_planner]: 
[ccr_centralized_planner-15] 
[ccr_centralized_planner-15]  did not replan 
[ccr_centralized_planner-15] 
[ccr_centralized_planner-15] [INFO] [1729090825.457843314] [ccr_centralized_planner]: Sent plan [35, 10, 9] to robotA
[ccr_centralized_planner-15] [INFO] [1729090825.559896460] [ccr_centralized_planner]: Received state 35 from robotA
[ccr_centralized_planner-15] [INFO] [1729090825.657486160] [ccr_centralized_planner]: 
[ccr_centralized_planner-15] 
[ccr_centralized_planner-15]  did not replan 
[ccr_centralized_planner-15] 
[ccr_centralized_planner-15] [INFO] [1729090825.658194887] [ccr_centralized_planner]: Sent plan [35, 10, 9] to robotA
[ccr_centralized_planner-15] [INFO] [1729090825.760039402] [ccr_centralized_planner]: Received state 35 from robotA
[ccr_centralized_planner-15] [INFO] [1729090825.857739247] [ccr_centralized_planner]: 
[ccr_centralized_planner-15] 
[ccr_centralized_planner-15]  did not replan 
[ccr_centralized_planner-15] 
[ccr_centralized_planner-15] [INFO] [1729090825.858687453] [ccr_centralized_planner]: Sent plan [35, 10, 9] to robotA
[ccr_centralized_planner-15] [INFO] [1729090825.960055446] [ccr_centralized_planner]: Received state 35 from robotA
[ccr_centralized_planner-15] [INFO] [1729090826.058195316] [ccr_centralized_planner]: 
[ccr_centralized_planner-15] 
[ccr_centralized_planner-15]  did not replan 
[ccr_centralized_planner-15] 
[ccr_centralized_planner-15] [INFO] [1729090826.059024859] [ccr_centralized_planner]: Sent plan [35, 10, 9] to robotA
[ccr_centralized_planner-15] [INFO] [1729090826.161123069] [ccr_centralized_planner]: Received state 35 from robotA
[ccr_centralized_planner-15] [INFO] [1729090826.258230496] [ccr_centralized_planner]: 
[ccr_centralized_planner-15] 
[ccr_centralized_planner-15]  did not replan 
[ccr_centralized_planner-15] 
[ccr_centralized_planner-15] [INFO] [1729090826.259042196] [ccr_centralized_planner]: Sent plan [35, 10, 9] to robotA
[ccr_centralized_planner-15] [INFO] [1729090826.360820537] [ccr_centralized_planner]: Received state 10 from robotA
[ccr_local_planner-14] [INFO] [1729090826.360844421] [robotA.ccr_local_planner]: new state 10
[ccr_centralized_planner-15] [INFO] [1729090826.458801378] [ccr_centralized_planner]: 
[ccr_centralized_planner-15] 
[ccr_centralized_planner-15]  did not replan 
[ccr_centralized_planner-15] 
[command_node-3] [INFO] [1729090826.458925611] [command_node]: robotA: running
[ccr_centralized_planner-15] [INFO] [1729090826.459618508] [ccr_centralized_planner]: Sent plan [10, 9] to robotA
[ccr_local_planner-14] [INFO] [1729090826.463788235] [robotA.ccr_local_planner]: new plan: [10, 9]
[ccr_centralized_planner-15] [INFO] [1729090826.561725165] [ccr_centralized_planner]: Received state 10 from robotA
[ccr_centralized_planner-15] [INFO] [1729090826.659639111] [ccr_centralized_planner]: 
[ccr_centralized_planner-15] 
[ccr_centralized_planner-15]  did not replan 
[ccr_centralized_planner-15] 
[ccr_centralized_planner-15] [INFO] [1729090826.660616431] [ccr_centralized_planner]: Sent plan [10, 9] to robotA
[ccr_centralized_planner-15] [INFO] [1729090826.761999944] [ccr_centralized_planner]: Received state 10 from robotA
[ccr_centralized_planner-15] [INFO] [1729090826.859721299] [ccr_centralized_planner]: 
[ccr_centralized_planner-15] 
[ccr_centralized_planner-15]  did not replan 
[ccr_centralized_planner-15] 
[ccr_centralized_planner-15] [INFO] [1729090826.860579906] [ccr_centralized_planner]: Sent plan [10, 9] to robotA
[ccr_centralized_planner-15] [INFO] [1729090826.961442884] [ccr_centralized_planner]: Received state 10 from robotA
[ccr_centralized_planner-15] [INFO] [1729090827.512773943] [ccr_centralized_planner]: 
[ccr_centralized_planner-15] 
[ccr_centralized_planner-15]  did not replan 
[ccr_centralized_planner-15] 
[ccr_centralized_planner-15] [INFO] [1729090827.514430645] [ccr_centralized_planner]: Sent plan [10, 9] to robotA
[ccr_centralized_planner-15] [INFO] [1729090827.515763791] [ccr_centralized_planner]: Received state 10 from robotA
[ccr_centralized_planner-15] [INFO] [1729090827.516912742] [ccr_centralized_planner]: 
[ccr_centralized_planner-15] 
[ccr_centralized_planner-15]  did not replan 
[ccr_centralized_planner-15] 
[ccr_centralized_planner-15] [INFO] [1729090827.517732036] [ccr_centralized_planner]: Sent plan [10, 9] to robotA
[ccr_centralized_planner-15] [INFO] [1729090827.518514982] [ccr_centralized_planner]: Received state 10 from robotA
[ccr_centralized_planner-15] [INFO] [1729090827.589171675] [ccr_centralized_planner]: Received state 10 from robotA
[ccr_centralized_planner-15] [INFO] [1729090827.797243441] [ccr_centralized_planner]: 
[ccr_centralized_planner-15] 
[ccr_centralized_planner-15]  did not replan 
[ccr_centralized_planner-15] 
[ccr_centralized_planner-15] [INFO] [1729090827.797987725] [ccr_centralized_planner]: Sent plan [10, 9] to robotA
[ccr_centralized_planner-15] [INFO] [1729090827.799140473] [ccr_centralized_planner]: Received state 10 from robotA
[ccr_centralized_planner-15] [INFO] [1729090827.862711769] [ccr_centralized_planner]: 
[ccr_centralized_planner-15] 
[ccr_centralized_planner-15]  did not replan 
[ccr_centralized_planner-15] 
[ccr_centralized_planner-15] [INFO] [1729090827.863537104] [ccr_centralized_planner]: Sent plan [10, 9] to robotA
[ccr_centralized_planner-15] [INFO] [1729090827.964888957] [ccr_centralized_planner]: Received state 10 from robotA
[ccr_centralized_planner-15] [INFO] [1729090828.062974936] [ccr_centralized_planner]: 
[ccr_centralized_planner-15] 
[ccr_centralized_planner-15]  did not replan 
[ccr_centralized_planner-15] 
[ccr_centralized_planner-15] [INFO] [1729090828.063698651] [ccr_centralized_planner]: Sent plan [10, 9] to robotA
[ccr_centralized_planner-15] [INFO] [1729090828.167402858] [ccr_centralized_planner]: Received state 10 from robotA
[ccr_centralized_planner-15] [INFO] [1729090828.263319986] [ccr_centralized_planner]: 
[ccr_centralized_planner-15] 
[ccr_centralized_planner-15]  did not replan 
[ccr_centralized_planner-15] 
[ccr_centralized_planner-15] [INFO] [1729090828.263910442] [ccr_centralized_planner]: Sent plan [10, 9] to robotA
[ccr_local_planner-14] [INFO] [1729090828.365560503] [robotA.ccr_local_planner]: new state 9
[ccr_goal_provider-12] [INFO] [1729090828.365708530] [ccr_goal_provider]: [32mgoal completed:[0m robotA reached goal 9, going to goal 1 within state 1
[ccr_centralized_planner-15] [INFO] [1729090828.365825118] [ccr_centralized_planner]: Received state 9 from robotA
[ccr_centralized_planner-15] [INFO] [1729090828.464260070] [ccr_centralized_planner]: 
[ccr_centralized_planner-15] 
[ccr_centralized_planner-15]  did not replan 
[ccr_centralized_planner-15] 
[command_node-3] [INFO] [1729090828.464324901] [command_node]: robotA: running
[ccr_centralized_planner-15] [INFO] [1729090828.465108539] [ccr_centralized_planner]: Sent plan [9] to robotA
[ccr_centralized_planner-15] [INFO] [1729090828.466154958] [ccr_centralized_planner]: Received goal 1 from robotA
[ccr_local_planner-14] [INFO] [1729090828.467008065] [robotA.ccr_local_planner]: new plan: [9]
[ccr_centralized_planner-15] [INFO] [1729090828.566007324] [ccr_centralized_planner]: Received state 9 from robotA
[ccr_centralized_planner-15] [INFO] [1729090828.764836055] [ccr_centralized_planner]: 
[ccr_centralized_planner-15] 
[ccr_centralized_planner-15]  replaned due to new goal
[ccr_centralized_planner-15] 
[ccr_centralized_planner-15] [INFO] [1729090828.787357162] [ccr_centralized_planner]: Sent plan [9, 11, 35, 50, 51, 53, 39, 55, 56, 57, 5, 1] to robotA
[ccr_centralized_planner-15] [INFO] [1729090828.787811522] [ccr_centralized_planner]: Received state 9 from robotA
[ccr_local_planner-14] [INFO] [1729090828.794725648] [robotA.ccr_local_planner]: new plan: [9, 11, 35], remainder: [50, 51, 53, 39, 55, 56, 57, 5, 1]
[ccr_centralized_planner-15] [INFO] [1729090828.965004965] [ccr_centralized_planner]: 
[ccr_centralized_planner-15] 
[ccr_centralized_planner-15]  did not replan 
[ccr_centralized_planner-15] 
[ccr_centralized_planner-15] [INFO] [1729090828.965776229] [ccr_centralized_planner]: Sent plan [9, 11, 35, 50, 51, 53, 39, 55, 56, 57, 5, 1] to robotA
[ccr_centralized_planner-15] [INFO] [1729090828.967094788] [ccr_centralized_planner]: Received state 9 from robotA
[ccr_centralized_planner-15] [INFO] [1729090829.165425306] [ccr_centralized_planner]: 
[ccr_centralized_planner-15] 
[ccr_centralized_planner-15]  did not replan 
[ccr_centralized_planner-15] 
[ccr_centralized_planner-15] [INFO] [1729090829.166237788] [ccr_centralized_planner]: Sent plan [9, 11, 35, 50, 51, 53, 39, 55, 56, 57, 5, 1] to robotA
[ccr_centralized_planner-15] [INFO] [1729090829.167427806] [ccr_centralized_planner]: Received state 9 from robotA
[ccr_centralized_planner-15] [INFO] [1729090829.366055961] [ccr_centralized_planner]: 
[ccr_centralized_planner-15] 
[ccr_centralized_planner-15]  did not replan 
[ccr_centralized_planner-15] 
[ccr_centralized_planner-15] [INFO] [1729090829.366751213] [ccr_centralized_planner]: Sent plan [9, 11, 35, 50, 51, 53, 39, 55, 56, 57, 5, 1] to robotA
[ccr_centralized_planner-15] [INFO] [1729090829.367871441] [ccr_centralized_planner]: Received state 9 from robotA
[ccr_centralized_planner-15] [INFO] [1729090829.566781133] [ccr_centralized_planner]: 
[ccr_centralized_planner-15] 
[ccr_centralized_planner-15]  did not replan 
[ccr_centralized_planner-15] 
[ccr_centralized_planner-15] [INFO] [1729090829.567676219] [ccr_centralized_planner]: Sent plan [9, 11, 35, 50, 51, 53, 39, 55, 56, 57, 5, 1] to robotA
[ccr_centralized_planner-15] [INFO] [1729090829.571243698] [ccr_centralized_planner]: Received state 9 from robotA
[ccr_centralized_planner-15] [INFO] [1729090829.767020736] [ccr_centralized_planner]: 
[ccr_centralized_planner-15] 
[ccr_centralized_planner-15]  did not replan 
[ccr_centralized_planner-15] 
[ccr_centralized_planner-15] [INFO] [1729090829.767786069] [ccr_centralized_planner]: Sent plan [9, 11, 35, 50, 51, 53, 39, 55, 56, 57, 5, 1] to robotA
[ccr_centralized_planner-15] [INFO] [1729090829.775910470] [ccr_centralized_planner]: Received state 9 from robotA
[ccr_centralized_planner-15] [INFO] [1729090829.967475171] [ccr_centralized_planner]: 
[ccr_centralized_planner-15] 
[ccr_centralized_planner-15]  did not replan 
[ccr_centralized_planner-15] 
[ccr_centralized_planner-15] [INFO] [1729090829.968162878] [ccr_centralized_planner]: Sent plan [9, 11, 35, 50, 51, 53, 39, 55, 56, 57, 5, 1] to robotA
[ccr_centralized_planner-15] [INFO] [1729090829.978828538] [ccr_centralized_planner]: Received state 9 from robotA
[ccr_centralized_planner-15] [INFO] [1729090830.168287546] [ccr_centralized_planner]: 
[ccr_centralized_planner-15] 
[ccr_centralized_planner-15]  did not replan 
[ccr_centralized_planner-15] 
[ccr_centralized_planner-15] [INFO] [1729090830.169339315] [ccr_centralized_planner]: Sent plan [9, 11, 35, 50, 51, 53, 39, 55, 56, 57, 5, 1] to robotA
[ccr_centralized_planner-15] [INFO] [1729090830.183811091] [ccr_centralized_planner]: Received state 9 from robotA
[ccr_centralized_planner-15] [INFO] [1729090830.368523381] [ccr_centralized_planner]: 
[ccr_centralized_planner-15] 
[ccr_centralized_planner-15]  did not replan 
[ccr_centralized_planner-15] 
[ccr_centralized_planner-15] [INFO] [1729090830.369653447] [ccr_centralized_planner]: Sent plan [9, 11, 35, 50, 51, 53, 39, 55, 56, 57, 5, 1] to robotA
[ccr_centralized_planner-15] [INFO] [1729090830.370709114] [ccr_centralized_planner]: Received state 9 from robotA
[ccr_centralized_planner-15] [INFO] [1729090830.568973418] [ccr_centralized_planner]: 
[ccr_centralized_planner-15] 
[ccr_centralized_planner-15]  did not replan 
[ccr_centralized_planner-15] 
[command_node-3] [INFO] [1729090830.569581777] [command_node]: robotA: running
[ccr_centralized_planner-15] [INFO] [1729090830.570190427] [ccr_centralized_planner]: Sent plan [9, 11, 35, 50, 51, 53, 39, 55, 56, 57, 5, 1] to robotA
[ccr_centralized_planner-15] [INFO] [1729090830.572569912] [ccr_centralized_planner]: Received state 9 from robotA
[ccr_centralized_planner-15] [INFO] [1729090830.769083008] [ccr_centralized_planner]: 
[ccr_centralized_planner-15] 
[ccr_centralized_planner-15]  did not replan 
[ccr_centralized_planner-15] 
[ccr_centralized_planner-15] [INFO] [1729090830.769773391] [ccr_centralized_planner]: Sent plan [9, 11, 35, 50, 51, 53, 39, 55, 56, 57, 5, 1] to robotA
[ccr_centralized_planner-15] [INFO] [1729090830.878015354] [ccr_centralized_planner]: Received state 9 from robotA
[ccr_centralized_planner-15] [INFO] [1729090830.970614900] [ccr_centralized_planner]: 
[ccr_centralized_planner-15] 
[ccr_centralized_planner-15]  did not replan 
[ccr_centralized_planner-15] 
[ccr_centralized_planner-15] [INFO] [1729090830.971889015] [ccr_centralized_planner]: Sent plan [9, 11, 35, 50, 51, 53, 39, 55, 56, 57, 5, 1] to robotA
[ccr_centralized_planner-15] [INFO] [1729090831.081700257] [ccr_centralized_planner]: Received state 9 from robotA
[ccr_centralized_planner-15] [INFO] [1729090831.169952284] [ccr_centralized_planner]: 
[ccr_centralized_planner-15] 
[ccr_centralized_planner-15]  did not replan 
[ccr_centralized_planner-15] 
[ccr_centralized_planner-15] [INFO] [1729090831.170703540] [ccr_centralized_planner]: Sent plan [9, 11, 35, 50, 51, 53, 39, 55, 56, 57, 5, 1] to robotA
[ccr_centralized_planner-15] [INFO] [1729090831.272502521] [ccr_centralized_planner]: Received state 9 from robotA
[ccr_centralized_planner-15] [INFO] [1729090831.369732396] [ccr_centralized_planner]: 
[ccr_centralized_planner-15] 
[ccr_centralized_planner-15]  did not replan 
[ccr_centralized_planner-15] 
[ccr_centralized_planner-15] [INFO] [1729090831.370268279] [ccr_centralized_planner]: Sent plan [9, 11, 35, 50, 51, 53, 39, 55, 56, 57, 5, 1] to robotA
[ccr_local_planner-14] [INFO] [1729090831.470948204] [robotA.ccr_local_planner]: new state 11
[ccr_centralized_planner-15] [INFO] [1729090831.471510707] [ccr_centralized_planner]: Received state 11 from robotA
[ccr_centralized_planner-15] [INFO] [1729090831.570611185] [ccr_centralized_planner]: 
[ccr_centralized_planner-15] 
[ccr_centralized_planner-15]  did not replan 
[ccr_centralized_planner-15] 
[ccr_centralized_planner-15] [INFO] [1729090831.571472979] [ccr_centralized_planner]: Sent plan [11, 35, 50, 51, 53, 39, 55, 56, 57, 5, 1] to robotA
[ccr_local_planner-14] [INFO] [1729090831.571576934] [robotA.ccr_local_planner]: new plan: [11, 35, 50], remainder: [51, 53, 39, 55, 56, 57, 5, 1]
[ccr_centralized_planner-15] [INFO] [1729090831.673011281] [ccr_centralized_planner]: Received state 11 from robotA
[ccr_centralized_planner-15] [INFO] [1729090831.770549494] [ccr_centralized_planner]: 
[ccr_centralized_planner-15] 
[ccr_centralized_planner-15]  did not replan 
[ccr_centralized_planner-15] 
[ccr_centralized_planner-15] [INFO] [1729090831.771300841] [ccr_centralized_planner]: Sent plan [11, 35, 50, 51, 53, 39, 55, 56, 57, 5, 1] to robotA
[ccr_centralized_planner-15] [INFO] [1729090831.872876824] [ccr_centralized_planner]: Received state 11 from robotA
[ccr_centralized_planner-15] [INFO] [1729090831.970533047] [ccr_centralized_planner]: 
[ccr_centralized_planner-15] 
[ccr_centralized_planner-15]  did not replan 
[ccr_centralized_planner-15] 
[ccr_centralized_planner-15] [INFO] [1729090831.971257914] [ccr_centralized_planner]: Sent plan [11, 35, 50, 51, 53, 39, 55, 56, 57, 5, 1] to robotA
[ccr_centralized_planner-15] [INFO] [1729090832.073607055] [ccr_centralized_planner]: Received state 11 from robotA
[ccr_centralized_planner-15] [INFO] [1729090832.171355431] [ccr_centralized_planner]: 
[ccr_centralized_planner-15] 
[ccr_centralized_planner-15]  did not replan 
[ccr_centralized_planner-15] 
[ccr_centralized_planner-15] [INFO] [1729090832.172381623] [ccr_centralized_planner]: Sent plan [11, 35, 50, 51, 53, 39, 55, 56, 57, 5, 1] to robotA
[ccr_centralized_planner-15] [INFO] [1729090832.273971071] [ccr_centralized_planner]: Received state 11 from robotA
[ccr_centralized_planner-15] [INFO] [1729090832.371936844] [ccr_centralized_planner]: 
[ccr_centralized_planner-15] 
[ccr_centralized_planner-15]  did not replan 
[ccr_centralized_planner-15] 
[ccr_centralized_planner-15] [INFO] [1729090832.372675988] [ccr_centralized_planner]: Sent plan [11, 35, 50, 51, 53, 39, 55, 56, 57, 5, 1] to robotA
[ccr_centralized_planner-15] [INFO] [1729090832.475463339] [ccr_centralized_planner]: Received state 11 from robotA
[command_node-3] [INFO] [1729090832.572700568] [command_node]: robotA: running
[ccr_centralized_planner-15] [INFO] [1729090832.572705167] [ccr_centralized_planner]: 
[ccr_centralized_planner-15] 
[ccr_centralized_planner-15]  did not replan 
[ccr_centralized_planner-15] 
[ccr_centralized_planner-15] [INFO] [1729090832.573419414] [ccr_centralized_planner]: Sent plan [11, 35, 50, 51, 53, 39, 55, 56, 57, 5, 1] to robotA
[ccr_centralized_planner-15] [INFO] [1729090832.674003740] [ccr_centralized_planner]: Received state 11 from robotA
[ccr_centralized_planner-15] [INFO] [1729090832.772758882] [ccr_centralized_planner]: 
[ccr_centralized_planner-15] 
[ccr_centralized_planner-15]  did not replan 
[ccr_centralized_planner-15] 
[ccr_centralized_planner-15] [INFO] [1729090832.773507193] [ccr_centralized_planner]: Sent plan [11, 35, 50, 51, 53, 39, 55, 56, 57, 5, 1] to robotA
[ccr_centralized_planner-15] [INFO] [1729090832.878327320] [ccr_centralized_planner]: Received state 11 from robotA
[ccr_centralized_planner-15] [INFO] [1729090832.973450009] [ccr_centralized_planner]: 
[ccr_centralized_planner-15] 
[ccr_centralized_planner-15]  did not replan 
[ccr_centralized_planner-15] 
[ccr_centralized_planner-15] [INFO] [1729090832.974517408] [ccr_centralized_planner]: Sent plan [11, 35, 50, 51, 53, 39, 55, 56, 57, 5, 1] to robotA
[ccr_local_planner-14] [INFO] [1729090833.078775242] [robotA.ccr_local_planner]: new state 35
[ccr_centralized_planner-15] [INFO] [1729090833.078914863] [ccr_centralized_planner]: Received state 35 from robotA
[ccr_centralized_planner-15] [INFO] [1729090833.173380694] [ccr_centralized_planner]: 
[ccr_centralized_planner-15] 
[ccr_centralized_planner-15]  did not replan 
[ccr_centralized_planner-15] 
[ccr_centralized_planner-15] [INFO] [1729090833.174188456] [ccr_centralized_planner]: Sent plan [35, 50, 51, 53, 39, 55, 56, 57, 5, 1] to robotA
[ccr_local_planner-14] [INFO] [1729090833.174374455] [robotA.ccr_local_planner]: new plan: [35, 50, 51], remainder: [53, 39, 55, 56, 57, 5, 1]
[ccr_centralized_planner-15] [INFO] [1729090833.275684259] [ccr_centralized_planner]: Received state 35 from robotA
[ccr_centralized_planner-15] [INFO] [1729090833.373839707] [ccr_centralized_planner]: 
[ccr_centralized_planner-15] 
[ccr_centralized_planner-15]  did not replan 
[ccr_centralized_planner-15] 
[ccr_centralized_planner-15] [INFO] [1729090833.374800677] [ccr_centralized_planner]: Sent plan [35, 50, 51, 53, 39, 55, 56, 57, 5, 1] to robotA
[ccr_centralized_planner-15] [INFO] [1729090833.476488499] [ccr_centralized_planner]: Received state 35 from robotA
[ccr_centralized_planner-15] [INFO] [1729090833.574159751] [ccr_centralized_planner]: 
[ccr_centralized_planner-15] 
[ccr_centralized_planner-15]  did not replan 
[ccr_centralized_planner-15] 
[ccr_centralized_planner-15] [INFO] [1729090833.574938389] [ccr_centralized_planner]: Sent plan [35, 50, 51, 53, 39, 55, 56, 57, 5, 1] to robotA
[ccr_centralized_planner-15] [INFO] [1729090833.676744512] [ccr_centralized_planner]: Received state 35 from robotA
[ccr_centralized_planner-15] [INFO] [1729090833.774463364] [ccr_centralized_planner]: 
[ccr_centralized_planner-15] 
[ccr_centralized_planner-15]  did not replan 
[ccr_centralized_planner-15] 
[ccr_centralized_planner-15] [INFO] [1729090833.775251880] [ccr_centralized_planner]: Sent plan [35, 50, 51, 53, 39, 55, 56, 57, 5, 1] to robotA
[ccr_centralized_planner-15] [INFO] [1729090833.876852168] [ccr_centralized_planner]: Received state 35 from robotA
[ccr_centralized_planner-15] [INFO] [1729090834.074942977] [ccr_centralized_planner]: 
[ccr_centralized_planner-15] 
[ccr_centralized_planner-15]  did not replan 
[ccr_centralized_planner-15] 
[ccr_centralized_planner-15] [INFO] [1729090834.075739499] [ccr_centralized_planner]: Sent plan [35, 50, 51, 53, 39, 55, 56, 57, 5, 1] to robotA
[ccr_centralized_planner-15] [INFO] [1729090834.077135452] [ccr_centralized_planner]: Received state 35 from robotA
[ccr_centralized_planner-15] [INFO] [1729090834.275480108] [ccr_centralized_planner]: 
[ccr_centralized_planner-15] 
[ccr_centralized_planner-15]  did not replan 
[ccr_centralized_planner-15] 
[ccr_centralized_planner-15] [INFO] [1729090834.276234330] [ccr_centralized_planner]: Sent plan [35, 50, 51, 53, 39, 55, 56, 57, 5, 1] to robotA
[ccr_centralized_planner-15] [INFO] [1729090834.278079665] [ccr_centralized_planner]: Received state 35 from robotA
[ccr_centralized_planner-15] [INFO] [1729090834.475954800] [ccr_centralized_planner]: 
[ccr_centralized_planner-15] 
[ccr_centralized_planner-15]  did not replan 
[ccr_centralized_planner-15] 
[ccr_centralized_planner-15] [INFO] [1729090834.476726805] [ccr_centralized_planner]: Sent plan [35, 50, 51, 53, 39, 55, 56, 57, 5, 1] to robotA
[ccr_centralized_planner-15] [INFO] [1729090834.477607715] [ccr_centralized_planner]: Received state 35 from robotA
[ccr_centralized_planner-15] [INFO] [1729090834.676266157] [ccr_centralized_planner]: 
[ccr_centralized_planner-15] 
[ccr_centralized_planner-15]  did not replan 
[ccr_centralized_planner-15] 
[command_node-3] [INFO] [1729090834.676597628] [command_node]: robotA: running
[ccr_centralized_planner-15] [INFO] [1729090834.677046919] [ccr_centralized_planner]: Sent plan [35, 50, 51, 53, 39, 55, 56, 57, 5, 1] to robotA
[ccr_centralized_planner-15] [INFO] [1729090834.679034861] [ccr_centralized_planner]: Received state 35 from robotA
[ccr_centralized_planner-15] [INFO] [1729090834.876799170] [ccr_centralized_planner]: 
[ccr_centralized_planner-15] 
[ccr_centralized_planner-15]  did not replan 
[ccr_centralized_planner-15] 
[ccr_centralized_planner-15] [INFO] [1729090834.877533334] [ccr_centralized_planner]: Sent plan [35, 50, 51, 53, 39, 55, 56, 57, 5, 1] to robotA
[ccr_centralized_planner-15] [INFO] [1729090834.881693604] [ccr_centralized_planner]: Received state 35 from robotA
[ccr_centralized_planner-15] [INFO] [1729090835.077195716] [ccr_centralized_planner]: 
[ccr_centralized_planner-15] 
[ccr_centralized_planner-15]  did not replan 
[ccr_centralized_planner-15] 
[ccr_centralized_planner-15] [INFO] [1729090835.077955038] [ccr_centralized_planner]: Sent plan [35, 50, 51, 53, 39, 55, 56, 57, 5, 1] to robotA
[ccr_centralized_planner-15] [INFO] [1729090835.085139579] [ccr_centralized_planner]: Received state 35 from robotA
[ccr_centralized_planner-15] [INFO] [1729090835.277788661] [ccr_centralized_planner]: 
[ccr_centralized_planner-15] 
[ccr_centralized_planner-15]  did not replan 
[ccr_centralized_planner-15] 
[ccr_centralized_planner-15] [INFO] [1729090835.278725525] [ccr_centralized_planner]: Sent plan [35, 50, 51, 53, 39, 55, 56, 57, 5, 1] to robotA
[ccr_centralized_planner-15] [INFO] [1729090835.280478827] [ccr_centralized_planner]: Received state 50 from robotA
[ccr_local_planner-14] [INFO] [1729090835.280660788] [robotA.ccr_local_planner]: new state 50
[ccr_centralized_planner-15] [INFO] [1729090835.477332951] [ccr_centralized_planner]: 
[ccr_centralized_planner-15] 
[ccr_centralized_planner-15]  did not replan 
[ccr_centralized_planner-15] 
[ccr_centralized_planner-15] [INFO] [1729090835.478028233] [ccr_centralized_planner]: Sent plan [50, 51, 53, 39, 55, 56, 57, 5, 1] to robotA
[ccr_centralized_planner-15] [INFO] [1729090835.480333058] [ccr_centralized_planner]: Received state 50 from robotA
[ccr_local_planner-14] [INFO] [1729090835.511049750] [robotA.ccr_local_planner]: new plan: [50, 51, 53], remainder: [39, 55, 56, 57, 5, 1]
[ccr_centralized_planner-15] [INFO] [1729090835.677926226] [ccr_centralized_planner]: 
[ccr_centralized_planner-15] 
[ccr_centralized_planner-15]  did not replan 
[ccr_centralized_planner-15] 
[ccr_centralized_planner-15] [INFO] [1729090835.678662795] [ccr_centralized_planner]: Sent plan [50, 51, 53, 39, 55, 56, 57, 5, 1] to robotA
[ccr_centralized_planner-15] [INFO] [1729090835.680997937] [ccr_centralized_planner]: Received state 50 from robotA
[ccr_centralized_planner-15] [INFO] [1729090835.878276907] [ccr_centralized_planner]: 
[ccr_centralized_planner-15] 
[ccr_centralized_planner-15]  did not replan 
[ccr_centralized_planner-15] 
[ccr_centralized_planner-15] [INFO] [1729090835.879018977] [ccr_centralized_planner]: Sent plan [50, 51, 53, 39, 55, 56, 57, 5, 1] to robotA
[ccr_centralized_planner-15] [INFO] [1729090835.982438300] [ccr_centralized_planner]: Received state 50 from robotA
[ccr_centralized_planner-15] [INFO] [1729090836.078663495] [ccr_centralized_planner]: 
[ccr_centralized_planner-15] 
[ccr_centralized_planner-15]  did not replan 
[ccr_centralized_planner-15] 
[ccr_centralized_planner-15] [INFO] [1729090836.079396717] [ccr_centralized_planner]: Sent plan [50, 51, 53, 39, 55, 56, 57, 5, 1] to robotA
[ccr_centralized_planner-15] [INFO] [1729090836.187135830] [ccr_centralized_planner]: Received state 50 from robotA
[ccr_centralized_planner-15] [INFO] [1729090836.279041477] [ccr_centralized_planner]: 
[ccr_centralized_planner-15] 
[ccr_centralized_planner-15]  did not replan 
[ccr_centralized_planner-15] 
[ccr_centralized_planner-15] [INFO] [1729090836.279831907] [ccr_centralized_planner]: Sent plan [50, 51, 53, 39, 55, 56, 57, 5, 1] to robotA
[ccr_local_planner-14] [INFO] [1729090836.381044399] [robotA.ccr_local_planner]: new state 51
[ccr_centralized_planner-15] [INFO] [1729090836.381142543] [ccr_centralized_planner]: Received state 51 from robotA
[ccr_centralized_planner-15] [INFO] [1729090836.479295887] [ccr_centralized_planner]: 
[ccr_centralized_planner-15] 
[ccr_centralized_planner-15]  did not replan 
[ccr_centralized_planner-15] 
[ccr_centralized_planner-15] [INFO] [1729090836.480108358] [ccr_centralized_planner]: Sent plan [51, 53, 39, 55, 56, 57, 5, 1] to robotA
[ccr_local_planner-14] [INFO] [1729090836.480213004] [robotA.ccr_local_planner]: new plan: [51, 53, 39], remainder: [55, 56, 57, 5, 1]
[ccr_centralized_planner-15] [INFO] [1729090836.581647432] [ccr_centralized_planner]: Received state 51 from robotA
[ccr_centralized_planner-15] [INFO] [1729090836.679768035] [ccr_centralized_planner]: 
[ccr_centralized_planner-15] 
[ccr_centralized_planner-15]  did not replan 
[ccr_centralized_planner-15] 
[command_node-3] [INFO] [1729090836.679876178] [command_node]: robotA: running
[ccr_centralized_planner-15] [INFO] [1729090836.680502571] [ccr_centralized_planner]: Sent plan [51, 53, 39, 55, 56, 57, 5, 1] to robotA
[ccr_centralized_planner-15] [INFO] [1729090836.782454387] [ccr_centralized_planner]: Received state 51 from robotA
[ccr_centralized_planner-15] [INFO] [1729090836.880513576] [ccr_centralized_planner]: 
[ccr_centralized_planner-15] 
[ccr_centralized_planner-15]  did not replan 
[ccr_centralized_planner-15] 
[ccr_centralized_planner-15] [INFO] [1729090836.881405005] [ccr_centralized_planner]: Sent plan [51, 53, 39, 55, 56, 57, 5, 1] to robotA
[ccr_centralized_planner-15] [INFO] [1729090836.982749323] [ccr_centralized_planner]: Received state 51 from robotA
[ccr_centralized_planner-15] [INFO] [1729090837.080037117] [ccr_centralized_planner]: 
[ccr_centralized_planner-15] 
[ccr_centralized_planner-15]  did not replan 
[ccr_centralized_planner-15] 
[ccr_centralized_planner-15] [INFO] [1729090837.080802119] [ccr_centralized_planner]: Sent plan [51, 53, 39, 55, 56, 57, 5, 1] to robotA
[ccr_centralized_planner-15] [INFO] [1729090837.183397621] [ccr_centralized_planner]: Received state 51 from robotA
[ccr_centralized_planner-15] [INFO] [1729090837.280430338] [ccr_centralized_planner]: 
[ccr_centralized_planner-15] 
[ccr_centralized_planner-15]  did not replan 
[ccr_centralized_planner-15] 
[ccr_centralized_planner-15] [INFO] [1729090837.281001698] [ccr_centralized_planner]: Sent plan [51, 53, 39, 55, 56, 57, 5, 1] to robotA
[ccr_centralized_planner-15] [INFO] [1729090837.382023994] [ccr_centralized_planner]: Received state 51 from robotA
[ccr_centralized_planner-15] [INFO] [1729090837.481003294] [ccr_centralized_planner]: 
[ccr_centralized_planner-15] 
[ccr_centralized_planner-15]  did not replan 
[ccr_centralized_planner-15] 
[ccr_centralized_planner-15] [INFO] [1729090837.481752166] [ccr_centralized_planner]: Sent plan [51, 53, 39, 55, 56, 57, 5, 1] to robotA
[ccr_centralized_planner-15] [INFO] [1729090837.583519648] [ccr_centralized_planner]: Received state 51 from robotA
[ccr_centralized_planner-15] [INFO] [1729090837.682046732] [ccr_centralized_planner]: 
[ccr_centralized_planner-15] 
[ccr_centralized_planner-15]  did not replan 
[ccr_centralized_planner-15] 
[ccr_centralized_planner-15] [INFO] [1729090837.683098502] [ccr_centralized_planner]: Sent plan [51, 53, 39, 55, 56, 57, 5, 1] to robotA
[ccr_centralized_planner-15] [INFO] [1729090837.785249050] [ccr_centralized_planner]: Received state 51 from robotA
[ccr_centralized_planner-15] [INFO] [1729090837.882014086] [ccr_centralized_planner]: 
[ccr_centralized_planner-15] 
[ccr_centralized_planner-15]  did not replan 
[ccr_centralized_planner-15] 
[ccr_centralized_planner-15] [INFO] [1729090837.882735356] [ccr_centralized_planner]: Sent plan [51, 53, 39, 55, 56, 57, 5, 1] to robotA
[ccr_centralized_planner-15] [INFO] [1729090837.986988651] [ccr_centralized_planner]: Received state 51 from robotA
[ccr_centralized_planner-15] [INFO] [1729090838.082293502] [ccr_centralized_planner]: 
[ccr_centralized_planner-15] 
[ccr_centralized_planner-15]  did not replan 
[ccr_centralized_planner-15] 
[ccr_centralized_planner-15] [INFO] [1729090838.082992581] [ccr_centralized_planner]: Sent plan [51, 53, 39, 55, 56, 57, 5, 1] to robotA
[ccr_centralized_planner-15] [INFO] [1729090838.193370604] [ccr_centralized_planner]: Received state 51 from robotA
[ccr_centralized_planner-15] [INFO] [1729090838.282772945] [ccr_centralized_planner]: 
[ccr_centralized_planner-15] 
[ccr_centralized_planner-15]  did not replan 
[ccr_centralized_planner-15] 
[ccr_centralized_planner-15] [INFO] [1729090838.283673641] [ccr_centralized_planner]: Sent plan [51, 53, 39, 55, 56, 57, 5, 1] to robotA
[ccr_centralized_planner-15] [INFO] [1729090838.385064637] [ccr_centralized_planner]: Received state 51 from robotA
[ccr_centralized_planner-15] [INFO] [1729090838.482738203] [ccr_centralized_planner]: 
[ccr_centralized_planner-15] 
[ccr_centralized_planner-15]  did not replan 
[ccr_centralized_planner-15] 
[ccr_centralized_planner-15] [INFO] [1729090838.483580530] [ccr_centralized_planner]: Sent plan [51, 53, 39, 55, 56, 57, 5, 1] to robotA
[ccr_centralized_planner-15] [INFO] [1729090838.584849689] [ccr_centralized_planner]: Received state 51 from robotA
[command_node-3] [INFO] [1729090838.682827885] [command_node]: robotA: running
[ccr_centralized_planner-15] [INFO] [1729090838.682928143] [ccr_centralized_planner]: 
[ccr_centralized_planner-15] 
[ccr_centralized_planner-15]  did not replan 
[ccr_centralized_planner-15] 
[ccr_centralized_planner-15] [INFO] [1729090838.683665083] [ccr_centralized_planner]: Sent plan [51, 53, 39, 55, 56, 57, 5, 1] to robotA
[ccr_centralized_planner-15] [INFO] [1729090838.786571707] [ccr_centralized_planner]: Received state 51 from robotA
[ccr_centralized_planner-15] [INFO] [1729090838.983588005] [ccr_centralized_planner]: 
[ccr_centralized_planner-15] 
[ccr_centralized_planner-15]  did not replan 
[ccr_centralized_planner-15] 
[ccr_centralized_planner-15] [INFO] [1729090838.984349641] [ccr_centralized_planner]: Sent plan [51, 53, 39, 55, 56, 57, 5, 1] to robotA
[ccr_centralized_planner-15] [INFO] [1729090838.987120729] [ccr_centralized_planner]: Received state 53 from robotA
[ccr_local_planner-14] [INFO] [1729090838.987315994] [robotA.ccr_local_planner]: new state 53
[ccr_centralized_planner-15] [INFO] [1729090839.184199654] [ccr_centralized_planner]: 
[ccr_centralized_planner-15] 
[ccr_centralized_planner-15]  did not replan 
[ccr_centralized_planner-15] 
[ccr_centralized_planner-15] [INFO] [1729090839.185056018] [ccr_centralized_planner]: Sent plan [53, 39, 55, 56, 57, 5, 1] to robotA
[ccr_centralized_planner-15] [INFO] [1729090839.186807777] [ccr_centralized_planner]: Received state 53 from robotA
[ccr_local_planner-14] [INFO] [1729090839.208475165] [robotA.ccr_local_planner]: new plan: [53, 39, 55], remainder: [56, 57, 5, 1]
[ccr_centralized_planner-15] [INFO] [1729090839.385543895] [ccr_centralized_planner]: 
[ccr_centralized_planner-15] 
[ccr_centralized_planner-15]  did not replan 
[ccr_centralized_planner-15] 
[ccr_centralized_planner-15] [INFO] [1729090839.386293830] [ccr_centralized_planner]: Sent plan [53, 39, 55, 56, 57, 5, 1] to robotA
[ccr_centralized_planner-15] [INFO] [1729090839.387160703] [ccr_centralized_planner]: Received state 53 from robotA
[ccr_centralized_planner-15] [INFO] [1729090839.586243489] [ccr_centralized_planner]: 
[ccr_centralized_planner-15] 
[ccr_centralized_planner-15]  did not replan 
[ccr_centralized_planner-15] 
[ccr_centralized_planner-15] [INFO] [1729090839.587202725] [ccr_centralized_planner]: Sent plan [53, 39, 55, 56, 57, 5, 1] to robotA
[ccr_centralized_planner-15] [INFO] [1729090839.588392252] [ccr_centralized_planner]: Received state 53 from robotA
[ccr_centralized_planner-15] [INFO] [1729090839.786278178] [ccr_centralized_planner]: 
[ccr_centralized_planner-15] 
[ccr_centralized_planner-15]  did not replan 
[ccr_centralized_planner-15] 
[ccr_centralized_planner-15] [INFO] [1729090839.786867291] [ccr_centralized_planner]: Sent plan [53, 39, 55, 56, 57, 5, 1] to robotA
[ccr_centralized_planner-15] [INFO] [1729090839.788883035] [ccr_centralized_planner]: Received state 53 from robotA
[ccr_centralized_planner-15] [INFO] [1729090839.987351191] [ccr_centralized_planner]: 
[ccr_centralized_planner-15] 
[ccr_centralized_planner-15]  did not replan 
[ccr_centralized_planner-15] 
[ccr_centralized_planner-15] [INFO] [1729090839.988239334] [ccr_centralized_planner]: Sent plan [53, 39, 55, 56, 57, 5, 1] to robotA
[ccr_centralized_planner-15] [INFO] [1729090839.991001837] [ccr_centralized_planner]: Received state 53 from robotA
[ccr_centralized_planner-15] [INFO] [1729090840.188060293] [ccr_centralized_planner]: 
[ccr_centralized_planner-15] 
[ccr_centralized_planner-15]  did not replan 
[ccr_centralized_planner-15] 
[ccr_centralized_planner-15] [INFO] [1729090840.189225966] [ccr_centralized_planner]: Sent plan [53, 39, 55, 56, 57, 5, 1] to robotA
[ccr_centralized_planner-15] [INFO] [1729090840.197519403] [ccr_centralized_planner]: Received state 53 from robotA
[ccr_centralized_planner-15] [INFO] [1729090840.387361139] [ccr_centralized_planner]: 
[ccr_centralized_planner-15] 
[ccr_centralized_planner-15]  did not replan 
[ccr_centralized_planner-15] 
[ccr_centralized_planner-15] [INFO] [1729090840.388134476] [ccr_centralized_planner]: Sent plan [53, 39, 55, 56, 57, 5, 1] to robotA
[ccr_centralized_planner-15] [INFO] [1729090840.389665653] [ccr_centralized_planner]: Received state 53 from robotA
[ccr_centralized_planner-15] [INFO] [1729090840.587594489] [ccr_centralized_planner]: 
[ccr_centralized_planner-15] 
[ccr_centralized_planner-15]  did not replan 
[ccr_centralized_planner-15] 
[ccr_centralized_planner-15] [INFO] [1729090840.588360523] [ccr_centralized_planner]: Sent plan [53, 39, 55, 56, 57, 5, 1] to robotA
[ccr_centralized_planner-15] [INFO] [1729090840.589493384] [ccr_centralized_planner]: Received state 53 from robotA
[ccr_centralized_planner-15] [INFO] [1729090840.787721321] [ccr_centralized_planner]: 
[ccr_centralized_planner-15] 
[ccr_centralized_planner-15]  did not replan 
[ccr_centralized_planner-15] 
[command_node-3] [INFO] [1729090840.787898052] [command_node]: robotA: running
[ccr_centralized_planner-15] [INFO] [1729090840.788587843] [ccr_centralized_planner]: Sent plan [53, 39, 55, 56, 57, 5, 1] to robotA
[ccr_centralized_planner-15] [INFO] [1729090840.790647349] [ccr_centralized_planner]: Received state 53 from robotA
[ccr_centralized_planner-15] [INFO] [1729090840.987901752] [ccr_centralized_planner]: 
[ccr_centralized_planner-15] 
[ccr_centralized_planner-15]  did not replan 
[ccr_centralized_planner-15] 
[ccr_centralized_planner-15] [INFO] [1729090840.988753728] [ccr_centralized_planner]: Sent plan [53, 39, 55, 56, 57, 5, 1] to robotA
[ccr_centralized_planner-15] [INFO] [1729090841.091051282] [ccr_centralized_planner]: Received state 53 from robotA
[ccr_centralized_planner-15] [INFO] [1729090841.187978861] [ccr_centralized_planner]: 
[ccr_centralized_planner-15] 
[ccr_centralized_planner-15]  did not replan 
[ccr_centralized_planner-15] 
[ccr_centralized_planner-15] [INFO] [1729090841.188595075] [ccr_centralized_planner]: Sent plan [53, 39, 55, 56, 57, 5, 1] to robotA
[ccr_local_planner-14] [INFO] [1729090841.295589653] [robotA.ccr_local_planner]: new state 39
[ccr_centralized_planner-15] [INFO] [1729090841.295675805] [ccr_centralized_planner]: Received state 39 from robotA
[ccr_centralized_planner-15] [INFO] [1729090841.388235486] [ccr_centralized_planner]: 
[ccr_centralized_planner-15] 
[ccr_centralized_planner-15]  did not replan 
[ccr_centralized_planner-15] 
[ccr_centralized_planner-15] [INFO] [1729090841.388948130] [ccr_centralized_planner]: Sent plan [39, 55, 56, 57, 5, 1] to robotA
[ccr_local_planner-14] [INFO] [1729090841.389340565] [robotA.ccr_local_planner]: new plan: [39, 55, 56], remainder: [57, 5, 1]
[ccr_centralized_planner-15] [INFO] [1729090841.490757069] [ccr_centralized_planner]: Received state 39 from robotA
[ccr_centralized_planner-15] [INFO] [1729090841.589183515] [ccr_centralized_planner]: 
[ccr_centralized_planner-15] 
[ccr_centralized_planner-15]  did not replan 
[ccr_centralized_planner-15] 
[ccr_centralized_planner-15] [INFO] [1729090841.590062420] [ccr_centralized_planner]: Sent plan [39, 55, 56, 57, 5, 1] to robotA
[ccr_centralized_planner-15] [INFO] [1729090841.691900023] [ccr_centralized_planner]: Received state 39 from robotA
[ccr_centralized_planner-15] [INFO] [1729090841.789848574] [ccr_centralized_planner]: 
[ccr_centralized_planner-15] 
[ccr_centralized_planner-15]  did not replan 
[ccr_centralized_planner-15] 
[ccr_centralized_planner-15] [INFO] [1729090841.790816537] [ccr_centralized_planner]: Sent plan [39, 55, 56, 57, 5, 1] to robotA
[ccr_centralized_planner-15] [INFO] [1729090841.892246326] [ccr_centralized_planner]: Received state 39 from robotA
[ccr_centralized_planner-15] [INFO] [1729090841.990155332] [ccr_centralized_planner]: 
[ccr_centralized_planner-15] 
[ccr_centralized_planner-15]  did not replan 
[ccr_centralized_planner-15] 
[ccr_centralized_planner-15] [INFO] [1729090841.991064364] [ccr_centralized_planner]: Sent plan [39, 55, 56, 57, 5, 1] to robotA
[ccr_local_planner-14] [INFO] [1729090842.091595782] [robotA.ccr_local_planner]: new state 55
[ccr_centralized_planner-15] [INFO] [1729090842.091746764] [ccr_centralized_planner]: Received state 55 from robotA
[ccr_centralized_planner-15] [INFO] [1729090842.190703012] [ccr_centralized_planner]: 
[ccr_centralized_planner-15] 
[ccr_centralized_planner-15]  did not replan 
[ccr_centralized_planner-15] 
[ccr_centralized_planner-15] [INFO] [1729090842.191642000] [ccr_centralized_planner]: Sent plan [55, 56, 57, 5, 1] to robotA
[ccr_local_planner-14] [INFO] [1729090842.192054352] [robotA.ccr_local_planner]: new plan: [55, 56, 57], remainder: [5, 1]
[ccr_centralized_planner-15] [INFO] [1729090842.292717396] [ccr_centralized_planner]: Received state 55 from robotA
[ccr_centralized_planner-15] [INFO] [1729090842.390776354] [ccr_centralized_planner]: 
[ccr_centralized_planner-15] 
[ccr_centralized_planner-15]  did not replan 
[ccr_centralized_planner-15] 
[ccr_centralized_planner-15] [INFO] [1729090842.391497424] [ccr_centralized_planner]: Sent plan [55, 56, 57, 5, 1] to robotA
[ccr_centralized_planner-15] [INFO] [1729090842.492562239] [ccr_centralized_planner]: Received state 55 from robotA
[ccr_centralized_planner-15] [INFO] [1729090842.591279350] [ccr_centralized_planner]: 
[ccr_centralized_planner-15] 
[ccr_centralized_planner-15]  did not replan 
[ccr_centralized_planner-15] 
[ccr_centralized_planner-15] [INFO] [1729090842.592472784] [ccr_centralized_planner]: Sent plan [55, 56, 57, 5, 1] to robotA
[ccr_centralized_planner-15] [INFO] [1729090842.693624743] [ccr_centralized_planner]: Received state 55 from robotA
[command_node-3] [INFO] [1729090842.791452959] [command_node]: robotA: running
[ccr_centralized_planner-15] [INFO] [1729090842.791454853] [ccr_centralized_planner]: 
[ccr_centralized_planner-15] 
[ccr_centralized_planner-15]  did not replan 
[ccr_centralized_planner-15] 
[ccr_centralized_planner-15] [INFO] [1729090842.792280288] [ccr_centralized_planner]: Sent plan [55, 56, 57, 5, 1] to robotA
[ccr_centralized_planner-15] [INFO] [1729090842.894020689] [ccr_centralized_planner]: Received state 55 from robotA
[ccr_centralized_planner-15] [INFO] [1729090842.991756521] [ccr_centralized_planner]: 
[ccr_centralized_planner-15] 
[ccr_centralized_planner-15]  did not replan 
[ccr_centralized_planner-15] 
[ccr_centralized_planner-15] [INFO] [1729090842.992592687] [ccr_centralized_planner]: Sent plan [55, 56, 57, 5, 1] to robotA
[ccr_centralized_planner-15] [INFO] [1729090843.093251112] [ccr_centralized_planner]: Received state 55 from robotA
[ccr_centralized_planner-15] [INFO] [1729090843.192750977] [ccr_centralized_planner]: 
[ccr_centralized_planner-15] 
[ccr_centralized_planner-15]  did not replan 
[ccr_centralized_planner-15] 
[ccr_centralized_planner-15] [INFO] [1729090843.193556856] [ccr_centralized_planner]: Sent plan [55, 56, 57, 5, 1] to robotA
[ccr_centralized_planner-15] [INFO] [1729090843.294894663] [ccr_centralized_planner]: Received state 55 from robotA
[ccr_centralized_planner-15] [INFO] [1729090843.393120744] [ccr_centralized_planner]: 
[ccr_centralized_planner-15] 
[ccr_centralized_planner-15]  did not replan 
[ccr_centralized_planner-15] 
[ccr_centralized_planner-15] [INFO] [1729090843.393898150] [ccr_centralized_planner]: Sent plan [55, 56, 57, 5, 1] to robotA
[ccr_centralized_planner-15] [INFO] [1729090843.498626795] [ccr_centralized_planner]: Received state 55 from robotA
[ccr_centralized_planner-15] [INFO] [1729090843.593325792] [ccr_centralized_planner]: 
[ccr_centralized_planner-15] 
[ccr_centralized_planner-15]  did not replan 
[ccr_centralized_planner-15] 
[ccr_centralized_planner-15] [INFO] [1729090843.593956603] [ccr_centralized_planner]: Sent plan [55, 56, 57, 5, 1] to robotA
[ccr_centralized_planner-15] [INFO] [1729090843.695990122] [ccr_centralized_planner]: Received state 55 from robotA
[ccr_centralized_planner-15] [INFO] [1729090843.793891095] [ccr_centralized_planner]: 
[ccr_centralized_planner-15] 
[ccr_centralized_planner-15]  did not replan 
[ccr_centralized_planner-15] 
[ccr_centralized_planner-15] [INFO] [1729090843.794714717] [ccr_centralized_planner]: Sent plan [55, 56, 57, 5, 1] to robotA
[ccr_centralized_planner-15] [INFO] [1729090843.897463696] [ccr_centralized_planner]: Received state 55 from robotA
[ccr_centralized_planner-15] [INFO] [1729090843.995046321] [ccr_centralized_planner]: 
[ccr_centralized_planner-15] 
[ccr_centralized_planner-15]  did not replan 
[ccr_centralized_planner-15] 
[ccr_centralized_planner-15] [INFO] [1729090843.996276715] [ccr_centralized_planner]: Sent plan [55, 56, 57, 5, 1] to robotA
[ccr_centralized_planner-15] [INFO] [1729090844.096924259] [ccr_centralized_planner]: Received state 55 from robotA
[ccr_centralized_planner-15] [INFO] [1729090844.195209822] [ccr_centralized_planner]: 
[ccr_centralized_planner-15] 
[ccr_centralized_planner-15]  did not replan 
[ccr_centralized_planner-15] 
[ccr_centralized_planner-15] [INFO] [1729090844.195955528] [ccr_centralized_planner]: Sent plan [55, 56, 57, 5, 1] to robotA
[ccr_centralized_planner-15] [INFO] [1729090844.297518557] [ccr_centralized_planner]: Received state 55 from robotA
[ccr_centralized_planner-15] [INFO] [1729090844.395702919] [ccr_centralized_planner]: 
[ccr_centralized_planner-15] 
[ccr_centralized_planner-15]  did not replan 
[ccr_centralized_planner-15] 
[ccr_centralized_planner-15] [INFO] [1729090844.396423268] [ccr_centralized_planner]: Sent plan [55, 56, 57, 5, 1] to robotA
[ccr_local_planner-14] [INFO] [1729090844.498682199] [robotA.ccr_local_planner]: new state 56
[ccr_centralized_planner-15] [INFO] [1729090844.498997089] [ccr_centralized_planner]: Received state 56 from robotA
[ccr_centralized_planner-15] [INFO] [1729090844.696389240] [ccr_centralized_planner]: 
[ccr_centralized_planner-15] 
[ccr_centralized_planner-15]  did not replan 
[ccr_centralized_planner-15] 
[ccr_centralized_planner-15] [INFO] [1729090844.697146578] [ccr_centralized_planner]: Sent plan [56, 57, 5, 1] to robotA
[ccr_centralized_planner-15] [INFO] [1729090844.698642188] [ccr_centralized_planner]: Received state 56 from robotA
[ccr_local_planner-14] [INFO] [1729090844.768807731] [robotA.ccr_local_planner]: new plan: [56, 57, 5], remainder: [1]
[command_node-3] [INFO] [1729090844.896431654] [command_node]: robotA: running
[ccr_centralized_planner-15] [INFO] [1729090844.896540057] [ccr_centralized_planner]: 
[ccr_centralized_planner-15] 
[ccr_centralized_planner-15]  did not replan 
[ccr_centralized_planner-15] 
[ccr_centralized_planner-15] [INFO] [1729090844.897371123] [ccr_centralized_planner]: Sent plan [56, 57, 5, 1] to robotA
[ccr_centralized_planner-15] [INFO] [1729090844.898296365] [ccr_centralized_planner]: Received state 56 from robotA
[ccr_centralized_planner-15] [INFO] [1729090845.097139042] [ccr_centralized_planner]: 
[ccr_centralized_planner-15] 
[ccr_centralized_planner-15]  did not replan 
[ccr_centralized_planner-15] 
[ccr_centralized_planner-15] [INFO] [1729090845.098227560] [ccr_centralized_planner]: Sent plan [56, 57, 5, 1] to robotA
[ccr_centralized_planner-15] [INFO] [1729090845.099307693] [ccr_centralized_planner]: Received state 56 from robotA
[ccr_centralized_planner-15] [INFO] [1729090845.297320346] [ccr_centralized_planner]: 
[ccr_centralized_planner-15] 
[ccr_centralized_planner-15]  did not replan 
[ccr_centralized_planner-15] 
[ccr_centralized_planner-15] [INFO] [1729090845.298379840] [ccr_centralized_planner]: Sent plan [56, 57, 5, 1] to robotA
[ccr_centralized_planner-15] [INFO] [1729090845.299994363] [ccr_centralized_planner]: Received state 56 from robotA
[ccr_centralized_planner-15] [INFO] [1729090845.497777787] [ccr_centralized_planner]: 
[ccr_centralized_planner-15] 
[ccr_centralized_planner-15]  did not replan 
[ccr_centralized_planner-15] 
[ccr_centralized_planner-15] [INFO] [1729090845.498543931] [ccr_centralized_planner]: Sent plan [56, 57, 5, 1] to robotA
[ccr_centralized_planner-15] [INFO] [1729090845.499407188] [ccr_centralized_planner]: Received state 56 from robotA
[ccr_centralized_planner-15] [INFO] [1729090845.698849337] [ccr_centralized_planner]: 
[ccr_centralized_planner-15] 
[ccr_centralized_planner-15]  did not replan 
[ccr_centralized_planner-15] 
[ccr_centralized_planner-15] [INFO] [1729090845.699654274] [ccr_centralized_planner]: Sent plan [56, 57, 5, 1] to robotA
[ccr_centralized_planner-15] [INFO] [1729090845.700642695] [ccr_centralized_planner]: Received state 56 from robotA
[ccr_centralized_planner-15] [INFO] [1729090845.899431732] [ccr_centralized_planner]: 
[ccr_centralized_planner-15] 
[ccr_centralized_planner-15]  did not replan 
[ccr_centralized_planner-15] 
[ccr_centralized_planner-15] [INFO] [1729090845.900703453] [ccr_centralized_planner]: Sent plan [56, 57, 5, 1] to robotA
[ccr_centralized_planner-15] [INFO] [1729090845.902281788] [ccr_centralized_planner]: Received state 56 from robotA
[ccr_centralized_planner-15] [INFO] [1729090846.099181066] [ccr_centralized_planner]: 
[ccr_centralized_planner-15] 
[ccr_centralized_planner-15]  did not replan 
[ccr_centralized_planner-15] 
[ccr_centralized_planner-15] [INFO] [1729090846.099898910] [ccr_centralized_planner]: Sent plan [56, 57, 5, 1] to robotA
[ccr_centralized_planner-15] [INFO] [1729090846.105574907] [ccr_centralized_planner]: Received state 56 from robotA
[ccr_centralized_planner-15] [INFO] [1729090846.300348837] [ccr_centralized_planner]: 
[ccr_centralized_planner-15] 
[ccr_centralized_planner-15]  did not replan 
[ccr_centralized_planner-15] 
[ccr_centralized_planner-15] [INFO] [1729090846.300963528] [ccr_centralized_planner]: Sent plan [56, 57, 5, 1] to robotA
[ccr_centralized_planner-15] [INFO] [1729090846.307568174] [ccr_centralized_planner]: Received state 56 from robotA
[ccr_centralized_planner-15] [INFO] [1729090846.500865970] [ccr_centralized_planner]: 
[ccr_centralized_planner-15] 
[ccr_centralized_planner-15]  did not replan 
[ccr_centralized_planner-15] 
[ccr_centralized_planner-15] [INFO] [1729090846.501683581] [ccr_centralized_planner]: Sent plan [56, 57, 5, 1] to robotA
[ccr_centralized_planner-15] [INFO] [1729090846.503624545] [ccr_centralized_planner]: Received state 56 from robotA
[ccr_centralized_planner-15] [INFO] [1729090846.701247127] [ccr_centralized_planner]: 
[ccr_centralized_planner-15] 
[ccr_centralized_planner-15]  did not replan 
[ccr_centralized_planner-15] 
[ccr_centralized_planner-15] [INFO] [1729090846.701970291] [ccr_centralized_planner]: Sent plan [56, 57, 5, 1] to robotA
[ccr_centralized_planner-15] [INFO] [1729090846.703580386] [ccr_centralized_planner]: Received state 56 from robotA
[command_node-3] [INFO] [1729090846.901822238] [command_node]: robotA: running
[ccr_centralized_planner-15] [INFO] [1729090846.901978872] [ccr_centralized_planner]: 
[ccr_centralized_planner-15] 
[ccr_centralized_planner-15]  did not replan 
[ccr_centralized_planner-15] 
[ccr_centralized_planner-15] [INFO] [1729090846.902775022] [ccr_centralized_planner]: Sent plan [56, 57, 5, 1] to robotA
[ccr_centralized_planner-15] [INFO] [1729090846.904229085] [ccr_centralized_planner]: Received state 56 from robotA
[ccr_centralized_planner-15] [INFO] [1729090847.102292152] [ccr_centralized_planner]: 
[ccr_centralized_planner-15] 
[ccr_centralized_planner-15]  did not replan 
[ccr_centralized_planner-15] 
[ccr_centralized_planner-15] [INFO] [1729090847.103178141] [ccr_centralized_planner]: Sent plan [56, 57, 5, 1] to robotA
[ccr_local_planner-14] [INFO] [1729090847.208582882] [robotA.ccr_local_planner]: new state 57
[ccr_centralized_planner-15] [INFO] [1729090847.208938398] [ccr_centralized_planner]: Received state 57 from robotA
[ccr_centralized_planner-15] [INFO] [1729090847.303061096] [ccr_centralized_planner]: 
[ccr_centralized_planner-15] 
[ccr_centralized_planner-15]  did not replan 
[ccr_centralized_planner-15] 
[ccr_centralized_planner-15] [INFO] [1729090847.303853690] [ccr_centralized_planner]: Sent plan [57, 5, 1] to robotA
[ccr_local_planner-14] [INFO] [1729090847.303938008] [robotA.ccr_local_planner]: new plan: [57, 5, 1]
[ccr_centralized_planner-15] [INFO] [1729090847.415430417] [ccr_centralized_planner]: Received state 57 from robotA
[ccr_centralized_planner-15] [INFO] [1729090847.503447644] [ccr_centralized_planner]: 
[ccr_centralized_planner-15] 
[ccr_centralized_planner-15]  did not replan 
[ccr_centralized_planner-15] 
[ccr_centralized_planner-15] [INFO] [1729090847.504259895] [ccr_centralized_planner]: Sent plan [57, 5, 1] to robotA
[ccr_centralized_planner-15] [INFO] [1729090847.607238122] [ccr_centralized_planner]: Received state 57 from robotA
[ccr_centralized_planner-15] [INFO] [1729090847.703690823] [ccr_centralized_planner]: 
[ccr_centralized_planner-15] 
[ccr_centralized_planner-15]  did not replan 
[ccr_centralized_planner-15] 
[ccr_centralized_planner-15] [INFO] [1729090847.704540073] [ccr_centralized_planner]: Sent plan [57, 5, 1] to robotA
[ccr_centralized_planner-15] [INFO] [1729090847.805504240] [ccr_centralized_planner]: Received state 57 from robotA
[ccr_centralized_planner-15] [INFO] [1729090847.904322160] [ccr_centralized_planner]: 
[ccr_centralized_planner-15] 
[ccr_centralized_planner-15]  did not replan 
[ccr_centralized_planner-15] 
[ccr_centralized_planner-15] [INFO] [1729090847.905204932] [ccr_centralized_planner]: Sent plan [57, 5, 1] to robotA
[ccr_centralized_planner-15] [INFO] [1729090848.006577384] [ccr_centralized_planner]: Received state 57 from robotA
[ccr_centralized_planner-15] [INFO] [1729090848.105234932] [ccr_centralized_planner]: 
[ccr_centralized_planner-15] 
[ccr_centralized_planner-15]  did not replan 
[ccr_centralized_planner-15] 
[ccr_centralized_planner-15] [INFO] [1729090848.106266654] [ccr_centralized_planner]: Sent plan [57, 5, 1] to robotA
[ccr_centralized_planner-15] [INFO] [1729090848.206713402] [ccr_centralized_planner]: Received state 57 from robotA
[ccr_centralized_planner-15] [INFO] [1729090848.305162070] [ccr_centralized_planner]: 
[ccr_centralized_planner-15] 
[ccr_centralized_planner-15]  did not replan 
[ccr_centralized_planner-15] 
[ccr_centralized_planner-15] [INFO] [1729090848.305953322] [ccr_centralized_planner]: Sent plan [57, 5, 1] to robotA
[ccr_centralized_planner-15] [INFO] [1729090848.407860134] [ccr_centralized_planner]: Received state 57 from robotA
[ccr_centralized_planner-15] [INFO] [1729090848.505840876] [ccr_centralized_planner]: 
[ccr_centralized_planner-15] 
[ccr_centralized_planner-15]  did not replan 
[ccr_centralized_planner-15] 
[ccr_centralized_planner-15] [INFO] [1729090848.506607912] [ccr_centralized_planner]: Sent plan [57, 5, 1] to robotA
[ccr_centralized_planner-15] [INFO] [1729090848.608820576] [ccr_centralized_planner]: Received state 57 from robotA
[ccr_centralized_planner-15] [INFO] [1729090848.706245046] [ccr_centralized_planner]: 
[ccr_centralized_planner-15] 
[ccr_centralized_planner-15]  did not replan 
[ccr_centralized_planner-15] 
[ccr_centralized_planner-15] [INFO] [1729090848.706990642] [ccr_centralized_planner]: Sent plan [57, 5, 1] to robotA
[ccr_centralized_planner-15] [INFO] [1729090848.808744939] [ccr_centralized_planner]: Received state 57 from robotA
[ccr_centralized_planner-15] [INFO] [1729090848.906547206] [ccr_centralized_planner]: 
[ccr_centralized_planner-15] 
[ccr_centralized_planner-15]  did not replan 
[ccr_centralized_planner-15] 
[command_node-3] [INFO] [1729090848.906826970] [command_node]: robotA: running
[ccr_centralized_planner-15] [INFO] [1729090848.907302731] [ccr_centralized_planner]: Sent plan [57, 5, 1] to robotA
[ccr_centralized_planner-15] [INFO] [1729090849.009045366] [ccr_centralized_planner]: Received state 57 from robotA
[ccr_centralized_planner-15] [INFO] [1729090849.107054600] [ccr_centralized_planner]: 
[ccr_centralized_planner-15] 
[ccr_centralized_planner-15]  did not replan 
[ccr_centralized_planner-15] 
[ccr_centralized_planner-15] [INFO] [1729090849.107760862] [ccr_centralized_planner]: Sent plan [57, 5, 1] to robotA
[ccr_centralized_planner-15] [INFO] [1729090849.213460065] [ccr_centralized_planner]: Received state 57 from robotA
[ccr_centralized_planner-15] [INFO] [1729090849.307352221] [ccr_centralized_planner]: 
[ccr_centralized_planner-15] 
[ccr_centralized_planner-15]  did not replan 
[ccr_centralized_planner-15] 
[ccr_centralized_planner-15] [INFO] [1729090849.308094672] [ccr_centralized_planner]: Sent plan [57, 5, 1] to robotA
[ccr_centralized_planner-15] [INFO] [1729090849.418548657] [ccr_centralized_planner]: Received state 57 from robotA
[ccr_centralized_planner-15] [INFO] [1729090849.507633523] [ccr_centralized_planner]: 
[ccr_centralized_planner-15] 
[ccr_centralized_planner-15]  did not replan 
[ccr_centralized_planner-15] 
[ccr_centralized_planner-15] [INFO] [1729090849.508434031] [ccr_centralized_planner]: Sent plan [57, 5, 1] to robotA
[ccr_local_planner-14] [INFO] [1729090849.610190842] [robotA.ccr_local_planner]: new state 5
[ccr_centralized_planner-15] [INFO] [1729090849.610606059] [ccr_centralized_planner]: Received state 5 from robotA
[ccr_centralized_planner-15] [INFO] [1729090849.708741931] [ccr_centralized_planner]: 
[ccr_centralized_planner-15] 
[ccr_centralized_planner-15]  did not replan 
[ccr_centralized_planner-15] 
[ccr_centralized_planner-15] [INFO] [1729090849.709648809] [ccr_centralized_planner]: Sent plan [5, 1] to robotA
[ccr_local_planner-14] [INFO] [1729090849.709665190] [robotA.ccr_local_planner]: new plan: [5, 1]
[ccr_centralized_planner-15] [INFO] [1729090849.810712774] [ccr_centralized_planner]: Received state 5 from robotA
[ccr_centralized_planner-15] [INFO] [1729090849.908275402] [ccr_centralized_planner]: 
[ccr_centralized_planner-15] 
[ccr_centralized_planner-15]  did not replan 
[ccr_centralized_planner-15] 
[ccr_centralized_planner-15] [INFO] [1729090849.908696260] [ccr_centralized_planner]: Sent plan [5, 1] to robotA
[ccr_centralized_planner-15] [INFO] [1729090850.011531010] [ccr_centralized_planner]: Received state 5 from robotA
[ccr_centralized_planner-15] [INFO] [1729090850.109288242] [ccr_centralized_planner]: 
[ccr_centralized_planner-15] 
[ccr_centralized_planner-15]  did not replan 
[ccr_centralized_planner-15] 
[ccr_centralized_planner-15] [INFO] [1729090850.110109610] [ccr_centralized_planner]: Sent plan [5, 1] to robotA
[ccr_centralized_planner-15] [INFO] [1729090850.211616684] [ccr_centralized_planner]: Received state 5 from robotA
[ccr_centralized_planner-15] [INFO] [1729090850.409843940] [ccr_centralized_planner]: 
[ccr_centralized_planner-15] 
[ccr_centralized_planner-15]  did not replan 
[ccr_centralized_planner-15] 
[ccr_centralized_planner-15] [INFO] [1729090850.410545523] [ccr_centralized_planner]: Sent plan [5, 1] to robotA
[ccr_centralized_planner-15] [INFO] [1729090850.412547101] [ccr_centralized_planner]: Received state 5 from robotA
[ccr_centralized_planner-15] [INFO] [1729090850.610236218] [ccr_centralized_planner]: 
[ccr_centralized_planner-15] 
[ccr_centralized_planner-15]  did not replan 
[ccr_centralized_planner-15] 
[ccr_centralized_planner-15] [INFO] [1729090850.610956536] [ccr_centralized_planner]: Sent plan [5, 1] to robotA
[ccr_centralized_planner-15] [INFO] [1729090850.612261860] [ccr_centralized_planner]: Received state 5 from robotA
[ccr_centralized_planner-15] [INFO] [1729090850.810791311] [ccr_centralized_planner]: 
[ccr_centralized_planner-15] 
[ccr_centralized_planner-15]  did not replan 
[ccr_centralized_planner-15] 
[ccr_centralized_planner-15] [INFO] [1729090850.811693160] [ccr_centralized_planner]: Sent plan [5, 1] to robotA
[ccr_local_planner-14] [INFO] [1729090850.813359640] [robotA.ccr_local_planner]: new state 1
[ccr_centralized_planner-15] [INFO] [1729090850.813767594] [ccr_centralized_planner]: Received state 1 from robotA
[ccr_goal_provider-12] [INFO] [1729090850.813834559] [ccr_goal_provider]: [32mgoal completed:[0m robotA reached goal 1, going to goal 0 within state 9
[ccr_centralized_planner-15] [INFO] [1729090850.910756048] [ccr_centralized_planner]: Received goal 9 from robotA
[command_node-3] [INFO] [1729090851.010552779] [command_node]: robotA: running
[ccr_centralized_planner-15] [INFO] [1729090851.011031896] [ccr_centralized_planner]: 
[ccr_centralized_planner-15] 
[ccr_centralized_planner-15]  replaned due to new goal
[ccr_centralized_planner-15] 
[ccr_centralized_planner-15] [INFO] [1729090851.037040372] [ccr_centralized_planner]: Sent plan [1, 44, 45, 56, 55, 39, 53, 51, 32, 35, 10, 9] to robotA
[ccr_centralized_planner-15] [INFO] [1729090851.037585433] [ccr_centralized_planner]: Received state 1 from robotA
[ccr_local_planner-14] [INFO] [1729090851.055152864] [robotA.ccr_local_planner]: new plan: [1, 44, 45], remainder: [56, 55, 39, 53, 51, 32, 35, 10, 9]
[ccr_centralized_planner-15] [INFO] [1729090851.211535132] [ccr_centralized_planner]: 
[ccr_centralized_planner-15] 
[ccr_centralized_planner-15]  did not replan 
[ccr_centralized_planner-15] 
[ccr_centralized_planner-15] [INFO] [1729090851.212397958] [ccr_centralized_planner]: Sent plan [1, 44, 45, 56, 55, 39, 53, 51, 32, 35, 10, 9] to robotA
[ccr_centralized_planner-15] [INFO] [1729090851.219002734] [ccr_centralized_planner]: Received state 1 from robotA
[ccr_centralized_planner-15] [INFO] [1729090851.412092570] [ccr_centralized_planner]: 
[ccr_centralized_planner-15] 
[ccr_centralized_planner-15]  did not replan 
[ccr_centralized_planner-15] 
[ccr_centralized_planner-15] [INFO] [1729090851.412874524] [ccr_centralized_planner]: Sent plan [1, 44, 45, 56, 55, 39, 53, 51, 32, 35, 10, 9] to robotA
[ccr_centralized_planner-15] [INFO] [1729090851.421103441] [ccr_centralized_planner]: Received state 1 from robotA
[ccr_centralized_planner-15] [INFO] [1729090851.612520696] [ccr_centralized_planner]: 
[ccr_centralized_planner-15] 
[ccr_centralized_planner-15]  did not replan 
[ccr_centralized_planner-15] 
[ccr_centralized_planner-15] [INFO] [1729090851.613273575] [ccr_centralized_planner]: Sent plan [1, 44, 45, 56, 55, 39, 53, 51, 32, 35, 10, 9] to robotA
[ccr_centralized_planner-15] [INFO] [1729090851.626743025] [ccr_centralized_planner]: Received state 1 from robotA
[ccr_centralized_planner-15] [INFO] [1729090851.812803610] [ccr_centralized_planner]: 
[ccr_centralized_planner-15] 
[ccr_centralized_planner-15]  did not replan 
[ccr_centralized_planner-15] 
[ccr_centralized_planner-15] [INFO] [1729090851.813604289] [ccr_centralized_planner]: Sent plan [1, 44, 45, 56, 55, 39, 53, 51, 32, 35, 10, 9] to robotA
[ccr_centralized_planner-15] [INFO] [1729090851.828390383] [ccr_centralized_planner]: Received state 1 from robotA
[ccr_centralized_planner-15] [INFO] [1729090852.013817402] [ccr_centralized_planner]: 
[ccr_centralized_planner-15] 
[ccr_centralized_planner-15]  did not replan 
[ccr_centralized_planner-15] 
[ccr_centralized_planner-15] [INFO] [1729090852.014901682] [ccr_centralized_planner]: Sent plan [1, 44, 45, 56, 55, 39, 53, 51, 32, 35, 10, 9] to robotA
[ccr_centralized_planner-15] [INFO] [1729090852.034143068] [ccr_centralized_planner]: Received state 1 from robotA
[ccr_centralized_planner-15] [INFO] [1729090852.213953591] [ccr_centralized_planner]: 
[ccr_centralized_planner-15] 
[ccr_centralized_planner-15]  did not replan 
[ccr_centralized_planner-15] 
[ccr_centralized_planner-15] [INFO] [1729090852.214869325] [ccr_centralized_planner]: Sent plan [1, 44, 45, 56, 55, 39, 53, 51, 32, 35, 10, 9] to robotA
[ccr_centralized_planner-15] [INFO] [1729090852.216226296] [ccr_centralized_planner]: Received state 1 from robotA
[ccr_centralized_planner-15] [INFO] [1729090852.414300214] [ccr_centralized_planner]: 
[ccr_centralized_planner-15] 
[ccr_centralized_planner-15]  did not replan 
[ccr_centralized_planner-15] 
[ccr_centralized_planner-15] [INFO] [1729090852.415297211] [ccr_centralized_planner]: Sent plan [1, 44, 45, 56, 55, 39, 53, 51, 32, 35, 10, 9] to robotA
[ccr_centralized_planner-15] [INFO] [1729090852.416468304] [ccr_centralized_planner]: Received state 1 from robotA
[ccr_centralized_planner-15] [INFO] [1729090852.615140070] [ccr_centralized_planner]: 
[ccr_centralized_planner-15] 
[ccr_centralized_planner-15]  did not replan 
[ccr_centralized_planner-15] 
[ccr_centralized_planner-15] [INFO] [1729090852.616236634] [ccr_centralized_planner]: Sent plan [1, 44, 45, 56, 55, 39, 53, 51, 32, 35, 10, 9] to robotA
[ccr_centralized_planner-15] [INFO] [1729090852.617513775] [ccr_centralized_planner]: Received state 1 from robotA
[ccr_centralized_planner-15] [INFO] [1729090852.815364375] [ccr_centralized_planner]: 
[ccr_centralized_planner-15] 
[ccr_centralized_planner-15]  did not replan 
[ccr_centralized_planner-15] 
[ccr_centralized_planner-15] [INFO] [1729090852.816214176] [ccr_centralized_planner]: Sent plan [1, 44, 45, 56, 55, 39, 53, 51, 32, 35, 10, 9] to robotA
[ccr_centralized_planner-15] [INFO] [1729090852.817405867] [ccr_centralized_planner]: Received state 1 from robotA
[command_node-3] [INFO] [1729090853.015455400] [command_node]: robotA: running
[ccr_centralized_planner-15] [INFO] [1729090853.015491327] [ccr_centralized_planner]: 
[ccr_centralized_planner-15] 
[ccr_centralized_planner-15]  did not replan 
[ccr_centralized_planner-15] 
[ccr_centralized_planner-15] [INFO] [1729090853.016530483] [ccr_centralized_planner]: Sent plan [1, 44, 45, 56, 55, 39, 53, 51, 32, 35, 10, 9] to robotA
[ccr_centralized_planner-15] [INFO] [1729090853.129403347] [ccr_centralized_planner]: Received state 1 from robotA
[ccr_centralized_planner-15] [INFO] [1729090853.215567714] [ccr_centralized_planner]: 
[ccr_centralized_planner-15] 
[ccr_centralized_planner-15]  did not replan 
[ccr_centralized_planner-15] 
[ccr_centralized_planner-15] [INFO] [1729090853.216281159] [ccr_centralized_planner]: Sent plan [1, 44, 45, 56, 55, 39, 53, 51, 32, 35, 10, 9] to robotA
[ccr_centralized_planner-15] [INFO] [1729090853.325375840] [ccr_centralized_planner]: Received state 1 from robotA
[ccr_centralized_planner-15] [INFO] [1729090853.415886796] [ccr_centralized_planner]: 
[ccr_centralized_planner-15] 
[ccr_centralized_planner-15]  did not replan 
[ccr_centralized_planner-15] 
[ccr_centralized_planner-15] [INFO] [1729090853.416638012] [ccr_centralized_planner]: Sent plan [1, 44, 45, 56, 55, 39, 53, 51, 32, 35, 10, 9] to robotA
[ccr_centralized_planner-15] [INFO] [1729090853.519051713] [ccr_centralized_planner]: Received state 1 from robotA
[ccr_centralized_planner-15] [INFO] [1729090853.617271322] [ccr_centralized_planner]: 
[ccr_centralized_planner-15] 
[ccr_centralized_planner-15]  did not replan 
[ccr_centralized_planner-15] 
[ccr_centralized_planner-15] [INFO] [1729090853.618064767] [ccr_centralized_planner]: Sent plan [1, 44, 45, 56, 55, 39, 53, 51, 32, 35, 10, 9] to robotA
[ccr_local_planner-14] [INFO] [1729090853.719007244] [robotA.ccr_local_planner]: new state 44
[ccr_centralized_planner-15] [INFO] [1729090853.719310482] [ccr_centralized_planner]: Received state 44 from robotA
[ccr_centralized_planner-15] [INFO] [1729090853.817401069] [ccr_centralized_planner]: 
[ccr_centralized_planner-15] 
[ccr_centralized_planner-15]  did not replan 
[ccr_centralized_planner-15] 
[ccr_local_planner-14] [INFO] [1729090853.818154720] [robotA.ccr_local_planner]: new plan: [44, 45, 56], remainder: [55, 39, 53, 51, 32, 35, 10, 9]
[ccr_centralized_planner-15] [INFO] [1729090853.818178554] [ccr_centralized_planner]: Sent plan [44, 45, 56, 55, 39, 53, 51, 32, 35, 10, 9] to robotA
[ccr_centralized_planner-15] [INFO] [1729090853.920242611] [ccr_centralized_planner]: Received state 44 from robotA
[ccr_centralized_planner-15] [INFO] [1729090854.017682210] [ccr_centralized_planner]: 
[ccr_centralized_planner-15] 
[ccr_centralized_planner-15]  did not replan 
[ccr_centralized_planner-15] 
[ccr_centralized_planner-15] [INFO] [1729090854.018388101] [ccr_centralized_planner]: Sent plan [44, 45, 56, 55, 39, 53, 51, 32, 35, 10, 9] to robotA
[ccr_centralized_planner-15] [INFO] [1729090854.120740398] [ccr_centralized_planner]: Received state 44 from robotA
[ccr_centralized_planner-15] [INFO] [1729090854.218187519] [ccr_centralized_planner]: 
[ccr_centralized_planner-15] 
[ccr_centralized_planner-15]  did not replan 
[ccr_centralized_planner-15] 
[ccr_centralized_planner-15] [INFO] [1729090854.218951540] [ccr_centralized_planner]: Sent plan [44, 45, 56, 55, 39, 53, 51, 32, 35, 10, 9] to robotA
[ccr_centralized_planner-15] [INFO] [1729090854.320960003] [ccr_centralized_planner]: Received state 44 from robotA
[ccr_centralized_planner-15] [INFO] [1729090854.418727595] [ccr_centralized_planner]: 
[ccr_centralized_planner-15] 
[ccr_centralized_planner-15]  did not replan 
[ccr_centralized_planner-15] 
[ccr_centralized_planner-15] [INFO] [1729090854.419683765] [ccr_centralized_planner]: Sent plan [44, 45, 56, 55, 39, 53, 51, 32, 35, 10, 9] to robotA
[ccr_centralized_planner-15] [INFO] [1729090854.521764453] [ccr_centralized_planner]: Received state 44 from robotA
[ccr_centralized_planner-15] [INFO] [1729090854.618700448] [ccr_centralized_planner]: 
[ccr_centralized_planner-15] 
[ccr_centralized_planner-15]  did not replan 
[ccr_centralized_planner-15] 
[ccr_centralized_planner-15] [INFO] [1729090854.619421618] [ccr_centralized_planner]: Sent plan [44, 45, 56, 55, 39, 53, 51, 32, 35, 10, 9] to robotA
[ccr_centralized_planner-15] [INFO] [1729090854.719995024] [ccr_centralized_planner]: Received state 44 from robotA
[ccr_centralized_planner-15] [INFO] [1729090854.819196932] [ccr_centralized_planner]: 
[ccr_centralized_planner-15] 
[ccr_centralized_planner-15]  did not replan 
[ccr_centralized_planner-15] 
[ccr_centralized_planner-15] [INFO] [1729090854.819939672] [ccr_centralized_planner]: Sent plan [44, 45, 56, 55, 39, 53, 51, 32, 35, 10, 9] to robotA
[ccr_centralized_planner-15] [INFO] [1729090854.922546165] [ccr_centralized_planner]: Received state 44 from robotA
[ccr_centralized_planner-15] [INFO] [1729090855.019797701] [ccr_centralized_planner]: 
[ccr_centralized_planner-15] 
[ccr_centralized_planner-15]  did not replan 
[ccr_centralized_planner-15] 
[command_node-3] [INFO] [1729090855.019951108] [command_node]: robotA: running
[ccr_centralized_planner-15] [INFO] [1729090855.020533689] [ccr_centralized_planner]: Sent plan [44, 45, 56, 55, 39, 53, 51, 32, 35, 10, 9] to robotA
[ccr_centralized_planner-15] [INFO] [1729090855.121870784] [ccr_centralized_planner]: Received state 44 from robotA
[ccr_centralized_planner-15] [INFO] [1729090855.220042814] [ccr_centralized_planner]: 
[ccr_centralized_planner-15] 
[ccr_centralized_planner-15]  did not replan 
[ccr_centralized_planner-15] 
[ccr_centralized_planner-15] [INFO] [1729090855.220763563] [ccr_centralized_planner]: Sent plan [44, 45, 56, 55, 39, 53, 51, 32, 35, 10, 9] to robotA
[ccr_centralized_planner-15] [INFO] [1729090855.324344209] [ccr_centralized_planner]: Received state 44 from robotA
[ccr_centralized_planner-15] [INFO] [1729090855.420068837] [ccr_centralized_planner]: 
[ccr_centralized_planner-15] 
[ccr_centralized_planner-15]  did not replan 
[ccr_centralized_planner-15] 
[ccr_centralized_planner-15] [INFO] [1729090855.421093155] [ccr_centralized_planner]: Sent plan [44, 45, 56, 55, 39, 53, 51, 32, 35, 10, 9] to robotA
[ccr_centralized_planner-15] [INFO] [1729090855.527967418] [ccr_centralized_planner]: Received state 44 from robotA
[ccr_centralized_planner-15] [INFO] [1729090855.620132289] [ccr_centralized_planner]: 
[ccr_centralized_planner-15] 
[ccr_centralized_planner-15]  did not replan 
[ccr_centralized_planner-15] 
[ccr_centralized_planner-15] [INFO] [1729090855.620875321] [ccr_centralized_planner]: Sent plan [44, 45, 56, 55, 39, 53, 51, 32, 35, 10, 9] to robotA
[ccr_centralized_planner-15] [INFO] [1729090855.730480987] [ccr_centralized_planner]: Received state 44 from robotA
[ccr_centralized_planner-15] [INFO] [1729090855.820390367] [ccr_centralized_planner]: 
[ccr_centralized_planner-15] 
[ccr_centralized_planner-15]  did not replan 
[ccr_centralized_planner-15] 
[ccr_centralized_planner-15] [INFO] [1729090855.821152925] [ccr_centralized_planner]: Sent plan [44, 45, 56, 55, 39, 53, 51, 32, 35, 10, 9] to robotA
[ccr_centralized_planner-15] [INFO] [1729090855.932233183] [ccr_centralized_planner]: Received state 44 from robotA
[ccr_centralized_planner-15] [INFO] [1729090856.020990285] [ccr_centralized_planner]: 
[ccr_centralized_planner-15] 
[ccr_centralized_planner-15]  did not replan 
[ccr_centralized_planner-15] 
[ccr_centralized_planner-15] [INFO] [1729090856.021803688] [ccr_centralized_planner]: Sent plan [44, 45, 56, 55, 39, 53, 51, 32, 35, 10, 9] to robotA
[ccr_centralized_planner-15] [INFO] [1729090856.123436356] [ccr_centralized_planner]: Received state 44 from robotA
[ccr_centralized_planner-15] [INFO] [1729090856.221133196] [ccr_centralized_planner]: 
[ccr_centralized_planner-15] 
[ccr_centralized_planner-15]  did not replan 
[ccr_centralized_planner-15] 
[ccr_centralized_planner-15] [INFO] [1729090856.221968189] [ccr_centralized_planner]: Sent plan [44, 45, 56, 55, 39, 53, 51, 32, 35, 10, 9] to robotA
[ccr_centralized_planner-15] [INFO] [1729090856.323811923] [ccr_centralized_planner]: Received state 44 from robotA
[ccr_centralized_planner-15] [INFO] [1729090856.421488215] [ccr_centralized_planner]: 
[ccr_centralized_planner-15] 
[ccr_centralized_planner-15]  did not replan 
[ccr_centralized_planner-15] 
[ccr_centralized_planner-15] [INFO] [1729090856.422355459] [ccr_centralized_planner]: Sent plan [44, 45, 56, 55, 39, 53, 51, 32, 35, 10, 9] to robotA
[ccr_local_planner-14] [INFO] [1729090856.523892439] [robotA.ccr_local_planner]: new state 45
[ccr_centralized_planner-15] [INFO] [1729090856.523950347] [ccr_centralized_planner]: Received state 45 from robotA
[ccr_centralized_planner-15] [INFO] [1729090856.621734490] [ccr_centralized_planner]: 
[ccr_centralized_planner-15] 
[ccr_centralized_planner-15]  did not replan 
[ccr_centralized_planner-15] 
[ccr_local_planner-14] [INFO] [1729090856.622495194] [robotA.ccr_local_planner]: new plan: [45, 56, 55], remainder: [39, 53, 51, 32, 35, 10, 9]
[ccr_centralized_planner-15] [INFO] [1729090856.622609358] [ccr_centralized_planner]: Sent plan [45, 56, 55, 39, 53, 51, 32, 35, 10, 9] to robotA
[ccr_centralized_planner-15] [INFO] [1729090856.723943708] [ccr_centralized_planner]: Received state 45 from robotA
[ccr_centralized_planner-15] [INFO] [1729090856.822399950] [ccr_centralized_planner]: 
[ccr_centralized_planner-15] 
[ccr_centralized_planner-15]  did not replan 
[ccr_centralized_planner-15] 
[ccr_centralized_planner-15] [INFO] [1729090856.823384844] [ccr_centralized_planner]: Sent plan [45, 56, 55, 39, 53, 51, 32, 35, 10, 9] to robotA
[ccr_centralized_planner-15] [INFO] [1729090856.924617775] [ccr_centralized_planner]: Received state 45 from robotA
[ccr_centralized_planner-15] [INFO] [1729090857.122584602] [ccr_centralized_planner]: 
[ccr_centralized_planner-15] 
[ccr_centralized_planner-15]  did not replan 
[ccr_centralized_planner-15] 
[command_node-3] [INFO] [1729090857.122812599] [command_node]: robotA: running
[ccr_centralized_planner-15] [INFO] [1729090857.123318647] [ccr_centralized_planner]: Sent plan [45, 56, 55, 39, 53, 51, 32, 35, 10, 9] to robotA
[ccr_centralized_planner-15] [INFO] [1729090857.124859562] [ccr_centralized_planner]: Received state 45 from robotA
[ccr_centralized_planner-15] [INFO] [1729090857.322844363] [ccr_centralized_planner]: 
[ccr_centralized_planner-15] 
[ccr_centralized_planner-15]  did not replan 
[ccr_centralized_planner-15] 
[ccr_centralized_planner-15] [INFO] [1729090857.323597282] [ccr_centralized_planner]: Sent plan [45, 56, 55, 39, 53, 51, 32, 35, 10, 9] to robotA
[ccr_centralized_planner-15] [INFO] [1729090857.326380253] [ccr_centralized_planner]: Received state 45 from robotA
[ccr_centralized_planner-15] [INFO] [1729090857.522966155] [ccr_centralized_planner]: 
[ccr_centralized_planner-15] 
[ccr_centralized_planner-15]  did not replan 
[ccr_centralized_planner-15] 
[ccr_centralized_planner-15] [INFO] [1729090857.523737519] [ccr_centralized_planner]: Sent plan [45, 56, 55, 39, 53, 51, 32, 35, 10, 9] to robotA
[ccr_centralized_planner-15] [INFO] [1729090857.524648525] [ccr_centralized_planner]: Received state 45 from robotA
[ccr_centralized_planner-15] [INFO] [1729090857.723398578] [ccr_centralized_planner]: 
[ccr_centralized_planner-15] 
[ccr_centralized_planner-15]  did not replan 
[ccr_centralized_planner-15] 
[ccr_local_planner-14] [INFO] [1729090857.724096635] [robotA.ccr_local_planner]: new state 56
[ccr_centralized_planner-15] [INFO] [1729090857.724153452] [ccr_centralized_planner]: Sent plan [45, 56, 55, 39, 53, 51, 32, 35, 10, 9] to robotA
[ccr_centralized_planner-15] [INFO] [1729090857.725010426] [ccr_centralized_planner]: Received state 56 from robotA
[ccr_centralized_planner-15] [INFO] [1729090857.923814461] [ccr_centralized_planner]: 
[ccr_centralized_planner-15] 
[ccr_centralized_planner-15]  did not replan 
[ccr_centralized_planner-15] 
[ccr_centralized_planner-15] [INFO] [1729090857.924572751] [ccr_centralized_planner]: Sent plan [56, 55, 39, 53, 51, 32, 35, 10, 9] to robotA
[ccr_centralized_planner-15] [INFO] [1729090857.926356641] [ccr_centralized_planner]: Received state 56 from robotA
[ccr_local_planner-14] [INFO] [1729090857.941771322] [robotA.ccr_local_planner]: new plan: [56, 55, 39], remainder: [53, 51, 32, 35, 10, 9]
[ccr_centralized_planner-15] [INFO] [1729090858.123998369] [ccr_centralized_planner]: 
[ccr_centralized_planner-15] 
[ccr_centralized_planner-15]  did not replan 
[ccr_centralized_planner-15] 
[ccr_centralized_planner-15] [INFO] [1729090858.125057843] [ccr_centralized_planner]: Sent plan [56, 55, 39, 53, 51, 32, 35, 10, 9] to robotA
[ccr_centralized_planner-15] [INFO] [1729090858.128268736] [ccr_centralized_planner]: Received state 56 from robotA
[ccr_centralized_planner-15] [INFO] [1729090858.324499242] [ccr_centralized_planner]: 
[ccr_centralized_planner-15] 
[ccr_centralized_planner-15]  did not replan 
[ccr_centralized_planner-15] 
[ccr_centralized_planner-15] [INFO] [1729090858.325392013] [ccr_centralized_planner]: Sent plan [56, 55, 39, 53, 51, 32, 35, 10, 9] to robotA
[ccr_centralized_planner-15] [INFO] [1729090858.330319389] [ccr_centralized_planner]: Received state 56 from robotA
[ccr_centralized_planner-15] [INFO] [1729090858.525079222] [ccr_centralized_planner]: 
[ccr_centralized_planner-15] 
[ccr_centralized_planner-15]  did not replan 
[ccr_centralized_planner-15] 
[ccr_centralized_planner-15] [INFO] [1729090858.525967866] [ccr_centralized_planner]: Sent plan [56, 55, 39, 53, 51, 32, 35, 10, 9] to robotA
[ccr_centralized_planner-15] [INFO] [1729090858.528453710] [ccr_centralized_planner]: Received state 56 from robotA
[ccr_centralized_planner-15] [INFO] [1729090858.725619597] [ccr_centralized_planner]: 
[ccr_centralized_planner-15] 
[ccr_centralized_planner-15]  did not replan 
[ccr_centralized_planner-15] 
[ccr_centralized_planner-15] [INFO] [1729090858.726498182] [ccr_centralized_planner]: Sent plan [56, 55, 39, 53, 51, 32, 35, 10, 9] to robotA
[ccr_centralized_planner-15] [INFO] [1729090858.727965790] [ccr_centralized_planner]: Received state 56 from robotA
[ccr_centralized_planner-15] [INFO] [1729090858.925823574] [ccr_centralized_planner]: 
[ccr_centralized_planner-15] 
[ccr_centralized_planner-15]  did not replan 
[ccr_centralized_planner-15] 
[ccr_centralized_planner-15] [INFO] [1729090858.926643158] [ccr_centralized_planner]: Sent plan [56, 55, 39, 53, 51, 32, 35, 10, 9] to robotA
[ccr_centralized_planner-15] [INFO] [1729090858.929244809] [ccr_centralized_planner]: Received state 56 from robotA
[ccr_centralized_planner-15] [INFO] [1729090859.126260466] [ccr_centralized_planner]: 
[ccr_centralized_planner-15] 
[ccr_centralized_planner-15]  did not replan 
[ccr_centralized_planner-15] 
[command_node-3] [INFO] [1729090859.126293908] [command_node]: robotA: running
[ccr_centralized_planner-15] [INFO] [1729090859.127065934] [ccr_centralized_planner]: Sent plan [56, 55, 39, 53, 51, 32, 35, 10, 9] to robotA
[ccr_centralized_planner-15] [INFO] [1729090859.128604204] [ccr_centralized_planner]: Received state 56 from robotA
[ccr_centralized_planner-15] [INFO] [1729090859.326807554] [ccr_centralized_planner]: 
[ccr_centralized_planner-15] 
[ccr_centralized_planner-15]  did not replan 
[ccr_centralized_planner-15] 
[ccr_centralized_planner-15] [INFO] [1729090859.327534255] [ccr_centralized_planner]: Sent plan [56, 55, 39, 53, 51, 32, 35, 10, 9] to robotA
[ccr_centralized_planner-15] [INFO] [1729090859.330079801] [ccr_centralized_planner]: Received state 56 from robotA
[ccr_centralized_planner-15] [INFO] [1729090859.527080610] [ccr_centralized_planner]: 
[ccr_centralized_planner-15] 
[ccr_centralized_planner-15]  did not replan 
[ccr_centralized_planner-15] 
[ccr_centralized_planner-15] [INFO] [1729090859.527861502] [ccr_centralized_planner]: Sent plan [56, 55, 39, 53, 51, 32, 35, 10, 9] to robotA
[ccr_local_planner-14] [INFO] [1729090859.633505321] [robotA.ccr_local_planner]: new state 55
[ccr_centralized_planner-15] [INFO] [1729090859.634029322] [ccr_centralized_planner]: Received state 55 from robotA
[ccr_centralized_planner-15] [INFO] [1729090859.727422774] [ccr_centralized_planner]: 
[ccr_centralized_planner-15] 
[ccr_centralized_planner-15]  did not replan 
[ccr_centralized_planner-15] 
[ccr_centralized_planner-15] [INFO] [1729090859.728148192] [ccr_centralized_planner]: Sent plan [55, 39, 53, 51, 32, 35, 10, 9] to robotA
[ccr_local_planner-14] [INFO] [1729090859.728415723] [robotA.ccr_local_planner]: new plan: [55, 39, 53], remainder: [51, 32, 35, 10, 9]
[ccr_centralized_planner-15] [INFO] [1729090859.836227992] [ccr_centralized_planner]: Received state 55 from robotA
[ccr_centralized_planner-15] [INFO] [1729090859.927767514] [ccr_centralized_planner]: 
[ccr_centralized_planner-15] 
[ccr_centralized_planner-15]  did not replan 
[ccr_centralized_planner-15] 
[ccr_centralized_planner-15] [INFO] [1729090859.928491740] [ccr_centralized_planner]: Sent plan [55, 39, 53, 51, 32, 35, 10, 9] to robotA
[ccr_centralized_planner-15] [INFO] [1729090860.031346657] [ccr_centralized_planner]: Received state 55 from robotA
[ccr_centralized_planner-15] [INFO] [1729090860.128204707] [ccr_centralized_planner]: 
[ccr_centralized_planner-15] 
[ccr_centralized_planner-15]  did not replan 
[ccr_centralized_planner-15] 
[ccr_centralized_planner-15] [INFO] [1729090860.129044299] [ccr_centralized_planner]: Sent plan [55, 39, 53, 51, 32, 35, 10, 9] to robotA
[ccr_centralized_planner-15] [INFO] [1729090860.231158050] [ccr_centralized_planner]: Received state 55 from robotA
[ccr_centralized_planner-15] [INFO] [1729090860.328971790] [ccr_centralized_planner]: 
[ccr_centralized_planner-15] 
[ccr_centralized_planner-15]  did not replan 
[ccr_centralized_planner-15] 
[ccr_centralized_planner-15] [INFO] [1729090860.329979387] [ccr_centralized_planner]: Sent plan [55, 39, 53, 51, 32, 35, 10, 9] to robotA
[ccr_centralized_planner-15] [INFO] [1729090860.431181562] [ccr_centralized_planner]: Received state 55 from robotA
[ccr_centralized_planner-15] [INFO] [1729090860.529499587] [ccr_centralized_planner]: 
[ccr_centralized_planner-15] 
[ccr_centralized_planner-15]  did not replan 
[ccr_centralized_planner-15] 
[ccr_centralized_planner-15] [INFO] [1729090860.530316476] [ccr_centralized_planner]: Sent plan [55, 39, 53, 51, 32, 35, 10, 9] to robotA
[ccr_centralized_planner-15] [INFO] [1729090860.631350957] [ccr_centralized_planner]: Received state 55 from robotA
[ccr_centralized_planner-15] [INFO] [1729090860.729143408] [ccr_centralized_planner]: 
[ccr_centralized_planner-15] 
[ccr_centralized_planner-15]  did not replan 
[ccr_centralized_planner-15] 
[ccr_centralized_planner-15] [INFO] [1729090860.730009720] [ccr_centralized_planner]: Sent plan [55, 39, 53, 51, 32, 35, 10, 9] to robotA
[ccr_centralized_planner-15] [INFO] [1729090860.831778967] [ccr_centralized_planner]: Received state 55 from robotA
[ccr_centralized_planner-15] [INFO] [1729090860.929687996] [ccr_centralized_planner]: 
[ccr_centralized_planner-15] 
[ccr_centralized_planner-15]  did not replan 
[ccr_centralized_planner-15] 
[ccr_centralized_planner-15] [INFO] [1729090860.930488986] [ccr_centralized_planner]: Sent plan [55, 39, 53, 51, 32, 35, 10, 9] to robotA
[ccr_centralized_planner-15] [INFO] [1729090861.032299560] [ccr_centralized_planner]: Received state 55 from robotA
[ccr_centralized_planner-15] [INFO] [1729090861.130201716] [ccr_centralized_planner]: 
[ccr_centralized_planner-15] 
[ccr_centralized_planner-15]  did not replan 
[ccr_centralized_planner-15] 
[command_node-3] [INFO] [1729090861.130217004] [command_node]: robotA: running
[ccr_centralized_planner-15] [INFO] [1729090861.130934137] [ccr_centralized_planner]: Sent plan [55, 39, 53, 51, 32, 35, 10, 9] to robotA
[ccr_centralized_planner-15] [INFO] [1729090861.231639111] [ccr_centralized_planner]: Received state 55 from robotA
[ccr_centralized_planner-15] [INFO] [1729090861.331193521] [ccr_centralized_planner]: 
[ccr_centralized_planner-15] 
[ccr_centralized_planner-15]  did not replan 
[ccr_centralized_planner-15] 
[ccr_centralized_planner-15] [INFO] [1729090861.331918569] [ccr_centralized_planner]: Sent plan [55, 39, 53, 51, 32, 35, 10, 9] to robotA
[ccr_centralized_planner-15] [INFO] [1729090861.432042004] [ccr_centralized_planner]: Received state 55 from robotA
[ccr_centralized_planner-15] [INFO] [1729090861.531035894] [ccr_centralized_planner]: 
[ccr_centralized_planner-15] 
[ccr_centralized_planner-15]  did not replan 
[ccr_centralized_planner-15] 
[ccr_centralized_planner-15] [INFO] [1729090861.531752165] [ccr_centralized_planner]: Sent plan [55, 39, 53, 51, 32, 35, 10, 9] to robotA
[ccr_centralized_planner-15] [INFO] [1729090861.633490864] [ccr_centralized_planner]: Received state 55 from robotA
[ccr_centralized_planner-15] [INFO] [1729090861.731993154] [ccr_centralized_planner]: 
[ccr_centralized_planner-15] 
[ccr_centralized_planner-15]  did not replan 
[ccr_centralized_planner-15] 
[ccr_centralized_planner-15] [INFO] [1729090861.732798823] [ccr_centralized_planner]: Sent plan [55, 39, 53, 51, 32, 35, 10, 9] to robotA
[ccr_centralized_planner-15] [INFO] [1729090861.837551045] [ccr_centralized_planner]: Received state 55 from robotA
[ccr_centralized_planner-15] [INFO] [1729090861.932151259] [ccr_centralized_planner]: 
[ccr_centralized_planner-15] 
[ccr_centralized_planner-15]  did not replan 
[ccr_centralized_planner-15] 
[ccr_centralized_planner-15] [INFO] [1729090861.932951267] [ccr_centralized_planner]: Sent plan [55, 39, 53, 51, 32, 35, 10, 9] to robotA
[ccr_centralized_planner-15] [INFO] [1729090862.040808822] [ccr_centralized_planner]: Received state 55 from robotA
[ccr_centralized_planner-15] [INFO] [1729090862.132589176] [ccr_centralized_planner]: 
[ccr_centralized_planner-15] 
[ccr_centralized_planner-15]  did not replan 
[ccr_centralized_planner-15] 
[ccr_centralized_planner-15] [INFO] [1729090862.133322219] [ccr_centralized_planner]: Sent plan [55, 39, 53, 51, 32, 35, 10, 9] to robotA
[ccr_local_planner-14] [INFO] [1729090862.235958710] [robotA.ccr_local_planner]: new state 39
[ccr_centralized_planner-15] [INFO] [1729090862.236052055] [ccr_centralized_planner]: Received state 39 from robotA
[ccr_centralized_planner-15] [INFO] [1729090862.333050138] [ccr_centralized_planner]: 
[ccr_centralized_planner-15] 
[ccr_centralized_planner-15]  did not replan 
[ccr_centralized_planner-15] 
[ccr_centralized_planner-15] [INFO] [1729090862.333899007] [ccr_centralized_planner]: Sent plan [39, 53, 51, 32, 35, 10, 9] to robotA
[ccr_local_planner-14] [INFO] [1729090862.334214458] [robotA.ccr_local_planner]: new plan: [39, 53, 51], remainder: [32, 35, 10, 9]
[ccr_centralized_planner-15] [INFO] [1729090862.435209685] [ccr_centralized_planner]: Received state 39 from robotA
[ccr_centralized_planner-15] [INFO] [1729090862.533417985] [ccr_centralized_planner]: 
[ccr_centralized_planner-15] 
[ccr_centralized_planner-15]  did not replan 
[ccr_centralized_planner-15] 
[ccr_centralized_planner-15] [INFO] [1729090862.534236287] [ccr_centralized_planner]: Sent plan [39, 53, 51, 32, 35, 10, 9] to robotA
[ccr_centralized_planner-15] [INFO] [1729090862.636025211] [ccr_centralized_planner]: Received state 39 from robotA
[ccr_centralized_planner-15] [INFO] [1729090862.733709649] [ccr_centralized_planner]: 
[ccr_centralized_planner-15] 
[ccr_centralized_planner-15]  did not replan 
[ccr_centralized_planner-15] 
[ccr_centralized_planner-15] [INFO] [1729090862.734458922] [ccr_centralized_planner]: Sent plan [39, 53, 51, 32, 35, 10, 9] to robotA
[ccr_centralized_planner-15] [INFO] [1729090862.836203753] [ccr_centralized_planner]: Received state 39 from robotA
[ccr_centralized_planner-15] [INFO] [1729090863.034295077] [ccr_centralized_planner]: 
[ccr_centralized_planner-15] 
[ccr_centralized_planner-15]  did not replan 
[ccr_centralized_planner-15] 
[ccr_centralized_planner-15] [INFO] [1729090863.035373306] [ccr_centralized_planner]: Sent plan [39, 53, 51, 32, 35, 10, 9] to robotA
[ccr_centralized_planner-15] [INFO] [1729090863.037319971] [ccr_centralized_planner]: Received state 39 from robotA
[ccr_centralized_planner-15] [INFO] [1729090863.234581522] [ccr_centralized_planner]: 
[ccr_centralized_planner-15] 
[ccr_centralized_planner-15]  did not replan 
[ccr_centralized_planner-15] 
[command_node-3] [INFO] [1729090863.234738306] [command_node]: robotA: running
[ccr_centralized_planner-15] [INFO] [1729090863.235179141] [ccr_centralized_planner]: Sent plan [39, 53, 51, 32, 35, 10, 9] to robotA
[ccr_centralized_planner-15] [INFO] [1729090863.236855670] [ccr_centralized_planner]: Received state 53 from robotA
[ccr_local_planner-14] [INFO] [1729090863.236883923] [robotA.ccr_local_planner]: new state 53
[ccr_centralized_planner-15] [INFO] [1729090863.435085854] [ccr_centralized_planner]: 
[ccr_centralized_planner-15] 
[ccr_centralized_planner-15]  did not replan 
[ccr_centralized_planner-15] 
[ccr_centralized_planner-15] [INFO] [1729090863.435646674] [ccr_centralized_planner]: Sent plan [53, 51, 32, 35, 10, 9] to robotA
[ccr_centralized_planner-15] [INFO] [1729090863.436676923] [ccr_centralized_planner]: Received state 53 from robotA
[ccr_local_planner-14] [INFO] [1729090863.457925408] [robotA.ccr_local_planner]: new plan: [53, 51, 32], remainder: [35, 10, 9]
[ccr_centralized_planner-15] [INFO] [1729090863.635856646] [ccr_centralized_planner]: 
[ccr_centralized_planner-15] 
[ccr_centralized_planner-15]  did not replan 
[ccr_centralized_planner-15] 
[ccr_centralized_planner-15] [INFO] [1729090863.637036164] [ccr_centralized_planner]: Sent plan [53, 51, 32, 35, 10, 9] to robotA
[ccr_centralized_planner-15] [INFO] [1729090863.638521165] [ccr_centralized_planner]: Received state 53 from robotA
[ccr_centralized_planner-15] [INFO] [1729090863.836358032] [ccr_centralized_planner]: 
[ccr_centralized_planner-15] 
[ccr_centralized_planner-15]  did not replan 
[ccr_centralized_planner-15] 
[ccr_centralized_planner-15] [INFO] [1729090863.837170684] [ccr_centralized_planner]: Sent plan [53, 51, 32, 35, 10, 9] to robotA
[ccr_centralized_planner-15] [INFO] [1729090863.838193419] [ccr_centralized_planner]: Received state 53 from robotA
[ccr_centralized_planner-15] [INFO] [1729090864.036953235] [ccr_centralized_planner]: 
[ccr_centralized_planner-15] 
[ccr_centralized_planner-15]  did not replan 
[ccr_centralized_planner-15] 
[ccr_centralized_planner-15] [INFO] [1729090864.037763072] [ccr_centralized_planner]: Sent plan [53, 51, 32, 35, 10, 9] to robotA
[ccr_centralized_planner-15] [INFO] [1729090864.042130128] [ccr_centralized_planner]: Received state 53 from robotA
[ccr_centralized_planner-15] [INFO] [1729090864.237092704] [ccr_centralized_planner]: 
[ccr_centralized_planner-15] 
[ccr_centralized_planner-15]  did not replan 
[ccr_centralized_planner-15] 
[ccr_centralized_planner-15] [INFO] [1729090864.237945691] [ccr_centralized_planner]: Sent plan [53, 51, 32, 35, 10, 9] to robotA
[ccr_centralized_planner-15] [INFO] [1729090864.242745979] [ccr_centralized_planner]: Received state 53 from robotA
[ccr_centralized_planner-15] [INFO] [1729090864.437196296] [ccr_centralized_planner]: 
[ccr_centralized_planner-15] 
[ccr_centralized_planner-15]  did not replan 
[ccr_centralized_planner-15] 
[ccr_centralized_planner-15] [INFO] [1729090864.438002836] [ccr_centralized_planner]: Sent plan [53, 51, 32, 35, 10, 9] to robotA
[ccr_centralized_planner-15] [INFO] [1729090864.447130316] [ccr_centralized_planner]: Received state 53 from robotA
[ccr_centralized_planner-15] [INFO] [1729090864.637408502] [ccr_centralized_planner]: 
[ccr_centralized_planner-15] 
[ccr_centralized_planner-15]  did not replan 
[ccr_centralized_planner-15] 
[ccr_centralized_planner-15] [INFO] [1729090864.638115686] [ccr_centralized_planner]: Sent plan [53, 51, 32, 35, 10, 9] to robotA
[ccr_centralized_planner-15] [INFO] [1729090864.640864643] [ccr_centralized_planner]: Received state 53 from robotA
[ccr_centralized_planner-15] [INFO] [1729090864.837868180] [ccr_centralized_planner]: 
[ccr_centralized_planner-15] 
[ccr_centralized_planner-15]  did not replan 
[ccr_centralized_planner-15] 
[ccr_centralized_planner-15] [INFO] [1729090864.838964493] [ccr_centralized_planner]: Sent plan [53, 51, 32, 35, 10, 9] to robotA
[ccr_centralized_planner-15] [INFO] [1729090864.840712947] [ccr_centralized_planner]: Received state 53 from robotA
[ccr_centralized_planner-15] [INFO] [1729090865.038273127] [ccr_centralized_planner]: 
[ccr_centralized_planner-15] 
[ccr_centralized_planner-15]  did not replan 
[ccr_centralized_planner-15] 
[ccr_centralized_planner-15] [INFO] [1729090865.039172812] [ccr_centralized_planner]: Sent plan [53, 51, 32, 35, 10, 9] to robotA
[ccr_centralized_planner-15] [INFO] [1729090865.041144604] [ccr_centralized_planner]: Received state 53 from robotA
[ccr_centralized_planner-15] [INFO] [1729090865.238093759] [ccr_centralized_planner]: 
[ccr_centralized_planner-15] 
[ccr_centralized_planner-15]  did not replan 
[ccr_centralized_planner-15] 
[command_node-3] [INFO] [1729090865.238300466] [command_node]: robotA: running
[ccr_centralized_planner-15] [INFO] [1729090865.238870794] [ccr_centralized_planner]: Sent plan [53, 51, 32, 35, 10, 9] to robotA
[ccr_centralized_planner-15] [INFO] [1729090865.343628467] [ccr_centralized_planner]: Received state 53 from robotA
[ccr_centralized_planner-15] [INFO] [1729090865.438697869] [ccr_centralized_planner]: 
[ccr_centralized_planner-15] 
[ccr_centralized_planner-15]  did not replan 
[ccr_centralized_planner-15] 
[ccr_centralized_planner-15] [INFO] [1729090865.439456359] [ccr_centralized_planner]: Sent plan [53, 51, 32, 35, 10, 9] to robotA
[ccr_centralized_planner-15] [INFO] [1729090865.550130589] [ccr_centralized_planner]: Received state 53 from robotA
[ccr_centralized_planner-15] [INFO] [1729090865.639498496] [ccr_centralized_planner]: 
[ccr_centralized_planner-15] 
[ccr_centralized_planner-15]  did not replan 
[ccr_centralized_planner-15] 
[ccr_centralized_planner-15] [INFO] [1729090865.640321196] [ccr_centralized_planner]: Sent plan [53, 51, 32, 35, 10, 9] to robotA
[ccr_centralized_planner-15] [INFO] [1729090865.741499847] [ccr_centralized_planner]: Received state 53 from robotA
[ccr_centralized_planner-15] [INFO] [1729090865.839893834] [ccr_centralized_planner]: 
[ccr_centralized_planner-15] 
[ccr_centralized_planner-15]  did not replan 
[ccr_centralized_planner-15] 
[ccr_centralized_planner-15] [INFO] [1729090865.840697950] [ccr_centralized_planner]: Sent plan [53, 51, 32, 35, 10, 9] to robotA
[ccr_centralized_planner-15] [INFO] [1729090865.942289163] [ccr_centralized_planner]: Received state 53 from robotA
[ccr_centralized_planner-15] [INFO] [1729090866.039899313] [ccr_centralized_planner]: 
[ccr_centralized_planner-15] 
[ccr_centralized_planner-15]  did not replan 
[ccr_centralized_planner-15] 
[ccr_centralized_planner-15] [INFO] [1729090866.040746629] [ccr_centralized_planner]: Sent plan [53, 51, 32, 35, 10, 9] to robotA
[ccr_local_planner-14] [INFO] [1729090866.141659783] [robotA.ccr_local_planner]: new state 51
[ccr_centralized_planner-15] [INFO] [1729090866.141885906] [ccr_centralized_planner]: Received state 51 from robotA
[ccr_centralized_planner-15] [INFO] [1729090866.240542586] [ccr_centralized_planner]: 
[ccr_centralized_planner-15] 
[ccr_centralized_planner-15]  did not replan 
[ccr_centralized_planner-15] 
[ccr_centralized_planner-15] [INFO] [1729090866.241362601] [ccr_centralized_planner]: Sent plan [51, 32, 35, 10, 9] to robotA
[ccr_local_planner-14] [INFO] [1729090866.241446428] [robotA.ccr_local_planner]: new plan: [51, 32, 35], remainder: [10, 9]
[ccr_centralized_planner-15] [INFO] [1729090866.343543167] [ccr_centralized_planner]: Received state 51 from robotA
[ccr_centralized_planner-15] [INFO] [1729090866.440951068] [ccr_centralized_planner]: 
[ccr_centralized_planner-15] 
[ccr_centralized_planner-15]  did not replan 
[ccr_centralized_planner-15] 
[ccr_centralized_planner-15] [INFO] [1729090866.441701784] [ccr_centralized_planner]: Sent plan [51, 32, 35, 10, 9] to robotA
[ccr_centralized_planner-15] [INFO] [1729090866.543458657] [ccr_centralized_planner]: Received state 51 from robotA
[ccr_centralized_planner-15] [INFO] [1729090866.641372976] [ccr_centralized_planner]: 
[ccr_centralized_planner-15] 
[ccr_centralized_planner-15]  did not replan 
[ccr_centralized_planner-15] 
[ccr_centralized_planner-15] [INFO] [1729090866.642142848] [ccr_centralized_planner]: Sent plan [51, 32, 35, 10, 9] to robotA
[ccr_centralized_planner-15] [INFO] [1729090866.744027841] [ccr_centralized_planner]: Received state 51 from robotA
[ccr_centralized_planner-15] [INFO] [1729090866.842410106] [ccr_centralized_planner]: 
[ccr_centralized_planner-15] 
[ccr_centralized_planner-15]  did not replan 
[ccr_centralized_planner-15] 
[ccr_centralized_planner-15] [INFO] [1729090866.843151585] [ccr_centralized_planner]: Sent plan [51, 32, 35, 10, 9] to robotA
[ccr_centralized_planner-15] [INFO] [1729090866.944141732] [ccr_centralized_planner]: Received state 51 from robotA
[ccr_centralized_planner-15] [INFO] [1729090867.042626950] [ccr_centralized_planner]: 
[ccr_centralized_planner-15] 
[ccr_centralized_planner-15]  did not replan 
[ccr_centralized_planner-15] 
[ccr_centralized_planner-15] [INFO] [1729090867.043622765] [ccr_centralized_planner]: Sent plan [51, 32, 35, 10, 9] to robotA
[ccr_local_planner-14] [INFO] [1729090867.143294735] [robotA.ccr_local_planner]: new state 32
[ccr_centralized_planner-15] [INFO] [1729090867.143605978] [ccr_centralized_planner]: Received state 32 from robotA
[ccr_centralized_planner-15] [INFO] [1729090867.242718059] [ccr_centralized_planner]: 
[ccr_centralized_planner-15] 
[ccr_centralized_planner-15]  did not replan 
[ccr_centralized_planner-15] 
[command_node-3] [INFO] [1729090867.242999156] [command_node]: robotA: running
[ccr_centralized_planner-15] [INFO] [1729090867.243399455] [ccr_centralized_planner]: Sent plan [32, 35, 10, 9] to robotA
[ccr_local_planner-14] [INFO] [1729090867.243720927] [robotA.ccr_local_planner]: new plan: [32, 35, 10], remainder: [9]
[ccr_centralized_planner-15] [INFO] [1729090867.344617630] [ccr_centralized_planner]: Received state 32 from robotA
[ccr_centralized_planner-15] [INFO] [1729090867.443248160] [ccr_centralized_planner]: 
[ccr_centralized_planner-15] 
[ccr_centralized_planner-15]  did not replan 
[ccr_centralized_planner-15] 
[ccr_centralized_planner-15] [INFO] [1729090867.443952358] [ccr_centralized_planner]: Sent plan [32, 35, 10, 9] to robotA
[ccr_centralized_planner-15] [INFO] [1729090867.545192104] [ccr_centralized_planner]: Received state 32 from robotA
[ccr_centralized_planner-15] [INFO] [1729090867.643991500] [ccr_centralized_planner]: 
[ccr_centralized_planner-15] 
[ccr_centralized_planner-15]  did not replan 
[ccr_centralized_planner-15] 
[ccr_centralized_planner-15] [INFO] [1729090867.644957479] [ccr_centralized_planner]: Sent plan [32, 35, 10, 9] to robotA
[ccr_centralized_planner-15] [INFO] [1729090867.746522172] [ccr_centralized_planner]: Received state 32 from robotA
[ccr_centralized_planner-15] [INFO] [1729090867.844341944] [ccr_centralized_planner]: 
[ccr_centralized_planner-15] 
[ccr_centralized_planner-15]  did not replan 
[ccr_centralized_planner-15] 
[ccr_centralized_planner-15] [INFO] [1729090867.845100634] [ccr_centralized_planner]: Sent plan [32, 35, 10, 9] to robotA
[ccr_centralized_planner-15] [INFO] [1729090867.952784997] [ccr_centralized_planner]: Received state 32 from robotA
[ccr_centralized_planner-15] [INFO] [1729090868.045027095] [ccr_centralized_planner]: 
[ccr_centralized_planner-15] 
[ccr_centralized_planner-15]  did not replan 
[ccr_centralized_planner-15] 
[ccr_centralized_planner-15] [INFO] [1729090868.045931689] [ccr_centralized_planner]: Sent plan [32, 35, 10, 9] to robotA
[ccr_centralized_planner-15] [INFO] [1729090868.148697000] [ccr_centralized_planner]: Received state 32 from robotA
[ccr_centralized_planner-15] [INFO] [1729090868.245349186] [ccr_centralized_planner]: 
[ccr_centralized_planner-15] 
[ccr_centralized_planner-15]  did not replan 
[ccr_centralized_planner-15] 
[ccr_centralized_planner-15] [INFO] [1729090868.246167178] [ccr_centralized_planner]: Sent plan [32, 35, 10, 9] to robotA
[ccr_centralized_planner-15] [INFO] [1729090868.347977521] [ccr_centralized_planner]: Received state 32 from robotA
[ccr_centralized_planner-15] [INFO] [1729090868.445841656] [ccr_centralized_planner]: 
[ccr_centralized_planner-15] 
[ccr_centralized_planner-15]  did not replan 
[ccr_centralized_planner-15] 
[ccr_centralized_planner-15] [INFO] [1729090868.446653547] [ccr_centralized_planner]: Sent plan [32, 35, 10, 9] to robotA
[ccr_centralized_planner-15] [INFO] [1729090868.548931336] [ccr_centralized_planner]: Received state 32 from robotA
[ccr_centralized_planner-15] [INFO] [1729090868.646766927] [ccr_centralized_planner]: 
[ccr_centralized_planner-15] 
[ccr_centralized_planner-15]  did not replan 
[ccr_centralized_planner-15] 
[ccr_centralized_planner-15] [INFO] [1729090868.647600027] [ccr_centralized_planner]: Sent plan [32, 35, 10, 9] to robotA
[ccr_centralized_planner-15] [INFO] [1729090868.749696416] [ccr_centralized_planner]: Received state 32 from robotA
[ccr_centralized_planner-15] [INFO] [1729090868.947230287] [ccr_centralized_planner]: 
[ccr_centralized_planner-15] 
[ccr_centralized_planner-15]  did not replan 
[ccr_centralized_planner-15] 
[ccr_centralized_planner-15] [INFO] [1729090868.947981453] [ccr_centralized_planner]: Sent plan [32, 35, 10, 9] to robotA
[ccr_centralized_planner-15] [INFO] [1729090868.949671057] [ccr_centralized_planner]: Received state 32 from robotA
[ccr_centralized_planner-15] [INFO] [1729090869.147701768] [ccr_centralized_planner]: 
[ccr_centralized_planner-15] 
[ccr_centralized_planner-15]  did not replan 
[ccr_centralized_planner-15] 
[ccr_centralized_planner-15] [INFO] [1729090869.148498549] [ccr_centralized_planner]: Sent plan [32, 35, 10, 9] to robotA
[ccr_local_planner-14] [INFO] [1729090869.150019567] [robotA.ccr_local_planner]: new state 35
[ccr_centralized_planner-15] [INFO] [1729090869.150043522] [ccr_centralized_planner]: Received state 35 from robotA
[ccr_centralized_planner-15] [INFO] [1729090869.348273146] [ccr_centralized_planner]: 
[ccr_centralized_planner-15] 
[ccr_centralized_planner-15]  did not replan 
[ccr_centralized_planner-15] 
[command_node-3] [INFO] [1729090869.348461008] [command_node]: robotA: running
[ccr_centralized_planner-15] [INFO] [1729090869.349007511] [ccr_centralized_planner]: Sent plan [35, 10, 9] to robotA
[ccr_centralized_planner-15] [INFO] [1729090869.350724906] [ccr_centralized_planner]: Received state 35 from robotA
[ccr_local_planner-14] [INFO] [1729090869.373370687] [robotA.ccr_local_planner]: new plan: [35, 10, 9]
[ccr_centralized_planner-15] [INFO] [1729090869.548829886] [ccr_centralized_planner]: 
[ccr_centralized_planner-15] 
[ccr_centralized_planner-15]  did not replan 
[ccr_centralized_planner-15] 
[ccr_centralized_planner-15] [INFO] [1729090869.549680559] [ccr_centralized_planner]: Sent plan [35, 10, 9] to robotA
[ccr_centralized_planner-15] [INFO] [1729090869.551173344] [ccr_centralized_planner]: Received state 35 from robotA
[ccr_centralized_planner-15] [INFO] [1729090869.749015031] [ccr_centralized_planner]: 
[ccr_centralized_planner-15] 
[ccr_centralized_planner-15]  did not replan 
[ccr_centralized_planner-15] 
[ccr_centralized_planner-15] [INFO] [1729090869.749750788] [ccr_centralized_planner]: Sent plan [35, 10, 9] to robotA
[ccr_centralized_planner-15] [INFO] [1729090869.750571806] [ccr_centralized_planner]: Received state 35 from robotA
[ccr_centralized_planner-15] [INFO] [1729090869.949576641] [ccr_centralized_planner]: 
[ccr_centralized_planner-15] 
[ccr_centralized_planner-15]  did not replan 
[ccr_centralized_planner-15] 
[ccr_centralized_planner-15] [INFO] [1729090869.950282933] [ccr_centralized_planner]: Sent plan [35, 10, 9] to robotA
[ccr_centralized_planner-15] [INFO] [1729090869.951566536] [ccr_centralized_planner]: Received state 35 from robotA
[ccr_centralized_planner-15] [INFO] [1729090870.150538570] [ccr_centralized_planner]: 
[ccr_centralized_planner-15] 
[ccr_centralized_planner-15]  did not replan 
[ccr_centralized_planner-15] 
[ccr_centralized_planner-15] [INFO] [1729090870.151379694] [ccr_centralized_planner]: Sent plan [35, 10, 9] to robotA
[ccr_centralized_planner-15] [INFO] [1729090870.156763616] [ccr_centralized_planner]: Received state 35 from robotA
[ccr_centralized_planner-15] [INFO] [1729090870.350586548] [ccr_centralized_planner]: 
[ccr_centralized_planner-15] 
[ccr_centralized_planner-15]  did not replan 
[ccr_centralized_planner-15] 
[ccr_centralized_planner-15] [INFO] [1729090870.351421451] [ccr_centralized_planner]: Sent plan [35, 10, 9] to robotA
[ccr_centralized_planner-15] [INFO] [1729090870.352708381] [ccr_centralized_planner]: Received state 35 from robotA
[ccr_centralized_planner-15] [INFO] [1729090870.550435273] [ccr_centralized_planner]: 
[ccr_centralized_planner-15] 
[ccr_centralized_planner-15]  did not replan 
[ccr_centralized_planner-15] 
[ccr_centralized_planner-15] [INFO] [1729090870.551133871] [ccr_centralized_planner]: Sent plan [35, 10, 9] to robotA
[ccr_local_planner-14] [INFO] [1729090870.551980225] [robotA.ccr_local_planner]: new state 10
[ccr_centralized_planner-15] [INFO] [1729090870.552241745] [ccr_centralized_planner]: Received state 10 from robotA
[ccr_centralized_planner-15] [INFO] [1729090870.750939225] [ccr_centralized_planner]: 
[ccr_centralized_planner-15] 
[ccr_centralized_planner-15]  did not replan 
[ccr_centralized_planner-15] 
[ccr_centralized_planner-15] [INFO] [1729090870.751629978] [ccr_centralized_planner]: Sent plan [10, 9] to robotA
[ccr_centralized_planner-15] [INFO] [1729090870.752475701] [ccr_centralized_planner]: Received state 10 from robotA
[ccr_local_planner-14] [INFO] [1729090870.769226184] [robotA.ccr_local_planner]: new plan: [10, 9]
[ccr_centralized_planner-15] [INFO] [1729090870.951399524] [ccr_centralized_planner]: 
[ccr_centralized_planner-15] 
[ccr_centralized_planner-15]  did not replan 
[ccr_centralized_planner-15] 
[ccr_centralized_planner-15] [INFO] [1729090870.952125854] [ccr_centralized_planner]: Sent plan [10, 9] to robotA
[ccr_centralized_planner-15] [INFO] [1729090870.953940592] [ccr_centralized_planner]: Received state 10 from robotA
[ccr_centralized_planner-15] [INFO] [1729090871.151661203] [ccr_centralized_planner]: 
[ccr_centralized_planner-15] 
[ccr_centralized_planner-15]  did not replan 
[ccr_centralized_planner-15] 
[ccr_centralized_planner-15] [INFO] [1729090871.152396770] [ccr_centralized_planner]: Sent plan [10, 9] to robotA
[ccr_centralized_planner-15] [INFO] [1729090871.259934677] [ccr_centralized_planner]: Received state 10 from robotA
[ccr_centralized_planner-15] [INFO] [1729090871.352022457] [ccr_centralized_planner]: 
[ccr_centralized_planner-15] 
[ccr_centralized_planner-15]  did not replan 
[ccr_centralized_planner-15] 
[command_node-3] [INFO] [1729090871.352214056] [command_node]: robotA: running
[ccr_centralized_planner-15] [INFO] [1729090871.352750701] [ccr_centralized_planner]: Sent plan [10, 9] to robotA
[ccr_centralized_planner-15] [INFO] [1729090871.463243832] [ccr_centralized_planner]: Received state 10 from robotA
[ccr_centralized_planner-15] [INFO] [1729090871.552386046] [ccr_centralized_planner]: 
[ccr_centralized_planner-15] 
[ccr_centralized_planner-15]  did not replan 
[ccr_centralized_planner-15] 
[ccr_centralized_planner-15] [INFO] [1729090871.553048286] [ccr_centralized_planner]: Sent plan [10, 9] to robotA
[ccr_centralized_planner-15] [INFO] [1729090871.655011376] [ccr_centralized_planner]: Received state 10 from robotA
[ccr_centralized_planner-15] [INFO] [1729090871.752854361] [ccr_centralized_planner]: 
[ccr_centralized_planner-15] 
[ccr_centralized_planner-15]  did not replan 
[ccr_centralized_planner-15] 
[ccr_centralized_planner-15] [INFO] [1729090871.753614584] [ccr_centralized_planner]: Sent plan [10, 9] to robotA
[ccr_centralized_planner-15] [INFO] [1729090871.858467915] [ccr_centralized_planner]: Received state 10 from robotA
[ccr_centralized_planner-15] [INFO] [1729090871.952914331] [ccr_centralized_planner]: 
[ccr_centralized_planner-15] 
[ccr_centralized_planner-15]  did not replan 
[ccr_centralized_planner-15] 
[ccr_centralized_planner-15] [INFO] [1729090871.953721803] [ccr_centralized_planner]: Sent plan [10, 9] to robotA
[ccr_centralized_planner-15] [INFO] [1729090872.055747941] [ccr_centralized_planner]: Received state 9 from robotA
[ccr_goal_provider-12] [INFO] [1729090872.055805098] [ccr_goal_provider]: [32mgoal completed:[0m robotA reached goal 9, going to goal 1 within state 1
[ccr_local_planner-14] [INFO] [1729090872.055883034] [robotA.ccr_local_planner]: new state 9
[ccr_centralized_planner-15] [INFO] [1729090872.153464730] [ccr_centralized_planner]: 
[ccr_centralized_planner-15] 
[ccr_centralized_planner-15]  did not replan 
[ccr_centralized_planner-15] 
[ccr_centralized_planner-15] [INFO] [1729090872.154502443] [ccr_centralized_planner]: Sent plan [9] to robotA
[ccr_centralized_planner-15] [INFO] [1729090872.155576895] [ccr_centralized_planner]: Received goal 1 from robotA
[ccr_local_planner-14] [INFO] [1729090872.158506530] [robotA.ccr_local_planner]: new plan: [9]
[ccr_centralized_planner-15] [INFO] [1729090872.255767255] [ccr_centralized_planner]: Received state 9 from robotA
[ccr_centralized_planner-15] [INFO] [1729090872.353688287] [ccr_centralized_planner]: 
[ccr_centralized_planner-15] 
[ccr_centralized_planner-15]  replaned due to new goal
[ccr_centralized_planner-15] 
[ccr_centralized_planner-15] [INFO] [1729090872.378010756] [ccr_centralized_planner]: Sent plan [9, 11, 35, 50, 51, 53, 39, 55, 56, 57, 5, 1] to robotA
[ccr_local_planner-14] [INFO] [1729090872.378811556] [robotA.ccr_local_planner]: new plan: [9, 11, 35], remainder: [50, 51, 53, 39, 55, 56, 57, 5, 1]
[ccr_centralized_planner-15] [INFO] [1729090872.456077114] [ccr_centralized_planner]: Received state 9 from robotA
[ccr_centralized_planner-15] [INFO] [1729090872.554126175] [ccr_centralized_planner]: 
[ccr_centralized_planner-15] 
[ccr_centralized_planner-15]  did not replan 
[ccr_centralized_planner-15] 
[ccr_centralized_planner-15] [INFO] [1729090872.554942564] [ccr_centralized_planner]: Sent plan [9, 11, 35, 50, 51, 53, 39, 55, 56, 57, 5, 1] to robotA
[ccr_centralized_planner-15] [INFO] [1729090872.655930888] [ccr_centralized_planner]: Received state 9 from robotA
[ccr_centralized_planner-15] [INFO] [1729090872.754404714] [ccr_centralized_planner]: 
[ccr_centralized_planner-15] 
[ccr_centralized_planner-15]  did not replan 
[ccr_centralized_planner-15] 
[ccr_centralized_planner-15] [INFO] [1729090872.755255217] [ccr_centralized_planner]: Sent plan [9, 11, 35, 50, 51, 53, 39, 55, 56, 57, 5, 1] to robotA
[ccr_centralized_planner-15] [INFO] [1729090872.856548512] [ccr_centralized_planner]: Received state 9 from robotA
[ccr_centralized_planner-15] [INFO] [1729090872.955094374] [ccr_centralized_planner]: 
[ccr_centralized_planner-15] 
[ccr_centralized_planner-15]  did not replan 
[ccr_centralized_planner-15] 
[ccr_centralized_planner-15] [INFO] [1729090872.956119013] [ccr_centralized_planner]: Sent plan [9, 11, 35, 50, 51, 53, 39, 55, 56, 57, 5, 1] to robotA
[ccr_centralized_planner-15] [INFO] [1729090873.056599306] [ccr_centralized_planner]: Received state 9 from robotA
[ccr_centralized_planner-15] [INFO] [1729090873.155456430] [ccr_centralized_planner]: 
[ccr_centralized_planner-15] 
[ccr_centralized_planner-15]  did not replan 
[ccr_centralized_planner-15] 
[ccr_centralized_planner-15] [INFO] [1729090873.156506125] [ccr_centralized_planner]: Sent plan [9, 11, 35, 50, 51, 53, 39, 55, 56, 57, 5, 1] to robotA
[ccr_centralized_planner-15] [INFO] [1729090873.256787686] [ccr_centralized_planner]: Received state 9 from robotA
[command_node-3] [INFO] [1729090873.355936648] [command_node]: robotA: running
[ccr_centralized_planner-15] [INFO] [1729090873.355962927] [ccr_centralized_planner]: 
[ccr_centralized_planner-15] 
[ccr_centralized_planner-15]  did not replan 
[ccr_centralized_planner-15] 
[ccr_centralized_planner-15] [INFO] [1729090873.356716538] [ccr_centralized_planner]: Sent plan [9, 11, 35, 50, 51, 53, 39, 55, 56, 57, 5, 1] to robotA
[ccr_centralized_planner-15] [INFO] [1729090873.461879388] [ccr_centralized_planner]: Received state 9 from robotA
[ccr_centralized_planner-15] [INFO] [1729090873.555995195] [ccr_centralized_planner]: 
[ccr_centralized_planner-15] 
[ccr_centralized_planner-15]  did not replan 
[ccr_centralized_planner-15] 
[ccr_centralized_planner-15] [INFO] [1729090873.556619674] [ccr_centralized_planner]: Sent plan [9, 11, 35, 50, 51, 53, 39, 55, 56, 57, 5, 1] to robotA
[ccr_centralized_planner-15] [INFO] [1729090873.666927007] [ccr_centralized_planner]: Received state 9 from robotA
[ccr_centralized_planner-15] [INFO] [1729090873.757134887] [ccr_centralized_planner]: 
[ccr_centralized_planner-15] 
[ccr_centralized_planner-15]  did not replan 
[ccr_centralized_planner-15] 
[ccr_centralized_planner-15] [INFO] [1729090873.757886685] [ccr_centralized_planner]: Sent plan [9, 11, 35, 50, 51, 53, 39, 55, 56, 57, 5, 1] to robotA
[ccr_centralized_planner-15] [INFO] [1729090873.868721154] [ccr_centralized_planner]: Received state 9 from robotA
[ccr_centralized_planner-15] [INFO] [1729090873.958260893] [ccr_centralized_planner]: 
[ccr_centralized_planner-15] 
[ccr_centralized_planner-15]  did not replan 
[ccr_centralized_planner-15] 
[ccr_centralized_planner-15] [INFO] [1729090873.959414654] [ccr_centralized_planner]: Sent plan [9, 11, 35, 50, 51, 53, 39, 55, 56, 57, 5, 1] to robotA
[ccr_centralized_planner-15] [INFO] [1729090874.073868991] [ccr_centralized_planner]: Received state 9 from robotA
[ccr_centralized_planner-15] [INFO] [1729090874.158418907] [ccr_centralized_planner]: 
[ccr_centralized_planner-15] 
[ccr_centralized_planner-15]  did not replan 
[ccr_centralized_planner-15] 
[ccr_centralized_planner-15] [INFO] [1729090874.159331856] [ccr_centralized_planner]: Sent plan [9, 11, 35, 50, 51, 53, 39, 55, 56, 57, 5, 1] to robotA
[ccr_centralized_planner-15] [INFO] [1729090874.261372001] [ccr_centralized_planner]: Received state 9 from robotA
[ccr_centralized_planner-15] [INFO] [1729090874.359056249] [ccr_centralized_planner]: 
[ccr_centralized_planner-15] 
[ccr_centralized_planner-15]  did not replan 
[ccr_centralized_planner-15] 
[ccr_centralized_planner-15] [INFO] [1729090874.360188950] [ccr_centralized_planner]: Sent plan [9, 11, 35, 50, 51, 53, 39, 55, 56, 57, 5, 1] to robotA
[ccr_centralized_planner-15] [INFO] [1729090874.461001986] [ccr_centralized_planner]: Received state 9 from robotA
[ccr_centralized_planner-15] [INFO] [1729090874.558425105] [ccr_centralized_planner]: 
[ccr_centralized_planner-15] 
[ccr_centralized_planner-15]  did not replan 
[ccr_centralized_planner-15] 
[ccr_centralized_planner-15] [INFO] [1729090874.559009219] [ccr_centralized_planner]: Sent plan [9, 11, 35, 50, 51, 53, 39, 55, 56, 57, 5, 1] to robotA
[ccr_centralized_planner-15] [INFO] [1729090874.661311334] [ccr_centralized_planner]: Received state 9 from robotA
[ccr_centralized_planner-15] [INFO] [1729090874.759146314] [ccr_centralized_planner]: 
[ccr_centralized_planner-15] 
[ccr_centralized_planner-15]  did not replan 
[ccr_centralized_planner-15] 
[ccr_centralized_planner-15] [INFO] [1729090874.760178266] [ccr_centralized_planner]: Sent plan [9, 11, 35, 50, 51, 53, 39, 55, 56, 57, 5, 1] to robotA
[ccr_local_planner-14] [INFO] [1729090874.861889344] [robotA.ccr_local_planner]: new state 11
[ccr_centralized_planner-15] [INFO] [1729090874.861894263] [ccr_centralized_planner]: Received state 11 from robotA
[ccr_centralized_planner-15] [INFO] [1729090875.059713117] [ccr_centralized_planner]: 
[ccr_centralized_planner-15] 
[ccr_centralized_planner-15]  did not replan 
[ccr_centralized_planner-15] 
[ccr_centralized_planner-15] [INFO] [1729090875.060633761] [ccr_centralized_planner]: Sent plan [11, 35, 50, 51, 53, 39, 55, 56, 57, 5, 1] to robotA
[ccr_centralized_planner-15] [INFO] [1729090875.062529040] [ccr_centralized_planner]: Received state 11 from robotA
[ccr_local_planner-14] [INFO] [1729090875.083898029] [robotA.ccr_local_planner]: new plan: [11, 35, 50], remainder: [51, 53, 39, 55, 56, 57, 5, 1]
[ccr_centralized_planner-15] [INFO] [1729090875.260107845] [ccr_centralized_planner]: 
[ccr_centralized_planner-15] 
[ccr_centralized_planner-15]  did not replan 
[ccr_centralized_planner-15] 
[ccr_centralized_planner-15] [INFO] [1729090875.261041362] [ccr_centralized_planner]: Sent plan [11, 35, 50, 51, 53, 39, 55, 56, 57, 5, 1] to robotA
[ccr_centralized_planner-15] [INFO] [1729090875.262716549] [ccr_centralized_planner]: Received state 11 from robotA
[command_node-3] [INFO] [1729090875.460285225] [command_node]: robotA: running
[ccr_centralized_planner-15] [INFO] [1729090875.460427401] [ccr_centralized_planner]: 
[ccr_centralized_planner-15] 
[ccr_centralized_planner-15]  did not replan 
[ccr_centralized_planner-15] 
[ccr_centralized_planner-15] [INFO] [1729090875.461170913] [ccr_centralized_planner]: Sent plan [11, 35, 50, 51, 53, 39, 55, 56, 57, 5, 1] to robotA
[ccr_centralized_planner-15] [INFO] [1729090875.463166339] [ccr_centralized_planner]: Received state 11 from robotA
[ccr_centralized_planner-15] [INFO] [1729090875.661026571] [ccr_centralized_planner]: 
[ccr_centralized_planner-15] 
[ccr_centralized_planner-15]  did not replan 
[ccr_centralized_planner-15] 
[ccr_centralized_planner-15] [INFO] [1729090875.661866784] [ccr_centralized_planner]: Sent plan [11, 35, 50, 51, 53, 39, 55, 56, 57, 5, 1] to robotA
[ccr_centralized_planner-15] [INFO] [1729090875.662818636] [ccr_centralized_planner]: Received state 11 from robotA
[ccr_centralized_planner-15] [INFO] [1729090875.861355214] [ccr_centralized_planner]: 
[ccr_centralized_planner-15] 
[ccr_centralized_planner-15]  did not replan 
[ccr_centralized_planner-15] 
[ccr_centralized_planner-15] [INFO] [1729090875.862135986] [ccr_centralized_planner]: Sent plan [11, 35, 50, 51, 53, 39, 55, 56, 57, 5, 1] to robotA
[ccr_centralized_planner-15] [INFO] [1729090875.863603634] [ccr_centralized_planner]: Received state 11 from robotA
[ccr_centralized_planner-15] [INFO] [1729090876.061459198] [ccr_centralized_planner]: 
[ccr_centralized_planner-15] 
[ccr_centralized_planner-15]  did not replan 
[ccr_centralized_planner-15] 
[ccr_centralized_planner-15] [INFO] [1729090876.062238286] [ccr_centralized_planner]: Sent plan [11, 35, 50, 51, 53, 39, 55, 56, 57, 5, 1] to robotA
[ccr_local_planner-14] [INFO] [1729090876.064974990] [robotA.ccr_local_planner]: new state 35
[ccr_centralized_planner-15] [INFO] [1729090876.065040563] [ccr_centralized_planner]: Received state 35 from robotA
[ccr_centralized_planner-15] [INFO] [1729090876.261955374] [ccr_centralized_planner]: 
[ccr_centralized_planner-15] 
[ccr_centralized_planner-15]  did not replan 
[ccr_centralized_planner-15] 
[ccr_centralized_planner-15] [INFO] [1729090876.262978901] [ccr_centralized_planner]: Sent plan [35, 50, 51, 53, 39, 55, 56, 57, 5, 1] to robotA
[ccr_local_planner-14] [INFO] [1729090876.268544892] [robotA.ccr_local_planner]: new plan: [35, 50, 51], remainder: [53, 39, 55, 56, 57, 5, 1]
[ccr_centralized_planner-15] [INFO] [1729090876.281721443] [ccr_centralized_planner]: Received state 35 from robotA
[ccr_centralized_planner-15] [INFO] [1729090876.462758617] [ccr_centralized_planner]: 
[ccr_centralized_planner-15] 
[ccr_centralized_planner-15]  did not replan 
[ccr_centralized_planner-15] 
[ccr_centralized_planner-15] [INFO] [1729090876.463555649] [ccr_centralized_planner]: Sent plan [35, 50, 51, 53, 39, 55, 56, 57, 5, 1] to robotA
[ccr_centralized_planner-15] [INFO] [1729090876.464618920] [ccr_centralized_planner]: Received state 35 from robotA
[ccr_centralized_planner-15] [INFO] [1729090876.662945505] [ccr_centralized_planner]: 
[ccr_centralized_planner-15] 
[ccr_centralized_planner-15]  did not replan 
[ccr_centralized_planner-15] 
[ccr_centralized_planner-15] [INFO] [1729090876.663653891] [ccr_centralized_planner]: Sent plan [35, 50, 51, 53, 39, 55, 56, 57, 5, 1] to robotA
[ccr_centralized_planner-15] [INFO] [1729090876.665238257] [ccr_centralized_planner]: Received state 35 from robotA
[ccr_centralized_planner-15] [INFO] [1729090876.862914504] [ccr_centralized_planner]: 
[ccr_centralized_planner-15] 
[ccr_centralized_planner-15]  did not replan 
[ccr_centralized_planner-15] 
[ccr_centralized_planner-15] [INFO] [1729090876.863629984] [ccr_centralized_planner]: Sent plan [35, 50, 51, 53, 39, 55, 56, 57, 5, 1] to robotA
[ccr_centralized_planner-15] [INFO] [1729090876.865348632] [ccr_centralized_planner]: Received state 35 from robotA
[ccr_centralized_planner-15] [INFO] [1729090877.063432383] [ccr_centralized_planner]: 
[ccr_centralized_planner-15] 
[ccr_centralized_planner-15]  did not replan 
[ccr_centralized_planner-15] 
[ccr_centralized_planner-15] [INFO] [1729090877.064463383] [ccr_centralized_planner]: Sent plan [35, 50, 51, 53, 39, 55, 56, 57, 5, 1] to robotA
[ccr_centralized_planner-15] [INFO] [1729090877.065491849] [ccr_centralized_planner]: Received state 35 from robotA
[ccr_centralized_planner-15] [INFO] [1729090877.263591067] [ccr_centralized_planner]: 
[ccr_centralized_planner-15] 
[ccr_centralized_planner-15]  did not replan 
[ccr_centralized_planner-15] 
[ccr_centralized_planner-15] [INFO] [1729090877.264698291] [ccr_centralized_planner]: Sent plan [35, 50, 51, 53, 39, 55, 56, 57, 5, 1] to robotA
[ccr_centralized_planner-15] [INFO] [1729090877.372747376] [ccr_centralized_planner]: Received state 35 from robotA
[ccr_centralized_planner-15] [INFO] [1729090877.464283903] [ccr_centralized_planner]: 
[ccr_centralized_planner-15] 
[ccr_centralized_planner-15]  did not replan 
[ccr_centralized_planner-15] 
[command_node-3] [INFO] [1729090877.464598793] [command_node]: robotA: running
[ccr_centralized_planner-15] [INFO] [1729090877.465330453] [ccr_centralized_planner]: Sent plan [35, 50, 51, 53, 39, 55, 56, 57, 5, 1] to robotA
[ccr_centralized_planner-15] [INFO] [1729090877.566500437] [ccr_centralized_planner]: Received state 35 from robotA
[ccr_centralized_planner-15] [INFO] [1729090877.664571289] [ccr_centralized_planner]: 
[ccr_centralized_planner-15] 
[ccr_centralized_planner-15]  did not replan 
[ccr_centralized_planner-15] 
[ccr_centralized_planner-15] [INFO] [1729090877.665581591] [ccr_centralized_planner]: Sent plan [35, 50, 51, 53, 39, 55, 56, 57, 5, 1] to robotA
[ccr_centralized_planner-15] [INFO] [1729090877.766678559] [ccr_centralized_planner]: Received state 35 from robotA
[ccr_centralized_planner-15] [INFO] [1729090877.865188664] [ccr_centralized_planner]: 
[ccr_centralized_planner-15] 
[ccr_centralized_planner-15]  did not replan 
[ccr_centralized_planner-15] 
[ccr_centralized_planner-15] [INFO] [1729090877.865872644] [ccr_centralized_planner]: Sent plan [35, 50, 51, 53, 39, 55, 56, 57, 5, 1] to robotA
[ccr_centralized_planner-15] [INFO] [1729090877.967209862] [ccr_centralized_planner]: Received state 35 from robotA
[ccr_centralized_planner-15] [INFO] [1729090878.066166572] [ccr_centralized_planner]: 
[ccr_centralized_planner-15] 
[ccr_centralized_planner-15]  did not replan 
[ccr_centralized_planner-15] 
[ccr_centralized_planner-15] [INFO] [1729090878.066911918] [ccr_centralized_planner]: Sent plan [35, 50, 51, 53, 39, 55, 56, 57, 5, 1] to robotA
[ccr_centralized_planner-15] [INFO] [1729090878.167397311] [ccr_centralized_planner]: Received state 35 from robotA
[ccr_centralized_planner-15] [INFO] [1729090878.266102751] [ccr_centralized_planner]: 
[ccr_centralized_planner-15] 
[ccr_centralized_planner-15]  did not replan 
[ccr_centralized_planner-15] 
[ccr_centralized_planner-15] [INFO] [1729090878.266856282] [ccr_centralized_planner]: Sent plan [35, 50, 51, 53, 39, 55, 56, 57, 5, 1] to robotA
[ccr_centralized_planner-15] [INFO] [1729090878.369253535] [ccr_centralized_planner]: Received state 50 from robotA
[ccr_local_planner-14] [INFO] [1729090878.369294411] [robotA.ccr_local_planner]: new state 50
[ccr_centralized_planner-15] [INFO] [1729090878.466750141] [ccr_centralized_planner]: 
[ccr_centralized_planner-15] 
[ccr_centralized_planner-15]  did not replan 
[ccr_centralized_planner-15] 
[ccr_centralized_planner-15] [INFO] [1729090878.467615692] [ccr_centralized_planner]: Sent plan [50, 51, 53, 39, 55, 56, 57, 5, 1] to robotA
[ccr_local_planner-14] [INFO] [1729090878.472763250] [robotA.ccr_local_planner]: new plan: [50, 51, 53], remainder: [39, 55, 56, 57, 5, 1]
[ccr_centralized_planner-15] [INFO] [1729090878.568443636] [ccr_centralized_planner]: Received state 50 from robotA
[ccr_centralized_planner-15] [INFO] [1729090878.667107538] [ccr_centralized_planner]: 
[ccr_centralized_planner-15] 
[ccr_centralized_planner-15]  did not replan 
[ccr_centralized_planner-15] 
[ccr_centralized_planner-15] [INFO] [1729090878.667874715] [ccr_centralized_planner]: Sent plan [50, 51, 53, 39, 55, 56, 57, 5, 1] to robotA
[ccr_centralized_planner-15] [INFO] [1729090878.769959583] [ccr_centralized_planner]: Received state 50 from robotA
[ccr_centralized_planner-15] [INFO] [1729090878.866877767] [ccr_centralized_planner]: 
[ccr_centralized_planner-15] 
[ccr_centralized_planner-15]  did not replan 
[ccr_centralized_planner-15] 
[ccr_centralized_planner-15] [INFO] [1729090878.867444869] [ccr_centralized_planner]: Sent plan [50, 51, 53, 39, 55, 56, 57, 5, 1] to robotA
[ccr_centralized_planner-15] [INFO] [1729090878.968544541] [ccr_centralized_planner]: Received state 50 from robotA
[ccr_centralized_planner-15] [INFO] [1729090879.067926658] [ccr_centralized_planner]: 
[ccr_centralized_planner-15] 
[ccr_centralized_planner-15]  did not replan 
[ccr_centralized_planner-15] 
[ccr_centralized_planner-15] [INFO] [1729090879.068755290] [ccr_centralized_planner]: Sent plan [50, 51, 53, 39, 55, 56, 57, 5, 1] to robotA
[ccr_centralized_planner-15] [INFO] [1729090879.168952684] [ccr_centralized_planner]: Received state 50 from robotA
[ccr_centralized_planner-15] [INFO] [1729090879.268015974] [ccr_centralized_planner]: 
[ccr_centralized_planner-15] 
[ccr_centralized_planner-15]  did not replan 
[ccr_centralized_planner-15] 
[ccr_centralized_planner-15] [INFO] [1729090879.268776178] [ccr_centralized_planner]: Sent plan [50, 51, 53, 39, 55, 56, 57, 5, 1] to robotA
[ccr_local_planner-14] [INFO] [1729090879.371347876] [robotA.ccr_local_planner]: new state 51
[ccr_centralized_planner-15] [INFO] [1729090879.371679227] [ccr_centralized_planner]: Received state 51 from robotA
[command_node-3] [INFO] [1729090879.468751459] [command_node]: robotA: running
[ccr_centralized_planner-15] [INFO] [1729090879.468856876] [ccr_centralized_planner]: 
[ccr_centralized_planner-15] 
[ccr_centralized_planner-15]  did not replan 
[ccr_centralized_planner-15] 
[ccr_centralized_planner-15] [INFO] [1729090879.469645293] [ccr_centralized_planner]: Sent plan [51, 53, 39, 55, 56, 57, 5, 1] to robotA
[ccr_local_planner-14] [INFO] [1729090879.470256016] [robotA.ccr_local_planner]: new plan: [51, 53, 39], remainder: [55, 56, 57, 5, 1]
[ccr_centralized_planner-15] [INFO] [1729090879.576135429] [ccr_centralized_planner]: Received state 51 from robotA
[ccr_centralized_planner-15] [INFO] [1729090879.669002518] [ccr_centralized_planner]: 
[ccr_centralized_planner-15] 
[ccr_centralized_planner-15]  did not replan 
[ccr_centralized_planner-15] 
[ccr_centralized_planner-15] [INFO] [1729090879.669992682] [ccr_centralized_planner]: Sent plan [51, 53, 39, 55, 56, 57, 5, 1] to robotA
[ccr_centralized_planner-15] [INFO] [1729090879.772451880] [ccr_centralized_planner]: Received state 51 from robotA
[ccr_centralized_planner-15] [INFO] [1729090879.869396874] [ccr_centralized_planner]: 
[ccr_centralized_planner-15] 
[ccr_centralized_planner-15]  did not replan 
[ccr_centralized_planner-15] 
[ccr_centralized_planner-15] [INFO] [1729090879.870113736] [ccr_centralized_planner]: Sent plan [51, 53, 39, 55, 56, 57, 5, 1] to robotA
[ccr_centralized_planner-15] [INFO] [1729090879.972075994] [ccr_centralized_planner]: Received state 51 from robotA
[ccr_centralized_planner-15] [INFO] [1729090880.069898512] [ccr_centralized_planner]: 
[ccr_centralized_planner-15] 
[ccr_centralized_planner-15]  did not replan 
[ccr_centralized_planner-15] 
[ccr_centralized_planner-15] [INFO] [1729090880.070631294] [ccr_centralized_planner]: Sent plan [51, 53, 39, 55, 56, 57, 5, 1] to robotA
[ccr_centralized_planner-15] [INFO] [1729090880.172283291] [ccr_centralized_planner]: Received state 51 from robotA
[ccr_centralized_planner-15] [INFO] [1729090880.270192290] [ccr_centralized_planner]: 
[ccr_centralized_planner-15] 
[ccr_centralized_planner-15]  did not replan 
[ccr_centralized_planner-15] 
[ccr_centralized_planner-15] [INFO] [1729090880.271069131] [ccr_centralized_planner]: Sent plan [51, 53, 39, 55, 56, 57, 5, 1] to robotA
[ccr_centralized_planner-15] [INFO] [1729090880.373025098] [ccr_centralized_planner]: Received state 51 from robotA
[ccr_centralized_planner-15] [INFO] [1729090880.570982201] [ccr_centralized_planner]: 
[ccr_centralized_planner-15] 
[ccr_centralized_planner-15]  did not replan 
[ccr_centralized_planner-15] 
[ccr_centralized_planner-15] [INFO] [1729090880.571786387] [ccr_centralized_planner]: Sent plan [51, 53, 39, 55, 56, 57, 5, 1] to robotA
[ccr_centralized_planner-15] [INFO] [1729090880.573023122] [ccr_centralized_planner]: Received state 51 from robotA
[ccr_centralized_planner-15] [INFO] [1729090880.771359585] [ccr_centralized_planner]: 
[ccr_centralized_planner-15] 
[ccr_centralized_planner-15]  did not replan 
[ccr_centralized_planner-15] 
[ccr_centralized_planner-15] [INFO] [1729090880.772130579] [ccr_centralized_planner]: Sent plan [51, 53, 39, 55, 56, 57, 5, 1] to robotA
[ccr_centralized_planner-15] [INFO] [1729090880.773953522] [ccr_centralized_planner]: Received state 51 from robotA
[ccr_centralized_planner-15] [INFO] [1729090880.971198903] [ccr_centralized_planner]: 
[ccr_centralized_planner-15] 
[ccr_centralized_planner-15]  did not replan 
[ccr_centralized_planner-15] 
[ccr_centralized_planner-15] [INFO] [1729090880.971860191] [ccr_centralized_planner]: Sent plan [51, 53, 39, 55, 56, 57, 5, 1] to robotA
[ccr_centralized_planner-15] [INFO] [1729090880.974254244] [ccr_centralized_planner]: Received state 51 from robotA
[ccr_centralized_planner-15] [INFO] [1729090881.171902999] [ccr_centralized_planner]: 
[ccr_centralized_planner-15] 
[ccr_centralized_planner-15]  did not replan 
[ccr_centralized_planner-15] 
[ccr_centralized_planner-15] [INFO] [1729090881.172739736] [ccr_centralized_planner]: Sent plan [51, 53, 39, 55, 56, 57, 5, 1] to robotA
[ccr_centralized_planner-15] [INFO] [1729090881.174251166] [ccr_centralized_planner]: Received state 51 from robotA
[ccr_centralized_planner-15] [INFO] [1729090881.372142876] [ccr_centralized_planner]: 
[ccr_centralized_planner-15] 
[ccr_centralized_planner-15]  did not replan 
[ccr_centralized_planner-15] 
[ccr_centralized_planner-15] [INFO] [1729090881.373149070] [ccr_centralized_planner]: Sent plan [51, 53, 39, 55, 56, 57, 5, 1] to robotA
[ccr_centralized_planner-15] [INFO] [1729090881.376373478] [ccr_centralized_planner]: Received state 51 from robotA
[ccr_centralized_planner-15] [INFO] [1729090881.572180175] [ccr_centralized_planner]: 
[ccr_centralized_planner-15] 
[ccr_centralized_planner-15]  did not replan 
[ccr_centralized_planner-15] 
[command_node-3] [INFO] [1729090881.572420144] [command_node]: robotA: running
[ccr_centralized_planner-15] [INFO] [1729090881.573042148] [ccr_centralized_planner]: Sent plan [51, 53, 39, 55, 56, 57, 5, 1] to robotA
[ccr_centralized_planner-15] [INFO] [1729090881.580592685] [ccr_centralized_planner]: Received state 51 from robotA
[ccr_centralized_planner-15] [INFO] [1729090881.773271306] [ccr_centralized_planner]: 
[ccr_centralized_planner-15] 
[ccr_centralized_planner-15]  did not replan 
[ccr_centralized_planner-15] 
[ccr_centralized_planner-15] [INFO] [1729090881.774001062] [ccr_centralized_planner]: Sent plan [51, 53, 39, 55, 56, 57, 5, 1] to robotA
[ccr_centralized_planner-15] [INFO] [1729090881.775290827] [ccr_centralized_planner]: Received state 51 from robotA
[ccr_centralized_planner-15] [INFO] [1729090881.973679498] [ccr_centralized_planner]: 
[ccr_centralized_planner-15] 
[ccr_centralized_planner-15]  did not replan 
[ccr_centralized_planner-15] 
[ccr_centralized_planner-15] [INFO] [1729090881.974416849] [ccr_centralized_planner]: Sent plan [51, 53, 39, 55, 56, 57, 5, 1] to robotA
[ccr_centralized_planner-15] [INFO] [1729090881.975814466] [ccr_centralized_planner]: Received state 51 from robotA
[ccr_centralized_planner-15] [INFO] [1729090882.174129068] [ccr_centralized_planner]: 
[ccr_centralized_planner-15] 
[ccr_centralized_planner-15]  did not replan 
[ccr_centralized_planner-15] 
[ccr_centralized_planner-15] [INFO] [1729090882.174835841] [ccr_centralized_planner]: Sent plan [51, 53, 39, 55, 56, 57, 5, 1] to robotA
[ccr_local_planner-14] [INFO] [1729090882.176332363] [robotA.ccr_local_planner]: new state 53
[ccr_centralized_planner-15] [INFO] [1729090882.176555962] [ccr_centralized_planner]: Received state 53 from robotA
[ccr_centralized_planner-15] [INFO] [1729090882.374828416] [ccr_centralized_planner]: 
[ccr_centralized_planner-15] 
[ccr_centralized_planner-15]  did not replan 
[ccr_centralized_planner-15] 
[ccr_centralized_planner-15] [INFO] [1729090882.376039243] [ccr_centralized_planner]: Sent plan [53, 39, 55, 56, 57, 5, 1] to robotA
[ccr_centralized_planner-15] [INFO] [1729090882.377369023] [ccr_centralized_planner]: Received state 53 from robotA
[ccr_local_planner-14] [INFO] [1729090882.395928803] [robotA.ccr_local_planner]: new plan: [53, 39, 55], remainder: [56, 57, 5, 1]
[ccr_centralized_planner-15] [INFO] [1729090882.575845087] [ccr_centralized_planner]: 
[ccr_centralized_planner-15] 
[ccr_centralized_planner-15]  did not replan 
[ccr_centralized_planner-15] 
[ccr_centralized_planner-15] [INFO] [1729090882.576680511] [ccr_centralized_planner]: Sent plan [53, 39, 55, 56, 57, 5, 1] to robotA
[ccr_centralized_planner-15] [INFO] [1729090882.684980416] [ccr_centralized_planner]: Received state 53 from robotA
[ccr_centralized_planner-15] [INFO] [1729090882.775328408] [ccr_centralized_planner]: 
[ccr_centralized_planner-15] 
[ccr_centralized_planner-15]  did not replan 
[ccr_centralized_planner-15] 
[ccr_centralized_planner-15] [INFO] [1729090882.776030743] [ccr_centralized_planner]: Sent plan [53, 39, 55, 56, 57, 5, 1] to robotA
[ccr_centralized_planner-15] [INFO] [1729090882.888681573] [ccr_centralized_planner]: Received state 53 from robotA
[ccr_centralized_planner-15] [INFO] [1729090882.975418084] [ccr_centralized_planner]: 
[ccr_centralized_planner-15] 
[ccr_centralized_planner-15]  did not replan 
[ccr_centralized_planner-15] 
[ccr_centralized_planner-15] [INFO] [1729090882.976170142] [ccr_centralized_planner]: Sent plan [53, 39, 55, 56, 57, 5, 1] to robotA
[ccr_centralized_planner-15] [INFO] [1729090883.078390514] [ccr_centralized_planner]: Received state 53 from robotA
[ccr_centralized_planner-15] [INFO] [1729090883.175801440] [ccr_centralized_planner]: 
[ccr_centralized_planner-15] 
[ccr_centralized_planner-15]  did not replan 
[ccr_centralized_planner-15] 
[ccr_centralized_planner-15] [INFO] [1729090883.176579788] [ccr_centralized_planner]: Sent plan [53, 39, 55, 56, 57, 5, 1] to robotA
[ccr_centralized_planner-15] [INFO] [1729090883.279305846] [ccr_centralized_planner]: Received state 53 from robotA
[ccr_centralized_planner-15] [INFO] [1729090883.376344926] [ccr_centralized_planner]: 
[ccr_centralized_planner-15] 
[ccr_centralized_planner-15]  did not replan 
[ccr_centralized_planner-15] 
[ccr_centralized_planner-15] [INFO] [1729090883.377081755] [ccr_centralized_planner]: Sent plan [53, 39, 55, 56, 57, 5, 1] to robotA
[ccr_centralized_planner-15] [INFO] [1729090883.479341400] [ccr_centralized_planner]: Received state 53 from robotA
[ccr_centralized_planner-15] [INFO] [1729090883.576953593] [ccr_centralized_planner]: 
[ccr_centralized_planner-15] 
[ccr_centralized_planner-15]  did not replan 
[ccr_centralized_planner-15] 
[command_node-3] [INFO] [1729090883.577017683] [command_node]: robotA: running
[ccr_centralized_planner-15] [INFO] [1729090883.577856985] [ccr_centralized_planner]: Sent plan [53, 39, 55, 56, 57, 5, 1] to robotA
[ccr_centralized_planner-15] [INFO] [1729090883.679366215] [ccr_centralized_planner]: Received state 53 from robotA
[ccr_centralized_planner-15] [INFO] [1729090883.776865126] [ccr_centralized_planner]: 
[ccr_centralized_planner-15] 
[ccr_centralized_planner-15]  did not replan 
[ccr_centralized_planner-15] 
[ccr_centralized_planner-15] [INFO] [1729090883.777679902] [ccr_centralized_planner]: Sent plan [53, 39, 55, 56, 57, 5, 1] to robotA
[ccr_centralized_planner-15] [INFO] [1729090883.879034432] [ccr_centralized_planner]: Received state 53 from robotA
[ccr_centralized_planner-15] [INFO] [1729090883.976928162] [ccr_centralized_planner]: 
[ccr_centralized_planner-15] 
[ccr_centralized_planner-15]  did not replan 
[ccr_centralized_planner-15] 
[ccr_centralized_planner-15] [INFO] [1729090883.977605650] [ccr_centralized_planner]: Sent plan [53, 39, 55, 56, 57, 5, 1] to robotA
[ccr_centralized_planner-15] [INFO] [1729090884.078489780] [ccr_centralized_planner]: Received state 53 from robotA
[ccr_centralized_planner-15] [INFO] [1729090884.177772852] [ccr_centralized_planner]: 
[ccr_centralized_planner-15] 
[ccr_centralized_planner-15]  did not replan 
[ccr_centralized_planner-15] 
[ccr_centralized_planner-15] [INFO] [1729090884.178579933] [ccr_centralized_planner]: Sent plan [53, 39, 55, 56, 57, 5, 1] to robotA
[ccr_centralized_planner-15] [INFO] [1729090884.279075034] [ccr_centralized_planner]: Received state 53 from robotA
[ccr_centralized_planner-15] [INFO] [1729090884.377707297] [ccr_centralized_planner]: 
[ccr_centralized_planner-15] 
[ccr_centralized_planner-15]  did not replan 
[ccr_centralized_planner-15] 
[ccr_centralized_planner-15] [INFO] [1729090884.378410814] [ccr_centralized_planner]: Sent plan [53, 39, 55, 56, 57, 5, 1] to robotA
[ccr_centralized_planner-15] [INFO] [1729090884.479061928] [ccr_centralized_planner]: Received state 53 from robotA
[ccr_centralized_planner-15] [INFO] [1729090884.578181544] [ccr_centralized_planner]: 
[ccr_centralized_planner-15] 
[ccr_centralized_planner-15]  did not replan 
[ccr_centralized_planner-15] 
[ccr_centralized_planner-15] [INFO] [1729090884.578943671] [ccr_centralized_planner]: Sent plan [53, 39, 55, 56, 57, 5, 1] to robotA
[ccr_local_planner-14] [INFO] [1729090884.679372958] [robotA.ccr_local_planner]: new state 39
[ccr_centralized_planner-15] [INFO] [1729090884.679748121] [ccr_centralized_planner]: Received state 39 from robotA
[ccr_centralized_planner-15] [INFO] [1729090884.778580248] [ccr_centralized_planner]: 
[ccr_centralized_planner-15] 
[ccr_centralized_planner-15]  did not replan 
[ccr_centralized_planner-15] 
[ccr_centralized_planner-15] [INFO] [1729090884.779337065] [ccr_centralized_planner]: Sent plan [39, 55, 56, 57, 5, 1] to robotA
[ccr_local_planner-14] [INFO] [1729090884.779470625] [robotA.ccr_local_planner]: new plan: [39, 55, 56], remainder: [57, 5, 1]
[ccr_centralized_planner-15] [INFO] [1729090884.880874287] [ccr_centralized_planner]: Received state 39 from robotA
[ccr_centralized_planner-15] [INFO] [1729090884.979143180] [ccr_centralized_planner]: 
[ccr_centralized_planner-15] 
[ccr_centralized_planner-15]  did not replan 
[ccr_centralized_planner-15] 
[ccr_centralized_planner-15] [INFO] [1729090884.979937297] [ccr_centralized_planner]: Sent plan [39, 55, 56, 57, 5, 1] to robotA
[ccr_centralized_planner-15] [INFO] [1729090885.084889623] [ccr_centralized_planner]: Received state 39 from robotA
[ccr_centralized_planner-15] [INFO] [1729090885.179414787] [ccr_centralized_planner]: 
[ccr_centralized_planner-15] 
[ccr_centralized_planner-15]  did not replan 
[ccr_centralized_planner-15] 
[ccr_centralized_planner-15] [INFO] [1729090885.180262905] [ccr_centralized_planner]: Sent plan [39, 55, 56, 57, 5, 1] to robotA
[ccr_centralized_planner-15] [INFO] [1729090885.288480776] [ccr_centralized_planner]: Received state 39 from robotA
[ccr_centralized_planner-15] [INFO] [1729090885.379725917] [ccr_centralized_planner]: 
[ccr_centralized_planner-15] 
[ccr_centralized_planner-15]  did not replan 
[ccr_centralized_planner-15] 
[ccr_centralized_planner-15] [INFO] [1729090885.380501058] [ccr_centralized_planner]: Sent plan [39, 55, 56, 57, 5, 1] to robotA
[ccr_centralized_planner-15] [INFO] [1729090885.483982421] [ccr_centralized_planner]: Received state 39 from robotA
[ccr_centralized_planner-15] [INFO] [1729090885.579782141] [ccr_centralized_planner]: 
[ccr_centralized_planner-15] 
[ccr_centralized_planner-15]  did not replan 
[ccr_centralized_planner-15] 
[ccr_centralized_planner-15] [INFO] [1729090885.580191347] [ccr_centralized_planner]: Sent plan [39, 55, 56, 57, 5, 1] to robotA
[command_node-3] [INFO] [1729090885.580588521] [command_node]: robotA: running
[ccr_local_planner-14] [INFO] [1729090885.682779697] [robotA.ccr_local_planner]: new state 55
[ccr_centralized_planner-15] [INFO] [1729090885.682820534] [ccr_centralized_planner]: Received state 55 from robotA
[ccr_centralized_planner-15] [INFO] [1729090885.780700949] [ccr_centralized_planner]: 
[ccr_centralized_planner-15] 
[ccr_centralized_planner-15]  did not replan 
[ccr_centralized_planner-15] 
[ccr_centralized_planner-15] [INFO] [1729090885.781642873] [ccr_centralized_planner]: Sent plan [55, 56, 57, 5, 1] to robotA
[ccr_local_planner-14] [INFO] [1729090885.781666006] [robotA.ccr_local_planner]: new plan: [55, 56, 57], remainder: [5, 1]
[ccr_centralized_planner-15] [INFO] [1729090885.883022941] [ccr_centralized_planner]: Received state 55 from robotA
[ccr_centralized_planner-15] [INFO] [1729090885.981248062] [ccr_centralized_planner]: 
[ccr_centralized_planner-15] 
[ccr_centralized_planner-15]  did not replan 
[ccr_centralized_planner-15] 
[ccr_centralized_planner-15] [INFO] [1729090885.982075692] [ccr_centralized_planner]: Sent plan [55, 56, 57, 5, 1] to robotA
[ccr_centralized_planner-15] [INFO] [1729090886.083408391] [ccr_centralized_planner]: Received state 55 from robotA
[ccr_centralized_planner-15] [INFO] [1729090886.281938487] [ccr_centralized_planner]: 
[ccr_centralized_planner-15] 
[ccr_centralized_planner-15]  did not replan 
[ccr_centralized_planner-15] 
[ccr_centralized_planner-15] [INFO] [1729090886.282695344] [ccr_centralized_planner]: Sent plan [55, 56, 57, 5, 1] to robotA
[ccr_centralized_planner-15] [INFO] [1729090886.284020405] [ccr_centralized_planner]: Received state 55 from robotA
[ccr_centralized_planner-15] [INFO] [1729090886.482417312] [ccr_centralized_planner]: 
[ccr_centralized_planner-15] 
[ccr_centralized_planner-15]  did not replan 
[ccr_centralized_planner-15] 
[ccr_centralized_planner-15] [INFO] [1729090886.483174770] [ccr_centralized_planner]: Sent plan [55, 56, 57, 5, 1] to robotA
[ccr_centralized_planner-15] [INFO] [1729090886.485114832] [ccr_centralized_planner]: Received state 55 from robotA
[ccr_centralized_planner-15] [INFO] [1729090886.682890425] [ccr_centralized_planner]: 
[ccr_centralized_planner-15] 
[ccr_centralized_planner-15]  did not replan 
[ccr_centralized_planner-15] 
[ccr_centralized_planner-15] [INFO] [1729090886.683684622] [ccr_centralized_planner]: Sent plan [55, 56, 57, 5, 1] to robotA
[ccr_centralized_planner-15] [INFO] [1729090886.684820399] [ccr_centralized_planner]: Received state 55 from robotA
[ccr_centralized_planner-15] [INFO] [1729090886.883533418] [ccr_centralized_planner]: 
[ccr_centralized_planner-15] 
[ccr_centralized_planner-15]  did not replan 
[ccr_centralized_planner-15] 
[ccr_centralized_planner-15] [INFO] [1729090886.884227227] [ccr_centralized_planner]: Sent plan [55, 56, 57, 5, 1] to robotA
[ccr_centralized_planner-15] [INFO] [1729090886.885526710] [ccr_centralized_planner]: Received state 55 from robotA
[ccr_centralized_planner-15] [INFO] [1729090887.084486790] [ccr_centralized_planner]: 
[ccr_centralized_planner-15] 
[ccr_centralized_planner-15]  did not replan 
[ccr_centralized_planner-15] 
[ccr_centralized_planner-15] [INFO] [1729090887.085324298] [ccr_centralized_planner]: Sent plan [55, 56, 57, 5, 1] to robotA
[ccr_centralized_planner-15] [INFO] [1729090887.086745229] [ccr_centralized_planner]: Received state 55 from robotA
[ccr_centralized_planner-15] [INFO] [1729090887.284502168] [ccr_centralized_planner]: 
[ccr_centralized_planner-15] 
[ccr_centralized_planner-15]  did not replan 
[ccr_centralized_planner-15] 
[ccr_centralized_planner-15] [INFO] [1729090887.285278822] [ccr_centralized_planner]: Sent plan [55, 56, 57, 5, 1] to robotA
[ccr_centralized_planner-15] [INFO] [1729090887.286187654] [ccr_centralized_planner]: Received state 55 from robotA
[ccr_centralized_planner-15] [INFO] [1729090887.485694588] [ccr_centralized_planner]: 
[ccr_centralized_planner-15] 
[ccr_centralized_planner-15]  did not replan 
[ccr_centralized_planner-15] 
[ccr_centralized_planner-15] [INFO] [1729090887.486711693] [ccr_centralized_planner]: Sent plan [55, 56, 57, 5, 1] to robotA
[ccr_centralized_planner-15] [INFO] [1729090887.487637316] [ccr_centralized_planner]: Received state 55 from robotA
[command_node-3] [INFO] [1729090887.685528175] [command_node]: robotA: running
[ccr_centralized_planner-15] [INFO] [1729090887.685728370] [ccr_centralized_planner]: 
[ccr_centralized_planner-15] 
[ccr_centralized_planner-15]  did not replan 
[ccr_centralized_planner-15] 
[ccr_centralized_planner-15] [INFO] [1729090887.686561480] [ccr_centralized_planner]: Sent plan [55, 56, 57, 5, 1] to robotA
[ccr_centralized_planner-15] [INFO] [1729090887.689979069] [ccr_centralized_planner]: Received state 55 from robotA
[ccr_centralized_planner-15] [INFO] [1729090887.885893327] [ccr_centralized_planner]: 
[ccr_centralized_planner-15] 
[ccr_centralized_planner-15]  did not replan 
[ccr_centralized_planner-15] 
[ccr_centralized_planner-15] [INFO] [1729090887.886707892] [ccr_centralized_planner]: Sent plan [55, 56, 57, 5, 1] to robotA
[ccr_centralized_planner-15] [INFO] [1729090887.893299383] [ccr_centralized_planner]: Received state 55 from robotA
[ccr_centralized_planner-15] [INFO] [1729090888.086032075] [ccr_centralized_planner]: 
[ccr_centralized_planner-15] 
[ccr_centralized_planner-15]  did not replan 
[ccr_centralized_planner-15] 
[ccr_centralized_planner-15] [INFO] [1729090888.086732957] [ccr_centralized_planner]: Sent plan [55, 56, 57, 5, 1] to robotA
[ccr_local_planner-14] [INFO] [1729090888.088113652] [robotA.ccr_local_planner]: new state 56
[ccr_centralized_planner-15] [INFO] [1729090888.088188933] [ccr_centralized_planner]: Received state 56 from robotA
[ccr_centralized_planner-15] [INFO] [1729090888.286343436] [ccr_centralized_planner]: 
[ccr_centralized_planner-15] 
[ccr_centralized_planner-15]  did not replan 
[ccr_centralized_planner-15] 
[ccr_centralized_planner-15] [INFO] [1729090888.287148403] [ccr_centralized_planner]: Sent plan [56, 57, 5, 1] to robotA
[ccr_centralized_planner-15] [INFO] [1729090888.288028942] [ccr_centralized_planner]: Received state 56 from robotA
[ccr_local_planner-14] [INFO] [1729090888.307734257] [robotA.ccr_local_planner]: new plan: [56, 57, 5], remainder: [1]
[ccr_centralized_planner-15] [INFO] [1729090888.487160754] [ccr_centralized_planner]: 
[ccr_centralized_planner-15] 
[ccr_centralized_planner-15]  did not replan 
[ccr_centralized_planner-15] 
[ccr_centralized_planner-15] [INFO] [1729090888.488441062] [ccr_centralized_planner]: Sent plan [56, 57, 5, 1] to robotA
[ccr_centralized_planner-15] [INFO] [1729090888.490947705] [ccr_centralized_planner]: Received state 56 from robotA
[ccr_centralized_planner-15] [INFO] [1729090888.687042110] [ccr_centralized_planner]: 
[ccr_centralized_planner-15] 
[ccr_centralized_planner-15]  did not replan 
[ccr_centralized_planner-15] 
[ccr_centralized_planner-15] [INFO] [1729090888.687737963] [ccr_centralized_planner]: Sent plan [56, 57, 5, 1] to robotA
[ccr_centralized_planner-15] [INFO] [1729090888.795738096] [ccr_centralized_planner]: Received state 56 from robotA
[ccr_centralized_planner-15] [INFO] [1729090888.887370092] [ccr_centralized_planner]: 
[ccr_centralized_planner-15] 
[ccr_centralized_planner-15]  did not replan 
[ccr_centralized_planner-15] 
[ccr_centralized_planner-15] [INFO] [1729090888.888086804] [ccr_centralized_planner]: Sent plan [56, 57, 5, 1] to robotA
[ccr_centralized_planner-15] [INFO] [1729090888.989886378] [ccr_centralized_planner]: Received state 56 from robotA
[ccr_centralized_planner-15] [INFO] [1729090889.087840291] [ccr_centralized_planner]: 
[ccr_centralized_planner-15] 
[ccr_centralized_planner-15]  did not replan 
[ccr_centralized_planner-15] 
[ccr_centralized_planner-15] [INFO] [1729090889.088629188] [ccr_centralized_planner]: Sent plan [56, 57, 5, 1] to robotA
[ccr_centralized_planner-15] [INFO] [1729090889.190300461] [ccr_centralized_planner]: Received state 56 from robotA
[ccr_centralized_planner-15] [INFO] [1729090889.288699237] [ccr_centralized_planner]: 
[ccr_centralized_planner-15] 
[ccr_centralized_planner-15]  did not replan 
[ccr_centralized_planner-15] 
[ccr_centralized_planner-15] [INFO] [1729090889.289535313] [ccr_centralized_planner]: Sent plan [56, 57, 5, 1] to robotA
[ccr_centralized_planner-15] [INFO] [1729090889.390203698] [ccr_centralized_planner]: Received state 56 from robotA
[ccr_centralized_planner-15] [INFO] [1729090889.488574342] [ccr_centralized_planner]: 
[ccr_centralized_planner-15] 
[ccr_centralized_planner-15]  did not replan 
[ccr_centralized_planner-15] 
[ccr_centralized_planner-15] [INFO] [1729090889.489323184] [ccr_centralized_planner]: Sent plan [56, 57, 5, 1] to robotA
[ccr_centralized_planner-15] [INFO] [1729090889.591403753] [ccr_centralized_planner]: Received state 56 from robotA
[command_node-3] [INFO] [1729090889.689279620] [command_node]: robotA: running
[ccr_centralized_planner-15] [INFO] [1729090889.689302884] [ccr_centralized_planner]: 
[ccr_centralized_planner-15] 
[ccr_centralized_planner-15]  did not replan 
[ccr_centralized_planner-15] 
[ccr_centralized_planner-15] [INFO] [1729090889.690110205] [ccr_centralized_planner]: Sent plan [56, 57, 5, 1] to robotA
[ccr_centralized_planner-15] [INFO] [1729090889.791588697] [ccr_centralized_planner]: Received state 56 from robotA
[ccr_centralized_planner-15] [INFO] [1729090889.889567117] [ccr_centralized_planner]: 
[ccr_centralized_planner-15] 
[ccr_centralized_planner-15]  did not replan 
[ccr_centralized_planner-15] 
[ccr_centralized_planner-15] [INFO] [1729090889.890278098] [ccr_centralized_planner]: Sent plan [56, 57, 5, 1] to robotA
[ccr_centralized_planner-15] [INFO] [1729090889.991900931] [ccr_centralized_planner]: Received state 56 from robotA
[ccr_centralized_planner-15] [INFO] [1729090890.089775746] [ccr_centralized_planner]: 
[ccr_centralized_planner-15] 
[ccr_centralized_planner-15]  did not replan 
[ccr_centralized_planner-15] 
[ccr_centralized_planner-15] [INFO] [1729090890.090466799] [ccr_centralized_planner]: Sent plan [56, 57, 5, 1] to robotA
[ccr_centralized_planner-15] [INFO] [1729090890.192413037] [ccr_centralized_planner]: Received state 56 from robotA
[ccr_centralized_planner-15] [INFO] [1729090890.290264138] [ccr_centralized_planner]: 
[ccr_centralized_planner-15] 
[ccr_centralized_planner-15]  did not replan 
[ccr_centralized_planner-15] 
[ccr_centralized_planner-15] [INFO] [1729090890.291007690] [ccr_centralized_planner]: Sent plan [56, 57, 5, 1] to robotA
[ccr_centralized_planner-15] [INFO] [1729090890.392677511] [ccr_centralized_planner]: Received state 56 from robotA
[ccr_centralized_planner-15] [INFO] [1729090890.490731401] [ccr_centralized_planner]: 
[ccr_centralized_planner-15] 
[ccr_centralized_planner-15]  did not replan 
[ccr_centralized_planner-15] 
[ccr_centralized_planner-15] [INFO] [1729090890.491430280] [ccr_centralized_planner]: Sent plan [56, 57, 5, 1] to robotA
[ccr_local_planner-14] [INFO] [1729090890.591575896] [robotA.ccr_local_planner]: new state 57
[ccr_centralized_planner-15] [INFO] [1729090890.591957441] [ccr_centralized_planner]: Received state 57 from robotA
[ccr_centralized_planner-15] [INFO] [1729090890.690925082] [ccr_centralized_planner]: 
[ccr_centralized_planner-15] 
[ccr_centralized_planner-15]  did not replan 
[ccr_centralized_planner-15] 
[ccr_centralized_planner-15] [INFO] [1729090890.691628609] [ccr_centralized_planner]: Sent plan [57, 5, 1] to robotA
[ccr_local_planner-14] [INFO] [1729090890.692024530] [robotA.ccr_local_planner]: new plan: [57, 5, 1]
[ccr_centralized_planner-15] [INFO] [1729090890.792640178] [ccr_centralized_planner]: Received state 57 from robotA
[ccr_centralized_planner-15] [INFO] [1729090890.891446446] [ccr_centralized_planner]: 
[ccr_centralized_planner-15] 
[ccr_centralized_planner-15]  did not replan 
[ccr_centralized_planner-15] 
[ccr_centralized_planner-15] [INFO] [1729090890.892174640] [ccr_centralized_planner]: Sent plan [57, 5, 1] to robotA
[ccr_centralized_planner-15] [INFO] [1729090890.996476859] [ccr_centralized_planner]: Received state 57 from robotA
[ccr_centralized_planner-15] [INFO] [1729090891.091977909] [ccr_centralized_planner]: 
[ccr_centralized_planner-15] 
[ccr_centralized_planner-15]  did not replan 
[ccr_centralized_planner-15] 
[ccr_centralized_planner-15] [INFO] [1729090891.092863908] [ccr_centralized_planner]: Sent plan [57, 5, 1] to robotA
[ccr_centralized_planner-15] [INFO] [1729090891.199338726] [ccr_centralized_planner]: Received state 57 from robotA
[ccr_centralized_planner-15] [INFO] [1729090891.292355465] [ccr_centralized_planner]: 
[ccr_centralized_planner-15] 
[ccr_centralized_planner-15]  did not replan 
[ccr_centralized_planner-15] 
[ccr_centralized_planner-15] [INFO] [1729090891.293069772] [ccr_centralized_planner]: Sent plan [57, 5, 1] to robotA
[ccr_centralized_planner-15] [INFO] [1729090891.405058272] [ccr_centralized_planner]: Received state 57 from robotA
[ccr_centralized_planner-15] [INFO] [1729090891.492774728] [ccr_centralized_planner]: 
[ccr_centralized_planner-15] 
[ccr_centralized_planner-15]  did not replan 
[ccr_centralized_planner-15] 
[ccr_centralized_planner-15] [INFO] [1729090891.493939929] [ccr_centralized_planner]: Sent plan [57, 5, 1] to robotA
[ccr_centralized_planner-15] [INFO] [1729090891.594677755] [ccr_centralized_planner]: Received state 57 from robotA
[command_node-3] [INFO] [1729090891.693234327] [command_node]: robotA: running
[ccr_centralized_planner-15] [INFO] [1729090891.693349993] [ccr_centralized_planner]: 
[ccr_centralized_planner-15] 
[ccr_centralized_planner-15]  did not replan 
[ccr_centralized_planner-15] 
[ccr_centralized_planner-15] [INFO] [1729090891.694189535] [ccr_centralized_planner]: Sent plan [57, 5, 1] to robotA
[ccr_centralized_planner-15] [INFO] [1729090891.796255978] [ccr_centralized_planner]: Received state 57 from robotA
[ccr_centralized_planner-15] [INFO] [1729090891.893625317] [ccr_centralized_planner]: 
[ccr_centralized_planner-15] 
[ccr_centralized_planner-15]  did not replan 
[ccr_centralized_planner-15] 
[ccr_centralized_planner-15] [INFO] [1729090891.894371123] [ccr_centralized_planner]: Sent plan [57, 5, 1] to robotA
[ccr_centralized_planner-15] [INFO] [1729090891.999030030] [ccr_centralized_planner]: Received state 57 from robotA
[ccr_centralized_planner-15] [INFO] [1729090892.093688032] [ccr_centralized_planner]: 
[ccr_centralized_planner-15] 
[ccr_centralized_planner-15]  did not replan 
[ccr_centralized_planner-15] 
[ccr_centralized_planner-15] [INFO] [1729090892.094386119] [ccr_centralized_planner]: Sent plan [57, 5, 1] to robotA
[ccr_centralized_planner-15] [INFO] [1729090892.196632219] [ccr_centralized_planner]: Received state 57 from robotA
[ccr_centralized_planner-15] [INFO] [1729090892.394158164] [ccr_centralized_planner]: 
[ccr_centralized_planner-15] 
[ccr_centralized_planner-15]  did not replan 
[ccr_centralized_planner-15] 
[ccr_centralized_planner-15] [INFO] [1729090892.394874305] [ccr_centralized_planner]: Sent plan [57, 5, 1] to robotA
[ccr_centralized_planner-15] [INFO] [1729090892.397984579] [ccr_centralized_planner]: Received state 57 from robotA
[ccr_centralized_planner-15] [INFO] [1729090892.594287505] [ccr_centralized_planner]: 
[ccr_centralized_planner-15] 
[ccr_centralized_planner-15]  did not replan 
[ccr_centralized_planner-15] 
[ccr_centralized_planner-15] [INFO] [1729090892.595026809] [ccr_centralized_planner]: Sent plan [57, 5, 1] to robotA
[ccr_centralized_planner-15] [INFO] [1729090892.596280607] [ccr_centralized_planner]: Received state 57 from robotA
[ccr_centralized_planner-15] [INFO] [1729090892.794615998] [ccr_centralized_planner]: 
[ccr_centralized_planner-15] 
[ccr_centralized_planner-15]  did not replan 
[ccr_centralized_planner-15] 
[ccr_centralized_planner-15] [INFO] [1729090892.795320788] [ccr_centralized_planner]: Sent plan [57, 5, 1] to robotA
[ccr_local_planner-14] [INFO] [1729090892.797139383] [robotA.ccr_local_planner]: new state 5
[ccr_centralized_planner-15] [INFO] [1729090892.797176863] [ccr_centralized_planner]: Received state 5 from robotA
[ccr_centralized_planner-15] [INFO] [1729090892.995283466] [ccr_centralized_planner]: 
[ccr_centralized_planner-15] 
[ccr_centralized_planner-15]  did not replan 
[ccr_centralized_planner-15] 
[ccr_centralized_planner-15] [INFO] [1729090892.996139349] [ccr_centralized_planner]: Sent plan [5, 1] to robotA
[ccr_centralized_planner-15] [INFO] [1729090892.997223910] [ccr_centralized_planner]: Received state 5 from robotA
[ccr_local_planner-14] [INFO] [1729090893.024698501] [robotA.ccr_local_planner]: new plan: [5, 1]
[ccr_centralized_planner-15] [INFO] [1729090893.195348596] [ccr_centralized_planner]: 
[ccr_centralized_planner-15] 
[ccr_centralized_planner-15]  did not replan 
[ccr_centralized_planner-15] 
[ccr_centralized_planner-15] [INFO] [1729090893.196143675] [ccr_centralized_planner]: Sent plan [5, 1] to robotA
[ccr_centralized_planner-15] [INFO] [1729090893.197402091] [ccr_centralized_planner]: Received state 5 from robotA
[ccr_centralized_planner-15] [INFO] [1729090893.395665237] [ccr_centralized_planner]: 
[ccr_centralized_planner-15] 
[ccr_centralized_planner-15]  did not replan 
[ccr_centralized_planner-15] 
[ccr_centralized_planner-15] [INFO] [1729090893.396432133] [ccr_centralized_planner]: Sent plan [5, 1] to robotA
[ccr_centralized_planner-15] [INFO] [1729090893.397266094] [ccr_centralized_planner]: Received state 5 from robotA
[ccr_centralized_planner-15] [INFO] [1729090893.595748782] [ccr_centralized_planner]: 
[ccr_centralized_planner-15] 
[ccr_centralized_planner-15]  did not replan 
[ccr_centralized_planner-15] 
[ccr_centralized_planner-15] [INFO] [1729090893.596462929] [ccr_centralized_planner]: Sent plan [5, 1] to robotA
[ccr_centralized_planner-15] [INFO] [1729090893.605870723] [ccr_centralized_planner]: Received state 5 from robotA
[ccr_centralized_planner-15] [INFO] [1729090893.796601115] [ccr_centralized_planner]: 
[ccr_centralized_planner-15] 
[ccr_centralized_planner-15]  did not replan 
[ccr_centralized_planner-15] 
[command_node-3] [INFO] [1729090893.796843349] [command_node]: robotA: running
[ccr_centralized_planner-15] [INFO] [1729090893.797434616] [ccr_centralized_planner]: Sent plan [5, 1] to robotA
[ccr_local_planner-14] [INFO] [1729090893.809894025] [robotA.ccr_local_planner]: new state 1
[ccr_centralized_planner-15] [INFO] [1729090893.809965038] [ccr_centralized_planner]: Received state 1 from robotA
[ccr_goal_provider-12] [INFO] [1729090893.810354186] [ccr_goal_provider]: [32mgoal completed:[0m robotA reached goal 1, going to goal 0 within state 9
[ccr_centralized_planner-15] [INFO] [1729090893.897580895] [ccr_centralized_planner]: Received goal 9 from robotA
[ccr_centralized_planner-15] [INFO] [1729090893.996768017] [ccr_centralized_planner]: 
[ccr_centralized_planner-15] 
[ccr_centralized_planner-15]  replaned due to new goal
[ccr_centralized_planner-15] 
[ccr_centralized_planner-15] [INFO] [1729090894.022348492] [ccr_centralized_planner]: Sent plan [1, 44, 45, 56, 55, 39, 53, 51, 32, 35, 10, 9] to robotA
[ccr_centralized_planner-15] [INFO] [1729090894.022905354] [ccr_centralized_planner]: Received state 1 from robotA
[ccr_local_planner-14] [INFO] [1729090894.027319729] [robotA.ccr_local_planner]: new plan: [1, 44, 45], remainder: [56, 55, 39, 53, 51, 32, 35, 10, 9]
[ccr_centralized_planner-15] [INFO] [1729090894.197254976] [ccr_centralized_planner]: 
[ccr_centralized_planner-15] 
[ccr_centralized_planner-15]  did not replan 
[ccr_centralized_planner-15] 
[ccr_centralized_planner-15] [INFO] [1729090894.197950148] [ccr_centralized_planner]: Sent plan [1, 44, 45, 56, 55, 39, 53, 51, 32, 35, 10, 9] to robotA
[ccr_centralized_planner-15] [INFO] [1729090894.216481244] [ccr_centralized_planner]: Received state 1 from robotA
[ccr_centralized_planner-15] [INFO] [1729090894.397420434] [ccr_centralized_planner]: 
[ccr_centralized_planner-15] 
[ccr_centralized_planner-15]  did not replan 
[ccr_centralized_planner-15] 
[ccr_centralized_planner-15] [INFO] [1729090894.398145993] [ccr_centralized_planner]: Sent plan [1, 44, 45, 56, 55, 39, 53, 51, 32, 35, 10, 9] to robotA
[ccr_centralized_planner-15] [INFO] [1729090894.399935864] [ccr_centralized_planner]: Received state 1 from robotA
[ccr_centralized_planner-15] [INFO] [1729090894.597383693] [ccr_centralized_planner]: 
[ccr_centralized_planner-15] 
[ccr_centralized_planner-15]  did not replan 
[ccr_centralized_planner-15] 
[ccr_centralized_planner-15] [INFO] [1729090894.598075168] [ccr_centralized_planner]: Sent plan [1, 44, 45, 56, 55, 39, 53, 51, 32, 35, 10, 9] to robotA
[ccr_centralized_planner-15] [INFO] [1729090894.601829387] [ccr_centralized_planner]: Received state 1 from robotA
[ccr_centralized_planner-15] [INFO] [1729090894.797919334] [ccr_centralized_planner]: 
[ccr_centralized_planner-15] 
[ccr_centralized_planner-15]  did not replan 
[ccr_centralized_planner-15] 
[ccr_centralized_planner-15] [INFO] [1729090894.798590662] [ccr_centralized_planner]: Sent plan [1, 44, 45, 56, 55, 39, 53, 51, 32, 35, 10, 9] to robotA
[ccr_centralized_planner-15] [INFO] [1729090894.800402835] [ccr_centralized_planner]: Received state 1 from robotA
[ccr_centralized_planner-15] [INFO] [1729090894.998438455] [ccr_centralized_planner]: 
[ccr_centralized_planner-15] 
[ccr_centralized_planner-15]  did not replan 
[ccr_centralized_planner-15] 
[ccr_centralized_planner-15] [INFO] [1729090894.999151991] [ccr_centralized_planner]: Sent plan [1, 44, 45, 56, 55, 39, 53, 51, 32, 35, 10, 9] to robotA
[ccr_centralized_planner-15] [INFO] [1729090895.000736227] [ccr_centralized_planner]: Received state 1 from robotA
[ccr_centralized_planner-15] [INFO] [1729090895.199010774] [ccr_centralized_planner]: 
[ccr_centralized_planner-15] 
[ccr_centralized_planner-15]  did not replan 
[ccr_centralized_planner-15] 
[ccr_centralized_planner-15] [INFO] [1729090895.199593024] [ccr_centralized_planner]: Sent plan [1, 44, 45, 56, 55, 39, 53, 51, 32, 35, 10, 9] to robotA
[ccr_centralized_planner-15] [INFO] [1729090895.314469663] [ccr_centralized_planner]: Received state 1 from robotA
[ccr_centralized_planner-15] [INFO] [1729090895.399530736] [ccr_centralized_planner]: 
[ccr_centralized_planner-15] 
[ccr_centralized_planner-15]  did not replan 
[ccr_centralized_planner-15] 
[ccr_centralized_planner-15] [INFO] [1729090895.400377021] [ccr_centralized_planner]: Sent plan [1, 44, 45, 56, 55, 39, 53, 51, 32, 35, 10, 9] to robotA
[ccr_centralized_planner-15] [INFO] [1729090895.515907493] [ccr_centralized_planner]: Received state 1 from robotA
[ccr_centralized_planner-15] [INFO] [1729090895.600161375] [ccr_centralized_planner]: 
[ccr_centralized_planner-15] 
[ccr_centralized_planner-15]  did not replan 
[ccr_centralized_planner-15] 
[ccr_centralized_planner-15] [INFO] [1729090895.601046642] [ccr_centralized_planner]: Sent plan [1, 44, 45, 56, 55, 39, 53, 51, 32, 35, 10, 9] to robotA
[ccr_centralized_planner-15] [INFO] [1729090895.723021211] [ccr_centralized_planner]: Received state 1 from robotA
[ccr_centralized_planner-15] [INFO] [1729090895.800665026] [ccr_centralized_planner]: 
[ccr_centralized_planner-15] 
[ccr_centralized_planner-15]  did not replan 
[ccr_centralized_planner-15] 
[command_node-3] [INFO] [1729090895.800799428] [command_node]: robotA: running
[ccr_centralized_planner-15] [INFO] [1729090895.801530377] [ccr_centralized_planner]: Sent plan [1, 44, 45, 56, 55, 39, 53, 51, 32, 35, 10, 9] to robotA
[ccr_centralized_planner-15] [INFO] [1729090895.903623750] [ccr_centralized_planner]: Received state 1 from robotA
[ccr_centralized_planner-15] [INFO] [1729090896.001302948] [ccr_centralized_planner]: 
[ccr_centralized_planner-15] 
[ccr_centralized_planner-15]  did not replan 
[ccr_centralized_planner-15] 
[ccr_centralized_planner-15] [INFO] [1729090896.002201661] [ccr_centralized_planner]: Sent plan [1, 44, 45, 56, 55, 39, 53, 51, 32, 35, 10, 9] to robotA
[ccr_centralized_planner-15] [INFO] [1729090896.103986057] [ccr_centralized_planner]: Received state 1 from robotA
[ccr_centralized_planner-15] [INFO] [1729090896.201980947] [ccr_centralized_planner]: 
[ccr_centralized_planner-15] 
[ccr_centralized_planner-15]  did not replan 
[ccr_centralized_planner-15] 
[ccr_centralized_planner-15] [INFO] [1729090896.202680186] [ccr_centralized_planner]: Sent plan [1, 44, 45, 56, 55, 39, 53, 51, 32, 35, 10, 9] to robotA
[ccr_centralized_planner-15] [INFO] [1729090896.304437911] [ccr_centralized_planner]: Received state 44 from robotA
[ccr_local_planner-14] [INFO] [1729090896.304446316] [robotA.ccr_local_planner]: new state 44
[ccr_centralized_planner-15] [INFO] [1729090896.402292057] [ccr_centralized_planner]: 
[ccr_centralized_planner-15] 
[ccr_centralized_planner-15]  did not replan 
[ccr_centralized_planner-15] 
[ccr_centralized_planner-15] [INFO] [1729090896.403043935] [ccr_centralized_planner]: Sent plan [44, 45, 56, 55, 39, 53, 51, 32, 35, 10, 9] to robotA
[ccr_local_planner-14] [INFO] [1729090896.404343337] [robotA.ccr_local_planner]: new plan: [44, 45, 56], remainder: [55, 39, 53, 51, 32, 35, 10, 9]
[ccr_centralized_planner-15] [INFO] [1729090896.505483526] [ccr_centralized_planner]: Received state 44 from robotA
[ccr_centralized_planner-15] [INFO] [1729090896.602784297] [ccr_centralized_planner]: 
[ccr_centralized_planner-15] 
[ccr_centralized_planner-15]  did not replan 
[ccr_centralized_planner-15] 
[ccr_centralized_planner-15] [INFO] [1729090896.603547967] [ccr_centralized_planner]: Sent plan [44, 45, 56, 55, 39, 53, 51, 32, 35, 10, 9] to robotA
[ccr_centralized_planner-15] [INFO] [1729090896.705507650] [ccr_centralized_planner]: Received state 44 from robotA
[ccr_centralized_planner-15] [INFO] [1729090896.803214059] [ccr_centralized_planner]: 
[ccr_centralized_planner-15] 
[ccr_centralized_planner-15]  did not replan 
[ccr_centralized_planner-15] 
[ccr_centralized_planner-15] [INFO] [1729090896.803903971] [ccr_centralized_planner]: Sent plan [44, 45, 56, 55, 39, 53, 51, 32, 35, 10, 9] to robotA
[ccr_centralized_planner-15] [INFO] [1729090896.905797931] [ccr_centralized_planner]: Received state 44 from robotA
[ccr_centralized_planner-15] [INFO] [1729090897.003812589] [ccr_centralized_planner]: 
[ccr_centralized_planner-15] 
[ccr_centralized_planner-15]  did not replan 
[ccr_centralized_planner-15] 
[ccr_centralized_planner-15] [INFO] [1729090897.004554107] [ccr_centralized_planner]: Sent plan [44, 45, 56, 55, 39, 53, 51, 32, 35, 10, 9] to robotA
[ccr_centralized_planner-15] [INFO] [1729090897.106381282] [ccr_centralized_planner]: Received state 44 from robotA
[ccr_centralized_planner-15] [INFO] [1729090897.204323082] [ccr_centralized_planner]: 
[ccr_centralized_planner-15] 
[ccr_centralized_planner-15]  did not replan 
[ccr_centralized_planner-15] 
[ccr_centralized_planner-15] [INFO] [1729090897.205091641] [ccr_centralized_planner]: Sent plan [44, 45, 56, 55, 39, 53, 51, 32, 35, 10, 9] to robotA
[ccr_centralized_planner-15] [INFO] [1729090897.305551176] [ccr_centralized_planner]: Received state 44 from robotA
[ccr_centralized_planner-15] [INFO] [1729090897.404799292] [ccr_centralized_planner]: 
[ccr_centralized_planner-15] 
[ccr_centralized_planner-15]  did not replan 
[ccr_centralized_planner-15] 
[ccr_centralized_planner-15] [INFO] [1729090897.405644004] [ccr_centralized_planner]: Sent plan [44, 45, 56, 55, 39, 53, 51, 32, 35, 10, 9] to robotA
[ccr_centralized_planner-15] [INFO] [1729090897.506141469] [ccr_centralized_planner]: Received state 44 from robotA
[ccr_centralized_planner-15] [INFO] [1729090897.604979177] [ccr_centralized_planner]: 
[ccr_centralized_planner-15] 
[ccr_centralized_planner-15]  did not replan 
[ccr_centralized_planner-15] 
[ccr_centralized_planner-15] [INFO] [1729090897.605731015] [ccr_centralized_planner]: Sent plan [44, 45, 56, 55, 39, 53, 51, 32, 35, 10, 9] to robotA
[ccr_centralized_planner-15] [INFO] [1729090897.706847709] [ccr_centralized_planner]: Received state 44 from robotA
[command_node-3] [INFO] [1729090897.805568879] [command_node]: robotA: running
[ccr_centralized_planner-15] [INFO] [1729090897.805593665] [ccr_centralized_planner]: 
[ccr_centralized_planner-15] 
[ccr_centralized_planner-15]  did not replan 
[ccr_centralized_planner-15] 
[ccr_centralized_planner-15] [INFO] [1729090897.806314615] [ccr_centralized_planner]: Sent plan [44, 45, 56, 55, 39, 53, 51, 32, 35, 10, 9] to robotA
[ccr_centralized_planner-15] [INFO] [1729090897.909856181] [ccr_centralized_planner]: Received state 44 from robotA
[ccr_centralized_planner-15] [INFO] [1729090898.005859632] [ccr_centralized_planner]: 
[ccr_centralized_planner-15] 
[ccr_centralized_planner-15]  did not replan 
[ccr_centralized_planner-15] 
[ccr_centralized_planner-15] [INFO] [1729090898.006558801] [ccr_centralized_planner]: Sent plan [44, 45, 56, 55, 39, 53, 51, 32, 35, 10, 9] to robotA
[ccr_centralized_planner-15] [INFO] [1729090898.112321645] [ccr_centralized_planner]: Received state 44 from robotA
[ccr_centralized_planner-15] [INFO] [1729090898.206103777] [ccr_centralized_planner]: 
[ccr_centralized_planner-15] 
[ccr_centralized_planner-15]  did not replan 
[ccr_centralized_planner-15] 
[ccr_centralized_planner-15] [INFO] [1729090898.206805761] [ccr_centralized_planner]: Sent plan [44, 45, 56, 55, 39, 53, 51, 32, 35, 10, 9] to robotA
[ccr_centralized_planner-15] [INFO] [1729090898.317266562] [ccr_centralized_planner]: Received state 44 from robotA
[ccr_centralized_planner-15] [INFO] [1729090898.406445325] [ccr_centralized_planner]: 
[ccr_centralized_planner-15] 
[ccr_centralized_planner-15]  did not replan 
[ccr_centralized_planner-15] 
[ccr_centralized_planner-15] [INFO] [1729090898.407224444] [ccr_centralized_planner]: Sent plan [44, 45, 56, 55, 39, 53, 51, 32, 35, 10, 9] to robotA
[ccr_centralized_planner-15] [INFO] [1729090898.518748925] [ccr_centralized_planner]: Received state 44 from robotA
[ccr_centralized_planner-15] [INFO] [1729090898.606841915] [ccr_centralized_planner]: 
[ccr_centralized_planner-15] 
[ccr_centralized_planner-15]  did not replan 
[ccr_centralized_planner-15] 
[ccr_centralized_planner-15] [INFO] [1729090898.607541575] [ccr_centralized_planner]: Sent plan [44, 45, 56, 55, 39, 53, 51, 32, 35, 10, 9] to robotA
[ccr_centralized_planner-15] [INFO] [1729090898.708255406] [ccr_centralized_planner]: Received state 44 from robotA
[ccr_centralized_planner-15] [INFO] [1729090898.807842297] [ccr_centralized_planner]: 
[ccr_centralized_planner-15] 
[ccr_centralized_planner-15]  did not replan 
[ccr_centralized_planner-15] 
[ccr_centralized_planner-15] [INFO] [1729090898.808873928] [ccr_centralized_planner]: Sent plan [44, 45, 56, 55, 39, 53, 51, 32, 35, 10, 9] to robotA
[ccr_centralized_planner-15] [INFO] [1729090898.910113864] [ccr_centralized_planner]: Received state 44 from robotA
[ccr_centralized_planner-15] [INFO] [1729090899.008260418] [ccr_centralized_planner]: 
[ccr_centralized_planner-15] 
[ccr_centralized_planner-15]  did not replan 
[ccr_centralized_planner-15] 
[ccr_centralized_planner-15] [INFO] [1729090899.009217099] [ccr_centralized_planner]: Sent plan [44, 45, 56, 55, 39, 53, 51, 32, 35, 10, 9] to robotA
[ccr_local_planner-14] [INFO] [1729090899.110122207] [robotA.ccr_local_planner]: new state 45
[ccr_centralized_planner-15] [INFO] [1729090899.110510184] [ccr_centralized_planner]: Received state 45 from robotA
[ccr_centralized_planner-15] [INFO] [1729090899.208472082] [ccr_centralized_planner]: 
[ccr_centralized_planner-15] 
[ccr_centralized_planner-15]  did not replan 
[ccr_centralized_planner-15] 
[ccr_local_planner-14] [INFO] [1729090899.209156243] [robotA.ccr_local_planner]: new plan: [45, 56, 55], remainder: [39, 53, 51, 32, 35, 10, 9]
[ccr_centralized_planner-15] [INFO] [1729090899.209222327] [ccr_centralized_planner]: Sent plan [45, 56, 55, 39, 53, 51, 32, 35, 10, 9] to robotA
[ccr_centralized_planner-15] [INFO] [1729090899.311630951] [ccr_centralized_planner]: Received state 45 from robotA
[ccr_centralized_planner-15] [INFO] [1729090899.508951893] [ccr_centralized_planner]: 
[ccr_centralized_planner-15] 
[ccr_centralized_planner-15]  did not replan 
[ccr_centralized_planner-15] 
[ccr_centralized_planner-15] [INFO] [1729090899.509751440] [ccr_centralized_planner]: Sent plan [45, 56, 55, 39, 53, 51, 32, 35, 10, 9] to robotA
[ccr_centralized_planner-15] [INFO] [1729090899.510996761] [ccr_centralized_planner]: Received state 45 from robotA
[ccr_centralized_planner-15] [INFO] [1729090899.709599894] [ccr_centralized_planner]: 
[ccr_centralized_planner-15] 
[ccr_centralized_planner-15]  did not replan 
[ccr_centralized_planner-15] 
[ccr_centralized_planner-15] [INFO] [1729090899.710422384] [ccr_centralized_planner]: Sent plan [45, 56, 55, 39, 53, 51, 32, 35, 10, 9] to robotA
[ccr_centralized_planner-15] [INFO] [1729090899.711382793] [ccr_centralized_planner]: Received state 45 from robotA
[command_node-3] [INFO] [1729090899.910139362] [command_node]: robotA: running
[ccr_centralized_planner-15] [INFO] [1729090899.910405180] [ccr_centralized_planner]: 
[ccr_centralized_planner-15] 
[ccr_centralized_planner-15]  did not replan 
[ccr_centralized_planner-15] 
[ccr_centralized_planner-15] [INFO] [1729090899.911357493] [ccr_centralized_planner]: Sent plan [45, 56, 55, 39, 53, 51, 32, 35, 10, 9] to robotA
[ccr_centralized_planner-15] [INFO] [1729090899.912520160] [ccr_centralized_planner]: Received state 45 from robotA
[ccr_centralized_planner-15] [INFO] [1729090900.110822991] [ccr_centralized_planner]: 
[ccr_centralized_planner-15] 
[ccr_centralized_planner-15]  did not replan 
[ccr_centralized_planner-15] 
[ccr_centralized_planner-15] [INFO] [1729090900.111772388] [ccr_centralized_planner]: Sent plan [45, 56, 55, 39, 53, 51, 32, 35, 10, 9] to robotA
[ccr_centralized_planner-15] [INFO] [1729090900.113165968] [ccr_centralized_planner]: Received state 45 from robotA
[ccr_centralized_planner-15] [INFO] [1729090900.311440234] [ccr_centralized_planner]: 
[ccr_centralized_planner-15] 
[ccr_centralized_planner-15]  did not replan 
[ccr_centralized_planner-15] 
[ccr_local_planner-14] [INFO] [1729090900.311886881] [robotA.ccr_local_planner]: new state 56
[ccr_centralized_planner-15] [INFO] [1729090900.312195388] [ccr_centralized_planner]: Sent plan [45, 56, 55, 39, 53, 51, 32, 35, 10, 9] to robotA
[ccr_centralized_planner-15] [INFO] [1729090900.313127203] [ccr_centralized_planner]: Received state 56 from robotA
[ccr_centralized_planner-15] [INFO] [1729090900.511726648] [ccr_centralized_planner]: 
[ccr_centralized_planner-15] 
[ccr_centralized_planner-15]  did not replan 
[ccr_centralized_planner-15] 
[ccr_centralized_planner-15] [INFO] [1729090900.512351178] [ccr_centralized_planner]: Sent plan [56, 55, 39, 53, 51, 32, 35, 10, 9] to robotA
[ccr_centralized_planner-15] [INFO] [1729090900.514168751] [ccr_centralized_planner]: Received state 56 from robotA
[ccr_local_planner-14] [INFO] [1729090900.533880758] [robotA.ccr_local_planner]: new plan: [56, 55, 39], remainder: [53, 51, 32, 35, 10, 9]
[ccr_centralized_planner-15] [INFO] [1729090900.712442036] [ccr_centralized_planner]: 
[ccr_centralized_planner-15] 
[ccr_centralized_planner-15]  did not replan 
[ccr_centralized_planner-15] 
[ccr_centralized_planner-15] [INFO] [1729090900.713112081] [ccr_centralized_planner]: Sent plan [56, 55, 39, 53, 51, 32, 35, 10, 9] to robotA
[ccr_centralized_planner-15] [INFO] [1729090900.715254622] [ccr_centralized_planner]: Received state 56 from robotA
[ccr_centralized_planner-15] [INFO] [1729090900.913037239] [ccr_centralized_planner]: 
[ccr_centralized_planner-15] 
[ccr_centralized_planner-15]  did not replan 
[ccr_centralized_planner-15] 
[ccr_centralized_planner-15] [INFO] [1729090900.913937694] [ccr_centralized_planner]: Sent plan [56, 55, 39, 53, 51, 32, 35, 10, 9] to robotA
[ccr_centralized_planner-15] [INFO] [1729090900.919894037] [ccr_centralized_planner]: Received state 56 from robotA
[ccr_centralized_planner-15] [INFO] [1729090901.113347348] [ccr_centralized_planner]: 
[ccr_centralized_planner-15] 
[ccr_centralized_planner-15]  did not replan 
[ccr_centralized_planner-15] 
[ccr_centralized_planner-15] [INFO] [1729090901.114061074] [ccr_centralized_planner]: Sent plan [56, 55, 39, 53, 51, 32, 35, 10, 9] to robotA
[ccr_centralized_planner-15] [INFO] [1729090901.122049461] [ccr_centralized_planner]: Received state 56 from robotA
[ccr_centralized_planner-15] [INFO] [1729090901.313811084] [ccr_centralized_planner]: 
[ccr_centralized_planner-15] 
[ccr_centralized_planner-15]  did not replan 
[ccr_centralized_planner-15] 
[ccr_centralized_planner-15] [INFO] [1729090901.314721558] [ccr_centralized_planner]: Sent plan [56, 55, 39, 53, 51, 32, 35, 10, 9] to robotA
[ccr_centralized_planner-15] [INFO] [1729090901.319357820] [ccr_centralized_planner]: Received state 56 from robotA
[ccr_centralized_planner-15] [INFO] [1729090901.514103189] [ccr_centralized_planner]: 
[ccr_centralized_planner-15] 
[ccr_centralized_planner-15]  did not replan 
[ccr_centralized_planner-15] 
[ccr_centralized_planner-15] [INFO] [1729090901.514952199] [ccr_centralized_planner]: Sent plan [56, 55, 39, 53, 51, 32, 35, 10, 9] to robotA
[ccr_centralized_planner-15] [INFO] [1729090901.517444125] [ccr_centralized_planner]: Received state 56 from robotA
[ccr_centralized_planner-15] [INFO] [1729090901.714623932] [ccr_centralized_planner]: 
[ccr_centralized_planner-15] 
[ccr_centralized_planner-15]  did not replan 
[ccr_centralized_planner-15] 
[ccr_centralized_planner-15] [INFO] [1729090901.715314886] [ccr_centralized_planner]: Sent plan [56, 55, 39, 53, 51, 32, 35, 10, 9] to robotA
[ccr_local_planner-14] [INFO] [1729090901.717074200] [robotA.ccr_local_planner]: new state 55
[ccr_centralized_planner-15] [INFO] [1729090901.717107242] [ccr_centralized_planner]: Received state 55 from robotA
[command_node-3] [INFO] [1729090901.914850855] [command_node]: robotA: running
[ccr_centralized_planner-15] [INFO] [1729090901.914972914] [ccr_centralized_planner]: 
[ccr_centralized_planner-15] 
[ccr_centralized_planner-15]  did not replan 
[ccr_centralized_planner-15] 
[ccr_centralized_planner-15] [INFO] [1729090901.915678134] [ccr_centralized_planner]: Sent plan [55, 39, 53, 51, 32, 35, 10, 9] to robotA
[ccr_centralized_planner-15] [INFO] [1729090901.917788927] [ccr_centralized_planner]: Received state 55 from robotA
[ccr_local_planner-14] [INFO] [1729090901.938609179] [robotA.ccr_local_planner]: new plan: [55, 39, 53], remainder: [51, 32, 35, 10, 9]
[ccr_centralized_planner-15] [INFO] [1729090902.115381908] [ccr_centralized_planner]: 
[ccr_centralized_planner-15] 
[ccr_centralized_planner-15]  did not replan 
[ccr_centralized_planner-15] 
[ccr_centralized_planner-15] [INFO] [1729090902.116120260] [ccr_centralized_planner]: Sent plan [55, 39, 53, 51, 32, 35, 10, 9] to robotA
[ccr_centralized_planner-15] [INFO] [1729090902.220071672] [ccr_centralized_planner]: Received state 55 from robotA
[ccr_centralized_planner-15] [INFO] [1729090902.316007397] [ccr_centralized_planner]: 
[ccr_centralized_planner-15] 
[ccr_centralized_planner-15]  did not replan 
[ccr_centralized_planner-15] 
[ccr_centralized_planner-15] [INFO] [1729090902.316725061] [ccr_centralized_planner]: Sent plan [55, 39, 53, 51, 32, 35, 10, 9] to robotA
[ccr_centralized_planner-15] [INFO] [1729090902.424377633] [ccr_centralized_planner]: Received state 55 from robotA
[ccr_centralized_planner-15] [INFO] [1729090902.516331402] [ccr_centralized_planner]: 
[ccr_centralized_planner-15] 
[ccr_centralized_planner-15]  did not replan 
[ccr_centralized_planner-15] 
[ccr_centralized_planner-15] [INFO] [1729090902.517017256] [ccr_centralized_planner]: Sent plan [55, 39, 53, 51, 32, 35, 10, 9] to robotA
[ccr_centralized_planner-15] [INFO] [1729090902.618453559] [ccr_centralized_planner]: Received state 55 from robotA
[ccr_centralized_planner-15] [INFO] [1729090902.716972129] [ccr_centralized_planner]: 
[ccr_centralized_planner-15] 
[ccr_centralized_planner-15]  did not replan 
[ccr_centralized_planner-15] 
[ccr_centralized_planner-15] [INFO] [1729090902.717683772] [ccr_centralized_planner]: Sent plan [55, 39, 53, 51, 32, 35, 10, 9] to robotA
[ccr_centralized_planner-15] [INFO] [1729090902.819868868] [ccr_centralized_planner]: Received state 55 from robotA
[ccr_centralized_planner-15] [INFO] [1729090902.917251481] [ccr_centralized_planner]: 
[ccr_centralized_planner-15] 
[ccr_centralized_planner-15]  did not replan 
[ccr_centralized_planner-15] 
[ccr_centralized_planner-15] [INFO] [1729090902.917665336] [ccr_centralized_planner]: Sent plan [55, 39, 53, 51, 32, 35, 10, 9] to robotA
[ccr_centralized_planner-15] [INFO] [1729090903.019370001] [ccr_centralized_planner]: Received state 55 from robotA
[ccr_centralized_planner-15] [INFO] [1729090903.117767565] [ccr_centralized_planner]: 
[ccr_centralized_planner-15] 
[ccr_centralized_planner-15]  did not replan 
[ccr_centralized_planner-15] 
[ccr_centralized_planner-15] [INFO] [1729090903.118517509] [ccr_centralized_planner]: Sent plan [55, 39, 53, 51, 32, 35, 10, 9] to robotA
[ccr_centralized_planner-15] [INFO] [1729090903.221117482] [ccr_centralized_planner]: Received state 55 from robotA
[ccr_centralized_planner-15] [INFO] [1729090903.318170127] [ccr_centralized_planner]: 
[ccr_centralized_planner-15] 
[ccr_centralized_planner-15]  did not replan 
[ccr_centralized_planner-15] 
[ccr_centralized_planner-15] [INFO] [1729090903.319010911] [ccr_centralized_planner]: Sent plan [55, 39, 53, 51, 32, 35, 10, 9] to robotA
[ccr_centralized_planner-15] [INFO] [1729090903.420440061] [ccr_centralized_planner]: Received state 55 from robotA
[ccr_centralized_planner-15] [INFO] [1729090903.518481017] [ccr_centralized_planner]: 
[ccr_centralized_planner-15] 
[ccr_centralized_planner-15]  did not replan 
[ccr_centralized_planner-15] 
[ccr_centralized_planner-15] [INFO] [1729090903.519181729] [ccr_centralized_planner]: Sent plan [55, 39, 53, 51, 32, 35, 10, 9] to robotA
[ccr_centralized_planner-15] [INFO] [1729090903.621948363] [ccr_centralized_planner]: Received state 55 from robotA
[ccr_centralized_planner-15] [INFO] [1729090903.718796296] [ccr_centralized_planner]: 
[ccr_centralized_planner-15] 
[ccr_centralized_planner-15]  did not replan 
[ccr_centralized_planner-15] 
[ccr_centralized_planner-15] [INFO] [1729090903.719512948] [ccr_centralized_planner]: Sent plan [55, 39, 53, 51, 32, 35, 10, 9] to robotA
[ccr_centralized_planner-15] [INFO] [1729090903.821804302] [ccr_centralized_planner]: Received state 55 from robotA
[ccr_centralized_planner-15] [INFO] [1729090903.919705626] [ccr_centralized_planner]: 
[ccr_centralized_planner-15] 
[ccr_centralized_planner-15]  did not replan 
[ccr_centralized_planner-15] 
[command_node-3] [INFO] [1729090903.919737837] [command_node]: robotA: running
[ccr_centralized_planner-15] [INFO] [1729090903.920540950] [ccr_centralized_planner]: Sent plan [55, 39, 53, 51, 32, 35, 10, 9] to robotA
[ccr_centralized_planner-15] [INFO] [1729090904.022135590] [ccr_centralized_planner]: Received state 55 from robotA
[ccr_centralized_planner-15] [INFO] [1729090904.119855796] [ccr_centralized_planner]: 
[ccr_centralized_planner-15] 
[ccr_centralized_planner-15]  did not replan 
[ccr_centralized_planner-15] 
[ccr_centralized_planner-15] [INFO] [1729090904.120584501] [ccr_centralized_planner]: Sent plan [55, 39, 53, 51, 32, 35, 10, 9] to robotA
[ccr_centralized_planner-15] [INFO] [1729090904.222178168] [ccr_centralized_planner]: Received state 55 from robotA
[ccr_centralized_planner-15] [INFO] [1729090904.320209025] [ccr_centralized_planner]: 
[ccr_centralized_planner-15] 
[ccr_centralized_planner-15]  did not replan 
[ccr_centralized_planner-15] 
[ccr_centralized_planner-15] [INFO] [1729090904.320948249] [ccr_centralized_planner]: Sent plan [55, 39, 53, 51, 32, 35, 10, 9] to robotA
[ccr_local_planner-14] [INFO] [1729090904.422797726] [robotA.ccr_local_planner]: new state 39
[ccr_centralized_planner-15] [INFO] [1729090904.422930044] [ccr_centralized_planner]: Received state 39 from robotA
[ccr_centralized_planner-15] [INFO] [1729090904.520753112] [ccr_centralized_planner]: 
[ccr_centralized_planner-15] 
[ccr_centralized_planner-15]  did not replan 
[ccr_centralized_planner-15] 
[ccr_centralized_planner-15] [INFO] [1729090904.521564531] [ccr_centralized_planner]: Sent plan [39, 53, 51, 32, 35, 10, 9] to robotA
[ccr_local_planner-14] [INFO] [1729090904.521862690] [robotA.ccr_local_planner]: new plan: [39, 53, 51], remainder: [32, 35, 10, 9]
[ccr_centralized_planner-15] [INFO] [1729090904.625920491] [ccr_centralized_planner]: Received state 39 from robotA
[ccr_centralized_planner-15] [INFO] [1729090904.721054204] [ccr_centralized_planner]: 
[ccr_centralized_planner-15] 
[ccr_centralized_planner-15]  did not replan 
[ccr_centralized_planner-15] 
[ccr_centralized_planner-15] [INFO] [1729090904.721859632] [ccr_centralized_planner]: Sent plan [39, 53, 51, 32, 35, 10, 9] to robotA
[ccr_centralized_planner-15] [INFO] [1729090904.830573822] [ccr_centralized_planner]: Received state 39 from robotA
[ccr_centralized_planner-15] [INFO] [1729090904.921365996] [ccr_centralized_planner]: 
[ccr_centralized_planner-15] 
[ccr_centralized_planner-15]  did not replan 
[ccr_centralized_planner-15] 
[ccr_centralized_planner-15] [INFO] [1729090904.922179248] [ccr_centralized_planner]: Sent plan [39, 53, 51, 32, 35, 10, 9] to robotA
[ccr_centralized_planner-15] [INFO] [1729090905.023838630] [ccr_centralized_planner]: Received state 39 from robotA
[ccr_centralized_planner-15] [INFO] [1729090905.121714367] [ccr_centralized_planner]: 
[ccr_centralized_planner-15] 
[ccr_centralized_planner-15]  did not replan 
[ccr_centralized_planner-15] 
[ccr_centralized_planner-15] [INFO] [1729090905.122465373] [ccr_centralized_planner]: Sent plan [39, 53, 51, 32, 35, 10, 9] to robotA
[ccr_centralized_planner-15] [INFO] [1729090905.224559427] [ccr_centralized_planner]: Received state 39 from robotA
[ccr_centralized_planner-15] [INFO] [1729090905.322140492] [ccr_centralized_planner]: 
[ccr_centralized_planner-15] 
[ccr_centralized_planner-15]  did not replan 
[ccr_centralized_planner-15] 
[ccr_centralized_planner-15] [INFO] [1729090905.322884756] [ccr_centralized_planner]: Sent plan [39, 53, 51, 32, 35, 10, 9] to robotA
[ccr_local_planner-14] [INFO] [1729090905.425158758] [robotA.ccr_local_planner]: new state 53
[ccr_centralized_planner-15] [INFO] [1729090905.425166212] [ccr_centralized_planner]: Received state 53 from robotA
[ccr_centralized_planner-15] [INFO] [1729090905.522545209] [ccr_centralized_planner]: 
[ccr_centralized_planner-15] 
[ccr_centralized_planner-15]  did not replan 
[ccr_centralized_planner-15] 
[ccr_centralized_planner-15] [INFO] [1729090905.523359223] [ccr_centralized_planner]: Sent plan [53, 51, 32, 35, 10, 9] to robotA
[ccr_local_planner-14] [INFO] [1729090905.523392064] [robotA.ccr_local_planner]: new plan: [53, 51, 32], remainder: [35, 10, 9]
[ccr_centralized_planner-15] [INFO] [1729090905.624492168] [ccr_centralized_planner]: Received state 53 from robotA
[ccr_centralized_planner-15] [INFO] [1729090905.822954967] [ccr_centralized_planner]: 
[ccr_centralized_planner-15] 
[ccr_centralized_planner-15]  did not replan 
[ccr_centralized_planner-15] 
[ccr_centralized_planner-15] [INFO] [1729090905.823652143] [ccr_centralized_planner]: Sent plan [53, 51, 32, 35, 10, 9] to robotA
[ccr_centralized_planner-15] [INFO] [1729090905.824925317] [ccr_centralized_planner]: Received state 53 from robotA
[command_node-3] [INFO] [1729090906.023759903] [command_node]: robotA: running
[ccr_centralized_planner-15] [INFO] [1729090906.023822520] [ccr_centralized_planner]: 
[ccr_centralized_planner-15] 
[ccr_centralized_planner-15]  did not replan 
[ccr_centralized_planner-15] 
[ccr_centralized_planner-15] [INFO] [1729090906.024645281] [ccr_centralized_planner]: Sent plan [53, 51, 32, 35, 10, 9] to robotA
[ccr_centralized_planner-15] [INFO] [1729090906.027140132] [ccr_centralized_planner]: Received state 53 from robotA
[ccr_centralized_planner-15] [INFO] [1729090906.224264616] [ccr_centralized_planner]: 
[ccr_centralized_planner-15] 
[ccr_centralized_planner-15]  did not replan 
[ccr_centralized_planner-15] 
[ccr_centralized_planner-15] [INFO] [1729090906.225012346] [ccr_centralized_planner]: Sent plan [53, 51, 32, 35, 10, 9] to robotA
[ccr_centralized_planner-15] [INFO] [1729090906.226156208] [ccr_centralized_planner]: Received state 53 from robotA
[ccr_centralized_planner-15] [INFO] [1729090906.425035929] [ccr_centralized_planner]: 
[ccr_centralized_planner-15] 
[ccr_centralized_planner-15]  did not replan 
[ccr_centralized_planner-15] 
[ccr_centralized_planner-15] [INFO] [1729090906.425792545] [ccr_centralized_planner]: Sent plan [53, 51, 32, 35, 10, 9] to robotA
[ccr_centralized_planner-15] [INFO] [1729090906.426646083] [ccr_centralized_planner]: Received state 53 from robotA
[ccr_centralized_planner-15] [INFO] [1729090906.625576819] [ccr_centralized_planner]: 
[ccr_centralized_planner-15] 
[ccr_centralized_planner-15]  did not replan 
[ccr_centralized_planner-15] 
[ccr_centralized_planner-15] [INFO] [1729090906.626327384] [ccr_centralized_planner]: Sent plan [53, 51, 32, 35, 10, 9] to robotA
[ccr_centralized_planner-15] [INFO] [1729090906.627170894] [ccr_centralized_planner]: Received state 53 from robotA
[ccr_centralized_planner-15] [INFO] [1729090906.825773686] [ccr_centralized_planner]: 
[ccr_centralized_planner-15] 
[ccr_centralized_planner-15]  did not replan 
[ccr_centralized_planner-15] 
[ccr_centralized_planner-15] [INFO] [1729090906.826563856] [ccr_centralized_planner]: Sent plan [53, 51, 32, 35, 10, 9] to robotA
[ccr_centralized_planner-15] [INFO] [1729090906.830485047] [ccr_centralized_planner]: Received state 53 from robotA
[ccr_centralized_planner-15] [INFO] [1729090907.026704587] [ccr_centralized_planner]: 
[ccr_centralized_planner-15] 
[ccr_centralized_planner-15]  did not replan 
[ccr_centralized_planner-15] 
[ccr_centralized_planner-15] [INFO] [1729090907.027666107] [ccr_centralized_planner]: Sent plan [53, 51, 32, 35, 10, 9] to robotA
[ccr_centralized_planner-15] [INFO] [1729090907.032544361] [ccr_centralized_planner]: Received state 53 from robotA
[ccr_centralized_planner-15] [INFO] [1729090907.226810373] [ccr_centralized_planner]: 
[ccr_centralized_planner-15] 
[ccr_centralized_planner-15]  did not replan 
[ccr_centralized_planner-15] 
[ccr_centralized_planner-15] [INFO] [1729090907.227557793] [ccr_centralized_planner]: Sent plan [53, 51, 32, 35, 10, 9] to robotA
[ccr_centralized_planner-15] [INFO] [1729090907.235725556] [ccr_centralized_planner]: Received state 53 from robotA
[ccr_centralized_planner-15] [INFO] [1729090907.426897835] [ccr_centralized_planner]: 
[ccr_centralized_planner-15] 
[ccr_centralized_planner-15]  did not replan 
[ccr_centralized_planner-15] 
[ccr_centralized_planner-15] [INFO] [1729090907.427787571] [ccr_centralized_planner]: Sent plan [53, 51, 32, 35, 10, 9] to robotA
[ccr_centralized_planner-15] [INFO] [1729090907.429689202] [ccr_centralized_planner]: Received state 53 from robotA
[ccr_centralized_planner-15] [INFO] [1729090907.627369135] [ccr_centralized_planner]: 
[ccr_centralized_planner-15] 
[ccr_centralized_planner-15]  did not replan 
[ccr_centralized_planner-15] 
[ccr_centralized_planner-15] [INFO] [1729090907.628253371] [ccr_centralized_planner]: Sent plan [53, 51, 32, 35, 10, 9] to robotA
[ccr_centralized_planner-15] [INFO] [1729090907.630024678] [ccr_centralized_planner]: Received state 53 from robotA
[ccr_centralized_planner-15] [INFO] [1729090907.828171236] [ccr_centralized_planner]: 
[ccr_centralized_planner-15] 
[ccr_centralized_planner-15]  did not replan 
[ccr_centralized_planner-15] 
[ccr_centralized_planner-15] [INFO] [1729090907.829191847] [ccr_centralized_planner]: Sent plan [53, 51, 32, 35, 10, 9] to robotA
[ccr_local_planner-14] [INFO] [1729090907.830928238] [robotA.ccr_local_planner]: new state 51
[ccr_centralized_planner-15] [INFO] [1729090907.831118975] [ccr_centralized_planner]: Received state 51 from robotA
[ccr_centralized_planner-15] [INFO] [1729090908.028517031] [ccr_centralized_planner]: 
[ccr_centralized_planner-15] 
[ccr_centralized_planner-15]  did not replan 
[ccr_centralized_planner-15] 
[command_node-3] [INFO] [1729090908.028630373] [command_node]: robotA: running
[ccr_centralized_planner-15] [INFO] [1729090908.029252618] [ccr_centralized_planner]: Sent plan [51, 32, 35, 10, 9] to robotA
[ccr_centralized_planner-15] [INFO] [1729090908.031911857] [ccr_centralized_planner]: Received state 51 from robotA
[ccr_local_planner-14] [INFO] [1729090908.057592531] [robotA.ccr_local_planner]: new plan: [51, 32, 35], remainder: [10, 9]
[ccr_centralized_planner-15] [INFO] [1729090908.229113306] [ccr_centralized_planner]: 
[ccr_centralized_planner-15] 
[ccr_centralized_planner-15]  did not replan 
[ccr_centralized_planner-15] 
[ccr_centralized_planner-15] [INFO] [1729090908.229827343] [ccr_centralized_planner]: Sent plan [51, 32, 35, 10, 9] to robotA
[ccr_centralized_planner-15] [INFO] [1729090908.336453774] [ccr_centralized_planner]: Received state 51 from robotA
[ccr_centralized_planner-15] [INFO] [1729090908.429481603] [ccr_centralized_planner]: 
[ccr_centralized_planner-15] 
[ccr_centralized_planner-15]  did not replan 
[ccr_centralized_planner-15] 
[ccr_centralized_planner-15] [INFO] [1729090908.430378733] [ccr_centralized_planner]: Sent plan [51, 32, 35, 10, 9] to robotA
[ccr_local_planner-14] [INFO] [1729090908.533078733] [robotA.ccr_local_planner]: new state 32
[ccr_centralized_planner-15] [INFO] [1729090908.533109050] [ccr_centralized_planner]: Received state 32 from robotA
[ccr_centralized_planner-15] [INFO] [1729090908.630842320] [ccr_centralized_planner]: 
[ccr_centralized_planner-15] 
[ccr_centralized_planner-15]  did not replan 
[ccr_centralized_planner-15] 
[ccr_centralized_planner-15] [INFO] [1729090908.631735803] [ccr_centralized_planner]: Sent plan [32, 35, 10, 9] to robotA
[ccr_local_planner-14] [INFO] [1729090908.631899078] [robotA.ccr_local_planner]: new plan: [32, 35, 10], remainder: [9]
[ccr_centralized_planner-15] [INFO] [1729090908.733627428] [ccr_centralized_planner]: Received state 32 from robotA
[ccr_centralized_planner-15] [INFO] [1729090908.831045748] [ccr_centralized_planner]: 
[ccr_centralized_planner-15] 
[ccr_centralized_planner-15]  did not replan 
[ccr_centralized_planner-15] 
[ccr_centralized_planner-15] [INFO] [1729090908.831891141] [ccr_centralized_planner]: Sent plan [32, 35, 10, 9] to robotA
[ccr_centralized_planner-15] [INFO] [1729090908.934422535] [ccr_centralized_planner]: Received state 32 from robotA
[ccr_centralized_planner-15] [INFO] [1729090909.031453991] [ccr_centralized_planner]: 
[ccr_centralized_planner-15] 
[ccr_centralized_planner-15]  did not replan 
[ccr_centralized_planner-15] 
[ccr_centralized_planner-15] [INFO] [1729090909.032062671] [ccr_centralized_planner]: Sent plan [32, 35, 10, 9] to robotA
[ccr_centralized_planner-15] [INFO] [1729090909.134003489] [ccr_centralized_planner]: Received state 32 from robotA
[ccr_centralized_planner-15] [INFO] [1729090909.232070764] [ccr_centralized_planner]: 
[ccr_centralized_planner-15] 
[ccr_centralized_planner-15]  did not replan 
[ccr_centralized_planner-15] 
[ccr_centralized_planner-15] [INFO] [1729090909.233051330] [ccr_centralized_planner]: Sent plan [32, 35, 10, 9] to robotA
[ccr_centralized_planner-15] [INFO] [1729090909.334704379] [ccr_centralized_planner]: Received state 32 from robotA
[ccr_centralized_planner-15] [INFO] [1729090909.432183123] [ccr_centralized_planner]: 
[ccr_centralized_planner-15] 
[ccr_centralized_planner-15]  did not replan 
[ccr_centralized_planner-15] 
[ccr_centralized_planner-15] [INFO] [1729090909.433259629] [ccr_centralized_planner]: Sent plan [32, 35, 10, 9] to robotA
[ccr_centralized_planner-15] [INFO] [1729090909.534285002] [ccr_centralized_planner]: Received state 32 from robotA
[ccr_centralized_planner-15] [INFO] [1729090909.633959657] [ccr_centralized_planner]: 
[ccr_centralized_planner-15] 
[ccr_centralized_planner-15]  did not replan 
[ccr_centralized_planner-15] 
[ccr_centralized_planner-15] [INFO] [1729090909.634767039] [ccr_centralized_planner]: Sent plan [32, 35, 10, 9] to robotA
[ccr_centralized_planner-15] [INFO] [1729090909.735995232] [ccr_centralized_planner]: Received state 32 from robotA
[ccr_centralized_planner-15] [INFO] [1729090909.834726481] [ccr_centralized_planner]: 
[ccr_centralized_planner-15] 
[ccr_centralized_planner-15]  did not replan 
[ccr_centralized_planner-15] 
[ccr_centralized_planner-15] [INFO] [1729090909.835500220] [ccr_centralized_planner]: Sent plan [32, 35, 10, 9] to robotA
[ccr_centralized_planner-15] [INFO] [1729090909.935825232] [ccr_centralized_planner]: Received state 32 from robotA
[command_node-3] [INFO] [1729090910.034745124] [command_node]: robotA: running
[ccr_centralized_planner-15] [INFO] [1729090910.034973762] [ccr_centralized_planner]: 
[ccr_centralized_planner-15] 
[ccr_centralized_planner-15]  did not replan 
[ccr_centralized_planner-15] 
[ccr_centralized_planner-15] [INFO] [1729090910.035783979] [ccr_centralized_planner]: Sent plan [32, 35, 10, 9] to robotA
[ccr_centralized_planner-15] [INFO] [1729090910.137114484] [ccr_centralized_planner]: Received state 32 from robotA
[ccr_centralized_planner-15] [INFO] [1729090910.235051566] [ccr_centralized_planner]: 
[ccr_centralized_planner-15] 
[ccr_centralized_planner-15]  did not replan 
[ccr_centralized_planner-15] 
[ccr_centralized_planner-15] [INFO] [1729090910.235869297] [ccr_centralized_planner]: Sent plan [32, 35, 10, 9] to robotA
[ccr_centralized_planner-15] [INFO] [1729090910.336881306] [ccr_centralized_planner]: Received state 32 from robotA
[ccr_centralized_planner-15] [INFO] [1729090910.435459588] [ccr_centralized_planner]: 
[ccr_centralized_planner-15] 
[ccr_centralized_planner-15]  did not replan 
[ccr_centralized_planner-15] 
[ccr_centralized_planner-15] [INFO] [1729090910.436200195] [ccr_centralized_planner]: Sent plan [32, 35, 10, 9] to robotA
[ccr_centralized_planner-15] [INFO] [1729090910.538220752] [ccr_centralized_planner]: Received state 32 from robotA
[ccr_centralized_planner-15] [INFO] [1729090910.635958861] [ccr_centralized_planner]: 
[ccr_centralized_planner-15] 
[ccr_centralized_planner-15]  did not replan 
[ccr_centralized_planner-15] 
[ccr_centralized_planner-15] [INFO] [1729090910.636769679] [ccr_centralized_planner]: Sent plan [32, 35, 10, 9] to robotA
[ccr_centralized_planner-15] [INFO] [1729090910.742795626] [ccr_centralized_planner]: Received state 32 from robotA
[ccr_centralized_planner-15] [INFO] [1729090910.836047896] [ccr_centralized_planner]: 
[ccr_centralized_planner-15] 
[ccr_centralized_planner-15]  did not replan 
[ccr_centralized_planner-15] 
[ccr_centralized_planner-15] [INFO] [1729090910.836820613] [ccr_centralized_planner]: Sent plan [32, 35, 10, 9] to robotA
[ccr_local_planner-14] [INFO] [1729090910.938268898] [robotA.ccr_local_planner]: new state 35
[ccr_centralized_planner-15] [INFO] [1729090910.938518085] [ccr_centralized_planner]: Received state 35 from robotA
[ccr_centralized_planner-15] [INFO] [1729090911.036377731] [ccr_centralized_planner]: 
[ccr_centralized_planner-15] 
[ccr_centralized_planner-15]  did not replan 
[ccr_centralized_planner-15] 
[ccr_centralized_planner-15] [INFO] [1729090911.037186896] [ccr_centralized_planner]: Sent plan [35, 10, 9] to robotA
[ccr_local_planner-14] [INFO] [1729090911.037611391] [robotA.ccr_local_planner]: new plan: [35, 10, 9]
[ccr_centralized_planner-15] [INFO] [1729090911.138952286] [ccr_centralized_planner]: Received state 35 from robotA
[ccr_centralized_planner-15] [INFO] [1729090911.236946735] [ccr_centralized_planner]: 
[ccr_centralized_planner-15] 
[ccr_centralized_planner-15]  did not replan 
[ccr_centralized_planner-15] 
[ccr_centralized_planner-15] [INFO] [1729090911.238061022] [ccr_centralized_planner]: Sent plan [35, 10, 9] to robotA
[ccr_centralized_planner-15] [INFO] [1729090911.340208246] [ccr_centralized_planner]: Received state 35 from robotA
[ccr_centralized_planner-15] [INFO] [1729090911.437303631] [ccr_centralized_planner]: 
[ccr_centralized_planner-15] 
[ccr_centralized_planner-15]  did not replan 
[ccr_centralized_planner-15] 
[ccr_centralized_planner-15] [INFO] [1729090911.438025954] [ccr_centralized_planner]: Sent plan [35, 10, 9] to robotA
[ccr_centralized_planner-15] [INFO] [1729090911.540011846] [ccr_centralized_planner]: Received state 35 from robotA
[ccr_centralized_planner-15] [INFO] [1729090911.738482210] [ccr_centralized_planner]: 
[ccr_centralized_planner-15] 
[ccr_centralized_planner-15]  did not replan 
[ccr_centralized_planner-15] 
[ccr_centralized_planner-15] [INFO] [1729090911.739609691] [ccr_centralized_planner]: Sent plan [35, 10, 9] to robotA
[ccr_centralized_planner-15] [INFO] [1729090911.740685125] [ccr_centralized_planner]: Received state 35 from robotA
[ccr_centralized_planner-15] [INFO] [1729090911.938346745] [ccr_centralized_planner]: 
[ccr_centralized_planner-15] 
[ccr_centralized_planner-15]  did not replan 
[ccr_centralized_planner-15] 
[ccr_centralized_planner-15] [INFO] [1729090911.939077843] [ccr_centralized_planner]: Sent plan [35, 10, 9] to robotA
[ccr_centralized_planner-15] [INFO] [1729090911.941276139] [ccr_centralized_planner]: Received state 35 from robotA
[ccr_centralized_planner-15] [INFO] [1729090912.138459645] [ccr_centralized_planner]: 
[ccr_centralized_planner-15] 
[ccr_centralized_planner-15]  did not replan 
[ccr_centralized_planner-15] 
[command_node-3] [INFO] [1729090912.138632649] [command_node]: robotA: running
[ccr_centralized_planner-15] [INFO] [1729090912.139180324] [ccr_centralized_planner]: Sent plan [35, 10, 9] to robotA
[ccr_centralized_planner-15] [INFO] [1729090912.140285443] [ccr_centralized_planner]: Received state 35 from robotA
[ccr_centralized_planner-15] [INFO] [1729090912.338884478] [ccr_centralized_planner]: 
[ccr_centralized_planner-15] 
[ccr_centralized_planner-15]  did not replan 
[ccr_centralized_planner-15] 
[ccr_centralized_planner-15] [INFO] [1729090912.339513786] [ccr_centralized_planner]: Sent plan [35, 10, 9] to robotA
[ccr_centralized_planner-15] [INFO] [1729090912.340197576] [ccr_centralized_planner]: Received state 35 from robotA
[ccr_centralized_planner-15] [INFO] [1729090912.539267253] [ccr_centralized_planner]: 
[ccr_centralized_planner-15] 
[ccr_centralized_planner-15]  did not replan 
[ccr_centralized_planner-15] 
[ccr_centralized_planner-15] [INFO] [1729090912.539866996] [ccr_centralized_planner]: Sent plan [35, 10, 9] to robotA
[ccr_centralized_planner-15] [INFO] [1729090912.541309898] [ccr_centralized_planner]: Received state 10 from robotA
[ccr_local_planner-14] [INFO] [1729090912.541338020] [robotA.ccr_local_planner]: new state 10
[ccr_centralized_planner-15] [INFO] [1729090912.740075895] [ccr_centralized_planner]: 
[ccr_centralized_planner-15] 
[ccr_centralized_planner-15]  did not replan 
[ccr_centralized_planner-15] 
[ccr_centralized_planner-15] [INFO] [1729090912.740886312] [ccr_centralized_planner]: Sent plan [10, 9] to robotA
[ccr_local_planner-14] [INFO] [1729090912.742688497] [robotA.ccr_local_planner]: new plan: [10, 9]
[ccr_centralized_planner-15] [INFO] [1729090912.747244797] [ccr_centralized_planner]: Received state 10 from robotA
[ccr_centralized_planner-15] [INFO] [1729090912.940224230] [ccr_centralized_planner]: 
[ccr_centralized_planner-15] 
[ccr_centralized_planner-15]  did not replan 
[ccr_centralized_planner-15] 
[ccr_centralized_planner-15] [INFO] [1729090912.941071848] [ccr_centralized_planner]: Sent plan [10, 9] to robotA
[ccr_centralized_planner-15] [INFO] [1729090912.951600461] [ccr_centralized_planner]: Received state 10 from robotA
[ccr_centralized_planner-15] [INFO] [1729090913.140914461] [ccr_centralized_planner]: 
[ccr_centralized_planner-15] 
[ccr_centralized_planner-15]  did not replan 
[ccr_centralized_planner-15] 
[ccr_centralized_planner-15] [INFO] [1729090913.141685154] [ccr_centralized_planner]: Sent plan [10, 9] to robotA
[ccr_centralized_planner-15] [INFO] [1729090913.143806446] [ccr_centralized_planner]: Received state 10 from robotA
[ccr_centralized_planner-15] [INFO] [1729090913.341384038] [ccr_centralized_planner]: 
[ccr_centralized_planner-15] 
[ccr_centralized_planner-15]  did not replan 
[ccr_centralized_planner-15] 
[ccr_centralized_planner-15] [INFO] [1729090913.342125517] [ccr_centralized_planner]: Sent plan [10, 9] to robotA
[ccr_centralized_planner-15] [INFO] [1729090913.343692190] [ccr_centralized_planner]: Received state 10 from robotA
[ccr_centralized_planner-15] [INFO] [1729090913.541825403] [ccr_centralized_planner]: 
[ccr_centralized_planner-15] 
[ccr_centralized_planner-15]  did not replan 
[ccr_centralized_planner-15] 
[ccr_centralized_planner-15] [INFO] [1729090913.542564277] [ccr_centralized_planner]: Sent plan [10, 9] to robotA
[ccr_centralized_planner-15] [INFO] [1729090913.544412597] [ccr_centralized_planner]: Received state 10 from robotA
[ccr_centralized_planner-15] [INFO] [1729090913.742371914] [ccr_centralized_planner]: 
[ccr_centralized_planner-15] 
[ccr_centralized_planner-15]  did not replan 
[ccr_centralized_planner-15] 
[ccr_centralized_planner-15] [INFO] [1729090913.743105828] [ccr_centralized_planner]: Sent plan [10, 9] to robotA
[ccr_centralized_planner-15] [INFO] [1729090913.744209184] [ccr_centralized_planner]: Received state 10 from robotA
[ccr_centralized_planner-15] [INFO] [1729090913.942832956] [ccr_centralized_planner]: 
[ccr_centralized_planner-15] 
[ccr_centralized_planner-15]  did not replan 
[ccr_centralized_planner-15] 
[ccr_centralized_planner-15] [INFO] [1729090913.943640368] [ccr_centralized_planner]: Sent plan [10, 9] to robotA
[ccr_centralized_planner-15] [INFO] [1729090914.051228689] [ccr_centralized_planner]: Received state 10 from robotA
[command_node-3] [INFO] [1729090914.142979568] [command_node]: robotA: running
[ccr_centralized_planner-15] [INFO] [1729090914.143123799] [ccr_centralized_planner]: 
[ccr_centralized_planner-15] 
[ccr_centralized_planner-15]  did not replan 
[ccr_centralized_planner-15] 
[ccr_centralized_planner-15] [INFO] [1729090914.143891065] [ccr_centralized_planner]: Sent plan [10, 9] to robotA
[ccr_local_planner-14] [INFO] [1729090914.257780485] [robotA.ccr_local_planner]: new state 9
[ccr_goal_provider-12] [INFO] [1729090914.257924905] [ccr_goal_provider]: [32mgoal completed:[0m robotA reached goal 9, going to goal 1 within state 1
[ccr_centralized_planner-15] [INFO] [1729090914.258101015] [ccr_centralized_planner]: Received state 9 from robotA
[ccr_centralized_planner-15] [INFO] [1729090914.344059890] [ccr_centralized_planner]: 
[ccr_centralized_planner-15] 
[ccr_centralized_planner-15]  did not replan 
[ccr_centralized_planner-15] 
[ccr_centralized_planner-15] [INFO] [1729090914.344870077] [ccr_centralized_planner]: Sent plan [9] to robotA
[ccr_local_planner-14] [INFO] [1729090914.345200115] [robotA.ccr_local_planner]: new plan: [9]
[ccr_centralized_planner-15] [INFO] [1729090914.345554949] [ccr_centralized_planner]: Received goal 1 from robotA
[ccr_centralized_planner-15] [INFO] [1729090914.446770980] [ccr_centralized_planner]: Received state 9 from robotA
[ccr_centralized_planner-15] [INFO] [1729090914.544922032] [ccr_centralized_planner]: 
[ccr_centralized_planner-15] 
[ccr_centralized_planner-15]  replaned due to new goal
[ccr_centralized_planner-15] 
[ccr_centralized_planner-15] [INFO] [1729090914.567795769] [ccr_centralized_planner]: Sent plan [9, 11, 35, 50, 51, 53, 39, 55, 56, 57, 5, 1] to robotA
[ccr_local_planner-14] [INFO] [1729090914.568379873] [robotA.ccr_local_planner]: new plan: [9, 11, 35], remainder: [50, 51, 53, 39, 55, 56, 57, 5, 1]
[ccr_centralized_planner-15] [INFO] [1729090914.647564744] [ccr_centralized_planner]: Received state 9 from robotA
[ccr_centralized_planner-15] [INFO] [1729090914.745285009] [ccr_centralized_planner]: 
[ccr_centralized_planner-15] 
[ccr_centralized_planner-15]  did not replan 
[ccr_centralized_planner-15] 
[ccr_centralized_planner-15] [INFO] [1729090914.746045574] [ccr_centralized_planner]: Sent plan [9, 11, 35, 50, 51, 53, 39, 55, 56, 57, 5, 1] to robotA
[ccr_centralized_planner-15] [INFO] [1729090914.847253219] [ccr_centralized_planner]: Received state 9 from robotA
[ccr_centralized_planner-15] [INFO] [1729090914.945874281] [ccr_centralized_planner]: 
[ccr_centralized_planner-15] 
[ccr_centralized_planner-15]  did not replan 
[ccr_centralized_planner-15] 
[ccr_centralized_planner-15] [INFO] [1729090914.947073296] [ccr_centralized_planner]: Sent plan [9, 11, 35, 50, 51, 53, 39, 55, 56, 57, 5, 1] to robotA
[ccr_centralized_planner-15] [INFO] [1729090915.048178569] [ccr_centralized_planner]: Received state 9 from robotA
[ccr_centralized_planner-15] [INFO] [1729090915.146192385] [ccr_centralized_planner]: 
[ccr_centralized_planner-15] 
[ccr_centralized_planner-15]  did not replan 
[ccr_centralized_planner-15] 
[ccr_centralized_planner-15] [INFO] [1729090915.147246639] [ccr_centralized_planner]: Sent plan [9, 11, 35, 50, 51, 53, 39, 55, 56, 57, 5, 1] to robotA
[ccr_centralized_planner-15] [INFO] [1729090915.248717828] [ccr_centralized_planner]: Received state 9 from robotA
[ccr_centralized_planner-15] [INFO] [1729090915.346429838] [ccr_centralized_planner]: 
[ccr_centralized_planner-15] 
[ccr_centralized_planner-15]  did not replan 
[ccr_centralized_planner-15] 
[ccr_centralized_planner-15] [INFO] [1729090915.347323120] [ccr_centralized_planner]: Sent plan [9, 11, 35, 50, 51, 53, 39, 55, 56, 57, 5, 1] to robotA
[ccr_centralized_planner-15] [INFO] [1729090915.447687687] [ccr_centralized_planner]: Received state 9 from robotA
[ccr_centralized_planner-15] [INFO] [1729090915.546609933] [ccr_centralized_planner]: 
[ccr_centralized_planner-15] 
[ccr_centralized_planner-15]  did not replan 
[ccr_centralized_planner-15] 
[ccr_centralized_planner-15] [INFO] [1729090915.547389572] [ccr_centralized_planner]: Sent plan [9, 11, 35, 50, 51, 53, 39, 55, 56, 57, 5, 1] to robotA
[ccr_centralized_planner-15] [INFO] [1729090915.647686062] [ccr_centralized_planner]: Received state 9 from robotA
[ccr_centralized_planner-15] [INFO] [1729090915.746814184] [ccr_centralized_planner]: 
[ccr_centralized_planner-15] 
[ccr_centralized_planner-15]  did not replan 
[ccr_centralized_planner-15] 
[ccr_centralized_planner-15] [INFO] [1729090915.747582442] [ccr_centralized_planner]: Sent plan [9, 11, 35, 50, 51, 53, 39, 55, 56, 57, 5, 1] to robotA
[ccr_centralized_planner-15] [INFO] [1729090915.848478654] [ccr_centralized_planner]: Received state 9 from robotA
[ccr_centralized_planner-15] [INFO] [1729090915.947206997] [ccr_centralized_planner]: 
[ccr_centralized_planner-15] 
[ccr_centralized_planner-15]  did not replan 
[ccr_centralized_planner-15] 
[ccr_centralized_planner-15] [INFO] [1729090915.948022614] [ccr_centralized_planner]: Sent plan [9, 11, 35, 50, 51, 53, 39, 55, 56, 57, 5, 1] to robotA
[ccr_centralized_planner-15] [INFO] [1729090916.056972305] [ccr_centralized_planner]: Received state 9 from robotA
[ccr_centralized_planner-15] [INFO] [1729090916.147725516] [ccr_centralized_planner]: 
[ccr_centralized_planner-15] 
[ccr_centralized_planner-15]  did not replan 
[ccr_centralized_planner-15] 
[command_node-3] [INFO] [1729090916.147852153] [command_node]: robotA: running
[ccr_centralized_planner-15] [INFO] [1729090916.148615352] [ccr_centralized_planner]: Sent plan [9, 11, 35, 50, 51, 53, 39, 55, 56, 57, 5, 1] to robotA
[ccr_centralized_planner-15] [INFO] [1729090916.257660321] [ccr_centralized_planner]: Received state 9 from robotA
[ccr_centralized_planner-15] [INFO] [1729090916.348446825] [ccr_centralized_planner]: 
[ccr_centralized_planner-15] 
[ccr_centralized_planner-15]  did not replan 
[ccr_centralized_planner-15] 
[ccr_centralized_planner-15] [INFO] [1729090916.349465011] [ccr_centralized_planner]: Sent plan [9, 11, 35, 50, 51, 53, 39, 55, 56, 57, 5, 1] to robotA
[ccr_centralized_planner-15] [INFO] [1729090916.459848116] [ccr_centralized_planner]: Received state 9 from robotA
[ccr_centralized_planner-15] [INFO] [1729090916.548844267] [ccr_centralized_planner]: 
[ccr_centralized_planner-15] 
[ccr_centralized_planner-15]  did not replan 
[ccr_centralized_planner-15] 
[ccr_centralized_planner-15] [INFO] [1729090916.549682908] [ccr_centralized_planner]: Sent plan [9, 11, 35, 50, 51, 53, 39, 55, 56, 57, 5, 1] to robotA
[ccr_centralized_planner-15] [INFO] [1729090916.651182519] [ccr_centralized_planner]: Received state 9 from robotA
[ccr_centralized_planner-15] [INFO] [1729090916.749017640] [ccr_centralized_planner]: 
[ccr_centralized_planner-15] 
[ccr_centralized_planner-15]  did not replan 
[ccr_centralized_planner-15] 
[ccr_centralized_planner-15] [INFO] [1729090916.749741856] [ccr_centralized_planner]: Sent plan [9, 11, 35, 50, 51, 53, 39, 55, 56, 57, 5, 1] to robotA
[ccr_centralized_planner-15] [INFO] [1729090916.852442947] [ccr_centralized_planner]: Received state 9 from robotA
[ccr_centralized_planner-15] [INFO] [1729090916.949654610] [ccr_centralized_planner]: 
[ccr_centralized_planner-15] 
[ccr_centralized_planner-15]  did not replan 
[ccr_centralized_planner-15] 
[ccr_centralized_planner-15] [INFO] [1729090916.950359350] [ccr_centralized_planner]: Sent plan [9, 11, 35, 50, 51, 53, 39, 55, 56, 57, 5, 1] to robotA
[ccr_centralized_planner-15] [INFO] [1729090917.052534226] [ccr_centralized_planner]: Received state 9 from robotA
[ccr_centralized_planner-15] [INFO] [1729090917.150146480] [ccr_centralized_planner]: 
[ccr_centralized_planner-15] 
[ccr_centralized_planner-15]  did not replan 
[ccr_centralized_planner-15] 
[ccr_centralized_planner-15] [INFO] [1729090917.150851490] [ccr_centralized_planner]: Sent plan [9, 11, 35, 50, 51, 53, 39, 55, 56, 57, 5, 1] to robotA
[ccr_centralized_planner-15] [INFO] [1729090917.254219079] [ccr_centralized_planner]: Received state 9 from robotA
[ccr_centralized_planner-15] [INFO] [1729090917.351102608] [ccr_centralized_planner]: 
[ccr_centralized_planner-15] 
[ccr_centralized_planner-15]  did not replan 
[ccr_centralized_planner-15] 
[ccr_centralized_planner-15] [INFO] [1729090917.351900572] [ccr_centralized_planner]: Sent plan [9, 11, 35, 50, 51, 53, 39, 55, 56, 57, 5, 1] to robotA
[ccr_local_planner-14] [INFO] [1729090917.453238742] [robotA.ccr_local_planner]: new state 11
[ccr_centralized_planner-15] [INFO] [1729090917.453260723] [ccr_centralized_planner]: Received state 11 from robotA
[ccr_centralized_planner-15] [INFO] [1729090917.651451914] [ccr_centralized_planner]: 
[ccr_centralized_planner-15] 
[ccr_centralized_planner-15]  did not replan 
[ccr_centralized_planner-15] 
[ccr_centralized_planner-15] [INFO] [1729090917.652240531] [ccr_centralized_planner]: Sent plan [11, 35, 50, 51, 53, 39, 55, 56, 57, 5, 1] to robotA
[ccr_centralized_planner-15] [INFO] [1729090917.654820451] [ccr_centralized_planner]: Received state 11 from robotA
[ccr_local_planner-14] [INFO] [1729090917.678055405] [robotA.ccr_local_planner]: new plan: [11, 35, 50], remainder: [51, 53, 39, 55, 56, 57, 5, 1]
[ccr_centralized_planner-15] [INFO] [1729090917.852254926] [ccr_centralized_planner]: 
[ccr_centralized_planner-15] 
[ccr_centralized_planner-15]  did not replan 
[ccr_centralized_planner-15] 
[ccr_centralized_planner-15] [INFO] [1729090917.853103715] [ccr_centralized_planner]: Sent plan [11, 35, 50, 51, 53, 39, 55, 56, 57, 5, 1] to robotA
[ccr_centralized_planner-15] [INFO] [1729090917.855460658] [ccr_centralized_planner]: Received state 11 from robotA
[ccr_centralized_planner-15] [INFO] [1729090918.052409964] [ccr_centralized_planner]: 
[ccr_centralized_planner-15] 
[ccr_centralized_planner-15]  did not replan 
[ccr_centralized_planner-15] 
[ccr_centralized_planner-15] [INFO] [1729090918.053268041] [ccr_centralized_planner]: Sent plan [11, 35, 50, 51, 53, 39, 55, 56, 57, 5, 1] to robotA
[ccr_centralized_planner-15] [INFO] [1729090918.054761227] [ccr_centralized_planner]: Received state 11 from robotA
[ccr_centralized_planner-15] [INFO] [1729090918.252846239] [ccr_centralized_planner]: 
[ccr_centralized_planner-15] 
[ccr_centralized_planner-15]  did not replan 
[ccr_centralized_planner-15] 
[command_node-3] [INFO] [1729090918.252854515] [command_node]: robotA: running
[ccr_centralized_planner-15] [INFO] [1729090918.253585333] [ccr_centralized_planner]: Sent plan [11, 35, 50, 51, 53, 39, 55, 56, 57, 5, 1] to robotA
[ccr_centralized_planner-15] [INFO] [1729090918.254715229] [ccr_centralized_planner]: Received state 11 from robotA
[ccr_centralized_planner-15] [INFO] [1729090918.453223965] [ccr_centralized_planner]: 
[ccr_centralized_planner-15] 
[ccr_centralized_planner-15]  did not replan 
[ccr_centralized_planner-15] 
[ccr_centralized_planner-15] [INFO] [1729090918.453928744] [ccr_centralized_planner]: Sent plan [11, 35, 50, 51, 53, 39, 55, 56, 57, 5, 1] to robotA
[ccr_local_planner-14] [INFO] [1729090918.459110927] [robotA.ccr_local_planner]: new state 35
[ccr_centralized_planner-15] [INFO] [1729090918.459166611] [ccr_centralized_planner]: Received state 35 from robotA
[ccr_centralized_planner-15] [INFO] [1729090918.653741341] [ccr_centralized_planner]: 
[ccr_centralized_planner-15] 
[ccr_centralized_planner-15]  did not replan 
[ccr_centralized_planner-15] 
[ccr_centralized_planner-15] [INFO] [1729090918.654475165] [ccr_centralized_planner]: Sent plan [35, 50, 51, 53, 39, 55, 56, 57, 5, 1] to robotA
[ccr_local_planner-14] [INFO] [1729090918.659439821] [robotA.ccr_local_planner]: new plan: [35, 50, 51], remainder: [53, 39, 55, 56, 57, 5, 1]
[ccr_centralized_planner-15] [INFO] [1729090918.675653939] [ccr_centralized_planner]: Received state 35 from robotA
[ccr_centralized_planner-15] [INFO] [1729090918.854368354] [ccr_centralized_planner]: 
[ccr_centralized_planner-15] 
[ccr_centralized_planner-15]  did not replan 
[ccr_centralized_planner-15] 
[ccr_centralized_planner-15] [INFO] [1729090918.855111615] [ccr_centralized_planner]: Sent plan [35, 50, 51, 53, 39, 55, 56, 57, 5, 1] to robotA
[ccr_centralized_planner-15] [INFO] [1729090918.857395071] [ccr_centralized_planner]: Received state 35 from robotA
[ccr_centralized_planner-15] [INFO] [1729090919.054873197] [ccr_centralized_planner]: 
[ccr_centralized_planner-15] 
[ccr_centralized_planner-15]  did not replan 
[ccr_centralized_planner-15] 
[ccr_centralized_planner-15] [INFO] [1729090919.055656463] [ccr_centralized_planner]: Sent plan [35, 50, 51, 53, 39, 55, 56, 57, 5, 1] to robotA
[ccr_centralized_planner-15] [INFO] [1729090919.058380033] [ccr_centralized_planner]: Received state 35 from robotA
[ccr_centralized_planner-15] [INFO] [1729090919.254992699] [ccr_centralized_planner]: 
[ccr_centralized_planner-15] 
[ccr_centralized_planner-15]  did not replan 
[ccr_centralized_planner-15] 
[ccr_centralized_planner-15] [INFO] [1729090919.255803227] [ccr_centralized_planner]: Sent plan [35, 50, 51, 53, 39, 55, 56, 57, 5, 1] to robotA
[ccr_centralized_planner-15] [INFO] [1729090919.257261257] [ccr_centralized_planner]: Received state 35 from robotA
[ccr_centralized_planner-15] [INFO] [1729090919.455544079] [ccr_centralized_planner]: 
[ccr_centralized_planner-15] 
[ccr_centralized_planner-15]  did not replan 
[ccr_centralized_planner-15] 
[ccr_centralized_planner-15] [INFO] [1729090919.456423546] [ccr_centralized_planner]: Sent plan [35, 50, 51, 53, 39, 55, 56, 57, 5, 1] to robotA
[ccr_centralized_planner-15] [INFO] [1729090919.457503829] [ccr_centralized_planner]: Received state 35 from robotA
[ccr_centralized_planner-15] [INFO] [1729090919.655968422] [ccr_centralized_planner]: 
[ccr_centralized_planner-15] 
[ccr_centralized_planner-15]  did not replan 
[ccr_centralized_planner-15] 
[ccr_centralized_planner-15] [INFO] [1729090919.656833622] [ccr_centralized_planner]: Sent plan [35, 50, 51, 53, 39, 55, 56, 57, 5, 1] to robotA
[ccr_centralized_planner-15] [INFO] [1729090919.762583582] [ccr_centralized_planner]: Received state 35 from robotA
[ccr_centralized_planner-15] [INFO] [1729090919.856596136] [ccr_centralized_planner]: 
[ccr_centralized_planner-15] 
[ccr_centralized_planner-15]  did not replan 
[ccr_centralized_planner-15] 
[ccr_centralized_planner-15] [INFO] [1729090919.857430428] [ccr_centralized_planner]: Sent plan [35, 50, 51, 53, 39, 55, 56, 57, 5, 1] to robotA
[ccr_centralized_planner-15] [INFO] [1729090919.959166782] [ccr_centralized_planner]: Received state 35 from robotA
[ccr_centralized_planner-15] [INFO] [1729090920.057784198] [ccr_centralized_planner]: 
[ccr_centralized_planner-15] 
[ccr_centralized_planner-15]  did not replan 
[ccr_centralized_planner-15] 
[ccr_centralized_planner-15] [INFO] [1729090920.058505799] [ccr_centralized_planner]: Sent plan [35, 50, 51, 53, 39, 55, 56, 57, 5, 1] to robotA
[ccr_centralized_planner-15] [INFO] [1729090920.160822281] [ccr_centralized_planner]: Received state 35 from robotA
[ccr_centralized_planner-15] [INFO] [1729090920.258486441] [ccr_centralized_planner]: 
[ccr_centralized_planner-15] 
[ccr_centralized_planner-15]  did not replan 
[ccr_centralized_planner-15] 
[command_node-3] [INFO] [1729090920.258638245] [command_node]: robotA: running
[ccr_centralized_planner-15] [INFO] [1729090920.259295606] [ccr_centralized_planner]: Sent plan [35, 50, 51, 53, 39, 55, 56, 57, 5, 1] to robotA
[ccr_centralized_planner-15] [INFO] [1729090920.361092995] [ccr_centralized_planner]: Received state 35 from robotA
[ccr_centralized_planner-15] [INFO] [1729090920.459151314] [ccr_centralized_planner]: 
[ccr_centralized_planner-15] 
[ccr_centralized_planner-15]  did not replan 
[ccr_centralized_planner-15] 
[ccr_centralized_planner-15] [INFO] [1729090920.459887292] [ccr_centralized_planner]: Sent plan [35, 50, 51, 53, 39, 55, 56, 57, 5, 1] to robotA
[ccr_centralized_planner-15] [INFO] [1729090920.561588542] [ccr_centralized_planner]: Received state 35 from robotA
[ccr_centralized_planner-15] [INFO] [1729090920.659275826] [ccr_centralized_planner]: 
[ccr_centralized_planner-15] 
[ccr_centralized_planner-15]  did not replan 
[ccr_centralized_planner-15] 
[ccr_centralized_planner-15] [INFO] [1729090920.659974153] [ccr_centralized_planner]: Sent plan [35, 50, 51, 53, 39, 55, 56, 57, 5, 1] to robotA
[ccr_centralized_planner-15] [INFO] [1729090920.762050034] [ccr_centralized_planner]: Received state 50 from robotA
[ccr_local_planner-14] [INFO] [1729090920.762079990] [robotA.ccr_local_planner]: new state 50
[ccr_centralized_planner-15] [INFO] [1729090920.860608949] [ccr_centralized_planner]: 
[ccr_centralized_planner-15] 
[ccr_centralized_planner-15]  did not replan 
[ccr_centralized_planner-15] 
[ccr_centralized_planner-15] [INFO] [1729090920.861520145] [ccr_centralized_planner]: Sent plan [50, 51, 53, 39, 55, 56, 57, 5, 1] to robotA
[ccr_local_planner-14] [INFO] [1729090920.861697207] [robotA.ccr_local_planner]: new plan: [50, 51, 53], remainder: [39, 55, 56, 57, 5, 1]
[ccr_centralized_planner-15] [INFO] [1729090920.961607504] [ccr_centralized_planner]: Received state 50 from robotA
[ccr_centralized_planner-15] [INFO] [1729090921.059890653] [ccr_centralized_planner]: 
[ccr_centralized_planner-15] 
[ccr_centralized_planner-15]  did not replan 
[ccr_centralized_planner-15] 
[ccr_centralized_planner-15] [INFO] [1729090921.060712592] [ccr_centralized_planner]: Sent plan [50, 51, 53, 39, 55, 56, 57, 5, 1] to robotA
[ccr_centralized_planner-15] [INFO] [1729090921.162304096] [ccr_centralized_planner]: Received state 50 from robotA
[ccr_centralized_planner-15] [INFO] [1729090921.260456330] [ccr_centralized_planner]: 
[ccr_centralized_planner-15] 
[ccr_centralized_planner-15]  did not replan 
[ccr_centralized_planner-15] 
[ccr_centralized_planner-15] [INFO] [1729090921.261186357] [ccr_centralized_planner]: Sent plan [50, 51, 53, 39, 55, 56, 57, 5, 1] to robotA
[ccr_centralized_planner-15] [INFO] [1729090921.362497566] [ccr_centralized_planner]: Received state 50 from robotA
[ccr_centralized_planner-15] [INFO] [1729090921.460895461] [ccr_centralized_planner]: 
[ccr_centralized_planner-15] 
[ccr_centralized_planner-15]  did not replan 
[ccr_centralized_planner-15] 
[ccr_centralized_planner-15] [INFO] [1729090921.461634815] [ccr_centralized_planner]: Sent plan [50, 51, 53, 39, 55, 56, 57, 5, 1] to robotA
[ccr_centralized_planner-15] [INFO] [1729090921.562884859] [ccr_centralized_planner]: Received state 50 from robotA
[ccr_centralized_planner-15] [INFO] [1729090921.661447743] [ccr_centralized_planner]: 
[ccr_centralized_planner-15] 
[ccr_centralized_planner-15]  did not replan 
[ccr_centralized_planner-15] 
[ccr_centralized_planner-15] [INFO] [1729090921.662354450] [ccr_centralized_planner]: Sent plan [50, 51, 53, 39, 55, 56, 57, 5, 1] to robotA
[ccr_centralized_planner-15] [INFO] [1729090921.765157202] [ccr_centralized_planner]: Received state 50 from robotA
[ccr_centralized_planner-15] [INFO] [1729090921.862123917] [ccr_centralized_planner]: 
[ccr_centralized_planner-15] 
[ccr_centralized_planner-15]  did not replan 
[ccr_centralized_planner-15] 
[ccr_centralized_planner-15] [INFO] [1729090921.862818477] [ccr_centralized_planner]: Sent plan [50, 51, 53, 39, 55, 56, 57, 5, 1] to robotA
[ccr_centralized_planner-15] [INFO] [1729090921.966996374] [ccr_centralized_planner]: Received state 50 from robotA
[ccr_centralized_planner-15] [INFO] [1729090922.062455285] [ccr_centralized_planner]: 
[ccr_centralized_planner-15] 
[ccr_centralized_planner-15]  did not replan 
[ccr_centralized_planner-15] 
[ccr_centralized_planner-15] [INFO] [1729090922.063201002] [ccr_centralized_planner]: Sent plan [50, 51, 53, 39, 55, 56, 57, 5, 1] to robotA
[ccr_local_planner-14] [INFO] [1729090922.171179274] [robotA.ccr_local_planner]: new state 51
[ccr_centralized_planner-15] [INFO] [1729090922.171674331] [ccr_centralized_planner]: Received state 51 from robotA
[command_node-3] [INFO] [1729090922.262687318] [command_node]: robotA: running
[ccr_centralized_planner-15] [INFO] [1729090922.262705382] [ccr_centralized_planner]: 
[ccr_centralized_planner-15] 
[ccr_centralized_planner-15]  did not replan 
[ccr_centralized_planner-15] 
[ccr_centralized_planner-15] [INFO] [1729090922.263499589] [ccr_centralized_planner]: Sent plan [51, 53, 39, 55, 56, 57, 5, 1] to robotA
[ccr_local_planner-14] [INFO] [1729090922.263986220] [robotA.ccr_local_planner]: new plan: [51, 53, 39], remainder: [55, 56, 57, 5, 1]
[ccr_centralized_planner-15] [INFO] [1729090922.365961292] [ccr_centralized_planner]: Received state 51 from robotA
[ccr_centralized_planner-15] [INFO] [1729090922.463248497] [ccr_centralized_planner]: 
[ccr_centralized_planner-15] 
[ccr_centralized_planner-15]  did not replan 
[ccr_centralized_planner-15] 
[ccr_centralized_planner-15] [INFO] [1729090922.463940432] [ccr_centralized_planner]: Sent plan [51, 53, 39, 55, 56, 57, 5, 1] to robotA
[ccr_centralized_planner-15] [INFO] [1729090922.565115937] [ccr_centralized_planner]: Received state 51 from robotA
[ccr_centralized_planner-15] [INFO] [1729090922.663751226] [ccr_centralized_planner]: 
[ccr_centralized_planner-15] 
[ccr_centralized_planner-15]  did not replan 
[ccr_centralized_planner-15] 
[ccr_centralized_planner-15] [INFO] [1729090922.664604434] [ccr_centralized_planner]: Sent plan [51, 53, 39, 55, 56, 57, 5, 1] to robotA
[ccr_centralized_planner-15] [INFO] [1729090922.766276489] [ccr_centralized_planner]: Received state 51 from robotA
[ccr_centralized_planner-15] [INFO] [1729090922.863943354] [ccr_centralized_planner]: 
[ccr_centralized_planner-15] 
[ccr_centralized_planner-15]  did not replan 
[ccr_centralized_planner-15] 
[ccr_centralized_planner-15] [INFO] [1729090922.864735457] [ccr_centralized_planner]: Sent plan [51, 53, 39, 55, 56, 57, 5, 1] to robotA
[ccr_centralized_planner-15] [INFO] [1729090922.966659544] [ccr_centralized_planner]: Received state 51 from robotA
[ccr_centralized_planner-15] [INFO] [1729090923.164630493] [ccr_centralized_planner]: 
[ccr_centralized_planner-15] 
[ccr_centralized_planner-15]  did not replan 
[ccr_centralized_planner-15] 
[ccr_centralized_planner-15] [INFO] [1729090923.165477749] [ccr_centralized_planner]: Sent plan [51, 53, 39, 55, 56, 57, 5, 1] to robotA
[ccr_centralized_planner-15] [INFO] [1729090923.167119323] [ccr_centralized_planner]: Received state 51 from robotA
[ccr_centralized_planner-15] [INFO] [1729090923.365102645] [ccr_centralized_planner]: 
[ccr_centralized_planner-15] 
[ccr_centralized_planner-15]  did not replan 
[ccr_centralized_planner-15] 
[ccr_centralized_planner-15] [INFO] [1729090923.365999625] [ccr_centralized_planner]: Sent plan [51, 53, 39, 55, 56, 57, 5, 1] to robotA
[ccr_centralized_planner-15] [INFO] [1729090923.367029132] [ccr_centralized_planner]: Received state 51 from robotA
[ccr_centralized_planner-15] [INFO] [1729090923.564845221] [ccr_centralized_planner]: 
[ccr_centralized_planner-15] 
[ccr_centralized_planner-15]  did not replan 
[ccr_centralized_planner-15] 
[ccr_centralized_planner-15] [INFO] [1729090923.565534502] [ccr_centralized_planner]: Sent plan [51, 53, 39, 55, 56, 57, 5, 1] to robotA
[ccr_centralized_planner-15] [INFO] [1729090923.566359687] [ccr_centralized_planner]: Received state 51 from robotA
[ccr_centralized_planner-15] [INFO] [1729090923.765237244] [ccr_centralized_planner]: 
[ccr_centralized_planner-15] 
[ccr_centralized_planner-15]  did not replan 
[ccr_centralized_planner-15] 
[ccr_centralized_planner-15] [INFO] [1729090923.765978031] [ccr_centralized_planner]: Sent plan [51, 53, 39, 55, 56, 57, 5, 1] to robotA
[ccr_centralized_planner-15] [INFO] [1729090923.767050979] [ccr_centralized_planner]: Received state 51 from robotA
[ccr_centralized_planner-15] [INFO] [1729090923.965461261] [ccr_centralized_planner]: 
[ccr_centralized_planner-15] 
[ccr_centralized_planner-15]  did not replan 
[ccr_centralized_planner-15] 
[ccr_centralized_planner-15] [INFO] [1729090923.966287718] [ccr_centralized_planner]: Sent plan [51, 53, 39, 55, 56, 57, 5, 1] to robotA
[ccr_centralized_planner-15] [INFO] [1729090923.969396699] [ccr_centralized_planner]: Received state 51 from robotA
[ccr_centralized_planner-15] [INFO] [1729090924.165627461] [ccr_centralized_planner]: 
[ccr_centralized_planner-15] 
[ccr_centralized_planner-15]  did not replan 
[ccr_centralized_planner-15] 
[ccr_centralized_planner-15] [INFO] [1729090924.166333322] [ccr_centralized_planner]: Sent plan [51, 53, 39, 55, 56, 57, 5, 1] to robotA
[ccr_centralized_planner-15] [INFO] [1729090924.173866186] [ccr_centralized_planner]: Received state 51 from robotA
[ccr_centralized_planner-15] [INFO] [1729090924.366087490] [ccr_centralized_planner]: 
[ccr_centralized_planner-15] 
[ccr_centralized_planner-15]  did not replan 
[ccr_centralized_planner-15] 
[command_node-3] [INFO] [1729090924.366329683] [command_node]: robotA: running
[ccr_centralized_planner-15] [INFO] [1729090924.366793602] [ccr_centralized_planner]: Sent plan [51, 53, 39, 55, 56, 57, 5, 1] to robotA
[ccr_centralized_planner-15] [INFO] [1729090924.379330335] [ccr_centralized_planner]: Received state 51 from robotA
[ccr_centralized_planner-15] [INFO] [1729090924.566116181] [ccr_centralized_planner]: 
[ccr_centralized_planner-15] 
[ccr_centralized_planner-15]  did not replan 
[ccr_centralized_planner-15] 
[ccr_centralized_planner-15] [INFO] [1729090924.566799260] [ccr_centralized_planner]: Sent plan [51, 53, 39, 55, 56, 57, 5, 1] to robotA
[ccr_centralized_planner-15] [INFO] [1729090924.569746418] [ccr_centralized_planner]: Received state 51 from robotA
[ccr_centralized_planner-15] [INFO] [1729090924.766602765] [ccr_centralized_planner]: 
[ccr_centralized_planner-15] 
[ccr_centralized_planner-15]  did not replan 
[ccr_centralized_planner-15] 
[ccr_centralized_planner-15] [INFO] [1729090924.767311191] [ccr_centralized_planner]: Sent plan [51, 53, 39, 55, 56, 57, 5, 1] to robotA
[ccr_centralized_planner-15] [INFO] [1729090924.769208534] [ccr_centralized_planner]: Received state 51 from robotA
[ccr_centralized_planner-15] [INFO] [1729090924.967088198] [ccr_centralized_planner]: 
[ccr_centralized_planner-15] 
[ccr_centralized_planner-15]  did not replan 
[ccr_centralized_planner-15] 
[ccr_centralized_planner-15] [INFO] [1729090924.967813185] [ccr_centralized_planner]: Sent plan [51, 53, 39, 55, 56, 57, 5, 1] to robotA
[ccr_centralized_planner-15] [INFO] [1729090924.969318323] [ccr_centralized_planner]: Received state 53 from robotA
[ccr_local_planner-14] [INFO] [1729090924.969384517] [robotA.ccr_local_planner]: new state 53
[ccr_centralized_planner-15] [INFO] [1729090925.167477941] [ccr_centralized_planner]: 
[ccr_centralized_planner-15] 
[ccr_centralized_planner-15]  did not replan 
[ccr_centralized_planner-15] 
[ccr_centralized_planner-15] [INFO] [1729090925.168196516] [ccr_centralized_planner]: Sent plan [53, 39, 55, 56, 57, 5, 1] to robotA
[ccr_local_planner-14] [INFO] [1729090925.168784167] [robotA.ccr_local_planner]: new plan: [53, 39, 55], remainder: [56, 57, 5, 1]
[ccr_centralized_planner-15] [INFO] [1729090925.277915244] [ccr_centralized_planner]: Received state 53 from robotA
[ccr_centralized_planner-15] [INFO] [1729090925.368117441] [ccr_centralized_planner]: 
[ccr_centralized_planner-15] 
[ccr_centralized_planner-15]  did not replan 
[ccr_centralized_planner-15] 
[ccr_centralized_planner-15] [INFO] [1729090925.368870251] [ccr_centralized_planner]: Sent plan [53, 39, 55, 56, 57, 5, 1] to robotA
[ccr_centralized_planner-15] [INFO] [1729090925.470843026] [ccr_centralized_planner]: Received state 53 from robotA
[ccr_centralized_planner-15] [INFO] [1729090925.568767101] [ccr_centralized_planner]: 
[ccr_centralized_planner-15] 
[ccr_centralized_planner-15]  did not replan 
[ccr_centralized_planner-15] 
[ccr_centralized_planner-15] [INFO] [1729090925.569553694] [ccr_centralized_planner]: Sent plan [53, 39, 55, 56, 57, 5, 1] to robotA
[ccr_centralized_planner-15] [INFO] [1729090925.672663147] [ccr_centralized_planner]: Received state 53 from robotA
[ccr_centralized_planner-15] [INFO] [1729090925.769273192] [ccr_centralized_planner]: 
[ccr_centralized_planner-15] 
[ccr_centralized_planner-15]  did not replan 
[ccr_centralized_planner-15] 
[ccr_centralized_planner-15] [INFO] [1729090925.770141839] [ccr_centralized_planner]: Sent plan [53, 39, 55, 56, 57, 5, 1] to robotA
[ccr_centralized_planner-15] [INFO] [1729090925.871412028] [ccr_centralized_planner]: Received state 53 from robotA
[ccr_centralized_planner-15] [INFO] [1729090925.969638449] [ccr_centralized_planner]: 
[ccr_centralized_planner-15] 
[ccr_centralized_planner-15]  did not replan 
[ccr_centralized_planner-15] 
[ccr_centralized_planner-15] [INFO] [1729090925.970866398] [ccr_centralized_planner]: Sent plan [53, 39, 55, 56, 57, 5, 1] to robotA
[ccr_centralized_planner-15] [INFO] [1729090926.072343185] [ccr_centralized_planner]: Received state 53 from robotA
[ccr_centralized_planner-15] [INFO] [1729090926.169791429] [ccr_centralized_planner]: 
[ccr_centralized_planner-15] 
[ccr_centralized_planner-15]  did not replan 
[ccr_centralized_planner-15] 
[ccr_centralized_planner-15] [INFO] [1729090926.170484737] [ccr_centralized_planner]: Sent plan [53, 39, 55, 56, 57, 5, 1] to robotA
[ccr_centralized_planner-15] [INFO] [1729090926.273783845] [ccr_centralized_planner]: Received state 53 from robotA
[ccr_centralized_planner-15] [INFO] [1729090926.370305245] [ccr_centralized_planner]: 
[ccr_centralized_planner-15] 
[ccr_centralized_planner-15]  did not replan 
[ccr_centralized_planner-15] 
[command_node-3] [INFO] [1729090926.370418527] [command_node]: robotA: running
[ccr_centralized_planner-15] [INFO] [1729090926.371064115] [ccr_centralized_planner]: Sent plan [53, 39, 55, 56, 57, 5, 1] to robotA
[ccr_centralized_planner-15] [INFO] [1729090926.472630680] [ccr_centralized_planner]: Received state 53 from robotA
[ccr_centralized_planner-15] [INFO] [1729090926.570879493] [ccr_centralized_planner]: 
[ccr_centralized_planner-15] 
[ccr_centralized_planner-15]  did not replan 
[ccr_centralized_planner-15] 
[ccr_centralized_planner-15] [INFO] [1729090926.571732249] [ccr_centralized_planner]: Sent plan [53, 39, 55, 56, 57, 5, 1] to robotA
[ccr_centralized_planner-15] [INFO] [1729090926.673345412] [ccr_centralized_planner]: Received state 53 from robotA
[ccr_centralized_planner-15] [INFO] [1729090926.771069542] [ccr_centralized_planner]: 
[ccr_centralized_planner-15] 
[ccr_centralized_planner-15]  did not replan 
[ccr_centralized_planner-15] 
[ccr_centralized_planner-15] [INFO] [1729090926.771804809] [ccr_centralized_planner]: Sent plan [53, 39, 55, 56, 57, 5, 1] to robotA
[ccr_centralized_planner-15] [INFO] [1729090926.872385217] [ccr_centralized_planner]: Received state 53 from robotA
[ccr_centralized_planner-15] [INFO] [1729090926.971689065] [ccr_centralized_planner]: 
[ccr_centralized_planner-15] 
[ccr_centralized_planner-15]  did not replan 
[ccr_centralized_planner-15] 
[ccr_centralized_planner-15] [INFO] [1729090926.972521825] [ccr_centralized_planner]: Sent plan [53, 39, 55, 56, 57, 5, 1] to robotA
[ccr_centralized_planner-15] [INFO] [1729090927.072648894] [ccr_centralized_planner]: Received state 53 from robotA
[ccr_centralized_planner-15] [INFO] [1729090927.172050215] [ccr_centralized_planner]: 
[ccr_centralized_planner-15] 
[ccr_centralized_planner-15]  did not replan 
[ccr_centralized_planner-15] 
[ccr_centralized_planner-15] [INFO] [1729090927.172879638] [ccr_centralized_planner]: Sent plan [53, 39, 55, 56, 57, 5, 1] to robotA
[ccr_centralized_planner-15] [INFO] [1729090927.278022749] [ccr_centralized_planner]: Received state 53 from robotA
[ccr_centralized_planner-15] [INFO] [1729090927.372043906] [ccr_centralized_planner]: 
[ccr_centralized_planner-15] 
[ccr_centralized_planner-15]  did not replan 
[ccr_centralized_planner-15] 
[ccr_centralized_planner-15] [INFO] [1729090927.372862018] [ccr_centralized_planner]: Sent plan [53, 39, 55, 56, 57, 5, 1] to robotA
[ccr_centralized_planner-15] [INFO] [1729090927.474649015] [ccr_centralized_planner]: Received state 53 from robotA
[ccr_centralized_planner-15] [INFO] [1729090927.573088706] [ccr_centralized_planner]: 
[ccr_centralized_planner-15] 
[ccr_centralized_planner-15]  did not replan 
[ccr_centralized_planner-15] 
[ccr_centralized_planner-15] [INFO] [1729090927.573880077] [ccr_centralized_planner]: Sent plan [53, 39, 55, 56, 57, 5, 1] to robotA
[ccr_local_planner-14] [INFO] [1729090927.675364629] [robotA.ccr_local_planner]: new state 39
[ccr_centralized_planner-15] [INFO] [1729090927.675461761] [ccr_centralized_planner]: Received state 39 from robotA
[ccr_centralized_planner-15] [INFO] [1729090927.773374684] [ccr_centralized_planner]: 
[ccr_centralized_planner-15] 
[ccr_centralized_planner-15]  did not replan 
[ccr_centralized_planner-15] 
[ccr_centralized_planner-15] [INFO] [1729090927.774089733] [ccr_centralized_planner]: Sent plan [39, 55, 56, 57, 5, 1] to robotA
[ccr_local_planner-14] [INFO] [1729090927.774088321] [robotA.ccr_local_planner]: new plan: [39, 55, 56], remainder: [57, 5, 1]
[ccr_centralized_planner-15] [INFO] [1729090927.875706803] [ccr_centralized_planner]: Received state 39 from robotA
[ccr_centralized_planner-15] [INFO] [1729090927.973685730] [ccr_centralized_planner]: 
[ccr_centralized_planner-15] 
[ccr_centralized_planner-15]  did not replan 
[ccr_centralized_planner-15] 
[ccr_centralized_planner-15] [INFO] [1729090927.974380080] [ccr_centralized_planner]: Sent plan [39, 55, 56, 57, 5, 1] to robotA
[ccr_centralized_planner-15] [INFO] [1729090928.076361071] [ccr_centralized_planner]: Received state 39 from robotA
[ccr_centralized_planner-15] [INFO] [1729090928.274100632] [ccr_centralized_planner]: 
[ccr_centralized_planner-15] 
[ccr_centralized_planner-15]  did not replan 
[ccr_centralized_planner-15] 
[ccr_centralized_planner-15] [INFO] [1729090928.274866536] [ccr_centralized_planner]: Sent plan [39, 55, 56, 57, 5, 1] to robotA
[ccr_centralized_planner-15] [INFO] [1729090928.277226184] [ccr_centralized_planner]: Received state 39 from robotA
[command_node-3] [INFO] [1729090928.474614657] [command_node]: robotA: running
[ccr_centralized_planner-15] [INFO] [1729090928.474751033] [ccr_centralized_planner]: 
[ccr_centralized_planner-15] 
[ccr_centralized_planner-15]  did not replan 
[ccr_centralized_planner-15] 
[ccr_centralized_planner-15] [INFO] [1729090928.475736207] [ccr_centralized_planner]: Sent plan [39, 55, 56, 57, 5, 1] to robotA
[ccr_centralized_planner-15] [INFO] [1729090928.477248679] [ccr_centralized_planner]: Received state 39 from robotA
[ccr_centralized_planner-15] [INFO] [1729090928.674826027] [ccr_centralized_planner]: 
[ccr_centralized_planner-15] 
[ccr_centralized_planner-15]  did not replan 
[ccr_centralized_planner-15] 
[ccr_centralized_planner-15] [INFO] [1729090928.675535255] [ccr_centralized_planner]: Sent plan [39, 55, 56, 57, 5, 1] to robotA
[ccr_local_planner-14] [INFO] [1729090928.676389053] [robotA.ccr_local_planner]: new state 55
[ccr_centralized_planner-15] [INFO] [1729090928.676613674] [ccr_centralized_planner]: Received state 55 from robotA
[ccr_centralized_planner-15] [INFO] [1729090928.875210701] [ccr_centralized_planner]: 
[ccr_centralized_planner-15] 
[ccr_centralized_planner-15]  did not replan 
[ccr_centralized_planner-15] 
[ccr_centralized_planner-15] [INFO] [1729090928.875905782] [ccr_centralized_planner]: Sent plan [55, 56, 57, 5, 1] to robotA
[ccr_centralized_planner-15] [INFO] [1729090928.877351870] [ccr_centralized_planner]: Received state 55 from robotA
[ccr_local_planner-14] [INFO] [1729090928.895904887] [robotA.ccr_local_planner]: new plan: [55, 56, 57], remainder: [5, 1]
[ccr_centralized_planner-15] [INFO] [1729090929.075837176] [ccr_centralized_planner]: 
[ccr_centralized_planner-15] 
[ccr_centralized_planner-15]  did not replan 
[ccr_centralized_planner-15] 
[ccr_centralized_planner-15] [INFO] [1729090929.076847749] [ccr_centralized_planner]: Sent plan [55, 56, 57, 5, 1] to robotA
[ccr_centralized_planner-15] [INFO] [1729090929.077846939] [ccr_centralized_planner]: Received state 55 from robotA
[ccr_centralized_planner-15] [INFO] [1729090929.275955381] [ccr_centralized_planner]: 
[ccr_centralized_planner-15] 
[ccr_centralized_planner-15]  did not replan 
[ccr_centralized_planner-15] 
[ccr_centralized_planner-15] [INFO] [1729090929.276685699] [ccr_centralized_planner]: Sent plan [55, 56, 57, 5, 1] to robotA
[ccr_centralized_planner-15] [INFO] [1729090929.281598898] [ccr_centralized_planner]: Received state 55 from robotA
[ccr_centralized_planner-15] [INFO] [1729090929.476622594] [ccr_centralized_planner]: 
[ccr_centralized_planner-15] 
[ccr_centralized_planner-15]  did not replan 
[ccr_centralized_planner-15] 
[ccr_centralized_planner-15] [INFO] [1729090929.477315401] [ccr_centralized_planner]: Sent plan [55, 56, 57, 5, 1] to robotA
[ccr_centralized_planner-15] [INFO] [1729090929.481875419] [ccr_centralized_planner]: Received state 55 from robotA
[ccr_centralized_planner-15] [INFO] [1729090929.676963335] [ccr_centralized_planner]: 
[ccr_centralized_planner-15] 
[ccr_centralized_planner-15]  did not replan 
[ccr_centralized_planner-15] 
[ccr_centralized_planner-15] [INFO] [1729090929.677632909] [ccr_centralized_planner]: Sent plan [55, 56, 57, 5, 1] to robotA
[ccr_centralized_planner-15] [INFO] [1729090929.679140712] [ccr_centralized_planner]: Received state 55 from robotA
[ccr_centralized_planner-15] [INFO] [1729090929.877472111] [ccr_centralized_planner]: 
[ccr_centralized_planner-15] 
[ccr_centralized_planner-15]  did not replan 
[ccr_centralized_planner-15] 
[ccr_centralized_planner-15] [INFO] [1729090929.878203431] [ccr_centralized_planner]: Sent plan [55, 56, 57, 5, 1] to robotA
[ccr_centralized_planner-15] [INFO] [1729090929.880263297] [ccr_centralized_planner]: Received state 55 from robotA
[ccr_centralized_planner-15] [INFO] [1729090930.078077408] [ccr_centralized_planner]: 
[ccr_centralized_planner-15] 
[ccr_centralized_planner-15]  did not replan 
[ccr_centralized_planner-15] 
[ccr_centralized_planner-15] [INFO] [1729090930.078949862] [ccr_centralized_planner]: Sent plan [55, 56, 57, 5, 1] to robotA
[ccr_centralized_planner-15] [INFO] [1729090930.080382484] [ccr_centralized_planner]: Received state 55 from robotA
[ccr_centralized_planner-15] [INFO] [1729090930.278154245] [ccr_centralized_planner]: 
[ccr_centralized_planner-15] 
[ccr_centralized_planner-15]  did not replan 
[ccr_centralized_planner-15] 
[ccr_centralized_planner-15] [INFO] [1729090930.278848695] [ccr_centralized_planner]: Sent plan [55, 56, 57, 5, 1] to robotA
[ccr_centralized_planner-15] [INFO] [1729090930.382897127] [ccr_centralized_planner]: Received state 55 from robotA
[ccr_centralized_planner-15] [INFO] [1729090930.478619069] [ccr_centralized_planner]: 
[ccr_centralized_planner-15] 
[ccr_centralized_planner-15]  did not replan 
[ccr_centralized_planner-15] 
[command_node-3] [INFO] [1729090930.478705170] [command_node]: robotA: running
[ccr_centralized_planner-15] [INFO] [1729090930.479474019] [ccr_centralized_planner]: Sent plan [55, 56, 57, 5, 1] to robotA
[ccr_centralized_planner-15] [INFO] [1729090930.586583322] [ccr_centralized_planner]: Received state 55 from robotA
[ccr_centralized_planner-15] [INFO] [1729090930.678960852] [ccr_centralized_planner]: 
[ccr_centralized_planner-15] 
[ccr_centralized_planner-15]  did not replan 
[ccr_centralized_planner-15] 
[ccr_centralized_planner-15] [INFO] [1729090930.679709434] [ccr_centralized_planner]: Sent plan [55, 56, 57, 5, 1] to robotA
[ccr_centralized_planner-15] [INFO] [1729090930.781216257] [ccr_centralized_planner]: Received state 55 from robotA
[ccr_centralized_planner-15] [INFO] [1729090930.879548766] [ccr_centralized_planner]: 
[ccr_centralized_planner-15] 
[ccr_centralized_planner-15]  did not replan 
[ccr_centralized_planner-15] 
[ccr_centralized_planner-15] [INFO] [1729090930.880423624] [ccr_centralized_planner]: Sent plan [55, 56, 57, 5, 1] to robotA
[ccr_centralized_planner-15] [INFO] [1729090930.982417068] [ccr_centralized_planner]: Received state 55 from robotA
[ccr_centralized_planner-15] [INFO] [1729090931.079478909] [ccr_centralized_planner]: 
[ccr_centralized_planner-15] 
[ccr_centralized_planner-15]  did not replan 
[ccr_centralized_planner-15] 
[ccr_centralized_planner-15] [INFO] [1729090931.080151919] [ccr_centralized_planner]: Sent plan [55, 56, 57, 5, 1] to robotA
[ccr_local_planner-14] [INFO] [1729090931.182398667] [robotA.ccr_local_planner]: new state 56
[ccr_centralized_planner-15] [INFO] [1729090931.182451065] [ccr_centralized_planner]: Received state 56 from robotA
[ccr_centralized_planner-15] [INFO] [1729090931.279767012] [ccr_centralized_planner]: 
[ccr_centralized_planner-15] 
[ccr_centralized_planner-15]  did not replan 
[ccr_centralized_planner-15] 
[ccr_centralized_planner-15] [INFO] [1729090931.280520042] [ccr_centralized_planner]: Sent plan [56, 57, 5, 1] to robotA
[ccr_local_planner-14] [INFO] [1729090931.280650646] [robotA.ccr_local_planner]: new plan: [56, 57, 5], remainder: [1]
[ccr_centralized_planner-15] [INFO] [1729090931.382401586] [ccr_centralized_planner]: Received state 56 from robotA
[ccr_centralized_planner-15] [INFO] [1729090931.480296676] [ccr_centralized_planner]: 
[ccr_centralized_planner-15] 
[ccr_centralized_planner-15]  did not replan 
[ccr_centralized_planner-15] 
[ccr_centralized_planner-15] [INFO] [1729090931.481171925] [ccr_centralized_planner]: Sent plan [56, 57, 5, 1] to robotA
[ccr_centralized_planner-15] [INFO] [1729090931.582587347] [ccr_centralized_planner]: Received state 56 from robotA
[ccr_centralized_planner-15] [INFO] [1729090931.680525859] [ccr_centralized_planner]: 
[ccr_centralized_planner-15] 
[ccr_centralized_planner-15]  did not replan 
[ccr_centralized_planner-15] 
[ccr_centralized_planner-15] [INFO] [1729090931.681285471] [ccr_centralized_planner]: Sent plan [56, 57, 5, 1] to robotA
[ccr_centralized_planner-15] [INFO] [1729090931.783735199] [ccr_centralized_planner]: Received state 56 from robotA
[ccr_centralized_planner-15] [INFO] [1729090931.881653513] [ccr_centralized_planner]: 
[ccr_centralized_planner-15] 
[ccr_centralized_planner-15]  did not replan 
[ccr_centralized_planner-15] 
[ccr_centralized_planner-15] [INFO] [1729090931.882678222] [ccr_centralized_planner]: Sent plan [56, 57, 5, 1] to robotA
[ccr_centralized_planner-15] [INFO] [1729090931.983411176] [ccr_centralized_planner]: Received state 56 from robotA
[ccr_centralized_planner-15] [INFO] [1729090932.081486324] [ccr_centralized_planner]: 
[ccr_centralized_planner-15] 
[ccr_centralized_planner-15]  did not replan 
[ccr_centralized_planner-15] 
[ccr_centralized_planner-15] [INFO] [1729090932.082311509] [ccr_centralized_planner]: Sent plan [56, 57, 5, 1] to robotA
[ccr_centralized_planner-15] [INFO] [1729090932.182419743] [ccr_centralized_planner]: Received state 56 from robotA
[ccr_centralized_planner-15] [INFO] [1729090932.281880936] [ccr_centralized_planner]: 
[ccr_centralized_planner-15] 
[ccr_centralized_planner-15]  did not replan 
[ccr_centralized_planner-15] 
[ccr_centralized_planner-15] [INFO] [1729090932.282760914] [ccr_centralized_planner]: Sent plan [56, 57, 5, 1] to robotA
[ccr_centralized_planner-15] [INFO] [1729090932.384286321] [ccr_centralized_planner]: Received state 56 from robotA
[command_node-3] [INFO] [1729090932.482238158] [command_node]: robotA: running
[ccr_centralized_planner-15] [INFO] [1729090932.482420639] [ccr_centralized_planner]: 
[ccr_centralized_planner-15] 
[ccr_centralized_planner-15]  did not replan 
[ccr_centralized_planner-15] 
[ccr_centralized_planner-15] [INFO] [1729090932.483269148] [ccr_centralized_planner]: Sent plan [56, 57, 5, 1] to robotA
[ccr_centralized_planner-15] [INFO] [1729090932.585426680] [ccr_centralized_planner]: Received state 56 from robotA
[ccr_centralized_planner-15] [INFO] [1729090932.682302332] [ccr_centralized_planner]: 
[ccr_centralized_planner-15] 
[ccr_centralized_planner-15]  did not replan 
[ccr_centralized_planner-15] 
[ccr_centralized_planner-15] [INFO] [1729090932.683010958] [ccr_centralized_planner]: Sent plan [56, 57, 5, 1] to robotA
[ccr_centralized_planner-15] [INFO] [1729090932.789582274] [ccr_centralized_planner]: Received state 56 from robotA
[ccr_centralized_planner-15] [INFO] [1729090932.882389238] [ccr_centralized_planner]: 
[ccr_centralized_planner-15] 
[ccr_centralized_planner-15]  did not replan 
[ccr_centralized_planner-15] 
[ccr_centralized_planner-15] [INFO] [1729090932.883102634] [ccr_centralized_planner]: Sent plan [56, 57, 5, 1] to robotA
[ccr_centralized_planner-15] [INFO] [1729090932.985515382] [ccr_centralized_planner]: Received state 56 from robotA
[ccr_centralized_planner-15] [INFO] [1729090933.082749706] [ccr_centralized_planner]: 
[ccr_centralized_planner-15] 
[ccr_centralized_planner-15]  did not replan 
[ccr_centralized_planner-15] 
[ccr_centralized_planner-15] [INFO] [1729090933.083675108] [ccr_centralized_planner]: Sent plan [56, 57, 5, 1] to robotA
[ccr_centralized_planner-15] [INFO] [1729090933.185186140] [ccr_centralized_planner]: Received state 56 from robotA
[ccr_centralized_planner-15] [INFO] [1729090933.283119712] [ccr_centralized_planner]: 
[ccr_centralized_planner-15] 
[ccr_centralized_planner-15]  did not replan 
[ccr_centralized_planner-15] 
[ccr_centralized_planner-15] [INFO] [1729090933.283816507] [ccr_centralized_planner]: Sent plan [56, 57, 5, 1] to robotA
[ccr_centralized_planner-15] [INFO] [1729090933.387633755] [ccr_centralized_planner]: Received state 56 from robotA
[ccr_centralized_planner-15] [INFO] [1729090933.484050979] [ccr_centralized_planner]: 
[ccr_centralized_planner-15] 
[ccr_centralized_planner-15]  did not replan 
[ccr_centralized_planner-15] 
[ccr_centralized_planner-15] [INFO] [1729090933.484780024] [ccr_centralized_planner]: Sent plan [56, 57, 5, 1] to robotA
[ccr_centralized_planner-15] [INFO] [1729090933.586216245] [ccr_centralized_planner]: Received state 56 from robotA
[ccr_centralized_planner-15] [INFO] [1729090933.684082671] [ccr_centralized_planner]: 
[ccr_centralized_planner-15] 
[ccr_centralized_planner-15]  did not replan 
[ccr_centralized_planner-15] 
[ccr_centralized_planner-15] [INFO] [1729090933.684846692] [ccr_centralized_planner]: Sent plan [56, 57, 5, 1] to robotA
[ccr_local_planner-14] [INFO] [1729090933.786581893] [robotA.ccr_local_planner]: new state 57
[ccr_centralized_planner-15] [INFO] [1729090933.786650071] [ccr_centralized_planner]: Received state 57 from robotA
[ccr_centralized_planner-15] [INFO] [1729090933.984900367] [ccr_centralized_planner]: 
[ccr_centralized_planner-15] 
[ccr_centralized_planner-15]  did not replan 
[ccr_centralized_planner-15] 
[ccr_centralized_planner-15] [INFO] [1729090933.985674417] [ccr_centralized_planner]: Sent plan [57, 5, 1] to robotA
[ccr_centralized_planner-15] [INFO] [1729090933.986539406] [ccr_centralized_planner]: Received state 57 from robotA
[ccr_local_planner-14] [INFO] [1729090934.008241961] [robotA.ccr_local_planner]: new plan: [57, 5, 1]
[ccr_centralized_planner-15] [INFO] [1729090934.185599450] [ccr_centralized_planner]: 
[ccr_centralized_planner-15] 
[ccr_centralized_planner-15]  did not replan 
[ccr_centralized_planner-15] 
[ccr_centralized_planner-15] [INFO] [1729090934.186400440] [ccr_centralized_planner]: Sent plan [57, 5, 1] to robotA
[ccr_centralized_planner-15] [INFO] [1729090934.188107426] [ccr_centralized_planner]: Received state 57 from robotA
[ccr_centralized_planner-15] [INFO] [1729090934.386236015] [ccr_centralized_planner]: 
[ccr_centralized_planner-15] 
[ccr_centralized_planner-15]  did not replan 
[ccr_centralized_planner-15] 
[ccr_centralized_planner-15] [INFO] [1729090934.386942939] [ccr_centralized_planner]: Sent plan [57, 5, 1] to robotA
[ccr_centralized_planner-15] [INFO] [1729090934.388110034] [ccr_centralized_planner]: Received state 57 from robotA
[command_node-3] [INFO] [1729090934.586137213] [command_node]: robotA: running
[ccr_centralized_planner-15] [INFO] [1729090934.586470247] [ccr_centralized_planner]: 
[ccr_centralized_planner-15] 
[ccr_centralized_planner-15]  did not replan 
[ccr_centralized_planner-15] 
[ccr_centralized_planner-15] [INFO] [1729090934.587169426] [ccr_centralized_planner]: Sent plan [57, 5, 1] to robotA
[ccr_centralized_planner-15] [INFO] [1729090934.589131369] [ccr_centralized_planner]: Received state 57 from robotA
[ccr_centralized_planner-15] [INFO] [1729090934.786930492] [ccr_centralized_planner]: 
[ccr_centralized_planner-15] 
[ccr_centralized_planner-15]  did not replan 
[ccr_centralized_planner-15] 
[ccr_centralized_planner-15] [INFO] [1729090934.787631274] [ccr_centralized_planner]: Sent plan [57, 5, 1] to robotA
[ccr_centralized_planner-15] [INFO] [1729090934.789115042] [ccr_centralized_planner]: Received state 57 from robotA
[ccr_centralized_planner-15] [INFO] [1729090934.987379466] [ccr_centralized_planner]: 
[ccr_centralized_planner-15] 
[ccr_centralized_planner-15]  did not replan 
[ccr_centralized_planner-15] 
[ccr_centralized_planner-15] [INFO] [1729090934.988127998] [ccr_centralized_planner]: Sent plan [57, 5, 1] to robotA
[ccr_centralized_planner-15] [INFO] [1729090934.991132824] [ccr_centralized_planner]: Received state 57 from robotA
[ccr_centralized_planner-15] [INFO] [1729090935.187644325] [ccr_centralized_planner]: 
[ccr_centralized_planner-15] 
[ccr_centralized_planner-15]  did not replan 
[ccr_centralized_planner-15] 
[ccr_centralized_planner-15] [INFO] [1729090935.188398136] [ccr_centralized_planner]: Sent plan [57, 5, 1] to robotA
[ccr_centralized_planner-15] [INFO] [1729090935.198173349] [ccr_centralized_planner]: Received state 57 from robotA
[ccr_centralized_planner-15] [INFO] [1729090935.388287633] [ccr_centralized_planner]: 
[ccr_centralized_planner-15] 
[ccr_centralized_planner-15]  did not replan 
[ccr_centralized_planner-15] 
[ccr_centralized_planner-15] [INFO] [1729090935.389036956] [ccr_centralized_planner]: Sent plan [57, 5, 1] to robotA
[ccr_centralized_planner-15] [INFO] [1729090935.400888967] [ccr_centralized_planner]: Received state 57 from robotA
[ccr_centralized_planner-15] [INFO] [1729090935.589105157] [ccr_centralized_planner]: 
[ccr_centralized_planner-15] 
[ccr_centralized_planner-15]  did not replan 
[ccr_centralized_planner-15] 
[ccr_centralized_planner-15] [INFO] [1729090935.590121831] [ccr_centralized_planner]: Sent plan [57, 5, 1] to robotA
[ccr_centralized_planner-15] [INFO] [1729090935.591633972] [ccr_centralized_planner]: Received state 57 from robotA
[ccr_centralized_planner-15] [INFO] [1729090935.789613692] [ccr_centralized_planner]: 
[ccr_centralized_planner-15] 
[ccr_centralized_planner-15]  did not replan 
[ccr_centralized_planner-15] 
[ccr_centralized_planner-15] [INFO] [1729090935.790517434] [ccr_centralized_planner]: Sent plan [57, 5, 1] to robotA
[ccr_centralized_planner-15] [INFO] [1729090935.791997305] [ccr_centralized_planner]: Received state 57 from robotA
[ccr_centralized_planner-15] [INFO] [1729090935.989816456] [ccr_centralized_planner]: 
[ccr_centralized_planner-15] 
[ccr_centralized_planner-15]  did not replan 
[ccr_centralized_planner-15] 
[ccr_centralized_planner-15] [INFO] [1729090935.990516055] [ccr_centralized_planner]: Sent plan [57, 5, 1] to robotA
[ccr_centralized_planner-15] [INFO] [1729090935.992728388] [ccr_centralized_planner]: Received state 57 from robotA
[ccr_centralized_planner-15] [INFO] [1729090936.190477326] [ccr_centralized_planner]: 
[ccr_centralized_planner-15] 
[ccr_centralized_planner-15]  did not replan 
[ccr_centralized_planner-15] 
[ccr_centralized_planner-15] [INFO] [1729090936.191184090] [ccr_centralized_planner]: Sent plan [57, 5, 1] to robotA
[ccr_centralized_planner-15] [INFO] [1729090936.193254045] [ccr_centralized_planner]: Received state 57 from robotA
[ccr_centralized_planner-15] [INFO] [1729090936.391038670] [ccr_centralized_planner]: 
[ccr_centralized_planner-15] 
[ccr_centralized_planner-15]  did not replan 
[ccr_centralized_planner-15] 
[ccr_centralized_planner-15] [INFO] [1729090936.391764830] [ccr_centralized_planner]: Sent plan [57, 5, 1] to robotA
[ccr_centralized_planner-15] [INFO] [1729090936.502747866] [ccr_centralized_planner]: Received state 57 from robotA
[ccr_centralized_planner-15] [INFO] [1729090936.591795892] [ccr_centralized_planner]: 
[ccr_centralized_planner-15] 
[ccr_centralized_planner-15]  did not replan 
[ccr_centralized_planner-15] 
[command_node-3] [INFO] [1729090936.592080084] [command_node]: robotA: running
[ccr_centralized_planner-15] [INFO] [1729090936.592497736] [ccr_centralized_planner]: Sent plan [57, 5, 1] to robotA
[ccr_local_planner-14] [INFO] [1729090936.705051532] [robotA.ccr_local_planner]: new state 5
[ccr_centralized_planner-15] [INFO] [1729090936.705257357] [ccr_centralized_planner]: Received state 5 from robotA
[ccr_centralized_planner-15] [INFO] [1729090936.792171929] [ccr_centralized_planner]: 
[ccr_centralized_planner-15] 
[ccr_centralized_planner-15]  did not replan 
[ccr_centralized_planner-15] 
[ccr_centralized_planner-15] [INFO] [1729090936.792880065] [ccr_centralized_planner]: Sent plan [5, 1] to robotA
[ccr_local_planner-14] [INFO] [1729090936.793303898] [robotA.ccr_local_planner]: new plan: [5, 1]
[ccr_centralized_planner-15] [INFO] [1729090936.895094914] [ccr_centralized_planner]: Received state 5 from robotA
[ccr_centralized_planner-15] [INFO] [1729090936.993024809] [ccr_centralized_planner]: 
[ccr_centralized_planner-15] 
[ccr_centralized_planner-15]  did not replan 
[ccr_centralized_planner-15] 
[ccr_centralized_planner-15] [INFO] [1729090936.993748855] [ccr_centralized_planner]: Sent plan [5, 1] to robotA
[ccr_centralized_planner-15] [INFO] [1729090937.095602948] [ccr_centralized_planner]: Received state 5 from robotA
[ccr_centralized_planner-15] [INFO] [1729090937.193053366] [ccr_centralized_planner]: 
[ccr_centralized_planner-15] 
[ccr_centralized_planner-15]  did not replan 
[ccr_centralized_planner-15] 
[ccr_centralized_planner-15] [INFO] [1729090937.193777632] [ccr_centralized_planner]: Sent plan [5, 1] to robotA
[ccr_local_planner-14] [INFO] [1729090937.295215476] [robotA.ccr_local_planner]: new state 1
[ccr_goal_provider-12] [INFO] [1729090937.295350338] [ccr_goal_provider]: [32mgoal completed:[0m robotA reached goal 1, going to goal 0 within state 9
[ccr_centralized_planner-15] [INFO] [1729090937.295646483] [ccr_centralized_planner]: Received state 1 from robotA
[ccr_centralized_planner-15] [INFO] [1729090937.393311142] [ccr_centralized_planner]: 
[ccr_centralized_planner-15] 
[ccr_centralized_planner-15]  did not replan 
[ccr_centralized_planner-15] 
[ccr_centralized_planner-15] [INFO] [1729090937.394356208] [ccr_centralized_planner]: Sent plan [1] to robotA
[ccr_centralized_planner-15] [INFO] [1729090937.395754707] [ccr_centralized_planner]: Received goal 9 from robotA
[ccr_local_planner-14] [INFO] [1729090937.396614687] [robotA.ccr_local_planner]: new plan: [1]
[ccr_centralized_planner-15] [INFO] [1729090937.497468768] [ccr_centralized_planner]: Received state 1 from robotA
[ccr_centralized_planner-15] [INFO] [1729090937.593709541] [ccr_centralized_planner]: 
[ccr_centralized_planner-15] 
[ccr_centralized_planner-15]  replaned due to new goal
[ccr_centralized_planner-15] 
[ccr_centralized_planner-15] [INFO] [1729090937.615882145] [ccr_centralized_planner]: Sent plan [1, 44, 45, 56, 55, 39, 53, 51, 32, 35, 10, 9] to robotA
[ccr_local_planner-14] [INFO] [1729090937.616193488] [robotA.ccr_local_planner]: new plan: [1, 44, 45], remainder: [56, 55, 39, 53, 51, 32, 35, 10, 9]
[ccr_centralized_planner-15] [INFO] [1729090937.696796963] [ccr_centralized_planner]: Received state 1 from robotA
[ccr_centralized_planner-15] [INFO] [1729090937.793670933] [ccr_centralized_planner]: 
[ccr_centralized_planner-15] 
[ccr_centralized_planner-15]  did not replan 
[ccr_centralized_planner-15] 
[ccr_centralized_planner-15] [INFO] [1729090937.794108552] [ccr_centralized_planner]: Sent plan [1, 44, 45, 56, 55, 39, 53, 51, 32, 35, 10, 9] to robotA
[ccr_centralized_planner-15] [INFO] [1729090937.897086649] [ccr_centralized_planner]: Received state 1 from robotA
[ccr_centralized_planner-15] [INFO] [1729090937.994407424] [ccr_centralized_planner]: 
[ccr_centralized_planner-15] 
[ccr_centralized_planner-15]  did not replan 
[ccr_centralized_planner-15] 
[ccr_centralized_planner-15] [INFO] [1729090937.995380236] [ccr_centralized_planner]: Sent plan [1, 44, 45, 56, 55, 39, 53, 51, 32, 35, 10, 9] to robotA
[ccr_centralized_planner-15] [INFO] [1729090938.095457633] [ccr_centralized_planner]: Received state 1 from robotA
[ccr_centralized_planner-15] [INFO] [1729090938.194804131] [ccr_centralized_planner]: 
[ccr_centralized_planner-15] 
[ccr_centralized_planner-15]  did not replan 
[ccr_centralized_planner-15] 
[ccr_centralized_planner-15] [INFO] [1729090938.195743730] [ccr_centralized_planner]: Sent plan [1, 44, 45, 56, 55, 39, 53, 51, 32, 35, 10, 9] to robotA
[ccr_centralized_planner-15] [INFO] [1729090938.295957341] [ccr_centralized_planner]: Received state 1 from robotA
[ccr_centralized_planner-15] [INFO] [1729090938.395742872] [ccr_centralized_planner]: 
[ccr_centralized_planner-15] 
[ccr_centralized_planner-15]  did not replan 
[ccr_centralized_planner-15] 
[ccr_centralized_planner-15] [INFO] [1729090938.396626877] [ccr_centralized_planner]: Sent plan [1, 44, 45, 56, 55, 39, 53, 51, 32, 35, 10, 9] to robotA
[ccr_centralized_planner-15] [INFO] [1729090938.496652356] [ccr_centralized_planner]: Received state 1 from robotA
[ccr_centralized_planner-15] [INFO] [1729090938.595467108] [ccr_centralized_planner]: 
[ccr_centralized_planner-15] 
[ccr_centralized_planner-15]  did not replan 
[ccr_centralized_planner-15] 
[command_node-3] [INFO] [1729090938.595514607] [command_node]: robotA: running
[ccr_centralized_planner-15] [INFO] [1729090938.596184041] [ccr_centralized_planner]: Sent plan [1, 44, 45, 56, 55, 39, 53, 51, 32, 35, 10, 9] to robotA
[ccr_centralized_planner-15] [INFO] [1729090938.704118539] [ccr_centralized_planner]: Received state 1 from robotA
[ccr_centralized_planner-15] [INFO] [1729090938.796108843] [ccr_centralized_planner]: 
[ccr_centralized_planner-15] 
[ccr_centralized_planner-15]  did not replan 
[ccr_centralized_planner-15] 
[ccr_centralized_planner-15] [INFO] [1729090938.796791291] [ccr_centralized_planner]: Sent plan [1, 44, 45, 56, 55, 39, 53, 51, 32, 35, 10, 9] to robotA
[ccr_centralized_planner-15] [INFO] [1729090938.907817868] [ccr_centralized_planner]: Received state 1 from robotA
[ccr_centralized_planner-15] [INFO] [1729090938.996244160] [ccr_centralized_planner]: 
[ccr_centralized_planner-15] 
[ccr_centralized_planner-15]  did not replan 
[ccr_centralized_planner-15] 
[ccr_centralized_planner-15] [INFO] [1729090938.996920587] [ccr_centralized_planner]: Sent plan [1, 44, 45, 56, 55, 39, 53, 51, 32, 35, 10, 9] to robotA
[ccr_centralized_planner-15] [INFO] [1729090939.110916794] [ccr_centralized_planner]: Received state 1 from robotA
[ccr_centralized_planner-15] [INFO] [1729090939.196878601] [ccr_centralized_planner]: 
[ccr_centralized_planner-15] 
[ccr_centralized_planner-15]  did not replan 
[ccr_centralized_planner-15] 
[ccr_centralized_planner-15] [INFO] [1729090939.197546792] [ccr_centralized_planner]: Sent plan [1, 44, 45, 56, 55, 39, 53, 51, 32, 35, 10, 9] to robotA
[ccr_centralized_planner-15] [INFO] [1729090939.315091423] [ccr_centralized_planner]: Received state 1 from robotA
[ccr_centralized_planner-15] [INFO] [1729090939.397487735] [ccr_centralized_planner]: 
[ccr_centralized_planner-15] 
[ccr_centralized_planner-15]  did not replan 
[ccr_centralized_planner-15] 
[ccr_centralized_planner-15] [INFO] [1729090939.398179541] [ccr_centralized_planner]: Sent plan [1, 44, 45, 56, 55, 39, 53, 51, 32, 35, 10, 9] to robotA
[ccr_centralized_planner-15] [INFO] [1729090939.511957378] [ccr_centralized_planner]: Received state 1 from robotA
[ccr_centralized_planner-15] [INFO] [1729090939.598004627] [ccr_centralized_planner]: 
[ccr_centralized_planner-15] 
[ccr_centralized_planner-15]  did not replan 
[ccr_centralized_planner-15] 
[ccr_centralized_planner-15] [INFO] [1729090939.598703896] [ccr_centralized_planner]: Sent plan [1, 44, 45, 56, 55, 39, 53, 51, 32, 35, 10, 9] to robotA
[ccr_centralized_planner-15] [INFO] [1729090939.700662454] [ccr_centralized_planner]: Received state 1 from robotA
[ccr_centralized_planner-15] [INFO] [1729090939.798520916] [ccr_centralized_planner]: 
[ccr_centralized_planner-15] 
[ccr_centralized_planner-15]  did not replan 
[ccr_centralized_planner-15] 
[ccr_centralized_planner-15] [INFO] [1729090939.799209485] [ccr_centralized_planner]: Sent plan [1, 44, 45, 56, 55, 39, 53, 51, 32, 35, 10, 9] to robotA
[ccr_centralized_planner-15] [INFO] [1729090939.901449261] [ccr_centralized_planner]: Received state 1 from robotA
[ccr_centralized_planner-15] [INFO] [1729090939.999326749] [ccr_centralized_planner]: 
[ccr_centralized_planner-15] 
[ccr_centralized_planner-15]  did not replan 
[ccr_centralized_planner-15] 
[ccr_centralized_planner-15] [INFO] [1729090940.000209221] [ccr_centralized_planner]: Sent plan [1, 44, 45, 56, 55, 39, 53, 51, 32, 35, 10, 9] to robotA
[ccr_centralized_planner-15] [INFO] [1729090940.101649399] [ccr_centralized_planner]: Received state 44 from robotA
[ccr_local_planner-14] [INFO] [1729090940.101755567] [robotA.ccr_local_planner]: new state 44
[ccr_centralized_planner-15] [INFO] [1729090940.199423553] [ccr_centralized_planner]: 
[ccr_centralized_planner-15] 
[ccr_centralized_planner-15]  did not replan 
[ccr_centralized_planner-15] 
[ccr_centralized_planner-15] [INFO] [1729090940.200122232] [ccr_centralized_planner]: Sent plan [44, 45, 56, 55, 39, 53, 51, 32, 35, 10, 9] to robotA
[ccr_local_planner-14] [INFO] [1729090940.200863529] [robotA.ccr_local_planner]: new plan: [44, 45, 56], remainder: [55, 39, 53, 51, 32, 35, 10, 9]
[ccr_centralized_planner-15] [INFO] [1729090940.301962378] [ccr_centralized_planner]: Received state 44 from robotA
[ccr_centralized_planner-15] [INFO] [1729090940.399915277] [ccr_centralized_planner]: 
[ccr_centralized_planner-15] 
[ccr_centralized_planner-15]  did not replan 
[ccr_centralized_planner-15] 
[ccr_centralized_planner-15] [INFO] [1729090940.400642268] [ccr_centralized_planner]: Sent plan [44, 45, 56, 55, 39, 53, 51, 32, 35, 10, 9] to robotA
[ccr_centralized_planner-15] [INFO] [1729090940.501830755] [ccr_centralized_planner]: Received state 44 from robotA
[ccr_centralized_planner-15] [INFO] [1729090940.600211074] [ccr_centralized_planner]: 
[ccr_centralized_planner-15] 
[ccr_centralized_planner-15]  did not replan 
[ccr_centralized_planner-15] 
[command_node-3] [INFO] [1729090940.600553586] [command_node]: robotA: running
[ccr_centralized_planner-15] [INFO] [1729090940.600896798] [ccr_centralized_planner]: Sent plan [44, 45, 56, 55, 39, 53, 51, 32, 35, 10, 9] to robotA
[ccr_centralized_planner-15] [INFO] [1729090940.702391258] [ccr_centralized_planner]: Received state 44 from robotA
[ccr_centralized_planner-15] [INFO] [1729090940.900757212] [ccr_centralized_planner]: 
[ccr_centralized_planner-15] 
[ccr_centralized_planner-15]  did not replan 
[ccr_centralized_planner-15] 
[ccr_centralized_planner-15] [INFO] [1729090940.901470718] [ccr_centralized_planner]: Sent plan [44, 45, 56, 55, 39, 53, 51, 32, 35, 10, 9] to robotA
[ccr_centralized_planner-15] [INFO] [1729090940.902279242] [ccr_centralized_planner]: Received state 44 from robotA
[ccr_centralized_planner-15] [INFO] [1729090941.101348813] [ccr_centralized_planner]: 
[ccr_centralized_planner-15] 
[ccr_centralized_planner-15]  did not replan 
[ccr_centralized_planner-15] 
[ccr_centralized_planner-15] [INFO] [1729090941.102230734] [ccr_centralized_planner]: Sent plan [44, 45, 56, 55, 39, 53, 51, 32, 35, 10, 9] to robotA
[ccr_centralized_planner-15] [INFO] [1729090941.103762943] [ccr_centralized_planner]: Received state 44 from robotA
[ccr_centralized_planner-15] [INFO] [1729090941.302111374] [ccr_centralized_planner]: 
[ccr_centralized_planner-15] 
[ccr_centralized_planner-15]  did not replan 
[ccr_centralized_planner-15] 
[ccr_centralized_planner-15] [INFO] [1729090941.302812717] [ccr_centralized_planner]: Sent plan [44, 45, 56, 55, 39, 53, 51, 32, 35, 10, 9] to robotA
[ccr_centralized_planner-15] [INFO] [1729090941.304201557] [ccr_centralized_planner]: Received state 44 from robotA
[ccr_centralized_planner-15] [INFO] [1729090941.502404967] [ccr_centralized_planner]: 
[ccr_centralized_planner-15] 
[ccr_centralized_planner-15]  did not replan 
[ccr_centralized_planner-15] 
[ccr_centralized_planner-15] [INFO] [1729090941.503148128] [ccr_centralized_planner]: Sent plan [44, 45, 56, 55, 39, 53, 51, 32, 35, 10, 9] to robotA
[ccr_centralized_planner-15] [INFO] [1729090941.504037704] [ccr_centralized_planner]: Received state 44 from robotA
[ccr_centralized_planner-15] [INFO] [1729090941.702793177] [ccr_centralized_planner]: 
[ccr_centralized_planner-15] 
[ccr_centralized_planner-15]  did not replan 
[ccr_centralized_planner-15] 
[ccr_centralized_planner-15] [INFO] [1729090941.703528063] [ccr_centralized_planner]: Sent plan [44, 45, 56, 55, 39, 53, 51, 32, 35, 10, 9] to robotA
[ccr_centralized_planner-15] [INFO] [1729090941.706704621] [ccr_centralized_planner]: Received state 44 from robotA
[ccr_centralized_planner-15] [INFO] [1729090941.903555167] [ccr_centralized_planner]: 
[ccr_centralized_planner-15] 
[ccr_centralized_planner-15]  did not replan 
[ccr_centralized_planner-15] 
[ccr_centralized_planner-15] [INFO] [1729090941.904479528] [ccr_centralized_planner]: Sent plan [44, 45, 56, 55, 39, 53, 51, 32, 35, 10, 9] to robotA
[ccr_centralized_planner-15] [INFO] [1729090941.907303826] [ccr_centralized_planner]: Received state 44 from robotA
[ccr_centralized_planner-15] [INFO] [1729090942.103615333] [ccr_centralized_planner]: 
[ccr_centralized_planner-15] 
[ccr_centralized_planner-15]  did not replan 
[ccr_centralized_planner-15] 
[ccr_centralized_planner-15] [INFO] [1729090942.104467318] [ccr_centralized_planner]: Sent plan [44, 45, 56, 55, 39, 53, 51, 32, 35, 10, 9] to robotA
[ccr_centralized_planner-15] [INFO] [1729090942.112563988] [ccr_centralized_planner]: Received state 44 from robotA
[ccr_centralized_planner-15] [INFO] [1729090942.304158353] [ccr_centralized_planner]: 
[ccr_centralized_planner-15] 
[ccr_centralized_planner-15]  did not replan 
[ccr_centralized_planner-15] 
[ccr_centralized_planner-15] [INFO] [1729090942.304880294] [ccr_centralized_planner]: Sent plan [44, 45, 56, 55, 39, 53, 51, 32, 35, 10, 9] to robotA
[ccr_centralized_planner-15] [INFO] [1729090942.313228476] [ccr_centralized_planner]: Received state 44 from robotA
[ccr_centralized_planner-15] [INFO] [1729090942.504847958] [ccr_centralized_planner]: 
[ccr_centralized_planner-15] 
[ccr_centralized_planner-15]  did not replan 
[ccr_centralized_planner-15] 
[ccr_centralized_planner-15] [INFO] [1729090942.505578726] [ccr_centralized_planner]: Sent plan [44, 45, 56, 55, 39, 53, 51, 32, 35, 10, 9] to robotA
[ccr_centralized_planner-15] [INFO] [1729090942.516464257] [ccr_centralized_planner]: Received state 44 from robotA
[ccr_centralized_planner-15] [INFO] [1729090942.704860424] [ccr_centralized_planner]: 
[ccr_centralized_planner-15] 
[ccr_centralized_planner-15]  did not replan 
[ccr_centralized_planner-15] 
[command_node-3] [INFO] [1729090942.705114049] [command_node]: robotA: running
[ccr_centralized_planner-15] [INFO] [1729090942.705635165] [ccr_centralized_planner]: Sent plan [44, 45, 56, 55, 39, 53, 51, 32, 35, 10, 9] to robotA
[ccr_centralized_planner-15] [INFO] [1729090942.708135226] [ccr_centralized_planner]: Received state 44 from robotA
[ccr_centralized_planner-15] [INFO] [1729090942.906047670] [ccr_centralized_planner]: 
[ccr_centralized_planner-15] 
[ccr_centralized_planner-15]  did not replan 
[ccr_centralized_planner-15] 
[ccr_centralized_planner-15] [INFO] [1729090942.907240253] [ccr_centralized_planner]: Sent plan [44, 45, 56, 55, 39, 53, 51, 32, 35, 10, 9] to robotA
[ccr_local_planner-14] [INFO] [1729090942.908739771] [robotA.ccr_local_planner]: new state 45
[ccr_centralized_planner-15] [INFO] [1729090942.909092491] [ccr_centralized_planner]: Received state 45 from robotA
[ccr_centralized_planner-15] [INFO] [1729090943.106228272] [ccr_centralized_planner]: 
[ccr_centralized_planner-15] 
[ccr_centralized_planner-15]  did not replan 
[ccr_centralized_planner-15] 
[ccr_centralized_planner-15] [INFO] [1729090943.107149877] [ccr_centralized_planner]: Sent plan [45, 56, 55, 39, 53, 51, 32, 35, 10, 9] to robotA
[ccr_centralized_planner-15] [INFO] [1729090943.108604952] [ccr_centralized_planner]: Received state 45 from robotA
[ccr_local_planner-14] [INFO] [1729090943.139148569] [robotA.ccr_local_planner]: new plan: [45, 56, 55], remainder: [39, 53, 51, 32, 35, 10, 9]
[ccr_centralized_planner-15] [INFO] [1729090943.306379358] [ccr_centralized_planner]: 
[ccr_centralized_planner-15] 
[ccr_centralized_planner-15]  did not replan 
[ccr_centralized_planner-15] 
[ccr_centralized_planner-15] [INFO] [1729090943.307266219] [ccr_centralized_planner]: Sent plan [45, 56, 55, 39, 53, 51, 32, 35, 10, 9] to robotA
[ccr_centralized_planner-15] [INFO] [1729090943.309248350] [ccr_centralized_planner]: Received state 45 from robotA
[ccr_centralized_planner-15] [INFO] [1729090943.506733564] [ccr_centralized_planner]: 
[ccr_centralized_planner-15] 
[ccr_centralized_planner-15]  did not replan 
[ccr_centralized_planner-15] 
[ccr_centralized_planner-15] [INFO] [1729090943.507649048] [ccr_centralized_planner]: Sent plan [45, 56, 55, 39, 53, 51, 32, 35, 10, 9] to robotA
[ccr_centralized_planner-15] [INFO] [1729090943.509449850] [ccr_centralized_planner]: Received state 45 from robotA
[ccr_centralized_planner-15] [INFO] [1729090943.707415395] [ccr_centralized_planner]: 
[ccr_centralized_planner-15] 
[ccr_centralized_planner-15]  did not replan 
[ccr_centralized_planner-15] 
[ccr_centralized_planner-15] [INFO] [1729090943.708169957] [ccr_centralized_planner]: Sent plan [45, 56, 55, 39, 53, 51, 32, 35, 10, 9] to robotA
[ccr_centralized_planner-15] [INFO] [1729090943.815314355] [ccr_centralized_planner]: Received state 45 from robotA
[ccr_centralized_planner-15] [INFO] [1729090943.907720329] [ccr_centralized_planner]: 
[ccr_centralized_planner-15] 
[ccr_centralized_planner-15]  did not replan 
[ccr_centralized_planner-15] 
[ccr_centralized_planner-15] [INFO] [1729090943.908453472] [ccr_centralized_planner]: Sent plan [45, 56, 55, 39, 53, 51, 32, 35, 10, 9] to robotA
[ccr_centralized_planner-15] [INFO] [1729090944.017304465] [ccr_centralized_planner]: Received state 45 from robotA
[ccr_centralized_planner-15] [INFO] [1729090944.108057603] [ccr_centralized_planner]: 
[ccr_centralized_planner-15] 
[ccr_centralized_planner-15]  did not replan 
[ccr_centralized_planner-15] 
[ccr_centralized_planner-15] [INFO] [1729090944.109050583] [ccr_centralized_planner]: Sent plan [45, 56, 55, 39, 53, 51, 32, 35, 10, 9] to robotA
[ccr_centralized_planner-15] [INFO] [1729090944.210682941] [ccr_centralized_planner]: Received state 45 from robotA
[ccr_centralized_planner-15] [INFO] [1729090944.308438360] [ccr_centralized_planner]: 
[ccr_centralized_planner-15] 
[ccr_centralized_planner-15]  did not replan 
[ccr_centralized_planner-15] 
[ccr_centralized_planner-15] [INFO] [1729090944.309193123] [ccr_centralized_planner]: Sent plan [45, 56, 55, 39, 53, 51, 32, 35, 10, 9] to robotA
[ccr_local_planner-14] [INFO] [1729090944.410881866] [robotA.ccr_local_planner]: new state 56
[ccr_centralized_planner-15] [INFO] [1729090944.410914187] [ccr_centralized_planner]: Received state 56 from robotA
[ccr_centralized_planner-15] [INFO] [1729090944.509173109] [ccr_centralized_planner]: 
[ccr_centralized_planner-15] 
[ccr_centralized_planner-15]  did not replan 
[ccr_centralized_planner-15] 
[ccr_local_planner-14] [INFO] [1729090944.509914297] [robotA.ccr_local_planner]: new plan: [56, 55, 39], remainder: [53, 51, 32, 35, 10, 9]
[ccr_centralized_planner-15] [INFO] [1729090944.510206053] [ccr_centralized_planner]: Sent plan [56, 55, 39, 53, 51, 32, 35, 10, 9] to robotA
[ccr_centralized_planner-15] [INFO] [1729090944.612397608] [ccr_centralized_planner]: Received state 56 from robotA
[ccr_centralized_planner-15] [INFO] [1729090944.709448798] [ccr_centralized_planner]: 
[ccr_centralized_planner-15] 
[ccr_centralized_planner-15]  did not replan 
[ccr_centralized_planner-15] 
[command_node-3] [INFO] [1729090944.709499183] [command_node]: robotA: running
[ccr_centralized_planner-15] [INFO] [1729090944.710474278] [ccr_centralized_planner]: Sent plan [56, 55, 39, 53, 51, 32, 35, 10, 9] to robotA
[ccr_centralized_planner-15] [INFO] [1729090944.812964834] [ccr_centralized_planner]: Received state 56 from robotA
[ccr_centralized_planner-15] [INFO] [1729090944.910287973] [ccr_centralized_planner]: 
[ccr_centralized_planner-15] 
[ccr_centralized_planner-15]  did not replan 
[ccr_centralized_planner-15] 
[ccr_centralized_planner-15] [INFO] [1729090944.911157932] [ccr_centralized_planner]: Sent plan [56, 55, 39, 53, 51, 32, 35, 10, 9] to robotA
[ccr_centralized_planner-15] [INFO] [1729090945.012898542] [ccr_centralized_planner]: Received state 56 from robotA
[ccr_centralized_planner-15] [INFO] [1729090945.110632882] [ccr_centralized_planner]: 
[ccr_centralized_planner-15] 
[ccr_centralized_planner-15]  did not replan 
[ccr_centralized_planner-15] 
[ccr_centralized_planner-15] [INFO] [1729090945.111676216] [ccr_centralized_planner]: Sent plan [56, 55, 39, 53, 51, 32, 35, 10, 9] to robotA
[ccr_centralized_planner-15] [INFO] [1729090945.212540906] [ccr_centralized_planner]: Received state 56 from robotA
[ccr_centralized_planner-15] [INFO] [1729090945.310780261] [ccr_centralized_planner]: 
[ccr_centralized_planner-15] 
[ccr_centralized_planner-15]  did not replan 
[ccr_centralized_planner-15] 
[ccr_centralized_planner-15] [INFO] [1729090945.311541577] [ccr_centralized_planner]: Sent plan [56, 55, 39, 53, 51, 32, 35, 10, 9] to robotA
[ccr_centralized_planner-15] [INFO] [1729090945.413599352] [ccr_centralized_planner]: Received state 56 from robotA
[ccr_centralized_planner-15] [INFO] [1729090945.511374267] [ccr_centralized_planner]: 
[ccr_centralized_planner-15] 
[ccr_centralized_planner-15]  did not replan 
[ccr_centralized_planner-15] 
[ccr_centralized_planner-15] [INFO] [1729090945.512335106] [ccr_centralized_planner]: Sent plan [56, 55, 39, 53, 51, 32, 35, 10, 9] to robotA
[ccr_centralized_planner-15] [INFO] [1729090945.614642067] [ccr_centralized_planner]: Received state 56 from robotA
[ccr_centralized_planner-15] [INFO] [1729090945.711491971] [ccr_centralized_planner]: 
[ccr_centralized_planner-15] 
[ccr_centralized_planner-15]  did not replan 
[ccr_centralized_planner-15] 
[ccr_centralized_planner-15] [INFO] [1729090945.712227067] [ccr_centralized_planner]: Sent plan [56, 55, 39, 53, 51, 32, 35, 10, 9] to robotA
[ccr_centralized_planner-15] [INFO] [1729090945.813924156] [ccr_centralized_planner]: Received state 56 from robotA
[ccr_centralized_planner-15] [INFO] [1729090945.912174081] [ccr_centralized_planner]: 
[ccr_centralized_planner-15] 
[ccr_centralized_planner-15]  did not replan 
[ccr_centralized_planner-15] 
[ccr_centralized_planner-15] [INFO] [1729090945.913082071] [ccr_centralized_planner]: Sent plan [56, 55, 39, 53, 51, 32, 35, 10, 9] to robotA
[ccr_local_planner-14] [INFO] [1729090946.013100838] [robotA.ccr_local_planner]: new state 55
[ccr_centralized_planner-15] [INFO] [1729090946.013521976] [ccr_centralized_planner]: Received state 55 from robotA
[ccr_centralized_planner-15] [INFO] [1729090946.112223627] [ccr_centralized_planner]: 
[ccr_centralized_planner-15] 
[ccr_centralized_planner-15]  did not replan 
[ccr_centralized_planner-15] 
[ccr_centralized_planner-15] [INFO] [1729090946.113127440] [ccr_centralized_planner]: Sent plan [55, 39, 53, 51, 32, 35, 10, 9] to robotA
[ccr_local_planner-14] [INFO] [1729090946.113266670] [robotA.ccr_local_planner]: new plan: [55, 39, 53], remainder: [51, 32, 35, 10, 9]
[ccr_centralized_planner-15] [INFO] [1729090946.216376274] [ccr_centralized_planner]: Received state 55 from robotA
[ccr_centralized_planner-15] [INFO] [1729090946.312819095] [ccr_centralized_planner]: 
[ccr_centralized_planner-15] 
[ccr_centralized_planner-15]  did not replan 
[ccr_centralized_planner-15] 
[ccr_centralized_planner-15] [INFO] [1729090946.313667834] [ccr_centralized_planner]: Sent plan [55, 39, 53, 51, 32, 35, 10, 9] to robotA
[ccr_centralized_planner-15] [INFO] [1729090946.419551082] [ccr_centralized_planner]: Received state 55 from robotA
[ccr_centralized_planner-15] [INFO] [1729090946.512994317] [ccr_centralized_planner]: 
[ccr_centralized_planner-15] 
[ccr_centralized_planner-15]  did not replan 
[ccr_centralized_planner-15] 
[ccr_centralized_planner-15] [INFO] [1729090946.513835922] [ccr_centralized_planner]: Sent plan [55, 39, 53, 51, 32, 35, 10, 9] to robotA
[ccr_centralized_planner-15] [INFO] [1729090946.614801983] [ccr_centralized_planner]: Received state 55 from robotA
[command_node-3] [INFO] [1729090946.713366137] [command_node]: robotA: running
[ccr_centralized_planner-15] [INFO] [1729090946.713431198] [ccr_centralized_planner]: 
[ccr_centralized_planner-15] 
[ccr_centralized_planner-15]  did not replan 
[ccr_centralized_planner-15] 
[ccr_centralized_planner-15] [INFO] [1729090946.714273105] [ccr_centralized_planner]: Sent plan [55, 39, 53, 51, 32, 35, 10, 9] to robotA
[ccr_centralized_planner-15] [INFO] [1729090946.817365075] [ccr_centralized_planner]: Received state 55 from robotA
[ccr_centralized_planner-15] [INFO] [1729090946.914234225] [ccr_centralized_planner]: 
[ccr_centralized_planner-15] 
[ccr_centralized_planner-15]  did not replan 
[ccr_centralized_planner-15] 
[ccr_centralized_planner-15] [INFO] [1729090946.915215422] [ccr_centralized_planner]: Sent plan [55, 39, 53, 51, 32, 35, 10, 9] to robotA
[ccr_centralized_planner-15] [INFO] [1729090947.016888807] [ccr_centralized_planner]: Received state 55 from robotA
[ccr_centralized_planner-15] [INFO] [1729090947.215417655] [ccr_centralized_planner]: 
[ccr_centralized_planner-15] 
[ccr_centralized_planner-15]  did not replan 
[ccr_centralized_planner-15] 
[ccr_centralized_planner-15] [INFO] [1729090947.216515972] [ccr_centralized_planner]: Sent plan [55, 39, 53, 51, 32, 35, 10, 9] to robotA
[ccr_centralized_planner-15] [INFO] [1729090947.217831976] [ccr_centralized_planner]: Received state 55 from robotA
[ccr_centralized_planner-15] [INFO] [1729090947.415264212] [ccr_centralized_planner]: 
[ccr_centralized_planner-15] 
[ccr_centralized_planner-15]  did not replan 
[ccr_centralized_planner-15] 
[ccr_centralized_planner-15] [INFO] [1729090947.416027791] [ccr_centralized_planner]: Sent plan [55, 39, 53, 51, 32, 35, 10, 9] to robotA
[ccr_centralized_planner-15] [INFO] [1729090947.417153138] [ccr_centralized_planner]: Received state 55 from robotA
[ccr_centralized_planner-15] [INFO] [1729090947.616330211] [ccr_centralized_planner]: 
[ccr_centralized_planner-15] 
[ccr_centralized_planner-15]  did not replan 
[ccr_centralized_planner-15] 
[ccr_centralized_planner-15] [INFO] [1729090947.617134848] [ccr_centralized_planner]: Sent plan [55, 39, 53, 51, 32, 35, 10, 9] to robotA
[ccr_centralized_planner-15] [INFO] [1729090947.618371914] [ccr_centralized_planner]: Received state 55 from robotA
[ccr_centralized_planner-15] [INFO] [1729090947.816386059] [ccr_centralized_planner]: 
[ccr_centralized_planner-15] 
[ccr_centralized_planner-15]  did not replan 
[ccr_centralized_planner-15] 
[ccr_centralized_planner-15] [INFO] [1729090947.817004727] [ccr_centralized_planner]: Sent plan [55, 39, 53, 51, 32, 35, 10, 9] to robotA
[ccr_centralized_planner-15] [INFO] [1729090947.819028666] [ccr_centralized_planner]: Received state 55 from robotA
[ccr_centralized_planner-15] [INFO] [1729090948.016811539] [ccr_centralized_planner]: 
[ccr_centralized_planner-15] 
[ccr_centralized_planner-15]  did not replan 
[ccr_centralized_planner-15] 
[ccr_centralized_planner-15] [INFO] [1729090948.017425498] [ccr_centralized_planner]: Sent plan [55, 39, 53, 51, 32, 35, 10, 9] to robotA
[ccr_centralized_planner-15] [INFO] [1729090948.018656844] [ccr_centralized_planner]: Received state 55 from robotA
[ccr_centralized_planner-15] [INFO] [1729090948.217471719] [ccr_centralized_planner]: 
[ccr_centralized_planner-15] 
[ccr_centralized_planner-15]  did not replan 
[ccr_centralized_planner-15] 
[ccr_centralized_planner-15] [INFO] [1729090948.218378576] [ccr_centralized_planner]: Sent plan [55, 39, 53, 51, 32, 35, 10, 9] to robotA
[ccr_centralized_planner-15] [INFO] [1729090948.220498486] [ccr_centralized_planner]: Received state 55 from robotA
[ccr_centralized_planner-15] [INFO] [1729090948.417645907] [ccr_centralized_planner]: 
[ccr_centralized_planner-15] 
[ccr_centralized_planner-15]  did not replan 
[ccr_centralized_planner-15] 
[ccr_centralized_planner-15] [INFO] [1729090948.418418274] [ccr_centralized_planner]: Sent plan [55, 39, 53, 51, 32, 35, 10, 9] to robotA
[ccr_centralized_planner-15] [INFO] [1729090948.423118213] [ccr_centralized_planner]: Received state 39 from robotA
[ccr_local_planner-14] [INFO] [1729090948.423156114] [robotA.ccr_local_planner]: new state 39
[ccr_centralized_planner-15] [INFO] [1729090948.618597863] [ccr_centralized_planner]: 
[ccr_centralized_planner-15] 
[ccr_centralized_planner-15]  did not replan 
[ccr_centralized_planner-15] 
[ccr_centralized_planner-15] [INFO] [1729090948.619301681] [ccr_centralized_planner]: Sent plan [39, 53, 51, 32, 35, 10, 9] to robotA
[ccr_centralized_planner-15] [INFO] [1729090948.620708094] [ccr_centralized_planner]: Received state 39 from robotA
[ccr_local_planner-14] [INFO] [1729090948.650939116] [robotA.ccr_local_planner]: new plan: [39, 53, 51], remainder: [32, 35, 10, 9]
[ccr_centralized_planner-15] [INFO] [1729090948.818591024] [ccr_centralized_planner]: 
[ccr_centralized_planner-15] 
[ccr_centralized_planner-15]  did not replan 
[ccr_centralized_planner-15] 
[command_node-3] [INFO] [1729090948.818613316] [command_node]: robotA: running
[ccr_centralized_planner-15] [INFO] [1729090948.819320220] [ccr_centralized_planner]: Sent plan [39, 53, 51, 32, 35, 10, 9] to robotA
[ccr_centralized_planner-15] [INFO] [1729090948.820184498] [ccr_centralized_planner]: Received state 39 from robotA
[ccr_centralized_planner-15] [INFO] [1729090949.018701504] [ccr_centralized_planner]: 
[ccr_centralized_planner-15] 
[ccr_centralized_planner-15]  did not replan 
[ccr_centralized_planner-15] 
[ccr_centralized_planner-15] [INFO] [1729090949.019400152] [ccr_centralized_planner]: Sent plan [39, 53, 51, 32, 35, 10, 9] to robotA
[ccr_centralized_planner-15] [INFO] [1729090949.021529318] [ccr_centralized_planner]: Received state 39 from robotA
[ccr_centralized_planner-15] [INFO] [1729090949.218320083] [ccr_centralized_planner]: 
[ccr_centralized_planner-15] 
[ccr_centralized_planner-15]  did not replan 
[ccr_centralized_planner-15] 
[ccr_centralized_planner-15] [INFO] [1729090949.218714362] [ccr_centralized_planner]: Sent plan [39, 53, 51, 32, 35, 10, 9] to robotA
[ccr_centralized_planner-15] [INFO] [1729090949.324780992] [ccr_centralized_planner]: Received state 39 from robotA
[ccr_centralized_planner-15] [INFO] [1729090949.419324367] [ccr_centralized_planner]: 
[ccr_centralized_planner-15] 
[ccr_centralized_planner-15]  did not replan 
[ccr_centralized_planner-15] 
[ccr_centralized_planner-15] [INFO] [1729090949.420353434] [ccr_centralized_planner]: Sent plan [39, 53, 51, 32, 35, 10, 9] to robotA
[ccr_local_planner-14] [INFO] [1729090949.526666816] [robotA.ccr_local_planner]: new state 53
[ccr_centralized_planner-15] [INFO] [1729090949.527026339] [ccr_centralized_planner]: Received state 53 from robotA
[ccr_centralized_planner-15] [INFO] [1729090949.619834946] [ccr_centralized_planner]: 
[ccr_centralized_planner-15] 
[ccr_centralized_planner-15]  did not replan 
[ccr_centralized_planner-15] 
[ccr_centralized_planner-15] [INFO] [1729090949.620880634] [ccr_centralized_planner]: Sent plan [53, 51, 32, 35, 10, 9] to robotA
[ccr_local_planner-14] [INFO] [1729090949.620975902] [robotA.ccr_local_planner]: new plan: [53, 51, 32], remainder: [35, 10, 9]
[ccr_centralized_planner-15] [INFO] [1729090949.722522360] [ccr_centralized_planner]: Received state 53 from robotA
[ccr_centralized_planner-15] [INFO] [1729090949.820333593] [ccr_centralized_planner]: 
[ccr_centralized_planner-15] 
[ccr_centralized_planner-15]  did not replan 
[ccr_centralized_planner-15] 
[ccr_centralized_planner-15] [INFO] [1729090949.820969033] [ccr_centralized_planner]: Sent plan [53, 51, 32, 35, 10, 9] to robotA
[ccr_centralized_planner-15] [INFO] [1729090949.923793042] [ccr_centralized_planner]: Received state 53 from robotA
[ccr_centralized_planner-15] [INFO] [1729090950.020733656] [ccr_centralized_planner]: 
[ccr_centralized_planner-15] 
[ccr_centralized_planner-15]  did not replan 
[ccr_centralized_planner-15] 
[ccr_centralized_planner-15] [INFO] [1729090950.021501924] [ccr_centralized_planner]: Sent plan [53, 51, 32, 35, 10, 9] to robotA
[ccr_centralized_planner-15] [INFO] [1729090950.124220686] [ccr_centralized_planner]: Received state 53 from robotA
[ccr_centralized_planner-15] [INFO] [1729090950.221498751] [ccr_centralized_planner]: 
[ccr_centralized_planner-15] 
[ccr_centralized_planner-15]  did not replan 
[ccr_centralized_planner-15] 
[ccr_centralized_planner-15] [INFO] [1729090950.222457647] [ccr_centralized_planner]: Sent plan [53, 51, 32, 35, 10, 9] to robotA
[ccr_centralized_planner-15] [INFO] [1729090950.322979847] [ccr_centralized_planner]: Received state 53 from robotA
[ccr_centralized_planner-15] [INFO] [1729090950.421544320] [ccr_centralized_planner]: 
[ccr_centralized_planner-15] 
[ccr_centralized_planner-15]  did not replan 
[ccr_centralized_planner-15] 
[ccr_centralized_planner-15] [INFO] [1729090950.422374585] [ccr_centralized_planner]: Sent plan [53, 51, 32, 35, 10, 9] to robotA
[ccr_centralized_planner-15] [INFO] [1729090950.525121229] [ccr_centralized_planner]: Received state 53 from robotA
[ccr_centralized_planner-15] [INFO] [1729090950.622159836] [ccr_centralized_planner]: 
[ccr_centralized_planner-15] 
[ccr_centralized_planner-15]  did not replan 
[ccr_centralized_planner-15] 
[ccr_centralized_planner-15] [INFO] [1729090950.622867822] [ccr_centralized_planner]: Sent plan [53, 51, 32, 35, 10, 9] to robotA
[ccr_centralized_planner-15] [INFO] [1729090950.724420681] [ccr_centralized_planner]: Received state 53 from robotA
[command_node-3] [INFO] [1729090950.822206336] [command_node]: robotA: running
[ccr_centralized_planner-15] [INFO] [1729090950.822392254] [ccr_centralized_planner]: 
[ccr_centralized_planner-15] 
[ccr_centralized_planner-15]  did not replan 
[ccr_centralized_planner-15] 
[ccr_centralized_planner-15] [INFO] [1729090950.823191180] [ccr_centralized_planner]: Sent plan [53, 51, 32, 35, 10, 9] to robotA
[ccr_centralized_planner-15] [INFO] [1729090950.923714191] [ccr_centralized_planner]: Received state 53 from robotA
[ccr_centralized_planner-15] [INFO] [1729090951.023131893] [ccr_centralized_planner]: 
[ccr_centralized_planner-15] 
[ccr_centralized_planner-15]  did not replan 
[ccr_centralized_planner-15] 
[ccr_centralized_planner-15] [INFO] [1729090951.024049561] [ccr_centralized_planner]: Sent plan [53, 51, 32, 35, 10, 9] to robotA
[ccr_centralized_planner-15] [INFO] [1729090951.127712951] [ccr_centralized_planner]: Received state 53 from robotA
[ccr_centralized_planner-15] [INFO] [1729090951.223762526] [ccr_centralized_planner]: 
[ccr_centralized_planner-15] 
[ccr_centralized_planner-15]  did not replan 
[ccr_centralized_planner-15] 
[ccr_centralized_planner-15] [INFO] [1729090951.224742932] [ccr_centralized_planner]: Sent plan [53, 51, 32, 35, 10, 9] to robotA
[ccr_centralized_planner-15] [INFO] [1729090951.333042704] [ccr_centralized_planner]: Received state 53 from robotA
[ccr_centralized_planner-15] [INFO] [1729090951.423594355] [ccr_centralized_planner]: 
[ccr_centralized_planner-15] 
[ccr_centralized_planner-15]  did not replan 
[ccr_centralized_planner-15] 
[ccr_centralized_planner-15] [INFO] [1729090951.424285689] [ccr_centralized_planner]: Sent plan [53, 51, 32, 35, 10, 9] to robotA
[ccr_centralized_planner-15] [INFO] [1729090951.526739315] [ccr_centralized_planner]: Received state 53 from robotA
[ccr_centralized_planner-15] [INFO] [1729090951.624476170] [ccr_centralized_planner]: 
[ccr_centralized_planner-15] 
[ccr_centralized_planner-15]  did not replan 
[ccr_centralized_planner-15] 
[ccr_centralized_planner-15] [INFO] [1729090951.625166322] [ccr_centralized_planner]: Sent plan [53, 51, 32, 35, 10, 9] to robotA
[ccr_centralized_planner-15] [INFO] [1729090951.727085998] [ccr_centralized_planner]: Received state 53 from robotA
[ccr_centralized_planner-15] [INFO] [1729090951.825095232] [ccr_centralized_planner]: 
[ccr_centralized_planner-15] 
[ccr_centralized_planner-15]  did not replan 
[ccr_centralized_planner-15] 
[ccr_centralized_planner-15] [INFO] [1729090951.826065248] [ccr_centralized_planner]: Sent plan [53, 51, 32, 35, 10, 9] to robotA
[ccr_centralized_planner-15] [INFO] [1729090951.927284473] [ccr_centralized_planner]: Received state 53 from robotA
[ccr_centralized_planner-15] [INFO] [1729090952.024934735] [ccr_centralized_planner]: 
[ccr_centralized_planner-15] 
[ccr_centralized_planner-15]  did not replan 
[ccr_centralized_planner-15] 
[ccr_centralized_planner-15] [INFO] [1729090952.025676924] [ccr_centralized_planner]: Sent plan [53, 51, 32, 35, 10, 9] to robotA
[ccr_centralized_planner-15] [INFO] [1729090952.127407716] [ccr_centralized_planner]: Received state 53 from robotA
[ccr_centralized_planner-15] [INFO] [1729090952.325226847] [ccr_centralized_planner]: 
[ccr_centralized_planner-15] 
[ccr_centralized_planner-15]  did not replan 
[ccr_centralized_planner-15] 
[ccr_centralized_planner-15] [INFO] [1729090952.325861315] [ccr_centralized_planner]: Sent plan [53, 51, 32, 35, 10, 9] to robotA
[ccr_centralized_planner-15] [INFO] [1729090952.328092492] [ccr_centralized_planner]: Received state 51 from robotA
[ccr_local_planner-14] [INFO] [1729090952.328184394] [robotA.ccr_local_planner]: new state 51
[ccr_centralized_planner-15] [INFO] [1729090952.525342807] [ccr_centralized_planner]: 
[ccr_centralized_planner-15] 
[ccr_centralized_planner-15]  did not replan 
[ccr_centralized_planner-15] 
[ccr_centralized_planner-15] [INFO] [1729090952.526016369] [ccr_centralized_planner]: Sent plan [51, 32, 35, 10, 9] to robotA
[ccr_centralized_planner-15] [INFO] [1729090952.529219145] [ccr_centralized_planner]: Received state 51 from robotA
[ccr_local_planner-14] [INFO] [1729090952.555359508] [robotA.ccr_local_planner]: new plan: [51, 32, 35], remainder: [10, 9]
[ccr_centralized_planner-15] [INFO] [1729090952.726234740] [ccr_centralized_planner]: 
[ccr_centralized_planner-15] 
[ccr_centralized_planner-15]  did not replan 
[ccr_centralized_planner-15] 
[ccr_centralized_planner-15] [INFO] [1729090952.727265420] [ccr_centralized_planner]: Sent plan [51, 32, 35, 10, 9] to robotA
[ccr_centralized_planner-15] [INFO] [1729090952.729330296] [ccr_centralized_planner]: Received state 51 from robotA
[command_node-3] [INFO] [1729090952.926449837] [command_node]: robotA: running
[ccr_centralized_planner-15] [INFO] [1729090952.926580782] [ccr_centralized_planner]: 
[ccr_centralized_planner-15] 
[ccr_centralized_planner-15]  did not replan 
[ccr_centralized_planner-15] 
[ccr_centralized_planner-15] [INFO] [1729090952.927574122] [ccr_centralized_planner]: Sent plan [51, 32, 35, 10, 9] to robotA
[ccr_centralized_planner-15] [INFO] [1729090952.928851333] [ccr_centralized_planner]: Received state 51 from robotA
[ccr_centralized_planner-15] [INFO] [1729090953.126782854] [ccr_centralized_planner]: 
[ccr_centralized_planner-15] 
[ccr_centralized_planner-15]  did not replan 
[ccr_centralized_planner-15] 
[ccr_centralized_planner-15] [INFO] [1729090953.127596637] [ccr_centralized_planner]: Sent plan [51, 32, 35, 10, 9] to robotA
[ccr_centralized_planner-15] [INFO] [1729090953.128889568] [ccr_centralized_planner]: Received state 51 from robotA
[ccr_centralized_planner-15] [INFO] [1729090953.327814638] [ccr_centralized_planner]: 
[ccr_centralized_planner-15] 
[ccr_centralized_planner-15]  did not replan 
[ccr_centralized_planner-15] 
[ccr_centralized_planner-15] [INFO] [1729090953.328737767] [ccr_centralized_planner]: Sent plan [51, 32, 35, 10, 9] to robotA
[ccr_local_planner-14] [INFO] [1729090953.330472665] [robotA.ccr_local_planner]: new state 32
[ccr_centralized_planner-15] [INFO] [1729090953.330744073] [ccr_centralized_planner]: Received state 32 from robotA
[ccr_centralized_planner-15] [INFO] [1729090953.527651106] [ccr_centralized_planner]: 
[ccr_centralized_planner-15] 
[ccr_centralized_planner-15]  did not replan 
[ccr_centralized_planner-15] 
[ccr_centralized_planner-15] [INFO] [1729090953.528543006] [ccr_centralized_planner]: Sent plan [32, 35, 10, 9] to robotA
[ccr_local_planner-14] [INFO] [1729090953.534092907] [robotA.ccr_local_planner]: new plan: [32, 35, 10], remainder: [9]
[ccr_centralized_planner-15] [INFO] [1729090953.545821186] [ccr_centralized_planner]: Received state 32 from robotA
[ccr_centralized_planner-15] [INFO] [1729090953.727991657] [ccr_centralized_planner]: 
[ccr_centralized_planner-15] 
[ccr_centralized_planner-15]  did not replan 
[ccr_centralized_planner-15] 
[ccr_centralized_planner-15] [INFO] [1729090953.728741531] [ccr_centralized_planner]: Sent plan [32, 35, 10, 9] to robotA
[ccr_centralized_planner-15] [INFO] [1729090953.735697635] [ccr_centralized_planner]: Received state 32 from robotA
[ccr_centralized_planner-15] [INFO] [1729090953.928514509] [ccr_centralized_planner]: 
[ccr_centralized_planner-15] 
[ccr_centralized_planner-15]  did not replan 
[ccr_centralized_planner-15] 
[ccr_centralized_planner-15] [INFO] [1729090953.929207246] [ccr_centralized_planner]: Sent plan [32, 35, 10, 9] to robotA
[ccr_centralized_planner-15] [INFO] [1729090953.930626573] [ccr_centralized_planner]: Received state 32 from robotA
[ccr_centralized_planner-15] [INFO] [1729090954.128990243] [ccr_centralized_planner]: 
[ccr_centralized_planner-15] 
[ccr_centralized_planner-15]  did not replan 
[ccr_centralized_planner-15] 
[ccr_centralized_planner-15] [INFO] [1729090954.129685956] [ccr_centralized_planner]: Sent plan [32, 35, 10, 9] to robotA
[ccr_centralized_planner-15] [INFO] [1729090954.131925058] [ccr_centralized_planner]: Received state 32 from robotA
[ccr_centralized_planner-15] [INFO] [1729090954.329936038] [ccr_centralized_planner]: 
[ccr_centralized_planner-15] 
[ccr_centralized_planner-15]  did not replan 
[ccr_centralized_planner-15] 
[ccr_centralized_planner-15] [INFO] [1729090954.330959955] [ccr_centralized_planner]: Sent plan [32, 35, 10, 9] to robotA
[ccr_centralized_planner-15] [INFO] [1729090954.332063681] [ccr_centralized_planner]: Received state 32 from robotA
[ccr_centralized_planner-15] [INFO] [1729090954.529902457] [ccr_centralized_planner]: 
[ccr_centralized_planner-15] 
[ccr_centralized_planner-15]  did not replan 
[ccr_centralized_planner-15] 
[ccr_centralized_planner-15] [INFO] [1729090954.530471503] [ccr_centralized_planner]: Sent plan [32, 35, 10, 9] to robotA
[ccr_centralized_planner-15] [INFO] [1729090954.533365291] [ccr_centralized_planner]: Received state 32 from robotA
[ccr_centralized_planner-15] [INFO] [1729090954.730612771] [ccr_centralized_planner]: 
[ccr_centralized_planner-15] 
[ccr_centralized_planner-15]  did not replan 
[ccr_centralized_planner-15] 
[ccr_centralized_planner-15] [INFO] [1729090954.731342537] [ccr_centralized_planner]: Sent plan [32, 35, 10, 9] to robotA
[ccr_centralized_planner-15] [INFO] [1729090954.836909712] [ccr_centralized_planner]: Received state 32 from robotA
[command_node-3] [INFO] [1729090954.930968410] [command_node]: robotA: running
[ccr_centralized_planner-15] [INFO] [1729090954.931069600] [ccr_centralized_planner]: 
[ccr_centralized_planner-15] 
[ccr_centralized_planner-15]  did not replan 
[ccr_centralized_planner-15] 
[ccr_centralized_planner-15] [INFO] [1729090954.931822039] [ccr_centralized_planner]: Sent plan [32, 35, 10, 9] to robotA
[ccr_centralized_planner-15] [INFO] [1729090955.033799182] [ccr_centralized_planner]: Received state 32 from robotA
[ccr_centralized_planner-15] [INFO] [1729090955.132163691] [ccr_centralized_planner]: 
[ccr_centralized_planner-15] 
[ccr_centralized_planner-15]  did not replan 
[ccr_centralized_planner-15] 
[ccr_centralized_planner-15] [INFO] [1729090955.132795103] [ccr_centralized_planner]: Sent plan [32, 35, 10, 9] to robotA
[ccr_centralized_planner-15] [INFO] [1729090955.234703789] [ccr_centralized_planner]: Received state 32 from robotA
[ccr_centralized_planner-15] [INFO] [1729090955.332481330] [ccr_centralized_planner]: 
[ccr_centralized_planner-15] 
[ccr_centralized_planner-15]  did not replan 
[ccr_centralized_planner-15] 
[ccr_centralized_planner-15] [INFO] [1729090955.333240010] [ccr_centralized_planner]: Sent plan [32, 35, 10, 9] to robotA
[ccr_local_planner-14] [INFO] [1729090955.434486034] [robotA.ccr_local_planner]: new state 35
[ccr_centralized_planner-15] [INFO] [1729090955.434802196] [ccr_centralized_planner]: Received state 35 from robotA
[ccr_centralized_planner-15] [INFO] [1729090955.532465012] [ccr_centralized_planner]: 
[ccr_centralized_planner-15] 
[ccr_centralized_planner-15]  did not replan 
[ccr_centralized_planner-15] 
[ccr_centralized_planner-15] [INFO] [1729090955.532898213] [ccr_centralized_planner]: Sent plan [35, 10, 9] to robotA
[ccr_local_planner-14] [INFO] [1729090955.533514687] [robotA.ccr_local_planner]: new plan: [35, 10, 9]
[ccr_centralized_planner-15] [INFO] [1729090955.635589724] [ccr_centralized_planner]: Received state 35 from robotA
[ccr_centralized_planner-15] [INFO] [1729090955.733445241] [ccr_centralized_planner]: 
[ccr_centralized_planner-15] 
[ccr_centralized_planner-15]  did not replan 
[ccr_centralized_planner-15] 
[ccr_centralized_planner-15] [INFO] [1729090955.734285033] [ccr_centralized_planner]: Sent plan [35, 10, 9] to robotA
[ccr_centralized_planner-15] [INFO] [1729090955.835782608] [ccr_centralized_planner]: Received state 35 from robotA
[ccr_centralized_planner-15] [INFO] [1729090955.933640580] [ccr_centralized_planner]: 
[ccr_centralized_planner-15] 
[ccr_centralized_planner-15]  did not replan 
[ccr_centralized_planner-15] 
[ccr_centralized_planner-15] [INFO] [1729090955.934330151] [ccr_centralized_planner]: Sent plan [35, 10, 9] to robotA
[ccr_centralized_planner-15] [INFO] [1729090956.036283209] [ccr_centralized_planner]: Received state 35 from robotA
[ccr_centralized_planner-15] [INFO] [1729090956.133869522] [ccr_centralized_planner]: 
[ccr_centralized_planner-15] 
[ccr_centralized_planner-15]  did not replan 
[ccr_centralized_planner-15] 
[ccr_centralized_planner-15] [INFO] [1729090956.134470527] [ccr_centralized_planner]: Sent plan [35, 10, 9] to robotA
[ccr_centralized_planner-15] [INFO] [1729090956.236467017] [ccr_centralized_planner]: Received state 35 from robotA
[ccr_centralized_planner-15] [INFO] [1729090956.334612807] [ccr_centralized_planner]: 
[ccr_centralized_planner-15] 
[ccr_centralized_planner-15]  did not replan 
[ccr_centralized_planner-15] 
[ccr_centralized_planner-15] [INFO] [1729090956.335650750] [ccr_centralized_planner]: Sent plan [35, 10, 9] to robotA
[ccr_centralized_planner-15] [INFO] [1729090956.435553489] [ccr_centralized_planner]: Received state 35 from robotA
[ccr_centralized_planner-15] [INFO] [1729090956.534665980] [ccr_centralized_planner]: 
[ccr_centralized_planner-15] 
[ccr_centralized_planner-15]  did not replan 
[ccr_centralized_planner-15] 
[ccr_centralized_planner-15] [INFO] [1729090956.535338830] [ccr_centralized_planner]: Sent plan [35, 10, 9] to robotA
[ccr_centralized_planner-15] [INFO] [1729090956.636210163] [ccr_centralized_planner]: Received state 35 from robotA
[ccr_centralized_planner-15] [INFO] [1729090956.735548796] [ccr_centralized_planner]: 
[ccr_centralized_planner-15] 
[ccr_centralized_planner-15]  did not replan 
[ccr_centralized_planner-15] 
[ccr_centralized_planner-15] [INFO] [1729090956.736450133] [ccr_centralized_planner]: Sent plan [35, 10, 9] to robotA
[ccr_centralized_planner-15] [INFO] [1729090956.838486338] [ccr_centralized_planner]: Received state 35 from robotA
[ccr_centralized_planner-15] [INFO] [1729090956.936174130] [ccr_centralized_planner]: 
[ccr_centralized_planner-15] 
[ccr_centralized_planner-15]  did not replan 
[ccr_centralized_planner-15] 
[command_node-3] [INFO] [1729090956.936437082] [command_node]: robotA: running
[ccr_centralized_planner-15] [INFO] [1729090956.937007380] [ccr_centralized_planner]: Sent plan [35, 10, 9] to robotA
[ccr_centralized_planner-15] [INFO] [1729090957.040011817] [ccr_centralized_planner]: Received state 35 from robotA
[ccr_centralized_planner-15] [INFO] [1729090957.136132325] [ccr_centralized_planner]: 
[ccr_centralized_planner-15] 
[ccr_centralized_planner-15]  did not replan 
[ccr_centralized_planner-15] 
[ccr_centralized_planner-15] [INFO] [1729090957.136697333] [ccr_centralized_planner]: Sent plan [35, 10, 9] to robotA
[ccr_local_planner-14] [INFO] [1729090957.243328090] [robotA.ccr_local_planner]: new state 10
[ccr_centralized_planner-15] [INFO] [1729090957.243618794] [ccr_centralized_planner]: Received state 10 from robotA
[ccr_centralized_planner-15] [INFO] [1729090957.336447388] [ccr_centralized_planner]: 
[ccr_centralized_planner-15] 
[ccr_centralized_planner-15]  did not replan 
[ccr_centralized_planner-15] 
[ccr_centralized_planner-15] [INFO] [1729090957.337286209] [ccr_centralized_planner]: Sent plan [10, 9] to robotA
[ccr_local_planner-14] [INFO] [1729090957.337631906] [robotA.ccr_local_planner]: new plan: [10, 9]
[ccr_centralized_planner-15] [INFO] [1729090957.440157687] [ccr_centralized_planner]: Received state 10 from robotA
[ccr_centralized_planner-15] [INFO] [1729090957.537675581] [ccr_centralized_planner]: 
[ccr_centralized_planner-15] 
[ccr_centralized_planner-15]  did not replan 
[ccr_centralized_planner-15] 
[ccr_centralized_planner-15] [INFO] [1729090957.538497420] [ccr_centralized_planner]: Sent plan [10, 9] to robotA
[ccr_centralized_planner-15] [INFO] [1729090957.641181477] [ccr_centralized_planner]: Received state 10 from robotA
[ccr_centralized_planner-15] [INFO] [1729090957.738377329] [ccr_centralized_planner]: 
[ccr_centralized_planner-15] 
[ccr_centralized_planner-15]  did not replan 
[ccr_centralized_planner-15] 
[ccr_centralized_planner-15] [INFO] [1729090957.739112856] [ccr_centralized_planner]: Sent plan [10, 9] to robotA
[ccr_centralized_planner-15] [INFO] [1729090957.841563756] [ccr_centralized_planner]: Received state 10 from robotA
[ccr_centralized_planner-15] [INFO] [1729090957.939366884] [ccr_centralized_planner]: 
[ccr_centralized_planner-15] 
[ccr_centralized_planner-15]  did not replan 
[ccr_centralized_planner-15] 
[ccr_centralized_planner-15] [INFO] [1729090957.940435686] [ccr_centralized_planner]: Sent plan [10, 9] to robotA
[ccr_centralized_planner-15] [INFO] [1729090958.042431535] [ccr_centralized_planner]: Received state 10 from robotA
[ccr_centralized_planner-15] [INFO] [1729090958.139675586] [ccr_centralized_planner]: 
[ccr_centralized_planner-15] 
[ccr_centralized_planner-15]  did not replan 
[ccr_centralized_planner-15] 
[ccr_centralized_planner-15] [INFO] [1729090958.140689484] [ccr_centralized_planner]: Sent plan [10, 9] to robotA
[ccr_local_planner-14] [INFO] [1729090958.241931321] [robotA.ccr_local_planner]: new state 9
[ccr_goal_provider-12] [INFO] [1729090958.242077955] [ccr_goal_provider]: [32mgoal completed:[0m robotA reached goal 9, going to goal 1 within state 1
[ccr_centralized_planner-15] [INFO] [1729090958.242126576] [ccr_centralized_planner]: Received state 9 from robotA
[ccr_centralized_planner-15] [INFO] [1729090958.339991802] [ccr_centralized_planner]: Received goal 1 from robotA
[ccr_centralized_planner-15] [INFO] [1729090958.439936750] [ccr_centralized_planner]: 
[ccr_centralized_planner-15] 
[ccr_centralized_planner-15]  replaned due to new goal
[ccr_centralized_planner-15] 
[ccr_centralized_planner-15] [INFO] [1729090958.465015926] [ccr_centralized_planner]: Sent plan [9, 11, 35, 50, 51, 53, 39, 55, 56, 57, 5, 1] to robotA
[ccr_centralized_planner-15] [INFO] [1729090958.465563150] [ccr_centralized_planner]: Received state 9 from robotA
[ccr_local_planner-14] [INFO] [1729090958.473358356] [robotA.ccr_local_planner]: new plan: [9, 11, 35], remainder: [50, 51, 53, 39, 55, 56, 57, 5, 1]
[ccr_centralized_planner-15] [INFO] [1729090958.640423455] [ccr_centralized_planner]: 
[ccr_centralized_planner-15] 
[ccr_centralized_planner-15]  did not replan 
[ccr_centralized_planner-15] 
[ccr_centralized_planner-15] [INFO] [1729090958.641429418] [ccr_centralized_planner]: Sent plan [9, 11, 35, 50, 51, 53, 39, 55, 56, 57, 5, 1] to robotA
[ccr_centralized_planner-15] [INFO] [1729090958.643488854] [ccr_centralized_planner]: Received state 9 from robotA
[ccr_centralized_planner-15] [INFO] [1729090958.840585702] [ccr_centralized_planner]: 
[ccr_centralized_planner-15] 
[ccr_centralized_planner-15]  did not replan 
[ccr_centralized_planner-15] 
[ccr_centralized_planner-15] [INFO] [1729090958.841174804] [ccr_centralized_planner]: Sent plan [9, 11, 35, 50, 51, 53, 39, 55, 56, 57, 5, 1] to robotA
[ccr_centralized_planner-15] [INFO] [1729090958.841819682] [ccr_centralized_planner]: Received state 9 from robotA
[ccr_centralized_planner-15] [INFO] [1729090959.041096041] [ccr_centralized_planner]: 
[ccr_centralized_planner-15] 
[ccr_centralized_planner-15]  did not replan 
[ccr_centralized_planner-15] 
[command_node-3] [INFO] [1729090959.041371196] [command_node]: robotA: running
[ccr_centralized_planner-15] [INFO] [1729090959.041822651] [ccr_centralized_planner]: Sent plan [9, 11, 35, 50, 51, 53, 39, 55, 56, 57, 5, 1] to robotA
[ccr_centralized_planner-15] [INFO] [1729090959.043919677] [ccr_centralized_planner]: Received state 9 from robotA
[ccr_centralized_planner-15] [INFO] [1729090959.241495582] [ccr_centralized_planner]: 
[ccr_centralized_planner-15] 
[ccr_centralized_planner-15]  did not replan 
[ccr_centralized_planner-15] 
[ccr_centralized_planner-15] [INFO] [1729090959.242114521] [ccr_centralized_planner]: Sent plan [9, 11, 35, 50, 51, 53, 39, 55, 56, 57, 5, 1] to robotA
[ccr_centralized_planner-15] [INFO] [1729090959.250479623] [ccr_centralized_planner]: Received state 9 from robotA
[ccr_centralized_planner-15] [INFO] [1729090959.442091481] [ccr_centralized_planner]: 
[ccr_centralized_planner-15] 
[ccr_centralized_planner-15]  did not replan 
[ccr_centralized_planner-15] 
[ccr_centralized_planner-15] [INFO] [1729090959.442918760] [ccr_centralized_planner]: Sent plan [9, 11, 35, 50, 51, 53, 39, 55, 56, 57, 5, 1] to robotA
[ccr_centralized_planner-15] [INFO] [1729090959.452473148] [ccr_centralized_planner]: Received state 9 from robotA
[ccr_centralized_planner-15] [INFO] [1729090959.642375326] [ccr_centralized_planner]: 
[ccr_centralized_planner-15] 
[ccr_centralized_planner-15]  did not replan 
[ccr_centralized_planner-15] 
[ccr_centralized_planner-15] [INFO] [1729090959.643044890] [ccr_centralized_planner]: Sent plan [9, 11, 35, 50, 51, 53, 39, 55, 56, 57, 5, 1] to robotA
[ccr_centralized_planner-15] [INFO] [1729090959.656073132] [ccr_centralized_planner]: Received state 9 from robotA
[ccr_centralized_planner-15] [INFO] [1729090959.842683757] [ccr_centralized_planner]: 
[ccr_centralized_planner-15] 
[ccr_centralized_planner-15]  did not replan 
[ccr_centralized_planner-15] 
[ccr_centralized_planner-15] [INFO] [1729090959.843268852] [ccr_centralized_planner]: Sent plan [9, 11, 35, 50, 51, 53, 39, 55, 56, 57, 5, 1] to robotA
[ccr_centralized_planner-15] [INFO] [1729090959.845066919] [ccr_centralized_planner]: Received state 9 from robotA
[ccr_centralized_planner-15] [INFO] [1729090960.043353694] [ccr_centralized_planner]: 
[ccr_centralized_planner-15] 
[ccr_centralized_planner-15]  did not replan 
[ccr_centralized_planner-15] 
[ccr_centralized_planner-15] [INFO] [1729090960.044400053] [ccr_centralized_planner]: Sent plan [9, 11, 35, 50, 51, 53, 39, 55, 56, 57, 5, 1] to robotA
[ccr_centralized_planner-15] [INFO] [1729090960.046049081] [ccr_centralized_planner]: Received state 9 from robotA
[ccr_centralized_planner-15] [INFO] [1729090960.243518797] [ccr_centralized_planner]: 
[ccr_centralized_planner-15] 
[ccr_centralized_planner-15]  did not replan 
[ccr_centralized_planner-15] 
[ccr_centralized_planner-15] [INFO] [1729090960.244227243] [ccr_centralized_planner]: Sent plan [9, 11, 35, 50, 51, 53, 39, 55, 56, 57, 5, 1] to robotA
[ccr_centralized_planner-15] [INFO] [1729090960.246018357] [ccr_centralized_planner]: Received state 9 from robotA
[ccr_centralized_planner-15] [INFO] [1729090960.444261761] [ccr_centralized_planner]: 
[ccr_centralized_planner-15] 
[ccr_centralized_planner-15]  did not replan 
[ccr_centralized_planner-15] 
[ccr_centralized_planner-15] [INFO] [1729090960.445020932] [ccr_centralized_planner]: Sent plan [9, 11, 35, 50, 51, 53, 39, 55, 56, 57, 5, 1] to robotA
[ccr_centralized_planner-15] [INFO] [1729090960.447243835] [ccr_centralized_planner]: Received state 9 from robotA
[ccr_centralized_planner-15] [INFO] [1729090960.644938782] [ccr_centralized_planner]: 
[ccr_centralized_planner-15] 
[ccr_centralized_planner-15]  did not replan 
[ccr_centralized_planner-15] 
[ccr_centralized_planner-15] [INFO] [1729090960.645644443] [ccr_centralized_planner]: Sent plan [9, 11, 35, 50, 51, 53, 39, 55, 56, 57, 5, 1] to robotA
[ccr_centralized_planner-15] [INFO] [1729090960.755607329] [ccr_centralized_planner]: Received state 9 from robotA
[ccr_centralized_planner-15] [INFO] [1729090960.844517577] [ccr_centralized_planner]: 
[ccr_centralized_planner-15] 
[ccr_centralized_planner-15]  did not replan 
[ccr_centralized_planner-15] 
[ccr_centralized_planner-15] [INFO] [1729090960.845282399] [ccr_centralized_planner]: Sent plan [9, 11, 35, 50, 51, 53, 39, 55, 56, 57, 5, 1] to robotA
[ccr_centralized_planner-15] [INFO] [1729090960.947033840] [ccr_centralized_planner]: Received state 9 from robotA
[ccr_centralized_planner-15] [INFO] [1729090961.044959738] [ccr_centralized_planner]: 
[ccr_centralized_planner-15] 
[ccr_centralized_planner-15]  did not replan 
[ccr_centralized_planner-15] 
[command_node-3] [INFO] [1729090961.044967262] [command_node]: robotA: running
[ccr_centralized_planner-15] [INFO] [1729090961.045865053] [ccr_centralized_planner]: Sent plan [9, 11, 35, 50, 51, 53, 39, 55, 56, 57, 5, 1] to robotA
[ccr_centralized_planner-15] [INFO] [1729090961.147933918] [ccr_centralized_planner]: Received state 9 from robotA
[ccr_centralized_planner-15] [INFO] [1729090961.245488501] [ccr_centralized_planner]: 
[ccr_centralized_planner-15] 
[ccr_centralized_planner-15]  did not replan 
[ccr_centralized_planner-15] 
[ccr_centralized_planner-15] [INFO] [1729090961.246394387] [ccr_centralized_planner]: Sent plan [9, 11, 35, 50, 51, 53, 39, 55, 56, 57, 5, 1] to robotA
[ccr_local_planner-14] [INFO] [1729090961.348395245] [robotA.ccr_local_planner]: new state 11
[ccr_centralized_planner-15] [INFO] [1729090961.348692792] [ccr_centralized_planner]: Received state 11 from robotA
[ccr_centralized_planner-15] [INFO] [1729090961.445919141] [ccr_centralized_planner]: 
[ccr_centralized_planner-15] 
[ccr_centralized_planner-15]  did not replan 
[ccr_centralized_planner-15] 
[ccr_local_planner-14] [INFO] [1729090961.446671049] [robotA.ccr_local_planner]: new plan: [11, 35, 50], remainder: [51, 53, 39, 55, 56, 57, 5, 1]
[ccr_centralized_planner-15] [INFO] [1729090961.446750798] [ccr_centralized_planner]: Sent plan [11, 35, 50, 51, 53, 39, 55, 56, 57, 5, 1] to robotA
[ccr_centralized_planner-15] [INFO] [1729090961.548112209] [ccr_centralized_planner]: Received state 11 from robotA
[ccr_centralized_planner-15] [INFO] [1729090961.645996178] [ccr_centralized_planner]: 
[ccr_centralized_planner-15] 
[ccr_centralized_planner-15]  did not replan 
[ccr_centralized_planner-15] 
[ccr_centralized_planner-15] [INFO] [1729090961.646724842] [ccr_centralized_planner]: Sent plan [11, 35, 50, 51, 53, 39, 55, 56, 57, 5, 1] to robotA
[ccr_centralized_planner-15] [INFO] [1729090961.747787865] [ccr_centralized_planner]: Received state 11 from robotA
[ccr_centralized_planner-15] [INFO] [1729090961.846213449] [ccr_centralized_planner]: 
[ccr_centralized_planner-15] 
[ccr_centralized_planner-15]  did not replan 
[ccr_centralized_planner-15] 
[ccr_centralized_planner-15] [INFO] [1729090961.847216867] [ccr_centralized_planner]: Sent plan [11, 35, 50, 51, 53, 39, 55, 56, 57, 5, 1] to robotA
[ccr_centralized_planner-15] [INFO] [1729090961.948764597] [ccr_centralized_planner]: Received state 11 from robotA
[ccr_centralized_planner-15] [INFO] [1729090962.046869921] [ccr_centralized_planner]: 
[ccr_centralized_planner-15] 
[ccr_centralized_planner-15]  did not replan 
[ccr_centralized_planner-15] 
[ccr_centralized_planner-15] [INFO] [1729090962.047985871] [ccr_centralized_planner]: Sent plan [11, 35, 50, 51, 53, 39, 55, 56, 57, 5, 1] to robotA
[ccr_centralized_planner-15] [INFO] [1729090962.149933128] [ccr_centralized_planner]: Received state 11 from robotA
[ccr_centralized_planner-15] [INFO] [1729090962.247043639] [ccr_centralized_planner]: 
[ccr_centralized_planner-15] 
[ccr_centralized_planner-15]  did not replan 
[ccr_centralized_planner-15] 
[ccr_centralized_planner-15] [INFO] [1729090962.247829250] [ccr_centralized_planner]: Sent plan [11, 35, 50, 51, 53, 39, 55, 56, 57, 5, 1] to robotA
[ccr_centralized_planner-15] [INFO] [1729090962.348240122] [ccr_centralized_planner]: Received state 11 from robotA
[ccr_centralized_planner-15] [INFO] [1729090962.447674775] [ccr_centralized_planner]: 
[ccr_centralized_planner-15] 
[ccr_centralized_planner-15]  did not replan 
[ccr_centralized_planner-15] 
[ccr_centralized_planner-15] [INFO] [1729090962.448493538] [ccr_centralized_planner]: Sent plan [11, 35, 50, 51, 53, 39, 55, 56, 57, 5, 1] to robotA
[ccr_local_planner-14] [INFO] [1729090962.549925681] [robotA.ccr_local_planner]: new state 35
[ccr_centralized_planner-15] [INFO] [1729090962.550007514] [ccr_centralized_planner]: Received state 35 from robotA
[ccr_centralized_planner-15] [INFO] [1729090962.648763006] [ccr_centralized_planner]: 
[ccr_centralized_planner-15] 
[ccr_centralized_planner-15]  did not replan 
[ccr_centralized_planner-15] 
[ccr_local_planner-14] [INFO] [1729090962.649823000] [robotA.ccr_local_planner]: new plan: [35, 50, 51], remainder: [53, 39, 55, 56, 57, 5, 1]
[ccr_centralized_planner-15] [INFO] [1729090962.649888794] [ccr_centralized_planner]: Sent plan [35, 50, 51, 53, 39, 55, 56, 57, 5, 1] to robotA
[ccr_centralized_planner-15] [INFO] [1729090962.754434797] [ccr_centralized_planner]: Received state 35 from robotA
[ccr_centralized_planner-15] [INFO] [1729090962.848586067] [ccr_centralized_planner]: 
[ccr_centralized_planner-15] 
[ccr_centralized_planner-15]  did not replan 
[ccr_centralized_planner-15] 
[ccr_centralized_planner-15] [INFO] [1729090962.849291148] [ccr_centralized_planner]: Sent plan [35, 50, 51, 53, 39, 55, 56, 57, 5, 1] to robotA
[ccr_centralized_planner-15] [INFO] [1729090962.956770163] [ccr_centralized_planner]: Received state 35 from robotA
[command_node-3] [INFO] [1729090963.048765096] [command_node]: robotA: running
[ccr_centralized_planner-15] [INFO] [1729090963.048765106] [ccr_centralized_planner]: 
[ccr_centralized_planner-15] 
[ccr_centralized_planner-15]  did not replan 
[ccr_centralized_planner-15] 
[ccr_centralized_planner-15] [INFO] [1729090963.049522695] [ccr_centralized_planner]: Sent plan [35, 50, 51, 53, 39, 55, 56, 57, 5, 1] to robotA
[ccr_centralized_planner-15] [INFO] [1729090963.150778066] [ccr_centralized_planner]: Received state 35 from robotA
[ccr_centralized_planner-15] [INFO] [1729090963.248940769] [ccr_centralized_planner]: 
[ccr_centralized_planner-15] 
[ccr_centralized_planner-15]  did not replan 
[ccr_centralized_planner-15] 
[ccr_centralized_planner-15] [INFO] [1729090963.249670545] [ccr_centralized_planner]: Sent plan [35, 50, 51, 53, 39, 55, 56, 57, 5, 1] to robotA
[ccr_centralized_planner-15] [INFO] [1729090963.351887968] [ccr_centralized_planner]: Received state 35 from robotA
[ccr_centralized_planner-15] [INFO] [1729090963.449713228] [ccr_centralized_planner]: 
[ccr_centralized_planner-15] 
[ccr_centralized_planner-15]  did not replan 
[ccr_centralized_planner-15] 
[ccr_centralized_planner-15] [INFO] [1729090963.450586623] [ccr_centralized_planner]: Sent plan [35, 50, 51, 53, 39, 55, 56, 57, 5, 1] to robotA
[ccr_centralized_planner-15] [INFO] [1729090963.552212109] [ccr_centralized_planner]: Received state 35 from robotA
[ccr_centralized_planner-15] [INFO] [1729090963.649716828] [ccr_centralized_planner]: 
[ccr_centralized_planner-15] 
[ccr_centralized_planner-15]  did not replan 
[ccr_centralized_planner-15] 
[ccr_centralized_planner-15] [INFO] [1729090963.650577940] [ccr_centralized_planner]: Sent plan [35, 50, 51, 53, 39, 55, 56, 57, 5, 1] to robotA
[ccr_centralized_planner-15] [INFO] [1729090963.751638478] [ccr_centralized_planner]: Received state 35 from robotA
[ccr_centralized_planner-15] [INFO] [1729090963.950411955] [ccr_centralized_planner]: 
[ccr_centralized_planner-15] 
[ccr_centralized_planner-15]  did not replan 
[ccr_centralized_planner-15] 
[ccr_centralized_planner-15] [INFO] [1729090963.951311729] [ccr_centralized_planner]: Sent plan [35, 50, 51, 53, 39, 55, 56, 57, 5, 1] to robotA
[ccr_centralized_planner-15] [INFO] [1729090963.952516395] [ccr_centralized_planner]: Received state 35 from robotA
[ccr_centralized_planner-15] [INFO] [1729090964.152061276] [ccr_centralized_planner]: 
[ccr_centralized_planner-15] 
[ccr_centralized_planner-15]  did not replan 
[ccr_centralized_planner-15] 
[ccr_centralized_planner-15] [INFO] [1729090964.153422675] [ccr_centralized_planner]: Sent plan [35, 50, 51, 53, 39, 55, 56, 57, 5, 1] to robotA
[ccr_centralized_planner-15] [INFO] [1729090964.155068276] [ccr_centralized_planner]: Received state 35 from robotA
[ccr_centralized_planner-15] [INFO] [1729090964.351695344] [ccr_centralized_planner]: 
[ccr_centralized_planner-15] 
[ccr_centralized_planner-15]  did not replan 
[ccr_centralized_planner-15] 
[ccr_centralized_planner-15] [INFO] [1729090964.352431212] [ccr_centralized_planner]: Sent plan [35, 50, 51, 53, 39, 55, 56, 57, 5, 1] to robotA
[ccr_centralized_planner-15] [INFO] [1729090964.353846942] [ccr_centralized_planner]: Received state 35 from robotA
[ccr_centralized_planner-15] [INFO] [1729090964.552284030] [ccr_centralized_planner]: 
[ccr_centralized_planner-15] 
[ccr_centralized_planner-15]  did not replan 
[ccr_centralized_planner-15] 
[ccr_centralized_planner-15] [INFO] [1729090964.553233918] [ccr_centralized_planner]: Sent plan [35, 50, 51, 53, 39, 55, 56, 57, 5, 1] to robotA
[ccr_centralized_planner-15] [INFO] [1729090964.554296027] [ccr_centralized_planner]: Received state 35 from robotA
[ccr_centralized_planner-15] [INFO] [1729090964.752320561] [ccr_centralized_planner]: 
[ccr_centralized_planner-15] 
[ccr_centralized_planner-15]  did not replan 
[ccr_centralized_planner-15] 
[ccr_centralized_planner-15] [INFO] [1729090964.753059545] [ccr_centralized_planner]: Sent plan [35, 50, 51, 53, 39, 55, 56, 57, 5, 1] to robotA
[ccr_local_planner-14] [INFO] [1729090964.753821321] [robotA.ccr_local_planner]: new state 50
[ccr_centralized_planner-15] [INFO] [1729090964.754163392] [ccr_centralized_planner]: Received state 50 from robotA
[ccr_centralized_planner-15] [INFO] [1729090964.953088242] [ccr_centralized_planner]: 
[ccr_centralized_planner-15] 
[ccr_centralized_planner-15]  did not replan 
[ccr_centralized_planner-15] 
[ccr_centralized_planner-15] [INFO] [1729090964.953809553] [ccr_centralized_planner]: Sent plan [50, 51, 53, 39, 55, 56, 57, 5, 1] to robotA
[ccr_local_planner-14] [INFO] [1729090964.956712257] [robotA.ccr_local_planner]: new plan: [50, 51, 53], remainder: [39, 55, 56, 57, 5, 1]
[ccr_centralized_planner-15] [INFO] [1729090964.974158793] [ccr_centralized_planner]: Received state 50 from robotA
[ccr_centralized_planner-15] [INFO] [1729090965.153610784] [ccr_centralized_planner]: 
[ccr_centralized_planner-15] 
[ccr_centralized_planner-15]  did not replan 
[ccr_centralized_planner-15] 
[command_node-3] [INFO] [1729090965.153721471] [command_node]: robotA: running
[ccr_centralized_planner-15] [INFO] [1729090965.154289064] [ccr_centralized_planner]: Sent plan [50, 51, 53, 39, 55, 56, 57, 5, 1] to robotA
[ccr_centralized_planner-15] [INFO] [1729090965.155846821] [ccr_centralized_planner]: Received state 50 from robotA
[ccr_centralized_planner-15] [INFO] [1729090965.353967014] [ccr_centralized_planner]: 
[ccr_centralized_planner-15] 
[ccr_centralized_planner-15]  did not replan 
[ccr_centralized_planner-15] 
[ccr_centralized_planner-15] [INFO] [1729090965.354686862] [ccr_centralized_planner]: Sent plan [50, 51, 53, 39, 55, 56, 57, 5, 1] to robotA
[ccr_centralized_planner-15] [INFO] [1729090965.357307528] [ccr_centralized_planner]: Received state 50 from robotA
[ccr_centralized_planner-15] [INFO] [1729090965.554589343] [ccr_centralized_planner]: 
[ccr_centralized_planner-15] 
[ccr_centralized_planner-15]  did not replan 
[ccr_centralized_planner-15] 
[ccr_centralized_planner-15] [INFO] [1729090965.555313318] [ccr_centralized_planner]: Sent plan [50, 51, 53, 39, 55, 56, 57, 5, 1] to robotA
[ccr_centralized_planner-15] [INFO] [1729090965.556381328] [ccr_centralized_planner]: Received state 50 from robotA
[ccr_centralized_planner-15] [INFO] [1729090965.754894077] [ccr_centralized_planner]: 
[ccr_centralized_planner-15] 
[ccr_centralized_planner-15]  did not replan 
[ccr_centralized_planner-15] 
[ccr_centralized_planner-15] [INFO] [1729090965.755613945] [ccr_centralized_planner]: Sent plan [50, 51, 53, 39, 55, 56, 57, 5, 1] to robotA
[ccr_centralized_planner-15] [INFO] [1729090965.758131448] [ccr_centralized_planner]: Received state 50 from robotA
[ccr_centralized_planner-15] [INFO] [1729090965.955324255] [ccr_centralized_planner]: 
[ccr_centralized_planner-15] 
[ccr_centralized_planner-15]  did not replan 
[ccr_centralized_planner-15] 
[ccr_centralized_planner-15] [INFO] [1729090965.956033303] [ccr_centralized_planner]: Sent plan [50, 51, 53, 39, 55, 56, 57, 5, 1] to robotA
[ccr_local_planner-14] [INFO] [1729090966.063438189] [robotA.ccr_local_planner]: new state 51
[ccr_centralized_planner-15] [INFO] [1729090966.063693597] [ccr_centralized_planner]: Received state 51 from robotA
[ccr_centralized_planner-15] [INFO] [1729090966.156041371] [ccr_centralized_planner]: 
[ccr_centralized_planner-15] 
[ccr_centralized_planner-15]  did not replan 
[ccr_centralized_planner-15] 
[ccr_centralized_planner-15] [INFO] [1729090966.157004024] [ccr_centralized_planner]: Sent plan [51, 53, 39, 55, 56, 57, 5, 1] to robotA
[ccr_local_planner-14] [INFO] [1729090966.157527073] [robotA.ccr_local_planner]: new plan: [51, 53, 39], remainder: [55, 56, 57, 5, 1]
[ccr_centralized_planner-15] [INFO] [1729090966.270333773] [ccr_centralized_planner]: Received state 51 from robotA
[ccr_centralized_planner-15] [INFO] [1729090966.356119932] [ccr_centralized_planner]: 
[ccr_centralized_planner-15] 
[ccr_centralized_planner-15]  did not replan 
[ccr_centralized_planner-15] 
[ccr_centralized_planner-15] [INFO] [1729090966.356831965] [ccr_centralized_planner]: Sent plan [51, 53, 39, 55, 56, 57, 5, 1] to robotA
[ccr_centralized_planner-15] [INFO] [1729090966.459132654] [ccr_centralized_planner]: Received state 51 from robotA
[ccr_centralized_planner-15] [INFO] [1729090966.556324588] [ccr_centralized_planner]: 
[ccr_centralized_planner-15] 
[ccr_centralized_planner-15]  did not replan 
[ccr_centralized_planner-15] 
[ccr_centralized_planner-15] [INFO] [1729090966.557026753] [ccr_centralized_planner]: Sent plan [51, 53, 39, 55, 56, 57, 5, 1] to robotA
[ccr_centralized_planner-15] [INFO] [1729090966.658959023] [ccr_centralized_planner]: Received state 51 from robotA
[ccr_centralized_planner-15] [INFO] [1729090966.756607361] [ccr_centralized_planner]: 
[ccr_centralized_planner-15] 
[ccr_centralized_planner-15]  did not replan 
[ccr_centralized_planner-15] 
[ccr_centralized_planner-15] [INFO] [1729090966.757647929] [ccr_centralized_planner]: Sent plan [51, 53, 39, 55, 56, 57, 5, 1] to robotA
[ccr_centralized_planner-15] [INFO] [1729090966.859268515] [ccr_centralized_planner]: Received state 51 from robotA
[ccr_centralized_planner-15] [INFO] [1729090966.957229359] [ccr_centralized_planner]: 
[ccr_centralized_planner-15] 
[ccr_centralized_planner-15]  did not replan 
[ccr_centralized_planner-15] 
[ccr_centralized_planner-15] [INFO] [1729090966.958083308] [ccr_centralized_planner]: Sent plan [51, 53, 39, 55, 56, 57, 5, 1] to robotA
[ccr_centralized_planner-15] [INFO] [1729090967.059571997] [ccr_centralized_planner]: Received state 51 from robotA
[ccr_centralized_planner-15] [INFO] [1729090967.157542729] [ccr_centralized_planner]: 
[ccr_centralized_planner-15] 
[ccr_centralized_planner-15]  did not replan 
[ccr_centralized_planner-15] 
[command_node-3] [INFO] [1729090967.157617799] [command_node]: robotA: running
[ccr_centralized_planner-15] [INFO] [1729090967.158339190] [ccr_centralized_planner]: Sent plan [51, 53, 39, 55, 56, 57, 5, 1] to robotA
[ccr_centralized_planner-15] [INFO] [1729090967.259649165] [ccr_centralized_planner]: Received state 51 from robotA
[ccr_centralized_planner-15] [INFO] [1729090967.358494825] [ccr_centralized_planner]: 
[ccr_centralized_planner-15] 
[ccr_centralized_planner-15]  did not replan 
[ccr_centralized_planner-15] 
[ccr_centralized_planner-15] [INFO] [1729090967.359279915] [ccr_centralized_planner]: Sent plan [51, 53, 39, 55, 56, 57, 5, 1] to robotA
[ccr_centralized_planner-15] [INFO] [1729090967.460166506] [ccr_centralized_planner]: Received state 51 from robotA
[ccr_centralized_planner-15] [INFO] [1729090967.558679024] [ccr_centralized_planner]: 
[ccr_centralized_planner-15] 
[ccr_centralized_planner-15]  did not replan 
[ccr_centralized_planner-15] 
[ccr_centralized_planner-15] [INFO] [1729090967.559443695] [ccr_centralized_planner]: Sent plan [51, 53, 39, 55, 56, 57, 5, 1] to robotA
[ccr_centralized_planner-15] [INFO] [1729090967.660258823] [ccr_centralized_planner]: Received state 51 from robotA
[ccr_centralized_planner-15] [INFO] [1729090967.758993154] [ccr_centralized_planner]: 
[ccr_centralized_planner-15] 
[ccr_centralized_planner-15]  did not replan 
[ccr_centralized_planner-15] 
[ccr_centralized_planner-15] [INFO] [1729090967.759772874] [ccr_centralized_planner]: Sent plan [51, 53, 39, 55, 56, 57, 5, 1] to robotA
[ccr_centralized_planner-15] [INFO] [1729090967.862971666] [ccr_centralized_planner]: Received state 51 from robotA
[ccr_centralized_planner-15] [INFO] [1729090967.959516268] [ccr_centralized_planner]: 
[ccr_centralized_planner-15] 
[ccr_centralized_planner-15]  did not replan 
[ccr_centralized_planner-15] 
[ccr_centralized_planner-15] [INFO] [1729090967.960228010] [ccr_centralized_planner]: Sent plan [51, 53, 39, 55, 56, 57, 5, 1] to robotA
[ccr_centralized_planner-15] [INFO] [1729090968.069186845] [ccr_centralized_planner]: Received state 51 from robotA
[ccr_centralized_planner-15] [INFO] [1729090968.159928964] [ccr_centralized_planner]: 
[ccr_centralized_planner-15] 
[ccr_centralized_planner-15]  did not replan 
[ccr_centralized_planner-15] 
[ccr_centralized_planner-15] [INFO] [1729090968.160696611] [ccr_centralized_planner]: Sent plan [51, 53, 39, 55, 56, 57, 5, 1] to robotA
[ccr_centralized_planner-15] [INFO] [1729090968.271332947] [ccr_centralized_planner]: Received state 51 from robotA
[ccr_centralized_planner-15] [INFO] [1729090968.360466703] [ccr_centralized_planner]: 
[ccr_centralized_planner-15] 
[ccr_centralized_planner-15]  did not replan 
[ccr_centralized_planner-15] 
[ccr_centralized_planner-15] [INFO] [1729090968.361221176] [ccr_centralized_planner]: Sent plan [51, 53, 39, 55, 56, 57, 5, 1] to robotA
[ccr_local_planner-14] [INFO] [1729090968.463045925] [robotA.ccr_local_planner]: new state 53
[ccr_centralized_planner-15] [INFO] [1729090968.463161321] [ccr_centralized_planner]: Received state 53 from robotA
[ccr_centralized_planner-15] [INFO] [1729090968.561076318] [ccr_centralized_planner]: 
[ccr_centralized_planner-15] 
[ccr_centralized_planner-15]  did not replan 
[ccr_centralized_planner-15] 
[ccr_centralized_planner-15] [INFO] [1729090968.561811234] [ccr_centralized_planner]: Sent plan [53, 39, 55, 56, 57, 5, 1] to robotA
[ccr_local_planner-14] [INFO] [1729090968.561831993] [robotA.ccr_local_planner]: new plan: [53, 39, 55], remainder: [56, 57, 5, 1]
[ccr_centralized_planner-15] [INFO] [1729090968.664028237] [ccr_centralized_planner]: Received state 53 from robotA
[ccr_centralized_planner-15] [INFO] [1729090968.761719917] [ccr_centralized_planner]: 
[ccr_centralized_planner-15] 
[ccr_centralized_planner-15]  did not replan 
[ccr_centralized_planner-15] 
[ccr_centralized_planner-15] [INFO] [1729090968.762442360] [ccr_centralized_planner]: Sent plan [53, 39, 55, 56, 57, 5, 1] to robotA
[ccr_centralized_planner-15] [INFO] [1729090968.863985510] [ccr_centralized_planner]: Received state 53 from robotA
[ccr_centralized_planner-15] [INFO] [1729090968.961597751] [ccr_centralized_planner]: 
[ccr_centralized_planner-15] 
[ccr_centralized_planner-15]  did not replan 
[ccr_centralized_planner-15] 
[ccr_centralized_planner-15] [INFO] [1729090968.962104660] [ccr_centralized_planner]: Sent plan [53, 39, 55, 56, 57, 5, 1] to robotA
[ccr_centralized_planner-15] [INFO] [1729090969.064582792] [ccr_centralized_planner]: Received state 53 from robotA
[command_node-3] [INFO] [1729090969.262851834] [command_node]: robotA: running
[ccr_centralized_planner-15] [INFO] [1729090969.262954657] [ccr_centralized_planner]: 
[ccr_centralized_planner-15] 
[ccr_centralized_planner-15]  did not replan 
[ccr_centralized_planner-15] 
[ccr_centralized_planner-15] [INFO] [1729090969.263939080] [ccr_centralized_planner]: Sent plan [53, 39, 55, 56, 57, 5, 1] to robotA
[ccr_centralized_planner-15] [INFO] [1729090969.265006238] [ccr_centralized_planner]: Received state 53 from robotA
[ccr_centralized_planner-15] [INFO] [1729090969.462990167] [ccr_centralized_planner]: 
[ccr_centralized_planner-15] 
[ccr_centralized_planner-15]  did not replan 
[ccr_centralized_planner-15] 
[ccr_centralized_planner-15] [INFO] [1729090969.463749238] [ccr_centralized_planner]: Sent plan [53, 39, 55, 56, 57, 5, 1] to robotA
[ccr_centralized_planner-15] [INFO] [1729090969.464919239] [ccr_centralized_planner]: Received state 53 from robotA
[ccr_centralized_planner-15] [INFO] [1729090969.663024334] [ccr_centralized_planner]: 
[ccr_centralized_planner-15] 
[ccr_centralized_planner-15]  did not replan 
[ccr_centralized_planner-15] 
[ccr_centralized_planner-15] [INFO] [1729090969.663592738] [ccr_centralized_planner]: Sent plan [53, 39, 55, 56, 57, 5, 1] to robotA
[ccr_centralized_planner-15] [INFO] [1729090969.665631806] [ccr_centralized_planner]: Received state 53 from robotA
[ccr_centralized_planner-15] [INFO] [1729090969.863461205] [ccr_centralized_planner]: 
[ccr_centralized_planner-15] 
[ccr_centralized_planner-15]  did not replan 
[ccr_centralized_planner-15] 
[ccr_centralized_planner-15] [INFO] [1729090969.864045249] [ccr_centralized_planner]: Sent plan [53, 39, 55, 56, 57, 5, 1] to robotA
[ccr_centralized_planner-15] [INFO] [1729090969.864725152] [ccr_centralized_planner]: Received state 53 from robotA
[ccr_centralized_planner-15] [INFO] [1729090970.063640755] [ccr_centralized_planner]: 
[ccr_centralized_planner-15] 
[ccr_centralized_planner-15]  did not replan 
[ccr_centralized_planner-15] 
[ccr_centralized_planner-15] [INFO] [1729090970.064329164] [ccr_centralized_planner]: Sent plan [53, 39, 55, 56, 57, 5, 1] to robotA
[ccr_centralized_planner-15] [INFO] [1729090970.068396299] [ccr_centralized_planner]: Received state 53 from robotA
[ccr_centralized_planner-15] [INFO] [1729090970.263903620] [ccr_centralized_planner]: 
[ccr_centralized_planner-15] 
[ccr_centralized_planner-15]  did not replan 
[ccr_centralized_planner-15] 
[ccr_centralized_planner-15] [INFO] [1729090970.264717323] [ccr_centralized_planner]: Sent plan [53, 39, 55, 56, 57, 5, 1] to robotA
[ccr_centralized_planner-15] [INFO] [1729090970.269952536] [ccr_centralized_planner]: Received state 53 from robotA
[ccr_centralized_planner-15] [INFO] [1729090970.464097056] [ccr_centralized_planner]: 
[ccr_centralized_planner-15] 
[ccr_centralized_planner-15]  did not replan 
[ccr_centralized_planner-15] 
[ccr_centralized_planner-15] [INFO] [1729090970.464855305] [ccr_centralized_planner]: Sent plan [53, 39, 55, 56, 57, 5, 1] to robotA
[ccr_centralized_planner-15] [INFO] [1729090970.471000982] [ccr_centralized_planner]: Received state 53 from robotA
[ccr_centralized_planner-15] [INFO] [1729090970.664597577] [ccr_centralized_planner]: 
[ccr_centralized_planner-15] 
[ccr_centralized_planner-15]  did not replan 
[ccr_centralized_planner-15] 
[ccr_centralized_planner-15] [INFO] [1729090970.665535543] [ccr_centralized_planner]: Sent plan [53, 39, 55, 56, 57, 5, 1] to robotA
[ccr_centralized_planner-15] [INFO] [1729090970.667084322] [ccr_centralized_planner]: Received state 53 from robotA
[ccr_centralized_planner-15] [INFO] [1729090970.865155093] [ccr_centralized_planner]: 
[ccr_centralized_planner-15] 
[ccr_centralized_planner-15]  did not replan 
[ccr_centralized_planner-15] 
[ccr_centralized_planner-15] [INFO] [1729090970.866004013] [ccr_centralized_planner]: Sent plan [53, 39, 55, 56, 57, 5, 1] to robotA
[ccr_centralized_planner-15] [INFO] [1729090970.867027719] [ccr_centralized_planner]: Received state 53 from robotA
[ccr_centralized_planner-15] [INFO] [1729090971.065282395] [ccr_centralized_planner]: 
[ccr_centralized_planner-15] 
[ccr_centralized_planner-15]  did not replan 
[ccr_centralized_planner-15] 
[ccr_centralized_planner-15] [INFO] [1729090971.065998466] [ccr_centralized_planner]: Sent plan [53, 39, 55, 56, 57, 5, 1] to robotA
[ccr_centralized_planner-15] [INFO] [1729090971.067435106] [ccr_centralized_planner]: Received state 53 from robotA
[ccr_centralized_planner-15] [INFO] [1729090971.265656319] [ccr_centralized_planner]: 
[ccr_centralized_planner-15] 
[ccr_centralized_planner-15]  did not replan 
[ccr_centralized_planner-15] 
[command_node-3] [INFO] [1729090971.265774560] [command_node]: robotA: running
[ccr_centralized_planner-15] [INFO] [1729090971.266420209] [ccr_centralized_planner]: Sent plan [53, 39, 55, 56, 57, 5, 1] to robotA
[ccr_local_planner-14] [INFO] [1729090971.368890155] [robotA.ccr_local_planner]: new state 39
[ccr_centralized_planner-15] [INFO] [1729090971.368950829] [ccr_centralized_planner]: Received state 39 from robotA
[ccr_centralized_planner-15] [INFO] [1729090971.466250234] [ccr_centralized_planner]: 
[ccr_centralized_planner-15] 
[ccr_centralized_planner-15]  did not replan 
[ccr_centralized_planner-15] 
[ccr_centralized_planner-15] [INFO] [1729090971.466965302] [ccr_centralized_planner]: Sent plan [39, 55, 56, 57, 5, 1] to robotA
[ccr_local_planner-14] [INFO] [1729090971.467078084] [robotA.ccr_local_planner]: new plan: [39, 55, 56], remainder: [57, 5, 1]
[ccr_centralized_planner-15] [INFO] [1729090971.572642244] [ccr_centralized_planner]: Received state 39 from robotA
[ccr_centralized_planner-15] [INFO] [1729090971.666664393] [ccr_centralized_planner]: 
[ccr_centralized_planner-15] 
[ccr_centralized_planner-15]  did not replan 
[ccr_centralized_planner-15] 
[ccr_centralized_planner-15] [INFO] [1729090971.667385052] [ccr_centralized_planner]: Sent plan [39, 55, 56, 57, 5, 1] to robotA
[ccr_centralized_planner-15] [INFO] [1729090971.769349251] [ccr_centralized_planner]: Received state 39 from robotA
[ccr_centralized_planner-15] [INFO] [1729090971.867166186] [ccr_centralized_planner]: 
[ccr_centralized_planner-15] 
[ccr_centralized_planner-15]  did not replan 
[ccr_centralized_planner-15] 
[ccr_centralized_planner-15] [INFO] [1729090971.868093362] [ccr_centralized_planner]: Sent plan [39, 55, 56, 57, 5, 1] to robotA
[ccr_centralized_planner-15] [INFO] [1729090971.969832930] [ccr_centralized_planner]: Received state 39 from robotA
[ccr_centralized_planner-15] [INFO] [1729090972.067263751] [ccr_centralized_planner]: 
[ccr_centralized_planner-15] 
[ccr_centralized_planner-15]  did not replan 
[ccr_centralized_planner-15] 
[ccr_centralized_planner-15] [INFO] [1729090972.067994860] [ccr_centralized_planner]: Sent plan [39, 55, 56, 57, 5, 1] to robotA
[ccr_local_planner-14] [INFO] [1729090972.169449436] [robotA.ccr_local_planner]: new state 55
[ccr_centralized_planner-15] [INFO] [1729090972.169544253] [ccr_centralized_planner]: Received state 55 from robotA
[ccr_centralized_planner-15] [INFO] [1729090972.267587551] [ccr_centralized_planner]: 
[ccr_centralized_planner-15] 
[ccr_centralized_planner-15]  did not replan 
[ccr_centralized_planner-15] 
[ccr_centralized_planner-15] [INFO] [1729090972.268401335] [ccr_centralized_planner]: Sent plan [55, 56, 57, 5, 1] to robotA
[ccr_local_planner-14] [INFO] [1729090972.268662243] [robotA.ccr_local_planner]: new plan: [55, 56, 57], remainder: [5, 1]
[ccr_centralized_planner-15] [INFO] [1729090972.370784168] [ccr_centralized_planner]: Received state 55 from robotA
[ccr_centralized_planner-15] [INFO] [1729090972.468219057] [ccr_centralized_planner]: 
[ccr_centralized_planner-15] 
[ccr_centralized_planner-15]  did not replan 
[ccr_centralized_planner-15] 
[ccr_centralized_planner-15] [INFO] [1729090972.469044653] [ccr_centralized_planner]: Sent plan [55, 56, 57, 5, 1] to robotA
[ccr_centralized_planner-15] [INFO] [1729090972.570466727] [ccr_centralized_planner]: Received state 55 from robotA
[ccr_centralized_planner-15] [INFO] [1729090972.668412522] [ccr_centralized_planner]: 
[ccr_centralized_planner-15] 
[ccr_centralized_planner-15]  did not replan 
[ccr_centralized_planner-15] 
[ccr_centralized_planner-15] [INFO] [1729090972.669152478] [ccr_centralized_planner]: Sent plan [55, 56, 57, 5, 1] to robotA
[ccr_centralized_planner-15] [INFO] [1729090972.771373027] [ccr_centralized_planner]: Received state 55 from robotA
[ccr_centralized_planner-15] [INFO] [1729090972.870026337] [ccr_centralized_planner]: 
[ccr_centralized_planner-15] 
[ccr_centralized_planner-15]  did not replan 
[ccr_centralized_planner-15] 
[ccr_centralized_planner-15] [INFO] [1729090972.870796129] [ccr_centralized_planner]: Sent plan [55, 56, 57, 5, 1] to robotA
[ccr_centralized_planner-15] [INFO] [1729090972.972712849] [ccr_centralized_planner]: Received state 55 from robotA
[ccr_centralized_planner-15] [INFO] [1729090973.070209464] [ccr_centralized_planner]: 
[ccr_centralized_planner-15] 
[ccr_centralized_planner-15]  did not replan 
[ccr_centralized_planner-15] 
[ccr_centralized_planner-15] [INFO] [1729090973.071027195] [ccr_centralized_planner]: Sent plan [55, 56, 57, 5, 1] to robotA
[ccr_centralized_planner-15] [INFO] [1729090973.172724775] [ccr_centralized_planner]: Received state 55 from robotA
[ccr_centralized_planner-15] [INFO] [1729090973.270199889] [ccr_centralized_planner]: 
[ccr_centralized_planner-15] 
[ccr_centralized_planner-15]  did not replan 
[ccr_centralized_planner-15] 
[command_node-3] [INFO] [1729090973.270245725] [command_node]: robotA: running
[ccr_centralized_planner-15] [INFO] [1729090973.271093121] [ccr_centralized_planner]: Sent plan [55, 56, 57, 5, 1] to robotA
[ccr_centralized_planner-15] [INFO] [1729090973.372694562] [ccr_centralized_planner]: Received state 55 from robotA
[ccr_centralized_planner-15] [INFO] [1729090973.470643152] [ccr_centralized_planner]: 
[ccr_centralized_planner-15] 
[ccr_centralized_planner-15]  did not replan 
[ccr_centralized_planner-15] 
[ccr_centralized_planner-15] [INFO] [1729090973.471544610] [ccr_centralized_planner]: Sent plan [55, 56, 57, 5, 1] to robotA
[ccr_centralized_planner-15] [INFO] [1729090973.573900773] [ccr_centralized_planner]: Received state 55 from robotA
[ccr_centralized_planner-15] [INFO] [1729090973.671280459] [ccr_centralized_planner]: 
[ccr_centralized_planner-15] 
[ccr_centralized_planner-15]  did not replan 
[ccr_centralized_planner-15] 
[ccr_centralized_planner-15] [INFO] [1729090973.671963318] [ccr_centralized_planner]: Sent plan [55, 56, 57, 5, 1] to robotA
[ccr_centralized_planner-15] [INFO] [1729090973.775027576] [ccr_centralized_planner]: Received state 55 from robotA
[ccr_centralized_planner-15] [INFO] [1729090973.871906214] [ccr_centralized_planner]: 
[ccr_centralized_planner-15] 
[ccr_centralized_planner-15]  did not replan 
[ccr_centralized_planner-15] 
[ccr_centralized_planner-15] [INFO] [1729090973.872615071] [ccr_centralized_planner]: Sent plan [55, 56, 57, 5, 1] to robotA
[ccr_centralized_planner-15] [INFO] [1729090973.978081428] [ccr_centralized_planner]: Received state 55 from robotA
[ccr_centralized_planner-15] [INFO] [1729090974.072101443] [ccr_centralized_planner]: 
[ccr_centralized_planner-15] 
[ccr_centralized_planner-15]  did not replan 
[ccr_centralized_planner-15] 
[ccr_centralized_planner-15] [INFO] [1729090974.072892824] [ccr_centralized_planner]: Sent plan [55, 56, 57, 5, 1] to robotA
[ccr_centralized_planner-15] [INFO] [1729090974.174420566] [ccr_centralized_planner]: Received state 55 from robotA
[ccr_centralized_planner-15] [INFO] [1729090974.272362094] [ccr_centralized_planner]: 
[ccr_centralized_planner-15] 
[ccr_centralized_planner-15]  did not replan 
[ccr_centralized_planner-15] 
[ccr_centralized_planner-15] [INFO] [1729090974.273386442] [ccr_centralized_planner]: Sent plan [55, 56, 57, 5, 1] to robotA
[ccr_centralized_planner-15] [INFO] [1729090974.374871234] [ccr_centralized_planner]: Received state 55 from robotA
[ccr_centralized_planner-15] [INFO] [1729090974.472707764] [ccr_centralized_planner]: 
[ccr_centralized_planner-15] 
[ccr_centralized_planner-15]  did not replan 
[ccr_centralized_planner-15] 
[ccr_centralized_planner-15] [INFO] [1729090974.473594094] [ccr_centralized_planner]: Sent plan [55, 56, 57, 5, 1] to robotA
[ccr_centralized_planner-15] [INFO] [1729090974.574916601] [ccr_centralized_planner]: Received state 55 from robotA
[ccr_centralized_planner-15] [INFO] [1729090974.672851467] [ccr_centralized_planner]: 
[ccr_centralized_planner-15] 
[ccr_centralized_planner-15]  did not replan 
[ccr_centralized_planner-15] 
[ccr_centralized_planner-15] [INFO] [1729090974.673546749] [ccr_centralized_planner]: Sent plan [55, 56, 57, 5, 1] to robotA
[ccr_local_planner-14] [INFO] [1729090974.776136639] [robotA.ccr_local_planner]: new state 56
[ccr_centralized_planner-15] [INFO] [1729090974.776147450] [ccr_centralized_planner]: Received state 56 from robotA
[ccr_centralized_planner-15] [INFO] [1729090974.873250938] [ccr_centralized_planner]: 
[ccr_centralized_planner-15] 
[ccr_centralized_planner-15]  did not replan 
[ccr_centralized_planner-15] 
[ccr_centralized_planner-15] [INFO] [1729090974.873973280] [ccr_centralized_planner]: Sent plan [56, 57, 5, 1] to robotA
[ccr_local_planner-14] [INFO] [1729090974.874147306] [robotA.ccr_local_planner]: new plan: [56, 57, 5], remainder: [1]
[ccr_centralized_planner-15] [INFO] [1729090974.975468752] [ccr_centralized_planner]: Received state 56 from robotA
[ccr_centralized_planner-15] [INFO] [1729090975.173783841] [ccr_centralized_planner]: 
[ccr_centralized_planner-15] 
[ccr_centralized_planner-15]  did not replan 
[ccr_centralized_planner-15] 
[ccr_centralized_planner-15] [INFO] [1729090975.174633081] [ccr_centralized_planner]: Sent plan [56, 57, 5, 1] to robotA
[ccr_centralized_planner-15] [INFO] [1729090975.176566000] [ccr_centralized_planner]: Received state 56 from robotA
[ccr_centralized_planner-15] [INFO] [1729090975.374203320] [ccr_centralized_planner]: 
[ccr_centralized_planner-15] 
[ccr_centralized_planner-15]  did not replan 
[ccr_centralized_planner-15] 
[command_node-3] [INFO] [1729090975.374695802] [command_node]: robotA: running
[ccr_centralized_planner-15] [INFO] [1729090975.375116680] [ccr_centralized_planner]: Sent plan [56, 57, 5, 1] to robotA
[ccr_centralized_planner-15] [INFO] [1729090975.376660821] [ccr_centralized_planner]: Received state 56 from robotA
[ccr_centralized_planner-15] [INFO] [1729090975.574317848] [ccr_centralized_planner]: 
[ccr_centralized_planner-15] 
[ccr_centralized_planner-15]  did not replan 
[ccr_centralized_planner-15] 
[ccr_centralized_planner-15] [INFO] [1729090975.575016075] [ccr_centralized_planner]: Sent plan [56, 57, 5, 1] to robotA
[ccr_centralized_planner-15] [INFO] [1729090975.576257740] [ccr_centralized_planner]: Received state 56 from robotA
[ccr_centralized_planner-15] [INFO] [1729090975.775007041] [ccr_centralized_planner]: 
[ccr_centralized_planner-15] 
[ccr_centralized_planner-15]  did not replan 
[ccr_centralized_planner-15] 
[ccr_centralized_planner-15] [INFO] [1729090975.775789706] [ccr_centralized_planner]: Sent plan [56, 57, 5, 1] to robotA
[ccr_centralized_planner-15] [INFO] [1729090975.777377198] [ccr_centralized_planner]: Received state 56 from robotA
[ccr_centralized_planner-15] [INFO] [1729090975.975737973] [ccr_centralized_planner]: 
[ccr_centralized_planner-15] 
[ccr_centralized_planner-15]  did not replan 
[ccr_centralized_planner-15] 
[ccr_centralized_planner-15] [INFO] [1729090975.976701507] [ccr_centralized_planner]: Sent plan [56, 57, 5, 1] to robotA
[ccr_centralized_planner-15] [INFO] [1729090975.977705236] [ccr_centralized_planner]: Received state 56 from robotA
[ccr_centralized_planner-15] [INFO] [1729090976.176106577] [ccr_centralized_planner]: 
[ccr_centralized_planner-15] 
[ccr_centralized_planner-15]  did not replan 
[ccr_centralized_planner-15] 
[ccr_centralized_planner-15] [INFO] [1729090976.176870577] [ccr_centralized_planner]: Sent plan [56, 57, 5, 1] to robotA
[ccr_centralized_planner-15] [INFO] [1729090976.179113477] [ccr_centralized_planner]: Received state 56 from robotA
[ccr_centralized_planner-15] [INFO] [1729090976.376445905] [ccr_centralized_planner]: 
[ccr_centralized_planner-15] 
[ccr_centralized_planner-15]  did not replan 
[ccr_centralized_planner-15] 
[ccr_centralized_planner-15] [INFO] [1729090976.377167736] [ccr_centralized_planner]: Sent plan [56, 57, 5, 1] to robotA
[ccr_centralized_planner-15] [INFO] [1729090976.382392779] [ccr_centralized_planner]: Received state 56 from robotA
[ccr_centralized_planner-15] [INFO] [1729090976.577166337] [ccr_centralized_planner]: 
[ccr_centralized_planner-15] 
[ccr_centralized_planner-15]  did not replan 
[ccr_centralized_planner-15] 
[ccr_centralized_planner-15] [INFO] [1729090976.577970543] [ccr_centralized_planner]: Sent plan [56, 57, 5, 1] to robotA
[ccr_centralized_planner-15] [INFO] [1729090976.585020112] [ccr_centralized_planner]: Received state 56 from robotA
[ccr_centralized_planner-15] [INFO] [1729090976.777702645] [ccr_centralized_planner]: 
[ccr_centralized_planner-15] 
[ccr_centralized_planner-15]  did not replan 
[ccr_centralized_planner-15] 
[ccr_centralized_planner-15] [INFO] [1729090976.778386155] [ccr_centralized_planner]: Sent plan [56, 57, 5, 1] to robotA
[ccr_centralized_planner-15] [INFO] [1729090976.780211122] [ccr_centralized_planner]: Received state 56 from robotA
[ccr_centralized_planner-15] [INFO] [1729090976.977804348] [ccr_centralized_planner]: 
[ccr_centralized_planner-15] 
[ccr_centralized_planner-15]  did not replan 
[ccr_centralized_planner-15] 
[ccr_centralized_planner-15] [INFO] [1729090976.978534856] [ccr_centralized_planner]: Sent plan [56, 57, 5, 1] to robotA
[ccr_centralized_planner-15] [INFO] [1729090976.980048650] [ccr_centralized_planner]: Received state 56 from robotA
[ccr_centralized_planner-15] [INFO] [1729090977.178150700] [ccr_centralized_planner]: 
[ccr_centralized_planner-15] 
[ccr_centralized_planner-15]  did not replan 
[ccr_centralized_planner-15] 
[ccr_centralized_planner-15] [INFO] [1729090977.178867372] [ccr_centralized_planner]: Sent plan [56, 57, 5, 1] to robotA
[ccr_centralized_planner-15] [INFO] [1729090977.180294344] [ccr_centralized_planner]: Received state 56 from robotA
[ccr_centralized_planner-15] [INFO] [1729090977.378483137] [ccr_centralized_planner]: 
[ccr_centralized_planner-15] 
[ccr_centralized_planner-15]  did not replan 
[ccr_centralized_planner-15] 
[command_node-3] [INFO] [1729090977.378514826] [command_node]: robotA: running
[ccr_centralized_planner-15] [INFO] [1729090977.379494470] [ccr_centralized_planner]: Sent plan [56, 57, 5, 1] to robotA
[ccr_centralized_planner-15] [INFO] [1729090977.381030256] [ccr_centralized_planner]: Received state 56 from robotA
[ccr_centralized_planner-15] [INFO] [1729090977.578771058] [ccr_centralized_planner]: 
[ccr_centralized_planner-15] 
[ccr_centralized_planner-15]  did not replan 
[ccr_centralized_planner-15] 
[ccr_centralized_planner-15] [INFO] [1729090977.579777473] [ccr_centralized_planner]: Sent plan [56, 57, 5, 1] to robotA
[ccr_local_planner-14] [INFO] [1729090977.687619708] [robotA.ccr_local_planner]: new state 57
[ccr_centralized_planner-15] [INFO] [1729090977.687928857] [ccr_centralized_planner]: Received state 57 from robotA
[ccr_centralized_planner-15] [INFO] [1729090977.778874666] [ccr_centralized_planner]: 
[ccr_centralized_planner-15] 
[ccr_centralized_planner-15]  did not replan 
[ccr_centralized_planner-15] 
[ccr_centralized_planner-15] [INFO] [1729090977.779556593] [ccr_centralized_planner]: Sent plan [57, 5, 1] to robotA
[ccr_local_planner-14] [INFO] [1729090977.779964456] [robotA.ccr_local_planner]: new plan: [57, 5, 1]
[ccr_centralized_planner-15] [INFO] [1729090977.883111761] [ccr_centralized_planner]: Received state 57 from robotA
[ccr_centralized_planner-15] [INFO] [1729090977.979188968] [ccr_centralized_planner]: 
[ccr_centralized_planner-15] 
[ccr_centralized_planner-15]  did not replan 
[ccr_centralized_planner-15] 
[ccr_centralized_planner-15] [INFO] [1729090977.979891924] [ccr_centralized_planner]: Sent plan [57, 5, 1] to robotA
[ccr_centralized_planner-15] [INFO] [1729090978.082324861] [ccr_centralized_planner]: Received state 57 from robotA
[ccr_centralized_planner-15] [INFO] [1729090978.179969132] [ccr_centralized_planner]: 
[ccr_centralized_planner-15] 
[ccr_centralized_planner-15]  did not replan 
[ccr_centralized_planner-15] 
[ccr_centralized_planner-15] [INFO] [1729090978.181057720] [ccr_centralized_planner]: Sent plan [57, 5, 1] to robotA
[ccr_centralized_planner-15] [INFO] [1729090978.282543043] [ccr_centralized_planner]: Received state 57 from robotA
[ccr_centralized_planner-15] [INFO] [1729090978.379901499] [ccr_centralized_planner]: 
[ccr_centralized_planner-15] 
[ccr_centralized_planner-15]  did not replan 
[ccr_centralized_planner-15] 
[ccr_centralized_planner-15] [INFO] [1729090978.380674205] [ccr_centralized_planner]: Sent plan [57, 5, 1] to robotA
[ccr_centralized_planner-15] [INFO] [1729090978.482200915] [ccr_centralized_planner]: Received state 57 from robotA
[ccr_centralized_planner-15] [INFO] [1729090978.580180414] [ccr_centralized_planner]: 
[ccr_centralized_planner-15] 
[ccr_centralized_planner-15]  did not replan 
[ccr_centralized_planner-15] 
[ccr_centralized_planner-15] [INFO] [1729090978.580940807] [ccr_centralized_planner]: Sent plan [57, 5, 1] to robotA
[ccr_centralized_planner-15] [INFO] [1729090978.682623139] [ccr_centralized_planner]: Received state 57 from robotA
[ccr_centralized_planner-15] [INFO] [1729090978.780743912] [ccr_centralized_planner]: 
[ccr_centralized_planner-15] 
[ccr_centralized_planner-15]  did not replan 
[ccr_centralized_planner-15] 
[ccr_centralized_planner-15] [INFO] [1729090978.781447520] [ccr_centralized_planner]: Sent plan [57, 5, 1] to robotA
[ccr_centralized_planner-15] [INFO] [1729090978.882124619] [ccr_centralized_planner]: Received state 57 from robotA
[ccr_centralized_planner-15] [INFO] [1729090978.981132263] [ccr_centralized_planner]: 
[ccr_centralized_planner-15] 
[ccr_centralized_planner-15]  did not replan 
[ccr_centralized_planner-15] 
[ccr_centralized_planner-15] [INFO] [1729090978.981809090] [ccr_centralized_planner]: Sent plan [57, 5, 1] to robotA
[ccr_centralized_planner-15] [INFO] [1729090979.082456754] [ccr_centralized_planner]: Received state 57 from robotA
[ccr_centralized_planner-15] [INFO] [1729090979.181799796] [ccr_centralized_planner]: 
[ccr_centralized_planner-15] 
[ccr_centralized_planner-15]  did not replan 
[ccr_centralized_planner-15] 
[ccr_centralized_planner-15] [INFO] [1729090979.182614992] [ccr_centralized_planner]: Sent plan [57, 5, 1] to robotA
[ccr_centralized_planner-15] [INFO] [1729090979.283493359] [ccr_centralized_planner]: Received state 57 from robotA
[command_node-3] [INFO] [1729090979.382033577] [command_node]: robotA: running
[ccr_centralized_planner-15] [INFO] [1729090979.382224364] [ccr_centralized_planner]: 
[ccr_centralized_planner-15] 
[ccr_centralized_planner-15]  did not replan 
[ccr_centralized_planner-15] 
[ccr_centralized_planner-15] [INFO] [1729090979.383260935] [ccr_centralized_planner]: Sent plan [57, 5, 1] to robotA
[ccr_centralized_planner-15] [INFO] [1729090979.486593676] [ccr_centralized_planner]: Received state 57 from robotA
[ccr_centralized_planner-15] [INFO] [1729090979.582078825] [ccr_centralized_planner]: 
[ccr_centralized_planner-15] 
[ccr_centralized_planner-15]  did not replan 
[ccr_centralized_planner-15] 
[ccr_centralized_planner-15] [INFO] [1729090979.582834410] [ccr_centralized_planner]: Sent plan [57, 5, 1] to robotA
[ccr_centralized_planner-15] [INFO] [1729090979.693961675] [ccr_centralized_planner]: Received state 57 from robotA
[ccr_centralized_planner-15] [INFO] [1729090979.782456525] [ccr_centralized_planner]: 
[ccr_centralized_planner-15] 
[ccr_centralized_planner-15]  did not replan 
[ccr_centralized_planner-15] 
[ccr_centralized_planner-15] [INFO] [1729090979.783305445] [ccr_centralized_planner]: Sent plan [57, 5, 1] to robotA
[ccr_centralized_planner-15] [INFO] [1729090979.895659868] [ccr_centralized_planner]: Received state 57 from robotA
[ccr_centralized_planner-15] [INFO] [1729090979.982638630] [ccr_centralized_planner]: 
[ccr_centralized_planner-15] 
[ccr_centralized_planner-15]  did not replan 
[ccr_centralized_planner-15] 
[ccr_centralized_planner-15] [INFO] [1729090979.983298906] [ccr_centralized_planner]: Sent plan [57, 5, 1] to robotA
[ccr_local_planner-14] [INFO] [1729090980.085935654] [robotA.ccr_local_planner]: new state 5
[ccr_centralized_planner-15] [INFO] [1729090980.086085876] [ccr_centralized_planner]: Received state 5 from robotA
[ccr_centralized_planner-15] [INFO] [1729090980.183227606] [ccr_centralized_planner]: 
[ccr_centralized_planner-15] 
[ccr_centralized_planner-15]  did not replan 
[ccr_centralized_planner-15] 
[ccr_local_planner-14] [INFO] [1729090980.184168448] [robotA.ccr_local_planner]: new plan: [5, 1]
[ccr_centralized_planner-15] [INFO] [1729090980.184404299] [ccr_centralized_planner]: Sent plan [5, 1] to robotA
[ccr_centralized_planner-15] [INFO] [1729090980.286845401] [ccr_centralized_planner]: Received state 5 from robotA
[ccr_centralized_planner-15] [INFO] [1729090980.384038758] [ccr_centralized_planner]: 
[ccr_centralized_planner-15] 
[ccr_centralized_planner-15]  did not replan 
[ccr_centralized_planner-15] 
[ccr_centralized_planner-15] [INFO] [1729090980.384763575] [ccr_centralized_planner]: Sent plan [5, 1] to robotA
[ccr_centralized_planner-15] [INFO] [1729090980.487406245] [ccr_centralized_planner]: Received state 5 from robotA
[ccr_centralized_planner-15] [INFO] [1729090980.584864057] [ccr_centralized_planner]: 
[ccr_centralized_planner-15] 
[ccr_centralized_planner-15]  did not replan 
[ccr_centralized_planner-15] 
[ccr_centralized_planner-15] [INFO] [1729090980.585665497] [ccr_centralized_planner]: Sent plan [5, 1] to robotA
[ccr_centralized_planner-15] [INFO] [1729090980.686844055] [ccr_centralized_planner]: Received state 5 from robotA
[ccr_centralized_planner-15] [INFO] [1729090980.785001978] [ccr_centralized_planner]: 
[ccr_centralized_planner-15] 
[ccr_centralized_planner-15]  did not replan 
[ccr_centralized_planner-15] 
[ccr_centralized_planner-15] [INFO] [1729090980.785780676] [ccr_centralized_planner]: Sent plan [5, 1] to robotA
[ccr_local_planner-14] [INFO] [1729090980.887229260] [robotA.ccr_local_planner]: new state 1
[ccr_centralized_planner-15] [INFO] [1729090980.887352521] [ccr_centralized_planner]: Received state 1 from robotA
[ccr_goal_provider-12] [INFO] [1729090980.887366878] [ccr_goal_provider]: [32mgoal completed:[0m robotA reached goal 1, going to goal 0 within state 9
[ccr_centralized_planner-15] [INFO] [1729090980.985634185] [ccr_centralized_planner]: Received goal 9 from robotA
[ccr_centralized_planner-15] [INFO] [1729090981.085752439] [ccr_centralized_planner]: 
[ccr_centralized_planner-15] 
[ccr_centralized_planner-15]  replaned due to new goal
[ccr_centralized_planner-15] 
[ccr_centralized_planner-15] [INFO] [1729090981.109429089] [ccr_centralized_planner]: Sent plan [1, 44, 45, 56, 55, 39, 53, 51, 32, 35, 10, 9] to robotA
[ccr_centralized_planner-15] [INFO] [1729090981.109930377] [ccr_centralized_planner]: Received state 1 from robotA
[ccr_local_planner-14] [INFO] [1729090981.118866969] [robotA.ccr_local_planner]: new plan: [1, 44, 45], remainder: [56, 55, 39, 53, 51, 32, 35, 10, 9]
[ccr_centralized_planner-15] [INFO] [1729090981.286340402] [ccr_centralized_planner]: 
[ccr_centralized_planner-15] 
[ccr_centralized_planner-15]  did not replan 
[ccr_centralized_planner-15] 
[ccr_centralized_planner-15] [INFO] [1729090981.287044280] [ccr_centralized_planner]: Sent plan [1, 44, 45, 56, 55, 39, 53, 51, 32, 35, 10, 9] to robotA
[ccr_centralized_planner-15] [INFO] [1729090981.288684992] [ccr_centralized_planner]: Received state 1 from robotA
[ccr_centralized_planner-15] [INFO] [1729090981.486992397] [ccr_centralized_planner]: 
[ccr_centralized_planner-15] 
[ccr_centralized_planner-15]  did not replan 
[ccr_centralized_planner-15] 
[command_node-3] [INFO] [1729090981.487592761] [command_node]: robotA: running
[ccr_centralized_planner-15] [INFO] [1729090981.487697737] [ccr_centralized_planner]: Sent plan [1, 44, 45, 56, 55, 39, 53, 51, 32, 35, 10, 9] to robotA
[ccr_centralized_planner-15] [INFO] [1729090981.491618268] [ccr_centralized_planner]: Received state 1 from robotA
[ccr_centralized_planner-15] [INFO] [1729090981.687517053] [ccr_centralized_planner]: 
[ccr_centralized_planner-15] 
[ccr_centralized_planner-15]  did not replan 
[ccr_centralized_planner-15] 
[ccr_centralized_planner-15] [INFO] [1729090981.688183190] [ccr_centralized_planner]: Sent plan [1, 44, 45, 56, 55, 39, 53, 51, 32, 35, 10, 9] to robotA
[ccr_centralized_planner-15] [INFO] [1729090981.692709384] [ccr_centralized_planner]: Received state 1 from robotA
[ccr_centralized_planner-15] [INFO] [1729090981.888270726] [ccr_centralized_planner]: 
[ccr_centralized_planner-15] 
[ccr_centralized_planner-15]  did not replan 
[ccr_centralized_planner-15] 
[ccr_centralized_planner-15] [INFO] [1729090981.889098286] [ccr_centralized_planner]: Sent plan [1, 44, 45, 56, 55, 39, 53, 51, 32, 35, 10, 9] to robotA
[ccr_centralized_planner-15] [INFO] [1729090981.895787811] [ccr_centralized_planner]: Received state 1 from robotA
[ccr_centralized_planner-15] [INFO] [1729090982.088727736] [ccr_centralized_planner]: 
[ccr_centralized_planner-15] 
[ccr_centralized_planner-15]  did not replan 
[ccr_centralized_planner-15] 
[ccr_centralized_planner-15] [INFO] [1729090982.089530328] [ccr_centralized_planner]: Sent plan [1, 44, 45, 56, 55, 39, 53, 51, 32, 35, 10, 9] to robotA
[ccr_centralized_planner-15] [INFO] [1729090982.101184158] [ccr_centralized_planner]: Received state 1 from robotA
[ccr_centralized_planner-15] [INFO] [1729090982.288626760] [ccr_centralized_planner]: 
[ccr_centralized_planner-15] 
[ccr_centralized_planner-15]  did not replan 
[ccr_centralized_planner-15] 
[ccr_centralized_planner-15] [INFO] [1729090982.289347199] [ccr_centralized_planner]: Sent plan [1, 44, 45, 56, 55, 39, 53, 51, 32, 35, 10, 9] to robotA
[ccr_centralized_planner-15] [INFO] [1729090982.303035097] [ccr_centralized_planner]: Received state 1 from robotA
[ccr_centralized_planner-15] [INFO] [1729090982.488936122] [ccr_centralized_planner]: 
[ccr_centralized_planner-15] 
[ccr_centralized_planner-15]  did not replan 
[ccr_centralized_planner-15] 
[ccr_centralized_planner-15] [INFO] [1729090982.489701475] [ccr_centralized_planner]: Sent plan [1, 44, 45, 56, 55, 39, 53, 51, 32, 35, 10, 9] to robotA
[ccr_centralized_planner-15] [INFO] [1729090982.505920392] [ccr_centralized_planner]: Received state 1 from robotA
[ccr_centralized_planner-15] [INFO] [1729090982.689684567] [ccr_centralized_planner]: 
[ccr_centralized_planner-15] 
[ccr_centralized_planner-15]  did not replan 
[ccr_centralized_planner-15] 
[ccr_centralized_planner-15] [INFO] [1729090982.690472723] [ccr_centralized_planner]: Sent plan [1, 44, 45, 56, 55, 39, 53, 51, 32, 35, 10, 9] to robotA
[ccr_centralized_planner-15] [INFO] [1729090982.710099480] [ccr_centralized_planner]: Received state 1 from robotA
[ccr_centralized_planner-15] [INFO] [1729090982.890707786] [ccr_centralized_planner]: 
[ccr_centralized_planner-15] 
[ccr_centralized_planner-15]  did not replan 
[ccr_centralized_planner-15] 
[ccr_centralized_planner-15] [INFO] [1729090982.891921168] [ccr_centralized_planner]: Sent plan [1, 44, 45, 56, 55, 39, 53, 51, 32, 35, 10, 9] to robotA
[ccr_centralized_planner-15] [INFO] [1729090982.894016802] [ccr_centralized_planner]: Received state 1 from robotA
[ccr_centralized_planner-15] [INFO] [1729090983.090817886] [ccr_centralized_planner]: 
[ccr_centralized_planner-15] 
[ccr_centralized_planner-15]  did not replan 
[ccr_centralized_planner-15] 
[ccr_centralized_planner-15] [INFO] [1729090983.091529167] [ccr_centralized_planner]: Sent plan [1, 44, 45, 56, 55, 39, 53, 51, 32, 35, 10, 9] to robotA
[ccr_centralized_planner-15] [INFO] [1729090983.092582760] [ccr_centralized_planner]: Received state 1 from robotA
[ccr_centralized_planner-15] [INFO] [1729090983.291013245] [ccr_centralized_planner]: 
[ccr_centralized_planner-15] 
[ccr_centralized_planner-15]  did not replan 
[ccr_centralized_planner-15] 
[ccr_centralized_planner-15] [INFO] [1729090983.291734205] [ccr_centralized_planner]: Sent plan [1, 44, 45, 56, 55, 39, 53, 51, 32, 35, 10, 9] to robotA
[ccr_centralized_planner-15] [INFO] [1729090983.294063205] [ccr_centralized_planner]: Received state 1 from robotA
[ccr_centralized_planner-15] [INFO] [1729090983.491631265] [ccr_centralized_planner]: 
[ccr_centralized_planner-15] 
[ccr_centralized_planner-15]  did not replan 
[ccr_centralized_planner-15] 
[command_node-3] [INFO] [1729090983.491717627] [command_node]: robotA: running
[ccr_centralized_planner-15] [INFO] [1729090983.492406016] [ccr_centralized_planner]: Sent plan [1, 44, 45, 56, 55, 39, 53, 51, 32, 35, 10, 9] to robotA
[ccr_local_planner-14] [INFO] [1729090983.493958162] [robotA.ccr_local_planner]: new state 44
[ccr_centralized_planner-15] [INFO] [1729090983.494080691] [ccr_centralized_planner]: Received state 44 from robotA
[ccr_centralized_planner-15] [INFO] [1729090983.692135964] [ccr_centralized_planner]: 
[ccr_centralized_planner-15] 
[ccr_centralized_planner-15]  did not replan 
[ccr_centralized_planner-15] 
[ccr_centralized_planner-15] [INFO] [1729090983.692863826] [ccr_centralized_planner]: Sent plan [44, 45, 56, 55, 39, 53, 51, 32, 35, 10, 9] to robotA
[ccr_centralized_planner-15] [INFO] [1729090983.693704200] [ccr_centralized_planner]: Received state 44 from robotA
[ccr_local_planner-14] [INFO] [1729090983.719284434] [robotA.ccr_local_planner]: new plan: [44, 45, 56], remainder: [55, 39, 53, 51, 32, 35, 10, 9]
[ccr_centralized_planner-15] [INFO] [1729090983.892425710] [ccr_centralized_planner]: 
[ccr_centralized_planner-15] 
[ccr_centralized_planner-15]  did not replan 
[ccr_centralized_planner-15] 
[ccr_centralized_planner-15] [INFO] [1729090983.893170925] [ccr_centralized_planner]: Sent plan [44, 45, 56, 55, 39, 53, 51, 32, 35, 10, 9] to robotA
[ccr_centralized_planner-15] [INFO] [1729090984.007160279] [ccr_centralized_planner]: Received state 44 from robotA
[ccr_centralized_planner-15] [INFO] [1729090984.092735522] [ccr_centralized_planner]: 
[ccr_centralized_planner-15] 
[ccr_centralized_planner-15]  did not replan 
[ccr_centralized_planner-15] 
[ccr_centralized_planner-15] [INFO] [1729090984.093503981] [ccr_centralized_planner]: Sent plan [44, 45, 56, 55, 39, 53, 51, 32, 35, 10, 9] to robotA
[ccr_centralized_planner-15] [INFO] [1729090984.195180923] [ccr_centralized_planner]: Received state 44 from robotA
[ccr_centralized_planner-15] [INFO] [1729090984.292838268] [ccr_centralized_planner]: 
[ccr_centralized_planner-15] 
[ccr_centralized_planner-15]  did not replan 
[ccr_centralized_planner-15] 
[ccr_centralized_planner-15] [INFO] [1729090984.293541245] [ccr_centralized_planner]: Sent plan [44, 45, 56, 55, 39, 53, 51, 32, 35, 10, 9] to robotA
[ccr_centralized_planner-15] [INFO] [1729090984.395170076] [ccr_centralized_planner]: Received state 44 from robotA
[ccr_centralized_planner-15] [INFO] [1729090984.493059797] [ccr_centralized_planner]: 
[ccr_centralized_planner-15] 
[ccr_centralized_planner-15]  did not replan 
[ccr_centralized_planner-15] 
[ccr_centralized_planner-15] [INFO] [1729090984.493525409] [ccr_centralized_planner]: Sent plan [44, 45, 56, 55, 39, 53, 51, 32, 35, 10, 9] to robotA
[ccr_centralized_planner-15] [INFO] [1729090984.595776855] [ccr_centralized_planner]: Received state 44 from robotA
[ccr_centralized_planner-15] [INFO] [1729090984.693845130] [ccr_centralized_planner]: 
[ccr_centralized_planner-15] 
[ccr_centralized_planner-15]  did not replan 
[ccr_centralized_planner-15] 
[ccr_centralized_planner-15] [INFO] [1729090984.694604322] [ccr_centralized_planner]: Sent plan [44, 45, 56, 55, 39, 53, 51, 32, 35, 10, 9] to robotA
[ccr_centralized_planner-15] [INFO] [1729090984.796203638] [ccr_centralized_planner]: Received state 44 from robotA
[ccr_centralized_planner-15] [INFO] [1729090984.894598374] [ccr_centralized_planner]: 
[ccr_centralized_planner-15] 
[ccr_centralized_planner-15]  did not replan 
[ccr_centralized_planner-15] 
[ccr_centralized_planner-15] [INFO] [1729090984.895460548] [ccr_centralized_planner]: Sent plan [44, 45, 56, 55, 39, 53, 51, 32, 35, 10, 9] to robotA
[ccr_centralized_planner-15] [INFO] [1729090984.997306806] [ccr_centralized_planner]: Received state 44 from robotA
[ccr_centralized_planner-15] [INFO] [1729090985.095209522] [ccr_centralized_planner]: 
[ccr_centralized_planner-15] 
[ccr_centralized_planner-15]  did not replan 
[ccr_centralized_planner-15] 
[ccr_centralized_planner-15] [INFO] [1729090985.096015110] [ccr_centralized_planner]: Sent plan [44, 45, 56, 55, 39, 53, 51, 32, 35, 10, 9] to robotA
[ccr_centralized_planner-15] [INFO] [1729090985.197405184] [ccr_centralized_planner]: Received state 44 from robotA
[ccr_centralized_planner-15] [INFO] [1729090985.295767780] [ccr_centralized_planner]: 
[ccr_centralized_planner-15] 
[ccr_centralized_planner-15]  did not replan 
[ccr_centralized_planner-15] 
[ccr_centralized_planner-15] [INFO] [1729090985.296797879] [ccr_centralized_planner]: Sent plan [44, 45, 56, 55, 39, 53, 51, 32, 35, 10, 9] to robotA
[ccr_centralized_planner-15] [INFO] [1729090985.397653272] [ccr_centralized_planner]: Received state 44 from robotA
[ccr_centralized_planner-15] [INFO] [1729090985.496838077] [ccr_centralized_planner]: 
[ccr_centralized_planner-15] 
[ccr_centralized_planner-15]  did not replan 
[ccr_centralized_planner-15] 
[command_node-3] [INFO] [1729090985.497172584] [command_node]: robotA: running
[ccr_centralized_planner-15] [INFO] [1729090985.497865291] [ccr_centralized_planner]: Sent plan [44, 45, 56, 55, 39, 53, 51, 32, 35, 10, 9] to robotA
[ccr_centralized_planner-15] [INFO] [1729090985.600037159] [ccr_centralized_planner]: Received state 44 from robotA
[ccr_centralized_planner-15] [INFO] [1729090985.696929562] [ccr_centralized_planner]: 
[ccr_centralized_planner-15] 
[ccr_centralized_planner-15]  did not replan 
[ccr_centralized_planner-15] 
[ccr_centralized_planner-15] [INFO] [1729090985.697537040] [ccr_centralized_planner]: Sent plan [44, 45, 56, 55, 39, 53, 51, 32, 35, 10, 9] to robotA
[ccr_centralized_planner-15] [INFO] [1729090985.798369069] [ccr_centralized_planner]: Received state 44 from robotA
[ccr_centralized_planner-15] [INFO] [1729090985.897512246] [ccr_centralized_planner]: 
[ccr_centralized_planner-15] 
[ccr_centralized_planner-15]  did not replan 
[ccr_centralized_planner-15] 
[ccr_centralized_planner-15] [INFO] [1729090985.898332642] [ccr_centralized_planner]: Sent plan [44, 45, 56, 55, 39, 53, 51, 32, 35, 10, 9] to robotA
[ccr_centralized_planner-15] [INFO] [1729090986.000096477] [ccr_centralized_planner]: Received state 44 from robotA
[ccr_centralized_planner-15] [INFO] [1729090986.098287792] [ccr_centralized_planner]: 
[ccr_centralized_planner-15] 
[ccr_centralized_planner-15]  did not replan 
[ccr_centralized_planner-15] 
[ccr_centralized_planner-15] [INFO] [1729090986.099105643] [ccr_centralized_planner]: Sent plan [44, 45, 56, 55, 39, 53, 51, 32, 35, 10, 9] to robotA
[ccr_centralized_planner-15] [INFO] [1729090986.201728706] [ccr_centralized_planner]: Received state 44 from robotA
[ccr_centralized_planner-15] [INFO] [1729090986.298574973] [ccr_centralized_planner]: 
[ccr_centralized_planner-15] 
[ccr_centralized_planner-15]  did not replan 
[ccr_centralized_planner-15] 
[ccr_centralized_planner-15] [INFO] [1729090986.299301634] [ccr_centralized_planner]: Sent plan [44, 45, 56, 55, 39, 53, 51, 32, 35, 10, 9] to robotA
[ccr_local_planner-14] [INFO] [1729090986.404490901] [robotA.ccr_local_planner]: new state 45
[ccr_centralized_planner-15] [INFO] [1729090986.404843802] [ccr_centralized_planner]: Received state 45 from robotA
[ccr_centralized_planner-15] [INFO] [1729090986.498909262] [ccr_centralized_planner]: 
[ccr_centralized_planner-15] 
[ccr_centralized_planner-15]  did not replan 
[ccr_centralized_planner-15] 
[ccr_local_planner-14] [INFO] [1729090986.499828854] [robotA.ccr_local_planner]: new plan: [45, 56, 55], remainder: [39, 53, 51, 32, 35, 10, 9]
[ccr_centralized_planner-15] [INFO] [1729090986.499866404] [ccr_centralized_planner]: Sent plan [45, 56, 55, 39, 53, 51, 32, 35, 10, 9] to robotA
[ccr_centralized_planner-15] [INFO] [1729090986.608539926] [ccr_centralized_planner]: Received state 45 from robotA
[ccr_centralized_planner-15] [INFO] [1729090986.699477149] [ccr_centralized_planner]: 
[ccr_centralized_planner-15] 
[ccr_centralized_planner-15]  did not replan 
[ccr_centralized_planner-15] 
[ccr_centralized_planner-15] [INFO] [1729090986.700487330] [ccr_centralized_planner]: Sent plan [45, 56, 55, 39, 53, 51, 32, 35, 10, 9] to robotA
[ccr_centralized_planner-15] [INFO] [1729090986.802430400] [ccr_centralized_planner]: Received state 45 from robotA
[ccr_centralized_planner-15] [INFO] [1729090986.899752558] [ccr_centralized_planner]: 
[ccr_centralized_planner-15] 
[ccr_centralized_planner-15]  did not replan 
[ccr_centralized_planner-15] 
[ccr_centralized_planner-15] [INFO] [1729090986.900640000] [ccr_centralized_planner]: Sent plan [45, 56, 55, 39, 53, 51, 32, 35, 10, 9] to robotA
[ccr_centralized_planner-15] [INFO] [1729090987.002992726] [ccr_centralized_planner]: Received state 45 from robotA
[ccr_centralized_planner-15] [INFO] [1729090987.100492687] [ccr_centralized_planner]: 
[ccr_centralized_planner-15] 
[ccr_centralized_planner-15]  did not replan 
[ccr_centralized_planner-15] 
[ccr_centralized_planner-15] [INFO] [1729090987.101462703] [ccr_centralized_planner]: Sent plan [45, 56, 55, 39, 53, 51, 32, 35, 10, 9] to robotA
[ccr_centralized_planner-15] [INFO] [1729090987.204665652] [ccr_centralized_planner]: Received state 45 from robotA
[ccr_centralized_planner-15] [INFO] [1729090987.300737188] [ccr_centralized_planner]: 
[ccr_centralized_planner-15] 
[ccr_centralized_planner-15]  did not replan 
[ccr_centralized_planner-15] 
[ccr_centralized_planner-15] [INFO] [1729090987.301906006] [ccr_centralized_planner]: Sent plan [45, 56, 55, 39, 53, 51, 32, 35, 10, 9] to robotA
[ccr_local_planner-14] [INFO] [1729090987.403037997] [robotA.ccr_local_planner]: new state 56
[ccr_centralized_planner-15] [INFO] [1729090987.403086859] [ccr_centralized_planner]: Received state 56 from robotA
[command_node-3] [INFO] [1729090987.501016725] [command_node]: robotA: running
[ccr_centralized_planner-15] [INFO] [1729090987.501197894] [ccr_centralized_planner]: 
[ccr_centralized_planner-15] 
[ccr_centralized_planner-15]  did not replan 
[ccr_centralized_planner-15] 
[ccr_local_planner-14] [INFO] [1729090987.502366242] [robotA.ccr_local_planner]: new plan: [56, 55, 39], remainder: [53, 51, 32, 35, 10, 9]
[ccr_centralized_planner-15] [INFO] [1729090987.502385788] [ccr_centralized_planner]: Sent plan [56, 55, 39, 53, 51, 32, 35, 10, 9] to robotA
[ccr_centralized_planner-15] [INFO] [1729090987.603921024] [ccr_centralized_planner]: Received state 56 from robotA
[ccr_centralized_planner-15] [INFO] [1729090987.801449770] [ccr_centralized_planner]: 
[ccr_centralized_planner-15] 
[ccr_centralized_planner-15]  did not replan 
[ccr_centralized_planner-15] 
[ccr_centralized_planner-15] [INFO] [1729090987.802495138] [ccr_centralized_planner]: Sent plan [56, 55, 39, 53, 51, 32, 35, 10, 9] to robotA
[ccr_centralized_planner-15] [INFO] [1729090987.804652457] [ccr_centralized_planner]: Received state 56 from robotA
[ccr_centralized_planner-15] [INFO] [1729090988.001978564] [ccr_centralized_planner]: 
[ccr_centralized_planner-15] 
[ccr_centralized_planner-15]  did not replan 
[ccr_centralized_planner-15] 
[ccr_centralized_planner-15] [INFO] [1729090988.003181446] [ccr_centralized_planner]: Sent plan [56, 55, 39, 53, 51, 32, 35, 10, 9] to robotA
[ccr_centralized_planner-15] [INFO] [1729090988.004751656] [ccr_centralized_planner]: Received state 56 from robotA
[ccr_centralized_planner-15] [INFO] [1729090988.202393394] [ccr_centralized_planner]: 
[ccr_centralized_planner-15] 
[ccr_centralized_planner-15]  did not replan 
[ccr_centralized_planner-15] 
[ccr_centralized_planner-15] [INFO] [1729090988.203581258] [ccr_centralized_planner]: Sent plan [56, 55, 39, 53, 51, 32, 35, 10, 9] to robotA
[ccr_centralized_planner-15] [INFO] [1729090988.204819917] [ccr_centralized_planner]: Received state 56 from robotA
[ccr_centralized_planner-15] [INFO] [1729090988.402723916] [ccr_centralized_planner]: 
[ccr_centralized_planner-15] 
[ccr_centralized_planner-15]  did not replan 
[ccr_centralized_planner-15] 
[ccr_centralized_planner-15] [INFO] [1729090988.403499758] [ccr_centralized_planner]: Sent plan [56, 55, 39, 53, 51, 32, 35, 10, 9] to robotA
[ccr_centralized_planner-15] [INFO] [1729090988.404431563] [ccr_centralized_planner]: Received state 56 from robotA
[ccr_centralized_planner-15] [INFO] [1729090988.602993574] [ccr_centralized_planner]: 
[ccr_centralized_planner-15] 
[ccr_centralized_planner-15]  did not replan 
[ccr_centralized_planner-15] 
[ccr_centralized_planner-15] [INFO] [1729090988.603755921] [ccr_centralized_planner]: Sent plan [56, 55, 39, 53, 51, 32, 35, 10, 9] to robotA
[ccr_centralized_planner-15] [INFO] [1729090988.604658191] [ccr_centralized_planner]: Received state 56 from robotA
[ccr_centralized_planner-15] [INFO] [1729090988.803188212] [ccr_centralized_planner]: 
[ccr_centralized_planner-15] 
[ccr_centralized_planner-15]  did not replan 
[ccr_centralized_planner-15] 
[ccr_centralized_planner-15] [INFO] [1729090988.803805648] [ccr_centralized_planner]: Sent plan [56, 55, 39, 53, 51, 32, 35, 10, 9] to robotA
[ccr_centralized_planner-15] [INFO] [1729090988.806753327] [ccr_centralized_planner]: Received state 56 from robotA
[ccr_centralized_planner-15] [INFO] [1729090989.004164423] [ccr_centralized_planner]: 
[ccr_centralized_planner-15] 
[ccr_centralized_planner-15]  did not replan 
[ccr_centralized_planner-15] 
[ccr_centralized_planner-15] [INFO] [1729090989.004922141] [ccr_centralized_planner]: Sent plan [56, 55, 39, 53, 51, 32, 35, 10, 9] to robotA
[ccr_centralized_planner-15] [INFO] [1729090989.009464707] [ccr_centralized_planner]: Received state 56 from robotA
[ccr_centralized_planner-15] [INFO] [1729090989.204738471] [ccr_centralized_planner]: 
[ccr_centralized_planner-15] 
[ccr_centralized_planner-15]  did not replan 
[ccr_centralized_planner-15] 
[ccr_centralized_planner-15] [INFO] [1729090989.205475561] [ccr_centralized_planner]: Sent plan [56, 55, 39, 53, 51, 32, 35, 10, 9] to robotA
[ccr_local_planner-14] [INFO] [1729090989.211909497] [robotA.ccr_local_planner]: new state 55
[ccr_centralized_planner-15] [INFO] [1729090989.212034301] [ccr_centralized_planner]: Received state 55 from robotA
[ccr_centralized_planner-15] [INFO] [1729090989.405418718] [ccr_centralized_planner]: 
[ccr_centralized_planner-15] 
[ccr_centralized_planner-15]  did not replan 
[ccr_centralized_planner-15] 
[ccr_centralized_planner-15] [INFO] [1729090989.406608406] [ccr_centralized_planner]: Sent plan [55, 39, 53, 51, 32, 35, 10, 9] to robotA
[ccr_centralized_planner-15] [INFO] [1729090989.407863466] [ccr_centralized_planner]: Received state 55 from robotA
[ccr_local_planner-14] [INFO] [1729090989.426108075] [robotA.ccr_local_planner]: new plan: [55, 39, 53], remainder: [51, 32, 35, 10, 9]
[command_node-3] [INFO] [1729090989.605616912] [command_node]: robotA: running
[ccr_centralized_planner-15] [INFO] [1729090989.605786901] [ccr_centralized_planner]: 
[ccr_centralized_planner-15] 
[ccr_centralized_planner-15]  did not replan 
[ccr_centralized_planner-15] 
[ccr_centralized_planner-15] [INFO] [1729090989.606540552] [ccr_centralized_planner]: Sent plan [55, 39, 53, 51, 32, 35, 10, 9] to robotA
[ccr_centralized_planner-15] [INFO] [1729090989.608361090] [ccr_centralized_planner]: Received state 55 from robotA
[ccr_centralized_planner-15] [INFO] [1729090989.805809937] [ccr_centralized_planner]: 
[ccr_centralized_planner-15] 
[ccr_centralized_planner-15]  did not replan 
[ccr_centralized_planner-15] 
[command_node-3] [INFO] [1729090989.806138613] [command_node]: run timer is due with status go
[ccr_centralized_planner-15] [INFO] [1729090989.806534564] [ccr_centralized_planner]: Sent plan [55, 39, 53, 51, 32, 35, 10, 9] to robotA
[command_node-3] [INFO] [1729090989.806960121] [command_node]: [32mstop[0m
[command_node-3] [INFO] [1729090989.807568059] [command_node]: exiting
[ccr_centralized_planner-15] [INFO] [1729090989.808379298] [ccr_centralized_planner]: Received state 55 from robotA
[ccr_local_planner-14] [INFO] [1729090989.832717146] [robotA.ccr_local_planner]: setting state to [34mstopped[0m
[ccr_centralized_planner-15] [INFO] [1729090990.006306571] [ccr_centralized_planner]: 
[ccr_centralized_planner-15] 
[ccr_centralized_planner-15]  did not replan 
[ccr_centralized_planner-15] 
[ccr_centralized_planner-15] [INFO] [1729090990.007186198] [ccr_centralized_planner]: Sent plan [55, 39, 53, 51, 32, 35, 10, 9] to robotA
[INFO] [command_node-3]: process has finished cleanly [pid 90221]
[INFO] [ccr_centralized_planner-15]: sending signal 'SIGINT' to process[ccr_centralized_planner-15]
[INFO] [ccr_local_planner-14]: sending signal 'SIGINT' to process[ccr_local_planner-14]
[INFO] [dwa-13]: sending signal 'SIGINT' to process[dwa-13]
[INFO] [ccr_goal_provider-12]: sending signal 'SIGINT' to process[ccr_goal_provider-12]
[INFO] [global_to_local_tf_pub-11]: sending signal 'SIGINT' to process[global_to_local_tf_pub-11]
[INFO] [local_tf_pub-10]: sending signal 'SIGINT' to process[local_tf_pub-10]
[INFO] [static_transform_publisher-9]: sending signal 'SIGINT' to process[static_transform_publisher-9]
[INFO] [lifecycle_manager-8]: sending signal 'SIGINT' to process[lifecycle_manager-8]
[INFO] [amcl-7]: sending signal 'SIGINT' to process[amcl-7]
[INFO] [map_server-6]: sending signal 'SIGINT' to process[map_server-6]
[INFO] [robot_state_publisher-5]: sending signal 'SIGINT' to process[robot_state_publisher-5]
[INFO] [ros2-2]: sending signal 'SIGINT' to process[ros2-2]
[INFO] [gzserver-1]: sending signal 'SIGINT' to process[gzserver-1]
[INFO] [lifecycle_manager-8]: process has finished cleanly [pid 90231]
[dwa-13] [INFO] [1729090990.041074427] [robotA.trajectory_follower]: Shutting down after user interrupt
[dwa-13] Failed to publish log message to rosout: publisher's context is invalid, at ./src/rcl/publisher.c:389
[ERROR] [ccr_local_planner-14]: process has died [pid 90243, exit code -2, cmd '/home/phlinke/ros/driving_swarm_infrastructure/install/ccr/lib/ccr/ccr_local_planner --ros-args -r __ns:=/robotA --params-file /tmp/launch_params_w_g2mq7f --params-file /tmp/launch_params__ve8et9r --params-file /tmp/launch_params_mrnfhwsd --params-file /tmp/launch_params_n_ntb3te -r /tf:=tf -r /tf_static:=tf_static'].
[global_to_local_tf_pub-11] [INFO] [1729090990.043742222] [robotA.global_to_local_tf_pub]: got keyboard interrupt, shutting down
[global_to_local_tf_pub-11] Failed to publish log message to rosout: publisher's context is invalid, at ./src/rcl/publisher.c:389
[local_tf_pub-10] [INFO] [1729090990.045008232] [robotA.local_tf_pub]: got keyboard interrupt, shutting down
[local_tf_pub-10] Failed to publish log message to rosout: publisher's context is invalid, at ./src/rcl/publisher.c:389
[static_transform_publisher-9] [INFO] [1729090990.045496687] [rclcpp]: signal_handler(signum=2)
[lifecycle_manager-8] [INFO] [1729090990.046829793] [rclcpp]: signal_handler(signum=2)
[amcl-7] [INFO] [1729090990.048020131] [rclcpp]: signal_handler(signum=2)
[map_server-6] [INFO] [1729090990.049296501] [rclcpp]: signal_handler(signum=2)
[robot_state_publisher-5] [INFO] [1729090990.050516736] [rclcpp]: signal_handler(signum=2)
[amcl-7] Warning: class_loader.ClassLoader: SEVERE WARNING!!! Attempting to unload library while objects created by this loader exist in the heap! You should delete your objects before attempting to unload the library or destroying the ClassLoader. The library will NOT be unloaded.
[amcl-7]          at line 127 in ./src/class_loader.cpp
[ros2-2] [INFO] [1729090990.052056699] [rclcpp]: signal_handler(signum=2)
[map_server-6] [INFO] [1729090990.056385344] [robotA.map_server]: Destroying
[ros2-2] [INFO] [1729090990.150131146] [rosbag2_recorder]: Event publisher thread: Exiting
[ros2-2] [INFO] [1729090990.151296849] [rosbag2_cpp]: Writing remaining messages from cache to the bag. It may take a while
[amcl-7] [INFO] [1729090990.151933300] [robotA.amcl]: Destroying
[INFO] [static_transform_publisher-9]: process has finished cleanly [pid 90233]
[INFO] [map_server-6]: process has finished cleanly [pid 90227]
[INFO] [local_tf_pub-10]: process has finished cleanly [pid 90235]
[INFO] [global_to_local_tf_pub-11]: process has finished cleanly [pid 90237]
[INFO] [amcl-7]: process has finished cleanly [pid 90229]
[INFO] [ros2-2]: process has finished cleanly [pid 90219]
[INFO] [robot_state_publisher-5]: process has finished cleanly [pid 90225]
[INFO] [dwa-13]: process has finished cleanly [pid 90241]
[INFO] [ccr_goal_provider-12]: process has finished cleanly [pid 90239]
[INFO] [gzserver-1]: process has finished cleanly [pid 90217]
[gzserver-1] [0m[1;32m[0m[1;32m[0m[1;36m[0m[1;32m[0m
[gzserver-1] [1;33m[0m[1;31m[0m
[INFO] [ccr_centralized_planner-15]: process has finished cleanly [pid 90245]
